
    ORGAN DOSE CONVERSION FACTORS FOR AN ADULT HERMAPHRODITE
    CALCULATED FOR A VARIETY OF CT SCANNERS AND CONDITIONS.
    VALUES ARE GIVEN FOR 208 5 MM SLICES SPANNING THE BODY
    FROM 100 MM BELOW THE BOTTOM OF THE TRUNK TO THE TOP OF THE HEAD.

                     ORGANS OR REGIONS
 1 ADRENALS              10 HEART                  19 THYMUS                   
 2 BRAIN                 11 KIDNEYS                20 THYROID                  
 3 BREASTS               12 LIVER                  21 URINARY BLADDER          
 4 EYE LENSES            13 LUNGS                  22 UTERUS                   
 5 GALL BLADDER          14 OVARIES                23 HEAD REGION              
 6 STOMACH               15 PANCREAS               24 TRUNK REGION             
 7 SMALL INTESTINE       16 SKIN                   25 LEG REGION               
 8 UPPER LARGE INTESTINE 17 SPLEEN                 26 SKELETON                 
 9 LOWER LARGE INTESTINE 18 TESTICLES              27 RED MARROW               

 11 GE CT PACE: SHAPED FILTER (PTFE)
    FOCUS TO AXIS DISTANCE IS 525 MM
    FAN ANGLE COVERS FULL WIDTH OF TRUNK
    X-RAY SPECTRUM HAS MAXIMUM ENERGY OF 120 KEV
    INITIAL FILTRATION IS 2.7 MM OF ALUMINIUM

    CONVERSION FACTORS AND STATISTICAL UNCERTAINTIES(%) FOR ORGANS IN EACH SLICE
  1  19
 1 1.122E-06 1.000E+02  3 3.044E-07 1.000E+02  6 7.245E-07 8.812E+01  7 1.705E-05 2.097E+01  8 1.609E-05 4.205E+01
 9 3.350E-04 7.533E+00 11 1.276E-06 5.529E+01 12 9.374E-07 5.860E+01 14 5.455E-05 7.126E+01 15 1.056E-06 8.985E+01
16 1.461E-03 1.087E+00 17 2.055E-06 1.000E+02 18 1.639E-03 7.927E+00 21 1.894E-04 2.062E+01 22 1.057E-04 2.810E+01
24 7.613E-05 1.817E+00 25 4.685E-03 3.024E-01 26 2.563E-03 6.010E-01 27 2.440E-04 1.060E+00
  2  19
 3 3.859E-08 1.000E+02  6 7.847E-07 1.000E+02  7 2.066E-05 1.582E+01  8 1.265E-05 2.327E+01  9 3.856E-04 7.363E+00
11 3.259E-06 7.630E+01 12 5.504E-07 4.284E+01 13 2.704E-09 1.000E+02 14 1.368E-04 3.413E+01 15 1.963E-07 1.000E+02
16 1.520E-03 1.024E+00 17 1.342E-06 1.000E+02 18 1.917E-03 9.080E+00 21 3.082E-04 1.340E+01 22 1.618E-04 4.397E+01
24 8.455E-05 1.947E+00 25 4.703E-03 3.680E-01 26 2.534E-03 9.155E-01 27 2.468E-04 1.072E+00
  3  16
 7 2.640E-05 1.928E+01  8 3.669E-05 2.566E+01  9 4.530E-04 6.120E+00 11 4.560E-06 6.047E+01 12 1.456E-06 4.947E+01
13 8.170E-09 6.901E+01 14 7.507E-05 3.779E+01 16 1.504E-03 1.305E+00 17 2.771E-08 1.000E+02 18 2.288E-03 6.797E+00
21 4.208E-04 1.553E+01 22 8.083E-05 2.762E+01 24 9.250E-05 2.150E+00 25 4.694E-03 3.316E-01 26 2.529E-03 6.437E-01
27 2.568E-04 1.046E+00
  4  18
 3 2.686E-07 1.000E+02  5 5.515E-07 1.000E+02  6 1.815E-06 5.358E+01  7 3.122E-05 1.533E+01  8 1.375E-05 4.457E+01
 9 5.072E-04 7.809E+00 11 8.460E-06 4.926E+01 12 7.959E-07 4.507E+01 14 1.890E-04 5.283E+01 16 1.500E-03 7.958E-01
17 7.474E-07 1.000E+02 18 2.730E-03 4.699E+00 21 3.112E-04 1.396E+01 22 1.095E-04 2.818E+01 24 1.051E-04 2.678E+00
25 4.676E-03 3.570E-01 26 2.510E-03 8.051E-01 27 2.687E-04 1.136E+00
  5  17
 3 7.947E-07 8.962E+01  7 2.933E-05 2.188E+01  8 2.812E-05 2.870E+01  9 5.514E-04 6.955E+00 11 2.260E-07 7.930E+01
12 5.114E-07 4.652E+01 13 5.213E-08 1.000E+02 14 6.244E-05 6.466E+01 15 1.693E-06 1.000E+02 16 1.478E-03 1.359E+00
18 2.899E-03 7.936E+00 21 3.543E-04 1.765E+01 22 1.304E-04 2.153E+01 24 1.179E-04 2.077E+00 25 4.676E-03 3.139E-01
26 2.525E-03 8.164E-01 27 2.791E-04 1.417E+00
  6  17
 6 5.965E-06 9.824E+01  7 4.330E-05 1.487E+01  8 2.413E-05 1.866E+01  9 6.141E-04 6.957E+00 11 1.826E-06 7.646E+01
12 9.648E-07 3.921E+01 13 1.863E-06 8.561E+01 14 2.229E-04 3.175E+01 15 2.449E-06 1.000E+02 16 1.478E-03 9.634E-01
18 2.982E-03 5.628E+00 21 5.522E-04 1.050E+01 22 1.470E-04 3.116E+01 24 1.355E-04 1.276E+00 25 4.699E-03 3.916E-01
26 2.519E-03 8.810E-01 27 2.932E-04 1.345E+00
  7  18
 3 2.369E-06 9.163E+01  6 7.810E-06 5.531E+01  7 4.555E-05 1.299E+01  8 3.262E-05 2.211E+01  9 6.290E-04 6.350E+00
11 6.868E-07 6.919E+01 12 9.020E-07 5.421E+01 13 1.576E-07 6.937E+01 14 4.553E-05 6.300E+01 16 1.493E-03 8.943E-01
17 4.915E-07 1.000E+02 18 3.448E-03 7.361E+00 21 5.359E-04 1.050E+01 22 1.237E-04 2.595E+01 24 1.479E-04 1.336E+00
25 4.681E-03 3.772E-01 26 2.474E-03 8.702E-01 27 2.991E-04 1.256E+00
  8  20
 1 2.953E-06 1.000E+02  3 1.667E-06 5.757E+01  7 5.189E-05 1.526E+01  8 2.316E-05 2.601E+01  9 7.712E-04 6.565E+00
10 1.107E-08 1.000E+02 11 1.951E-07 5.484E+01 12 2.433E-06 4.602E+01 13 2.288E-08 1.000E+02 14 1.671E-04 4.741E+01
15 6.790E-07 1.000E+02 16 1.506E-03 8.629E-01 17 7.500E-07 8.422E+01 18 3.566E-03 5.631E+00 21 6.624E-04 9.390E+00
22 2.558E-04 1.835E+01 24 1.683E-04 1.203E+00 25 4.666E-03 3.702E-01 26 2.477E-03 7.919E-01 27 3.053E-04 1.123E+00
  9  19
 3 5.133E-06 9.545E+01  6 9.415E-06 5.890E+01  7 4.970E-05 1.112E+01  8 4.593E-05 2.157E+01  9 8.560E-04 6.802E+00
10 1.017E-06 1.000E+02 11 2.234E-06 6.757E+01 12 3.961E-06 2.868E+01 14 7.219E-05 4.606E+01 15 9.728E-07 1.000E+02
16 1.510E-03 1.144E+00 17 2.513E-07 1.000E+02 18 3.816E-03 4.925E+00 21 6.413E-04 1.019E+01 22 2.766E-04 1.452E+01
24 1.894E-04 1.308E+00 25 4.659E-03 4.124E-01 26 2.478E-03 8.322E-01 27 3.217E-04 1.450E+00
 10  19
 3 3.604E-07 1.000E+02  6 3.381E-06 5.955E+01  7 5.253E-05 1.122E+01  8 3.253E-05 2.265E+01  9 1.059E-03 4.968E+00
11 6.082E-06 6.264E+01 12 1.041E-06 3.399E+01 13 1.113E-06 9.277E+01 14 1.713E-04 4.784E+01 15 9.071E-06 7.167E+01
16 1.525E-03 9.113E-01 17 3.130E-06 9.578E+01 18 4.610E-03 6.428E+00 21 6.877E-04 1.199E+01 22 2.165E-04 1.409E+01
24 2.106E-04 1.309E+00 25 4.612E-03 3.871E-01 26 2.439E-03 8.786E-01 27 3.302E-04 1.051E+00
 11  18
 3 4.810E-06 6.233E+01  6 4.883E-06 6.693E+01  7 6.466E-05 1.050E+01  8 5.982E-05 1.474E+01  9 1.099E-03 5.867E+00
11 2.648E-06 7.922E+01 12 1.681E-06 4.672E+01 13 4.684E-08 1.000E+02 14 1.033E-04 4.599E+01 16 1.976E-03 7.948E-01
17 1.844E-06 7.012E+01 18 7.701E-03 4.715E+00 21 1.019E-03 9.819E+00 22 2.575E-04 1.276E+01 24 2.365E-04 1.170E+00
25 4.557E-03 3.822E-01 26 2.354E-03 8.922E-01 27 3.334E-04 1.450E+00
 12  22
 3 1.670E-07 7.007E+01  5 7.474E-05 8.859E+01  6 3.859E-06 7.410E+01  7 6.926E-05 1.069E+01  8 7.705E-05 1.802E+01
 9 1.341E-03 4.570E+00 10 2.079E-06 9.700E+01 11 1.927E-06 5.034E+01 12 4.665E-06 3.862E+01 13 8.892E-07 8.057E+01
14 2.677E-04 3.360E+01 15 4.987E-08 1.000E+02 16 1.608E-03 1.003E+00 17 1.430E-06 8.380E+01 18 2.002E-02 3.294E+00
21 9.528E-04 9.089E+00 22 3.529E-04 1.338E+01 23 2.357E-08 1.000E+02 24 2.693E-04 8.177E-01 25 4.499E-03 3.372E-01
26 2.273E-03 8.807E-01 27 3.445E-04 1.447E+00
 13  20
 3 3.432E-06 4.862E+01  5 1.731E-07 1.000E+02  6 6.584E-06 4.979E+01  7 8.013E-05 9.733E+00  8 6.087E-05 2.239E+01
 9 1.347E-03 4.195E+00 10 3.147E-07 1.000E+02 11 4.301E-06 5.470E+01 12 1.158E-06 3.380E+01 13 6.136E-09 1.000E+02
14 2.119E-04 3.100E+01 16 1.582E-03 1.091E+00 17 8.567E-06 6.607E+01 18 3.396E-02 2.522E+00 21 1.076E-03 5.980E+00
22 3.130E-04 1.742E+01 24 2.996E-04 9.522E-01 25 4.436E-03 3.690E-01 26 2.221E-03 7.151E-01 27 3.529E-04 1.399E+00
 14  20
 3 1.634E-06 4.395E+01  6 2.545E-06 5.608E+01  7 9.531E-05 9.735E+00  8 5.877E-05 2.270E+01  9 1.543E-03 5.754E+00
10 2.724E-06 1.000E+02 11 6.054E-06 4.030E+01 12 6.174E-06 2.560E+01 13 4.888E-07 5.724E+01 14 2.693E-04 5.147E+01
15 6.435E-06 7.031E+01 16 1.559E-03 1.051E+00 17 3.927E-06 1.000E+02 18 4.109E-02 3.269E+00 21 1.308E-03 1.151E+01
22 2.806E-04 1.436E+01 24 3.433E-04 9.576E-01 25 4.402E-03 3.573E-01 26 2.225E-03 6.224E-01 27 3.771E-04 1.223E+00
 15  19
 3 1.510E-06 5.975E+01  5 2.977E-07 1.000E+02  6 6.190E-06 4.683E+01  7 1.009E-04 1.082E+01  8 6.173E-05 1.243E+01
 9 1.896E-03 4.016E+00 11 4.080E-06 3.317E+01 12 3.322E-06 2.789E+01 14 3.597E-04 3.526E+01 15 9.676E-06 1.000E+02
16 1.568E-03 1.028E+00 17 1.124E-06 9.796E+01 18 4.793E-02 2.569E+00 21 1.554E-03 7.734E+00 22 4.628E-04 1.374E+01
24 3.893E-04 7.715E-01 25 4.322E-03 3.443E-01 26 2.183E-03 9.541E-01 27 3.862E-04 9.868E-01
 16  20
 1 2.478E-05 1.000E+02  3 2.016E-06 6.059E+01  6 1.364E-05 5.536E+01  7 1.117E-04 8.920E+00  8 6.246E-05 2.106E+01
 9 2.023E-03 4.063E+00 10 1.594E-06 9.959E+01 11 6.604E-06 4.286E+01 12 2.545E-06 3.245E+01 13 1.677E-07 7.015E+01
14 1.603E-04 4.314E+01 16 1.562E-03 1.084E+00 17 1.933E-06 7.855E+01 18 4.760E-02 1.751E+00 21 1.724E-03 8.445E+00
22 5.153E-04 1.039E+01 24 4.324E-04 8.614E-01 25 4.218E-03 4.097E-01 26 2.138E-03 9.339E-01 27 4.043E-04 1.700E+00
 17  20
 3 4.219E-06 6.476E+01  5 4.441E-05 7.265E+01  6 1.138E-05 3.126E+01  7 1.181E-04 6.637E+00  8 1.272E-04 1.560E+01
 9 2.255E-03 4.052E+00 11 2.209E-06 8.370E+01 12 4.597E-06 2.870E+01 13 2.233E-06 4.888E+01 14 4.393E-04 3.320E+01
15 1.909E-06 1.000E+02 16 1.539E-03 1.034E+00 17 2.944E-06 8.418E+01 18 4.528E-02 1.584E+00 21 1.665E-03 5.997E+00
22 4.537E-04 1.682E+01 24 4.971E-04 9.945E-01 25 4.097E-03 4.487E-01 26 2.075E-03 8.888E-01 27 4.313E-04 1.329E+00
 18  20
 3 9.181E-06 3.976E+01  5 1.160E-06 1.000E+02  6 1.916E-05 4.142E+01  7 1.181E-04 7.523E+00  8 1.177E-04 1.173E+01
 9 2.386E-03 2.872E+00 11 9.766E-06 3.568E+01 12 7.360E-06 4.036E+01 13 3.756E-07 6.593E+01 14 5.652E-04 2.689E+01
15 1.278E-06 7.738E+01 16 1.523E-03 1.130E+00 17 2.064E-06 1.000E+02 18 3.902E-02 2.043E+00 21 1.855E-03 8.400E+00
22 6.423E-04 1.421E+01 24 5.698E-04 7.643E-01 25 3.936E-03 4.203E-01 26 2.010E-03 6.196E-01 27 4.500E-04 1.572E+00
 19  24
 1 3.296E-06 1.000E+02  3 3.240E-06 8.561E+01  5 4.939E-05 9.846E+01  6 1.377E-05 4.084E+01  7 1.312E-04 7.645E+00
 8 1.121E-04 1.520E+01  9 2.723E-03 4.003E+00 10 8.148E-07 1.000E+02 11 3.152E-05 2.880E+01 12 6.597E-06 2.723E+01
13 1.855E-06 4.480E+01 14 6.522E-04 2.400E+01 15 3.287E-06 6.178E+01 16 1.522E-03 9.836E-01 17 4.605E-06 7.141E+01
18 2.992E-02 3.541E+00 19 2.733E-05 1.000E+02 21 2.172E-03 6.434E+00 22 7.549E-04 1.265E+01 23 2.940E-08 1.000E+02
24 6.617E-04 6.856E-01 25 3.754E-03 4.600E-01 26 1.955E-03 1.111E+00 27 4.903E-04 1.287E+00
 20  20
 1 5.627E-06 1.000E+02  3 6.505E-06 4.305E+01  6 1.412E-06 6.739E+01  7 1.521E-04 7.885E+00  8 1.439E-04 1.065E+01
 9 3.276E-03 3.720E+00 11 6.885E-06 2.693E+01 12 7.170E-06 3.805E+01 13 5.541E-07 6.568E+01 14 6.035E-04 2.162E+01
15 3.468E-06 7.801E+01 16 1.510E-03 1.371E+00 17 8.050E-06 9.046E+01 18 1.711E-02 3.468E+00 21 2.282E-03 5.807E+00
22 6.874E-04 6.933E+00 24 7.897E-04 6.598E-01 25 3.502E-03 4.738E-01 26 1.894E-03 8.842E-01 27 5.465E-04 1.430E+00
 21  21
 1 1.979E-05 6.883E+01  3 5.890E-07 9.578E+01  6 2.078E-05 4.874E+01  7 1.999E-04 6.547E+00  8 1.439E-04 8.710E+00
 9 4.489E-03 2.876E+00 10 1.251E-06 7.002E+01 11 1.393E-05 2.955E+01 12 5.540E-06 2.459E+01 13 6.955E-07 6.883E+01
14 7.549E-04 3.164E+01 15 1.533E-05 7.086E+01 16 1.247E-03 1.317E+00 17 5.025E-06 4.975E+01 18 9.138E-03 5.022E+00
21 3.004E-03 7.014E+00 22 7.569E-04 1.078E+01 24 1.786E-03 4.381E-01 25 1.620E-03 6.641E-01 26 1.743E-03 8.606E-01
27 8.480E-04 1.203E+00
 22  22
 1 4.173E-06 1.000E+02  3 8.372E-08 1.000E+02  5 5.693E-06 1.000E+02  6 6.610E-06 3.895E+01  7 2.035E-04 6.832E+00
 8 1.420E-04 1.239E+01  9 5.191E-03 2.178E+00 10 1.244E-06 1.000E+02 11 9.599E-06 3.979E+01 12 7.814E-06 2.415E+01
13 1.277E-06 6.556E+01 14 6.148E-04 3.783E+01 15 1.152E-05 9.125E+01 16 1.257E-03 1.132E+00 17 6.720E-06 5.637E+01
18 6.979E-03 5.394E+00 21 3.088E-03 7.119E+00 22 8.897E-04 1.017E+01 24 1.909E-03 4.722E-01 25 1.370E-03 5.204E-01
26 1.661E-03 8.661E-01 27 8.852E-04 1.552E+00
 23  21
 3 9.234E-07 9.686E+01  5 1.827E-05 9.721E+01  6 1.745E-05 4.282E+01  7 2.266E-04 6.578E+00  8 1.672E-04 9.358E+00
 9 5.438E-03 2.628E+00 10 5.946E-07 7.010E+01 11 1.967E-05 4.247E+01 12 4.951E-06 1.868E+01 13 2.528E-07 5.552E+01
14 1.016E-03 2.510E+01 15 1.168E-05 6.683E+01 16 1.193E-03 1.289E+00 17 1.646E-05 6.148E+01 18 6.279E-03 4.379E+00
21 3.590E-03 5.915E+00 22 8.417E-04 9.524E+00 24 2.017E-03 3.385E-01 25 1.179E-03 7.575E-01 26 1.605E-03 9.209E-01
27 9.139E-04 1.377E+00
 24  20
 3 6.912E-07 6.985E+01  6 1.256E-05 6.811E+01  7 2.495E-04 6.002E+00  8 2.435E-04 1.051E+01  9 6.945E-03 2.926E+00
10 1.607E-06 7.083E+01 11 9.646E-06 2.617E+01 12 1.344E-05 2.129E+01 13 3.217E-07 6.586E+01 14 1.228E-03 2.388E+01
15 1.008E-05 8.463E+01 16 1.183E-03 1.195E+00 17 6.119E-06 5.567E+01 18 5.258E-03 5.221E+00 21 3.785E-03 4.908E+00
22 1.066E-03 8.637E+00 24 2.086E-03 3.710E-01 25 1.010E-03 8.975E-01 26 1.522E-03 8.790E-01 27 9.090E-04 1.258E+00
 25  21
 3 7.360E-06 4.905E+01  5 1.469E-05 6.893E+01  6 1.979E-05 3.311E+01  7 2.499E-04 5.319E+00  8 2.035E-04 8.835E+00
 9 7.247E-03 2.668E+00 10 4.436E-07 1.000E+02 11 3.856E-05 3.325E+01 12 1.069E-05 1.543E+01 13 6.717E-07 7.479E+01
14 1.122E-03 1.672E+01 15 2.147E-05 5.611E+01 16 1.167E-03 1.625E+00 17 6.580E-06 7.863E+01 18 4.393E-03 6.999E+00
21 4.552E-03 5.340E+00 22 1.312E-03 7.709E+00 24 2.157E-03 3.820E-01 25 8.995E-04 7.851E-01 26 1.537E-03 1.006E+00
27 9.841E-04 1.516E+00
 26  22
 3 5.573E-06 6.738E+01  5 4.837E-05 6.358E+01  6 6.772E-06 4.159E+01  7 2.986E-04 5.751E+00  8 2.094E-04 1.139E+01
 9 7.534E-03 2.900E+00 10 2.632E-06 5.620E+01 11 2.786E-05 3.216E+01 12 1.399E-05 1.967E+01 13 1.143E-06 3.644E+01
14 1.242E-03 1.800E+01 15 1.681E-05 7.154E+01 16 1.185E-03 1.121E+00 17 7.258E-06 6.742E+01 18 3.670E-03 5.816E+00
21 5.123E-03 4.393E+00 22 1.401E-03 6.373E+00 23 3.159E-08 7.516E+01 24 2.221E-03 4.212E-01 25 7.913E-04 9.047E-01
26 1.486E-03 7.537E-01 27 9.963E-04 1.156E+00
 27  22
 3 1.525E-06 7.662E+01  5 2.242E-05 7.049E+01  6 3.852E-05 2.613E+01  7 3.549E-04 3.965E+00  8 3.054E-04 9.981E+00
 9 7.485E-03 2.829E+00 10 2.619E-06 7.971E+01 11 1.518E-05 3.576E+01 12 1.277E-05 1.664E+01 13 2.027E-06 4.043E+01
14 1.116E-03 1.848E+01 15 1.062E-05 5.169E+01 16 1.148E-03 1.240E+00 17 8.082E-06 4.835E+01 18 2.996E-03 5.682E+00
21 5.988E-03 4.081E+00 22 1.563E-03 6.855E+00 23 1.032E-07 1.000E+02 24 2.262E-03 3.621E-01 25 7.051E-04 1.077E+00
26 1.489E-03 9.096E-01 27 1.038E-03 1.417E+00
 28  22
 1 2.034E-06 1.000E+02  3 2.866E-06 7.498E+01  5 5.421E-05 7.843E+01  6 3.078E-05 3.252E+01  7 3.638E-04 5.009E+00
 8 2.709E-04 7.188E+00  9 7.673E-03 2.814E+00 10 1.671E-06 1.000E+02 11 2.051E-05 2.206E+01 12 1.251E-05 1.961E+01
13 4.837E-07 6.883E+01 14 1.222E-03 1.933E+01 15 2.761E-06 8.825E+01 16 1.138E-03 1.342E+00 17 1.644E-05 4.970E+01
18 2.977E-03 8.626E+00 21 6.997E-03 3.214E+00 22 1.713E-03 6.919E+00 24 2.292E-03 4.157E-01 25 6.197E-04 8.516E-01
26 1.450E-03 6.688E-01 27 1.049E-03 1.332E+00
 29  21
 3 1.075E-05 7.051E+01  5 9.499E-06 7.623E+01  6 1.712E-05 2.786E+01  7 4.141E-04 3.255E+00  8 3.205E-04 1.056E+01
 9 7.240E-03 2.163E+00 10 5.099E-07 1.000E+02 11 3.044E-05 3.532E+01 12 1.638E-05 2.229E+01 13 7.119E-07 6.085E+01
14 1.239E-03 1.622E+01 15 2.467E-05 5.524E+01 16 1.123E-03 1.305E+00 17 1.439E-05 4.788E+01 18 2.488E-03 8.562E+00
21 7.457E-03 3.040E+00 22 1.778E-03 5.888E+00 24 2.334E-03 4.130E-01 25 5.607E-04 1.280E+00 26 1.441E-03 8.080E-01
27 1.070E-03 1.278E+00
 30  21
 3 7.531E-07 7.160E+01  5 1.745E-06 4.617E+01  6 2.719E-05 3.262E+01  7 4.768E-04 2.600E+00  8 3.662E-04 6.004E+00
 9 6.296E-03 2.642E+00 10 1.112E-06 8.019E+01 11 2.774E-05 1.876E+01 12 1.758E-05 1.767E+01 13 1.194E-06 6.687E+01
14 1.655E-03 1.869E+01 15 2.125E-05 4.310E+01 16 1.134E-03 1.701E+00 17 1.505E-05 4.105E+01 18 2.225E-03 8.600E+00
21 1.405E-02 2.789E+00 22 2.325E-03 7.475E+00 24 2.369E-03 3.598E-01 25 5.031E-04 1.016E+00 26 1.397E-03 8.462E-01
27 1.058E-03 1.103E+00
 31  21
 3 1.914E-06 7.544E+01  5 1.047E-04 5.828E+01  6 3.510E-05 4.007E+01  7 5.089E-04 3.999E+00  8 3.820E-04 8.869E+00
 9 6.240E-03 2.659E+00 10 2.237E-06 6.520E+01 11 3.529E-05 2.224E+01 12 1.899E-05 2.034E+01 13 5.612E-07 6.563E+01
14 1.623E-03 1.905E+01 15 1.431E-05 5.043E+01 16 1.124E-03 1.149E+00 17 8.464E-06 5.303E+01 18 2.526E-03 7.157E+00
21 1.886E-02 2.727E+00 22 2.542E-03 5.887E+00 24 2.403E-03 3.298E-01 25 4.412E-04 1.191E+00 26 1.388E-03 8.923E-01
27 1.084E-03 1.566E+00
 32  22
 1 3.269E-07 1.000E+02  3 2.372E-06 4.698E+01  5 2.536E-05 9.019E+01  6 4.389E-05 2.921E+01  7 6.013E-04 4.336E+00
 8 4.769E-04 6.785E+00  9 6.026E-03 1.628E+00 10 1.736E-06 7.958E+01 11 3.904E-05 2.193E+01 12 2.339E-05 1.459E+01
13 1.657E-06 5.099E+01 14 1.690E-03 1.415E+01 15 2.429E-05 7.407E+01 16 1.108E-03 1.108E+00 17 1.207E-05 5.460E+01
18 1.692E-03 1.067E+01 21 1.952E-02 2.310E+00 22 2.674E-03 5.881E+00 24 2.437E-03 3.392E-01 25 3.959E-04 9.600E-01
26 1.388E-03 7.706E-01 27 1.093E-03 9.136E-01
 33  23
 1 2.939E-06 7.893E+01  3 5.992E-06 3.723E+01  5 1.320E-04 5.022E+01  6 3.643E-05 2.863E+01  7 6.264E-04 3.223E+00
 8 4.187E-04 6.968E+00  9 5.765E-03 2.490E+00 10 3.474E-06 5.972E+01 11 4.222E-05 2.817E+01 12 1.969E-05 1.756E+01
13 2.473E-06 3.541E+01 14 2.361E-03 1.633E+01 15 1.091E-05 4.956E+01 16 1.119E-03 1.210E+00 17 1.260E-05 5.674E+01
18 1.371E-03 1.139E+01 21 2.004E-02 2.936E+00 22 2.954E-03 4.312E+00 23 3.718E-08 1.000E+02 24 2.445E-03 3.643E-01
25 3.498E-04 9.109E-01 26 1.369E-03 8.690E-01 27 1.098E-03 1.033E+00
 34  22
 1 1.145E-07 1.000E+02  3 1.377E-06 7.827E+01  5 1.754E-04 4.181E+01  6 5.879E-05 2.267E+01  7 7.716E-04 4.154E+00
 8 5.768E-04 6.004E+00  9 5.591E-03 2.628E+00 10 3.653E-07 7.753E+01 11 4.630E-05 2.180E+01 12 3.019E-05 1.137E+01
13 2.145E-06 5.680E+01 14 2.436E-03 1.612E+01 15 2.180E-05 3.053E+01 16 1.088E-03 1.245E+00 17 3.187E-05 3.048E+01
18 1.604E-03 9.412E+00 21 2.028E-02 2.875E+00 22 3.444E-03 4.474E+00 24 2.489E-03 3.883E-01 25 3.166E-04 1.668E+00
26 1.370E-03 1.279E+00 27 1.131E-03 1.825E+00
 35  21
 3 1.782E-06 4.365E+01  5 7.469E-05 5.582E+01  6 5.831E-05 1.876E+01  7 7.488E-04 3.899E+00  8 6.353E-04 4.612E+00
 9 5.255E-03 3.391E+00 10 3.763E-07 7.138E+01 11 5.594E-05 1.802E+01 12 3.022E-05 1.323E+01 13 1.588E-06 4.446E+01
14 3.288E-03 1.433E+01 15 1.750E-05 4.012E+01 16 1.109E-03 1.292E+00 17 2.888E-05 3.359E+01 18 1.273E-03 9.952E+00
21 1.999E-02 1.742E+00 22 3.714E-03 5.008E+00 24 2.479E-03 3.838E-01 25 2.875E-04 1.622E+00 26 1.354E-03 9.230E-01
27 1.116E-03 1.242E+00
 36  22
 1 1.823E-05 6.646E+01  3 9.180E-06 4.820E+01  5 1.054E-04 4.035E+01  6 5.636E-05 2.278E+01  7 8.110E-04 3.206E+00
 8 7.115E-04 4.906E+00  9 5.457E-03 1.918E+00 10 2.900E-06 5.789E+01 11 5.104E-05 1.307E+01 12 3.050E-05 1.169E+01
13 2.556E-06 3.565E+01 14 3.185E-03 1.202E+01 15 2.566E-05 3.911E+01 16 1.108E-03 1.406E+00 17 2.890E-05 2.542E+01
18 1.169E-03 8.123E+00 21 2.068E-02 2.434E+00 22 4.229E-03 5.929E+00 24 2.508E-03 4.123E-01 25 2.536E-04 1.550E+00
26 1.364E-03 9.285E-01 27 1.146E-03 1.166E+00
 37  22
 1 4.627E-06 1.000E+02  3 5.311E-06 6.393E+01  5 8.150E-05 5.358E+01  6 5.293E-05 3.086E+01  7 9.126E-04 3.560E+00
 8 7.199E-04 7.128E+00  9 4.987E-03 2.814E+00 10 5.013E-07 5.897E+01 11 5.362E-05 2.381E+01 12 3.204E-05 9.609E+00
13 2.877E-06 2.906E+01 14 2.494E-03 1.164E+01 15 2.557E-05 4.714E+01 16 1.059E-03 1.005E+00 17 1.993E-05 3.124E+01
18 1.074E-03 8.929E+00 21 1.967E-02 2.383E+00 22 4.427E-03 5.212E+00 24 2.514E-03 3.217E-01 25 2.294E-04 1.785E+00
26 1.366E-03 8.140E-01 27 1.176E-03 9.439E-01
 38  23
 1 8.761E-06 8.993E+01  3 3.781E-06 5.105E+01  5 1.026E-04 4.352E+01  6 6.087E-05 2.371E+01  7 1.091E-03 2.077E+00
 8 9.031E-04 3.205E+00  9 5.165E-03 2.590E+00 10 4.052E-06 4.681E+01 11 7.019E-05 2.268E+01 12 3.563E-05 9.163E+00
13 2.326E-06 4.081E+01 14 4.102E-03 8.911E+00 15 2.021E-05 3.159E+01 16 1.080E-03 1.306E+00 17 3.307E-05 2.593E+01
18 1.035E-03 1.269E+01 21 2.037E-02 2.525E+00 22 5.376E-03 3.747E+00 23 9.135E-09 1.000E+02 24 2.544E-03 3.382E-01
25 2.065E-04 2.416E+00 26 1.376E-03 8.637E-01 27 1.188E-03 1.121E+00
 39  22
 1 3.514E-05 8.067E+01  3 5.318E-06 4.216E+01  5 1.266E-04 3.902E+01  6 7.689E-05 1.343E+01  7 1.189E-03 2.721E+00
 8 9.699E-04 4.084E+00  9 5.593E-03 2.766E+00 10 3.536E-06 7.350E+01 11 7.996E-05 2.665E+01 12 5.052E-05 7.712E+00
13 5.233E-06 3.205E+01 14 4.249E-03 1.045E+01 15 3.772E-05 2.656E+01 16 1.091E-03 1.123E+00 17 2.764E-05 3.322E+01
18 8.066E-04 1.419E+01 21 1.922E-02 2.326E+00 22 5.768E-03 5.106E+00 24 2.553E-03 3.287E-01 25 1.925E-04 2.468E+00
26 1.396E-03 6.773E-01 27 1.197E-03 6.841E-01
 40  24
 1 3.306E-05 8.218E+01  2 5.205E-08 1.000E+02  3 9.611E-06 4.792E+01  5 3.287E-04 4.120E+01  6 7.531E-05 1.735E+01
 7 1.275E-03 2.403E+00  8 1.010E-03 6.196E+00  9 5.203E-03 2.312E+00 10 3.747E-06 4.037E+01 11 7.727E-05 1.311E+01
12 4.624E-05 8.592E+00 13 3.236E-06 3.639E+01 14 3.474E-03 8.968E+00 15 3.667E-05 3.273E+01 16 1.073E-03 1.086E+00
17 3.895E-05 3.024E+01 18 5.741E-04 1.304E+01 21 2.016E-02 2.685E+00 22 6.510E-03 4.833E+00 23 3.189E-08 1.000E+02
24 2.549E-03 3.910E-01 25 1.682E-04 1.730E+00 26 1.412E-03 8.861E-01 27 1.228E-03 1.102E+00
 41  22
 1 4.798E-05 5.545E+01  3 4.006E-06 8.233E+01  5 3.152E-04 2.874E+01  6 9.951E-05 1.991E+01  7 1.461E-03 2.565E+00
 8 1.309E-03 3.625E+00  9 5.077E-03 3.126E+00 10 4.490E-06 6.270E+01 11 9.076E-05 1.916E+01 12 4.986E-05 6.901E+00
13 4.767E-06 3.254E+01 14 4.669E-03 1.047E+01 15 6.321E-05 3.377E+01 16 1.068E-03 1.333E+00 17 3.061E-05 2.539E+01
18 6.690E-04 1.107E+01 21 1.873E-02 2.675E+00 22 6.555E-03 3.100E+00 24 2.573E-03 3.592E-01 25 1.461E-04 2.278E+00
26 1.396E-03 8.260E-01 27 1.243E-03 1.200E+00
 42  24
 1 2.189E-06 6.463E+01  3 4.343E-06 4.608E+01  5 2.033E-04 3.795E+01  6 9.366E-05 2.053E+01  7 1.645E-03 1.949E+00
 8 1.294E-03 3.127E+00  9 5.176E-03 2.333E+00 10 1.585E-05 4.484E+01 11 1.145E-04 1.374E+01 12 6.750E-05 1.099E+01
13 9.452E-06 2.873E+01 14 5.258E-03 9.570E+00 15 7.812E-05 3.711E+01 16 1.086E-03 1.446E+00 17 3.321E-05 3.226E+01
18 4.492E-04 1.711E+01 20 9.375E-06 1.000E+02 21 1.773E-02 2.395E+00 22 8.233E-03 3.935E+00 23 2.521E-07 7.926E+01
24 2.592E-03 3.773E-01 25 1.382E-04 2.709E+00 26 1.435E-03 9.049E-01 27 1.276E-03 1.334E+00
 43  23
 1 6.999E-06 7.288E+01  3 7.910E-06 6.002E+01  5 2.752E-04 3.555E+01  6 1.350E-04 1.523E+01  7 1.744E-03 1.704E+00
 8 1.479E-03 2.918E+00  9 5.169E-03 2.935E+00 10 5.610E-06 2.960E+01 11 1.010E-04 1.360E+01 12 6.675E-05 7.390E+00
13 5.495E-06 2.790E+01 14 6.346E-03 1.189E+01 15 5.513E-05 3.167E+01 16 1.066E-03 1.047E+00 17 5.970E-05 2.355E+01
18 7.191E-04 1.770E+01 21 1.416E-02 2.681E+00 22 8.900E-03 3.711E+00 23 4.702E-08 1.000E+02 24 2.575E-03 3.688E-01
25 1.211E-04 2.203E+00 26 1.452E-03 1.101E+00 27 1.302E-03 1.453E+00
 44  23
 1 4.591E-05 4.545E+01  3 3.720E-06 5.386E+01  5 2.127E-04 2.977E+01  6 1.305E-04 1.538E+01  7 1.982E-03 1.830E+00
 8 1.688E-03 3.894E+00  9 5.416E-03 2.465E+00 10 4.620E-06 5.285E+01 11 1.609E-04 1.087E+01 12 7.119E-05 6.976E+00
13 4.609E-06 1.837E+01 14 7.316E-03 1.071E+01 15 6.524E-05 2.728E+01 16 1.088E-03 1.541E+00 17 5.609E-05 2.376E+01
18 3.987E-04 2.176E+01 21 7.515E-03 3.645E+00 22 9.986E-03 2.483E+00 23 4.979E-07 7.856E+01 24 2.593E-03 3.724E-01
25 1.134E-04 2.478E+00 26 1.461E-03 6.885E-01 27 1.322E-03 8.553E-01
 45  23
 1 3.738E-05 7.393E+01  3 7.363E-06 4.580E+01  5 2.699E-04 3.303E+01  6 1.479E-04 1.568E+01  7 2.180E-03 1.383E+00
 8 1.768E-03 3.891E+00  9 5.320E-03 3.376E+00 10 4.019E-06 3.360E+01 11 1.310E-04 8.845E+00 12 8.283E-05 1.195E+01
13 9.839E-06 2.804E+01 14 7.702E-03 8.140E+00 15 8.842E-05 2.786E+01 16 1.067E-03 8.713E-01 17 4.386E-05 2.049E+01
18 4.147E-04 2.274E+01 21 6.502E-03 4.488E+00 22 1.200E-02 3.261E+00 23 1.355E-09 1.000E+02 24 2.606E-03 3.845E-01
25 1.004E-04 3.017E+00 26 1.488E-03 1.183E+00 27 1.360E-03 1.414E+00
 46  22
 1 5.564E-05 6.507E+01  3 7.273E-06 8.088E+01  5 2.909E-04 3.548E+01  6 1.229E-04 1.658E+01  7 2.447E-03 2.429E+00
 8 1.990E-03 4.204E+00  9 4.937E-03 2.398E+00 10 1.649E-05 3.858E+01 11 1.463E-04 1.170E+01 12 9.125E-05 9.002E+00
13 1.015E-05 1.891E+01 14 8.586E-03 9.943E+00 15 7.507E-05 2.030E+01 16 1.064E-03 1.367E+00 17 1.153E-04 2.497E+01
18 4.347E-04 2.031E+01 21 5.777E-03 3.447E+00 22 1.902E-02 2.382E+00 24 2.618E-03 3.617E-01 25 9.211E-05 3.024E+00
26 1.544E-03 8.532E-01 27 1.417E-03 1.047E+00
 47  23
 1 2.260E-05 6.372E+01  3 1.082E-05 3.753E+01  5 4.766E-04 3.580E+01  6 1.765E-04 1.468E+01  7 2.699E-03 2.394E+00
 8 2.239E-03 3.013E+00  9 5.186E-03 2.410E+00 10 1.120E-05 4.559E+01 11 1.816E-04 8.139E+00 12 9.587E-05 7.217E+00
13 6.596E-06 2.876E+01 14 1.195E-02 5.726E+00 15 6.242E-05 2.096E+01 16 1.063E-03 1.229E+00 17 6.262E-05 2.130E+01
18 3.287E-04 1.711E+01 21 5.428E-03 4.744E+00 22 2.792E-02 1.779E+00 23 1.418E-07 1.000E+02 24 2.619E-03 4.127E-01
25 8.205E-05 2.944E+00 26 1.584E-03 8.544E-01 27 1.468E-03 9.323E-01
 48  24
 1 2.832E-05 5.073E+01  3 7.683E-06 6.036E+01  5 3.373E-04 2.900E+01  6 1.647E-04 1.145E+01  7 3.100E-03 1.985E+00
 8 2.675E-03 3.407E+00  9 5.059E-03 2.115E+00 10 1.522E-05 4.181E+01 11 1.930E-04 8.399E+00 12 1.049E-04 9.319E+00
13 7.031E-06 2.645E+01 14 1.640E-02 6.308E+00 15 8.066E-05 2.748E+01 16 1.061E-03 1.373E+00 17 9.787E-05 1.934E+01
18 3.213E-04 1.844E+01 19 7.861E-06 1.000E+02 21 4.463E-03 3.706E+00 22 3.275E-02 2.383E+00 23 5.240E-08 5.978E+01
24 2.629E-03 4.024E-01 25 7.363E-05 2.430E+00 26 1.652E-03 1.002E+00 27 1.546E-03 1.208E+00
 49  23
 1 8.596E-05 3.675E+01  3 2.468E-06 5.176E+01  5 4.074E-04 3.136E+01  6 1.941E-04 1.281E+01  7 3.276E-03 2.173E+00
 8 3.012E-03 2.797E+00  9 4.931E-03 2.850E+00 10 1.489E-05 3.895E+01 11 2.171E-04 9.373E+00 12 1.219E-04 7.416E+00
13 1.277E-05 2.666E+01 14 1.942E-02 7.018E+00 15 1.196E-04 1.774E+01 16 1.053E-03 9.216E-01 17 9.314E-05 1.795E+01
18 3.534E-04 2.395E+01 21 4.011E-03 6.004E+00 22 3.118E-02 2.351E+00 23 1.129E-07 1.000E+02 24 2.668E-03 4.227E-01
25 6.207E-05 2.078E+00 26 2.285E-03 8.786E-01 27 2.455E-03 1.092E+00
 50  24
 1 4.007E-05 4.189E+01  3 5.366E-06 4.526E+01  5 3.324E-04 3.507E+01  6 2.183E-04 1.021E+01  7 3.541E-03 1.620E+00
 8 4.596E-03 2.420E+00  9 4.999E-03 2.425E+00 10 1.667E-05 3.028E+01 11 2.702E-04 8.027E+00 12 1.254E-04 7.459E+00
13 8.937E-06 1.941E+01 14 2.092E-02 5.673E+00 15 1.283E-04 2.032E+01 16 1.081E-03 1.380E+00 17 1.133E-04 1.829E+01
18 2.940E-04 2.546E+01 19 8.672E-06 1.000E+02 21 3.621E-03 6.727E+00 22 2.642E-02 2.400E+00 23 1.127E-07 1.000E+02
24 2.688E-03 4.024E-01 25 5.851E-05 4.086E+00 26 2.383E-03 8.240E-01 27 2.586E-03 8.883E-01
 51  23
 1 8.904E-05 5.051E+01  3 1.235E-05 5.170E+01  5 6.356E-04 2.868E+01  6 2.519E-04 1.039E+01  7 3.987E-03 1.164E+00
 8 5.115E-03 2.858E+00  9 5.011E-03 2.984E+00 10 1.171E-05 3.402E+01 11 2.936E-04 9.631E+00 12 1.521E-04 5.517E+00
13 1.139E-05 1.845E+01 14 2.208E-02 6.211E+00 15 1.452E-04 2.372E+01 16 1.043E-03 1.153E+00 17 1.101E-04 2.176E+01
18 2.330E-04 2.458E+01 21 2.905E-03 3.398E+00 22 1.716E-02 2.147E+00 23 2.747E-07 8.011E+01 24 2.664E-03 3.853E-01
25 4.711E-05 3.719E+00 26 2.407E-03 7.250E-01 27 2.597E-03 8.277E-01
 52  23
 1 7.225E-05 3.837E+01  3 9.944E-06 4.444E+01  5 4.815E-04 2.116E+01  6 2.983E-04 9.904E+00  7 4.490E-03 1.497E+00
 8 5.081E-03 1.994E+00  9 4.895E-03 2.856E+00 10 1.476E-05 2.290E+01 11 3.039E-04 7.557E+00 12 1.636E-04 5.586E+00
13 1.792E-05 2.276E+01 14 2.166E-02 6.438E+00 15 1.603E-04 1.637E+01 16 1.036E-03 1.267E+00 17 1.024E-04 1.592E+01
18 2.179E-04 3.034E+01 21 2.828E-03 6.184E+00 22 1.137E-02 3.355E+00 23 2.317E-07 7.307E+01 24 2.694E-03 3.256E-01
25 4.772E-05 3.423E+00 26 2.467E-03 6.852E-01 27 2.669E-03 8.033E-01
 53  23
 1 1.359E-04 4.614E+01  3 7.059E-06 3.766E+01  5 4.671E-04 1.692E+01  6 3.020E-04 7.917E+00  7 5.082E-03 1.620E+00
 8 5.509E-03 1.981E+00  9 4.945E-03 2.996E+00 10 1.172E-05 2.690E+01 11 3.556E-04 6.615E+00 12 1.636E-04 3.784E+00
13 1.078E-05 1.865E+01 14 1.593E-02 8.135E+00 15 1.803E-04 1.515E+01 16 1.058E-03 1.276E+00 17 1.361E-04 1.424E+01
18 2.227E-04 2.213E+01 21 2.323E-03 6.691E+00 22 9.505E-03 3.282E+00 23 1.704E-07 6.973E+01 24 2.695E-03 4.032E-01
25 4.179E-05 3.768E+00 26 2.494E-03 8.245E-01 27 2.691E-03 9.305E-01
 54  22
 1 7.858E-05 4.868E+01  3 6.379E-06 4.531E+01  5 5.782E-04 2.426E+01  6 3.647E-04 7.377E+00  7 5.944E-03 1.617E+00
 8 5.983E-03 1.521E+00  9 4.780E-03 2.869E+00 10 2.209E-05 1.991E+01 11 3.292E-04 5.518E+00 12 2.079E-04 4.930E+00
13 1.565E-05 1.823E+01 14 1.169E-02 7.331E+00 15 1.987E-04 1.677E+01 16 1.061E-03 1.253E+00 17 1.294E-04 1.441E+01
18 9.575E-05 2.753E+01 21 2.072E-03 7.632E+00 22 7.684E-03 3.559E+00 24 2.715E-03 3.849E-01 25 4.058E-05 4.370E+00
26 2.501E-03 6.907E-01 27 2.725E-03 8.513E-01
 55  23
 1 7.466E-05 3.666E+01  3 2.049E-05 3.345E+01  5 8.017E-04 3.250E+01  6 4.112E-04 8.063E+00  7 1.012E-02 1.308E+00
 8 6.011E-03 2.227E+00  9 4.798E-03 2.811E+00 10 1.509E-05 3.188E+01 11 3.696E-04 6.899E+00 12 2.170E-04 4.043E+00
13 1.750E-05 1.612E+01 14 8.537E-03 1.068E+01 15 2.404E-04 1.068E+01 16 1.017E-03 1.059E+00 17 1.209E-04 1.057E+01
18 1.650E-04 3.273E+01 21 1.947E-03 6.418E+00 22 6.816E-03 2.454E+00 23 4.600E-09 1.000E+02 24 2.687E-03 3.457E-01
25 3.474E-05 5.759E+00 26 2.508E-03 7.533E-01 27 2.727E-03 9.105E-01
 56  24
 1 9.206E-05 4.671E+01  3 7.457E-06 4.145E+01  5 6.705E-04 2.381E+01  6 3.642E-04 8.620E+00  7 1.087E-02 9.798E-01
 8 6.332E-03 2.379E+00  9 4.742E-03 2.290E+00 10 2.394E-05 2.296E+01 11 4.941E-04 8.476E+00 12 2.589E-04 4.706E+00
13 1.708E-05 2.034E+01 14 7.388E-03 8.985E+00 15 2.479E-04 1.304E+01 16 1.065E-03 1.183E+00 17 2.353E-04 1.718E+01
18 1.333E-04 2.851E+01 19 8.676E-06 1.000E+02 21 1.827E-03 7.913E+00 22 6.450E-03 3.712E+00 23 8.447E-08 1.000E+02
24 2.696E-03 3.333E-01 25 3.224E-05 5.777E+00 26 2.508E-03 8.651E-01 27 2.721E-03 1.197E+00
 57  24
 1 7.661E-05 5.804E+01  3 1.007E-05 3.917E+01  5 6.520E-04 1.972E+01  6 4.438E-04 8.540E+00  7 1.168E-02 1.135E+00
 8 6.300E-03 1.552E+00  9 4.781E-03 2.766E+00 10 3.585E-05 2.264E+01 11 5.322E-04 7.928E+00 12 2.900E-04 4.045E+00
13 1.657E-05 1.281E+01 14 6.253E-03 8.627E+00 15 2.336E-04 1.230E+01 16 1.050E-03 1.154E+00 17 2.016E-04 1.197E+01
18 1.140E-04 2.813E+01 19 1.123E-07 1.000E+02 21 1.604E-03 5.589E+00 22 5.886E-03 4.514E+00 23 4.808E-07 7.812E+01
24 2.708E-03 3.598E-01 25 2.720E-05 4.391E+00 26 2.489E-03 9.051E-01 27 2.691E-03 1.230E+00
 58  25
 1 2.339E-04 4.585E+01  2 2.998E-07 1.000E+02  3 1.725E-05 3.129E+01  5 7.947E-04 2.095E+01  6 5.410E-04 7.182E+00
 7 1.199E-02 1.027E+00  8 7.031E-03 1.787E+00  9 4.531E-03 2.601E+00 10 3.862E-05 1.505E+01 11 5.394E-04 5.585E+00
12 3.235E-04 3.610E+00 13 2.356E-05 1.410E+01 14 5.067E-03 1.218E+01 15 2.243E-04 9.143E+00 16 1.047E-03 1.512E+00
17 1.947E-04 1.327E+01 18 9.504E-05 2.692E+01 19 1.117E-05 1.000E+02 21 1.348E-03 7.354E+00 22 4.907E-03 5.003E+00
23 3.167E-07 5.662E+01 24 2.735E-03 3.773E-01 25 2.650E-05 4.866E+00 26 2.509E-03 7.888E-01 27 2.716E-03 8.654E-01
 59  24
 1 1.313E-04 2.833E+01  3 1.555E-05 4.077E+01  5 1.189E-03 1.557E+01  6 5.509E-04 6.836E+00  7 1.219E-02 1.046E+00
 8 7.034E-03 1.915E+00  9 4.447E-03 2.288E+00 10 3.691E-05 1.394E+01 11 6.832E-04 6.386E+00 12 3.353E-04 3.809E+00
13 2.349E-05 1.217E+01 14 5.447E-03 1.230E+01 15 2.563E-04 1.380E+01 16 1.046E-03 1.487E+00 17 2.192E-04 8.238E+00
18 1.173E-04 3.116E+01 19 3.221E-06 1.000E+02 21 1.282E-03 6.732E+00 22 4.649E-03 3.763E+00 23 1.931E-07 7.350E+01
24 2.726E-03 3.287E-01 25 2.224E-05 4.467E+00 26 2.528E-03 7.622E-01 27 2.731E-03 9.484E-01
 60  25
 1 1.192E-04 4.477E+01  2 1.106E-09 1.000E+02  3 1.651E-05 4.035E+01  5 1.348E-03 1.613E+01  6 6.496E-04 6.162E+00
 7 1.243E-02 9.773E-01  8 7.152E-03 2.323E+00  9 4.416E-03 3.773E+00 10 3.819E-05 1.489E+01 11 7.062E-04 6.365E+00
12 4.006E-04 4.962E+00 13 2.908E-05 1.234E+01 14 5.116E-03 1.121E+01 15 2.885E-04 1.397E+01 16 1.047E-03 1.289E+00
17 2.904E-04 1.194E+01 18 6.758E-05 3.580E+01 19 8.287E-06 8.094E+01 21 1.151E-03 8.634E+00 22 4.061E-03 5.003E+00
23 3.503E-07 6.361E+01 24 2.709E-03 4.139E-01 25 2.186E-05 6.923E+00 26 2.463E-03 7.437E-01 27 2.619E-03 1.013E+00
 61  24
 1 1.796E-04 3.715E+01  3 1.071E-05 2.779E+01  5 1.272E-03 1.709E+01  6 7.281E-04 6.873E+00  7 1.249E-02 1.157E+00
 8 7.507E-03 2.229E+00  9 4.351E-03 2.951E+00 10 2.868E-05 2.354E+01 11 8.283E-04 6.258E+00 12 4.036E-04 3.646E+00
13 2.965E-05 1.926E+01 14 4.102E-03 1.051E+01 15 3.334E-04 1.097E+01 16 1.027E-03 1.545E+00 17 3.203E-04 1.270E+01
18 6.571E-05 3.983E+01 19 7.697E-06 7.839E+01 21 8.848E-04 9.558E+00 22 3.711E-03 5.595E+00 23 2.394E-07 6.337E+01
24 2.718E-03 3.552E-01 25 1.756E-05 5.047E+00 26 2.481E-03 8.269E-01 27 2.643E-03 1.207E+00
 62  24
 1 1.733E-04 2.631E+01  3 2.708E-05 2.354E+01  5 1.639E-03 1.786E+01  6 7.751E-04 6.478E+00  7 1.283E-02 8.096E-01
 8 7.957E-03 1.836E+00  9 4.292E-03 2.979E+00 10 4.304E-05 2.047E+01 11 8.439E-04 3.989E+00 12 4.756E-04 3.190E+00
13 3.330E-05 1.259E+01 14 3.814E-03 1.526E+01 15 4.130E-04 1.089E+01 16 1.042E-03 9.936E-01 17 3.085E-04 8.993E+00
18 5.515E-05 4.499E+01 19 8.398E-06 8.801E+01 21 1.131E-03 7.469E+00 22 3.417E-03 3.781E+00 23 1.405E-07 5.840E+01
24 2.718E-03 3.037E-01 25 1.600E-05 7.168E+00 26 2.424E-03 6.535E-01 27 2.590E-03 8.205E-01
 63  26
 1 1.324E-04 3.915E+01  2 1.734E-07 1.000E+02  3 2.072E-05 3.602E+01  5 1.698E-03 1.399E+01  6 8.884E-04 7.762E+00
 7 1.297E-02 8.186E-01  8 8.088E-03 2.577E+00  9 4.272E-03 1.716E+00 10 6.768E-05 1.679E+01 11 1.060E-03 4.061E+00
12 5.303E-04 2.804E+00 13 3.265E-05 1.326E+01 14 3.959E-03 9.928E+00 15 6.006E-04 1.277E+01 16 1.045E-03 1.197E+00
17 4.079E-04 5.289E+00 18 5.272E-05 3.699E+01 19 4.346E-06 1.000E+02 20 3.768E-05 1.000E+02 21 7.869E-04 1.266E+01
22 3.397E-03 7.118E+00 23 5.824E-07 6.837E+01 24 2.709E-03 3.654E-01 25 1.511E-05 7.297E+00 26 2.394E-03 6.704E-01
27 2.530E-03 7.801E-01
 64  23
 1 1.276E-04 2.915E+01  3 2.804E-05 3.029E+01  5 1.819E-03 1.120E+01  6 9.327E-04 6.121E+00  7 1.278E-02 8.977E-01
 8 8.289E-03 1.570E+00  9 4.079E-03 2.334E+00 10 5.169E-05 1.991E+01 11 1.094E-03 3.933E+00 12 5.754E-04 3.291E+00
13 3.944E-05 9.804E+00 14 2.842E-03 1.163E+01 15 4.612E-04 1.133E+01 16 1.049E-03 1.097E+00 17 4.467E-04 8.897E+00
18 6.263E-05 5.544E+01 21 7.753E-04 9.179E+00 22 2.682E-03 7.522E+00 23 2.661E-07 7.274E+01 24 2.696E-03 3.508E-01
25 1.457E-05 7.189E+00 26 2.292E-03 7.982E-01 27 2.394E-03 9.043E-01
 65  24
 1 3.761E-04 2.812E+01  3 2.389E-05 3.087E+01  5 1.992E-03 1.038E+01  6 1.167E-03 4.948E+00  7 1.335E-02 1.184E+00
 8 9.012E-03 2.113E+00  9 4.216E-03 3.021E+00 10 8.688E-05 1.608E+01 11 1.291E-03 5.290E+00 12 7.014E-04 2.490E+00
13 5.026E-05 1.243E+01 14 3.205E-03 1.404E+01 15 5.455E-04 9.908E+00 16 1.046E-03 1.332E+00 17 4.467E-04 8.358E+00
18 1.797E-05 8.155E+01 19 7.176E-06 6.913E+01 21 7.423E-04 1.201E+01 22 2.518E-03 4.023E+00 23 7.612E-08 6.549E+01
24 2.697E-03 4.126E-01 25 1.148E-05 6.388E+00 26 1.765E-03 7.919E-01 27 1.558E-03 1.045E+00
 66  24
 1 1.908E-04 3.505E+01  3 2.102E-05 2.692E+01  5 2.512E-03 1.526E+01  6 1.238E-03 4.888E+00  7 1.314E-02 9.683E-01
 8 9.057E-03 1.454E+00  9 4.055E-03 2.443E+00 10 6.397E-05 1.861E+01 11 1.456E-03 3.125E+00 12 7.234E-04 2.377E+00
13 5.847E-05 7.355E+00 14 2.282E-03 1.395E+01 15 6.665E-04 1.105E+01 16 1.062E-03 1.084E+00 17 5.304E-04 4.405E+00
18 3.999E-06 4.625E+01 19 2.555E-05 8.093E+01 21 6.891E-04 1.107E+01 22 2.388E-03 5.275E+00 23 3.085E-07 6.720E+01
24 2.659E-03 3.481E-01 25 1.281E-05 6.703E+00 26 1.654E-03 8.210E-01 27 1.399E-03 1.142E+00
 67  24
 1 1.576E-04 3.075E+01  3 2.828E-05 2.407E+01  5 2.561E-03 1.335E+01  6 1.392E-03 5.287E+00  7 1.288E-02 7.453E-01
 8 9.739E-03 1.876E+00  9 4.034E-03 2.430E+00 10 8.477E-05 1.565E+01 11 1.660E-03 3.279E+00 12 8.534E-04 2.670E+00
13 6.604E-05 1.056E+01 14 1.729E-03 1.393E+01 15 7.332E-04 1.072E+01 16 1.075E-03 9.864E-01 17 6.924E-04 5.482E+00
18 5.516E-05 6.046E+01 19 2.472E-05 8.967E+01 21 6.004E-04 9.402E+00 22 2.213E-03 7.748E+00 23 4.414E-07 6.300E+01
24 2.676E-03 3.482E-01 25 1.209E-05 5.338E+00 26 1.635E-03 7.060E-01 27 1.367E-03 1.133E+00
 68  24
 1 3.262E-04 3.440E+01  3 3.446E-05 2.089E+01  5 2.583E-03 9.708E+00  6 1.490E-03 4.038E+00  7 1.260E-02 1.070E+00
 8 1.038E-02 1.807E+00  9 3.604E-03 3.753E+00 10 9.594E-05 1.460E+01 11 1.863E-03 4.023E+00 12 9.948E-04 2.444E+00
13 6.349E-05 8.676E+00 14 1.940E-03 1.626E+01 15 7.629E-04 8.701E+00 16 1.091E-03 8.868E-01 17 7.225E-04 8.445E+00
18 5.233E-05 3.916E+01 19 9.971E-05 7.385E+01 21 4.189E-04 1.537E+01 22 1.952E-03 6.626E+00 23 3.616E-07 5.821E+01
24 2.676E-03 4.148E-01 25 1.048E-05 7.924E+00 26 1.579E-03 8.647E-01 27 1.299E-03 1.227E+00
 69  25
 1 2.983E-04 3.774E+01  2 3.556E-08 1.000E+02  3 4.129E-05 2.311E+01  5 2.633E-03 1.046E+01  6 1.670E-03 4.936E+00
 7 1.125E-02 9.582E-01  8 1.765E-02 1.251E+00  9 2.208E-03 4.328E+00 10 1.002E-04 1.118E+01 11 1.990E-03 3.599E+00
12 1.047E-03 2.038E+00 13 6.096E-05 9.681E+00 14 1.551E-03 1.668E+01 15 8.458E-04 7.707E+00 16 1.068E-03 1.477E+00
17 7.860E-04 5.799E+00 18 1.902E-05 5.657E+01 19 4.139E-06 7.253E+01 21 4.317E-04 1.634E+01 22 1.729E-03 8.802E+00
23 9.912E-07 4.096E+01 24 2.654E-03 3.786E-01 25 9.329E-06 8.554E+00 26 1.548E-03 8.962E-01 27 1.251E-03 1.366E+00
 70  24
 1 5.621E-04 3.287E+01  3 4.771E-05 2.746E+01  5 3.378E-03 8.464E+00  6 1.881E-03 4.087E+00  7 9.379E-03 6.998E-01
 8 1.730E-02 1.856E+00  9 1.925E-03 3.718E+00 10 8.186E-05 1.727E+01 11 2.395E-03 3.920E+00 12 1.207E-03 2.061E+00
13 7.811E-05 7.203E+00 14 1.997E-03 1.377E+01 15 8.422E-04 9.008E+00 16 1.060E-03 1.367E+00 17 8.522E-04 4.923E+00
18 2.912E-05 8.176E+01 19 1.548E-05 1.000E+02 21 4.483E-04 1.266E+01 22 1.603E-03 7.348E+00 23 5.500E-07 4.519E+01
24 2.660E-03 4.401E-01 25 7.384E-06 9.868E+00 26 1.540E-03 8.646E-01 27 1.226E-03 1.384E+00
 71  26
 1 4.483E-04 1.525E+01  2 3.144E-07 1.000E+02  3 3.272E-05 2.007E+01  5 3.337E-03 1.226E+01  6 2.125E-03 3.239E+00
 7 8.515E-03 9.494E-01  8 1.407E-02 1.148E+00  9 1.688E-03 3.380E+00 10 1.239E-04 1.578E+01 11 2.671E-03 2.865E+00
12 1.361E-03 2.361E+00 13 9.762E-05 6.788E+00 14 2.014E-03 1.806E+01 15 1.096E-03 6.185E+00 16 1.062E-03 1.605E+00
17 9.475E-04 5.281E+00 18 1.049E-05 7.905E+01 19 5.209E-05 6.204E+01 20 4.515E-06 1.000E+02 21 4.412E-04 1.304E+01
22 1.420E-03 9.480E+00 23 4.978E-07 4.100E+01 24 2.669E-03 3.323E-01 25 6.320E-06 7.638E+00 26 1.528E-03 9.779E-01
27 1.214E-03 1.414E+00
 72  24
 1 3.371E-04 2.586E+01  3 4.650E-05 2.148E+01  5 4.734E-03 7.641E+00  6 2.414E-03 4.524E+00  7 7.904E-03 8.844E-01
 8 1.309E-02 2.210E+00  9 1.503E-03 4.005E+00 10 1.117E-04 1.086E+01 11 3.068E-03 2.307E+00 12 1.500E-03 1.700E+00
13 1.001E-04 5.043E+00 14 8.949E-04 1.779E+01 15 1.083E-03 7.068E+00 16 1.058E-03 1.138E+00 17 1.177E-03 7.222E+00
18 1.194E-05 5.699E+01 19 1.065E-05 9.396E+01 21 2.916E-04 1.383E+01 22 1.128E-03 7.561E+00 23 5.546E-07 6.233E+01
24 2.651E-03 2.916E-01 25 5.744E-06 1.159E+01 26 1.511E-03 1.097E+00 27 1.177E-03 1.111E+00
 73  26
 1 7.231E-04 1.796E+01  2 1.972E-08 1.000E+02  3 3.296E-05 1.769E+01  5 6.195E-03 1.021E+01  6 2.537E-03 3.993E+00
 7 8.033E-03 1.132E+00  8 1.614E-02 1.892E+00  9 1.391E-03 5.162E+00 10 1.615E-04 1.375E+01 11 3.536E-03 3.113E+00
12 1.723E-03 1.975E+00 13 1.065E-04 6.822E+00 14 1.020E-03 1.460E+01 15 1.326E-03 6.736E+00 16 1.065E-03 1.394E+00
17 1.199E-03 5.722E+00 18 2.126E-05 6.000E+01 19 3.290E-05 6.319E+01 20 2.855E-06 1.000E+02 21 2.656E-04 1.624E+01
22 1.009E-03 8.288E+00 23 1.348E-06 3.676E+01 24 2.676E-03 3.299E-01 25 6.439E-06 1.094E+01 26 1.524E-03 9.496E-01
27 1.187E-03 1.540E+00
 74  25
 1 5.917E-04 2.258E+01  3 4.589E-05 2.792E+01  5 6.377E-03 8.827E+00  6 3.134E-03 3.911E+00  7 8.586E-03 1.017E+00
 8 1.697E-02 1.306E+00  9 1.176E-03 5.131E+00 10 1.513E-04 8.485E+00 11 4.094E-03 2.804E+00 12 1.921E-03 1.327E+00
13 1.265E-04 7.664E+00 14 1.155E-03 2.074E+01 15 1.799E-03 5.922E+00 16 1.044E-03 8.530E-01 17 1.394E-03 5.582E+00
18 3.718E-05 6.644E+01 19 5.301E-05 4.726E+01 20 7.946E-07 1.000E+02 21 2.675E-04 1.431E+01 22 9.575E-04 7.744E+00
23 1.349E-06 4.992E+01 24 2.661E-03 3.941E-01 25 4.358E-06 9.258E+00 26 1.487E-03 1.162E+00 27 1.120E-03 1.463E+00
 75  25
 1 7.069E-04 1.712E+01  2 8.354E-07 9.591E+01  3 5.512E-05 1.894E+01  5 5.456E-03 7.647E+00  6 4.449E-03 4.313E+00
 7 5.132E-03 1.315E+00  8 7.589E-03 2.066E+00  9 9.489E-04 6.269E+00 10 1.578E-04 8.894E+00 11 5.593E-03 1.590E+00
12 2.973E-03 1.090E+00 13 1.351E-04 4.154E+00 14 7.010E-04 2.177E+01 15 1.747E-03 6.147E+00 16 1.050E-03 1.011E+00
17 1.619E-03 5.145E+00 18 3.675E-05 6.966E+01 19 2.248E-05 5.361E+01 21 2.300E-04 1.450E+01 22 9.686E-04 1.012E+01
23 1.443E-06 2.909E+01 24 2.670E-03 4.295E-01 25 4.080E-06 1.284E+01 26 1.481E-03 1.311E+00 27 1.127E-03 1.737E+00
 76  25
 1 8.437E-04 1.256E+01  3 4.932E-05 1.867E+01  5 8.882E-03 9.403E+00  6 5.588E-03 2.489E+00  7 4.386E-03 1.881E+00
 8 6.259E-03 2.163E+00  9 8.382E-04 5.471E+00 10 1.799E-04 8.562E+00 11 7.927E-03 1.534E+00 12 3.272E-03 1.203E+00
13 1.364E-04 6.720E+00 14 1.337E-03 1.811E+01 15 1.752E-03 4.496E+00 16 1.056E-03 1.049E+00 17 1.724E-03 5.557E+00
18 8.643E-06 6.684E+01 19 1.373E-05 6.593E+01 20 1.165E-05 1.000E+02 21 3.064E-04 1.830E+01 22 8.797E-04 1.244E+01
23 1.232E-06 4.499E+01 24 2.661E-03 4.230E-01 25 4.427E-06 8.156E+00 26 1.499E-03 1.168E+00 27 1.114E-03 1.658E+00
 77  26
 1 1.029E-03 1.509E+01  2 4.161E-08 1.000E+02  3 6.370E-05 1.732E+01  5 1.524E-02 7.877E+00  6 6.526E-03 3.105E+00
 7 3.923E-03 1.279E+00  8 5.713E-03 1.839E+00  9 9.175E-04 6.040E+00 10 1.989E-04 1.153E+01 11 9.808E-03 1.451E+00
12 3.726E-03 1.185E+00 13 1.531E-04 6.567E+00 14 5.514E-04 3.533E+01 15 2.177E-03 5.119E+00 16 1.054E-03 1.675E+00
17 1.922E-03 4.134E+00 18 4.303E-05 4.988E+01 19 1.390E-05 8.011E+01 20 3.508E-05 1.000E+02 21 1.869E-04 2.003E+01
22 8.539E-04 8.439E+00 23 1.289E-06 3.099E+01 24 2.665E-03 3.548E-01 25 4.042E-06 1.112E+01 26 1.493E-03 9.228E-01
27 1.084E-03 1.362E+00
 78  25
 1 9.891E-04 1.459E+01  2 5.335E-07 7.227E+01  3 5.563E-05 1.591E+01  5 1.682E-02 4.348E+00  6 6.995E-03 2.351E+00
 7 3.299E-03 1.539E+00  8 4.955E-03 2.514E+00  9 6.494E-04 6.254E+00 10 2.581E-04 7.945E+00 11 1.175E-02 1.608E+00
12 4.059E-03 1.266E+00 13 1.802E-04 6.662E+00 14 9.529E-04 2.215E+01 15 2.149E-03 5.723E+00 16 1.061E-03 1.316E+00
17 2.150E-03 4.011E+00 18 6.892E-07 1.000E+02 19 4.204E-05 7.106E+01 21 1.902E-04 1.942E+01 22 6.476E-04 1.373E+01
23 2.240E-06 2.769E+01 24 2.661E-03 3.795E-01 25 3.491E-06 1.494E+01 26 1.495E-03 9.031E-01 27 1.101E-03 1.067E+00
 79  25
 1 9.609E-04 1.710E+01  2 6.919E-08 1.000E+02  3 6.865E-05 1.167E+01  5 1.661E-02 7.486E+00  6 7.731E-03 2.188E+00
 7 3.036E-03 1.681E+00  8 4.361E-03 2.259E+00  9 6.236E-04 6.575E+00 10 2.493E-04 8.656E+00 11 1.307E-02 1.355E+00
12 4.331E-03 1.192E+00 13 2.053E-04 4.887E+00 14 7.642E-04 2.019E+01 15 2.354E-03 4.489E+00 16 1.064E-03 1.439E+00
17 2.444E-03 2.950E+00 18 2.908E-05 6.892E+01 19 9.833E-06 9.019E+01 21 1.990E-04 1.958E+01 22 5.815E-04 1.510E+01
23 1.842E-06 2.286E+01 24 2.670E-03 3.914E-01 25 3.302E-06 1.610E+01 26 1.534E-03 9.621E-01 27 1.099E-03 1.395E+00
 80  24
 1 1.589E-03 1.666E+01  3 8.458E-05 1.577E+01  5 1.823E-02 4.100E+00  6 8.219E-03 1.727E+00  7 2.750E-03 1.897E+00
 8 3.915E-03 2.819E+00  9 6.431E-04 6.616E+00 10 3.228E-04 9.706E+00 11 1.454E-02 1.579E+00 12 4.770E-03 1.033E+00
13 2.190E-04 4.633E+00 14 7.798E-04 2.182E+01 15 2.625E-03 5.498E+00 16 1.044E-03 1.392E+00 17 2.784E-03 3.793E+00
18 1.976E-05 7.485E+01 19 3.435E-05 5.569E+01 21 1.456E-04 1.797E+01 22 4.794E-04 1.254E+01 23 1.773E-06 4.075E+01
24 2.657E-03 4.193E-01 25 2.797E-06 1.244E+01 26 1.499E-03 1.024E+00 27 1.071E-03 1.412E+00
 81  26
 1 1.070E-03 1.411E+01  2 2.081E-07 8.505E+01  3 9.324E-05 1.092E+01  5 1.765E-02 5.923E+00  6 8.396E-03 1.930E+00
 7 2.447E-03 1.657E+00  8 3.444E-03 2.731E+00  9 5.339E-04 6.231E+00 10 3.360E-04 5.418E+00 11 1.577E-02 1.078E+00
12 5.296E-03 1.028E+00 13 2.600E-04 4.309E+00 14 4.879E-04 3.557E+01 15 2.939E-03 4.573E+00 16 1.058E-03 1.017E+00
17 2.916E-03 3.756E+00 18 5.207E-06 8.397E+01 19 7.892E-05 5.377E+01 20 9.488E-08 1.000E+02 21 1.115E-04 2.645E+01
22 3.907E-04 1.435E+01 23 2.369E-06 3.269E+01 24 2.659E-03 3.002E-01 25 2.083E-06 1.409E+01 26 1.509E-03 8.976E-01
27 1.070E-03 1.305E+00
 82  26
 1 1.743E-03 1.342E+01  2 3.391E-07 1.000E+02  3 8.038E-05 1.239E+01  5 1.562E-02 4.344E+00  6 9.428E-03 2.036E+00
 7 2.275E-03 1.724E+00  8 3.130E-03 1.937E+00  9 4.417E-04 8.037E+00 10 4.075E-04 7.433E+00 11 1.686E-02 1.070E+00
12 5.563E-03 7.939E-01 13 2.551E-04 5.106E+00 14 4.786E-04 2.601E+01 15 3.317E-03 4.415E+00 16 1.052E-03 1.514E+00
17 3.345E-03 2.336E+00 18 3.269E-06 1.000E+02 19 3.836E-05 4.780E+01 20 6.987E-06 1.000E+02 21 1.124E-04 2.471E+01
22 4.280E-04 9.983E+00 23 2.612E-06 2.208E+01 24 2.650E-03 4.092E-01 25 2.195E-06 1.695E+01 26 1.526E-03 9.518E-01
27 1.083E-03 1.376E+00
 83  25
 1 1.443E-03 1.140E+01  2 1.904E-08 1.000E+02  3 9.576E-05 1.117E+01  5 1.664E-02 4.612E+00  6 9.607E-03 2.376E+00
 7 1.960E-03 1.809E+00  8 2.622E-03 3.518E+00  9 3.796E-04 8.322E+00 10 4.204E-04 6.267E+00 11 1.750E-02 1.163E+00
12 5.984E-03 9.816E-01 13 2.913E-04 5.042E+00 14 4.035E-04 3.314E+01 15 3.703E-03 4.657E+00 16 1.033E-03 1.081E+00
17 4.402E-03 2.402E+00 18 2.233E-05 5.711E+01 19 3.934E-05 7.003E+01 21 1.079E-04 2.330E+01 22 3.980E-04 1.454E+01
23 1.450E-06 3.342E+01 24 2.672E-03 3.260E-01 25 1.718E-06 2.099E+01 26 1.567E-03 8.048E-01 27 1.083E-03 1.347E+00
 84  26
 1 1.628E-03 1.262E+01  2 5.653E-07 6.441E+01  3 1.260E-04 1.512E+01  5 1.580E-02 6.052E+00  6 1.033E-02 1.723E+00
 7 1.800E-03 3.022E+00  8 2.576E-03 3.435E+00  9 4.022E-04 7.224E+00 10 3.982E-04 6.328E+00 11 1.816E-02 1.359E+00
12 6.190E-03 1.016E+00 13 3.023E-04 3.284E+00 14 2.176E-04 3.772E+01 15 4.054E-03 4.614E+00 16 1.063E-03 8.515E-01
17 5.437E-03 2.923E+00 18 1.753E-06 9.658E+01 19 8.946E-06 3.534E+01 20 1.098E-06 1.000E+02 21 1.252E-04 2.992E+01
22 3.096E-04 1.652E+01 23 3.241E-06 2.569E+01 24 2.652E-03 3.913E-01 25 2.613E-06 1.527E+01 26 1.554E-03 1.241E+00
27 1.075E-03 1.803E+00
 85  26
 1 2.003E-03 1.534E+01  2 1.437E-06 6.315E+01  3 1.135E-04 9.393E+00  5 1.502E-02 7.188E+00  6 1.057E-02 1.433E+00
 7 1.611E-03 1.918E+00  8 2.238E-03 2.673E+00  9 3.619E-04 6.724E+00 10 4.998E-04 6.164E+00 11 1.830E-02 1.218E+00
12 6.794E-03 1.001E+00 13 3.631E-04 2.794E+00 14 4.220E-04 3.853E+01 15 4.949E-03 3.051E+00 16 1.052E-03 1.049E+00
17 7.049E-03 2.421E+00 18 2.066E-06 8.550E+01 19 9.210E-05 5.553E+01 20 8.615E-08 1.000E+02 21 8.506E-05 2.385E+01
22 3.062E-04 1.553E+01 23 6.357E-06 1.776E+01 24 2.681E-03 3.288E-01 25 2.307E-06 3.134E+01 26 1.583E-03 7.711E-01
27 1.076E-03 1.413E+00
 86  25
 1 2.457E-03 1.285E+01  2 1.911E-06 5.630E+01  3 1.298E-04 1.676E+01  5 1.398E-02 6.437E+00  6 1.030E-02 1.908E+00
 7 1.454E-03 2.038E+00  8 2.135E-03 3.856E+00  9 3.137E-04 7.202E+00 10 4.589E-04 6.797E+00 11 1.832E-02 9.670E-01
12 7.010E-03 8.705E-01 13 3.818E-04 2.902E+00 14 7.581E-04 3.731E+01 15 5.197E-03 2.769E+00 16 1.052E-03 9.770E-01
17 8.061E-03 1.807E+00 18 1.549E-05 8.063E+01 19 8.229E-05 4.976E+01 21 8.213E-05 2.922E+01 22 2.631E-04 1.663E+01
23 2.704E-06 2.875E+01 24 2.681E-03 3.135E-01 25 1.687E-06 2.730E+01 26 1.636E-03 8.527E-01 27 1.104E-03 1.004E+00
 87  27
 1 2.928E-03 1.159E+01  2 3.060E-08 7.846E+01  3 1.759E-04 1.181E+01  4 1.351E-05 1.000E+02  5 1.345E-02 6.392E+00
 6 1.060E-02 1.799E+00  7 1.359E-03 2.255E+00  8 1.710E-03 4.100E+00  9 2.745E-04 1.049E+01 10 6.269E-04 5.297E+00
11 1.835E-02 9.425E-01 12 7.497E-03 1.020E+00 13 4.826E-04 3.181E+00 14 2.990E-04 4.479E+01 15 5.546E-03 4.013E+00
16 1.040E-03 1.512E+00 17 9.228E-03 1.516E+00 18 7.944E-06 1.000E+02 19 7.218E-05 4.157E+01 20 4.884E-07 6.884E+01
21 4.820E-05 3.149E+01 22 3.306E-04 1.443E+01 23 5.289E-06 1.724E+01 24 2.687E-03 3.440E-01 25 2.308E-06 1.948E+01
26 1.644E-03 9.081E-01 27 1.081E-03 1.501E+00
 88  25
 1 4.002E-03 7.942E+00  2 1.077E-06 5.155E+01  3 1.413E-04 1.162E+01  5 1.268E-02 7.524E+00  6 1.134E-02 1.507E+00
 7 1.189E-03 2.556E+00  8 1.681E-03 4.092E+00  9 2.421E-04 7.165E+00 10 7.061E-04 5.879E+00 11 1.737E-02 1.141E+00
12 7.734E-03 1.209E+00 13 4.702E-04 3.086E+00 14 4.238E-04 5.569E+01 15 6.943E-03 4.236E+00 16 1.066E-03 1.016E+00
17 9.955E-03 1.764E+00 18 3.046E-05 6.610E+01 19 1.007E-04 4.076E+01 21 2.877E-05 4.010E+01 22 3.344E-04 1.241E+01
23 5.515E-06 1.828E+01 24 2.676E-03 3.967E-01 25 1.997E-06 1.564E+01 26 1.671E-03 9.510E-01 27 1.085E-03 1.408E+00
 89  25
 1 4.138E-03 1.034E+01  2 3.252E-06 6.533E+01  3 1.824E-04 1.524E+01  5 1.258E-02 6.228E+00  6 1.074E-02 2.091E+00
 7 1.032E-03 2.333E+00  8 1.380E-03 5.221E+00  9 2.383E-04 7.930E+00 10 8.046E-04 4.494E+00 11 1.672E-02 1.240E+00
12 8.334E-03 9.492E-01 13 5.563E-04 3.179E+00 14 3.024E-04 3.439E+01 15 8.858E-03 2.916E+00 16 1.057E-03 1.191E+00
17 1.067E-02 1.942E+00 18 5.264E-06 1.000E+02 19 1.320E-04 3.037E+01 21 8.174E-05 2.458E+01 22 2.587E-04 1.939E+01
23 6.196E-06 3.139E+01 24 2.704E-03 3.612E-01 25 9.545E-07 1.882E+01 26 1.769E-03 1.072E+00 27 1.112E-03 1.540E+00
 90  26
 1 4.722E-03 9.088E+00  2 1.242E-06 6.095E+01  3 2.002E-04 1.188E+01  5 1.013E-02 6.663E+00  6 1.135E-02 2.176E+00
 7 9.677E-04 3.004E+00  8 1.307E-03 4.190E+00  9 2.411E-04 1.250E+01 10 8.611E-04 4.946E+00 11 1.555E-02 9.597E-01
12 8.592E-03 8.917E-01 13 6.097E-04 1.882E+00 14 3.377E-04 2.444E+01 15 1.029E-02 2.364E+00 16 1.026E-03 1.401E+00
17 1.151E-02 2.525E+00 18 3.245E-05 7.336E+01 19 6.364E-05 3.468E+01 20 2.108E-06 1.000E+02 21 2.789E-05 5.384E+01
22 2.075E-04 1.949E+01 23 5.010E-06 1.985E+01 24 2.707E-03 3.756E-01 25 1.420E-06 1.670E+01 26 1.832E-03 6.942E-01
27 1.150E-03 9.297E-01
 91  25
 1 4.745E-03 7.935E+00  2 3.453E-07 8.142E+01  3 2.050E-04 9.976E+00  5 8.601E-03 7.210E+00  6 1.031E-02 1.942E+00
 7 8.217E-04 4.100E+00  8 1.098E-03 4.800E+00  9 2.112E-04 9.773E+00 10 8.385E-04 5.085E+00 11 1.368E-02 1.269E+00
12 8.376E-03 7.668E-01 13 6.190E-04 2.486E+00 14 2.431E-04 5.307E+01 15 1.106E-02 3.702E+00 16 1.033E-03 1.401E+00
17 1.121E-02 2.330E+00 19 1.311E-04 3.325E+01 20 2.159E-05 6.684E+01 21 3.037E-05 4.854E+01 22 1.691E-04 2.505E+01
23 4.170E-06 1.399E+01 24 2.732E-03 3.351E-01 25 1.181E-06 3.027E+01 26 2.802E-03 7.331E-01 27 1.720E-03 8.639E-01
 92  25
 1 5.578E-03 7.969E+00  2 5.859E-07 7.807E+01  3 2.157E-04 1.029E+01  5 6.381E-03 8.644E+00  6 1.017E-02 2.081E+00
 7 7.558E-04 3.824E+00  8 1.075E-03 3.907E+00  9 1.345E-04 1.703E+01 10 1.036E-03 5.734E+00 11 1.199E-02 1.195E+00
12 8.559E-03 9.125E-01 13 7.323E-04 2.611E+00 14 1.359E-04 5.055E+01 15 1.125E-02 2.784E+00 16 1.020E-03 1.266E+00
17 1.135E-02 1.778E+00 19 1.821E-04 3.432E+01 20 8.699E-06 6.316E+01 21 4.851E-05 3.528E+01 22 1.462E-04 1.960E+01
23 7.261E-06 1.600E+01 24 2.782E-03 3.792E-01 25 1.029E-06 2.563E+01 26 3.128E-03 6.913E-01 27 1.881E-03 9.332E-01
 93  25
 1 6.640E-03 7.070E+00  2 5.311E-07 7.726E+01  3 2.080E-04 8.656E+00  5 6.420E-03 8.798E+00  6 1.011E-02 2.189E+00
 7 6.626E-04 3.875E+00  8 9.208E-04 4.784E+00  9 1.255E-04 1.320E+01 10 1.059E-03 4.392E+00 11 1.082E-02 1.828E+00
12 8.662E-03 9.088E-01 13 7.657E-04 3.439E+00 14 3.787E-04 4.794E+01 15 1.195E-02 3.164E+00 16 1.014E-03 1.270E+00
17 1.175E-02 1.236E+00 19 1.381E-04 3.290E+01 20 1.112E-05 6.983E+01 21 3.755E-05 4.652E+01 22 1.035E-04 2.062E+01
23 5.259E-06 1.850E+01 24 2.765E-03 4.028E-01 25 6.943E-07 2.614E+01 26 3.116E-03 5.384E-01 27 1.858E-03 7.186E-01
 94  26
 1 6.917E-03 8.756E+00  2 1.005E-06 5.619E+01  3 2.511E-04 7.098E+00  5 6.584E-03 9.342E+00  6 1.122E-02 1.711E+00
 7 6.364E-04 3.852E+00  8 9.245E-04 5.765E+00  9 1.377E-04 1.267E+01 10 1.264E-03 4.409E+00 11 1.005E-02 1.762E+00
12 9.776E-03 9.887E-01 13 8.873E-04 1.921E+00 14 1.627E-04 4.196E+01 15 1.399E-02 2.420E+00 16 1.022E-03 1.232E+00
17 1.357E-02 2.177E+00 18 1.447E-05 7.310E+01 19 1.437E-04 2.377E+01 20 2.098E-05 4.716E+01 21 3.801E-05 3.141E+01
22 1.725E-04 2.612E+01 23 9.767E-06 1.502E+01 24 2.697E-03 3.847E-01 25 8.853E-07 2.846E+01 26 1.967E-03 6.129E-01
27 1.034E-03 1.180E+00
 95  25
 1 8.753E-03 5.705E+00  2 4.892E-07 5.155E+01  3 3.098E-04 7.147E+00  5 6.387E-03 6.827E+00  6 1.081E-02 1.708E+00
 7 6.128E-04 3.460E+00  8 8.631E-04 4.238E+00  9 1.172E-04 1.091E+01 10 1.315E-03 3.389E+00 11 8.011E-03 1.551E+00
12 1.024E-02 8.261E-01 13 1.037E-03 2.260E+00 14 1.177E-04 4.723E+01 15 2.081E-02 1.873E+00 16 1.037E-03 1.248E+00
17 1.267E-02 1.176E+00 19 1.874E-04 2.421E+01 20 5.016E-06 1.000E+02 21 2.801E-05 5.250E+01 22 7.840E-05 2.622E+01
23 7.867E-06 1.563E+01 24 2.723E-03 3.391E-01 25 7.219E-07 1.992E+01 26 1.964E-03 8.411E-01 27 1.011E-03 9.530E-01
 96  26
 1 1.041E-02 7.296E+00  2 1.511E-07 8.176E+01  3 3.067E-04 6.667E+00  5 4.748E-03 8.345E+00  6 1.045E-02 2.292E+00
 7 4.951E-04 4.354E+00  8 6.513E-04 5.300E+00  9 1.270E-04 1.531E+01 10 1.471E-03 5.151E+00 11 5.327E-03 1.635E+00
12 1.026E-02 7.316E-01 13 1.127E-03 2.136E+00 14 2.190E-04 6.470E+01 15 2.107E-02 1.619E+00 16 1.021E-03 1.378E+00
17 1.247E-02 1.772E+00 18 1.305E-06 1.000E+02 19 2.852E-04 2.620E+01 20 1.244E-05 4.496E+01 21 2.821E-05 5.684E+01
22 9.938E-05 2.323E+01 23 8.166E-06 1.612E+01 24 2.719E-03 2.900E-01 25 5.935E-07 2.401E+01 26 2.269E-03 5.711E-01
27 1.224E-03 1.091E+00
 97  25
 1 2.377E-02 4.491E+00  2 2.878E-06 5.069E+01  3 2.996E-04 9.443E+00  5 3.726E-03 1.456E+01  6 9.212E-03 2.395E+00
 7 4.503E-04 4.960E+00  8 5.495E-04 6.046E+00  9 1.333E-04 1.480E+01 10 1.644E-03 3.646E+00 11 3.635E-03 3.819E+00
12 9.742E-03 8.286E-01 13 1.235E-03 2.136E+00 14 1.553E-04 4.131E+01 15 1.829E-02 2.275E+00 16 1.017E-03 1.325E+00
17 1.153E-02 2.038E+00 19 2.279E-04 2.970E+01 20 5.559E-06 6.883E+01 21 2.402E-05 6.340E+01 22 6.321E-05 3.049E+01
23 9.706E-06 1.527E+01 24 2.769E-03 3.987E-01 25 3.105E-07 5.870E+01 26 3.210E-03 5.655E-01 27 1.873E-03 6.015E-01
 98  26
 1 2.556E-02 4.393E+00  2 9.319E-07 5.110E+01  3 3.304E-04 6.118E+00  4 5.329E-05 1.000E+02  5 3.736E-03 1.250E+01
 6 9.057E-03 1.763E+00  7 3.871E-04 4.122E+00  8 4.683E-04 5.331E+00  9 1.069E-04 1.371E+01 10 1.806E-03 3.394E+00
11 3.025E-03 4.007E+00 12 9.888E-03 8.848E-01 13 1.333E-03 1.934E+00 14 8.606E-05 4.260E+01 15 1.679E-02 2.537E+00
16 1.010E-03 1.250E+00 17 1.092E-02 1.459E+00 19 2.069E-04 2.271E+01 20 3.608E-05 6.606E+01 21 6.043E-05 3.809E+01
22 8.605E-05 3.241E+01 23 1.110E-05 1.382E+01 24 2.745E-03 3.405E-01 25 4.629E-07 3.924E+01 26 3.222E-03 6.507E-01
27 1.867E-03 8.182E-01
 99  26
 1 2.679E-02 3.570E+00  2 2.125E-06 4.697E+01  3 4.119E-04 5.622E+00  5 3.047E-03 9.865E+00  6 8.698E-03 2.153E+00
 7 3.422E-04 4.469E+00  8 5.353E-04 7.125E+00  9 7.434E-05 1.798E+01 10 2.167E-03 3.393E+00 11 2.819E-03 2.683E+00
12 1.061E-02 7.842E-01 13 1.578E-03 2.571E+00 14 6.118E-05 4.461E+01 15 1.433E-02 2.948E+00 16 1.044E-03 1.066E+00
17 1.071E-02 2.038E+00 18 1.307E-05 1.000E+02 19 4.058E-04 2.042E+01 20 3.845E-05 4.609E+01 21 2.593E-05 4.166E+01
22 6.303E-05 3.476E+01 23 1.398E-05 1.338E+01 24 2.739E-03 3.896E-01 25 4.546E-07 4.301E+01 26 2.762E-03 7.852E-01
27 1.543E-03 9.028E-01
100  25
 1 2.781E-02 4.159E+00  2 3.286E-06 3.712E+01  3 4.740E-04 7.447E+00  5 3.026E-03 1.266E+01  6 8.253E-03 2.255E+00
 7 3.312E-04 5.446E+00  8 4.219E-04 6.356E+00  9 6.597E-05 1.998E+01 10 2.311E-03 2.985E+00 11 2.623E-03 3.044E+00
12 1.138E-02 8.071E-01 13 1.732E-03 1.527E+00 14 1.078E-04 6.895E+01 15 1.259E-02 2.693E+00 16 1.005E-03 1.475E+00
17 1.090E-02 1.497E+00 19 2.695E-04 2.694E+01 20 1.890E-05 9.911E+01 21 1.418E-05 4.280E+01 22 5.325E-05 3.013E+01
23 1.525E-05 1.203E+01 24 2.703E-03 3.190E-01 25 5.472E-07 3.089E+01 26 2.067E-03 7.697E-01 27 1.038E-03 1.267E+00
101  25
 1 2.631E-02 4.425E+00  2 6.640E-07 4.742E+01  3 4.747E-04 6.866E+00  5 2.762E-03 9.144E+00  6 8.110E-03 1.466E+00
 7 3.083E-04 4.835E+00  8 4.185E-04 7.355E+00  9 6.335E-05 1.676E+01 10 2.729E-03 3.464E+00 11 2.370E-03 3.674E+00
12 1.119E-02 9.327E-01 13 1.958E-03 1.632E+00 14 7.838E-06 9.179E+01 15 8.847E-03 2.474E+00 16 1.048E-03 1.248E+00
17 9.729E-03 2.458E+00 19 5.922E-04 2.313E+01 20 1.635E-05 7.015E+01 21 1.060E-05 6.044E+01 22 4.884E-05 3.194E+01
23 1.140E-05 1.438E+01 24 2.699E-03 4.965E-01 25 2.325E-07 3.154E+01 26 2.083E-03 8.301E-01 27 1.049E-03 1.182E+00
102  25
 1 2.096E-02 3.240E+00  2 9.582E-07 5.482E+01  3 5.217E-04 6.985E+00  5 2.327E-03 1.009E+01  6 7.400E-03 2.741E+00
 7 2.886E-04 5.533E+00  8 3.574E-04 8.609E+00  9 6.889E-05 3.376E+01 10 2.882E-03 3.856E+00 11 1.963E-03 3.000E+00
12 1.074E-02 9.110E-01 13 2.101E-03 1.574E+00 14 7.405E-05 6.100E+01 15 7.170E-03 3.030E+00 16 1.030E-03 1.343E+00
17 8.127E-03 2.235E+00 19 3.344E-04 2.016E+01 20 9.347E-06 7.318E+01 21 2.565E-05 6.372E+01 22 7.083E-05 3.370E+01
23 1.588E-05 1.285E+01 24 2.733E-03 4.131E-01 25 4.195E-07 4.623E+01 26 2.823E-03 5.686E-01 27 1.538E-03 7.539E-01
103  25
 1 1.663E-02 5.853E+00  2 1.364E-06 7.895E+01  3 6.585E-04 6.503E+00  5 1.995E-03 1.608E+01  6 6.484E-03 2.609E+00
 7 2.510E-04 6.997E+00  8 3.468E-04 7.212E+00  9 7.508E-05 3.123E+01 10 3.100E-03 2.014E+00 11 1.696E-03 3.910E+00
12 1.007E-02 6.572E-01 13 2.315E-03 1.529E+00 14 9.480E-05 7.200E+01 15 5.799E-03 2.875E+00 16 1.008E-03 1.110E+00
17 7.126E-03 2.282E+00 19 7.102E-04 1.853E+01 20 8.281E-05 6.436E+01 21 1.536E-05 8.771E+01 22 3.877E-05 2.856E+01
23 1.709E-05 1.297E+01 24 2.735E-03 3.670E-01 25 1.521E-07 4.644E+01 26 3.331E-03 6.019E-01 27 1.891E-03 8.794E-01
104  25
 1 1.521E-02 6.659E+00  2 4.945E-06 3.748E+01  3 6.143E-04 7.608E+00  5 1.883E-03 1.342E+01  6 5.930E-03 2.781E+00
 7 2.055E-04 4.856E+00  8 2.743E-04 8.068E+00  9 4.247E-05 1.831E+01 10 3.695E-03 2.319E+00 11 1.552E-03 4.137E+00
12 1.025E-02 8.448E-01 13 2.611E-03 1.279E+00 14 4.492E-05 9.946E+01 15 5.529E-03 4.092E+00 16 1.036E-03 8.883E-01
17 6.294E-03 2.557E+00 19 5.106E-04 1.570E+01 20 2.931E-05 8.514E+01 21 2.083E-06 1.000E+02 22 2.668E-05 5.188E+01
23 2.151E-05 1.036E+01 24 2.762E-03 3.604E-01 25 2.900E-07 3.606E+01 26 3.341E-03 5.484E-01 27 1.890E-03 7.855E-01
105  26
 1 1.292E-02 4.108E+00  2 2.274E-06 3.982E+01  3 7.789E-04 4.301E+00  5 1.638E-03 1.232E+01  6 5.382E-03 2.370E+00
 7 1.933E-04 6.906E+00  8 2.694E-04 8.824E+00  9 2.951E-05 2.363E+01 10 4.408E-03 2.717E+00 11 1.415E-03 5.217E+00
12 1.042E-02 7.409E-01 13 3.082E-03 1.498E+00 14 2.257E-04 7.416E+01 15 4.937E-03 3.823E+00 16 1.033E-03 1.500E+00
17 5.414E-03 3.235E+00 18 9.998E-06 1.000E+02 19 4.075E-04 2.538E+01 20 2.993E-05 4.104E+01 21 8.547E-07 6.018E+01
22 3.976E-05 3.318E+01 23 2.253E-05 1.226E+01 24 2.688E-03 4.022E-01 25 3.517E-07 4.336E+01 26 2.407E-03 7.675E-01
27 1.245E-03 1.135E+00
106  26
 1 9.389E-03 5.689E+00  2 2.333E-06 6.004E+01  3 7.745E-04 5.466E+00  5 1.875E-03 1.236E+01  6 4.142E-03 2.965E+00
 7 1.910E-04 6.563E+00  8 2.981E-04 1.025E+01  9 4.284E-05 1.841E+01 10 5.059E-03 2.262E+00 11 1.348E-03 2.909E+00
12 1.005E-02 8.759E-01 13 3.580E-03 9.102E-01 14 7.924E-07 1.000E+02 15 4.372E-03 3.386E+00 16 1.067E-03 1.470E+00
17 4.360E-03 3.086E+00 18 1.749E-05 7.766E+01 19 6.183E-04 1.893E+01 20 1.874E-05 5.608E+01 21 5.558E-06 7.080E+01
22 7.701E-05 3.693E+01 23 2.124E-05 7.670E+00 24 2.680E-03 3.410E-01 25 2.604E-07 4.761E+01 26 2.169E-03 6.099E-01
27 1.072E-03 1.156E+00
107  25
 1 6.148E-03 8.308E+00  2 2.765E-06 6.264E+01  3 8.053E-04 5.374E+00  5 1.235E-03 1.684E+01  6 3.076E-03 3.088E+00
 7 1.605E-04 4.729E+00  8 2.137E-04 1.174E+01  9 3.036E-05 2.505E+01 10 5.616E-03 2.162E+00 11 1.127E-03 3.694E+00
12 4.940E-03 1.235E+00 13 4.109E-03 1.471E+00 14 4.425E-06 1.000E+02 15 4.097E-03 3.856E+00 16 1.028E-03 1.072E+00
17 3.131E-03 2.389E+00 19 6.387E-04 1.822E+01 20 2.902E-05 4.840E+01 21 6.981E-06 9.403E+01 22 3.690E-06 5.528E+01
23 2.121E-05 9.184E+00 24 2.660E-03 3.635E-01 25 1.092E-07 4.707E+01 26 2.242E-03 4.859E-01 27 1.104E-03 7.735E-01
108  25
 1 5.435E-03 7.297E+00  2 1.653E-06 5.255E+01  3 8.061E-04 3.578E+00  5 9.530E-04 1.842E+01  6 2.273E-03 2.297E+00
 7 1.377E-04 5.994E+00  8 1.615E-04 1.218E+01  9 4.371E-05 2.071E+01 10 7.092E-03 2.225E+00 11 9.055E-04 4.853E+00
12 3.565E-03 1.019E+00 13 7.201E-03 7.257E-01 14 1.696E-05 6.042E+01 15 3.435E-03 4.283E+00 16 1.012E-03 1.534E+00
17 2.362E-03 3.422E+00 19 9.458E-04 1.193E+01 20 5.791E-05 3.787E+01 21 1.161E-05 6.635E+01 22 2.956E-05 4.345E+01
23 2.154E-05 1.184E+01 24 2.646E-03 3.509E-01 25 2.818E-07 4.214E+01 26 3.425E-03 5.120E-01 27 1.948E-03 5.394E-01
109  25
 1 4.604E-03 7.375E+00  2 2.776E-06 4.180E+01  3 9.059E-04 4.470E+00  5 8.239E-04 1.877E+01  6 2.226E-03 4.437E+00
 7 1.338E-04 7.472E+00  8 1.785E-04 1.094E+01  9 1.742E-05 2.977E+01 10 1.066E-02 1.896E+00 11 7.994E-04 4.923E+00
12 3.186E-03 1.468E+00 13 7.521E-03 9.082E-01 14 3.493E-07 1.000E+02 15 3.508E-03 6.545E+00 16 1.028E-03 1.398E+00
17 2.197E-03 4.728E+00 19 1.080E-03 1.529E+01 20 1.669E-05 5.363E+01 21 5.401E-06 1.000E+02 22 2.776E-05 4.412E+01
23 2.249E-05 1.152E+01 24 2.655E-03 4.520E-01 25 9.395E-08 4.545E+01 26 3.506E-03 7.000E-01 27 1.991E-03 8.374E-01
110  26
 1 4.343E-03 1.033E+01  2 5.586E-06 2.882E+01  3 1.035E-03 3.061E+00  4 4.700E-06 1.000E+02  5 9.594E-04 2.044E+01
 6 2.025E-03 3.129E+00  7 1.090E-04 9.153E+00  8 1.691E-04 1.295E+01  9 2.279E-05 2.870E+01 10 1.387E-02 1.320E+00
11 7.294E-04 3.971E+00 12 2.887E-03 1.527E+00 13 7.995E-03 7.877E-01 14 6.595E-05 1.000E+02 15 3.058E-03 4.241E+00
16 1.080E-03 1.126E+00 17 2.137E-03 4.249E+00 19 7.104E-04 1.222E+01 20 1.077E-04 5.937E+01 21 1.624E-05 5.751E+01
22 7.218E-06 7.013E+01 23 2.679E-05 7.914E+00 24 2.630E-03 4.300E-01 25 1.138E-07 4.202E+01 26 3.212E-03 8.447E-01
27 1.791E-03 1.007E+00
111  25
 1 3.830E-03 8.996E+00  2 4.390E-06 5.307E+01  3 1.139E-03 5.018E+00  5 1.130E-03 1.509E+01  6 1.899E-03 4.729E+00
 7 1.146E-04 1.067E+01  8 1.560E-04 1.084E+01  9 1.378E-05 3.035E+01 10 1.665E-02 1.027E+00 11 7.094E-04 4.818E+00
12 2.730E-03 1.213E+00 13 8.842E-03 7.161E-01 14 8.852E-06 7.640E+01 15 2.994E-03 4.313E+00 16 1.065E-03 1.294E+00
17 1.949E-03 3.474E+00 19 6.885E-04 1.254E+01 20 3.237E-05 5.052E+01 21 6.105E-07 1.000E+02 22 5.388E-05 3.901E+01
23 2.248E-05 1.033E+01 24 2.581E-03 3.745E-01 25 1.883E-07 5.048E+01 26 2.283E-03 8.998E-01 27 1.127E-03 1.179E+00
112  25
 1 3.950E-03 6.683E+00  2 3.083E-06 4.693E+01  3 1.277E-03 3.314E+00  5 9.948E-04 1.133E+01  6 1.713E-03 4.837E+00
 7 7.730E-05 1.012E+01  8 1.205E-04 1.520E+01  9 3.611E-05 4.221E+01 10 1.802E-02 1.544E+00 11 6.086E-04 5.808E+00
12 2.525E-03 1.762E+00 13 9.068E-03 1.184E+00 14 9.931E-07 1.000E+02 15 2.517E-03 5.775E+00 16 1.089E-03 1.421E+00
17 1.834E-03 4.789E+00 19 1.260E-03 9.205E+00 20 7.922E-05 7.214E+01 21 2.851E-06 8.012E+01 22 1.969E-05 5.166E+01
23 2.839E-05 9.224E+00 24 2.599E-03 3.805E-01 25 9.225E-08 6.079E+01 26 2.352E-03 7.054E-01 27 1.153E-03 1.131E+00
113  25
 1 2.861E-03 9.534E+00  2 6.503E-06 4.081E+01  3 1.258E-03 5.043E+00  5 9.169E-04 1.569E+01  6 1.593E-03 4.918E+00
 7 8.527E-05 7.030E+00  8 1.430E-04 1.368E+01  9 1.888E-05 3.217E+01 10 1.774E-02 1.082E+00 11 6.135E-04 5.209E+00
12 2.281E-03 1.718E+00 13 8.478E-03 8.626E-01 14 2.963E-05 9.690E+01 15 2.325E-03 5.804E+00 16 1.072E-03 1.238E+00
17 1.641E-03 4.082E+00 19 1.109E-03 1.261E+01 20 9.516E-05 3.882E+01 21 2.645E-06 9.822E+01 22 1.392E-05 6.704E+01
23 3.088E-05 7.037E+00 24 2.607E-03 4.546E-01 25 4.364E-08 6.312E+01 26 2.806E-03 7.244E-01 27 1.473E-03 1.113E+00
114  23
 1 2.374E-03 9.119E+00  2 1.875E-06 5.656E+01  3 1.463E-03 3.375E+00  5 6.347E-04 2.338E+01  6 1.474E-03 3.739E+00
 7 8.344E-05 7.318E+00  8 1.233E-04 1.196E+01  9 1.247E-05 4.243E+01 10 1.705E-02 1.792E+00 11 4.692E-04 6.537E+00
12 1.987E-03 1.837E+00 13 8.154E-03 8.393E-01 15 2.159E-03 6.952E+00 16 1.053E-03 1.280E+00 17 1.393E-03 4.404E+00
19 1.626E-03 1.043E+01 20 1.098E-04 3.818E+01 22 9.588E-06 9.098E+01 23 3.256E-05 9.892E+00 24 2.644E-03 3.491E-01
25 3.214E-08 5.922E+01 26 3.506E-03 5.086E-01 27 1.961E-03 7.581E-01
115  25
 1 1.869E-03 9.259E+00  2 2.519E-06 4.515E+01  3 1.472E-03 2.885E+00  5 5.949E-04 3.895E+01  6 1.156E-03 5.389E+00
 7 6.161E-05 9.835E+00  8 8.522E-05 1.936E+01  9 1.090E-05 2.946E+01 10 1.697E-02 1.131E+00 11 4.717E-04 6.144E+00
12 1.809E-03 2.068E+00 13 8.150E-03 1.076E+00 14 1.432E-05 1.000E+02 15 1.724E-03 6.137E+00 16 1.015E-03 1.065E+00
17 1.314E-03 4.571E+00 19 1.422E-03 1.077E+01 20 1.267E-04 3.698E+01 21 7.477E-06 9.862E+01 22 1.507E-05 4.978E+01
23 3.398E-05 7.998E+00 24 2.645E-03 4.246E-01 25 6.607E-08 7.169E+01 26 3.521E-03 5.974E-01 27 1.965E-03 7.369E-01
116  24
 1 2.160E-03 1.185E+01  2 9.266E-06 3.724E+01  3 1.857E-03 2.537E+00  5 4.534E-04 2.689E+01  6 1.102E-03 6.805E+00
 7 7.812E-05 1.066E+01  8 8.768E-05 1.544E+01  9 2.152E-05 3.495E+01 10 1.793E-02 1.189E+00 11 4.411E-04 6.310E+00
12 1.706E-03 2.013E+00 13 8.642E-03 8.228E-01 15 1.851E-03 6.851E+00 16 1.062E-03 1.563E+00 17 1.263E-03 6.269E+00
19 2.001E-03 1.303E+01 20 4.316E-05 3.990E+01 21 3.399E-06 8.751E+01 22 2.116E-05 7.057E+01 23 4.095E-05 9.628E+00
24 2.604E-03 4.297E-01 25 1.320E-07 6.912E+01 26 2.828E-03 8.048E-01 27 1.484E-03 8.862E-01
117  24
 1 1.916E-03 1.344E+01  2 1.712E-06 5.731E+01  3 3.531E-03 2.870E+00  5 3.907E-04 2.236E+01  6 1.211E-03 4.295E+00
 7 5.881E-05 1.280E+01  8 8.337E-05 1.641E+01  9 8.827E-06 2.978E+01 10 1.852E-02 1.054E+00 11 4.164E-04 7.469E+00
12 1.536E-03 1.803E+00 13 9.095E-03 1.153E+00 15 1.782E-03 5.312E+00 16 1.249E-03 1.264E+00 17 1.236E-03 4.789E+00
19 1.841E-03 9.686E+00 20 1.096E-04 5.603E+01 21 2.009E-05 9.955E+01 22 1.448E-05 5.464E+01 23 4.069E-05 8.358E+00
24 2.594E-03 4.283E-01 25 1.994E-08 7.236E+01 26 2.354E-03 7.497E-01 27 1.132E-03 1.108E+00
118  26
 1 2.394E-03 1.282E+01  2 3.222E-06 4.207E+01  3 7.554E-03 1.783E+00  4 2.149E-05 1.000E+02  5 8.109E-04 2.581E+01
 6 9.898E-04 5.355E+00  7 5.838E-05 1.055E+01  8 1.059E-04 1.935E+01  9 2.887E-05 3.227E+01 10 1.729E-02 1.144E+00
11 3.926E-04 6.993E+00 12 1.411E-03 1.854E+00 13 8.920E-03 8.076E-01 14 3.751E-05 8.690E+01 15 1.573E-03 7.510E+00
16 1.224E-03 1.131E+00 17 1.065E-03 7.764E+00 19 2.526E-03 1.045E+01 20 1.412E-04 3.269E+01 21 4.131E-06 1.000E+02
22 8.150E-06 8.459E+01 23 4.393E-05 8.611E+00 24 2.589E-03 4.039E-01 25 2.916E-08 5.895E+01 26 2.366E-03 8.889E-01
27 1.143E-03 1.272E+00
119  24
 1 1.513E-03 9.639E+00  2 9.492E-06 3.615E+01  3 1.047E-02 1.574E+00  5 6.033E-04 2.146E+01  6 9.475E-04 7.039E+00
 7 5.680E-05 1.316E+01  8 6.093E-05 1.602E+01  9 1.461E-05 5.369E+01 10 1.475E-02 1.405E+00 11 2.959E-04 6.963E+00
12 1.342E-03 2.424E+00 13 8.225E-03 1.007E+00 14 1.931E-05 9.557E+01 15 1.336E-03 7.422E+00 16 1.196E-03 1.210E+00
17 9.976E-04 8.122E+00 19 2.144E-03 8.082E+00 20 2.503E-04 3.048E+01 22 1.908E-05 7.205E+01 23 4.537E-05 6.410E+00
24 2.625E-03 3.917E-01 25 2.057E-07 6.687E+01 26 3.220E-03 5.566E-01 27 1.736E-03 6.341E-01
120  26
 1 1.321E-03 1.436E+01  2 7.009E-06 2.815E+01  3 1.408E-02 8.059E-01  4 1.108E-05 1.000E+02  5 5.563E-04 2.945E+01
 6 7.434E-04 6.755E+00  7 5.091E-05 1.507E+01  8 6.656E-05 1.522E+01  9 1.691E-05 4.268E+01 10 1.420E-02 1.532E+00
11 2.441E-04 9.297E+00 12 1.156E-03 2.140E+00 13 7.935E-03 9.045E-01 14 5.419E-06 1.000E+02 15 1.154E-03 7.463E+00
16 1.142E-03 1.508E+00 17 8.177E-04 6.842E+00 19 2.740E-03 9.554E+00 20 2.527E-04 2.544E+01 21 1.618E-06 1.000E+02
22 3.204E-06 7.550E+01 23 5.156E-05 6.430E+00 24 2.631E-03 4.388E-01 25 2.511E-07 3.652E+01 26 3.445E-03 6.990E-01
27 1.897E-03 7.916E-01
121  25
 1 1.243E-03 1.394E+01  2 4.007E-06 2.541E+01  3 1.623E-02 1.048E+00  4 9.215E-06 1.000E+02  5 2.748E-04 3.095E+01
 6 6.403E-04 7.056E+00  7 4.911E-05 1.242E+01  8 6.166E-05 1.630E+01  9 5.792E-06 3.908E+01 10 1.301E-02 1.178E+00
11 2.849E-04 9.311E+00 12 1.080E-03 1.956E+00 13 7.808E-03 8.090E-01 15 9.569E-04 8.173E+00 16 1.165E-03 1.027E+00
17 8.201E-04 7.802E+00 19 2.812E-03 1.071E+01 20 1.615E-04 3.661E+01 21 1.262E-07 1.000E+02 22 2.421E-06 1.000E+02
23 5.930E-05 7.381E+00 24 2.634E-03 3.793E-01 25 2.830E-07 3.773E+01 26 3.443E-03 6.620E-01 27 1.889E-03 9.397E-01
122  24
 1 1.198E-03 1.573E+01  2 1.093E-05 2.311E+01  3 1.770E-02 1.238E+00  5 2.379E-04 4.000E+01  6 6.940E-04 5.335E+00
 7 4.838E-05 1.237E+01  8 8.121E-05 1.735E+01  9 8.226E-06 5.436E+01 10 1.391E-02 1.690E+00 11 2.592E-04 7.963E+00
12 1.031E-03 2.301E+00 13 8.441E-03 9.800E-01 15 9.834E-04 1.033E+01 16 1.130E-03 1.314E+00 17 8.265E-04 7.443E+00
19 3.391E-03 7.764E+00 20 1.640E-04 2.540E+01 21 6.028E-06 7.732E+01 22 1.618E-05 9.776E+01 23 6.516E-05 6.639E+00
24 2.587E-03 4.046E-01 25 2.119E-07 5.312E+01 26 2.495E-03 7.080E-01 27 1.177E-03 1.126E+00
123  25
 1 1.234E-03 1.609E+01  2 1.178E-05 2.427E+01  3 1.865E-02 9.830E-01  5 4.318E-04 2.139E+01  6 5.890E-04 7.176E+00
 7 3.876E-05 1.923E+01  8 4.447E-05 2.332E+01  9 1.706E-06 6.715E+01 10 1.272E-02 1.768E+00 11 2.141E-04 1.047E+01
12 8.953E-04 2.359E+00 13 7.931E-03 1.167E+00 14 2.442E-07 1.000E+02 15 8.710E-04 8.199E+00 16 1.123E-03 1.051E+00
17 7.399E-04 8.084E+00 19 3.947E-03 8.723E+00 20 1.636E-04 2.798E+01 21 1.070E-06 1.000E+02 22 5.196E-06 7.228E+01
23 6.063E-05 4.682E+00 24 2.595E-03 4.229E-01 25 2.458E-07 4.530E+01 26 2.726E-03 6.487E-01 27 1.256E-03 6.913E-01
124  25
 1 1.100E-03 1.422E+01  2 9.506E-06 2.301E+01  3 1.933E-02 1.211E+00  4 2.145E-05 1.000E+02  5 1.524E-04 4.447E+01
 6 5.265E-04 9.189E+00  7 4.336E-05 1.186E+01  8 5.089E-05 1.649E+01  9 1.866E-05 4.241E+01 10 1.180E-02 1.078E+00
11 2.406E-04 9.318E+00 12 8.036E-04 2.108E+00 13 7.776E-03 1.079E+00 14 3.859E-07 1.000E+02 15 9.275E-04 7.836E+00
16 1.122E-03 1.567E+00 17 6.568E-04 8.089E+00 19 4.811E-03 9.096E+00 20 1.744E-04 3.392E+01 22 7.887E-06 7.629E+01
23 7.064E-05 5.094E+00 24 2.618E-03 3.374E-01 25 2.352E-07 4.599E+01 26 2.977E-03 6.779E-01 27 1.444E-03 9.650E-01
125  25
 1 7.864E-04 1.554E+01  2 6.759E-06 2.627E+01  3 1.923E-02 1.075E+00  4 7.022E-06 1.000E+02  5 2.913E-04 4.285E+01
 6 5.655E-04 7.371E+00  7 4.119E-05 1.371E+01  8 3.344E-05 2.503E+01  9 1.014E-05 4.912E+01 10 1.001E-02 1.379E+00
11 2.171E-04 9.261E+00 12 7.492E-04 2.174E+00 13 7.185E-03 7.473E-01 14 1.108E-06 1.000E+02 15 7.756E-04 1.056E+01
16 1.102E-03 1.177E+00 17 6.145E-04 7.289E+00 19 5.157E-03 7.593E+00 20 1.437E-04 3.336E+01 22 9.834E-06 6.376E+01
23 7.860E-05 5.198E+00 24 2.676E-03 3.242E-01 25 7.872E-08 5.156E+01 26 3.841E-03 6.138E-01 27 2.072E-03 7.305E-01
126  26
 1 6.671E-04 1.998E+01  2 8.941E-06 2.660E+01  3 1.846E-02 1.418E+00  4 1.495E-05 1.000E+02  5 3.044E-04 3.292E+01
 6 4.607E-04 7.712E+00  7 3.204E-05 1.395E+01  8 4.561E-05 2.725E+01  9 8.179E-06 4.779E+01 10 8.984E-03 2.034E+00
11 1.908E-04 1.359E+01 12 7.033E-04 2.490E+00 13 7.101E-03 9.404E-01 14 1.077E-06 1.000E+02 15 6.627E-04 8.141E+00
16 1.122E-03 1.466E+00 17 5.490E-04 7.575E+00 19 5.755E-03 6.938E+00 20 2.373E-04 2.531E+01 21 2.011E-07 1.000E+02
22 6.368E-07 6.236E+01 23 8.523E-05 6.377E+00 24 2.660E-03 4.053E-01 25 2.134E-07 4.992E+01 26 3.807E-03 6.644E-01
27 2.064E-03 7.077E-01
127  25
 1 8.440E-04 1.966E+01  2 8.369E-06 1.827E+01  3 1.772E-02 1.190E+00  5 2.129E-04 4.110E+01  6 4.435E-04 7.567E+00
 7 3.394E-05 1.464E+01  8 3.027E-05 2.353E+01  9 2.341E-06 3.482E+01 10 8.049E-03 2.263E+00 11 1.377E-04 1.066E+01
12 6.466E-04 2.923E+00 13 7.479E-03 9.311E-01 14 3.112E-06 8.562E+01 15 6.100E-04 9.742E+00 16 1.118E-03 1.192E+00
17 5.002E-04 1.100E+01 19 7.974E-03 5.255E+00 20 2.519E-04 2.294E+01 21 8.113E-08 1.000E+02 22 4.187E-06 6.859E+01
23 8.555E-05 4.267E+00 24 2.641E-03 3.368E-01 25 1.954E-07 3.529E+01 26 3.405E-03 6.204E-01 27 1.774E-03 7.210E-01
128  24
 1 6.313E-04 2.101E+01  2 1.218E-05 2.614E+01  3 1.625E-02 1.446E+00  5 1.510E-04 3.295E+01  6 3.824E-04 9.042E+00
 7 2.048E-05 1.853E+01  8 4.465E-05 2.649E+01  9 3.151E-06 5.717E+01 10 7.457E-03 1.985E+00 11 1.520E-04 1.084E+01
12 5.966E-04 3.073E+00 13 7.559E-03 1.107E+00 15 5.776E-04 8.820E+00 16 1.120E-03 1.037E+00 17 4.668E-04 8.282E+00
19 1.512E-02 4.391E+00 20 2.432E-04 2.888E+01 21 2.513E-06 1.000E+02 22 5.826E-06 7.187E+01 23 9.833E-05 6.034E+00
24 2.606E-03 3.282E-01 25 6.762E-09 5.305E+01 26 2.830E-03 7.164E-01 27 1.362E-03 7.878E-01
129  23
 1 6.291E-04 1.772E+01  2 1.574E-05 1.815E+01  3 1.430E-02 1.373E+00  5 1.942E-04 3.123E+01  6 4.163E-04 6.826E+00
 7 2.121E-05 2.102E+01  8 3.228E-05 2.059E+01  9 1.028E-05 7.772E+01 10 6.802E-03 2.264E+00 11 1.405E-04 9.900E+00
12 5.597E-04 2.579E+00 13 7.575E-03 8.993E-01 15 5.589E-04 1.067E+01 16 1.162E-03 1.044E+00 17 4.782E-04 8.141E+00
19 1.891E-02 5.124E+00 20 6.630E-04 2.709E+01 21 2.082E-06 1.000E+02 23 1.083E-04 4.937E+00 24 2.599E-03 3.534E-01
25 1.285E-07 8.246E+01 26 2.838E-03 6.160E-01 27 1.355E-03 8.863E-01
130  23
 1 5.762E-04 2.883E+01  2 1.705E-05 1.919E+01  3 1.087E-02 2.169E+00  5 2.615E-04 2.949E+01  6 3.245E-04 8.403E+00
 7 2.358E-05 1.861E+01  8 3.290E-05 2.639E+01  9 8.592E-07 6.798E+01 10 5.778E-03 1.630E+00 11 1.494E-04 9.317E+00
12 5.219E-04 4.260E+00 13 7.316E-03 8.969E-01 14 2.559E-05 1.000E+02 15 5.233E-04 9.384E+00 16 1.172E-03 1.032E+00
17 3.999E-04 1.032E+01 19 2.051E-02 3.739E+00 20 2.947E-04 3.329E+01 23 1.127E-04 3.785E+00 24 2.651E-03 3.642E-01
25 2.250E-08 5.688E+01 26 3.495E-03 5.665E-01 27 1.808E-03 7.493E-01
131  25
 1 7.467E-04 2.234E+01  2 1.248E-05 2.293E+01  3 7.515E-03 1.724E+00  4 1.486E-05 1.000E+02  5 2.112E-04 4.531E+01
 6 2.695E-04 1.080E+01  7 1.683E-05 1.773E+01  8 3.261E-05 2.922E+01  9 1.988E-06 7.143E+01 10 4.091E-03 2.774E+00
11 1.172E-04 1.360E+01 12 4.435E-04 3.499E+00 13 7.367E-03 1.112E+00 14 2.374E-05 1.000E+02 15 4.234E-04 1.240E+01
16 1.217E-03 1.131E+00 17 3.872E-04 1.084E+01 19 2.351E-02 2.947E+00 20 4.356E-04 1.869E+01 22 6.070E-07 7.627E+01
23 1.214E-04 4.587E+00 24 2.658E-03 3.643E-01 25 1.259E-07 5.810E+01 26 3.975E-03 6.578E-01 27 2.156E-03 7.914E-01
132  25
 1 4.911E-04 2.161E+01  2 1.600E-05 2.454E+01  3 3.450E-03 2.148E+00  4 2.134E-04 1.000E+02  5 1.828E-04 4.002E+01
 6 2.502E-04 8.666E+00  7 2.371E-05 1.893E+01  8 2.672E-05 4.288E+01  9 7.355E-07 1.000E+02 10 3.419E-03 2.393E+00
11 9.252E-05 1.657E+01 12 4.231E-04 4.332E+00 13 7.323E-03 7.667E-01 15 4.615E-04 1.072E+01 16 1.265E-03 1.300E+00
17 3.032E-04 9.705E+00 19 2.455E-02 3.192E+00 20 3.420E-04 1.858E+01 21 4.137E-08 1.000E+02 22 4.282E-07 1.000E+02
23 1.307E-04 4.169E+00 24 2.673E-03 4.280E-01 25 9.757E-08 1.000E+02 26 4.013E-03 6.473E-01 27 2.190E-03 7.012E-01
133  24
 1 4.975E-04 2.125E+01  2 1.531E-05 1.897E+01  3 1.756E-03 2.810E+00  4 5.007E-05 6.987E+01  5 2.030E-04 3.246E+01
 6 2.551E-04 9.843E+00  7 1.946E-05 1.535E+01  8 1.223E-05 2.540E+01  9 3.558E-06 5.785E+01 10 3.379E-03 1.798E+00
11 9.604E-05 1.116E+01 12 3.933E-04 3.852E+00 13 7.835E-03 8.862E-01 15 3.848E-04 1.120E+01 16 1.040E-03 1.083E+00
17 3.149E-04 9.551E+00 19 3.142E-02 4.063E+00 20 4.893E-04 1.546E+01 22 3.049E-06 8.718E+01 23 1.437E-04 4.165E+00
24 2.619E-03 4.223E-01 25 2.826E-08 8.840E+01 26 3.133E-03 5.984E-01 27 1.544E-03 6.564E-01
134  25
 1 3.456E-04 2.942E+01  2 1.891E-05 2.068E+01  3 1.703E-03 2.582E+00  4 3.978E-05 1.000E+02  5 5.352E-05 3.235E+01
 6 2.223E-04 9.348E+00  7 1.887E-05 1.713E+01  8 1.653E-05 3.030E+01  9 2.162E-06 5.628E+01 10 3.072E-03 3.084E+00
11 1.060E-04 9.770E+00 12 3.709E-04 3.634E+00 13 7.726E-03 1.042E+00 14 3.003E-06 1.000E+02 15 4.304E-04 1.049E+01
16 1.064E-03 1.003E+00 17 2.455E-04 1.050E+01 19 3.222E-02 4.010E+00 20 2.824E-04 2.340E+01 21 1.285E-06 9.610E+01
23 1.614E-04 3.427E+00 24 2.597E-03 3.361E-01 25 1.152E-09 1.000E+02 26 2.890E-03 5.691E-01 27 1.367E-03 7.443E-01
135  24
 1 4.418E-04 2.645E+01  2 2.428E-05 1.554E+01  3 1.428E-03 3.317E+00  4 3.958E-05 8.152E+01  5 1.110E-04 4.571E+01
 6 1.966E-04 1.331E+01  7 1.716E-05 2.345E+01  8 3.339E-05 3.072E+01  9 5.066E-07 6.143E+01 10 2.798E-03 3.162E+00
11 9.745E-05 1.379E+01 12 3.856E-04 4.054E+00 13 7.571E-03 9.479E-01 15 3.065E-04 1.301E+01 16 1.070E-03 1.308E+00
17 2.928E-04 1.415E+01 19 2.994E-02 2.974E+00 20 5.241E-04 2.205E+01 22 5.213E-06 5.936E+01 23 1.838E-04 4.352E+00
24 2.611E-03 3.111E-01 25 2.004E-08 1.000E+02 26 2.933E-03 5.229E-01 27 1.403E-03 6.666E-01
136  24
 1 1.982E-04 2.761E+01  2 1.916E-05 1.888E+01  3 1.395E-03 3.649E+00  4 8.464E-06 1.000E+02  5 1.858E-04 6.189E+01
 6 2.073E-04 8.611E+00  7 1.590E-05 2.108E+01  8 1.851E-05 3.439E+01  9 3.769E-06 9.175E+01 10 2.250E-03 3.128E+00
11 7.992E-05 1.324E+01 12 3.310E-04 3.960E+00 13 6.562E-03 7.079E-01 15 3.118E-04 1.170E+01 16 1.037E-03 1.237E+00
17 2.568E-04 8.631E+00 19 2.379E-02 3.256E+00 20 6.572E-04 2.169E+01 21 2.209E-06 8.802E+01 23 1.895E-04 2.992E+00
24 2.667E-03 2.970E-01 25 7.622E-09 1.000E+02 26 4.067E-03 4.710E-01 27 2.194E-03 5.867E-01
137  23
 1 6.307E-04 2.933E+01  2 2.688E-05 1.851E+01  3 1.274E-03 4.091E+00  4 1.427E-05 6.888E+01  5 2.246E-04 3.088E+01
 6 1.389E-04 1.115E+01  7 1.677E-05 2.013E+01  8 1.967E-05 2.647E+01  9 6.617E-08 7.755E+01 10 2.255E-03 4.115E+00
11 6.768E-05 1.858E+01 12 2.970E-04 4.487E+00 13 6.374E-03 1.088E+00 15 2.529E-04 1.484E+01 16 1.038E-03 1.106E+00
17 2.504E-04 1.369E+01 19 2.431E-02 3.535E+00 20 5.088E-04 1.871E+01 23 2.175E-04 3.659E+00 24 2.658E-03 3.328E-01
25 7.533E-08 4.861E+01 26 4.070E-03 3.808E-01 27 2.200E-03 4.574E-01
138  24
 1 3.355E-04 2.684E+01  2 2.281E-05 1.736E+01  3 1.139E-03 4.725E+00  4 4.119E-05 1.000E+02  5 1.685E-04 5.095E+01
 6 1.711E-04 1.398E+01  7 1.288E-05 2.820E+01  8 3.049E-05 3.670E+01  9 4.856E-06 4.153E+01 10 1.770E-03 4.724E+00
11 6.580E-05 1.638E+01 12 2.933E-04 3.462E+00 13 6.270E-03 5.953E-01 14 9.342E-06 1.000E+02 15 2.703E-04 1.402E+01
16 1.060E-03 1.033E+00 17 2.466E-04 1.167E+01 19 2.526E-02 3.595E+00 20 5.878E-04 1.834E+01 23 2.174E-04 4.350E+00
24 2.653E-03 3.161E-01 25 9.601E-09 8.576E+01 26 3.805E-03 5.909E-01 27 2.000E-03 7.535E-01
139  23
 1 3.565E-04 1.733E+01  2 3.374E-05 1.035E+01  3 1.036E-03 3.812E+00  4 1.458E-05 1.000E+02  5 3.351E-05 4.627E+01
 6 1.689E-04 8.685E+00  7 5.480E-06 2.192E+01  8 5.610E-06 3.578E+01  9 2.606E-07 1.000E+02 10 1.799E-03 2.909E+00
11 8.020E-05 1.669E+01 12 2.662E-04 4.833E+00 13 6.419E-03 9.177E-01 15 2.353E-04 1.116E+01 16 1.059E-03 1.385E+00
17 2.127E-04 9.710E+00 19 2.249E-02 4.581E+00 20 8.691E-04 1.023E+01 22 1.198E-05 7.386E+01 23 2.538E-04 3.224E+00
24 2.604E-03 3.689E-01 26 2.945E-03 7.534E-01 27 1.384E-03 9.312E-01
140  25
 1 3.222E-04 2.359E+01  2 3.181E-05 1.128E+01  3 1.017E-03 4.533E+00  4 1.397E-04 7.616E+01  5 7.356E-05 5.353E+01
 6 1.414E-04 1.274E+01  7 1.598E-05 1.944E+01  8 2.023E-05 3.585E+01  9 5.981E-06 6.503E+01 10 1.587E-03 2.693E+00
11 9.575E-05 1.887E+01 12 2.485E-04 5.123E+00 13 6.159E-03 1.195E+00 14 4.550E-06 1.000E+02 15 2.476E-04 1.532E+01
16 1.063E-03 1.621E+00 17 1.744E-04 1.375E+01 19 1.876E-02 4.239E+00 20 8.449E-04 1.228E+01 22 4.649E-06 6.986E+01
23 2.776E-04 2.768E+00 24 2.598E-03 3.892E-01 25 2.157E-08 1.000E+02 26 2.911E-03 6.152E-01 27 1.352E-03 8.233E-01
141  23
 1 2.188E-04 3.390E+01  2 3.479E-05 1.818E+01  3 8.732E-04 5.757E+00  4 4.515E-05 1.000E+02  5 4.868E-05 4.962E+01
 6 1.583E-04 1.572E+01  7 9.955E-06 2.173E+01  8 2.235E-05 2.394E+01  9 8.922E-07 6.795E+01 10 1.423E-03 3.619E+00
11 6.192E-05 2.215E+01 12 2.143E-04 3.950E+00 13 5.764E-03 9.182E-01 15 2.274E-04 1.588E+01 16 1.075E-03 1.342E+00
17 1.785E-04 1.339E+01 19 1.404E-02 5.703E+00 20 8.485E-04 1.354E+01 23 2.975E-04 2.062E+00 24 2.629E-03 3.601E-01
25 9.715E-08 6.674E+01 26 3.372E-03 6.684E-01 27 1.684E-03 8.097E-01
142  24
 1 1.142E-04 3.027E+01  2 4.901E-05 1.328E+01  3 7.848E-04 3.471E+00  4 1.118E-04 8.254E+01  5 6.218E-05 5.489E+01
 6 1.202E-04 1.708E+01  7 1.121E-05 1.862E+01  8 1.203E-05 4.491E+01  9 3.904E-06 6.091E+01 10 1.230E-03 3.918E+00
11 4.697E-05 1.770E+01 12 1.964E-04 6.441E+00 13 5.148E-03 1.411E+00 15 1.164E-04 1.545E+01 16 1.057E-03 1.321E+00
17 1.597E-04 1.365E+01 19 8.666E-03 5.950E+00 20 9.072E-04 1.565E+01 22 1.786E-07 1.000E+02 23 3.157E-04 2.109E+00
24 2.660E-03 3.133E-01 25 6.207E-09 1.000E+02 26 4.084E-03 4.245E-01 27 2.183E-03 5.395E-01
143  22
 1 1.204E-04 3.693E+01  2 3.573E-05 1.261E+01  3 5.920E-04 4.695E+00  4 1.516E-05 1.000E+02  5 9.997E-05 6.157E+01
 6 1.371E-04 1.678E+01  7 4.078E-06 2.884E+01  8 7.590E-06 5.199E+01 10 1.184E-03 3.662E+00 11 4.679E-05 1.047E+01
12 1.631E-04 3.839E+00 13 4.798E-03 1.184E+00 15 1.615E-04 1.812E+01 16 1.033E-03 1.026E+00 17 1.734E-04 1.514E+01
19 6.875E-03 6.346E+00 20 8.548E-04 1.469E+01 23 3.571E-04 2.421E+00 24 2.635E-03 3.565E-01 25 3.497E-09 1.000E+02
26 4.029E-03 4.681E-01 27 2.142E-03 5.830E-01
144  22
 1 2.177E-04 3.959E+01  2 5.801E-05 1.175E+01  3 6.787E-04 4.907E+00  4 3.048E-05 5.811E+01  5 6.537E-05 5.472E+01
 6 1.328E-04 1.301E+01  7 6.995E-06 2.651E+01  8 6.975E-06 3.421E+01  9 1.323E-06 7.782E+01 10 1.140E-03 4.104E+00
11 4.577E-05 2.110E+01 12 1.804E-04 5.968E+00 13 4.853E-03 9.325E-01 15 1.841E-04 1.672E+01 16 1.051E-03 1.124E+00
17 1.757E-04 1.241E+01 19 5.404E-03 9.537E+00 20 1.270E-03 1.588E+01 23 4.073E-04 3.014E+00 24 2.608E-03 4.154E-01
26 3.381E-03 5.612E-01 27 1.672E-03 7.708E-01
145  23
 1 9.830E-05 3.201E+01  2 5.639E-05 1.006E+01  3 5.385E-04 4.330E+00  4 1.249E-04 6.051E+01  5 1.112E-04 4.525E+01
 6 7.971E-05 1.176E+01  7 3.321E-06 3.706E+01  8 1.244E-05 3.891E+01  9 1.038E-06 1.000E+02 10 1.021E-03 4.656E+00
11 4.646E-05 2.832E+01 12 1.576E-04 4.871E+00 13 4.601E-03 7.486E-01 15 1.336E-04 2.736E+01 16 1.052E-03 1.344E+00
17 1.340E-04 1.966E+01 19 4.682E-03 7.909E+00 20 1.579E-03 1.090E+01 23 4.574E-04 2.025E+00 24 2.572E-03 3.493E-01
25 8.820E-09 1.000E+02 26 2.901E-03 8.105E-01 27 1.328E-03 9.287E-01
146  22
 1 2.262E-04 3.233E+01  2 7.513E-05 9.391E+00  3 5.278E-04 5.286E+00  4 3.085E-05 5.719E+01  5 1.717E-05 6.905E+01
 6 7.402E-05 1.676E+01  7 2.783E-06 3.341E+01  8 6.499E-06 5.102E+01  9 2.615E-06 1.000E+02 10 9.040E-04 5.812E+00
11 2.899E-05 1.678E+01 12 1.693E-04 6.195E+00 13 4.373E-03 1.399E+00 15 1.516E-04 1.580E+01 16 1.104E-03 1.175E+00
17 1.394E-04 1.626E+01 19 3.619E-03 8.934E+00 20 1.349E-03 1.483E+01 23 5.218E-04 2.577E+00 24 2.579E-03 3.968E-01
26 2.911E-03 6.430E-01 27 1.323E-03 7.603E-01
147  21
 1 1.400E-04 3.315E+01  2 7.344E-05 8.851E+00  3 5.268E-04 6.161E+00  5 1.029E-04 8.687E+01  6 7.069E-05 2.167E+01
 7 5.254E-06 2.626E+01  8 6.164E-06 4.427E+01  9 1.220E-06 1.000E+02 10 8.006E-04 5.345E+00 11 4.099E-05 2.183E+01
12 1.456E-04 5.237E+00 13 3.631E-03 1.148E+00 15 1.698E-04 1.664E+01 16 1.040E-03 1.553E+00 17 1.004E-04 1.499E+01
19 3.253E-03 8.298E+00 20 1.491E-03 1.362E+01 23 5.380E-04 2.804E+00 24 2.598E-03 4.047E-01 26 3.810E-03 5.618E-01
27 1.972E-03 7.325E-01
148  24
 1 2.802E-04 4.780E+01  2 7.148E-05 1.251E+01  3 4.881E-04 6.472E+00  4 5.968E-05 5.283E+01  5 1.004E-04 6.988E+01
 6 4.646E-05 1.499E+01  7 5.660E-06 2.611E+01  8 7.089E-06 5.239E+01  9 9.384E-08 5.625E+01 10 6.779E-04 5.044E+00
11 3.144E-05 2.133E+01 12 1.417E-04 5.985E+00 13 3.392E-03 1.639E+00 15 1.275E-04 2.081E+01 16 1.102E-03 1.287E+00
17 9.695E-05 1.893E+01 19 2.796E-03 1.087E+01 20 1.734E-03 1.222E+01 22 5.632E-07 1.000E+02 23 6.028E-04 2.044E+00
24 2.622E-03 3.072E-01 25 1.805E-08 8.520E+01 26 4.086E-03 5.960E-01 27 2.153E-03 7.875E-01
149  25
 1 5.620E-05 4.172E+01  2 9.599E-05 8.493E+00  3 3.774E-04 7.692E+00  4 2.829E-04 6.579E+01  5 9.937E-05 5.754E+01
 6 6.166E-05 2.318E+01  7 3.976E-06 3.382E+01  8 8.023E-06 4.034E+01 10 6.906E-04 5.053E+00 11 3.742E-05 1.910E+01
12 1.193E-04 6.194E+00 13 3.050E-03 1.779E+00 14 1.690E-05 1.000E+02 15 9.260E-05 1.884E+01 16 1.059E-03 1.174E+00
17 1.056E-04 2.098E+01 19 2.545E-03 8.771E+00 20 2.178E-03 1.269E+01 21 2.156E-07 1.000E+02 22 2.600E-07 1.000E+02
23 6.962E-04 2.008E+00 24 2.566E-03 4.040E-01 25 3.406E-08 8.409E+01 26 3.958E-03 4.869E-01 27 2.070E-03 7.174E-01
150  24
 1 7.713E-05 6.981E+01  2 9.747E-05 1.039E+01  3 3.934E-04 8.459E+00  4 6.840E-06 1.000E+02  5 1.389E-06 1.000E+02
 6 7.583E-05 1.864E+01  7 5.104E-06 3.134E+01  8 1.057E-05 3.455E+01  9 2.170E-06 1.000E+02 10 6.819E-04 5.717E+00
11 2.506E-05 2.898E+01 12 1.196E-04 6.868E+00 13 3.000E-03 1.796E+00 15 9.673E-05 2.291E+01 16 1.077E-03 1.123E+00
17 7.437E-05 1.730E+01 19 2.138E-03 1.042E+01 20 1.941E-03 1.151E+01 22 3.829E-06 1.000E+02 23 8.046E-04 1.594E+00
24 2.501E-03 3.756E-01 25 3.687E-09 9.819E+01 26 2.886E-03 6.798E-01 27 1.288E-03 8.480E-01
151  23
 1 1.240E-04 3.724E+01  2 1.025E-04 6.370E+00  3 3.713E-04 5.657E+00  4 4.633E-05 5.228E+01  5 2.615E-05 9.279E+01
 6 6.707E-05 2.666E+01  7 3.765E-06 3.858E+01  8 4.309E-06 6.957E+01  9 4.523E-06 7.077E+01 10 5.472E-04 7.234E+00
11 3.200E-05 2.607E+01 12 8.426E-05 8.755E+00 13 2.720E-03 2.096E+00 15 1.079E-04 2.457E+01 16 1.104E-03 1.519E+00
17 7.580E-05 2.126E+01 19 1.910E-03 1.126E+01 20 3.015E-03 5.912E+00 23 8.569E-04 1.673E+00 24 2.475E-03 3.823E-01
25 3.695E-09 1.000E+02 26 2.836E-03 6.676E-01 27 1.253E-03 8.956E-01
152  23
 1 1.990E-04 5.369E+01  2 1.170E-04 5.726E+00  3 3.145E-04 7.095E+00  4 8.470E-05 7.543E+01  5 1.627E-05 9.365E+01
 6 4.819E-05 2.300E+01  7 4.853E-06 4.059E+01  8 8.276E-06 6.729E+01  9 3.322E-06 5.076E+01 10 4.786E-04 6.569E+00
11 2.518E-05 3.178E+01 12 1.030E-04 5.654E+00 13 2.446E-03 1.527E+00 15 9.420E-05 2.007E+01 16 1.089E-03 1.262E+00
17 7.237E-05 2.029E+01 19 1.951E-03 1.126E+01 20 2.810E-03 9.902E+00 23 9.941E-04 1.212E+00 24 2.467E-03 3.520E-01
25 5.993E-09 1.000E+02 26 3.103E-03 6.249E-01 27 1.435E-03 7.847E-01
153  22
 1 1.330E-04 4.265E+01  2 1.110E-04 8.170E+00  3 2.983E-04 5.429E+00  4 1.446E-04 4.207E+01  5 2.608E-05 7.013E+01
 6 4.966E-05 2.130E+01  7 6.560E-06 4.812E+01  8 3.265E-06 6.479E+01 10 4.539E-04 4.762E+00 11 1.127E-05 3.848E+01
12 9.438E-05 6.882E+00 13 2.034E-03 1.993E+00 15 8.711E-05 2.109E+01 16 1.104E-03 1.351E+00 17 9.273E-05 1.499E+01
19 1.700E-03 1.169E+01 20 4.039E-03 9.045E+00 23 1.052E-03 1.644E+00 24 2.477E-03 3.881E-01 25 3.470E-08 7.771E+01
26 3.915E-03 5.040E-01 27 2.016E-03 5.811E-01
154  22
 1 3.257E-05 5.572E+01  2 1.561E-04 7.100E+00  3 2.699E-04 8.365E+00  4 2.868E-04 8.504E+01  5 1.062E-05 8.650E+01
 6 5.033E-05 2.474E+01  7 1.172E-06 4.714E+01  8 4.315E-06 4.439E+01 10 4.434E-04 5.265E+00 11 2.291E-05 1.850E+01
12 7.634E-05 6.585E+00 13 1.769E-03 1.769E+00 15 8.993E-05 1.982E+01 16 1.131E-03 9.350E-01 17 1.256E-04 2.020E+01
19 1.171E-03 1.274E+01 20 3.811E-03 7.828E+00 23 1.223E-03 1.264E+00 24 2.445E-03 3.514E-01 25 4.127E-09 1.000E+02
26 3.950E-03 4.330E-01 27 2.027E-03 4.469E-01
155  21
 1 2.201E-05 5.200E+01  2 1.720E-04 5.120E+00  3 2.491E-04 7.042E+00  4 1.881E-04 5.323E+01  5 2.049E-07 1.000E+02
 6 2.313E-05 3.025E+01  7 5.578E-06 3.634E+01  8 2.837E-06 4.854E+01 10 3.337E-04 7.297E+00 11 2.008E-05 2.812E+01
12 8.570E-05 7.409E+00 13 1.534E-03 2.460E+00 15 5.610E-05 2.462E+01 16 1.171E-03 1.526E+00 17 5.686E-05 2.468E+01
19 1.495E-03 1.476E+01 20 3.927E-03 9.543E+00 23 1.402E-03 1.633E+00 24 2.365E-03 4.230E-01 26 3.407E-03 5.027E-01
27 1.661E-03 6.526E-01
156  23
 1 3.431E-05 9.728E+01  2 2.043E-04 3.936E+00  3 2.346E-04 9.239E+00  4 1.528E-04 5.516E+01  5 9.869E-05 5.395E+01
 6 5.022E-05 2.493E+01  7 1.378E-06 5.060E+01  8 5.239E-06 5.234E+01  9 4.820E-07 1.000E+02 10 3.252E-04 6.871E+00
11 2.662E-05 2.784E+01 12 8.634E-05 6.925E+00 13 1.392E-03 2.104E+00 15 5.795E-05 2.605E+01 16 1.169E-03 9.465E-01
17 4.157E-05 2.009E+01 19 9.364E-04 1.192E+01 20 5.289E-03 7.406E+00 23 1.626E-03 1.276E+00 24 2.300E-03 3.875E-01
25 2.430E-08 1.000E+02 26 3.170E-03 6.243E-01 27 1.329E-03 7.760E-01
157  23
 1 1.104E-04 8.497E+01  2 2.517E-04 4.988E+00  3 2.065E-04 9.691E+00  4 1.619E-04 4.949E+01  5 2.395E-06 1.000E+02
 6 5.760E-05 1.928E+01  7 2.756E-06 3.752E+01  8 3.420E-06 6.689E+01  9 6.978E-07 1.000E+02 10 2.970E-04 9.556E+00
11 1.665E-05 2.661E+01 12 5.599E-05 1.085E+01 13 1.151E-03 3.132E+00 15 1.054E-04 2.634E+01 16 1.234E-03 1.271E+00
17 4.682E-05 1.694E+01 19 8.825E-04 1.062E+01 20 5.069E-03 6.205E+00 22 2.097E-06 1.000E+02 23 1.840E-03 1.258E+00
24 2.223E-03 4.711E-01 26 3.294E-03 4.992E-01 27 1.353E-03 7.991E-01
158  22
 1 7.109E-05 7.897E+01  2 2.678E-04 4.313E+00  3 2.084E-04 1.590E+01  4 2.921E-04 5.244E+01  6 3.662E-05 2.839E+01
 7 1.935E-06 3.960E+01  8 5.613E-06 3.468E+01  9 2.203E-07 8.703E+01 10 2.276E-04 5.542E+00 11 2.033E-05 2.729E+01
12 5.722E-05 1.016E+01 13 1.040E-03 2.030E+00 15 1.029E-04 2.630E+01 16 1.298E-03 7.589E-01 17 3.165E-05 2.285E+01
19 7.395E-04 1.763E+01 20 6.321E-03 5.991E+00 23 2.191E-03 1.210E+00 24 2.098E-03 3.472E-01 25 5.777E-08 1.000E+02
26 2.984E-03 5.060E-01 27 1.222E-03 6.679E-01
159  22
 1 7.592E-05 4.685E+01  2 3.206E-04 5.051E+00  3 1.457E-04 1.063E+01  4 3.479E-04 3.886E+01  5 1.852E-06 8.527E+01
 6 3.580E-05 3.310E+01  7 2.771E-06 4.477E+01  8 3.107E-06 6.856E+01  9 8.171E-07 8.983E+01 10 2.461E-04 6.513E+00
11 1.120E-05 3.191E+01 12 4.313E-05 1.123E+01 13 9.657E-04 1.787E+00 15 1.782E-05 4.227E+01 16 1.403E-03 1.160E+00
17 3.756E-05 2.556E+01 19 1.106E-03 1.720E+01 20 7.428E-03 3.158E+00 23 2.636E-03 1.230E+00 24 1.896E-03 4.075E-01
26 1.820E-03 6.323E-01 27 8.569E-04 9.951E-01
160  22
 1 4.756E-05 6.507E+01  2 3.391E-04 3.480E+00  3 1.587E-04 1.253E+01  4 4.488E-04 3.544E+01  5 1.049E-05 1.000E+02
 6 1.888E-05 3.554E+01  7 2.010E-06 5.721E+01  8 5.289E-06 6.985E+01  9 1.313E-07 8.973E+01 10 2.493E-04 8.164E+00
11 9.974E-06 3.712E+01 12 4.724E-05 1.121E+01 13 8.977E-04 2.908E+00 15 7.973E-05 3.455E+01 16 4.623E-03 5.988E-01
17 4.974E-05 2.326E+01 19 7.079E-04 1.491E+01 20 1.035E-02 5.571E+00 23 3.220E-03 8.262E-01 24 1.713E-03 3.416E-01
26 1.677E-03 1.094E+00 27 7.806E-04 1.321E+00
161  24
 1 5.231E-05 3.618E+01  2 2.595E-04 2.845E+00  3 1.065E-04 1.061E+01  4 2.317E-04 4.127E+01  5 1.553E-05 1.000E+02
 6 1.649E-05 2.656E+01  7 1.687E-06 3.788E+01  8 1.615E-06 5.248E+01  9 9.483E-07 8.200E+01 10 1.875E-04 9.493E+00
11 1.203E-05 3.738E+01 12 4.151E-05 7.643E+00 13 7.877E-04 2.033E+00 15 1.952E-05 4.694E+01 16 1.046E-03 9.796E-01
17 4.578E-05 2.359E+01 19 6.797E-04 1.073E+01 20 3.780E-02 2.085E+00 21 6.019E-06 1.000E+02 22 1.587E-06 1.000E+02
23 9.446E-03 3.288E-01 24 7.445E-04 4.056E-01 26 1.729E-03 6.085E-01 27 7.456E-04 7.153E-01
162  22
 1 1.773E-05 7.481E+01  2 2.973E-04 4.609E+00  3 8.364E-05 1.249E+01  4 2.622E-04 6.760E+01  5 2.507E-06 1.000E+02
 6 2.710E-05 2.074E+01  7 3.649E-07 5.495E+01  8 8.040E-07 7.729E+01  9 2.919E-06 1.000E+02 10 1.791E-04 7.615E+00
11 8.287E-06 3.546E+01 12 3.392E-05 7.378E+00 13 7.051E-04 1.899E+00 15 2.087E-05 2.450E+01 16 1.073E-03 1.134E+00
17 2.909E-05 2.188E+01 19 6.186E-04 1.546E+01 20 5.594E-02 1.109E+00 23 1.015E-02 3.550E-01 24 6.356E-04 4.981E-01
26 1.749E-03 5.963E-01 27 7.233E-04 8.057E-01
163  21
 1 2.676E-05 4.967E+01  2 3.366E-04 3.347E+00  3 7.828E-05 1.159E+01  4 3.152E-04 3.665E+01  6 2.422E-05 2.149E+01
 7 8.067E-07 3.353E+01  8 1.667E-06 5.198E+01  9 1.028E-07 7.290E+01 10 1.387E-04 9.610E+00 11 7.780E-06 3.758E+01
12 3.248E-05 8.993E+00 13 6.443E-04 2.107E+00 15 2.406E-05 3.595E+01 16 1.067E-03 1.068E+00 17 4.930E-05 2.165E+01
19 5.539E-04 1.708E+01 20 6.749E-02 1.739E+00 23 1.059E-02 2.944E-01 24 5.429E-04 4.899E-01 26 1.743E-03 6.239E-01
27 6.848E-04 7.666E-01
164  21
 1 4.879E-05 4.730E+01  2 3.841E-04 2.232E+00  3 7.099E-05 1.153E+01  4 2.022E-04 5.855E+01  5 1.730E-05 7.414E+01
 6 2.329E-05 2.323E+01  7 1.703E-06 4.287E+01  8 2.222E-06 4.763E+01 10 1.204E-04 7.568E+00 11 7.096E-06 3.768E+01
12 3.296E-05 1.090E+01 13 5.611E-04 2.232E+00 15 1.185E-05 3.483E+01 16 1.065E-03 1.065E+00 17 3.525E-05 2.123E+01
19 4.237E-04 1.589E+01 20 6.438E-02 1.907E+00 23 1.105E-02 3.122E-01 24 4.778E-04 5.174E-01 26 1.783E-03 5.901E-01
27 6.808E-04 7.514E-01
165  22
 1 2.422E-05 7.780E+01  2 4.523E-04 3.413E+00  3 6.169E-05 1.598E+01  4 2.390E-04 4.581E+01  5 1.337E-07 1.000E+02
 6 1.460E-05 4.613E+01  7 5.680E-07 5.518E+01  8 1.640E-06 5.667E+01 10 1.103E-04 1.130E+01 11 6.067E-06 2.974E+01
12 3.196E-05 1.126E+01 13 5.164E-04 3.229E+00 15 3.414E-05 3.109E+01 16 1.076E-03 8.701E-01 17 2.338E-05 3.656E+01
19 3.918E-04 1.850E+01 20 6.113E-02 1.562E+00 23 1.143E-02 3.305E-01 24 4.178E-04 6.037E-01 25 1.216E-09 1.000E+02
26 1.820E-03 6.358E-01 27 6.673E-04 9.369E-01
166  21
 1 5.732E-05 4.463E+01  2 4.678E-04 2.810E+00  3 5.896E-05 1.029E+01  4 1.950E-04 3.683E+01  5 2.672E-06 1.000E+02
 6 7.539E-06 3.639E+01  7 1.251E-06 6.750E+01  8 6.073E-06 6.344E+01 10 8.394E-05 7.908E+00 11 4.282E-06 4.809E+01
12 2.408E-05 1.061E+01 13 4.701E-04 2.433E+00 15 9.943E-06 4.527E+01 16 1.061E-03 8.926E-01 17 2.069E-05 2.144E+01
19 3.722E-04 1.482E+01 20 5.993E-02 1.766E+00 23 1.171E-02 3.163E-01 24 3.752E-04 7.752E-01 26 1.863E-03 5.828E-01
27 6.621E-04 6.228E-01
167  21
 1 2.830E-07 1.000E+02  2 5.682E-04 3.031E+00  3 5.512E-05 1.352E+01  4 3.000E-04 4.045E+01  6 1.183E-05 4.002E+01
 7 2.797E-06 5.091E+01  8 2.505E-07 5.600E+01  9 3.254E-07 1.000E+02 10 9.552E-05 9.445E+00 11 3.937E-06 3.796E+01
12 2.216E-05 1.152E+01 13 4.130E-04 3.494E+00 15 1.348E-05 3.544E+01 16 1.064E-03 1.019E+00 17 2.725E-05 2.646E+01
19 4.152E-04 1.852E+01 20 5.387E-02 2.159E+00 23 1.208E-02 3.264E-01 24 3.296E-04 7.667E-01 26 1.964E-03 6.398E-01
27 6.776E-04 8.591E-01
168  22
 1 1.648E-05 7.402E+01  2 6.196E-04 3.302E+00  3 4.283E-05 1.389E+01  4 6.895E-04 3.479E+01  5 2.463E-06 1.000E+02
 6 1.228E-05 3.456E+01  7 1.435E-06 5.680E+01  8 3.674E-07 9.156E+01  9 4.307E-07 1.000E+02 10 1.065E-04 7.693E+00
11 6.144E-06 3.435E+01 12 2.359E-05 9.269E+00 13 3.703E-04 2.365E+00 15 2.435E-05 2.518E+01 16 1.739E-03 8.687E-01
17 2.337E-05 2.685E+01 19 2.851E-04 2.090E+01 20 3.990E-02 2.320E+00 23 1.240E-02 3.420E-01 24 3.032E-04 8.786E-01
26 2.081E-03 6.479E-01 27 6.878E-04 8.254E-01
169  21
 1 8.216E-07 1.000E+02  2 6.426E-04 3.006E+00  3 5.918E-05 1.135E+01  4 5.251E-04 3.100E+01  6 5.105E-06 6.345E+01
 7 1.066E-06 5.340E+01  8 5.226E-08 7.337E+01  9 3.204E-07 1.000E+02 10 8.567E-05 9.897E+00 11 2.045E-06 8.327E+01
12 1.504E-05 1.503E+01 13 3.259E-04 4.909E+00 15 9.943E-06 6.081E+01 16 1.107E-03 1.127E+00 17 1.402E-05 2.566E+01
19 3.647E-04 1.849E+01 20 2.261E-02 3.130E+00 23 1.356E-02 3.643E-01 24 2.684E-04 8.984E-01 26 3.348E-03 4.950E-01
27 9.654E-04 5.741E-01
170  19
 1 1.259E-05 6.142E+01  2 7.065E-04 2.735E+00  3 5.239E-05 1.632E+01  4 3.933E-04 3.242E+01  6 1.481E-05 4.436E+01
 7 1.885E-07 7.340E+01 10 6.916E-05 1.149E+01 11 2.828E-06 4.569E+01 12 1.940E-05 1.118E+01 13 2.993E-04 2.998E+00
15 8.583E-06 3.575E+01 16 1.067E-03 1.055E+00 17 2.501E-05 3.137E+01 19 3.013E-04 2.160E+01 20 1.735E-02 2.453E+00
23 1.396E-02 3.029E-01 24 2.425E-04 9.454E-01 26 3.532E-03 5.179E-01 27 9.941E-04 6.302E-01
171  20
 1 1.766E-05 5.681E+01  2 8.382E-04 2.787E+00  3 4.365E-05 1.401E+01  4 7.362E-04 2.212E+01  6 7.974E-06 3.789E+01
 7 7.196E-07 5.134E+01  8 1.078E-06 7.214E+01 10 6.285E-05 8.977E+00 11 2.641E-06 3.993E+01 12 1.388E-05 1.604E+01
13 2.622E-04 4.116E+00 15 5.198E-06 7.160E+01 16 1.046E-03 1.006E+00 17 2.476E-05 3.336E+01 19 1.981E-04 2.579E+01
20 1.001E-02 4.589E+00 23 1.429E-02 3.580E-01 24 2.091E-04 1.087E+00 26 3.621E-03 4.707E-01 27 1.002E-03 5.439E-01
172  22
 1 3.307E-07 1.000E+02  2 9.858E-04 1.970E+00  3 5.897E-05 1.843E+01  4 5.021E-04 2.959E+01  5 1.988E-06 8.820E+01
 6 4.454E-06 3.870E+01  7 9.878E-07 5.926E+01  8 1.790E-07 8.086E+01 10 6.067E-05 1.374E+01 11 9.519E-06 4.104E+01
12 1.565E-05 1.278E+01 13 2.447E-04 4.478E+00 15 1.216E-05 3.591E+01 16 1.018E-03 1.191E+00 17 8.144E-06 4.538E+01
19 1.712E-04 2.943E+01 20 7.855E-03 4.493E+00 23 1.449E-02 3.055E-01 24 1.864E-04 1.038E+00 25 6.320E-11 1.000E+02
26 3.708E-03 4.242E-01 27 1.015E-03 5.223E-01
173  22
 1 4.347E-05 4.297E+01  2 1.121E-03 2.060E+00  3 3.666E-05 1.366E+01  4 6.259E-04 2.926E+01  5 2.661E-05 1.000E+02
 6 1.038E-05 3.354E+01  7 7.396E-07 6.888E+01  8 9.615E-07 6.925E+01 10 6.808E-05 1.179E+01 11 3.829E-06 4.791E+01
12 1.159E-05 1.643E+01 13 2.149E-04 4.454E+00 15 1.318E-05 5.624E+01 16 1.006E-03 1.280E+00 17 1.455E-05 3.238E+01
19 2.353E-04 2.370E+01 20 7.090E-03 7.681E+00 22 6.108E-08 1.000E+02 23 1.468E-02 3.491E-01 24 1.656E-04 1.460E+00
26 3.770E-03 4.234E-01 27 1.021E-03 5.363E-01
174  21
 1 2.831E-05 8.858E+01  2 1.283E-03 1.704E+00  3 2.792E-05 2.189E+01  4 7.878E-04 2.247E+01  6 7.897E-06 4.858E+01
 7 1.008E-07 9.883E+01  8 1.155E-07 7.062E+01 10 5.125E-05 1.328E+01 11 2.585E-06 5.575E+01 12 1.501E-05 1.374E+01
13 1.714E-04 4.961E+00 15 1.578E-05 3.935E+01 16 1.017E-03 1.013E+00 17 6.247E-06 3.659E+01 19 1.753E-04 2.859E+01
20 5.701E-03 6.750E+00 23 1.484E-02 2.837E-01 24 1.445E-04 8.690E-01 25 2.678E-09 1.000E+02 26 3.814E-03 4.103E-01
27 1.019E-03 5.120E-01
175  21
 1 4.715E-06 1.000E+02  2 1.478E-03 1.763E+00  3 3.323E-05 2.072E+01  4 1.106E-03 1.867E+01  5 1.322E-05 8.784E+01
 6 4.870E-06 6.490E+01  7 3.283E-07 8.385E+01  8 2.484E-06 5.954E+01 10 3.890E-05 1.441E+01 11 1.026E-06 5.413E+01
12 9.140E-06 1.700E+01 13 1.507E-04 5.805E+00 15 4.932E-06 6.179E+01 16 9.964E-04 1.107E+00 17 1.611E-05 4.654E+01
19 7.107E-05 4.209E+01 20 5.067E-03 4.574E+00 23 1.488E-02 3.174E-01 24 1.302E-04 1.340E+00 26 3.842E-03 4.507E-01
27 1.017E-03 4.932E-01
176  20
 1 1.774E-05 5.914E+01  2 1.620E-03 1.821E+00  3 2.882E-05 2.565E+01  4 1.086E-03 2.214E+01  6 3.715E-06 4.844E+01
 7 7.654E-09 1.000E+02  8 5.266E-08 1.000E+02 10 3.462E-05 1.494E+01 11 9.883E-07 6.084E+01 12 1.073E-05 1.774E+01
13 1.493E-04 4.643E+00 15 5.955E-06 5.278E+01 16 9.881E-04 1.028E+00 17 1.513E-05 2.893E+01 19 1.438E-04 3.286E+01
20 4.433E-03 6.586E+00 23 1.497E-02 3.814E-01 24 1.178E-04 1.632E+00 26 3.886E-03 4.894E-01 27 1.024E-03 6.217E-01
177  18
 1 9.402E-06 6.883E+01  2 1.954E-03 1.668E+00  3 2.681E-05 2.362E+01  4 1.659E-03 1.552E+01  6 8.905E-06 4.380E+01
10 4.268E-05 1.246E+01 11 2.495E-06 6.542E+01 12 6.669E-06 2.541E+01 13 1.413E-04 4.513E+00 15 2.170E-05 4.332E+01
16 9.862E-04 1.061E+00 17 8.611E-06 4.521E+01 19 1.188E-04 3.410E+01 20 3.986E-03 7.101E+00 23 1.512E-02 3.660E-01
24 1.078E-04 1.749E+00 26 3.971E-03 4.440E-01 27 1.035E-03 5.669E-01
178  17
 2 2.151E-03 1.536E+00  3 1.617E-05 2.683E+01  4 1.491E-03 1.555E+01  6 1.721E-06 5.133E+01 10 3.070E-05 1.982E+01
11 1.520E-06 5.923E+01 12 7.231E-06 3.209E+01 13 1.132E-04 5.062E+00 15 1.029E-06 6.718E+01 16 9.841E-04 9.188E-01
17 6.912E-06 5.389E+01 19 1.118E-04 3.622E+01 20 3.505E-03 6.055E+00 23 1.510E-02 3.462E-01 24 9.570E-05 1.106E+00
26 3.994E-03 4.312E-01 27 1.033E-03 5.387E-01
179  20
 1 1.646E-05 7.321E+01  2 2.553E-03 1.662E+00  3 1.861E-05 1.690E+01  4 2.170E-03 1.509E+01  5 3.623E-06 1.000E+02
 6 3.412E-06 4.479E+01  7 1.341E-07 6.600E+01 10 3.015E-05 1.897E+01 11 1.463E-06 5.846E+01 12 5.391E-06 2.300E+01
13 1.106E-04 4.570E+00 15 1.355E-05 6.696E+01 16 9.738E-04 9.890E-01 17 1.326E-06 6.318E+01 19 1.244E-04 2.809E+01
20 3.095E-03 7.316E+00 23 1.523E-02 3.035E-01 24 8.742E-05 1.908E+00 26 4.053E-03 3.970E-01 27 1.035E-03 3.914E-01
180  19
 1 9.825E-06 7.092E+01  2 2.944E-03 1.162E+00  3 2.696E-05 2.447E+01  4 2.162E-03 2.057E+01  6 1.619E-06 5.862E+01
 7 6.620E-08 1.000E+02 10 2.087E-05 1.895E+01 11 1.708E-06 8.064E+01 12 5.064E-06 2.276E+01 13 9.991E-05 6.930E+00
15 5.608E-06 6.178E+01 16 9.786E-04 1.073E+00 17 1.071E-06 4.577E+01 19 6.478E-05 4.120E+01 20 2.582E-03 8.011E+00
23 1.525E-02 3.196E-01 24 7.869E-05 1.653E+00 26 4.100E-03 5.145E-01 27 1.040E-03 5.250E-01
181  20
 2 3.406E-03 1.179E+00  3 2.408E-05 2.053E+01  4 3.228E-03 1.323E+01  6 3.006E-07 9.712E+01  7 7.396E-07 8.358E+01
 8 7.880E-08 1.000E+02  9 7.906E-07 1.000E+02 10 2.294E-05 2.201E+01 11 3.128E-06 5.048E+01 12 5.217E-06 2.371E+01
13 8.281E-05 6.594E+00 15 5.822E-08 1.000E+02 16 9.806E-04 1.138E+00 17 9.892E-06 6.336E+01 19 4.141E-05 3.425E+01
20 2.312E-03 6.213E+00 23 1.540E-02 3.513E-01 24 6.982E-05 1.688E+00 26 4.255E-03 4.285E-01 27 1.060E-03 5.013E-01
182  17
 2 3.989E-03 1.453E+00  3 1.673E-05 3.093E+01  4 3.707E-03 8.596E+00  6 1.363E-06 7.767E+01 10 1.720E-05 2.395E+01
11 1.733E-06 7.771E+01 12 7.127E-06 2.245E+01 13 7.836E-05 4.895E+00 15 6.825E-08 1.000E+02 16 9.516E-04 9.970E-01
17 2.133E-06 4.383E+01 19 9.275E-05 6.134E+01 20 1.867E-03 8.503E+00 23 1.548E-02 3.285E-01 24 6.349E-05 1.770E+00
26 4.431E-03 4.906E-01 27 1.029E-03 5.928E-01
183  17
 2 5.068E-03 1.032E+00  3 2.165E-05 3.206E+01  4 4.403E-03 7.759E+00  6 2.340E-06 5.036E+01  8 3.641E-07 1.000E+02
10 1.569E-05 2.685E+01 12 2.877E-06 2.979E+01 13 5.859E-05 8.294E+00 15 1.307E-07 6.932E+01 16 9.320E-04 1.119E+00
17 6.661E-07 1.000E+02 19 7.126E-05 4.581E+01 20 1.631E-03 6.635E+00 23 1.576E-02 3.276E-01 24 5.742E-05 2.211E+00
26 4.773E-03 3.987E-01 27 1.099E-03 4.282E-01
184  17
 2 6.866E-03 1.210E+00  3 1.602E-05 2.704E+01  4 5.899E-03 7.262E+00  6 1.422E-06 9.046E+01 10 1.935E-05 2.376E+01
11 6.795E-07 9.314E+01 12 1.833E-06 3.314E+01 13 6.238E-05 6.738E+00 15 5.824E-06 9.962E+01 16 9.422E-04 1.231E+00
17 1.983E-06 4.617E+01 19 3.296E-05 6.219E+01 20 1.309E-03 1.103E+01 23 1.589E-02 3.216E-01 24 5.068E-05 1.586E+00
26 4.973E-03 4.031E-01 27 1.132E-03 4.455E-01
185  18
 1 2.397E-05 5.526E+01  2 8.993E-03 9.565E-01  3 1.425E-05 2.068E+01  4 8.996E-03 7.378E+00  6 1.229E-06 7.473E+01
10 1.206E-05 2.092E+01 11 1.584E-06 7.184E+01 12 4.712E-06 1.715E+01 13 5.572E-05 6.656E+00 15 3.664E-06 7.061E+01
16 9.049E-04 1.188E+00 17 2.075E-06 5.773E+01 19 3.712E-05 6.261E+01 20 1.193E-03 8.374E+00 23 1.594E-02 3.218E-01
24 4.641E-05 2.619E+00 26 5.095E-03 4.397E-01 27 1.152E-03 4.755E-01
186  18
 2 1.136E-02 8.052E-01  3 1.215E-05 2.274E+01  4 8.711E-02 2.998E+00  6 1.079E-06 6.562E+01  7 4.319E-08 7.502E+01
10 1.771E-05 2.348E+01 11 2.065E-06 8.772E+01 12 4.193E-06 2.614E+01 13 4.624E-05 7.198E+00 15 1.146E-06 1.000E+02
16 8.813E-04 1.243E+00 17 3.944E-06 8.590E+01 19 4.171E-05 4.007E+01 20 9.311E-04 1.042E+01 23 1.589E-02 3.260E-01
24 4.175E-05 1.511E+00 26 5.071E-03 3.694E-01 27 1.137E-03 3.970E-01
187  18
 2 1.380E-02 7.837E-01  3 1.026E-05 2.630E+01  4 8.844E-02 3.924E+00  5 1.678E-07 1.000E+02  6 1.039E-06 9.365E+01
10 1.496E-05 1.838E+01 11 9.873E-08 1.000E+02 12 1.900E-06 4.462E+01 13 4.575E-05 8.523E+00 15 1.048E-06 1.000E+02
16 8.690E-04 9.853E-01 17 8.154E-07 7.623E+01 19 6.168E-05 7.342E+01 20 8.456E-04 1.420E+01 23 1.581E-02 3.128E-01
24 3.833E-05 2.805E+00 26 4.936E-03 3.407E-01 27 1.094E-03 3.727E-01
188  17
 2 1.639E-02 6.164E-01  3 1.049E-05 3.310E+01  4 8.883E-02 2.242E+00  6 1.078E-06 6.016E+01  7 2.439E-08 1.000E+02
10 3.879E-06 3.569E+01 12 3.066E-06 3.293E+01 13 3.557E-05 9.081E+00 15 1.885E-06 9.262E+01 16 8.626E-04 1.205E+00
17 1.966E-06 5.460E+01 19 2.977E-06 9.738E+01 20 6.550E-04 1.285E+01 23 1.572E-02 2.932E-01 24 3.366E-05 1.964E+00
26 4.747E-03 3.878E-01 27 1.039E-03 4.272E-01
189  17
 2 1.881E-02 5.734E-01  3 9.544E-06 2.922E+01  4 8.705E-02 3.092E+00  5 1.267E-05 1.000E+02  6 7.489E-08 9.056E+01
10 1.154E-05 3.179E+01 11 7.335E-08 1.000E+02 12 3.844E-06 3.977E+01 13 3.499E-05 9.243E+00 16 8.720E-04 1.209E+00
17 1.243E-06 5.830E+01 19 1.855E-05 5.508E+01 20 5.022E-04 1.675E+01 23 1.556E-02 3.021E-01 24 3.070E-05 2.469E+00
26 4.541E-03 4.107E-01 27 9.818E-04 4.617E-01
190  18
 2 2.082E-02 6.376E-01  3 1.234E-05 3.489E+01  4 1.015E-02 5.568E+00  6 1.473E-06 9.042E+01  7 3.163E-07 7.034E+01
 8 4.727E-07 1.000E+02 10 7.394E-06 4.202E+01 12 1.452E-06 2.505E+01 13 3.277E-05 1.049E+01 15 6.250E-06 7.993E+01
16 9.077E-04 1.225E+00 17 8.142E-07 9.754E+01 19 1.023E-05 5.588E+01 20 5.776E-04 1.654E+01 23 1.548E-02 3.395E-01
24 2.799E-05 3.187E+00 26 4.417E-03 3.811E-01 27 9.478E-04 4.217E-01
191  18
 2 2.236E-02 4.480E-01  3 7.181E-06 2.975E+01  4 6.709E-03 7.075E+00  5 5.320E-07 1.000E+02  6 1.029E-08 1.000E+02
 8 4.303E-07 1.000E+02 10 5.889E-06 3.729E+01 12 1.594E-06 4.488E+01 13 3.131E-05 9.623E+00 15 1.653E-07 1.000E+02
16 9.271E-04 6.475E-01 17 9.144E-06 5.544E+01 19 2.940E-05 9.772E+01 20 3.606E-04 1.827E+01 23 1.545E-02 3.144E-01
24 2.573E-05 2.145E+00 26 4.386E-03 3.875E-01 27 9.358E-04 4.046E-01
192  17
 1 5.132E-06 1.000E+02  2 2.335E-02 4.502E-01  3 1.174E-05 2.452E+01  4 4.552E-03 7.021E+00 10 7.485E-06 3.292E+01
11 2.814E-07 1.000E+02 12 1.502E-06 5.128E+01 13 2.853E-05 1.196E+01 15 3.146E-06 9.875E+01 16 9.105E-04 1.169E+00
17 3.237E-06 1.000E+02 19 2.685E-06 8.430E+01 20 6.236E-04 1.647E+01 23 1.535E-02 3.488E-01 24 2.560E-05 3.553E+00
26 4.372E-03 3.941E-01 27 9.355E-04 4.559E-01
193  18
 2 2.418E-02 5.146E-01  3 7.144E-06 3.935E+01  4 3.912E-03 8.962E+00  6 1.016E-06 6.911E+01  7 4.050E-08 1.000E+02
10 3.613E-06 4.247E+01 11 3.738E-07 1.000E+02 12 1.868E-06 5.417E+01 13 2.482E-05 9.353E+00 15 2.621E-06 7.072E+01
16 9.101E-04 1.163E+00 17 8.662E-07 6.904E+01 19 3.431E-05 5.345E+01 20 4.588E-04 2.053E+01 23 1.530E-02 3.242E-01
24 2.150E-05 3.181E+00 26 4.341E-03 3.842E-01 27 9.221E-04 4.357E-01
194  18
 2 2.447E-02 5.020E-01  3 8.873E-06 4.161E+01  4 2.781E-03 1.503E+01  6 1.341E-06 9.732E+01  7 5.478E-08 1.000E+02
 8 4.673E-08 1.000E+02 10 7.156E-06 4.197E+01 11 1.142E-06 6.892E+01 12 6.367E-07 4.334E+01 13 2.336E-05 1.059E+01
16 8.935E-04 1.121E+00 17 8.622E-08 1.000E+02 19 1.781E-05 8.654E+01 20 5.106E-04 1.929E+01 23 1.515E-02 3.828E-01
24 1.928E-05 3.219E+00 26 4.299E-03 4.538E-01 27 9.118E-04 5.192E-01
195  17
 2 2.410E-02 4.844E-01  3 8.786E-06 3.539E+01  4 3.246E-03 1.126E+01  6 2.329E-06 1.000E+02  7 9.435E-08 1.000E+02
10 2.597E-06 3.858E+01 11 5.303E-07 5.859E+01 12 1.659E-06 5.365E+01 13 2.039E-05 1.512E+01 16 9.045E-04 7.997E-01
17 2.094E-06 7.730E+01 19 1.731E-06 1.000E+02 20 3.593E-04 1.621E+01 23 1.494E-02 3.084E-01 24 1.778E-05 3.747E+00
26 4.261E-03 3.782E-01 27 9.073E-04 3.913E-01
196  18
 2 2.382E-02 5.561E-01  3 1.161E-05 3.954E+01  4 2.190E-03 1.486E+01  6 1.572E-07 9.109E+01  8 1.392E-06 6.947E+01
10 5.217E-06 3.406E+01 11 1.940E-06 1.000E+02 12 2.338E-06 3.864E+01 13 2.172E-05 1.427E+01 15 2.335E-06 9.871E+01
16 9.155E-04 9.796E-01 17 1.309E-05 5.585E+01 19 2.934E-06 9.232E+01 20 2.426E-04 1.651E+01 23 1.489E-02 3.305E-01
24 1.691E-05 3.945E+00 26 4.281E-03 3.750E-01 27 9.081E-04 4.383E-01
197  16
 1 2.837E-07 1.000E+02  2 2.322E-02 5.831E-01  3 3.968E-06 5.089E+01  4 2.055E-03 1.350E+01  6 8.287E-09 1.000E+02
 7 6.350E-08 1.000E+02 10 4.571E-06 2.788E+01 12 1.207E-06 3.524E+01 13 1.373E-05 1.184E+01 16 9.096E-04 1.199E+00
17 7.617E-07 1.000E+02 20 2.721E-04 1.642E+01 23 1.460E-02 2.996E-01 24 1.354E-05 3.875E+00 26 4.232E-03 3.404E-01
27 8.992E-04 3.719E-01
198  16
 2 2.206E-02 6.080E-01  3 9.874E-06 2.921E+01  4 1.138E-03 2.683E+01  6 8.885E-07 1.000E+02 10 3.574E-06 3.954E+01
12 6.237E-07 8.313E+01 13 1.425E-05 1.147E+01 15 1.950E-06 1.000E+02 16 9.407E-04 1.350E+00 17 1.898E-06 8.477E+01
19 1.539E-05 5.697E+01 20 2.227E-04 2.002E+01 23 1.430E-02 3.429E-01 24 1.255E-05 5.106E+00 26 4.218E-03 3.413E-01
27 8.999E-04 3.628E-01
199  18
 1 6.942E-06 1.000E+02  2 2.100E-02 5.886E-01  3 5.676E-06 3.934E+01  4 1.216E-03 1.763E+01  6 4.244E-07 1.000E+02
10 2.508E-06 5.492E+01 11 1.085E-06 1.000E+02 12 6.048E-07 9.504E+01 13 1.225E-05 1.805E+01 15 1.637E-08 1.000E+02
16 9.547E-04 1.165E+00 17 2.129E-06 9.155E+01 19 1.308E-05 7.010E+01 20 1.985E-04 2.836E+01 23 1.400E-02 3.564E-01
24 1.125E-05 4.400E+00 26 4.197E-03 4.435E-01 27 8.958E-04 5.349E-01
200  16
 2 1.968E-02 4.024E-01  3 4.397E-06 6.709E+01  4 9.598E-04 2.534E+01  6 9.900E-07 1.000E+02  8 1.010E-06 1.000E+02
10 1.231E-06 4.929E+01 12 1.110E-06 7.678E+01 13 8.853E-06 2.168E+01 16 9.691E-04 1.108E+00 17 1.485E-06 9.012E+01
19 3.039E-06 1.000E+02 20 2.103E-04 2.723E+01 23 1.374E-02 3.066E-01 24 9.411E-06 4.899E+00 26 4.222E-03 3.533E-01
27 9.037E-04 3.461E-01
201  15
 2 1.747E-02 5.490E-01  3 2.269E-06 4.289E+01  4 8.818E-04 2.053E+01 10 1.089E-06 4.938E+01 11 2.080E-07 1.000E+02
12 1.591E-07 7.210E+01 13 7.269E-06 1.561E+01 16 1.013E-03 9.991E-01 17 6.483E-07 1.000E+02 19 5.194E-06 7.299E+01
20 1.414E-04 2.955E+01 23 1.322E-02 3.138E-01 24 7.783E-06 5.028E+00 26 4.218E-03 3.400E-01 27 9.082E-04 3.626E-01
202  16
 2 1.543E-02 4.654E-01  3 2.807E-06 6.677E+01  4 7.004E-04 2.676E+01  6 8.611E-07 7.641E+01 10 2.172E-06 8.456E+01
11 3.747E-07 1.000E+02 12 4.560E-07 6.921E+01 13 5.601E-06 2.141E+01 15 3.669E-06 9.925E+01 16 1.037E-03 1.016E+00
19 1.857E-05 1.000E+02 20 1.064E-04 4.552E+01 23 1.277E-02 2.974E-01 24 7.186E-06 4.531E+00 26 4.220E-03 3.847E-01
27 9.132E-04 4.147E-01
203  15
 2 1.264E-02 5.715E-01  3 1.385E-06 6.712E+01  4 8.455E-04 2.172E+01 10 1.028E-06 8.374E+01 11 4.299E-07 1.000E+02
12 9.881E-07 6.700E+01 13 5.207E-06 2.516E+01 15 1.731E-06 1.000E+02 16 1.084E-03 1.002E+00 19 3.242E-06 7.191E+01
20 6.392E-05 3.266E+01 23 1.196E-02 3.182E-01 24 4.965E-06 4.705E+00 26 4.129E-03 3.597E-01 27 8.987E-04 3.862E-01
204  16
 2 9.890E-03 6.596E-01  3 3.384E-07 7.026E+01  4 6.384E-04 2.337E+01  6 1.629E-06 1.000E+02 10 3.791E-07 9.553E+01
11 2.315E-07 1.000E+02 12 1.880E-07 7.057E+01 13 4.159E-06 2.631E+01 15 2.533E-06 1.000E+02 16 1.129E-03 5.570E-01
19 1.082E-07 1.000E+02 20 1.013E-04 3.489E+01 23 1.119E-02 3.773E-01 24 4.470E-06 4.302E+00 26 4.034E-03 4.321E-01
27 8.875E-04 4.617E-01
205  14
 2 6.556E-03 5.854E-01  3 1.322E-06 5.953E+01  4 4.679E-04 3.465E+01 10 9.054E-08 8.626E+01 12 2.941E-07 5.748E+01
13 3.963E-06 2.643E+01 15 2.388E-07 1.000E+02 16 1.194E-03 9.172E-01 19 1.518E-07 1.000E+02 20 9.491E-05 2.719E+01
23 1.012E-02 3.233E-01 24 3.718E-06 6.404E+00 26 3.853E-03 3.539E-01 27 8.606E-04 3.762E-01
206  15
 2 3.857E-03 7.835E-01  3 7.320E-07 1.000E+02  4 3.619E-04 2.714E+01 10 2.286E-07 1.000E+02 11 4.838E-07 1.000E+02
12 2.081E-07 5.402E+01 13 3.961E-06 2.402E+01 15 4.530E-07 1.000E+02 16 1.305E-03 8.025E-01 19 3.366E-07 1.000E+02
20 4.428E-05 3.457E+01 23 8.362E-03 3.728E-01 24 2.790E-06 5.709E+00 26 3.198E-03 4.928E-01 27 7.172E-04 5.529E-01
207  14
 1 2.541E-07 1.000E+02  2 2.395E-03 8.475E-01  3 1.332E-06 8.718E+01  4 1.359E-04 3.968E+01 10 7.108E-07 8.914E+01
12 1.435E-07 9.749E+01 13 2.607E-06 3.999E+01 16 1.444E-03 6.540E-01 19 6.016E-08 1.000E+02 20 1.544E-05 4.733E+01
23 5.416E-03 3.669E-01 24 1.447E-06 9.940E+00 26 1.720E-03 4.798E-01 27 3.723E-04 5.055E-01
208  14
 2 8.948E-04 1.085E+00  3 1.611E-07 8.754E+01  4 5.681E-05 5.029E+01  6 1.912E-07 1.000E+02 10 4.086E-07 6.641E+01
12 1.358E-08 1.000E+02 13 8.317E-07 3.559E+01 15 8.470E-08 1.000E+02 16 1.313E-03 3.978E-01 20 7.258E-06 4.716E+01
23 1.819E-03 4.294E-01 24 5.990E-07 1.633E+01 26 3.177E-04 8.545E-01 27 6.121E-05 1.000E+00