
    ORGAN DOSE CONVERSION FACTORS FOR AN ADULT HERMAPHRODITE
    CALCULATED FOR A VARIETY OF CT SCANNERS AND CONDITIONS.
    VALUES ARE GIVEN FOR 208 5 MM SLICES SPANNING THE BODY
    FROM 100 MM BELOW THE BOTTOM OF THE TRUNK TO THE TOP OF THE HEAD.

                     ORGANS OR REGIONS
 1 ADRENALS              10 HEART                  19 THYMUS                   
 2 BRAIN                 11 KIDNEYS                20 THYROID                  
 3 BREASTS               12 LIVER                  21 URINARY BLADDER          
 4 EYE LENSES            13 LUNGS                  22 UTERUS                   
 5 GALL BLADDER          14 OVARIES                23 HEAD REGION              
 6 STOMACH               15 PANCREAS               24 TRUNK REGION             
 7 SMALL INTESTINE       16 SKIN                   25 LEG REGION               
 8 UPPER LARGE INTESTINE 17 SPLEEN                 26 SKELETON                 
 9 LOWER LARGE INTESTINE 18 TESTICLES              27 RED MARROW               

 22 PHILIPS TOMOSCAN LX: SHAPED FILTER (ALUMINIUM)
    FOCUS TO AXIS DISTANCE IS 606 MM
    FAN ANGLE COVERS FULL WIDTH OF TRUNK
    X-RAY SPECTRUM HAS MAXIMUM ENERGY OF 100 KEV
    INITIAL FILTRATION IS 1.4 MM OF ALUMINIUM AND 0.1 MM OF COPPER

    CONVERSION FACTORS AND STATISTICAL UNCERTAINTIES(%) FOR ORGANS IN EACH SLICE
  1  17
 3 2.667E-06 1.000E+02  7 2.742E-05 1.905E+01  8 1.457E-05 3.840E+01  9 4.212E-04 8.132E+00 11 2.390E-07 8.678E+01
12 6.341E-07 7.623E+01 14 8.654E-05 5.707E+01 15 1.724E-06 9.843E+01 16 2.041E-03 7.745E-01 17 1.836E-06 1.000E+02
18 2.415E-03 7.484E+00 21 2.772E-04 2.013E+01 22 1.403E-04 2.552E+01 24 9.814E-05 1.803E+00 25 6.553E-03 3.073E-01
26 3.600E-03 6.268E-01 27 3.182E-04 8.898E-01
  2  16
 6 9.869E-07 1.000E+02  7 2.837E-05 1.720E+01  8 2.499E-05 3.367E+01  9 4.745E-04 8.398E+00 11 1.617E-06 9.430E+01
12 9.163E-07 6.766E+01 14 9.683E-05 6.306E+01 15 2.179E-06 1.000E+02 16 2.077E-03 1.217E+00 18 2.484E-03 6.799E+00
21 4.059E-04 1.316E+01 22 1.310E-04 3.076E+01 24 1.113E-04 1.448E+00 25 6.573E-03 3.441E-01 26 3.635E-03 7.211E-01
27 3.376E-04 1.090E+00
  3  16
 3 1.470E-06 1.000E+02  5 2.931E-07 1.000E+02  7 3.183E-05 1.451E+01  8 2.202E-05 2.607E+01  9 5.208E-04 7.692E+00
11 7.140E-07 7.158E+01 12 5.740E-07 5.290E+01 14 9.944E-05 4.709E+01 16 2.064E-03 1.341E+00 18 2.936E-03 8.779E+00
21 4.436E-04 1.226E+01 22 8.813E-05 2.818E+01 24 1.228E-04 1.863E+00 25 6.562E-03 3.479E-01 26 3.607E-03 7.154E-01
27 3.479E-04 8.665E-01
  4  16
 3 5.056E-07 1.000E+02  6 3.317E-06 6.851E+01  7 3.267E-05 1.154E+01  8 2.188E-05 3.204E+01  9 6.434E-04 8.774E+00
11 1.914E-06 6.980E+01 12 1.761E-06 5.544E+01 14 2.136E-04 5.853E+01 16 2.060E-03 1.108E+00 18 2.821E-03 8.960E+00
21 4.824E-04 1.086E+01 22 1.510E-04 2.290E+01 24 1.346E-04 1.539E+00 25 6.576E-03 2.989E-01 26 3.626E-03 8.299E-01
27 3.679E-04 1.242E+00
  5  17
 3 1.019E-06 7.448E+01  6 9.921E-06 6.456E+01  7 4.144E-05 1.865E+01  8 2.907E-05 2.323E+01  9 7.419E-04 7.269E+00
12 1.128E-06 4.898E+01 13 9.576E-08 1.000E+02 14 7.072E-05 7.089E+01 15 5.682E-06 1.000E+02 16 2.035E-03 8.358E-01
18 3.554E-03 6.498E+00 21 5.463E-04 1.293E+01 22 1.811E-04 2.016E+01 24 1.590E-04 1.715E+00 25 6.580E-03 3.158E-01
26 3.598E-03 7.428E-01 27 3.791E-04 1.104E+00
  6  17
 3 6.808E-07 9.731E+01  6 6.386E-08 1.000E+02  7 3.528E-05 1.791E+01  8 4.551E-05 2.219E+01  9 7.554E-04 4.275E+00
10 5.190E-07 1.000E+02 11 1.474E-08 1.000E+02 12 2.877E-06 7.607E+01 14 1.239E-04 5.337E+01 16 2.044E-03 8.392E-01
18 3.698E-03 7.239E+00 21 7.144E-04 1.280E+01 22 1.728E-04 1.745E+01 24 1.714E-04 1.537E+00 25 6.582E-03 3.370E-01
26 3.599E-03 6.597E-01 27 3.848E-04 1.082E+00
  7  19
 6 4.319E-06 6.799E+01  7 4.873E-05 1.474E+01  8 4.351E-05 2.562E+01  9 8.237E-04 7.563E+00 10 7.596E-08 1.000E+02
11 6.244E-06 5.326E+01 12 1.039E-06 6.288E+01 13 1.865E-08 7.509E+01 14 1.356E-04 5.041E+01 15 1.196E-06 1.000E+02
16 2.080E-03 9.415E-01 17 1.232E-06 7.107E+01 18 4.019E-03 7.011E+00 21 7.598E-04 1.370E+01 22 2.183E-04 2.072E+01
24 1.988E-04 1.215E+00 25 6.553E-03 3.242E-01 26 3.602E-03 6.196E-01 27 4.044E-04 9.879E-01
  8  18
 3 5.297E-06 6.132E+01  6 4.434E-06 7.722E+01  7 5.467E-05 1.396E+01  8 4.538E-05 1.949E+01  9 9.480E-04 5.468E+00
11 7.413E-07 9.004E+01 12 2.184E-06 5.308E+01 13 2.782E-07 1.000E+02 14 1.193E-04 5.578E+01 15 1.323E-05 6.976E+01
16 2.071E-03 1.014E+00 18 4.022E-03 6.009E+00 21 7.027E-04 1.273E+01 22 2.022E-04 1.783E+01 24 2.212E-04 1.298E+00
25 6.551E-03 2.837E-01 26 3.547E-03 4.812E-01 27 4.149E-04 1.028E+00
  9  18
 3 9.442E-07 7.630E+01  5 3.516E-05 1.000E+02  6 2.863E-06 8.388E+01  7 6.676E-05 1.029E+01  8 4.881E-05 2.204E+01
 9 1.063E-03 7.097E+00 11 3.686E-06 5.304E+01 12 3.548E-06 3.887E+01 13 3.565E-07 1.000E+02 14 7.421E-05 3.438E+01
16 2.095E-03 9.955E-01 18 4.835E-03 7.369E+00 21 7.375E-04 1.468E+01 22 2.044E-04 1.716E+01 24 2.532E-04 1.264E+00
25 6.518E-03 2.805E-01 26 3.561E-03 7.612E-01 27 4.395E-04 9.469E-01
 10  18
 1 8.724E-06 1.000E+02  3 4.639E-07 1.000E+02  6 2.435E-06 7.576E+01  7 7.009E-05 1.358E+01  8 5.360E-05 1.891E+01
 9 1.142E-03 3.955E+00 11 7.906E-06 5.045E+01 12 1.521E-06 3.796E+01 13 4.051E-07 1.000E+02 14 1.737E-04 4.504E+01
16 2.066E-03 9.858E-01 18 4.924E-03 9.195E+00 21 1.092E-03 7.181E+00 22 3.668E-04 1.815E+01 24 2.834E-04 9.339E-01
25 6.462E-03 3.976E-01 26 3.467E-03 9.543E-01 27 4.354E-04 1.143E+00
 11  21
 3 3.593E-06 6.026E+01  5 2.211E-05 1.000E+02  6 5.869E-06 7.125E+01  7 8.033E-05 1.175E+01  8 5.439E-05 1.889E+01
 9 1.308E-03 5.706E+00 10 2.642E-06 1.000E+02 11 5.945E-06 4.733E+01 12 1.578E-06 3.864E+01 13 1.593E-06 5.871E+01
14 1.200E-04 4.371E+01 15 6.958E-07 1.000E+02 16 2.733E-03 1.201E+00 17 1.291E-07 1.000E+02 18 9.049E-03 4.527E+00
21 1.126E-03 1.080E+01 22 2.809E-04 2.105E+01 24 3.077E-04 1.391E+00 25 6.413E-03 3.325E-01 26 3.386E-03 6.761E-01
27 4.477E-04 1.211E+00
 12  19
 3 4.775E-06 5.617E+01  5 2.846E-05 9.923E+01  6 1.005E-06 9.035E+01  7 8.940E-05 1.087E+01  8 5.351E-05 2.179E+01
 9 1.569E-03 5.702E+00 11 9.226E-06 4.014E+01 12 2.063E-06 3.791E+01 13 5.680E-07 1.000E+02 14 6.843E-04 3.248E+01
16 2.251E-03 7.967E-01 17 1.312E-07 8.440E+01 18 2.464E-02 3.441E+00 21 1.260E-03 9.518E+00 22 3.696E-04 1.273E+01
24 3.554E-04 1.226E+00 25 6.311E-03 3.224E-01 26 3.250E-03 8.507E-01 27 4.531E-04 1.314E+00
 13  21
 3 6.700E-06 5.300E+01  5 9.113E-06 1.000E+02  6 5.342E-06 4.915E+01  7 1.151E-04 8.023E+00  8 7.569E-05 1.741E+01
 9 1.648E-03 2.955E+00 10 1.218E-07 1.000E+02 11 5.548E-06 4.273E+01 12 6.709E-06 4.493E+01 13 3.089E-07 1.000E+02
14 2.659E-04 4.208E+01 15 3.105E-06 9.578E+01 16 2.216E-03 7.819E-01 17 6.648E-06 7.734E+01 18 4.081E-02 2.487E+00
21 1.355E-03 7.711E+00 22 6.101E-04 1.285E+01 24 4.058E-04 1.188E+00 25 6.245E-03 3.883E-01 26 3.174E-03 8.076E-01
27 4.685E-04 1.433E+00
 14  19
 3 4.565E-06 5.623E+01  6 1.958E-05 6.015E+01  7 1.100E-04 8.580E+00  8 7.374E-05 1.918E+01  9 2.032E-03 3.681E+00
11 1.156E-05 5.873E+01 12 4.492E-06 3.351E+01 13 1.662E-06 7.499E+01 14 4.193E-04 2.537E+01 15 2.946E-06 7.061E+01
16 2.200E-03 8.584E-01 17 3.679E-06 9.941E+01 18 5.325E-02 1.838E+00 21 1.543E-03 9.972E+00 22 4.600E-04 1.305E+01
24 4.657E-04 6.463E-01 25 6.221E-03 3.142E-01 26 3.244E-03 6.949E-01 27 4.963E-04 1.601E+00
 15  20
 3 6.867E-06 4.268E+01  5 4.015E-05 1.000E+02  6 2.854E-06 4.121E+01  7 1.120E-04 6.313E+00  8 1.033E-04 1.594E+01
 9 2.153E-03 5.626E+00 10 7.387E-07 1.000E+02 11 1.376E-05 5.014E+01 12 4.590E-06 4.602E+01 13 3.004E-07 7.204E+01
14 4.381E-04 4.295E+01 16 2.240E-03 1.058E+00 17 4.322E-06 7.175E+01 18 5.846E-02 2.499E+00 21 1.807E-03 5.920E+00
22 6.018E-04 9.892E+00 24 5.218E-04 8.394E-01 25 6.136E-03 3.155E-01 26 3.210E-03 6.302E-01 27 5.404E-04 1.253E+00
 16  20
 3 1.505E-05 5.153E+01  5 1.114E-05 1.000E+02  6 4.575E-06 7.236E+01  7 1.208E-04 5.772E+00  8 1.046E-04 1.439E+01
 9 2.425E-03 4.609E+00 10 5.840E-07 1.000E+02 11 1.336E-05 4.213E+01 12 6.772E-06 3.052E+01 13 6.367E-07 9.838E+01
14 4.955E-04 3.287E+01 15 1.767E-07 1.000E+02 16 2.224E-03 1.067E+00 18 5.988E-02 2.480E+00 21 1.881E-03 8.285E+00
22 6.693E-04 1.477E+01 24 5.948E-04 1.005E+00 25 5.985E-03 3.230E-01 26 3.108E-03 8.139E-01 27 5.444E-04 1.070E+00
 17  20
 3 8.947E-06 4.446E+01  5 2.095E-05 9.289E+01  6 1.479E-06 7.214E+01  7 1.415E-04 6.042E+00  8 1.207E-04 1.228E+01
 9 2.756E-03 3.860E+00 10 1.226E-06 8.281E+01 11 8.138E-06 3.725E+01 12 3.069E-06 2.559E+01 13 9.045E-08 8.565E+01
14 2.173E-04 4.297E+01 16 2.204E-03 1.109E+00 17 6.227E-06 9.019E+01 18 5.576E-02 2.273E+00 21 2.020E-03 8.237E+00
22 8.045E-04 9.424E+00 24 6.844E-04 6.493E-01 25 5.798E-03 3.687E-01 26 3.023E-03 8.226E-01 27 5.879E-04 1.308E+00
 18  22
 1 1.083E-05 1.000E+02  3 1.267E-05 5.161E+01  5 5.649E-05 1.000E+02  6 2.260E-06 5.683E+01  7 1.882E-04 7.718E+00
 8 1.260E-04 1.302E+01  9 2.995E-03 4.002E+00 10 4.483E-08 1.000E+02 11 2.214E-05 3.783E+01 12 6.436E-06 2.873E+01
13 3.647E-08 8.829E+01 14 3.546E-04 3.532E+01 15 1.079E-05 8.445E+01 16 2.147E-03 6.846E-01 17 5.368E-06 3.965E+01
18 4.756E-02 2.435E+00 21 2.486E-03 5.585E+00 22 7.117E-04 1.312E+01 24 7.806E-04 6.605E-01 25 5.593E-03 3.377E-01
26 2.935E-03 8.255E-01 27 6.242E-04 1.178E+00
 19  21
 1 4.461E-06 1.000E+02  3 2.108E-05 2.874E+01  5 4.051E-05 7.016E+01  6 1.055E-05 7.459E+01  7 1.594E-04 6.472E+00
 8 1.563E-04 1.385E+01  9 3.145E-03 4.521E+00 11 2.656E-05 4.081E+01 12 6.444E-06 2.526E+01 13 1.093E-06 6.021E+01
14 3.058E-04 2.625E+01 16 2.173E-03 8.132E-01 17 6.783E-06 4.757E+01 18 3.517E-02 2.138E+00 19 1.814E-07 1.000E+02
21 2.853E-03 5.430E+00 22 7.268E-04 1.103E+01 24 9.127E-04 6.349E-01 25 5.356E-03 4.119E-01 26 2.885E-03 8.737E-01
27 6.784E-04 1.716E+00
 20  21
 3 8.298E-06 4.822E+01  5 3.777E-06 7.464E+01  6 7.507E-06 5.124E+01  7 1.946E-04 8.213E+00  8 1.564E-04 1.433E+01
 9 3.751E-03 3.563E+00 10 1.051E-06 1.000E+02 11 1.478E-05 2.926E+01 12 7.008E-06 2.964E+01 13 1.719E-08 1.000E+02
14 5.415E-04 3.602E+01 15 1.715E-05 8.474E+01 16 2.145E-03 9.393E-01 17 8.417E-06 6.507E+01 18 2.086E-02 3.684E+00
21 3.126E-03 4.511E+00 22 9.243E-04 1.347E+01 24 1.081E-03 6.616E-01 25 4.996E-03 3.992E-01 26 2.770E-03 6.739E-01
27 7.330E-04 1.173E+00
 21  23
 1 9.879E-06 1.000E+02  3 5.305E-07 1.000E+02  5 1.137E-05 1.000E+02  6 9.667E-06 5.064E+01  7 2.170E-04 6.288E+00
 8 1.868E-04 9.872E+00  9 5.409E-03 2.126E+00 10 2.485E-06 5.843E+01 11 1.000E-05 4.411E+01 12 6.752E-06 2.563E+01
13 5.236E-07 5.707E+01 14 9.459E-04 2.983E+01 15 1.870E-05 4.362E+01 16 1.795E-03 1.059E+00 17 7.805E-06 5.842E+01
18 1.143E-02 4.605E+00 21 3.697E-03 4.848E+00 22 1.100E-03 8.150E+00 23 1.043E-09 1.000E+02 24 2.471E-03 3.645E-01
25 2.264E-03 5.406E-01 26 2.528E-03 6.645E-01 27 1.147E-03 1.239E+00
 22  19
 3 4.239E-07 1.000E+02  5 7.709E-07 1.000E+02  6 1.135E-05 4.550E+01  7 2.386E-04 5.933E+00  8 1.470E-04 1.117E+01
 9 5.852E-03 2.167E+00 11 1.508E-05 3.546E+01 12 8.902E-06 2.296E+01 14 5.125E-04 2.659E+01 15 6.347E-07 7.074E+01
16 1.764E-03 9.973E-01 17 1.485E-05 4.453E+01 18 9.407E-03 3.490E+00 21 4.319E-03 6.214E+00 22 1.055E-03 9.529E+00
24 2.678E-03 3.141E-01 25 1.886E-03 7.158E-01 26 2.450E-03 1.049E+00 27 1.252E-03 1.443E+00
 23  23
 1 1.832E-05 9.068E+01  3 4.581E-06 6.057E+01  5 9.073E-05 6.888E+01  6 4.994E-06 5.188E+01  7 2.854E-04 5.528E+00
 8 2.331E-04 1.421E+01  9 6.711E-03 2.988E+00 10 2.403E-06 1.000E+02 11 1.962E-05 3.386E+01 12 9.045E-06 2.019E+01
13 2.073E-06 5.759E+01 14 9.082E-04 2.352E+01 15 7.893E-06 7.241E+01 16 1.780E-03 1.208E+00 17 7.032E-06 6.801E+01
18 8.057E-03 5.770E+00 19 4.317E-07 1.000E+02 21 4.592E-03 6.633E+00 22 1.325E-03 7.362E+00 24 2.816E-03 4.093E-01
25 1.631E-03 7.505E-01 26 2.376E-03 7.865E-01 27 1.276E-03 1.063E+00
 24  22
 1 1.865E-05 1.000E+02  3 6.803E-06 3.375E+01  5 1.682E-06 1.000E+02  6 9.854E-06 4.219E+01  7 3.143E-04 6.010E+00
 8 2.849E-04 8.372E+00  9 7.614E-03 3.537E+00 10 3.270E-07 6.872E+01 11 1.918E-05 3.657E+01 12 1.176E-05 2.159E+01
13 4.030E-07 5.591E+01 14 6.769E-04 2.288E+01 15 5.829E-06 6.621E+01 16 1.754E-03 9.243E-01 17 2.267E-06 7.182E+01
18 6.879E-03 5.243E+00 21 5.139E-03 5.238E+00 22 1.537E-03 6.790E+00 24 2.914E-03 3.068E-01 25 1.425E-03 6.694E-01
26 2.341E-03 9.922E-01 27 1.330E-03 1.359E+00
 25  20
 3 1.983E-05 5.232E+01  5 4.230E-05 7.135E+01  6 1.473E-05 4.186E+01  7 3.514E-04 6.257E+00  8 2.551E-04 1.160E+01
 9 8.710E-03 1.952E+00 11 2.379E-05 2.913E+01 12 1.683E-05 1.492E+01 13 4.988E-07 6.915E+01 14 1.076E-03 2.550E+01
15 3.213E-05 5.453E+01 16 1.740E-03 1.240E+00 17 1.620E-05 5.033E+01 18 5.561E-03 6.873E+00 21 6.041E-03 4.392E+00
22 1.456E-03 5.092E+00 24 3.012E-03 3.791E-01 25 1.238E-03 8.688E-01 26 2.249E-03 8.565E-01 27 1.372E-03 1.519E+00
 26  23
 1 6.478E-07 1.000E+02  3 7.134E-06 7.952E+01  5 1.169E-04 7.932E+01  6 3.710E-05 3.582E+01  7 3.549E-04 6.014E+00
 8 3.328E-04 9.307E+00  9 8.914E-03 1.995E+00 10 2.141E-06 6.925E+01 11 2.192E-05 3.391E+01 12 1.312E-05 1.610E+01
13 4.807E-07 5.797E+01 14 1.111E-03 1.801E+01 15 8.823E-06 6.952E+01 16 1.714E-03 1.109E+00 17 1.085E-05 4.602E+01
18 4.360E-03 6.339E+00 19 4.968E-06 1.000E+02 21 6.498E-03 3.983E+00 22 1.858E-03 6.730E+00 24 3.097E-03 2.954E-01
25 1.095E-03 9.360E-01 26 2.277E-03 1.034E+00 27 1.474E-03 1.430E+00
 27  22
 3 6.504E-06 5.457E+01  5 4.162E-05 6.598E+01  6 3.998E-05 2.302E+01  7 4.003E-04 5.886E+00  8 3.169E-04 7.806E+00
 9 9.390E-03 2.719E+00 10 5.032E-06 6.005E+01 11 2.393E-05 2.945E+01 12 1.359E-05 1.710E+01 13 1.750E-06 4.620E+01
14 1.596E-03 1.684E+01 15 2.803E-05 5.107E+01 16 1.715E-03 1.074E+00 17 1.868E-05 4.258E+01 18 4.193E-03 5.710E+00
19 7.428E-07 1.000E+02 21 7.360E-03 4.104E+00 22 2.003E-03 8.579E+00 24 3.176E-03 3.209E-01 25 9.614E-04 6.550E-01
26 2.194E-03 7.680E-01 27 1.440E-03 9.872E-01
 28  22
 1 2.580E-05 7.114E+01  3 4.980E-06 4.616E+01  5 2.373E-06 6.934E+01  6 1.838E-05 3.635E+01  7 4.797E-04 5.029E+00
 8 3.367E-04 7.256E+00  9 9.382E-03 2.331E+00 10 9.975E-07 7.983E+01 11 2.849E-05 2.342E+01 12 2.092E-05 1.721E+01
13 7.364E-07 5.553E+01 14 1.493E-03 1.790E+01 15 7.860E-06 6.769E+01 16 1.734E-03 1.437E+00 17 1.509E-05 5.796E+01
18 3.663E-03 8.041E+00 21 8.234E-03 3.932E+00 22 2.180E-03 7.722E+00 24 3.217E-03 3.688E-01 25 8.387E-04 1.174E+00
26 2.131E-03 7.503E-01 27 1.461E-03 8.494E-01
 29  22
 1 1.834E-05 1.000E+02  3 3.762E-06 8.523E+01  5 2.126E-05 6.269E+01  6 2.870E-05 3.394E+01  7 5.347E-04 3.782E+00
 8 4.305E-04 9.102E+00  9 9.520E-03 2.049E+00 10 7.975E-08 1.000E+02 11 3.693E-05 1.876E+01 12 1.667E-05 1.514E+01
13 1.606E-06 6.594E+01 14 1.871E-03 1.409E+01 15 1.337E-06 6.656E+01 16 1.706E-03 1.035E+00 17 2.077E-05 3.920E+01
18 3.364E-03 8.770E+00 21 9.019E-03 3.252E+00 22 2.395E-03 6.836E+00 24 3.271E-03 3.001E-01 25 7.485E-04 1.156E+00
26 2.113E-03 9.520E-01 27 1.473E-03 1.670E+00
 30  21
 3 4.082E-07 8.202E+01  5 5.056E-05 4.945E+01  6 2.529E-05 4.229E+01  7 5.640E-04 3.721E+00  8 4.549E-04 7.777E+00
 9 8.525E-03 1.909E+00 10 1.827E-06 9.716E+01 11 3.386E-05 1.954E+01 12 1.786E-05 1.470E+01 13 7.711E-07 5.410E+01
14 2.284E-03 1.706E+01 15 2.075E-05 4.806E+01 16 1.679E-03 1.109E+00 17 7.657E-06 8.444E+01 18 3.149E-03 7.505E+00
21 1.777E-02 2.923E+00 22 2.658E-03 5.093E+00 24 3.310E-03 3.237E-01 25 6.701E-04 1.096E+00 26 2.097E-03 6.656E-01
27 1.490E-03 1.004E+00
 31  22
 1 5.142E-06 9.235E+01  3 2.159E-06 6.807E+01  5 1.259E-04 4.540E+01  6 4.623E-05 3.827E+01  7 6.224E-04 4.327E+00
 8 4.347E-04 8.279E+00  9 8.180E-03 2.756E+00 10 4.562E-06 8.731E+01 11 5.120E-05 1.862E+01 12 2.667E-05 1.593E+01
13 2.601E-06 4.857E+01 14 2.866E-03 1.555E+01 15 3.143E-05 4.378E+01 16 1.648E-03 1.009E+00 17 3.960E-05 4.267E+01
18 2.745E-03 9.144E+00 21 2.165E-02 2.856E+00 22 2.900E-03 7.143E+00 24 3.349E-03 3.655E-01 25 5.987E-04 1.236E+00
26 2.105E-03 9.964E-01 27 1.536E-03 1.303E+00
 32  21
 3 2.461E-06 5.945E+01  5 4.326E-06 5.475E+01  6 2.398E-05 3.352E+01  7 7.025E-04 3.517E+00  8 5.357E-04 9.146E+00
 9 7.327E-03 2.823E+00 10 2.827E-06 6.839E+01 11 4.893E-05 2.077E+01 12 2.408E-05 1.430E+01 13 2.646E-06 5.148E+01
14 1.727E-03 1.446E+01 15 1.849E-05 4.517E+01 16 1.670E-03 1.156E+00 17 4.881E-05 3.787E+01 18 2.364E-03 9.668E+00
21 2.319E-02 2.148E+00 22 3.089E-03 4.697E+00 24 3.371E-03 3.708E-01 25 5.275E-04 1.265E+00 26 2.101E-03 8.132E-01
27 1.578E-03 8.157E-01
 33  21
 3 7.273E-06 4.407E+01  5 1.925E-04 5.142E+01  6 3.482E-05 2.777E+01  7 7.942E-04 3.870E+00  8 7.222E-04 8.026E+00
 9 7.487E-03 2.251E+00 10 6.981E-07 4.494E+01 11 6.044E-05 2.507E+01 12 2.738E-05 1.229E+01 13 2.958E-06 3.586E+01
14 2.398E-03 1.604E+01 15 2.008E-05 5.489E+01 16 1.629E-03 8.198E-01 17 9.764E-06 3.938E+01 18 2.225E-03 1.167E+01
21 2.412E-02 2.936E+00 22 3.519E-03 3.622E+00 24 3.400E-03 2.896E-01 25 4.801E-04 1.007E+00 26 2.081E-03 9.342E-01
27 1.568E-03 1.338E+00
 34  22
 1 1.444E-05 1.000E+02  3 3.105E-06 8.218E+01  5 3.261E-05 5.195E+01  6 5.354E-05 2.307E+01  7 9.236E-04 3.248E+00
 8 8.208E-04 5.753E+00  9 7.282E-03 2.476E+00 10 3.831E-06 5.623E+01 11 7.138E-05 1.306E+01 12 3.097E-05 1.579E+01
13 6.817E-06 3.458E+01 14 3.410E-03 9.055E+00 15 2.190E-05 6.257E+01 16 1.668E-03 9.981E-01 17 1.863E-05 3.396E+01
18 2.008E-03 8.450E+00 21 2.397E-02 2.380E+00 22 4.173E-03 5.178E+00 24 3.443E-03 3.320E-01 25 4.230E-04 9.226E-01
26 2.039E-03 7.885E-01 27 1.566E-03 1.057E+00
 35  22
 1 9.500E-06 6.519E+01  3 5.584E-06 5.143E+01  5 8.631E-05 7.031E+01  6 7.437E-05 1.805E+01  7 9.993E-04 2.501E+00
 8 7.547E-04 5.988E+00  9 7.506E-03 1.929E+00 10 8.700E-08 7.191E+01 11 4.423E-05 2.123E+01 12 3.653E-05 1.187E+01
13 3.012E-06 3.393E+01 14 3.320E-03 1.695E+01 15 1.524E-05 5.005E+01 16 1.670E-03 8.854E-01 17 2.686E-05 3.710E+01
18 1.597E-03 9.070E+00 21 2.501E-02 2.096E+00 22 4.276E-03 4.112E+00 24 3.474E-03 3.551E-01 25 3.840E-04 1.619E+00
26 2.075E-03 8.973E-01 27 1.608E-03 1.565E+00
 36  23
 1 1.261E-05 6.914E+01  3 2.796E-06 5.675E+01  5 1.661E-04 3.541E+01  6 7.178E-05 1.662E+01  7 1.036E-03 3.654E+00
 8 8.455E-04 6.458E+00  9 6.797E-03 2.263E+00 10 2.909E-06 4.146E+01 11 5.254E-05 2.243E+01 12 4.493E-05 1.178E+01
13 1.736E-06 5.095E+01 14 3.681E-03 1.591E+01 15 3.680E-05 3.280E+01 16 1.643E-03 1.095E+00 17 2.063E-05 4.364E+01
18 1.427E-03 1.154E+01 19 1.507E-07 1.000E+02 21 2.547E-02 2.617E+00 22 4.980E-03 5.759E+00 24 3.477E-03 2.932E-01
25 3.416E-04 1.596E+00 26 2.066E-03 8.175E-01 27 1.605E-03 1.189E+00
 37  24
 1 1.038E-06 1.000E+02  3 7.792E-06 7.480E+01  5 1.075E-04 6.736E+01  6 1.006E-04 1.672E+01  7 1.232E-03 3.667E+00
 8 1.013E-03 6.611E+00  9 6.905E-03 2.608E+00 10 5.017E-06 7.617E+01 11 9.364E-05 1.023E+01 12 4.358E-05 1.023E+01
13 3.636E-06 3.213E+01 14 4.730E-03 1.048E+01 15 4.654E-05 3.101E+01 16 1.628E-03 1.454E+00 17 2.954E-05 3.761E+01
18 1.499E-03 1.048E+01 19 1.584E-07 1.000E+02 21 2.372E-02 2.659E+00 22 5.745E-03 4.015E+00 23 1.769E-08 1.000E+02
24 3.506E-03 3.383E-01 25 2.987E-04 1.176E+00 26 2.032E-03 7.468E-01 27 1.612E-03 1.014E+00
 38  23
 1 2.317E-05 6.885E+01  3 8.668E-06 4.713E+01  5 5.068E-05 4.946E+01  6 6.654E-05 1.770E+01  7 1.380E-03 3.210E+00
 8 1.187E-03 4.928E+00  9 7.148E-03 2.366E+00 10 5.925E-06 2.776E+01 11 7.858E-05 1.404E+01 12 4.634E-05 1.093E+01
13 2.244E-06 3.334E+01 14 4.098E-03 1.431E+01 15 5.823E-05 4.824E+01 16 1.638E-03 8.322E-01 17 3.571E-05 2.760E+01
18 1.201E-03 1.697E+01 21 2.479E-02 2.298E+00 22 5.875E-03 5.365E+00 23 2.414E-07 1.000E+02 24 3.538E-03 3.450E-01
25 2.613E-04 1.828E+00 26 2.091E-03 1.038E+00 27 1.674E-03 1.299E+00
 39  22
 1 1.054E-05 6.000E+01  3 2.153E-06 6.091E+01  5 1.732E-04 3.763E+01  6 6.043E-05 2.132E+01  7 1.494E-03 3.649E+00
 8 1.293E-03 4.382E+00  9 7.103E-03 2.522E+00 10 3.979E-06 5.492E+01 11 1.066E-04 1.805E+01 12 5.277E-05 1.110E+01
13 5.788E-06 3.903E+01 14 5.201E-03 9.590E+00 15 4.775E-05 3.272E+01 16 1.623E-03 7.996E-01 17 2.883E-05 3.038E+01
18 1.082E-03 1.136E+01 21 2.386E-02 2.508E+00 22 7.113E-03 3.803E+00 24 3.542E-03 3.283E-01 25 2.458E-04 1.319E+00
26 2.085E-03 7.622E-01 27 1.685E-03 1.115E+00
 40  22
 1 7.702E-06 5.889E+01  3 9.012E-06 6.389E+01  5 2.453E-04 4.194E+01  6 1.050E-04 1.405E+01  7 1.714E-03 2.275E+00
 8 1.509E-03 4.280E+00  9 7.220E-03 3.238E+00 10 5.497E-06 4.174E+01 11 1.286E-04 1.436E+01 12 6.365E-05 1.387E+01
13 2.979E-06 3.675E+01 14 6.339E-03 1.312E+01 15 2.435E-05 3.532E+01 16 1.625E-03 1.161E+00 17 3.712E-05 3.085E+01
18 8.339E-04 2.237E+01 21 2.359E-02 3.166E+00 22 7.735E-03 4.817E+00 24 3.555E-03 2.905E-01 25 2.194E-04 1.666E+00
26 2.102E-03 8.478E-01 27 1.696E-03 1.010E+00
 41  22
 1 4.085E-05 5.471E+01  3 2.698E-06 9.311E+01  5 3.174E-04 3.748E+01  6 1.189E-04 1.737E+01  7 1.849E-03 2.306E+00
 8 1.439E-03 3.499E+00  9 7.083E-03 2.052E+00 10 7.365E-06 4.138E+01 11 1.560E-04 1.083E+01 12 6.501E-05 9.124E+00
13 5.701E-06 2.826E+01 14 6.310E-03 1.082E+01 15 6.733E-05 2.719E+01 16 1.658E-03 1.112E+00 17 2.603E-05 2.534E+01
18 8.599E-04 1.468E+01 21 2.239E-02 3.351E+00 22 8.365E-03 3.961E+00 24 3.588E-03 3.420E-01 25 1.904E-04 1.525E+00
26 2.120E-03 7.262E-01 27 1.732E-03 8.807E-01
 42  22
 1 3.571E-05 6.810E+01  3 7.712E-06 5.301E+01  5 1.835E-04 5.446E+01  6 1.275E-04 1.514E+01  7 2.019E-03 2.176E+00
 8 1.821E-03 3.581E+00  9 7.046E-03 2.823E+00 10 4.066E-06 4.791E+01 11 1.255E-04 1.409E+01 12 8.143E-05 8.737E+00
13 5.589E-06 3.355E+01 14 6.559E-03 1.085E+01 15 6.660E-05 3.418E+01 16 1.608E-03 1.237E+00 17 7.077E-05 2.026E+01
18 6.841E-04 1.423E+01 21 2.149E-02 2.518E+00 22 9.778E-03 4.395E+00 24 3.595E-03 2.788E-01 25 1.778E-04 1.687E+00
26 2.144E-03 8.853E-01 27 1.758E-03 1.232E+00
 43  23
 3 4.718E-06 5.837E+01  5 1.671E-04 4.248E+01  6 1.659E-04 1.809E+01  7 2.260E-03 2.773E+00  8 1.895E-03 4.729E+00
 9 7.391E-03 2.080E+00 10 1.062E-05 5.099E+01 11 1.399E-04 1.332E+01 12 8.324E-05 7.439E+00 13 7.156E-06 2.166E+01
14 7.877E-03 7.458E+00 15 8.205E-05 2.947E+01 16 1.578E-03 1.074E+00 17 4.146E-05 2.248E+01 18 5.930E-04 1.994E+01
19 9.550E-06 1.000E+02 21 1.692E-02 2.866E+00 22 1.089E-02 3.226E+00 23 3.031E-09 1.000E+02 24 3.594E-03 3.192E-01
25 1.583E-04 2.279E+00 26 2.150E-03 7.154E-01 27 1.782E-03 8.158E-01
 44  22
 1 6.156E-06 6.463E+01  3 5.965E-06 4.913E+01  5 2.802E-04 3.076E+01  6 1.776E-04 1.441E+01  7 2.595E-03 1.360E+00
 8 2.209E-03 3.713E+00  9 7.239E-03 2.204E+00 10 2.003E-05 3.422E+01 11 1.787E-04 1.109E+01 12 9.145E-05 6.950E+00
13 4.771E-06 3.213E+01 14 8.422E-03 9.221E+00 15 8.773E-05 2.326E+01 16 1.619E-03 1.150E+00 17 6.946E-05 2.580E+01
18 6.065E-04 2.006E+01 21 1.040E-02 3.554E+00 22 1.249E-02 2.567E+00 24 3.625E-03 3.347E-01 25 1.392E-04 2.556E+00
26 2.187E-03 7.780E-01 27 1.827E-03 1.017E+00
 45  22
 1 4.509E-05 7.346E+01  3 4.151E-06 7.561E+01  5 3.014E-04 2.802E+01  6 1.524E-04 1.410E+01  7 2.764E-03 2.115E+00
 8 2.436E-03 3.432E+00  9 7.284E-03 3.048E+00 10 7.248E-06 4.723E+01 11 1.783E-04 1.452E+01 12 1.084E-04 8.129E+00
13 1.051E-05 2.151E+01 14 1.078E-02 7.258E+00 15 1.299E-04 2.710E+01 16 1.613E-03 9.808E-01 17 5.508E-05 2.511E+01
18 4.792E-04 2.915E+01 21 8.377E-03 3.331E+00 22 1.334E-02 3.335E+00 24 3.617E-03 3.420E-01 25 1.285E-04 2.150E+00
26 2.250E-03 9.156E-01 27 1.886E-03 1.254E+00
 46  24
 1 1.335E-04 5.394E+01  3 6.570E-06 4.482E+01  5 5.525E-04 2.389E+01  6 2.226E-04 1.565E+01  7 3.174E-03 2.167E+00
 8 2.637E-03 2.756E+00  9 6.964E-03 3.200E+00 10 1.272E-05 3.444E+01 11 2.370E-04 9.245E+00 12 1.220E-04 7.527E+00
13 8.889E-06 3.167E+01 14 1.178E-02 6.512E+00 15 1.147E-04 1.985E+01 16 1.597E-03 1.134E+00 17 1.437E-04 1.552E+01
18 4.915E-04 1.899E+01 19 4.214E-07 1.000E+02 21 7.608E-03 3.232E+00 22 2.229E-02 2.400E+00 23 1.116E-08 1.000E+02
24 3.645E-03 2.916E-01 25 1.073E-04 3.542E+00 26 2.287E-03 7.329E-01 27 1.918E-03 1.085E+00
 47  23
 1 6.939E-05 4.853E+01  3 2.862E-06 7.034E+01  5 3.974E-04 3.100E+01  6 2.616E-04 1.177E+01  7 3.397E-03 1.630E+00
 8 3.154E-03 3.548E+00  9 7.005E-03 2.490E+00 10 1.012E-05 3.211E+01 11 2.174E-04 1.158E+01 12 1.118E-04 7.559E+00
13 6.518E-06 2.664E+01 14 1.517E-02 7.972E+00 15 1.025E-04 1.925E+01 16 1.602E-03 1.151E+00 17 8.440E-05 1.938E+01
18 4.954E-04 2.163E+01 21 6.443E-03 3.901E+00 22 3.095E-02 2.264E+00 23 1.641E-07 1.000E+02 24 3.664E-03 2.933E-01
25 1.054E-04 2.294E+00 26 2.371E-03 6.789E-01 27 2.039E-03 7.953E-01
 48  23
 1 3.987E-06 6.452E+01  3 7.973E-06 3.780E+01  5 6.017E-04 1.925E+01  6 1.916E-04 1.066E+01  7 3.874E-03 1.464E+00
 8 3.471E-03 2.756E+00  9 6.920E-03 2.609E+00 10 1.005E-05 2.565E+01 11 2.459E-04 1.314E+01 12 1.445E-04 6.261E+00
13 1.257E-05 2.345E+01 14 2.351E-02 7.538E+00 15 9.882E-05 2.584E+01 16 1.601E-03 9.233E-01 17 9.739E-05 1.972E+01
18 3.470E-04 1.427E+01 21 5.426E-03 6.365E+00 22 3.621E-02 2.565E+00 23 6.847E-08 6.614E+01 24 3.664E-03 3.261E-01
25 9.023E-05 2.683E+00 26 2.471E-03 8.096E-01 27 2.138E-03 1.111E+00
 49  23
 1 3.228E-05 6.787E+01  3 7.003E-06 4.416E+01  5 3.322E-04 2.760E+01  6 2.808E-04 1.063E+01  7 4.130E-03 1.212E+00
 8 4.135E-03 2.978E+00  9 6.598E-03 2.344E+00 10 1.169E-05 4.098E+01 11 2.294E-04 1.287E+01 12 1.423E-04 7.212E+00
13 1.391E-05 2.460E+01 14 2.368E-02 5.158E+00 15 1.146E-04 2.537E+01 16 1.617E-03 1.050E+00 17 1.145E-04 2.004E+01
18 4.266E-04 1.767E+01 21 5.038E-03 5.945E+00 22 3.208E-02 1.861E+00 23 1.904E-08 1.000E+02 24 3.713E-03 3.154E-01
25 8.526E-05 3.333E+00 26 3.292E-03 8.627E-01 27 3.245E-03 8.557E-01
 50  24
 1 5.837E-05 5.388E+01  3 2.839E-05 3.140E+01  5 6.821E-04 2.464E+01  6 2.951E-04 1.046E+01  7 4.567E-03 1.307E+00
 8 6.406E-03 1.704E+00  9 6.490E-03 2.294E+00 10 8.881E-06 3.579E+01 11 3.143E-04 7.530E+00 12 1.724E-04 4.545E+00
13 9.221E-06 2.200E+01 14 2.618E-02 6.508E+00 15 1.511E-04 2.223E+01 16 1.585E-03 1.419E+00 17 1.254E-04 1.541E+01
18 2.607E-04 2.230E+01 19 7.372E-06 1.000E+02 21 4.195E-03 5.617E+00 22 2.817E-02 2.155E+00 23 9.082E-08 1.000E+02
24 3.744E-03 3.780E-01 25 7.418E-05 2.779E+00 26 3.427E-03 7.407E-01 27 3.397E-03 8.629E-01
 51  23
 1 9.761E-05 5.312E+01  3 1.190E-05 2.761E+01  5 6.557E-04 2.251E+01  6 3.472E-04 7.875E+00  7 5.240E-03 1.578E+00
 8 6.865E-03 2.006E+00  9 6.765E-03 2.182E+00 10 2.573E-05 2.826E+01 11 3.177E-04 7.037E+00 12 1.856E-04 5.397E+00
13 1.341E-05 1.508E+01 14 2.827E-02 5.810E+00 15 2.202E-04 1.537E+01 16 1.588E-03 9.186E-01 17 1.464E-04 1.588E+01
18 3.745E-04 1.955E+01 21 4.087E-03 4.802E+00 22 2.028E-02 2.570E+00 23 8.908E-08 1.000E+02 24 3.743E-03 2.822E-01
25 6.789E-05 2.472E+00 26 3.465E-03 6.548E-01 27 3.454E-03 7.048E-01
 52  23
 1 5.049E-05 5.357E+01  3 8.432E-06 5.055E+01  5 8.976E-04 2.345E+01  6 3.024E-04 9.874E+00  7 5.699E-03 1.516E+00
 8 7.355E-03 2.548E+00  9 6.253E-03 2.722E+00 10 2.145E-05 2.786E+01 11 3.614E-04 9.129E+00 12 2.082E-04 5.807E+00
13 7.700E-06 2.211E+01 14 2.429E-02 6.051E+00 15 2.087E-04 2.104E+01 16 1.559E-03 1.471E+00 17 1.308E-04 2.053E+01
18 1.446E-04 2.631E+01 21 3.299E-03 5.438E+00 22 1.201E-02 3.527E+00 23 6.836E-08 1.000E+02 24 3.717E-03 4.122E-01
25 5.999E-05 2.675E+00 26 3.483E-03 6.201E-01 27 3.464E-03 6.243E-01
 53  24
 1 8.617E-05 8.391E+01  3 1.620E-05 2.408E+01  5 5.925E-04 2.298E+01  6 3.424E-04 1.059E+01  7 6.571E-03 1.754E+00
 8 7.502E-03 2.311E+00  9 6.341E-03 2.685E+00 10 2.583E-05 2.115E+01 11 3.712E-04 9.753E+00 12 2.348E-04 6.542E+00
13 1.575E-05 1.940E+01 14 2.239E-02 5.664E+00 15 2.079E-04 1.499E+01 16 1.576E-03 1.385E+00 17 1.733E-04 1.537E+01
18 2.584E-04 2.143E+01 19 2.211E-05 8.492E+01 21 3.202E-03 5.880E+00 22 1.150E-02 4.744E+00 23 6.159E-07 8.628E+01
24 3.753E-03 3.099E-01 25 5.176E-05 4.393E+00 26 3.514E-03 6.846E-01 27 3.492E-03 8.263E-01
 54  22
 1 7.619E-05 4.748E+01  3 1.472E-05 3.052E+01  5 8.366E-04 3.050E+01  6 4.433E-04 7.679E+00  7 7.430E-03 1.265E+00
 8 7.595E-03 2.884E+00  9 6.386E-03 2.428E+00 10 2.522E-05 3.168E+01 11 4.740E-04 7.100E+00 12 2.725E-04 4.940E+00
13 1.431E-05 1.318E+01 14 1.369E-02 5.748E+00 15 2.202E-04 1.754E+01 16 1.560E-03 8.684E-01 17 2.650E-04 1.075E+01
18 2.683E-04 2.764E+01 21 2.994E-03 5.566E+00 22 9.809E-03 3.822E+00 24 3.751E-03 3.047E-01 25 4.765E-05 3.225E+00
26 3.559E-03 7.507E-01 27 3.529E-03 8.724E-01
 55  25
 1 1.019E-04 6.589E+01  2 1.061E-08 1.000E+02  3 1.172E-05 7.030E+01  5 7.218E-04 2.289E+01  6 4.519E-04 1.024E+01
 7 1.257E-02 9.708E-01  8 8.290E-03 2.205E+00  9 6.108E-03 1.980E+00 10 2.089E-05 1.772E+01 11 4.904E-04 7.032E+00
12 2.817E-04 2.756E+00 13 1.650E-05 1.224E+01 14 1.165E-02 6.354E+00 15 1.791E-04 1.505E+01 16 1.560E-03 9.035E-01
17 2.018E-04 1.356E+01 18 2.529E-04 1.982E+01 19 5.849E-05 7.068E+01 21 2.400E-03 5.539E+00 22 8.531E-03 3.829E+00
23 1.937E-07 1.000E+02 24 3.753E-03 3.127E-01 25 4.154E-05 4.023E+00 26 3.564E-03 5.848E-01 27 3.548E-03 8.555E-01
 56  24
 1 6.590E-05 8.400E+01  3 1.742E-05 2.912E+01  5 1.029E-03 1.647E+01  6 5.067E-04 6.574E+00  7 1.335E-02 9.343E-01
 8 8.419E-03 1.914E+00  9 6.442E-03 2.403E+00 10 2.676E-05 2.244E+01 11 5.262E-04 6.027E+00 12 3.260E-04 4.260E+00
13 2.791E-05 1.602E+01 14 9.450E-03 9.045E+00 15 2.634E-04 1.389E+01 16 1.575E-03 7.941E-01 17 2.300E-04 1.358E+01
18 1.972E-04 2.964E+01 19 3.073E-06 1.000E+02 21 2.228E-03 7.807E+00 22 7.453E-03 3.815E+00 23 1.147E-07 8.147E+01
24 3.753E-03 3.730E-01 25 3.613E-05 5.035E+00 26 3.578E-03 6.951E-01 27 3.547E-03 8.635E-01
 57  24
 1 5.963E-05 4.905E+01  3 1.314E-05 3.689E+01  5 9.056E-04 1.630E+01  6 5.392E-04 8.172E+00  7 1.425E-02 8.938E-01
 8 9.042E-03 1.906E+00  9 6.211E-03 2.059E+00 10 4.439E-05 3.134E+01 11 5.997E-04 6.232E+00 12 3.585E-04 3.545E+00
13 2.176E-05 1.504E+01 14 9.015E-03 9.052E+00 15 2.125E-04 1.348E+01 16 1.575E-03 1.089E+00 17 2.300E-04 1.093E+01
18 1.676E-04 2.464E+01 19 2.866E-07 1.000E+02 21 2.223E-03 6.794E+00 22 6.863E-03 4.647E+00 23 2.062E-07 7.005E+01
24 3.776E-03 3.295E-01 25 3.633E-05 3.347E+00 26 3.599E-03 6.522E-01 27 3.553E-03 7.347E-01
 58  24
 1 1.605E-04 4.111E+01  3 6.915E-06 3.948E+01  5 1.134E-03 1.579E+01  6 6.882E-04 5.771E+00  7 1.455E-02 9.589E-01
 8 8.718E-03 1.863E+00  9 6.243E-03 2.905E+00 10 3.211E-05 3.036E+01 11 7.717E-04 5.540E+00 12 4.196E-04 4.226E+00
13 3.068E-05 1.584E+01 14 8.532E-03 7.311E+00 15 3.588E-04 1.195E+01 16 1.546E-03 1.148E+00 17 3.090E-04 8.305E+00
18 1.189E-04 2.724E+01 19 8.593E-06 1.000E+02 21 1.846E-03 9.228E+00 22 6.528E-03 4.706E+00 23 1.132E-07 7.021E+01
24 3.771E-03 2.997E-01 25 3.086E-05 5.104E+00 26 3.598E-03 6.096E-01 27 3.556E-03 7.709E-01
 59  23
 1 1.456E-04 5.681E+01  3 2.785E-05 3.545E+01  5 1.743E-03 1.493E+01  6 6.674E-04 7.207E+00  7 1.508E-02 1.045E+00
 8 9.496E-03 2.106E+00  9 6.117E-03 2.791E+00 10 5.760E-05 1.702E+01 11 8.334E-04 8.885E+00 12 4.549E-04 3.114E+00
13 3.417E-05 1.170E+01 14 5.512E-03 6.280E+00 15 3.810E-04 1.564E+01 16 1.573E-03 9.861E-01 17 4.048E-04 1.032E+01
18 1.133E-04 4.616E+01 21 1.629E-03 7.255E+00 22 5.857E-03 4.641E+00 23 3.628E-07 7.219E+01 24 3.779E-03 2.822E-01
25 2.698E-05 5.517E+00 26 3.595E-03 7.180E-01 27 3.535E-03 9.891E-01
 60  24
 1 9.202E-05 4.065E+01  3 2.326E-05 2.928E+01  5 1.300E-03 1.821E+01  6 7.393E-04 5.790E+00  7 1.513E-02 1.087E+00
 8 9.748E-03 1.917E+00  9 5.967E-03 3.465E+00 10 4.266E-05 2.029E+01 11 9.026E-04 6.829E+00 12 5.150E-04 2.581E+00
13 3.341E-05 1.087E+01 14 7.064E-03 1.245E+01 15 5.262E-04 1.048E+01 16 1.566E-03 1.063E+00 17 3.685E-04 1.134E+01
18 7.351E-05 3.201E+01 19 2.318E-05 1.000E+02 21 1.281E-03 1.247E+01 22 5.461E-03 3.662E+00 23 5.168E-07 5.523E+01
24 3.769E-03 3.262E-01 25 2.445E-05 6.284E+00 26 3.527E-03 5.725E-01 27 3.440E-03 8.533E-01
 61  23
 1 2.756E-04 3.134E+01  3 3.528E-05 3.462E+01  5 1.526E-03 1.481E+01  6 9.428E-04 5.790E+00  7 1.576E-02 1.041E+00
 8 1.011E-02 2.073E+00  9 6.239E-03 1.909E+00 10 3.818E-05 2.288E+01 11 1.110E-03 6.005E+00 12 5.615E-04 2.192E+00
13 4.060E-05 1.086E+01 14 5.163E-03 1.106E+01 15 5.892E-04 7.468E+00 16 1.581E-03 9.859E-01 17 4.143E-04 9.673E+00
18 6.162E-05 4.293E+01 21 1.270E-03 9.538E+00 22 4.648E-03 5.058E+00 23 8.172E-10 1.000E+02 24 3.794E-03 3.631E-01
25 2.154E-05 5.574E+00 26 3.545E-03 5.520E-01 27 3.442E-03 6.719E-01
 62  24
 1 1.901E-04 3.615E+01  3 2.178E-05 2.565E+01  5 1.697E-03 1.599E+01  6 1.043E-03 5.347E+00  7 1.561E-02 1.088E+00
 8 1.029E-02 1.750E+00  9 5.801E-03 3.131E+00 10 4.417E-05 1.525E+01 11 1.176E-03 5.286E+00 12 6.549E-04 2.920E+00
13 4.494E-05 9.085E+00 14 5.358E-03 1.128E+01 15 5.182E-04 1.033E+01 16 1.588E-03 1.069E+00 17 5.018E-04 7.723E+00
18 1.504E-05 4.576E+01 19 3.676E-05 1.000E+02 21 1.235E-03 9.653E+00 22 4.024E-03 4.536E+00 23 2.187E-07 9.898E+01
24 3.775E-03 3.230E-01 25 2.100E-05 4.987E+00 26 3.446E-03 6.300E-01 27 3.332E-03 6.229E-01
 63  23
 1 3.651E-04 4.022E+01  3 2.776E-05 2.713E+01  5 2.329E-03 1.280E+01  6 1.230E-03 5.610E+00  7 1.592E-02 7.362E-01
 8 1.069E-02 1.877E+00  9 5.855E-03 2.761E+00 10 8.354E-05 1.738E+01 11 1.340E-03 5.831E+00 12 7.123E-04 3.273E+00
13 5.889E-05 8.721E+00 14 4.685E-03 1.405E+01 15 6.483E-04 1.201E+01 16 1.575E-03 9.820E-01 17 5.066E-04 1.051E+01
18 1.197E-04 3.160E+01 21 1.232E-03 9.945E+00 22 3.842E-03 3.945E+00 23 1.106E-07 6.665E+01 24 3.764E-03 3.086E-01
25 1.962E-05 4.798E+00 26 3.383E-03 8.344E-01 27 3.257E-03 1.059E+00
 64  24
 1 2.700E-04 3.565E+01  3 2.809E-05 2.230E+01  5 2.414E-03 1.202E+01  6 1.267E-03 4.257E+00  7 1.607E-02 7.413E-01
 8 1.122E-02 1.601E+00  9 5.677E-03 3.056E+00 10 5.962E-05 1.113E+01 11 1.411E-03 3.789E+00 12 8.025E-04 2.636E+00
13 5.356E-05 1.079E+01 14 3.507E-03 1.196E+01 15 5.944E-04 1.049E+01 16 1.554E-03 1.101E+00 17 6.412E-04 8.905E+00
18 2.534E-05 5.676E+01 19 9.128E-06 8.685E+01 21 9.275E-04 1.092E+01 22 3.549E-03 6.985E+00 23 1.195E-06 5.748E+01
24 3.765E-03 3.288E-01 25 1.779E-05 7.148E+00 26 3.248E-03 6.392E-01 27 3.086E-03 6.343E-01
 65  24
 1 3.151E-04 2.597E+01  3 4.094E-05 2.048E+01  5 3.641E-03 1.111E+01  6 1.348E-03 5.420E+00  7 1.651E-02 7.720E-01
 8 1.231E-02 2.064E+00  9 5.666E-03 2.867E+00 10 6.518E-05 2.119E+01 11 1.648E-03 4.373E+00 12 9.337E-04 2.896E+00
13 5.197E-05 1.178E+01 14 3.361E-03 1.202E+01 15 6.978E-04 1.228E+01 16 1.597E-03 1.042E+00 17 6.339E-04 8.212E+00
18 2.861E-05 6.040E+01 19 3.400E-05 6.014E+01 21 9.214E-04 1.128E+01 22 3.118E-03 6.548E+00 23 7.506E-07 7.526E+01
24 3.715E-03 3.316E-01 25 1.545E-05 7.351E+00 26 2.455E-03 1.100E+00 27 1.896E-03 1.282E+00
 66  24
 1 4.230E-04 3.321E+01  3 4.724E-05 2.162E+01  5 2.579E-03 1.104E+01  6 1.588E-03 5.060E+00  7 1.579E-02 8.664E-01
 8 1.244E-02 1.549E+00  9 5.518E-03 2.382E+00 10 8.884E-05 1.293E+01 11 1.950E-03 4.334E+00 12 1.011E-03 1.799E+00
13 6.267E-05 9.480E+00 14 4.086E-03 1.257E+01 15 9.470E-04 6.237E+00 16 1.558E-03 7.895E-01 17 8.194E-04 8.091E+00
18 7.435E-05 4.776E+01 19 2.742E-07 1.000E+02 21 7.614E-04 1.185E+01 22 2.555E-03 7.026E+00 23 3.865E-08 1.000E+02
24 3.680E-03 3.223E-01 25 1.271E-05 5.515E+00 26 2.341E-03 7.345E-01 27 1.751E-03 1.026E+00
 67  25
 1 6.009E-04 2.227E+01  2 4.710E-07 1.000E+02  3 2.287E-05 3.105E+01  5 3.724E-03 1.047E+01  6 1.726E-03 5.262E+00
 7 1.578E-02 9.944E-01  8 1.312E-02 1.853E+00  9 5.121E-03 2.982E+00 10 7.694E-05 1.885E+01 11 2.007E-03 4.748E+00
12 1.131E-03 2.394E+00 13 6.413E-05 9.364E+00 14 3.704E-03 1.390E+01 15 7.950E-04 9.425E+00 16 1.591E-03 1.225E+00
17 8.509E-04 6.134E+00 18 4.941E-05 7.178E+01 20 1.436E-05 1.000E+02 21 7.161E-04 1.449E+01 22 2.561E-03 5.332E+00
23 1.563E-06 4.383E+01 24 3.684E-03 3.328E-01 25 1.166E-05 6.336E+00 26 2.288E-03 6.892E-01 27 1.680E-03 1.078E+00
 68  25
 1 3.286E-04 2.484E+01  2 6.176E-09 1.000E+02  3 3.194E-05 3.512E+01  5 4.520E-03 9.231E+00  6 1.928E-03 4.902E+00
 7 1.526E-02 8.711E-01  8 1.374E-02 1.279E+00  9 5.050E-03 3.258E+00 10 1.123E-04 1.494E+01 11 2.343E-03 2.658E+00
12 1.323E-03 2.418E+00 13 7.503E-05 1.202E+01 14 2.610E-03 8.538E+00 15 9.492E-04 7.289E+00 16 1.598E-03 1.107E+00
17 9.978E-04 7.041E+00 18 4.289E-05 4.694E+01 19 1.536E-07 1.000E+02 21 6.956E-04 1.097E+01 22 2.468E-03 7.439E+00
23 1.028E-06 4.689E+01 24 3.685E-03 3.519E-01 25 1.116E-05 7.542E+00 26 2.200E-03 8.495E-01 27 1.576E-03 1.204E+00
 69  24
 1 7.049E-04 1.987E+01  3 5.224E-05 1.696E+01  5 4.135E-03 8.558E+00  6 2.211E-03 4.778E+00  7 1.413E-02 1.096E+00
 8 2.205E-02 1.103E+00  9 2.823E-03 3.316E+00 10 1.198E-04 1.053E+01 11 2.666E-03 3.081E+00 12 1.463E-03 2.184E+00
13 1.020E-04 8.713E+00 14 2.824E-03 1.698E+01 15 1.275E-03 5.521E+00 16 1.581E-03 1.275E+00 17 1.170E-03 5.655E+00
18 9.724E-05 4.366E+01 19 3.573E-05 7.259E+01 21 5.712E-04 1.402E+01 22 1.996E-03 6.402E+00 23 8.030E-07 4.765E+01
24 3.704E-03 3.115E-01 25 1.008E-05 8.468E+00 26 2.185E-03 7.537E-01 27 1.541E-03 1.290E+00
 70  25
 1 6.428E-04 2.324E+01  2 3.594E-07 1.000E+02  3 3.575E-05 2.413E+01  5 5.041E-03 1.032E+01  6 2.379E-03 4.455E+00
 7 1.204E-02 1.249E+00  8 2.106E-02 1.153E+00  9 2.412E-03 3.534E+00 10 1.295E-04 1.376E+01 11 3.174E-03 2.916E+00
12 1.704E-03 1.486E+00 13 9.463E-05 7.690E+00 14 2.191E-03 1.244E+01 15 1.380E-03 7.518E+00 16 1.609E-03 1.047E+00
17 1.198E-03 6.985E+00 18 3.300E-05 5.318E+01 19 1.430E-05 1.000E+02 21 4.987E-04 1.432E+01 22 1.911E-03 7.448E+00
23 1.025E-06 4.231E+01 24 3.686E-03 3.008E-01 25 8.514E-06 8.830E+00 26 2.122E-03 7.986E-01 27 1.474E-03 1.223E+00
 71  25
 1 4.277E-04 3.264E+01  2 2.564E-07 1.000E+02  3 4.940E-05 1.660E+01  5 4.809E-03 1.389E+01  6 3.088E-03 5.063E+00
 7 1.087E-02 1.167E+00  8 1.787E-02 1.729E+00  9 2.253E-03 4.083E+00 10 1.507E-04 1.175E+01 11 3.540E-03 3.063E+00
12 1.882E-03 1.747E+00 13 1.139E-04 6.612E+00 14 2.189E-03 1.322E+01 15 1.446E-03 7.080E+00 16 1.560E-03 1.271E+00
17 1.462E-03 5.435E+00 18 2.990E-05 5.908E+01 19 5.261E-05 6.059E+01 21 3.115E-04 1.596E+01 22 1.859E-03 6.718E+00
23 7.243E-07 4.254E+01 24 3.679E-03 3.586E-01 25 7.332E-06 1.082E+01 26 2.130E-03 1.052E+00 27 1.453E-03 1.719E+00
 72  24
 1 6.720E-04 1.959E+01  3 4.882E-05 1.615E+01  5 5.768E-03 7.528E+00  6 3.225E-03 4.166E+00  7 1.026E-02 9.924E-01
 8 1.725E-02 1.466E+00  9 1.962E-03 4.878E+00 10 1.881E-04 1.013E+01 11 4.151E-03 2.820E+00 12 2.185E-03 1.831E+00
13 1.138E-04 8.001E+00 14 2.702E-03 1.245E+01 15 1.511E-03 4.740E+00 16 1.603E-03 1.129E+00 17 1.616E-03 4.454E+00
18 2.901E-05 5.712E+01 19 3.332E-05 7.133E+01 21 3.815E-04 1.334E+01 22 1.543E-03 8.161E+00 23 3.225E-07 5.810E+01
24 3.675E-03 3.716E-01 25 7.361E-06 1.065E+01 26 2.125E-03 8.951E-01 27 1.423E-03 1.306E+00
 73  25
 1 5.773E-04 2.179E+01  2 3.545E-08 1.000E+02  3 5.643E-05 1.942E+01  5 6.775E-03 8.419E+00  6 3.704E-03 3.516E+00
 7 1.017E-02 1.042E+00  8 1.998E-02 1.164E+00  9 1.969E-03 3.330E+00 10 1.699E-04 9.879E+00 11 4.739E-03 2.687E+00
12 2.417E-03 1.518E+00 13 1.434E-04 6.218E+00 14 1.580E-03 1.329E+01 15 1.625E-03 6.021E+00 16 1.599E-03 1.127E+00
17 1.782E-03 5.396E+00 18 5.885E-05 5.368E+01 19 3.188E-07 1.000E+02 21 3.438E-04 1.482E+01 22 1.853E-03 7.846E+00
23 5.480E-07 4.475E+01 24 3.698E-03 3.065E-01 25 7.840E-06 1.026E+01 26 2.078E-03 1.015E+00 27 1.356E-03 1.415E+00
 74  25
 1 9.686E-04 1.483E+01  2 2.014E-07 1.000E+02  3 6.424E-05 1.640E+01  5 8.319E-03 6.300E+00  6 4.200E-03 2.574E+00
 7 1.090E-02 8.955E-01  8 2.096E-02 1.123E+00  9 1.578E-03 4.589E+00 10 2.094E-04 8.737E+00 11 5.531E-03 1.705E+00
12 2.773E-03 1.494E+00 13 1.489E-04 7.761E+00 14 1.090E-03 1.769E+01 15 1.738E-03 5.577E+00 16 1.592E-03 1.326E+00
17 1.864E-03 4.188E+00 18 3.627E-06 7.824E+01 19 5.033E-05 7.075E+01 21 3.430E-04 1.881E+01 22 1.491E-03 8.395E+00
23 9.007E-07 4.210E+01 24 3.673E-03 3.193E-01 25 5.859E-06 6.482E+00 26 2.063E-03 6.958E-01 27 1.335E-03 1.199E+00
 75  26
 1 8.639E-04 1.715E+01  2 2.761E-07 1.000E+02  3 7.283E-05 1.399E+01  5 8.441E-03 6.758E+00  6 5.691E-03 2.815E+00
 7 6.603E-03 1.181E+00  8 9.566E-03 1.322E+00  9 1.396E-03 6.092E+00 10 2.170E-04 1.014E+01 11 7.624E-03 2.060E+00
12 4.324E-03 1.289E+00 13 1.707E-04 5.372E+00 14 1.748E-03 2.057E+01 15 1.878E-03 4.689E+00 16 1.576E-03 1.138E+00
17 2.237E-03 5.409E+00 18 9.541E-06 9.340E+01 19 2.097E-05 8.484E+01 20 9.865E-07 1.000E+02 21 2.147E-04 2.912E+01
22 1.054E-03 8.119E+00 23 1.433E-06 4.355E+01 24 3.691E-03 3.359E-01 25 5.041E-06 1.141E+01 26 2.070E-03 1.032E+00
27 1.296E-03 1.392E+00
 76  25
 1 1.132E-03 1.442E+01  3 7.702E-05 1.492E+01  5 1.075E-02 6.973E+00  6 7.143E-03 2.263E+00  7 5.644E-03 1.646E+00
 8 8.092E-03 2.247E+00  9 1.259E-03 4.885E+00 10 2.513E-04 7.704E+00 11 1.045E-02 1.492E+00 12 4.888E-03 1.040E+00
13 1.846E-04 6.625E+00 14 1.089E-03 1.808E+01 15 2.325E-03 6.146E+00 16 1.592E-03 1.045E+00 17 2.337E-03 4.000E+00
18 8.400E-06 9.825E+01 19 4.734E-05 4.841E+01 20 1.499E-06 8.955E+01 21 2.387E-04 1.876E+01 22 9.632E-04 7.399E+00
23 1.830E-06 4.366E+01 24 3.695E-03 3.186E-01 25 4.683E-06 1.454E+01 26 2.104E-03 7.405E-01 27 1.331E-03 1.130E+00
 77  24
 1 1.046E-03 1.751E+01  3 8.595E-05 1.555E+01  5 1.589E-02 6.466E+00  6 8.636E-03 2.609E+00  7 5.047E-03 1.493E+00
 8 7.317E-03 1.905E+00  9 1.029E-03 6.493E+00 10 2.615E-04 9.079E+00 11 1.344E-02 1.378E+00 12 5.460E-03 8.741E-01
13 1.982E-04 6.279E+00 14 9.565E-04 2.244E+01 15 2.626E-03 5.120E+00 16 1.599E-03 1.244E+00 17 2.634E-03 3.999E+00
18 3.440E-06 1.000E+02 19 5.705E-06 6.895E+01 21 2.474E-04 1.617E+01 22 8.398E-04 1.128E+01 23 1.608E-06 3.186E+01
24 3.682E-03 3.450E-01 25 3.773E-06 1.046E+01 26 2.114E-03 8.046E-01 27 1.316E-03 1.021E+00
 78  25
 1 1.261E-03 1.424E+01  3 6.362E-05 1.858E+01  5 1.953E-02 8.392E+00  6 9.396E-03 2.351E+00  7 4.599E-03 1.435E+00
 8 6.636E-03 2.376E+00  9 1.110E-03 4.871E+00 10 3.035E-04 9.986E+00 11 1.567E-02 1.521E+00 12 6.042E-03 1.026E+00
13 2.149E-04 5.670E+00 14 8.343E-04 1.790E+01 15 3.130E-03 5.842E+00 16 1.598E-03 1.173E+00 17 2.948E-03 3.914E+00
18 1.984E-06 9.612E+01 19 1.423E-04 4.209E+01 20 1.651E-06 1.000E+02 21 1.704E-04 1.905E+01 22 6.987E-04 1.365E+01
23 1.025E-06 3.229E+01 24 3.702E-03 2.853E-01 25 4.455E-06 1.223E+01 26 2.094E-03 6.414E-01 27 1.281E-03 1.084E+00
 79  25
 1 1.110E-03 1.181E+01  2 1.984E-07 1.000E+02  3 8.024E-05 1.607E+01  5 1.946E-02 4.998E+00  6 1.090E-02 2.242E+00
 7 4.115E-03 1.748E+00  8 5.709E-03 2.485E+00  9 8.459E-04 6.535E+00 10 3.179E-04 8.063E+00 11 1.769E-02 1.042E+00
12 6.636E-03 1.117E+00 13 2.527E-04 5.429E+00 14 8.389E-04 2.324E+01 15 3.482E-03 3.336E+00 16 1.584E-03 1.132E+00
17 3.367E-03 2.529E+00 18 1.180E-05 1.000E+02 19 5.523E-05 9.478E+01 21 3.382E-04 1.704E+01 22 7.802E-04 1.045E+01
23 1.432E-06 3.225E+01 24 3.711E-03 3.296E-01 25 4.194E-06 1.200E+01 26 2.121E-03 7.440E-01 27 1.286E-03 1.338E+00
 80  24
 1 1.419E-03 1.336E+01  3 9.323E-05 1.658E+01  5 2.030E-02 7.223E+00  6 1.099E-02 2.473E+00  7 3.642E-03 1.628E+00
 8 5.182E-03 2.940E+00  9 8.014E-04 6.173E+00 10 3.359E-04 7.550E+00 11 1.963E-02 1.165E+00 12 7.004E-03 1.022E+00
13 2.887E-04 4.662E+00 14 7.831E-04 2.659E+01 15 3.277E-03 3.430E+00 16 1.591E-03 1.338E+00 17 3.749E-03 2.926E+00
18 4.665E-05 4.972E+01 19 1.236E-04 5.391E+01 21 2.064E-04 2.374E+01 22 6.743E-04 1.258E+01 23 9.671E-07 3.505E+01
24 3.702E-03 3.344E-01 25 2.949E-06 1.652E+01 26 2.103E-03 7.152E-01 27 1.274E-03 1.530E+00
 81  25
 1 1.965E-03 1.567E+01  3 8.816E-05 1.782E+01  5 1.837E-02 4.737E+00  6 1.174E-02 2.466E+00  7 3.297E-03 1.844E+00
 8 4.613E-03 2.686E+00  9 7.694E-04 8.649E+00 10 4.039E-04 9.205E+00 11 2.106E-02 1.566E+00 12 7.559E-03 8.971E-01
13 3.054E-04 3.845E+00 14 1.122E-03 2.494E+01 15 3.796E-03 4.321E+00 16 1.607E-03 1.005E+00 17 4.537E-03 3.283E+00
18 7.434E-06 9.331E+01 19 3.482E-05 5.544E+01 20 1.198E-05 1.000E+02 21 1.604E-04 2.617E+01 22 7.080E-04 1.238E+01
23 3.415E-06 2.917E+01 24 3.699E-03 3.408E-01 25 2.982E-06 1.315E+01 26 2.131E-03 9.580E-01 27 1.271E-03 1.539E+00
 82  26
 1 2.141E-03 1.143E+01  2 1.756E-08 7.023E+01  3 1.089E-04 1.399E+01  5 2.049E-02 4.277E+00  6 1.283E-02 1.723E+00
 7 2.850E-03 2.276E+00  8 4.033E-03 2.321E+00  9 6.844E-04 6.757E+00 10 4.543E-04 7.496E+00 11 2.194E-02 1.007E+00
12 8.198E-03 1.078E+00 13 3.641E-04 3.017E+00 14 9.901E-04 2.494E+01 15 4.229E-03 3.514E+00 16 1.573E-03 7.979E-01
17 5.099E-03 2.780E+00 18 1.839E-05 8.797E+01 19 5.773E-05 4.335E+01 20 8.073E-06 8.847E+01 21 9.916E-05 2.143E+01
22 4.952E-04 1.476E+01 23 3.171E-06 2.817E+01 24 3.687E-03 2.984E-01 25 3.132E-06 1.352E+01 26 2.155E-03 9.448E-01
27 1.284E-03 1.329E+00
 83  26
 1 2.651E-03 1.156E+01  2 1.516E-06 7.394E+01  3 1.095E-04 1.025E+01  5 2.258E-02 6.658E+00  6 1.321E-02 2.399E+00
 7 2.643E-03 1.757E+00  8 3.568E-03 2.852E+00  9 5.614E-04 8.114E+00 10 4.736E-04 5.531E+00 11 2.320E-02 9.821E-01
12 8.604E-03 8.591E-01 13 3.992E-04 3.578E+00 14 5.415E-04 3.637E+01 15 4.971E-03 3.643E+00 16 1.600E-03 9.105E-01
17 6.392E-03 2.857E+00 18 6.562E-07 1.000E+02 19 1.014E-04 3.602E+01 20 1.852E-05 1.000E+02 21 1.498E-04 3.005E+01
22 5.489E-04 1.465E+01 23 4.575E-06 2.576E+01 24 3.711E-03 2.963E-01 25 2.754E-06 1.864E+01 26 2.173E-03 1.025E+00
27 1.271E-03 1.432E+00
 84  24
 1 2.337E-03 1.427E+01  3 1.706E-04 1.368E+01  5 2.012E-02 6.606E+00  6 1.410E-02 1.654E+00  7 2.353E-03 2.684E+00
 8 3.155E-03 2.894E+00  9 4.474E-04 8.873E+00 10 5.397E-04 3.820E+00 11 2.399E-02 1.127E+00 12 9.154E-03 8.733E-01
13 4.146E-04 3.752E+00 14 3.008E-04 2.967E+01 15 5.527E-03 3.342E+00 16 1.589E-03 1.188E+00 17 7.977E-03 2.764E+00
19 8.611E-05 4.299E+01 20 4.410E-06 1.000E+02 21 1.599E-04 2.414E+01 22 4.776E-04 7.613E+00 23 1.921E-06 2.824E+01
24 3.712E-03 3.898E-01 25 2.588E-06 1.687E+01 26 2.186E-03 9.903E-01 27 1.263E-03 1.513E+00
 85  24
 1 3.279E-03 1.052E+01  3 1.523E-04 1.038E+01  5 1.739E-02 6.280E+00  6 1.432E-02 1.425E+00  7 2.133E-03 2.456E+00
 8 3.035E-03 2.519E+00  9 4.211E-04 9.960E+00 10 6.356E-04 7.173E+00 11 2.525E-02 9.841E-01 12 9.841E-03 1.043E+00
13 4.951E-04 3.437E+00 14 2.310E-04 4.211E+01 15 5.652E-03 3.637E+00 16 1.568E-03 9.650E-01 17 1.014E-02 1.792E+00
18 7.407E-06 8.432E+01 19 6.777E-05 3.647E+01 21 9.456E-05 3.864E+01 22 4.945E-04 1.425E+01 23 3.710E-06 2.417E+01
24 3.731E-03 2.967E-01 25 2.033E-06 2.045E+01 26 2.229E-03 9.394E-01 27 1.278E-03 1.161E+00
 86  25
 1 3.474E-03 8.841E+00  2 1.379E-09 1.000E+02  3 1.636E-04 1.108E+01  5 1.727E-02 5.104E+00  6 1.463E-02 1.499E+00
 7 1.823E-03 2.024E+00  8 2.646E-03 2.999E+00  9 3.800E-04 8.323E+00 10 6.919E-04 5.377E+00 11 2.442E-02 1.194E+00
12 1.020E-02 9.822E-01 13 5.551E-04 2.964E+00 14 1.922E-04 4.187E+01 15 6.431E-03 3.204E+00 16 1.604E-03 1.299E+00
17 1.209E-02 1.779E+00 19 1.367E-04 3.163E+01 20 1.475E-07 1.000E+02 21 9.265E-05 2.053E+01 22 3.599E-04 1.794E+01
23 3.747E-06 2.426E+01 24 3.724E-03 3.278E-01 25 2.145E-06 1.396E+01 26 2.275E-03 5.649E-01 27 1.276E-03 1.100E+00
 87  25
 1 3.834E-03 9.953E+00  2 9.545E-07 8.796E+01  3 1.859E-04 1.271E+01  5 1.840E-02 6.163E+00  6 1.532E-02 9.327E-01
 7 1.717E-03 2.355E+00  8 2.448E-03 2.612E+00  9 4.218E-04 9.220E+00 10 8.441E-04 6.351E+00 11 2.419E-02 9.946E-01
12 1.076E-02 7.206E-01 13 5.905E-04 3.320E+00 14 3.711E-04 4.113E+01 15 7.295E-03 4.020E+00 16 1.549E-03 8.149E-01
17 1.318E-02 2.047E+00 19 1.962E-05 4.100E+01 20 6.862E-05 1.000E+02 21 7.845E-05 2.649E+01 22 2.920E-04 1.741E+01
23 3.506E-06 2.162E+01 24 3.718E-03 3.025E-01 25 1.047E-06 1.881E+01 26 2.303E-03 7.607E-01 27 1.291E-03 1.456E+00
 88  26
 1 3.595E-03 8.858E+00  2 2.284E-08 7.825E+01  3 2.063E-04 1.095E+01  5 1.327E-02 6.484E+00  6 1.541E-02 9.881E-01
 7 1.592E-03 2.063E+00  8 2.181E-03 3.848E+00  9 4.057E-04 1.022E+01 10 8.915E-04 7.239E+00 11 2.377E-02 1.640E+00
12 1.134E-02 1.070E+00 13 6.914E-04 2.658E+00 14 3.826E-04 4.079E+01 15 8.374E-03 2.292E+00 16 1.568E-03 9.768E-01
17 1.510E-02 1.831E+00 18 1.770E-05 9.368E+01 19 1.010E-04 6.664E+01 20 9.045E-06 8.497E+01 21 4.158E-05 3.594E+01
22 2.729E-04 1.948E+01 23 5.000E-06 1.893E+01 24 3.725E-03 2.985E-01 25 2.037E-06 2.203E+01 26 2.369E-03 7.512E-01
27 1.291E-03 1.404E+00
 89  24
 1 3.637E-03 8.460E+00  2 1.200E-06 7.866E+01  3 1.793E-04 8.478E+00  5 1.322E-02 6.712E+00  6 1.622E-02 1.824E+00
 7 1.376E-03 2.458E+00  8 1.896E-03 3.898E+00  9 3.358E-04 1.171E+01 10 8.753E-04 6.456E+00 11 2.228E-02 1.088E+00
12 1.181E-02 7.663E-01 13 7.193E-04 2.320E+00 14 4.749E-04 2.759E+01 15 1.134E-02 2.737E+00 16 1.581E-03 1.357E+00
17 1.591E-02 1.572E+00 19 9.921E-05 4.329E+01 21 7.753E-05 3.956E+01 22 1.873E-04 1.744E+01 23 7.223E-06 2.113E+01
24 3.756E-03 3.464E-01 25 1.057E-06 2.115E+01 26 2.505E-03 6.830E-01 27 1.358E-03 1.095E+00
 90  26
 1 4.945E-03 7.607E+00  2 1.440E-06 6.774E+01  3 2.257E-04 1.017E+01  5 1.195E-02 6.091E+00  6 1.586E-02 1.502E+00
 7 1.290E-03 2.675E+00  8 1.722E-03 4.050E+00  9 2.939E-04 1.133E+01 10 9.695E-04 4.787E+00 11 2.113E-02 1.480E+00
12 1.203E-02 8.235E-01 13 8.053E-04 3.238E+00 14 3.733E-04 3.800E+01 15 1.215E-02 3.200E+00 16 1.580E-03 9.891E-01
17 1.716E-02 2.233E+00 18 1.273E-06 1.000E+02 19 2.382E-04 3.165E+01 20 3.126E-06 7.357E+01 21 1.065E-04 2.881E+01
22 1.620E-04 1.982E+01 23 7.175E-06 1.960E+01 24 3.749E-03 3.023E-01 25 1.243E-06 2.396E+01 26 2.592E-03 7.147E-01
27 1.382E-03 1.183E+00
 91  25
 1 4.975E-03 6.096E+00  2 6.885E-07 7.258E+01  3 2.654E-04 8.529E+00  5 1.138E-02 6.330E+00  6 1.394E-02 1.615E+00
 7 1.068E-03 3.194E+00  8 1.457E-03 3.306E+00  9 2.149E-04 1.310E+01 10 1.064E-03 3.121E+00 11 1.778E-02 1.256E+00
12 1.174E-02 7.935E-01 13 8.517E-04 2.891E+00 14 1.688E-04 6.437E+01 15 1.249E-02 2.239E+00 16 1.547E-03 1.391E+00
17 1.705E-02 1.713E+00 19 1.365E-04 2.641E+01 20 5.453E-06 7.830E+01 21 6.167E-05 3.950E+01 22 2.122E-04 2.274E+01
23 1.089E-05 1.510E+01 24 3.822E-03 3.080E-01 25 1.289E-06 2.367E+01 26 4.051E-03 5.036E-01 27 2.234E-03 6.447E-01
 92  25
 1 6.305E-03 7.116E+00  2 5.152E-07 5.256E+01  3 2.892E-04 9.675E+00  5 1.012E-02 8.795E+00  6 1.362E-02 1.647E+00
 7 9.579E-04 2.756E+00  8 1.226E-03 5.687E+00  9 2.523E-04 1.180E+01 10 1.176E-03 5.160E+00 11 1.641E-02 1.695E+00
12 1.200E-02 6.918E-01 13 9.409E-04 2.671E+00 14 1.015E-04 5.603E+01 15 1.338E-02 3.017E+00 16 1.537E-03 1.335E+00
17 1.763E-02 1.254E+00 19 8.654E-05 3.623E+01 20 2.647E-05 6.785E+01 21 4.655E-05 3.790E+01 22 1.279E-04 2.334E+01
23 7.961E-06 2.218E+01 24 3.866E-03 2.823E-01 25 1.066E-06 3.282E+01 26 4.554E-03 6.128E-01 27 2.513E-03 6.664E-01
 93  26
 1 7.294E-03 6.666E+00  2 1.943E-06 6.161E+01  3 3.350E-04 5.727E+00  5 8.713E-03 6.763E+00  6 1.367E-02 1.888E+00
 7 8.435E-04 4.028E+00  8 1.164E-03 5.045E+00  9 2.363E-04 1.140E+01 10 1.353E-03 3.019E+00 11 1.422E-02 1.119E+00
12 1.225E-02 8.633E-01 13 1.080E-03 2.912E+00 14 1.350E-04 5.396E+01 15 1.488E-02 2.862E+00 16 1.567E-03 8.623E-01
17 1.770E-02 1.517E+00 18 4.348E-06 9.773E+01 19 1.756E-04 3.007E+01 20 1.723E-06 1.000E+02 21 7.047E-05 3.791E+01
22 2.492E-04 3.176E+01 23 8.150E-06 1.178E+01 24 3.851E-03 3.610E-01 25 9.712E-07 3.522E+01 26 4.531E-03 6.551E-01
27 2.466E-03 8.543E-01
 94  26
 1 9.649E-03 4.637E+00  2 1.868E-06 4.953E+01  3 3.795E-04 8.028E+00  5 8.223E-03 6.415E+00  6 1.487E-02 1.466E+00
 7 8.038E-04 3.064E+00  8 1.071E-03 4.529E+00  9 1.307E-04 1.283E+01 10 1.525E-03 3.937E+00 11 1.297E-02 1.161E+00
12 1.381E-02 7.329E-01 13 1.243E-03 2.489E+00 14 4.097E-05 7.780E+01 15 1.677E-02 2.534E+00 16 1.569E-03 1.475E+00
17 1.944E-02 1.799E+00 18 5.327E-07 1.000E+02 19 1.491E-04 3.283E+01 20 6.930E-06 1.000E+02 21 8.690E-06 5.770E+01
22 1.404E-04 2.115E+01 23 8.694E-06 1.374E+01 24 3.761E-03 2.856E-01 25 6.567E-07 2.892E+01 26 2.847E-03 7.684E-01
27 1.314E-03 9.577E-01
 95  26
 1 1.083E-02 5.549E+00  2 5.973E-07 1.000E+02  3 3.701E-04 9.443E+00  5 6.913E-03 7.728E+00  6 1.483E-02 1.984E+00
 7 6.793E-04 5.121E+00  8 9.349E-04 5.071E+00  9 1.554E-04 1.106E+01 10 1.866E-03 3.143E+00 11 1.028E-02 1.591E+00
12 1.432E-02 7.276E-01 13 1.405E-03 2.447E+00 14 1.383E-04 4.521E+01 15 2.667E-02 1.727E+00 16 1.532E-03 1.101E+00
17 1.941E-02 2.110E+00 18 1.132E-06 1.000E+02 19 2.639E-04 3.235E+01 20 2.451E-05 8.456E+01 21 3.123E-05 4.803E+01
22 1.258E-04 2.751E+01 23 1.253E-05 1.197E+01 24 3.793E-03 3.118E-01 25 6.354E-07 2.936E+01 26 2.876E-03 6.777E-01
27 1.318E-03 1.014E+00
 96  25
 1 1.226E-02 6.373E+00  2 9.084E-07 7.850E+01  3 4.156E-04 8.863E+00  5 4.715E-03 6.505E+00  6 1.373E-02 2.541E+00
 7 6.383E-04 2.725E+00  8 8.196E-04 5.215E+00  9 1.606E-04 1.273E+01 10 2.093E-03 3.054E+00 11 7.556E-03 1.836E+00
12 1.422E-02 5.950E-01 13 1.552E-03 2.075E+00 14 1.059E-04 7.013E+01 15 2.582E-02 2.307E+00 16 1.546E-03 1.105E+00
17 1.864E-02 1.456E+00 19 1.779E-04 2.920E+01 20 3.077E-05 7.600E+01 21 6.410E-05 4.969E+01 22 1.224E-04 2.823E+01
23 1.090E-05 1.336E+01 24 3.782E-03 3.025E-01 25 5.030E-07 3.055E+01 26 3.257E-03 6.576E-01 27 1.533E-03 9.430E-01
 97  26
 1 2.516E-02 4.046E+00  2 2.885E-06 3.736E+01  3 4.550E-04 6.311E+00  5 4.222E-03 9.842E+00  6 1.261E-02 2.012E+00
 7 5.378E-04 4.963E+00  8 7.915E-04 4.055E+00  9 1.203E-04 2.171E+01 10 2.038E-03 3.026E+00 11 5.054E-03 2.743E+00
12 1.354E-02 7.894E-01 13 1.609E-03 1.758E+00 14 1.535E-04 9.331E+01 15 2.256E-02 2.660E+00 16 1.520E-03 1.291E+00
17 1.723E-02 1.973E+00 18 2.763E-06 1.000E+02 19 2.448E-04 2.727E+01 20 6.031E-05 5.151E+01 21 4.276E-06 6.196E+01
22 1.064E-04 4.205E+01 23 1.035E-05 1.057E+01 24 3.883E-03 3.388E-01 25 4.489E-07 2.650E+01 26 4.756E-03 5.728E-01
27 2.538E-03 8.379E-01
 98  25
 1 2.929E-02 4.863E+00  2 6.227E-07 6.879E+01  3 4.840E-04 5.922E+00  5 3.855E-03 8.228E+00  6 1.216E-02 1.831E+00
 7 5.345E-04 3.259E+00  8 6.921E-04 6.479E+00  9 1.317E-04 1.892E+01 10 2.517E-03 2.132E+00 11 4.356E-03 2.252E+00
12 1.383E-02 6.706E-01 13 1.867E-03 1.594E+00 14 1.713E-04 4.646E+01 15 2.015E-02 2.459E+00 16 1.525E-03 1.222E+00
17 1.647E-02 2.426E+00 19 3.550E-04 2.928E+01 20 5.363E-05 4.404E+01 21 2.255E-05 3.860E+01 22 1.024E-04 2.081E+01
23 1.124E-05 1.084E+01 24 3.878E-03 3.016E-01 25 3.764E-07 2.673E+01 26 4.779E-03 4.565E-01 27 2.548E-03 6.218E-01
 99  25
 1 3.154E-02 4.083E+00  2 1.557E-06 7.674E+01  3 4.865E-04 7.092E+00  5 3.941E-03 1.244E+01  6 1.196E-02 1.772E+00
 7 4.283E-04 4.459E+00  8 5.724E-04 8.759E+00  9 9.907E-05 1.950E+01 10 2.524E-03 2.760E+00 11 3.843E-03 1.917E+00
12 1.439E-02 7.053E-01 13 2.108E-03 1.705E+00 14 1.344E-04 5.207E+01 15 1.790E-02 1.956E+00 16 1.557E-03 1.213E+00
17 1.605E-02 2.025E+00 19 2.670E-04 2.358E+01 20 6.904E-05 3.934E+01 21 3.814E-05 5.568E+01 22 1.503E-04 2.690E+01
23 1.438E-05 1.315E+01 24 3.827E-03 2.901E-01 25 4.396E-07 3.158E+01 26 4.055E-03 6.797E-01 27 2.031E-03 8.274E-01
100  26
 1 3.265E-02 3.526E+00  2 3.952E-07 4.289E+01  3 5.983E-04 5.901E+00  5 4.715E-03 9.217E+00  6 1.212E-02 2.255E+00
 7 4.334E-04 4.207E+00  8 6.981E-04 5.766E+00  9 1.053E-04 2.191E+01 10 3.064E-03 2.062E+00 11 3.603E-03 3.003E+00
12 1.546E-02 8.085E-01 13 2.416E-03 1.248E+00 14 3.396E-05 8.928E+01 15 1.490E-02 2.689E+00 16 1.551E-03 1.102E+00
17 1.658E-02 1.495E+00 18 1.697E-05 1.000E+02 19 4.957E-04 3.288E+01 20 8.227E-05 5.013E+01 21 1.503E-05 8.369E+01
22 6.718E-05 3.386E+01 23 1.246E-05 1.147E+01 24 3.790E-03 2.996E-01 25 3.502E-07 3.385E+01 26 3.001E-03 7.094E-01
27 1.317E-03 1.103E+00
101  26
 1 3.081E-02 4.411E+00  2 9.459E-07 6.412E+01  3 6.493E-04 5.036E+00  5 3.071E-03 1.048E+01  6 1.122E-02 1.816E+00
 7 3.900E-04 3.677E+00  8 5.776E-04 6.527E+00  9 1.003E-04 1.957E+01 10 3.409E-03 2.178E+00 11 3.061E-03 4.089E+00
12 1.559E-02 6.260E-01 13 2.660E-03 1.859E+00 14 6.470E-05 6.736E+01 15 1.052E-02 2.407E+00 16 1.536E-03 1.548E+00
17 1.452E-02 2.065E+00 18 7.375E-08 1.000E+02 19 5.376E-04 2.513E+01 20 8.412E-05 4.912E+01 21 1.772E-05 6.796E+01
22 9.688E-05 3.724E+01 23 1.869E-05 7.649E+00 24 3.771E-03 3.022E-01 25 8.918E-07 3.202E+01 26 3.047E-03 5.907E-01
27 1.330E-03 7.287E-01
102  26
 1 2.617E-02 4.213E+00  2 3.251E-06 4.166E+01  3 7.222E-04 5.080E+00  5 2.642E-03 1.375E+01  6 9.684E-03 2.353E+00
 7 3.384E-04 4.764E+00  8 4.937E-04 6.194E+00  9 4.858E-05 2.615E+01 10 3.744E-03 2.329E+00 11 2.765E-03 3.362E+00
12 1.468E-02 6.459E-01 13 2.894E-03 1.370E+00 14 8.457E-05 6.701E+01 15 8.490E-03 3.101E+00 16 1.541E-03 1.201E+00
17 1.255E-02 1.992E+00 18 4.486E-06 1.000E+02 19 5.045E-04 2.167E+01 20 6.428E-05 5.079E+01 21 6.958E-06 4.894E+01
22 8.851E-05 3.223E+01 23 2.404E-05 9.254E+00 24 3.811E-03 3.041E-01 25 1.213E-07 7.092E+01 26 4.137E-03 5.833E-01
27 2.065E-03 9.141E-01
103  25
 1 2.106E-02 3.875E+00  2 2.134E-06 3.873E+01  3 7.373E-04 6.329E+00  5 1.913E-03 1.539E+01  6 8.681E-03 2.711E+00
 7 2.751E-04 4.857E+00  8 3.462E-04 8.615E+00  9 6.590E-05 2.120E+01 10 4.088E-03 2.663E+00 11 2.135E-03 3.502E+00
12 1.376E-02 6.682E-01 13 3.284E-03 1.616E+00 14 9.473E-05 5.226E+01 15 7.458E-03 2.625E+00 16 1.532E-03 1.173E+00
17 1.025E-02 2.464E+00 19 5.983E-04 2.252E+01 20 4.528E-05 7.063E+01 21 9.639E-06 6.658E+01 22 6.631E-05 3.840E+01
23 1.729E-05 1.150E+01 24 3.853E-03 3.157E-01 25 1.521E-07 7.126E+01 26 4.897E-03 4.187E-01 27 2.555E-03 5.797E-01
104  26
 1 1.852E-02 4.884E+00  2 1.357E-06 5.097E+01  3 8.258E-04 5.249E+00  5 2.218E-03 1.711E+01  6 7.713E-03 2.336E+00
 7 2.922E-04 6.314E+00  8 3.383E-04 7.912E+00  9 6.494E-05 2.170E+01 10 4.701E-03 2.498E+00 11 2.076E-03 3.980E+00
12 1.330E-02 7.379E-01 13 3.725E-03 1.671E+00 14 5.004E-05 7.564E+01 15 6.761E-03 2.735E+00 16 1.567E-03 9.798E-01
17 8.914E-03 2.483E+00 18 7.290E-08 1.000E+02 19 8.912E-04 1.341E+01 20 3.814E-05 5.384E+01 21 1.534E-06 6.931E+01
22 5.810E-05 2.622E+01 23 2.001E-05 7.322E+00 24 3.843E-03 3.145E-01 25 2.629E-07 4.974E+01 26 4.907E-03 3.995E-01
27 2.544E-03 6.069E-01
105  25
 1 1.461E-02 6.306E+00  2 2.909E-06 4.271E+01  3 9.748E-04 4.544E+00  5 2.270E-03 1.178E+01  6 7.230E-03 2.896E+00
 7 2.323E-04 6.398E+00  8 2.903E-04 1.078E+01  9 5.091E-05 1.571E+01 10 5.759E-03 2.178E+00 11 1.726E-03 4.458E+00
12 1.423E-02 6.019E-01 13 4.402E-03 1.223E+00 14 7.527E-05 5.873E+01 15 6.463E-03 3.429E+00 16 1.546E-03 9.641E-01
17 7.776E-03 2.483E+00 19 8.310E-04 1.868E+01 20 7.622E-05 4.384E+01 21 1.974E-05 4.780E+01 22 1.459E-05 8.030E+01
23 2.310E-05 1.128E+01 24 3.769E-03 2.891E-01 25 2.500E-07 3.405E+01 26 3.527E-03 6.953E-01 27 1.615E-03 8.376E-01
106  25
 1 1.167E-02 4.706E+00  2 3.138E-06 6.608E+01  3 1.060E-03 4.234E+00  5 1.721E-03 1.400E+01  6 5.649E-03 3.860E+00
 7 2.062E-04 7.764E+00  8 2.850E-04 8.960E+00  9 3.599E-05 1.954E+01 10 6.418E-03 2.328E+00 11 1.545E-03 4.162E+00
12 1.395E-02 6.731E-01 13 5.133E-03 1.515E+00 14 4.181E-05 1.000E+02 15 5.698E-03 3.684E+00 16 1.573E-03 1.277E+00
17 6.078E-03 4.003E+00 19 9.320E-04 1.539E+01 20 7.648E-05 4.308E+01 21 8.252E-06 7.015E+01 22 7.103E-05 4.592E+01
23 2.677E-05 1.247E+01 24 3.746E-03 2.966E-01 25 1.841E-07 5.170E+01 26 3.174E-03 6.612E-01 27 1.363E-03 9.221E-01
107  25
 1 8.239E-03 6.027E+00  2 3.890E-06 3.990E+01  3 1.184E-03 4.057E+00  5 1.640E-03 1.921E+01  6 4.067E-03 3.343E+00
 7 1.887E-04 6.358E+00  8 2.638E-04 9.280E+00  9 4.786E-05 3.667E+01 10 7.261E-03 2.049E+00 11 1.464E-03 4.237E+00
12 6.636E-03 1.045E+00 13 5.882E-03 1.286E+00 14 1.008E-04 1.000E+02 15 5.220E-03 3.775E+00 16 1.554E-03 1.068E+00
17 4.971E-03 2.431E+00 19 9.810E-04 1.455E+01 20 4.244E-05 6.136E+01 21 4.119E-06 6.910E+01 22 9.955E-06 6.412E+01
23 3.641E-05 6.856E+00 24 3.721E-03 2.802E-01 25 2.968E-07 4.703E+01 26 3.232E-03 5.869E-01 27 1.390E-03 8.186E-01
108  25
 1 7.216E-03 7.091E+00  2 5.554E-06 4.087E+01  3 1.082E-03 4.581E+00  5 1.308E-03 1.438E+01  6 3.266E-03 3.573E+00
 7 1.708E-04 6.952E+00  8 2.558E-04 7.825E+00  9 5.338E-05 2.221E+01 10 8.962E-03 2.364E+00 11 1.129E-03 4.417E+00
12 4.937E-03 1.135E+00 13 1.027E-02 6.959E-01 14 4.759E-05 9.214E+01 15 4.527E-03 3.925E+00 16 1.595E-03 7.656E-01
17 3.690E-03 3.019E+00 19 1.202E-03 1.392E+01 20 9.932E-05 3.478E+01 21 1.274E-05 6.392E+01 22 5.600E-05 4.143E+01
23 3.367E-05 8.671E+00 24 3.705E-03 3.361E-01 25 2.715E-07 4.944E+01 26 5.023E-03 6.105E-01 27 2.619E-03 8.128E-01
109  24
 1 6.088E-03 7.750E+00  2 2.465E-06 3.947E+01  3 1.299E-03 5.049E+00  5 9.045E-04 1.968E+01  6 2.844E-03 3.993E+00
 7 1.462E-04 5.719E+00  8 1.936E-04 9.027E+00  9 3.311E-05 2.463E+01 10 1.276E-02 1.648E+00 11 1.145E-03 3.914E+00
12 4.173E-03 1.266E+00 13 1.059E-02 1.183E+00 15 3.975E-03 5.746E+00 16 1.574E-03 1.038E+00 17 3.353E-03 3.712E+00
19 1.398E-03 1.494E+01 20 4.251E-05 4.543E+01 21 5.175E-06 1.000E+02 22 3.296E-05 4.066E+01 23 3.038E-05 9.281E+00
24 3.705E-03 3.594E-01 25 3.750E-07 4.833E+01 26 5.113E-03 3.798E-01 27 2.676E-03 4.578E-01
110  25
 1 4.629E-03 7.302E+00  2 4.484E-06 2.466E+01  3 1.517E-03 3.215E+00  5 1.230E-03 1.960E+01  6 2.681E-03 3.440E+00
 7 1.264E-04 8.535E+00  8 1.944E-04 1.118E+01  9 5.084E-05 2.386E+01 10 1.651E-02 1.533E+00 11 9.998E-04 3.902E+00
12 3.857E-03 1.377E+00 13 1.137E-02 9.324E-01 14 5.511E-06 1.000E+02 15 3.398E-03 4.414E+00 16 1.552E-03 1.078E+00
17 2.814E-03 4.135E+00 19 1.171E-03 1.421E+01 20 7.539E-05 7.282E+01 21 4.127E-07 1.000E+02 22 2.010E-05 4.595E+01
23 2.970E-05 9.742E+00 24 3.665E-03 3.049E-01 25 3.097E-07 6.617E+01 26 4.697E-03 5.562E-01 27 2.373E-03 7.299E-01
111  24
 1 4.791E-03 8.814E+00  2 5.734E-06 3.051E+01  3 1.594E-03 3.447E+00  5 1.257E-03 1.942E+01  6 2.369E-03 3.946E+00
 7 1.242E-04 7.815E+00  8 1.687E-04 1.347E+01  9 2.902E-05 3.242E+01 10 2.023E-02 1.104E+00 11 9.291E-04 6.044E+00
12 3.795E-03 1.242E+00 13 1.254E-02 7.618E-01 15 3.426E-03 4.017E+00 16 1.580E-03 1.073E+00 17 2.878E-03 3.179E+00
19 1.363E-03 1.649E+01 20 7.166E-05 5.067E+01 21 5.461E-06 6.911E+01 22 1.963E-05 5.794E+01 23 3.908E-05 9.121E+00
24 3.580E-03 3.096E-01 25 1.434E-07 4.733E+01 26 3.326E-03 5.445E-01 27 1.434E-03 8.486E-01
112  24
 1 4.681E-03 8.545E+00  2 9.126E-07 5.487E+01  3 1.754E-03 3.244E+00  5 1.088E-03 1.793E+01  6 2.180E-03 4.494E+00
 7 1.330E-04 6.648E+00  8 1.811E-04 1.250E+01  9 3.888E-05 2.601E+01 10 2.147E-02 1.033E+00 11 7.845E-04 6.406E+00
12 3.313E-03 1.258E+00 13 1.277E-02 8.913E-01 14 2.262E-05 8.843E+01 15 3.428E-03 4.425E+00 16 1.604E-03 1.029E+00
17 2.684E-03 3.650E+00 19 1.753E-03 1.380E+01 20 6.753E-05 3.501E+01 22 2.112E-05 4.921E+01 23 3.611E-05 8.409E+00
24 3.566E-03 3.599E-01 25 1.166E-07 5.708E+01 26 3.289E-03 6.742E-01 27 1.412E-03 9.854E-01
113  25
 1 4.368E-03 6.539E+00  2 4.177E-06 3.575E+01  3 1.881E-03 2.932E+00  5 1.213E-03 1.663E+01  6 2.103E-03 6.275E+00
 7 1.091E-04 7.216E+00  8 1.459E-04 1.004E+01  9 1.769E-05 3.469E+01 10 2.170E-02 1.446E+00 11 7.073E-04 6.444E+00
12 3.108E-03 1.041E+00 13 1.233E-02 8.384E-01 14 1.051E-05 7.060E+01 15 2.839E-03 4.267E+00 16 1.587E-03 1.349E+00
17 2.282E-03 5.111E+00 19 1.356E-03 1.524E+01 20 1.207E-04 4.027E+01 21 6.081E-06 5.923E+01 22 8.812E-06 6.733E+01
23 4.242E-05 6.490E+00 24 3.652E-03 3.151E-01 25 2.153E-07 5.087E+01 26 4.093E-03 4.672E-01 27 1.940E-03 6.926E-01
114  25
 1 4.100E-03 1.015E+01  2 1.146E-05 2.659E+01  3 2.023E-03 3.839E+00  5 8.852E-04 3.229E+01  6 1.875E-03 3.483E+00
 7 1.024E-04 1.190E+01  8 1.318E-04 1.604E+01  9 2.597E-05 2.875E+01 10 2.046E-02 1.303E+00 11 6.800E-04 5.813E+00
12 2.719E-03 1.418E+00 13 1.152E-02 6.367E-01 14 4.957E-07 1.000E+02 15 2.757E-03 5.859E+00 16 1.565E-03 1.265E+00
17 1.848E-03 4.735E+00 19 1.370E-03 1.394E+01 20 1.078E-04 4.017E+01 21 1.105E-05 8.075E+01 22 1.197E-05 7.771E+01
23 4.102E-05 7.253E+00 24 3.707E-03 3.004E-01 25 1.065E-07 5.803E+01 26 5.180E-03 5.047E-01 27 2.663E-03 6.736E-01
115  25
 1 3.122E-03 1.115E+01  2 3.812E-06 3.337E+01  3 2.317E-03 2.748E+00  5 6.950E-04 2.608E+01  6 1.623E-03 4.670E+00
 7 8.101E-05 1.220E+01  8 1.351E-04 1.400E+01  9 1.251E-05 3.140E+01 10 2.044E-02 1.218E+00 11 5.794E-04 6.164E+00
12 2.413E-03 1.469E+00 13 1.166E-02 8.433E-01 14 9.080E-07 1.000E+02 15 2.381E-03 5.123E+00 16 1.572E-03 1.032E+00
17 1.779E-03 6.371E+00 19 1.588E-03 1.163E+01 20 9.015E-05 3.811E+01 21 3.092E-07 1.000E+02 22 6.121E-06 7.600E+01
23 4.715E-05 7.482E+00 24 3.703E-03 3.136E-01 25 1.833E-07 4.721E+01 26 5.194E-03 5.905E-01 27 2.680E-03 7.543E-01
116  26
 1 3.131E-03 8.148E+00  2 8.416E-06 3.899E+01  3 2.785E-03 2.621E+00  4 2.635E-05 1.000E+02  5 9.221E-04 2.169E+01
 6 1.429E-03 5.896E+00  7 9.399E-05 8.315E+00  8 1.317E-04 1.311E+01  9 2.840E-05 2.841E+01 10 2.172E-02 1.164E+00
11 6.608E-04 5.367E+00 12 2.301E-03 1.615E+00 13 1.249E-02 8.843E-01 14 1.212E-04 1.000E+02 15 2.207E-03 5.000E+00
16 1.595E-03 1.299E+00 17 1.570E-03 6.012E+00 19 2.123E-03 1.006E+01 20 1.825E-04 3.165E+01 21 5.753E-07 7.062E+01
22 4.698E-05 6.341E+01 23 5.109E-05 8.358E+00 24 3.629E-03 3.273E-01 25 7.696E-08 4.451E+01 26 4.148E-03 5.795E-01
27 1.943E-03 9.259E-01
117  25
 1 2.732E-03 1.053E+01  2 6.577E-06 3.105E+01  3 5.364E-03 2.013E+00  5 9.451E-04 2.067E+01  6 1.361E-03 5.539E+00
 7 8.172E-05 5.848E+00  8 1.028E-04 1.657E+01  9 1.549E-05 2.715E+01 10 2.246E-02 1.497E+00 11 4.930E-04 7.984E+00
12 2.177E-03 1.684E+00 13 1.281E-02 8.016E-01 15 2.021E-03 4.306E+00 16 1.878E-03 9.199E-01 17 1.645E-03 3.953E+00
18 1.630E-05 1.000E+02 19 2.472E-03 1.064E+01 20 1.665E-04 3.286E+01 21 1.761E-07 1.000E+02 22 6.160E-05 5.463E+01
23 5.580E-05 7.693E+00 24 3.604E-03 2.632E-01 25 1.876E-07 7.859E+01 26 3.411E-03 5.684E-01 27 1.427E-03 7.214E-01
118  24
 1 2.486E-03 1.452E+01  2 7.954E-06 4.142E+01  3 1.171E-02 1.473E+00  5 3.507E-04 2.304E+01  6 1.235E-03 4.805E+00
 7 6.334E-05 8.836E+00  8 6.836E-05 1.315E+01  9 1.449E-05 4.313E+01 10 2.130E-02 1.237E+00 11 4.437E-04 6.175E+00
12 1.946E-03 1.966E+00 13 1.250E-02 6.198E-01 15 1.705E-03 7.194E+00 16 1.849E-03 9.861E-01 17 1.582E-03 5.493E+00
19 3.379E-03 1.137E+01 20 1.981E-04 4.672E+01 21 2.709E-06 1.000E+02 22 2.498E-05 6.196E+01 23 5.994E-05 7.984E+00
24 3.594E-03 3.569E-01 25 2.089E-07 4.266E+01 26 3.456E-03 7.463E-01 27 1.456E-03 8.046E-01
119  26
 1 1.813E-03 1.583E+01  2 8.734E-06 2.590E+01  3 1.726E-02 1.097E+00  4 1.228E-04 1.000E+02  5 2.578E-04 2.919E+01
 6 1.133E-03 6.190E+00  7 8.285E-05 1.173E+01  8 9.532E-05 1.447E+01  9 2.277E-05 4.102E+01 10 1.839E-02 1.239E+00
11 4.000E-04 6.633E+00 12 1.733E-03 2.743E+00 13 1.149E-02 7.827E-01 14 1.562E-05 1.000E+02 15 1.749E-03 5.706E+00
16 1.791E-03 1.186E+00 17 1.305E-03 5.289E+00 19 2.770E-03 1.155E+01 20 2.562E-04 2.115E+01 21 1.377E-07 7.069E+01
22 3.229E-06 6.110E+01 23 6.601E-05 6.024E+00 24 3.683E-03 3.502E-01 25 1.929E-07 6.969E+01 26 4.736E-03 5.714E-01
27 2.334E-03 7.360E-01
120  24
 1 1.913E-03 9.364E+00  2 1.072E-05 2.252E+01  3 2.167E-02 7.390E-01  5 3.470E-04 2.612E+01  6 1.080E-03 6.282E+00
 7 6.034E-05 1.685E+01  8 1.062E-04 1.907E+01  9 9.744E-06 4.178E+01 10 1.731E-02 1.078E+00 11 4.138E-04 7.771E+00
12 1.572E-03 2.434E+00 13 1.117E-02 9.599E-01 15 1.339E-03 7.881E+00 16 1.744E-03 1.359E+00 17 1.249E-03 6.382E+00
19 3.797E-03 9.193E+00 20 2.384E-04 5.132E+01 21 2.987E-05 6.931E+01 22 1.236E-05 5.153E+01 23 6.892E-05 4.654E+00
24 3.714E-03 2.934E-01 25 4.017E-07 3.442E+01 26 5.114E-03 4.893E-01 27 2.578E-03 5.790E-01
121  24
 1 1.567E-03 1.403E+01  2 7.343E-06 2.662E+01  3 2.541E-02 1.189E+00  5 5.268E-04 2.157E+01  6 8.815E-04 6.822E+00
 7 5.598E-05 1.077E+01  8 6.531E-05 1.595E+01  9 1.303E-05 4.787E+01 10 1.634E-02 1.367E+00 11 3.581E-04 7.881E+00
12 1.373E-03 2.001E+00 13 1.091E-02 8.920E-01 15 1.519E-03 6.652E+00 16 1.748E-03 1.189E+00 17 1.139E-03 8.562E+00
19 3.821E-03 7.084E+00 20 4.031E-04 3.360E+01 21 1.196E-06 1.000E+02 22 2.490E-05 5.697E+01 23 6.868E-05 6.574E+00
24 3.711E-03 3.289E-01 25 3.719E-07 5.726E+01 26 5.044E-03 5.624E-01 27 2.512E-03 7.059E-01
122  25
 1 1.627E-03 1.341E+01  2 1.181E-05 2.641E+01  3 2.798E-02 1.338E+00  4 1.895E-05 1.000E+02  5 4.180E-04 2.861E+01
 6 8.696E-04 8.145E+00  7 6.954E-05 1.463E+01  8 7.914E-05 1.571E+01  9 1.386E-05 3.359E+01 10 1.721E-02 1.514E+00
11 3.180E-04 1.026E+01 12 1.371E-03 2.027E+00 13 1.174E-02 1.037E+00 15 1.264E-03 7.102E+00 16 1.741E-03 1.188E+00
17 9.362E-04 6.973E+00 19 4.436E-03 8.152E+00 20 3.907E-04 3.212E+01 21 7.086E-06 1.000E+02 22 9.214E-06 7.699E+01
23 7.776E-05 6.026E+00 24 3.650E-03 3.771E-01 25 4.296E-07 3.407E+01 26 3.657E-03 8.552E-01 27 1.534E-03 1.209E+00
123  25
 1 1.333E-03 1.485E+01  2 1.092E-05 2.208E+01  3 3.053E-02 8.959E-01  4 3.244E-05 1.000E+02  5 2.690E-04 2.385E+01
 6 8.111E-04 6.852E+00  7 3.680E-05 1.729E+01  8 7.176E-05 1.943E+01  9 5.268E-06 4.103E+01 10 1.583E-02 1.341E+00
11 2.739E-04 7.316E+00 12 1.221E-03 2.012E+00 13 1.134E-02 8.893E-01 14 6.260E-05 6.423E+01 15 1.129E-03 8.481E+00
16 1.706E-03 1.088E+00 17 8.691E-04 6.754E+00 19 5.337E-03 7.952E+00 20 1.353E-04 2.870E+01 22 8.272E-06 6.076E+01
23 8.197E-05 7.210E+00 24 3.644E-03 3.111E-01 25 3.185E-07 3.274E+01 26 3.996E-03 6.553E-01 27 1.625E-03 7.700E-01
124  25
 1 1.438E-03 1.493E+01  2 1.012E-05 3.341E+01  3 3.010E-02 1.185E+00  4 7.746E-05 1.000E+02  5 4.140E-04 4.726E+01
 6 7.226E-04 5.364E+00  7 4.163E-05 9.902E+00  8 6.925E-05 2.446E+01  9 9.665E-06 4.543E+01 10 1.444E-02 1.297E+00
11 2.612E-04 1.206E+01 12 1.176E-03 2.567E+00 13 1.093E-02 1.105E+00 14 2.327E-05 1.000E+02 15 9.881E-04 7.718E+00
16 1.728E-03 1.362E+00 17 8.835E-04 9.911E+00 19 5.214E-03 6.401E+00 20 3.183E-04 2.775E+01 22 4.462E-06 8.170E+01
23 9.808E-05 4.793E+00 24 3.690E-03 3.113E-01 25 3.161E-07 3.819E+01 26 4.406E-03 6.510E-01 27 1.926E-03 7.657E-01
125  26
 1 1.076E-03 1.551E+01  2 7.848E-06 2.822E+01  3 3.008E-02 1.043E+00  4 7.990E-05 1.000E+02  5 1.744E-04 3.588E+01
 6 7.227E-04 7.921E+00  7 4.838E-05 1.987E+01  8 5.478E-05 2.221E+01  9 7.871E-06 4.894E+01 10 1.193E-02 1.840E+00
11 2.641E-04 1.251E+01 12 1.001E-03 1.970E+00 13 1.033E-02 8.313E-01 14 1.521E-04 9.948E+01 15 8.955E-04 8.715E+00
16 1.686E-03 1.129E+00 17 7.074E-04 1.039E+01 19 5.554E-03 8.398E+00 20 3.478E-04 2.125E+01 21 4.910E-07 1.000E+02
22 1.074E-05 8.115E+01 23 9.262E-05 3.993E+00 24 3.763E-03 3.978E-01 25 1.267E-07 6.610E+01 26 5.572E-03 5.204E-01
27 2.767E-03 5.750E-01
126  26
 1 9.884E-04 1.551E+01  2 1.230E-05 2.654E+01  3 2.911E-02 9.925E-01  4 1.064E-04 6.558E+01  5 2.312E-04 3.273E+01
 6 6.546E-04 7.888E+00  7 3.061E-05 1.759E+01  8 4.231E-05 3.094E+01  9 6.956E-06 4.798E+01 10 1.042E-02 1.716E+00
11 2.540E-04 9.446E+00 12 8.940E-04 2.793E+00 13 1.015E-02 8.261E-01 14 3.872E-07 1.000E+02 15 7.963E-04 8.362E+00
16 1.707E-03 9.556E-01 17 7.572E-04 7.252E+00 19 8.251E-03 7.225E+00 20 4.382E-04 2.281E+01 21 8.811E-06 1.000E+02
22 6.467E-06 9.330E+01 23 1.038E-04 3.778E+00 24 3.778E-03 3.545E-01 25 4.238E-07 5.263E+01 26 5.706E-03 4.308E-01
27 2.835E-03 5.020E-01
127  26
 1 1.069E-03 1.499E+01  2 1.141E-05 2.500E+01  3 2.814E-02 1.056E+00  4 1.296E-05 1.000E+02  5 2.506E-04 4.090E+01
 6 6.985E-04 7.502E+00  7 3.742E-05 1.575E+01  8 3.862E-05 2.295E+01  9 5.338E-06 4.802E+01 10 1.001E-02 2.102E+00
11 2.358E-04 1.149E+01 12 8.862E-04 2.847E+00 13 1.035E-02 9.210E-01 15 9.088E-04 8.693E+00 16 1.681E-03 1.297E+00
17 7.225E-04 8.856E+00 18 5.252E-07 1.000E+02 19 1.076E-02 6.663E+00 20 3.875E-04 2.821E+01 21 1.790E-05 8.078E+01
22 4.865E-06 7.020E+01 23 1.149E-04 4.972E+00 24 3.737E-03 3.525E-01 25 9.386E-08 4.351E+01 26 5.091E-03 4.917E-01
27 2.421E-03 5.749E-01
128  24
 1 1.079E-03 1.676E+01  2 1.589E-05 2.027E+01  3 2.594E-02 1.054E+00  4 9.638E-05 1.000E+02  5 3.305E-04 2.781E+01
 6 4.576E-04 6.665E+00  7 4.633E-05 1.579E+01  8 3.370E-05 2.413E+01  9 5.930E-06 4.044E+01 10 9.050E-03 2.149E+00
11 2.371E-04 7.095E+00 12 8.368E-04 2.422E+00 13 1.085E-02 1.070E+00 15 8.731E-04 8.354E+00 16 1.745E-03 9.905E-01
17 6.292E-04 8.018E+00 19 1.765E-02 5.554E+00 20 3.828E-04 2.111E+01 22 1.297E-06 1.000E+02 23 1.425E-04 5.815E+00
24 3.683E-03 3.064E-01 25 1.738E-07 8.255E+01 26 4.189E-03 6.876E-01 27 1.795E-03 8.896E-01
129  22
 1 9.763E-04 1.947E+01  2 1.414E-05 1.854E+01  3 2.211E-02 1.019E+00  5 1.811E-04 4.522E+01  6 4.748E-04 8.717E+00
 7 2.819E-05 1.299E+01  8 2.638E-05 3.883E+01  9 1.320E-05 6.345E+01 10 8.374E-03 1.633E+00 11 1.726E-04 9.856E+00
12 7.368E-04 2.972E+00 13 1.099E-02 1.016E+00 15 8.076E-04 9.696E+00 16 1.798E-03 1.198E+00 17 6.279E-04 9.272E+00
19 2.118E-02 4.365E+00 20 4.690E-04 3.365E+01 23 1.277E-04 3.463E+00 24 3.692E-03 2.760E-01 25 7.140E-08 7.584E+01
26 4.229E-03 6.155E-01 27 1.812E-03 7.812E-01
130  22
 1 9.435E-04 1.937E+01  2 1.011E-05 3.279E+01  3 1.718E-02 1.552E+00  5 4.056E-05 7.590E+01  6 4.207E-04 1.220E+01
 7 2.861E-05 1.465E+01  8 5.401E-05 2.363E+01  9 4.583E-06 5.283E+01 10 6.960E-03 2.146E+00 11 2.221E-04 8.281E+00
12 6.646E-04 2.538E+00 13 1.040E-02 9.362E-01 15 5.895E-04 8.611E+00 16 1.806E-03 9.278E-01 17 5.654E-04 7.789E+00
19 2.456E-02 4.974E+00 20 4.469E-04 2.078E+01 23 1.519E-04 3.361E+00 24 3.746E-03 2.965E-01 25 5.347E-08 6.061E+01
26 5.195E-03 4.351E-01 27 2.480E-03 5.170E-01
131  25
 1 7.165E-04 1.771E+01  2 2.138E-05 1.835E+01  3 1.161E-02 1.072E+00  4 6.421E-05 1.000E+02  5 2.068E-04 4.504E+01
 6 4.073E-04 1.353E+01  7 3.193E-05 1.710E+01  8 4.026E-05 3.255E+01  9 3.076E-06 6.999E+01 10 5.181E-03 2.366E+00
11 1.360E-04 9.859E+00 12 6.371E-04 3.061E+00 13 1.044E-02 6.831E-01 15 5.044E-04 1.172E+01 16 1.765E-03 1.143E+00
17 4.658E-04 1.118E+01 19 2.624E-02 5.351E+00 20 4.529E-04 1.845E+01 21 4.711E-07 1.000E+02 22 4.406E-06 6.980E+01
23 1.611E-04 3.577E+00 24 3.768E-03 2.992E-01 25 7.738E-08 5.916E+01 26 5.888E-03 3.943E-01 27 2.930E-03 4.299E-01
132  24
 1 5.922E-04 2.019E+01  2 1.457E-05 2.163E+01  3 5.176E-03 2.570E+00  5 1.314E-04 7.301E+01  6 3.036E-04 1.000E+01
 7 2.879E-05 1.759E+01  8 3.458E-05 3.014E+01  9 8.640E-06 5.289E+01 10 4.513E-03 2.555E+00 11 1.477E-04 1.795E+01
12 5.484E-04 3.679E+00 13 1.027E-02 8.851E-01 15 4.466E-04 8.829E+00 16 1.792E-03 1.020E+00 17 4.588E-04 1.052E+01
19 3.104E-02 4.635E+00 20 3.806E-04 3.324E+01 21 3.000E-06 1.000E+02 22 4.218E-07 8.192E+01 23 1.688E-04 3.599E+00
24 3.758E-03 3.130E-01 25 1.100E-07 6.776E+01 26 5.963E-03 3.956E-01 27 2.989E-03 5.065E-01
133  22
 1 7.530E-04 1.920E+01  2 1.934E-05 1.548E+01  3 2.774E-03 3.646E+00  5 1.812E-04 5.178E+01  6 2.980E-04 9.009E+00
 7 1.990E-05 1.995E+01  8 2.664E-05 2.315E+01  9 7.535E-06 9.853E+01 10 4.350E-03 2.367E+00 11 1.345E-04 1.636E+01
12 5.437E-04 3.100E+00 13 1.091E-02 9.215E-01 15 4.764E-04 1.169E+01 16 1.582E-03 9.898E-01 17 3.846E-04 7.665E+00
19 3.686E-02 4.601E+00 20 5.569E-04 1.974E+01 23 1.779E-04 3.700E+00 24 3.668E-03 3.515E-01 25 7.053E-09 1.000E+02
26 4.638E-03 4.925E-01 27 2.060E-03 5.759E-01
134  23
 1 2.752E-04 2.433E+01  2 2.098E-05 1.785E+01  3 2.386E-03 4.309E+00  4 9.813E-06 1.000E+02  5 4.472E-05 4.941E+01
 6 2.713E-04 1.099E+01  7 2.083E-05 1.830E+01  8 2.748E-05 2.607E+01  9 7.942E-06 6.174E+01 10 3.704E-03 2.967E+00
11 1.120E-04 1.107E+01 12 5.002E-04 3.459E+00 13 1.080E-02 6.912E-01 15 4.406E-04 1.113E+01 16 1.569E-03 1.117E+00
17 3.963E-04 1.197E+01 19 3.671E-02 3.250E+00 20 5.510E-04 2.674E+01 22 2.992E-06 1.000E+02 23 1.994E-04 4.129E+00
24 3.656E-03 3.111E-01 26 4.296E-03 5.181E-01 27 1.825E-03 6.932E-01
135  24
 1 6.502E-04 3.143E+01  2 2.727E-05 1.966E+01  3 2.039E-03 2.102E+00  5 5.669E-05 5.802E+01  6 3.192E-04 9.676E+00
 7 1.604E-05 2.268E+01  8 3.150E-05 2.517E+01  9 3.991E-06 5.556E+01 10 3.595E-03 2.491E+00 11 9.821E-05 1.509E+01
12 4.567E-04 3.633E+00 13 1.053E-02 8.956E-01 15 4.224E-04 1.420E+01 16 1.594E-03 1.234E+00 17 3.734E-04 1.070E+01
19 3.777E-02 2.757E+00 20 8.808E-04 9.482E+00 21 1.292E-05 1.000E+02 22 2.652E-05 7.708E+01 23 2.346E-04 3.767E+00
24 3.665E-03 2.905E-01 25 9.862E-08 6.612E+01 26 4.378E-03 5.362E-01 27 1.854E-03 6.522E-01
136  23
 1 5.712E-04 2.641E+01  2 2.967E-05 1.404E+01  3 1.733E-03 3.268E+00  4 8.766E-05 8.360E+01  5 1.356E-04 4.982E+01
 6 2.244E-04 1.491E+01  7 1.637E-05 2.175E+01  8 2.177E-05 3.381E+01  9 5.631E-06 6.541E+01 10 2.803E-03 2.196E+00
11 1.054E-04 1.151E+01 12 4.202E-04 2.926E+00 13 9.304E-03 7.775E-01 15 4.167E-04 1.215E+01 16 1.550E-03 9.572E-01
17 3.634E-04 1.013E+01 19 3.341E-02 2.810E+00 20 8.051E-04 2.000E+01 22 6.331E-06 1.000E+02 23 2.370E-04 3.682E+00
24 3.748E-03 3.048E-01 26 6.004E-03 5.038E-01 27 2.984E-03 5.738E-01
137  22
 1 3.362E-04 2.989E+01  2 2.312E-05 2.034E+01  3 1.783E-03 4.011E+00  5 2.002E-04 2.922E+01  6 2.717E-04 1.316E+01
 7 1.851E-05 1.465E+01  8 4.067E-05 2.092E+01  9 3.171E-06 8.378E+01 10 2.647E-03 3.125E+00 11 9.823E-05 1.318E+01
12 4.125E-04 4.308E+00 13 8.866E-03 1.065E+00 15 3.108E-04 1.488E+01 16 1.569E-03 1.382E+00 17 2.927E-04 1.395E+01
19 3.041E-02 3.360E+00 20 6.711E-04 2.037E+01 23 2.534E-04 2.811E+00 24 3.764E-03 2.758E-01 25 9.833E-10 6.883E+01
26 6.027E-03 5.230E-01 27 2.995E-03 6.353E-01
138  23
 1 3.878E-04 2.453E+01  2 3.082E-05 1.605E+01  3 1.516E-03 3.660E+00  5 1.625E-04 7.589E+01  6 2.130E-04 1.249E+01
 7 1.245E-05 2.292E+01  8 1.806E-05 3.045E+01  9 1.976E-06 9.900E+01 10 2.462E-03 3.711E+00 11 1.086E-04 1.274E+01
12 3.836E-04 5.116E+00 13 8.608E-03 9.362E-01 15 3.253E-04 1.297E+01 16 1.584E-03 1.074E+00 17 2.706E-04 1.385E+01
19 2.839E-02 2.997E+00 20 8.323E-04 1.850E+01 22 3.517E-06 1.000E+02 23 2.864E-04 3.621E+00 24 3.724E-03 2.878E-01
25 8.204E-10 1.000E+02 26 5.671E-03 5.575E-01 27 2.749E-03 6.213E-01
139  25
 1 3.000E-04 2.653E+01  2 3.790E-05 1.255E+01  3 1.406E-03 4.847E+00  4 4.671E-06 1.000E+02  5 1.169E-04 5.008E+01
 6 1.643E-04 1.285E+01  7 1.121E-05 2.103E+01  8 1.228E-05 3.232E+01  9 2.103E-07 7.736E+01 10 2.333E-03 2.807E+00
11 8.791E-05 1.885E+01 12 3.479E-04 4.538E+00 13 9.107E-03 1.114E+00 15 2.712E-04 1.535E+01 16 1.600E-03 1.404E+00
17 2.427E-04 1.273E+01 18 4.871E-06 1.000E+02 19 2.824E-02 3.934E+00 20 1.160E-03 1.861E+01 22 3.583E-08 1.000E+02
23 3.290E-04 2.636E+00 24 3.656E-03 3.568E-01 25 8.179E-09 1.000E+02 26 4.332E-03 5.008E-01 27 1.837E-03 7.028E-01
140  24
 1 2.358E-04 3.006E+01  2 3.922E-05 1.454E+01  3 1.337E-03 4.886E+00  4 5.829E-05 9.910E+01  5 1.225E-04 4.849E+01
 6 1.883E-04 1.220E+01  7 9.483E-06 2.502E+01  8 1.992E-05 3.646E+01  9 2.667E-06 1.000E+02 10 2.062E-03 2.047E+00
11 6.930E-05 1.513E+01 12 3.352E-04 4.979E+00 13 8.634E-03 7.648E-01 15 2.755E-04 1.424E+01 16 1.595E-03 9.491E-01
17 2.526E-04 1.198E+01 19 2.435E-02 3.908E+00 20 1.158E-03 1.578E+01 22 1.914E-06 9.411E+01 23 3.647E-04 3.188E+00
24 3.641E-03 3.074E-01 25 5.491E-09 1.000E+02 26 4.320E-03 4.593E-01 27 1.790E-03 5.230E-01
141  23
 1 3.674E-04 2.151E+01  2 4.759E-05 1.494E+01  3 1.291E-03 3.988E+00  4 7.445E-05 1.000E+02  5 3.453E-05 9.171E+01
 6 2.173E-04 1.228E+01  7 1.116E-05 3.042E+01  8 2.038E-05 3.686E+01  9 6.368E-06 7.350E+01 10 1.928E-03 3.017E+00
11 6.966E-05 1.563E+01 12 3.049E-04 5.246E+00 13 7.855E-03 1.048E+00 15 3.550E-04 1.499E+01 16 1.575E-03 1.221E+00
17 2.459E-04 1.488E+01 19 1.798E-02 3.984E+00 20 1.284E-03 1.203E+01 23 3.873E-04 2.584E+00 24 3.688E-03 3.525E-01
25 1.250E-08 6.061E+01 26 5.057E-03 6.012E-01 27 2.293E-03 6.899E-01
142  22
 1 1.884E-04 3.314E+01  2 4.512E-05 1.332E+01  3 1.010E-03 4.406E+00  4 1.826E-04 9.700E+01  5 5.760E-05 6.170E+01
 6 1.648E-04 1.188E+01  7 7.090E-06 1.974E+01  8 1.469E-05 2.860E+01  9 1.938E-08 1.000E+02 10 1.681E-03 3.355E+00
11 9.104E-05 1.666E+01 12 2.698E-04 3.809E+00 13 7.130E-03 1.205E+00 15 1.768E-04 1.699E+01 16 1.546E-03 9.260E-01
17 1.934E-04 1.191E+01 19 1.206E-02 4.964E+00 20 1.151E-03 1.847E+01 23 4.037E-04 2.736E+00 24 3.748E-03 2.944E-01
26 6.045E-03 4.333E-01 27 2.970E-03 5.863E-01
143  24
 1 3.924E-04 2.663E+01  2 5.609E-05 9.565E+00  3 9.568E-04 4.344E+00  4 4.257E-06 1.000E+02  5 5.028E-05 6.621E+01
 6 1.467E-04 1.551E+01  7 1.125E-05 2.050E+01  8 1.402E-05 3.508E+01  9 4.137E-07 1.000E+02 10 1.554E-03 3.224E+00
11 7.553E-05 1.649E+01 12 2.512E-04 4.972E+00 13 6.680E-03 1.172E+00 15 2.539E-04 1.600E+01 16 1.565E-03 9.548E-01
17 1.857E-04 1.221E+01 19 7.901E-03 8.209E+00 20 1.272E-03 1.599E+01 21 7.769E-08 1.000E+02 22 8.059E-08 1.000E+02
23 4.591E-04 2.632E+00 24 3.751E-03 3.376E-01 26 6.056E-03 5.904E-01 27 2.979E-03 7.272E-01
144  23
 1 2.772E-04 3.189E+01  2 5.412E-05 1.400E+01  3 8.139E-04 5.236E+00  4 2.216E-05 1.000E+02  5 6.086E-06 6.677E+01
 6 1.297E-04 1.236E+01  7 7.262E-06 2.633E+01  8 1.475E-05 4.213E+01  9 1.094E-06 1.000E+02 10 1.423E-03 4.138E+00
11 5.886E-05 2.348E+01 12 2.422E-04 6.264E+00 13 6.516E-03 1.147E+00 15 1.804E-04 1.561E+01 16 1.620E-03 8.544E-01
17 2.054E-04 1.738E+01 19 6.831E-03 7.127E+00 20 1.793E-03 1.029E+01 23 5.398E-04 2.285E+00 24 3.660E-03 3.174E-01
25 1.466E-10 1.000E+02 26 5.000E-03 4.685E-01 27 2.241E-03 5.602E-01
145  22
 1 2.099E-04 3.558E+01  2 6.757E-05 1.569E+01  3 8.700E-04 3.481E+00  4 5.915E-05 1.000E+02  5 7.263E-07 1.000E+02
 6 1.249E-04 1.399E+01  7 6.125E-06 2.836E+01  8 1.415E-05 3.043E+01  9 2.926E-06 7.557E+01 10 1.369E-03 5.163E+00
11 7.933E-05 1.886E+01 12 2.314E-04 5.002E+00 13 6.363E-03 8.973E-01 15 2.220E-04 1.627E+01 16 1.610E-03 1.576E+00
17 1.664E-04 1.503E+01 19 5.793E-03 7.433E+00 20 1.653E-03 1.161E+01 23 5.848E-04 1.795E+00 24 3.603E-03 3.176E-01
26 4.329E-03 6.218E-01 27 1.784E-03 7.338E-01
146  23
 1 2.125E-04 2.450E+01  2 7.436E-05 1.155E+01  3 8.061E-04 4.168E+00  5 3.697E-05 6.073E+01  6 1.484E-04 1.366E+01
 7 1.001E-05 3.064E+01  8 2.190E-05 3.064E+01  9 2.038E-06 6.711E+01 10 1.184E-03 3.861E+00 11 7.254E-05 1.882E+01
12 2.139E-04 3.971E+00 13 6.074E-03 1.091E+00 14 4.174E-05 1.000E+02 15 1.907E-04 1.797E+01 16 1.597E-03 1.112E+00
17 1.669E-04 1.567E+01 19 4.798E-03 6.552E+00 20 2.321E-03 1.164E+01 23 6.615E-04 2.122E+00 24 3.614E-03 3.370E-01
25 5.828E-09 9.298E+01 26 4.339E-03 5.579E-01 27 1.783E-03 7.124E-01
147  22
 1 2.470E-04 3.194E+01  2 9.303E-05 8.893E+00  3 6.692E-04 6.963E+00  4 2.493E-04 5.517E+01  5 1.339E-04 3.849E+01
 6 1.250E-04 1.535E+01  7 8.799E-06 2.860E+01  8 7.931E-06 2.995E+01  9 5.301E-06 7.659E+01 10 1.058E-03 4.753E+00
11 7.799E-05 2.039E+01 12 1.887E-04 4.056E+00 13 5.239E-03 1.178E+00 15 1.907E-04 1.728E+01 16 1.587E-03 1.150E+00
17 1.557E-04 1.795E+01 19 3.827E-03 7.889E+00 20 2.100E-03 9.107E+00 23 7.123E-04 2.207E+00 24 3.684E-03 2.873E-01
26 5.673E-03 5.732E-01 27 2.692E-03 7.265E-01
148  23
 1 2.256E-04 4.190E+01  2 8.141E-05 9.415E+00  3 6.614E-04 6.157E+00  4 2.674E-04 6.670E+01  5 6.523E-05 6.553E+01
 6 9.766E-05 1.655E+01  7 8.930E-06 5.127E+01  8 7.452E-06 4.233E+01  9 1.811E-06 1.000E+02 10 9.881E-04 5.358E+00
11 4.722E-05 2.251E+01 12 1.764E-04 5.996E+00 13 4.626E-03 1.477E+00 15 1.806E-04 2.055E+01 16 1.580E-03 7.833E-01
17 1.448E-04 1.389E+01 19 3.518E-03 9.618E+00 20 2.092E-03 7.434E+00 22 1.277E-07 1.000E+02 23 7.611E-04 2.228E+00
24 3.679E-03 2.912E-01 26 6.032E-03 4.813E-01 27 2.918E-03 5.574E-01
149  22
 1 1.921E-04 3.553E+01  2 1.078E-04 8.736E+00  3 5.149E-04 8.914E+00  4 2.970E-04 5.190E+01  5 2.762E-05 6.493E+01
 6 1.158E-04 1.410E+01  7 4.558E-06 3.054E+01  8 6.668E-06 7.427E+01  9 2.363E-07 1.000E+02 10 8.687E-04 5.213E+00
11 4.787E-05 2.172E+01 12 1.425E-04 5.669E+00 13 4.314E-03 1.072E+00 15 1.261E-04 2.134E+01 16 1.614E-03 1.207E+00
17 1.024E-04 1.595E+01 19 3.230E-03 1.003E+01 20 3.045E-03 1.057E+01 23 8.666E-04 1.956E+00 24 3.666E-03 3.017E-01
26 5.955E-03 5.002E-01 27 2.882E-03 5.067E-01
150  24
 1 2.628E-04 3.436E+01  2 1.245E-04 8.141E+00  3 4.863E-04 7.112E+00  4 4.550E-04 4.678E+01  5 3.854E-05 6.968E+01
 6 1.058E-04 1.656E+01  7 7.321E-06 2.508E+01  8 7.525E-06 3.749E+01  9 1.466E-06 1.000E+02 10 8.022E-04 6.168E+00
11 6.641E-05 1.869E+01 12 1.682E-04 7.013E+00 13 4.328E-03 1.268E+00 15 1.204E-04 2.657E+01 16 1.629E-03 1.019E+00
17 1.447E-04 1.627E+01 19 2.234E-03 1.155E+01 20 3.174E-03 8.818E+00 21 2.425E-06 1.000E+02 23 1.039E-03 1.516E+00
24 3.521E-03 3.161E-01 25 6.129E-09 1.000E+02 26 4.314E-03 4.956E-01 27 1.738E-03 6.210E-01
151  23
 1 8.775E-05 3.606E+01  2 1.544E-04 9.819E+00  3 5.268E-04 7.884E+00  4 3.381E-04 5.496E+01  5 3.018E-06 1.000E+02
 6 6.065E-05 2.392E+01  7 5.301E-06 3.720E+01  8 7.390E-06 4.439E+01  9 7.684E-08 1.000E+02 10 7.019E-04 5.565E+00
11 3.026E-05 2.683E+01 12 1.590E-04 6.406E+00 13 3.839E-03 1.454E+00 15 1.294E-04 2.734E+01 16 1.652E-03 1.050E+00
17 1.278E-04 2.172E+01 19 2.582E-03 1.160E+01 20 3.557E-03 1.115E+01 22 1.015E-05 1.000E+02 23 1.189E-03 1.548E+00
24 3.480E-03 3.077E-01 26 4.213E-03 5.417E-01 27 1.679E-03 7.145E-01
152  23
 1 1.421E-04 5.281E+01  2 1.703E-04 9.311E+00  3 4.246E-04 6.347E+00  4 1.767E-04 5.156E+01  5 6.282E-05 5.652E+01
 6 6.835E-05 1.891E+01  7 3.352E-06 4.699E+01  8 3.322E-06 5.920E+01  9 4.077E-06 5.746E+01 10 6.391E-04 4.784E+00
11 3.804E-05 2.456E+01 12 1.199E-04 6.796E+00 13 3.305E-03 1.674E+00 15 9.223E-05 2.549E+01 16 1.656E-03 9.845E-01
17 1.420E-04 1.718E+01 19 2.458E-03 9.691E+00 20 3.675E-03 9.190E+00 23 1.260E-03 1.280E+00 24 3.476E-03 2.796E-01
25 3.479E-10 1.000E+02 26 4.575E-03 4.929E-01 27 1.916E-03 5.944E-01
153  23
 1 1.177E-04 7.144E+01  2 1.719E-04 7.902E+00  3 4.746E-04 9.245E+00  4 2.987E-04 4.991E+01  5 4.258E-05 6.570E+01
 6 5.777E-05 2.333E+01  7 4.380E-06 2.449E+01  8 2.476E-06 6.916E+01  9 2.867E-06 8.208E+01 10 5.970E-04 5.529E+00
11 3.541E-05 1.871E+01 12 1.280E-04 6.917E+00 13 2.862E-03 1.415E+00 15 8.408E-05 2.486E+01 16 1.619E-03 1.267E+00
17 6.481E-05 2.160E+01 19 1.886E-03 1.357E+01 20 3.422E-03 8.328E+00 21 2.284E-06 1.000E+02 23 1.344E-03 1.827E+00
24 3.514E-03 3.241E-01 26 5.877E-03 5.221E-01 27 2.800E-03 5.347E-01
154  22
 1 4.617E-05 7.859E+01  2 1.949E-04 7.167E+00  3 2.903E-04 7.553E+00  4 2.030E-04 4.840E+01  5 8.655E-05 6.623E+01
 6 8.676E-05 2.425E+01  7 3.233E-06 3.269E+01  8 7.153E-06 5.295E+01  9 3.689E-06 1.000E+02 10 5.262E-04 4.354E+00
11 3.337E-05 2.555E+01 12 9.373E-05 4.096E+00 13 2.397E-03 1.753E+00 15 1.173E-04 2.814E+01 16 1.692E-03 8.478E-01
17 8.872E-05 2.060E+01 19 1.759E-03 1.082E+01 20 3.814E-03 6.684E+00 23 1.566E-03 1.723E+00 24 3.463E-03 2.856E-01
26 5.910E-03 4.175E-01 27 2.796E-03 5.056E-01
155  22
 1 7.850E-05 6.266E+01  2 2.016E-04 5.647E+00  3 2.848E-04 7.476E+00  4 3.351E-04 4.044E+01  5 3.758E-05 8.853E+01
 6 6.901E-05 2.372E+01  7 3.792E-06 6.188E+01  8 1.484E-07 8.597E+01 10 5.587E-04 7.133E+00 11 1.714E-05 2.884E+01
12 9.210E-05 8.209E+00 13 2.096E-03 1.667E+00 14 1.489E-06 1.000E+02 15 6.855E-05 2.145E+01 16 1.709E-03 8.968E-01
17 5.398E-05 1.743E+01 19 1.596E-03 1.504E+01 20 5.274E-03 6.238E+00 23 1.800E-03 1.136E+00 24 3.319E-03 2.845E-01
26 4.992E-03 5.168E-01 27 2.225E-03 5.637E-01
156  22
 1 5.804E-05 4.809E+01  2 2.651E-04 5.365E+00  3 2.682E-04 7.880E+00  4 1.187E-04 6.692E+01  5 1.495E-05 1.000E+02
 6 5.736E-05 2.415E+01  7 5.046E-06 5.101E+01  8 3.877E-06 9.188E+01  9 7.538E-07 1.000E+02 10 4.516E-04 4.960E+00
11 2.072E-05 3.865E+01 12 7.509E-05 8.792E+00 13 1.884E-03 1.825E+00 15 8.687E-05 2.199E+01 16 1.734E-03 8.219E-01
17 8.924E-05 2.553E+01 19 1.315E-03 1.474E+01 20 6.663E-03 7.548E+00 23 2.101E-03 1.293E+00 24 3.208E-03 2.977E-01
26 4.603E-03 5.602E-01 27 1.730E-03 8.263E-01
157  23
 1 9.014E-05 4.657E+01  2 2.716E-04 5.058E+00  3 2.601E-04 9.378E+00  4 1.956E-04 6.786E+01  5 8.080E-05 7.095E+01
 6 4.355E-05 2.870E+01  7 2.029E-06 3.789E+01  8 5.025E-06 4.260E+01  9 1.491E-06 1.000E+02 10 3.611E-04 6.873E+00
11 1.712E-05 3.267E+01 12 6.735E-05 9.575E+00 13 1.625E-03 1.915E+00 15 6.803E-05 2.664E+01 16 1.807E-03 1.218E+00
17 4.497E-05 2.345E+01 19 1.232E-03 1.347E+01 20 7.136E-03 8.019E+00 22 6.163E-08 1.000E+02 23 2.419E-03 1.188E+00
24 3.125E-03 3.074E-01 26 4.801E-03 4.511E-01 27 1.781E-03 6.894E-01
158  21
 1 8.608E-05 4.350E+01  2 3.670E-04 5.406E+00  3 2.602E-04 8.779E+00  4 6.350E-04 4.119E+01  6 5.765E-05 2.960E+01
 7 1.587E-06 4.136E+01  8 1.341E-06 1.000E+02 10 3.395E-04 8.273E+00 11 3.787E-05 1.984E+01 12 7.901E-05 1.101E+01
13 1.438E-03 1.958E+00 15 7.703E-05 3.601E+01 16 1.854E-03 1.224E+00 17 6.683E-05 2.421E+01 19 1.217E-03 1.897E+01
20 8.043E-03 6.310E+00 23 2.815E-03 9.890E-01 24 2.946E-03 3.054E-01 25 6.245E-08 1.000E+02 26 4.288E-03 5.361E-01
27 1.584E-03 7.127E-01
159  22
 1 5.117E-05 5.406E+01  2 4.214E-04 3.915E+00  3 2.024E-04 1.263E+01  4 5.210E-04 4.492E+01  5 4.578E-05 6.520E+01
 6 3.029E-05 2.984E+01  7 1.249E-06 6.005E+01  8 2.193E-06 6.319E+01 10 3.346E-04 9.227E+00 11 1.124E-05 4.148E+01
12 7.440E-05 9.095E+00 13 1.339E-03 2.894E+00 15 5.599E-05 3.138E+01 16 2.060E-03 9.740E-01 17 5.148E-05 3.049E+01
19 5.747E-04 1.919E+01 20 9.816E-03 5.678E+00 23 3.462E-03 1.056E+00 24 2.633E-03 3.777E-01 25 3.566E-10 1.000E+02
26 2.517E-03 7.685E-01 27 1.063E-03 1.148E+00
160  20
 1 1.039E-05 5.034E+01  2 4.488E-04 3.909E+00  3 2.003E-04 1.142E+01  4 1.052E-03 3.105E+01  6 2.860E-05 2.531E+01
 7 2.289E-06 5.937E+01  8 3.700E-06 6.165E+01 10 2.937E-04 8.855E+00 11 1.653E-05 4.351E+01 12 6.136E-05 1.112E+01
13 1.222E-03 2.498E+00 15 3.998E-05 3.338E+01 16 6.856E-03 5.825E-01 17 3.791E-05 2.709E+01 19 1.017E-03 2.220E+01
20 1.212E-02 3.912E+00 23 4.207E-03 7.750E-01 24 2.402E-03 3.865E-01 26 2.325E-03 8.295E-01 27 9.914E-04 1.067E+00
161  23
 1 5.280E-05 5.457E+01  2 2.911E-04 4.177E+00  3 1.075E-04 1.051E+01  4 3.969E-04 2.523E+01  5 2.512E-05 6.911E+01
 6 2.846E-05 2.780E+01  7 2.468E-06 3.939E+01  8 2.536E-06 5.121E+01 10 2.307E-04 6.922E+00 11 8.300E-06 3.263E+01
12 5.040E-05 9.000E+00 13 9.636E-04 2.319E+00 15 3.167E-05 2.605E+01 16 1.358E-03 7.391E-01 17 2.210E-05 2.606E+01
19 1.016E-03 9.572E+00 20 4.061E-02 1.892E+00 22 7.460E-06 1.000E+02 23 1.115E-02 2.842E-01 24 8.884E-04 5.094E-01
25 9.161E-11 1.000E+02 26 2.067E-03 7.077E-01 27 8.461E-04 8.977E-01
162  21
 1 4.362E-05 7.143E+01  2 3.286E-04 4.975E+00  3 1.048E-04 1.355E+01  4 2.329E-04 4.748E+01  5 4.833E-06 7.732E+01
 6 2.543E-05 2.888E+01  7 1.437E-06 3.480E+01  8 4.763E-07 6.517E+01 10 1.904E-04 4.920E+00 11 7.909E-06 4.140E+01
12 4.844E-05 9.720E+00 13 8.422E-04 2.932E+00 15 4.853E-05 2.431E+01 16 1.366E-03 1.065E+00 17 5.151E-05 2.713E+01
19 7.113E-04 1.231E+01 20 6.173E-02 1.681E+00 23 1.210E-02 3.504E-01 24 7.590E-04 5.371E-01 26 2.098E-03 7.223E-01
27 8.214E-04 6.570E-01
163  21
 1 5.542E-05 5.607E+01  2 3.690E-04 4.016E+00  3 8.729E-05 1.028E+01  4 1.469E-04 5.732E+01  6 1.633E-05 3.284E+01
 7 2.831E-07 4.926E+01  8 1.459E-06 7.526E+01 10 1.555E-04 9.504E+00 11 1.009E-05 3.638E+01 12 3.252E-05 1.312E+01
13 7.344E-04 2.312E+00 15 9.002E-06 4.735E+01 16 1.368E-03 8.558E-01 17 3.690E-05 3.471E+01 19 8.042E-04 1.589E+01
20 7.590E-02 2.253E+00 23 1.269E-02 3.615E-01 24 6.518E-04 5.609E-01 25 1.176E-10 1.000E+02 26 2.129E-03 6.401E-01
27 7.955E-04 7.127E-01
164  22
 1 3.528E-05 4.449E+01  2 4.218E-04 3.151E+00  3 9.061E-05 1.080E+01  4 4.449E-04 3.691E+01  6 1.359E-05 4.728E+01
 7 2.935E-06 4.101E+01  8 9.434E-07 7.063E+01  9 1.200E-06 7.857E+01 10 1.604E-04 8.318E+00 11 4.743E-06 7.765E+01
12 3.082E-05 9.459E+00 13 6.624E-04 2.075E+00 15 2.532E-05 3.823E+01 16 1.410E-03 8.562E-01 17 3.364E-05 2.591E+01
19 5.591E-04 1.867E+01 20 7.807E-02 1.677E+00 22 5.171E-07 1.000E+02 23 1.310E-02 3.216E-01 24 5.670E-04 6.416E-01
26 2.136E-03 4.916E-01 27 7.708E-04 6.188E-01
165  23
 1 3.831E-05 8.210E+01  2 4.644E-04 3.408E+00  3 6.858E-05 1.383E+01  4 2.786E-04 5.052E+01  5 1.394E-07 1.000E+02
 6 1.174E-05 4.186E+01  7 1.593E-06 4.874E+01  8 2.064E-06 8.343E+01  9 1.262E-06 1.000E+02 10 1.227E-04 9.825E+00
11 6.707E-06 3.956E+01 12 2.759E-05 1.061E+01 13 5.737E-04 2.559E+00 15 7.983E-06 3.820E+01 16 1.384E-03 1.007E+00
17 2.956E-05 3.396E+01 19 4.846E-04 1.910E+01 20 7.325E-02 1.478E+00 22 9.794E-07 1.000E+02 23 1.356E-02 3.014E-01
24 4.963E-04 5.760E-01 26 2.208E-03 5.774E-01 27 7.698E-04 7.082E-01
166  21
 1 2.147E-05 9.556E+01  2 5.825E-04 3.344E+00  3 5.642E-05 1.316E+01  4 2.221E-04 4.302E+01  5 3.556E-07 1.000E+02
 6 1.443E-05 4.658E+01  7 5.548E-07 7.210E+01  8 4.615E-09 1.000E+02 10 1.228E-04 1.400E+01 11 4.008E-06 4.974E+01
12 2.922E-05 1.391E+01 13 5.300E-04 2.428E+00 15 7.407E-06 4.935E+01 16 1.361E-03 9.775E-01 17 1.579E-05 3.361E+01
19 5.091E-04 2.191E+01 20 6.508E-02 1.700E+00 23 1.401E-02 3.004E-01 24 4.374E-04 7.692E-01 26 2.284E-03 5.521E-01
27 7.703E-04 7.501E-01
167  20
 1 5.608E-07 1.000E+02  2 5.939E-04 2.627E+00  3 5.943E-05 1.391E+01  4 2.267E-04 4.390E+01  6 1.850E-05 3.641E+01
 7 4.117E-07 8.862E+01  8 9.797E-08 6.084E+01 10 1.069E-04 1.145E+01 11 1.925E-06 6.603E+01 12 2.174E-05 1.479E+01
13 4.540E-04 3.298E+00 15 9.785E-06 3.961E+01 16 1.375E-03 1.051E+00 17 2.214E-05 2.890E+01 19 3.361E-04 1.985E+01
20 5.835E-02 1.676E+00 23 1.440E-02 2.969E-01 24 3.894E-04 6.667E-01 26 2.388E-03 4.939E-01 27 7.777E-04 6.684E-01
168  22
 1 4.293E-05 6.920E+01  2 6.825E-04 3.202E+00  3 4.636E-05 1.371E+01  4 3.773E-04 4.758E+01  5 3.817E-07 1.000E+02
 6 5.291E-06 5.574E+01  7 4.044E-07 1.000E+02  8 1.182E-06 1.000E+02 10 8.958E-05 1.044E+01 11 3.634E-06 5.260E+01
12 2.416E-05 9.975E+00 13 4.431E-04 3.370E+00 15 1.900E-05 3.796E+01 16 2.237E-03 7.822E-01 17 2.095E-05 3.993E+01
19 4.273E-04 1.870E+01 20 4.868E-02 1.986E+00 22 2.186E-06 1.000E+02 23 1.498E-02 3.044E-01 24 3.598E-04 7.077E-01
26 2.565E-03 6.690E-01 27 7.956E-04 8.177E-01
169  20
 2 7.348E-04 2.070E+00  3 6.762E-05 1.372E+01  4 4.354E-04 3.572E+01  5 8.654E-06 1.000E+02  6 1.121E-05 3.933E+01
 7 1.423E-06 3.775E+01  8 7.601E-07 1.000E+02 10 1.097E-04 1.424E+01 11 6.749E-06 5.970E+01 12 2.259E-05 9.480E+00
13 3.805E-04 4.197E+00 15 1.603E-05 3.042E+01 16 1.477E-03 1.053E+00 17 2.237E-05 2.447E+01 19 4.447E-04 2.126E+01
20 2.768E-02 2.900E+00 23 1.665E-02 3.236E-01 24 3.251E-04 8.217E-01 26 4.209E-03 4.752E-01 27 1.140E-03 6.081E-01
170  19
 1 1.655E-07 1.000E+02  2 8.376E-04 2.593E+00  3 6.934E-05 1.331E+01  4 6.411E-04 3.434E+01  6 5.083E-06 5.945E+01
 7 4.827E-07 5.839E+01 10 8.640E-05 6.823E+00 11 6.278E-06 4.752E+01 12 1.746E-05 1.561E+01 13 3.539E-04 3.091E+00
15 1.717E-05 3.260E+01 16 1.385E-03 1.069E+00 17 1.725E-05 3.390E+01 19 2.531E-04 2.317E+01 20 2.104E-02 4.113E+00
23 1.714E-02 3.239E-01 24 2.836E-04 8.997E-01 26 4.397E-03 3.865E-01 27 1.159E-03 4.657E-01
171  21
 1 7.251E-06 1.000E+02  2 9.672E-04 2.909E+00  3 6.848E-05 1.282E+01  4 7.295E-04 2.257E+01  5 1.630E-05 9.834E+01
 6 8.222E-06 4.504E+01  7 5.767E-07 6.658E+01  8 1.550E-06 8.837E+01 10 6.479E-05 1.219E+01 11 2.977E-06 4.063E+01
12 1.944E-05 1.375E+01 13 3.049E-04 3.091E+00 15 1.370E-05 5.086E+01 16 1.352E-03 8.432E-01 17 1.905E-05 3.979E+01
19 2.752E-04 2.225E+01 20 1.206E-02 4.413E+00 23 1.745E-02 3.342E-01 24 2.471E-04 1.148E+00 26 4.550E-03 4.610E-01
27 1.190E-03 5.392E-01
172  21
 1 2.813E-06 9.511E+01  2 1.075E-03 1.758E+00  3 5.773E-05 1.456E+01  4 6.653E-04 2.564E+01  5 2.112E-05 1.000E+02
 6 1.053E-05 4.363E+01  7 2.223E-07 9.949E+01  8 2.646E-07 1.000E+02 10 5.445E-05 9.901E+00 11 5.243E-06 7.576E+01
12 1.739E-05 9.356E+00 13 2.532E-04 3.069E+00 15 1.298E-05 4.213E+01 16 1.351E-03 1.043E+00 17 1.427E-05 5.585E+01
19 2.316E-04 2.008E+01 20 9.660E-03 3.065E+00 23 1.768E-02 3.343E-01 24 2.174E-04 9.551E-01 26 4.635E-03 4.866E-01
27 1.196E-03 5.340E-01
173  20
 1 3.777E-06 7.470E+01  2 1.258E-03 2.154E+00  3 4.384E-05 1.785E+01  4 1.097E-03 2.495E+01  6 7.773E-06 4.973E+01
 7 6.482E-07 9.794E+01  8 3.342E-07 8.080E+01 10 5.748E-05 1.178E+01 11 3.298E-06 5.217E+01 12 1.158E-05 1.586E+01
13 2.327E-04 4.052E+00 15 5.967E-06 9.285E+01 16 1.330E-03 1.055E+00 17 7.991E-06 4.307E+01 19 1.804E-04 2.512E+01
20 7.914E-03 3.471E+00 23 1.789E-02 3.478E-01 24 1.926E-04 1.150E+00 26 4.707E-03 4.074E-01 27 1.199E-03 4.208E-01
174  22
 1 4.327E-07 1.000E+02  2 1.421E-03 1.990E+00  3 4.680E-05 1.460E+01  4 9.534E-04 2.232E+01  5 8.160E-07 1.000E+02
 6 5.554E-06 5.436E+01  7 1.148E-07 8.083E+01  8 2.245E-08 1.000E+02  9 3.513E-07 1.000E+02 10 4.483E-05 1.195E+01
11 1.009E-06 6.701E+01 12 1.314E-05 2.249E+01 13 2.195E-04 3.173E+00 15 9.445E-06 5.128E+01 16 1.312E-03 8.732E-01
17 1.181E-05 4.108E+01 19 2.017E-04 3.100E+01 20 7.357E-03 4.171E+00 23 1.807E-02 3.057E-01 24 1.789E-04 1.225E+00
26 4.770E-03 3.769E-01 27 1.205E-03 4.222E-01
175  21
 1 2.241E-05 6.496E+01  2 1.651E-03 2.295E+00  3 2.741E-05 2.181E+01  4 1.266E-03 2.068E+01  6 1.266E-05 3.882E+01
 7 1.211E-06 7.351E+01  8 1.768E-06 8.761E+01 10 3.273E-05 1.336E+01 11 1.052E-06 5.336E+01 12 1.054E-05 2.115E+01
13 1.797E-04 5.634E+00 15 5.928E-06 4.511E+01 16 1.308E-03 1.085E+00 17 3.649E-06 5.480E+01 19 2.300E-04 2.892E+01
20 6.495E-03 5.318E+00 23 1.811E-02 2.898E-01 24 1.532E-04 1.251E+00 25 2.021E-08 1.000E+02 26 4.795E-03 3.572E-01
27 1.199E-03 3.998E-01
176  18
 2 1.877E-03 2.165E+00  3 3.337E-05 1.562E+01  4 1.682E-03 2.139E+01  6 3.674E-06 6.494E+01  7 3.325E-08 1.000E+02
10 3.254E-05 1.346E+01 11 2.432E-06 6.315E+01 12 9.408E-06 2.072E+01 13 1.614E-04 2.782E+00 15 1.794E-06 5.462E+01
16 1.314E-03 6.910E-01 17 1.589E-05 4.368E+01 19 1.131E-04 3.059E+01 20 5.676E-03 6.413E+00 23 1.827E-02 3.342E-01
24 1.423E-04 1.405E+00 26 4.860E-03 3.760E-01 27 1.209E-03 4.554E-01
177  17
 2 2.164E-03 1.726E+00  3 3.892E-05 2.026E+01  4 1.997E-03 1.801E+01  6 5.308E-06 8.124E+01 10 3.520E-05 2.229E+01
11 2.170E-06 5.747E+01 12 9.580E-06 2.198E+01 13 1.500E-04 4.266E+00 15 7.995E-07 3.834E+01 16 1.280E-03 1.012E+00
17 5.328E-06 6.135E+01 19 1.653E-04 3.664E+01 20 4.429E-03 6.027E+00 23 1.829E-02 2.864E-01 24 1.232E-04 1.341E+00
26 4.908E-03 4.404E-01 27 1.210E-03 5.020E-01
178  21
 1 7.672E-07 1.000E+02  2 2.427E-03 1.633E+00  3 2.753E-05 1.894E+01  4 2.281E-03 1.362E+01  5 2.312E-06 1.000E+02
 6 9.032E-06 5.640E+01  7 1.375E-07 1.000E+02  9 2.645E-08 1.000E+02 10 2.696E-05 1.341E+01 11 4.845E-07 7.353E+01
12 9.647E-06 1.738E+01 13 1.408E-04 4.580E+00 15 6.999E-07 7.418E+01 16 1.299E-03 1.284E+00 17 1.189E-05 4.070E+01
19 1.078E-04 3.208E+01 20 4.208E-03 5.577E+00 23 1.847E-02 3.194E-01 24 1.118E-04 1.202E+00 26 4.962E-03 4.610E-01
27 1.211E-03 4.936E-01
179  18
 1 3.738E-06 9.322E+01  2 2.854E-03 1.254E+00  3 2.297E-05 2.560E+01  4 2.138E-03 1.490E+01  6 4.247E-06 8.125E+01
10 3.029E-05 1.972E+01 11 1.382E-06 9.957E+01 12 5.880E-06 2.298E+01 13 1.159E-04 7.014E+00 15 8.682E-06 5.369E+01
16 1.288E-03 1.181E+00 17 6.626E-06 4.797E+01 19 9.468E-05 2.896E+01 20 3.599E-03 6.191E+00 23 1.857E-02 3.055E-01
24 1.026E-04 1.321E+00 26 5.033E-03 4.301E-01 27 1.215E-03 4.888E-01
180  19
 2 3.397E-03 1.596E+00  3 2.685E-05 2.160E+01  4 3.286E-03 1.086E+01  6 9.383E-06 4.111E+01  7 1.530E-08 1.000E+02
 9 3.607E-08 1.000E+02 10 3.108E-05 1.773E+01 11 2.696E-06 4.657E+01 12 7.661E-06 1.959E+01 13 9.304E-05 5.655E+00
15 5.692E-06 6.022E+01 16 1.265E-03 6.800E-01 17 7.356E-06 5.074E+01 19 9.727E-05 3.431E+01 20 2.684E-03 6.599E+00
23 1.866E-02 3.096E-01 24 8.975E-05 1.434E+00 26 5.126E-03 4.827E-01 27 1.222E-03 5.633E-01
181  20
 2 3.976E-03 1.161E+00  3 2.263E-05 2.116E+01  4 4.406E-03 1.390E+01  6 3.362E-06 9.014E+01  7 7.325E-08 1.000E+02
 9 5.089E-07 1.000E+02 10 2.503E-05 2.385E+01 11 2.580E-06 5.573E+01 12 4.885E-06 2.885E+01 13 1.095E-04 7.105E+00
15 2.649E-06 9.527E+01 16 1.273E-03 9.635E-01 17 4.166E-06 6.837E+01 19 1.877E-05 8.083E+01 20 2.405E-03 5.839E+00
23 1.875E-02 3.084E-01 24 8.247E-05 1.747E+00 25 3.448E-08 1.000E+02 26 5.246E-03 4.278E-01 27 1.236E-03 5.206E-01
182  19
 1 1.474E-07 1.000E+02  2 4.679E-03 1.206E+00  3 2.592E-05 2.326E+01  4 4.382E-03 1.225E+01  6 5.013E-06 6.316E+01
 7 3.922E-07 5.849E+01  8 4.205E-07 1.000E+02 10 2.474E-05 2.555E+01 12 4.147E-06 2.534E+01 13 8.831E-05 4.957E+00
15 5.187E-06 6.855E+01 16 1.248E-03 1.134E+00 17 5.568E-06 5.022E+01 19 4.699E-05 3.302E+01 20 2.224E-03 8.570E+00
23 1.895E-02 3.139E-01 24 7.307E-05 1.676E+00 26 5.434E-03 4.210E-01 27 1.191E-03 4.708E-01
183  19
 2 5.645E-03 9.162E-01  3 2.184E-05 2.955E+01  4 7.030E-03 9.596E+00  6 3.648E-06 6.078E+01  7 8.960E-09 1.000E+02
 8 1.038E-07 1.000E+02 10 1.666E-05 3.288E+01 11 1.612E-08 6.888E+01 12 5.898E-06 2.968E+01 13 7.994E-05 7.368E+00
15 3.367E-07 1.000E+02 16 1.233E-03 9.413E-01 17 1.210E-05 5.126E+01 19 3.472E-05 5.425E+01 20 1.827E-03 6.662E+00
23 1.901E-02 3.233E-01 24 6.701E-05 2.159E+00 26 5.787E-03 4.298E-01 27 1.255E-03 4.773E-01
184  18
 2 7.681E-03 1.179E+00  3 2.337E-05 1.932E+01  4 8.116E-03 9.589E+00  5 1.441E-06 1.000E+02  6 3.614E-07 8.765E+01
10 1.410E-05 2.436E+01 11 2.771E-06 1.000E+02 12 2.992E-06 4.551E+01 13 6.132E-05 6.626E+00 15 6.195E-06 7.129E+01
16 1.241E-03 8.033E-01 17 4.316E-06 4.606E+01 19 1.208E-04 6.890E+01 20 1.436E-03 8.407E+00 23 1.935E-02 3.035E-01
24 5.990E-05 2.116E+00 26 6.079E-03 3.389E-01 27 1.308E-03 3.646E-01
185  19
 2 1.009E-02 9.624E-01  3 1.272E-05 3.388E+01  4 1.302E-02 5.658E+00  6 5.487E-06 7.748E+01  7 8.529E-07 9.968E+01
10 1.563E-05 2.469E+01 11 1.183E-07 1.000E+02 12 3.478E-06 3.581E+01 13 6.680E-05 7.115E+00 15 5.201E-07 1.000E+02
16 1.225E-03 1.063E+00 17 7.998E-06 5.685E+01 19 1.502E-05 5.237E+01 20 1.199E-03 1.147E+01 23 1.954E-02 2.917E-01
24 5.318E-05 2.264E+00 25 1.893E-10 1.000E+02 26 6.306E-03 3.483E-01 27 1.346E-03 3.856E-01
186  19
 2 1.260E-02 6.473E-01  3 8.791E-06 3.079E+01  4 1.167E-01 2.946E+00  5 3.726E-06 1.000E+02  6 1.442E-06 7.082E+01
 7 2.777E-08 1.000E+02 10 1.615E-05 2.208E+01 11 4.677E-08 1.000E+02 12 1.664E-06 3.246E+01 13 6.637E-05 6.316E+00
15 7.368E-07 8.794E+01 16 1.122E-03 9.750E-01 17 2.644E-06 4.814E+01 19 8.886E-06 9.353E+01 20 9.986E-04 8.564E+00
23 1.949E-02 3.029E-01 24 4.752E-05 2.178E+00 26 6.305E-03 3.183E-01 27 1.337E-03 3.209E-01
187  18
 1 3.322E-06 1.000E+02  2 1.550E-02 6.377E-01  3 1.271E-05 2.251E+01  4 1.176E-01 2.324E+00  6 1.699E-06 8.792E+01
10 6.275E-06 3.515E+01 11 4.050E-06 7.418E+01 12 2.880E-06 2.767E+01 13 4.710E-05 9.373E+00 15 6.268E-08 1.000E+02
16 1.147E-03 1.245E+00 17 4.485E-07 9.530E+01 19 1.618E-05 7.982E+01 20 1.059E-03 1.215E+01 23 1.945E-02 3.109E-01
24 4.350E-05 2.650E+00 26 6.192E-03 3.636E-01 27 1.297E-03 3.711E-01
188  18
 2 1.852E-02 5.148E-01  3 1.670E-05 2.697E+01  4 1.202E-01 2.205E+00  6 6.643E-06 5.606E+01  7 8.597E-07 7.737E+01
10 2.095E-05 3.380E+01 11 1.354E-06 1.000E+02 12 2.873E-06 2.595E+01 13 4.481E-05 8.833E+00 15 3.895E-06 1.000E+02
16 1.131E-03 1.058E+00 17 3.173E-06 1.000E+02 19 2.924E-05 6.326E+01 20 8.865E-04 1.252E+01 23 1.928E-02 3.208E-01
24 3.908E-05 2.577E+00 26 5.967E-03 4.153E-01 27 1.237E-03 4.222E-01
189  17
 2 2.125E-02 6.159E-01  3 1.404E-05 2.551E+01  4 1.116E-01 2.900E+00  7 2.928E-08 1.000E+02  8 1.209E-06 1.000E+02
10 1.147E-05 3.706E+01 11 2.325E-07 1.000E+02 12 2.480E-06 2.893E+01 13 3.867E-05 9.094E+00 16 1.147E-03 1.215E+00
17 3.591E-06 7.058E+01 19 1.183E-05 7.719E+01 20 6.053E-04 1.297E+01 23 1.909E-02 3.430E-01 24 3.636E-05 2.069E+00
26 5.747E-03 4.029E-01 27 1.181E-03 4.217E-01
190  17
 2 2.396E-02 4.634E-01  3 1.162E-05 4.018E+01  4 1.522E-02 7.135E+00  6 7.407E-07 1.000E+02 10 5.589E-06 3.085E+01
11 4.976E-08 1.000E+02 12 2.376E-06 4.841E+01 13 3.445E-05 8.900E+00 15 1.831E-06 1.000E+02 16 1.194E-03 9.124E-01
17 3.338E-07 9.665E+01 19 4.407E-05 5.508E+01 20 5.089E-04 1.534E+01 23 1.906E-02 3.094E-01 24 3.397E-05 2.349E+00
26 5.600E-03 4.166E-01 27 1.145E-03 4.226E-01
191  16
 2 2.565E-02 5.291E-01  3 5.661E-06 3.240E+01  4 9.632E-03 6.005E+00 10 7.130E-06 3.158E+01 11 4.266E-08 1.000E+02
12 3.585E-06 3.337E+01 13 4.239E-05 1.117E+01 15 5.738E-06 6.778E+01 16 1.187E-03 1.071E+00 17 1.777E-07 8.119E+01
19 1.258E-06 1.000E+02 20 4.990E-04 1.933E+01 23 1.903E-02 3.005E-01 24 3.025E-05 2.378E+00 26 5.625E-03 3.189E-01
27 1.146E-03 3.427E-01
192  18
 1 1.366E-07 1.000E+02  2 2.701E-02 6.054E-01  3 2.855E-06 3.873E+01  4 6.936E-03 1.054E+01  6 2.473E-06 9.954E+01
10 8.403E-06 5.254E+01 11 1.655E-06 6.088E+01 12 2.108E-06 4.851E+01 13 3.578E-05 1.095E+01 15 2.740E-08 1.000E+02
16 1.181E-03 9.940E-01 17 3.080E-08 1.000E+02 19 1.559E-05 7.203E+01 20 4.805E-04 1.456E+01 23 1.891E-02 3.053E-01
24 2.774E-05 2.322E+00 26 5.591E-03 3.868E-01 27 1.138E-03 4.197E-01
193  18
 1 8.786E-06 9.778E+01  2 2.811E-02 4.911E-01  3 1.369E-05 3.089E+01  4 4.119E-03 1.265E+01  6 2.145E-06 8.533E+01
10 4.741E-06 3.944E+01 11 2.079E-07 1.000E+02 12 1.000E-06 4.867E+01 13 2.883E-05 9.472E+00 15 2.016E-07 8.632E+01
16 1.199E-03 1.001E+00 17 2.159E-06 6.735E+01 19 2.357E-05 7.404E+01 20 5.615E-04 1.328E+01 23 1.884E-02 3.147E-01
24 2.550E-05 2.745E+00 26 5.542E-03 3.422E-01 27 1.124E-03 3.882E-01
194  16
 2 2.823E-02 4.819E-01  3 1.428E-05 2.029E+01  4 4.068E-03 1.244E+01 10 5.699E-06 4.122E+01 11 2.081E-08 1.000E+02
12 2.003E-06 3.918E+01 13 2.831E-05 1.551E+01 15 2.234E-06 1.000E+02 16 1.170E-03 1.351E+00 17 1.693E-07 9.128E+01
19 6.332E-06 1.000E+02 20 3.362E-04 2.121E+01 23 1.870E-02 3.364E-01 24 2.236E-05 2.611E+00 26 5.536E-03 4.069E-01
27 1.123E-03 4.271E-01
195  16
 2 2.828E-02 5.236E-01  3 8.337E-06 5.423E+01  4 3.101E-03 1.252E+01  7 1.393E-08 1.000E+02 10 7.854E-06 4.174E+01
11 5.969E-07 1.000E+02 12 1.320E-06 4.901E+01 13 1.942E-05 1.721E+01 16 1.191E-03 7.842E-01 17 3.293E-06 6.718E+01
19 1.907E-06 6.953E+01 20 5.020E-04 1.531E+01 23 1.863E-02 2.790E-01 24 2.080E-05 2.568E+00 26 5.538E-03 3.409E-01
27 1.124E-03 3.555E-01
196  14
 2 2.776E-02 5.172E-01  3 4.621E-06 3.644E+01  4 2.948E-03 1.971E+01  6 1.590E-06 7.000E+01 10 8.132E-06 3.798E+01
12 7.035E-07 8.294E+01 13 2.016E-05 1.183E+01 16 1.190E-03 8.862E-01 17 1.744E-06 7.101E+01 20 3.126E-04 2.190E+01
23 1.837E-02 3.332E-01 24 1.801E-05 3.990E+00 26 5.479E-03 4.754E-01 27 1.111E-03 5.221E-01
197  16
 2 2.689E-02 4.826E-01  3 8.593E-06 3.838E+01  4 1.414E-03 1.933E+01  6 2.905E-06 6.946E+01 10 1.545E-05 4.307E+01
11 8.472E-07 6.904E+01 12 3.520E-07 5.255E+01 13 1.966E-05 8.687E+00 15 1.930E-07 7.488E+01 16 1.196E-03 1.260E+00
17 1.121E-08 1.000E+02 20 3.776E-04 2.879E+01 23 1.805E-02 3.235E-01 24 1.600E-05 5.205E+00 26 5.439E-03 4.029E-01
27 1.103E-03 4.254E-01
198  15
 2 2.559E-02 5.934E-01  3 4.139E-06 4.445E+01  4 1.622E-03 1.450E+01  6 1.140E-07 1.000E+02 10 5.043E-06 3.705E+01
12 7.556E-07 5.565E+01 13 1.066E-05 1.614E+01 16 1.228E-03 1.191E+00 17 2.014E-06 1.000E+02 19 1.210E-05 7.552E+01
20 2.918E-04 2.113E+01 23 1.767E-02 3.051E-01 24 1.390E-05 4.402E+00 26 5.415E-03 3.926E-01 27 1.101E-03 4.193E-01
199  16
 2 2.410E-02 5.388E-01  3 4.078E-06 4.714E+01  4 1.761E-03 1.350E+01  6 1.009E-06 8.785E+01  7 8.733E-08 1.000E+02
10 2.023E-06 4.795E+01 12 9.566E-07 4.933E+01 13 1.108E-05 1.881E+01 15 6.003E-07 8.642E+01 16 1.211E-03 1.196E+00
19 3.030E-05 6.721E+01 20 1.261E-04 1.963E+01 23 1.717E-02 3.150E-01 24 1.148E-05 3.910E+00 26 5.353E-03 3.901E-01
27 1.090E-03 4.603E-01
200  15
 2 2.208E-02 4.035E-01  3 2.419E-06 4.245E+01  4 1.070E-03 2.174E+01 10 2.768E-06 4.540E+01 11 2.545E-07 1.000E+02
12 1.022E-07 9.426E+01 13 1.400E-05 1.734E+01 16 1.244E-03 7.914E-01 17 3.520E-08 1.000E+02 19 1.070E-05 7.860E+01
20 1.445E-04 2.375E+01 23 1.655E-02 2.873E-01 24 9.724E-06 5.731E+00 26 5.257E-03 3.986E-01 27 1.072E-03 4.327E-01
201  17
 2 1.990E-02 5.884E-01  3 1.565E-06 6.278E+01  4 9.886E-04 2.180E+01  6 3.151E-07 1.000E+02  7 2.227E-07 1.000E+02
 8 5.693E-07 1.000E+02 10 5.557E-06 4.407E+01 11 1.537E-06 1.000E+02 12 7.981E-07 4.765E+01 13 1.130E-05 1.422E+01
16 1.255E-03 9.189E-01 17 2.045E-06 1.000E+02 20 1.399E-04 2.976E+01 23 1.593E-02 3.455E-01 24 8.835E-06 5.796E+00
26 5.211E-03 3.715E-01 27 1.069E-03 3.848E-01
202  16
 2 1.718E-02 4.993E-01  3 2.164E-06 7.618E+01  4 7.520E-04 2.420E+01 10 1.818E-06 5.881E+01 11 6.006E-07 7.165E+01
12 1.231E-06 6.697E+01 13 7.250E-06 1.738E+01 15 1.430E-06 1.000E+02 16 1.296E-03 1.098E+00 17 1.330E-06 7.455E+01
19 6.200E-06 9.452E+01 20 8.769E-05 2.232E+01 23 1.509E-02 3.547E-01 24 7.116E-06 5.453E+00 26 5.103E-03 4.297E-01
27 1.049E-03 4.418E-01
203  14
 2 1.417E-02 6.094E-01  3 2.689E-06 6.183E+01  4 5.861E-04 2.468E+01 10 1.528E-06 6.918E+01 12 2.015E-08 9.582E+01
13 6.683E-06 2.209E+01 16 1.316E-03 9.557E-01 17 1.242E-07 1.000E+02 19 2.918E-06 1.000E+02 20 1.046E-04 2.768E+01
23 1.417E-02 3.545E-01 24 5.615E-06 6.917E+00 26 4.980E-03 4.241E-01 27 1.031E-03 4.555E-01
204  13
 2 1.099E-02 6.347E-01  3 5.725E-07 1.000E+02  4 5.047E-04 3.105E+01  7 2.711E-09 1.000E+02 10 7.749E-07 5.616E+01
12 6.109E-07 5.639E+01 13 5.567E-06 2.356E+01 16 1.333E-03 9.005E-01 20 1.477E-04 2.570E+01 23 1.302E-02 3.119E-01
24 4.596E-06 6.536E+00 26 4.761E-03 3.935E-01 27 9.937E-04 4.225E-01
205  14
 2 7.083E-03 6.519E-01  3 7.895E-07 9.773E+01  4 3.109E-04 2.912E+01  6 5.037E-07 1.000E+02 10 2.332E-06 5.439E+01
12 1.445E-07 9.237E+01 13 3.402E-06 2.055E+01 15 2.699E-06 9.285E+01 16 1.401E-03 8.877E-01 20 8.400E-05 3.218E+01
23 1.141E-02 2.961E-01 24 3.492E-06 7.229E+00 26 4.368E-03 3.266E-01 27 9.209E-04 3.454E-01
206  11
 2 4.200E-03 7.796E-01  4 3.776E-04 3.640E+01 10 3.627E-07 1.000E+02 12 3.458E-07 6.801E+01 13 2.678E-06 2.273E+01
16 1.437E-03 8.319E-01 20 3.558E-05 4.751E+01 23 9.361E-03 3.403E-01 24 2.414E-06 6.879E+00 26 3.612E-03 3.979E-01
27 7.660E-04 3.791E-01
207  14
 2 2.553E-03 6.826E-01  3 7.338E-08 8.728E+01  4 1.481E-04 3.755E+01  7 7.974E-08 1.000E+02 10 3.648E-09 1.000E+02
11 8.355E-08 1.000E+02 12 8.911E-08 6.587E+01 13 1.318E-06 3.115E+01 16 1.551E-03 6.403E-01 20 2.962E-05 5.234E+01
23 5.852E-03 3.914E-01 24 1.731E-06 6.660E+00 26 1.885E-03 5.761E-01 27 3.884E-04 6.250E-01
208  14
 2 9.243E-04 9.385E-01  3 1.386E-07 1.000E+02  4 5.491E-05 8.784E+01  6 1.644E-07 1.000E+02 10 5.542E-07 5.675E+01
13 3.979E-07 3.919E+01 15 5.363E-07 1.000E+02 16 1.354E-03 5.459E-01 17 1.708E-08 1.000E+02 20 2.771E-05 5.236E+01
23 1.890E-03 5.004E-01 24 4.559E-07 1.200E+01 26 3.398E-04 7.477E-01 27 6.327E-05 7.812E-01