
    ORGAN DOSE CONVERSION FACTORS FOR AN ADULT HERMAPHRODITE
    CALCULATED FOR A VARIETY OF CT SCANNERS AND CONDITIONS.
    VALUES ARE GIVEN FOR 208 5 MM SLICES SPANNING THE BODY
    FROM 100 MM BELOW THE BOTTOM OF THE TRUNK TO THE TOP OF THE HEAD.

                     ORGANS OR REGIONS
 1 ADRENALS              10 HEART                  19 THYMUS                   
 2 BRAIN                 11 KIDNEYS                20 THYROID                  
 3 BREASTS               12 LIVER                  21 URINARY BLADDER          
 4 EYE LENSES            13 LUNGS                  22 UTERUS                   
 5 GALL BLADDER          14 OVARIES                23 HEAD REGION              
 6 STOMACH               15 PANCREAS               24 TRUNK REGION             
 7 SMALL INTESTINE       16 SKIN                   25 LEG REGION               
 8 UPPER LARGE INTESTINE 17 SPLEEN                 26 SKELETON                 
 9 LOWER LARGE INTESTINE 18 TESTICLES              27 RED MARROW               

 14 PHILIPS TOMOSCAN 305N,310,350: SHAPED FILTER (ALUMINIUM)
    FOCUS TO AXIS DISTANCE IS 487 MM
    FAN ANGLE DOES NOT COVER FULL WIDTH OF TRUNK
    X-RAY SPECTRUM HAS MAXIMUM ENERGY OF 120 KEV
    INITIAL FILTRATION IS 3.5 MM OF ALUMINIUM AND 0.25 MM OF COPPER

    CONVERSION FACTORS AND STATISTICAL UNCERTAINTIES(%) FOR ORGANS IN EACH SLICE
  1  16
 6 3.205E-06 6.892E+01  7 3.560E-05 1.974E+01  8 3.419E-05 2.240E+01  9 5.581E-04 9.938E+00 11 3.890E-06 6.675E+01
12 2.791E-06 4.251E+01 14 1.310E-04 5.129E+01 15 8.285E-07 1.000E+02 16 2.218E-03 1.017E+00 18 2.913E-03 9.388E+00
21 3.967E-04 1.088E+01 22 1.354E-04 2.491E+01 24 1.333E-04 2.259E+00 25 7.356E-03 3.725E-01 26 4.216E-03 8.788E-01
27 4.283E-04 1.186E+00
  2  19
 5 3.956E-06 7.631E+01  6 2.657E-06 5.756E+01  7 4.121E-05 1.255E+01  8 4.152E-05 2.195E+01  9 6.415E-04 6.755E+00
11 3.133E-06 6.087E+01 12 1.271E-06 7.114E+01 13 7.875E-07 9.894E+01 14 1.650E-06 6.209E+01 15 5.439E-06 8.335E+01
16 2.182E-03 9.226E-01 17 7.539E-06 6.351E+01 18 2.996E-03 5.904E+00 21 5.872E-04 1.487E+01 22 2.008E-04 2.239E+01
24 1.505E-04 1.426E+00 25 7.386E-03 3.479E-01 26 4.244E-03 5.969E-01 27 4.514E-04 8.797E-01
  3  19
 5 5.482E-06 1.000E+02  6 5.649E-06 8.397E+01  7 4.439E-05 1.519E+01  8 3.250E-05 2.138E+01  9 7.425E-04 7.431E+00
10 4.807E-08 1.000E+02 11 2.547E-06 5.470E+01 12 1.082E-06 4.635E+01 14 1.148E-04 5.438E+01 15 1.020E-06 1.000E+02
16 2.205E-03 1.225E+00 17 4.795E-07 8.698E+01 18 3.197E-03 8.459E+00 21 4.727E-04 1.371E+01 22 2.037E-04 2.575E+01
24 1.631E-04 2.121E+00 25 7.426E-03 3.446E-01 26 4.264E-03 6.141E-01 27 4.662E-04 1.209E+00
  4  18
 3 4.452E-06 8.092E+01  5 1.514E-06 1.000E+02  6 2.927E-07 6.899E+01  7 6.239E-05 1.414E+01  8 4.278E-05 2.167E+01
 9 8.227E-04 5.493E+00 11 3.199E-06 9.309E+01 12 1.384E-06 5.758E+01 13 2.016E-08 1.000E+02 14 8.088E-05 6.035E+01
16 2.172E-03 8.389E-01 18 3.858E-03 8.049E+00 21 6.114E-04 1.391E+01 22 2.449E-04 1.533E+01 24 1.839E-04 1.624E+00
25 7.465E-03 3.064E-01 26 4.301E-03 6.024E-01 27 4.903E-04 1.031E+00
  5  20
 3 7.902E-06 1.000E+02  6 1.776E-06 9.448E+01  7 6.528E-05 1.593E+01  8 6.446E-05 2.491E+01  9 8.392E-04 6.500E+00
10 7.582E-08 1.000E+02 11 2.445E-06 6.625E+01 12 4.047E-06 3.709E+01 13 3.930E-07 8.623E+01 14 5.902E-05 5.954E+01
15 1.678E-06 8.071E+01 16 2.216E-03 7.060E-01 17 4.462E-06 1.000E+02 18 4.430E-03 7.440E+00 21 7.250E-04 1.271E+01
22 3.219E-04 1.645E+01 24 2.071E-04 1.585E+00 25 7.414E-03 3.068E-01 26 4.248E-03 5.763E-01 27 5.057E-04 1.178E+00
  6  20
 3 2.510E-06 5.653E+01  5 1.261E-05 6.965E+01  6 3.540E-06 5.429E+01  7 6.332E-05 1.474E+01  8 3.912E-05 1.694E+01
 9 1.115E-03 6.310E+00 11 8.651E-06 6.270E+01 12 2.849E-06 3.509E+01 13 8.402E-07 6.504E+01 14 3.001E-04 3.690E+01
15 2.671E-07 1.000E+02 16 2.207E-03 9.756E-01 17 8.889E-06 1.000E+02 18 4.325E-03 6.611E+00 21 7.850E-04 1.208E+01
22 2.657E-04 2.278E+01 24 2.357E-04 1.330E+00 25 7.407E-03 3.488E-01 26 4.202E-03 7.608E-01 27 5.177E-04 1.118E+00
  7  18
 6 1.575E-05 4.566E+01  7 7.122E-05 1.112E+01  8 6.538E-05 2.013E+01  9 1.195E-03 5.176E+00 10 1.055E-06 9.883E+01
11 9.969E-06 5.142E+01 12 2.999E-06 3.106E+01 14 1.564E-04 5.163E+01 15 1.970E-07 9.225E+01 16 2.238E-03 1.103E+00
17 1.531E-07 9.252E+01 18 4.834E-03 6.127E+00 21 1.056E-03 1.081E+01 22 3.640E-04 1.590E+01 24 2.545E-04 1.322E+00
25 7.405E-03 3.397E-01 26 4.234E-03 7.595E-01 27 5.350E-04 7.891E-01
  8  21
 3 5.216E-06 8.503E+01  5 4.287E-07 1.000E+02  6 1.427E-05 4.797E+01  7 9.159E-05 1.064E+01  8 7.241E-05 1.962E+01
 9 1.242E-03 5.129E+00 11 8.240E-06 5.595E+01 12 1.794E-06 3.814E+01 13 6.605E-07 1.000E+02 14 2.900E-04 4.907E+01
15 1.392E-06 1.000E+02 16 2.175E-03 9.456E-01 17 2.188E-06 8.593E+01 18 5.491E-03 8.012E+00 21 9.516E-04 1.071E+01
22 3.821E-04 1.726E+01 23 5.466E-08 1.000E+02 24 2.876E-04 1.546E+00 25 7.364E-03 3.087E-01 26 4.195E-03 6.843E-01
27 5.522E-04 7.699E-01
  9  21
 3 2.782E-06 6.197E+01  5 6.570E-05 9.813E+01  6 8.088E-06 4.941E+01  7 9.112E-05 8.554E+00  8 8.755E-05 1.917E+01
 9 1.363E-03 4.406E+00 10 1.695E-06 1.000E+02 11 6.570E-06 5.295E+01 12 1.843E-06 4.566E+01 13 5.892E-07 6.989E+01
14 2.847E-04 4.052E+01 15 1.025E-05 5.826E+01 16 2.209E-03 6.516E-01 17 1.506E-06 9.685E+01 18 5.523E-03 6.897E+00
21 1.098E-03 1.282E+01 22 3.778E-04 1.591E+01 24 3.201E-04 1.113E+00 25 7.352E-03 3.291E-01 26 4.201E-03 7.174E-01
27 5.860E-04 8.146E-01
 10  19
 3 7.034E-06 6.882E+01  5 2.895E-06 9.313E+01  6 1.194E-07 6.891E+01  7 9.194E-05 1.090E+01  8 6.997E-05 1.422E+01
 9 1.631E-03 3.774E+00 11 1.363E-05 4.676E+01 12 6.250E-06 3.106E+01 14 2.293E-04 4.304E+01 15 2.013E-06 7.330E+01
16 2.208E-03 9.076E-01 17 1.022E-06 1.000E+02 18 5.469E-03 6.281E+00 21 1.482E-03 6.674E+00 22 4.998E-04 1.505E+01
24 3.632E-04 1.162E+00 25 7.325E-03 3.247E-01 26 4.166E-03 6.800E-01 27 6.066E-04 1.276E+00
 11  20
 3 9.777E-07 1.000E+02  5 1.625E-05 1.000E+02  6 1.347E-05 5.450E+01  7 1.058E-04 9.424E+00  8 8.466E-05 1.936E+01
 9 1.671E-03 3.771E+00 11 1.068E-05 6.672E+01 12 3.507E-06 3.042E+01 13 5.217E-07 6.883E+01 14 2.739E-04 4.503E+01
15 3.184E-07 1.000E+02 16 2.848E-03 9.955E-01 17 4.074E-06 7.941E+01 18 1.014E-02 4.599E+00 21 1.409E-03 9.110E+00
22 4.676E-04 1.593E+01 24 4.024E-04 7.218E-01 25 7.242E-03 2.977E-01 26 4.029E-03 7.646E-01 27 6.136E-04 1.361E+00
 12  21
 3 6.762E-07 6.687E+01  6 1.269E-05 4.503E+01  7 1.033E-04 6.126E+00  8 1.008E-04 1.587E+01  9 1.914E-03 5.235E+00
10 5.334E-08 1.000E+02 11 7.772E-06 3.596E+01 12 5.490E-06 2.905E+01 13 2.498E-07 8.684E+01 14 1.214E-04 3.452E+01
15 1.478E-07 7.533E+01 16 2.390E-03 1.064E+00 17 6.405E-06 7.908E+01 18 2.659E-02 2.914E+00 21 1.574E-03 8.383E+00
22 5.374E-04 1.334E+01 23 9.403E-09 1.000E+02 24 4.605E-04 1.101E+00 25 7.157E-03 2.913E-01 26 3.939E-03 5.724E-01
27 6.345E-04 1.017E+00
 13  20
 3 3.921E-06 7.029E+01  5 2.350E-05 1.000E+02  6 1.236E-05 5.349E+01  7 1.345E-04 8.878E+00  8 9.336E-05 1.472E+01
 9 2.189E-03 4.872E+00 11 1.028E-05 5.492E+01 12 1.248E-05 2.486E+01 13 2.786E-07 9.576E+01 14 1.039E-04 4.087E+01
15 7.360E-06 6.588E+01 16 2.379E-03 8.677E-01 17 2.244E-05 6.931E+01 18 4.261E-02 2.080E+00 21 2.005E-03 8.695E+00
22 5.807E-04 1.491E+01 24 5.070E-04 1.050E+00 25 7.037E-03 3.993E-01 26 3.809E-03 8.310E-01 27 6.361E-04 1.271E+00
 14  22
 3 3.996E-06 5.547E+01  5 4.197E-07 1.000E+02  6 9.099E-06 3.454E+01  7 1.606E-04 1.095E+01  8 1.396E-04 1.360E+01
 9 2.477E-03 4.320E+00 10 5.369E-06 1.000E+02 11 2.554E-06 4.458E+01 12 7.520E-06 2.775E+01 13 1.041E-06 8.365E+01
14 7.715E-04 3.217E+01 15 2.635E-07 1.000E+02 16 2.403E-03 1.089E+00 17 1.360E-07 8.123E+01 18 5.683E-02 2.544E+00
21 2.312E-03 8.400E+00 22 7.365E-04 1.041E+01 23 1.069E-08 1.000E+02 24 5.747E-04 8.075E-01 25 6.986E-03 3.648E-01
26 3.784E-03 7.983E-01 27 6.700E-04 1.178E+00
 15  21
 3 5.995E-06 5.433E+01  5 6.425E-05 7.184E+01  6 1.524E-06 9.780E+01  7 1.715E-04 7.383E+00  8 1.424E-04 1.331E+01
 9 2.711E-03 4.462E+00 10 2.515E-07 1.000E+02 11 1.478E-05 3.269E+01 12 8.410E-06 3.089E+01 13 1.047E-06 4.883E+01
14 3.386E-04 2.889E+01 15 3.006E-06 7.163E+01 16 2.321E-03 1.018E+00 17 1.524E-05 6.519E+01 18 6.498E-02 2.319E+00
21 2.214E-03 8.062E+00 22 8.407E-04 1.137E+01 24 6.464E-04 8.403E-01 25 6.862E-03 4.007E-01 26 3.756E-03 7.413E-01
27 7.141E-04 1.290E+00
 16  19
 3 1.180E-05 4.901E+01  5 5.684E-07 1.000E+02  6 4.033E-06 4.982E+01  7 1.885E-04 6.584E+00  8 1.451E-04 1.348E+01
 9 3.063E-03 3.994E+00 11 1.260E-05 4.749E+01 12 1.084E-05 2.770E+01 13 5.629E-07 5.693E+01 14 6.310E-04 2.528E+01
16 2.358E-03 7.251E-01 17 4.458E-06 9.195E+01 18 6.610E-02 2.324E+00 21 2.430E-03 7.554E+00 22 8.484E-04 1.282E+01
24 7.280E-04 8.066E-01 25 6.706E-03 3.575E-01 26 3.647E-03 5.953E-01 27 7.366E-04 1.328E+00
 17  22
 1 1.638E-05 1.000E+02  3 1.823E-05 4.118E+01  6 2.504E-05 3.324E+01  7 1.947E-04 6.345E+00  8 9.877E-05 1.565E+01
 9 3.259E-03 3.906E+00 10 6.509E-07 7.112E+01 11 1.292E-05 5.148E+01 12 5.996E-06 2.667E+01 13 1.805E-06 7.409E+01
14 4.944E-04 2.593E+01 15 9.220E-06 6.389E+01 16 2.323E-03 9.178E-01 17 3.669E-06 8.071E+01 18 6.333E-02 2.159E+00
21 2.938E-03 6.873E+00 22 9.245E-04 1.160E+01 23 8.596E-09 1.000E+02 24 8.338E-04 8.646E-01 25 6.520E-03 3.829E-01
26 3.606E-03 6.953E-01 27 8.064E-04 9.008E-01
 18  21
 3 9.819E-06 5.551E+01  5 5.284E-05 6.529E+01  6 2.984E-05 4.304E+01  7 2.111E-04 5.561E+00  8 2.098E-04 1.132E+01
 9 3.975E-03 2.598E+00 10 3.886E-07 1.000E+02 11 1.074E-05 3.617E+01 12 1.536E-05 2.340E+01 13 1.954E-06 4.702E+01
14 9.295E-04 2.348E+01 15 2.213E-06 1.000E+02 16 2.347E-03 9.911E-01 17 1.000E-06 8.604E+01 18 5.212E-02 2.187E+00
21 3.518E-03 5.523E+00 22 9.466E-04 8.183E+00 24 9.510E-04 6.386E-01 25 6.279E-03 3.371E-01 26 3.513E-03 7.939E-01
27 8.404E-04 1.014E+00
 19  22
 3 1.441E-05 4.043E+01  5 1.376E-05 1.000E+02  6 2.933E-05 2.641E+01  7 2.684E-04 8.531E+00  8 2.292E-04 1.131E+01
 9 4.417E-03 3.038E+00 10 2.823E-07 1.000E+02 11 2.035E-05 3.900E+01 12 1.054E-05 2.416E+01 13 1.482E-06 6.278E+01
14 9.851E-04 2.153E+01 15 5.783E-06 6.846E+01 16 2.253E-03 8.350E-01 17 1.661E-06 8.746E+01 18 3.933E-02 2.777E+00
21 3.908E-03 5.841E+00 22 1.127E-03 1.030E+01 23 1.131E-07 1.000E+02 24 1.092E-03 7.322E-01 25 6.021E-03 3.593E-01
26 3.425E-03 9.033E-01 27 8.962E-04 1.332E+00
 20  22
 1 4.821E-06 1.000E+02  3 8.894E-06 4.692E+01  5 2.124E-05 9.157E+01  6 4.274E-05 3.122E+01  7 3.210E-04 6.316E+00
 8 2.382E-04 1.050E+01  9 5.069E-03 3.600E+00 10 2.173E-06 5.739E+01 11 2.476E-05 2.466E+01 12 1.471E-05 1.731E+01
13 1.487E-06 4.450E+01 14 1.006E-03 2.336E+01 15 2.223E-05 4.858E+01 16 2.278E-03 9.957E-01 17 2.318E-05 4.535E+01
18 2.444E-02 3.333E+00 21 3.785E-03 5.136E+00 22 1.456E-03 1.030E+01 24 1.290E-03 5.014E-01 25 5.591E-03 2.964E-01
26 3.241E-03 6.243E-01 27 9.622E-04 9.715E-01
 21  22
 3 5.148E-06 8.535E+01  5 2.907E-05 7.044E+01  6 1.123E-05 4.569E+01  7 3.208E-04 4.320E+00  8 2.671E-04 1.011E+01
 9 6.612E-03 1.963E+00 10 1.360E-06 1.000E+02 11 2.826E-05 4.699E+01 12 1.292E-05 2.157E+01 13 2.695E-07 6.894E+01
14 1.263E-03 1.716E+01 15 5.248E-06 5.361E+01 16 1.902E-03 1.094E+00 17 5.287E-06 5.479E+01 18 1.100E-02 3.879E+00
21 4.598E-03 4.526E+00 22 1.549E-03 7.031E+00 23 2.949E-08 1.000E+02 24 2.799E-03 3.556E-01 25 2.627E-03 5.967E-01
26 2.909E-03 6.854E-01 27 1.504E-03 8.814E-01
 22  23
 1 4.776E-05 6.145E+01  3 4.006E-06 8.684E+01  5 3.945E-05 4.779E+01  6 2.788E-05 3.924E+01  7 3.722E-04 4.588E+00
 8 2.845E-04 8.379E+00  9 7.294E-03 2.505E+00 10 1.513E-06 6.930E+01 11 1.971E-05 3.439E+01 12 1.286E-05 1.871E+01
13 1.706E-06 4.539E+01 14 1.049E-03 1.744E+01 15 6.252E-06 3.968E+01 16 1.846E-03 1.101E+00 17 1.849E-05 5.748E+01
18 1.105E-02 3.860E+00 21 5.291E-03 5.587E+00 22 1.688E-03 7.132E+00 23 9.490E-08 1.000E+02 24 3.000E-03 3.485E-01
25 2.245E-03 6.129E-01 26 2.799E-03 7.466E-01 27 1.595E-03 1.042E+00
 23  22
 1 3.371E-07 1.000E+02  3 5.836E-06 9.546E+01  5 2.101E-05 7.684E+01  6 2.888E-05 3.293E+01  7 3.871E-04 5.587E+00
 8 2.736E-04 9.213E+00  9 8.021E-03 2.648E+00 10 7.293E-06 6.395E+01 11 2.658E-05 2.827E+01 12 1.414E-05 1.975E+01
13 1.938E-06 4.635E+01 14 1.992E-03 1.523E+01 15 1.804E-06 9.605E+01 16 1.828E-03 1.249E+00 17 1.695E-05 7.060E+01
18 8.953E-03 5.709E+00 21 5.340E-03 4.735E+00 22 1.558E-03 6.571E+00 24 3.122E-03 3.221E-01 25 1.984E-03 6.723E-01
26 2.729E-03 6.891E-01 27 1.632E-03 1.330E+00
 24  22
 1 1.604E-05 8.561E+01  3 9.383E-06 5.467E+01  5 2.266E-05 6.777E+01  6 3.803E-05 2.882E+01  7 4.745E-04 4.900E+00
 8 4.174E-04 7.512E+00  9 9.856E-03 2.359E+00 10 1.367E-07 7.957E+01 11 4.100E-05 1.864E+01 12 1.586E-05 1.869E+01
13 2.507E-06 4.877E+01 14 1.094E-03 2.049E+01 15 2.234E-05 4.285E+01 16 1.839E-03 8.412E-01 17 2.541E-05 3.922E+01
18 7.916E-03 5.335E+00 21 5.910E-03 5.393E+00 22 2.076E-03 7.377E+00 24 3.276E-03 3.373E-01 25 1.743E-03 6.526E-01
26 2.645E-03 5.943E-01 27 1.712E-03 7.532E-01
 25  22
 1 6.123E-05 7.897E+01  3 3.805E-06 4.420E+01  5 3.700E-05 8.357E+01  6 3.298E-05 3.506E+01  7 4.815E-04 3.165E+00
 8 4.413E-04 6.017E+00  9 1.094E-02 2.548E+00 10 2.329E-06 9.685E+01 11 4.682E-05 3.138E+01 12 1.985E-05 1.585E+01
13 2.547E-06 7.015E+01 14 1.486E-03 2.309E+01 15 3.357E-05 4.476E+01 16 1.772E-03 1.068E+00 17 1.178E-05 4.176E+01
18 6.589E-03 5.801E+00 21 7.109E-03 4.177E+00 22 2.285E-03 8.171E+00 24 3.369E-03 3.173E-01 25 1.512E-03 7.911E-01
26 2.532E-03 1.009E+00 27 1.754E-03 1.332E+00
 26  22
 1 3.517E-07 1.000E+02  3 1.575E-06 9.864E+01  5 8.021E-05 6.932E+01  6 3.242E-05 2.453E+01  7 5.432E-04 4.325E+00
 8 4.233E-04 7.312E+00  9 1.047E-02 2.405E+00 10 2.454E-06 6.867E+01 11 3.270E-05 2.303E+01 12 2.554E-05 1.621E+01
13 3.905E-06 4.860E+01 14 1.595E-03 2.181E+01 15 4.144E-06 5.359E+01 16 1.818E-03 1.105E+00 17 1.589E-05 4.601E+01
18 5.979E-03 5.980E+00 21 7.522E-03 4.601E+00 22 2.266E-03 4.670E+00 24 3.447E-03 2.978E-01 25 1.370E-03 7.751E-01
26 2.541E-03 8.547E-01 27 1.808E-03 1.248E+00
 27  23
 1 3.953E-06 1.000E+02  3 4.022E-06 8.612E+01  5 1.489E-04 5.486E+01  6 8.070E-05 2.388E+01  7 5.823E-04 4.556E+00
 8 5.358E-04 6.176E+00  9 1.130E-02 2.208E+00 10 3.477E-06 5.618E+01 11 3.746E-05 4.120E+01 12 2.099E-05 1.838E+01
13 2.242E-06 3.307E+01 14 2.274E-03 1.399E+01 15 2.899E-05 4.450E+01 16 1.786E-03 1.213E+00 17 2.672E-05 3.226E+01
18 5.501E-03 6.010E+00 21 8.898E-03 3.770E+00 22 2.810E-03 7.609E+00 23 9.432E-08 1.000E+02 24 3.543E-03 3.334E-01
25 1.238E-03 7.955E-01 26 2.449E-03 7.981E-01 27 1.784E-03 1.073E+00
 28  22
 1 1.296E-05 1.000E+02  3 6.179E-06 7.118E+01  5 8.890E-05 7.888E+01  6 2.392E-05 2.534E+01  7 6.765E-04 4.822E+00
 8 4.900E-04 8.209E+00  9 1.159E-02 2.314E+00 10 1.604E-06 6.688E+01 11 5.654E-05 1.959E+01 12 2.281E-05 1.400E+01
13 1.017E-06 7.380E+01 14 2.420E-03 1.138E+01 15 2.509E-05 2.457E+01 16 1.791E-03 1.338E+00 17 1.835E-05 6.127E+01
18 4.513E-03 4.768E+00 21 1.077E-02 3.428E+00 22 2.963E-03 6.682E+00 24 3.615E-03 3.680E-01 25 1.073E-03 8.630E-01
26 2.428E-03 6.264E-01 27 1.872E-03 9.969E-01
 29  22
 1 3.311E-05 1.000E+02  3 2.875E-06 5.922E+01  5 9.656E-05 4.555E+01  6 4.026E-05 2.314E+01  7 7.334E-04 4.241E+00
 8 5.682E-04 6.964E+00  9 1.165E-02 2.320E+00 10 5.845E-07 8.386E+01 11 5.913E-05 2.146E+01 12 3.350E-05 1.263E+01
13 1.694E-06 5.623E+01 14 2.130E-03 1.699E+01 15 2.004E-05 4.058E+01 16 1.745E-03 1.192E+00 17 5.212E-05 3.372E+01
18 4.660E-03 6.782E+00 21 1.200E-02 3.804E+00 22 3.030E-03 6.301E+00 24 3.669E-03 2.906E-01 25 9.584E-04 7.296E-01
26 2.376E-03 7.971E-01 27 1.877E-03 1.171E+00
 30  22
 1 6.556E-07 1.000E+02  3 7.865E-06 4.908E+01  5 7.563E-05 6.960E+01  6 7.687E-05 1.985E+01  7 7.823E-04 4.760E+00
 8 6.385E-04 4.567E+00  9 1.052E-02 2.655E+00 10 4.730E-06 6.965E+01 11 6.112E-05 2.039E+01 12 3.322E-05 1.459E+01
13 3.306E-06 3.186E+01 14 2.241E-03 1.360E+01 15 2.579E-05 3.722E+01 16 1.771E-03 9.578E-01 17 1.686E-05 3.051E+01
18 3.716E-03 9.001E+00 21 1.977E-02 3.149E+00 22 3.643E-03 4.367E+00 24 3.708E-03 2.797E-01 25 8.579E-04 8.023E-01
26 2.325E-03 5.633E-01 27 1.911E-03 9.811E-01
 31  22
 1 6.165E-06 8.932E+01  3 3.460E-06 8.012E+01  5 1.438E-05 7.938E+01  6 8.316E-05 2.760E+01  7 8.737E-04 2.594E+00
 8 7.074E-04 4.495E+00  9 9.640E-03 2.509E+00 10 1.211E-06 8.786E+01 11 5.770E-05 1.560E+01 12 3.851E-05 9.931E+00
13 2.855E-06 3.385E+01 14 2.961E-03 1.426E+01 15 5.944E-06 4.940E+01 16 1.764E-03 1.052E+00 17 1.474E-05 4.155E+01
18 3.578E-03 6.249E+00 21 2.496E-02 2.702E+00 22 3.869E-03 5.120E+00 24 3.777E-03 3.235E-01 25 7.616E-04 1.199E+00
26 2.309E-03 5.193E-01 27 1.943E-03 1.136E+00
 32  22
 1 1.894E-05 9.253E+01  3 1.818E-06 9.118E+01  5 4.591E-05 5.180E+01  6 1.036E-04 1.438E+01  7 1.008E-03 3.650E+00
 8 8.004E-04 6.248E+00  9 9.564E-03 1.556E+00 10 7.405E-06 5.815E+01 11 6.989E-05 2.085E+01 12 3.122E-05 1.290E+01
13 5.451E-06 2.335E+01 14 3.395E-03 1.277E+01 15 5.196E-05 3.100E+01 16 1.733E-03 1.225E+00 17 1.527E-05 3.571E+01
18 2.966E-03 6.657E+00 21 2.659E-02 3.480E+00 22 4.714E-03 6.407E+00 24 3.809E-03 3.088E-01 25 7.046E-04 1.073E+00
26 2.336E-03 7.726E-01 27 1.958E-03 1.053E+00
 33  22
 1 1.696E-07 1.000E+02  3 1.883E-06 4.802E+01  5 5.632E-05 4.331E+01  6 8.441E-05 2.551E+01  7 1.037E-03 2.686E+00
 8 8.855E-04 5.661E+00  9 9.377E-03 2.383E+00 10 3.207E-06 5.815E+01 11 6.940E-05 1.924E+01 12 4.425E-05 1.158E+01
13 3.249E-06 6.368E+01 14 4.032E-03 1.411E+01 15 5.838E-05 2.986E+01 16 1.761E-03 1.165E+00 17 3.352E-05 4.456E+01
18 2.661E-03 8.399E+00 21 2.744E-02 3.004E+00 22 4.270E-03 5.804E+00 24 3.842E-03 3.013E-01 25 6.216E-04 1.063E+00
26 2.303E-03 9.480E-01 27 1.971E-03 1.134E+00
 34  22
 1 9.861E-07 1.000E+02  3 3.570E-06 6.127E+01  5 2.390E-04 4.666E+01  6 7.355E-05 1.955E+01  7 1.152E-03 2.642E+00
 8 1.012E-03 4.065E+00  9 8.685E-03 2.435E+00 10 8.110E-06 7.544E+01 11 5.973E-05 1.599E+01 12 4.656E-05 9.105E+00
13 4.103E-06 3.667E+01 14 5.106E-03 1.198E+01 15 2.497E-05 2.674E+01 16 1.687E-03 9.856E-01 17 3.303E-05 3.729E+01
18 1.978E-03 1.034E+01 21 2.807E-02 2.788E+00 22 4.948E-03 5.579E+00 24 3.882E-03 3.467E-01 25 5.518E-04 1.250E+00
26 2.259E-03 8.010E-01 27 1.999E-03 1.160E+00
 35  23
 1 1.468E-05 8.826E+01  3 3.108E-06 7.217E+01  5 1.711E-04 4.473E+01  6 1.599E-04 2.414E+01  7 1.317E-03 3.054E+00
 8 1.015E-03 5.668E+00  9 8.735E-03 1.862E+00 10 5.498E-06 4.674E+01 11 9.568E-05 1.643E+01 12 5.730E-05 7.150E+00
13 6.110E-06 3.815E+01 14 3.707E-03 1.324E+01 15 3.498E-05 3.842E+01 16 1.734E-03 1.212E+00 17 3.910E-05 2.186E+01
18 2.448E-03 9.680E+00 21 2.817E-02 2.292E+00 22 5.593E-03 4.058E+00 23 5.367E-08 1.000E+02 24 3.924E-03 3.187E-01
25 5.101E-04 1.376E+00 26 2.305E-03 7.473E-01 27 2.052E-03 1.207E+00
 36  22
 1 5.828E-05 7.291E+01  3 1.217E-06 1.000E+02  5 2.250E-04 4.134E+01  6 5.360E-05 2.118E+01  7 1.449E-03 2.650E+00
 8 1.236E-03 5.255E+00  9 9.073E-03 1.436E+00 10 5.624E-06 5.092E+01 11 1.027E-04 1.572E+01 12 5.781E-05 7.485E+00
13 4.160E-06 3.022E+01 14 5.165E-03 1.449E+01 15 4.449E-05 2.779E+01 16 1.702E-03 8.712E-01 17 6.095E-05 2.379E+01
18 2.123E-03 6.709E+00 21 2.783E-02 1.817E+00 22 6.223E-03 4.649E+00 24 3.936E-03 3.111E-01 25 4.593E-04 1.541E+00
26 2.268E-03 7.832E-01 27 2.059E-03 1.100E+00
 37  23
 1 5.801E-06 1.000E+02  3 9.558E-06 5.270E+01  5 1.972E-04 3.760E+01  6 9.369E-05 2.176E+01  7 1.637E-03 2.553E+00
 8 1.358E-03 4.847E+00  9 9.066E-03 2.571E+00 10 1.190E-05 5.679E+01 11 1.229E-04 1.155E+01 12 6.717E-05 9.000E+00
13 7.908E-06 2.925E+01 14 5.280E-03 1.003E+01 15 4.137E-05 3.491E+01 16 1.715E-03 9.676E-01 17 6.929E-05 2.284E+01
18 1.477E-03 9.005E+00 19 6.074E-06 1.000E+02 21 2.755E-02 2.542E+00 22 6.740E-03 3.248E+00 24 3.968E-03 3.022E-01
25 4.027E-04 1.504E+00 26 2.264E-03 6.847E-01 27 2.079E-03 9.680E-01
 38  23
 1 9.347E-05 5.887E+01  3 1.896E-05 5.001E+01  5 1.197E-04 4.724E+01  6 1.071E-04 1.703E+01  7 1.802E-03 2.795E+00
 8 1.497E-03 5.069E+00  9 9.016E-03 3.034E+00 10 4.913E-06 5.402E+01 11 1.454E-04 1.647E+01 12 6.562E-05 1.049E+01
13 4.686E-06 2.774E+01 14 6.472E-03 1.025E+01 15 5.004E-05 2.566E+01 16 1.698E-03 8.974E-01 17 4.660E-05 2.819E+01
18 1.630E-03 1.013E+01 21 2.728E-02 2.789E+00 22 7.469E-03 3.352E+00 23 3.181E-07 7.814E+01 24 3.994E-03 3.290E-01
25 3.756E-04 1.114E+00 26 2.268E-03 6.564E-01 27 2.111E-03 1.052E+00
 39  23
 1 4.086E-05 6.505E+01  3 1.068E-05 3.812E+01  5 1.174E-04 3.999E+01  6 1.121E-04 1.723E+01  7 1.986E-03 2.879E+00
 8 1.660E-03 4.097E+00  9 8.848E-03 2.858E+00 10 2.784E-05 3.741E+01 11 1.492E-04 1.456E+01 12 8.460E-05 7.174E+00
13 7.477E-06 2.707E+01 14 6.837E-03 8.178E+00 15 9.550E-05 3.107E+01 16 1.703E-03 1.230E+00 17 7.681E-05 2.585E+01
18 1.209E-03 1.266E+01 19 1.701E-05 1.000E+02 21 2.736E-02 2.993E+00 22 8.600E-03 4.928E+00 24 4.030E-03 3.117E-01
25 3.299E-04 1.546E+00 26 2.297E-03 5.694E-01 27 2.161E-03 9.763E-01
 40  24
 1 5.551E-05 9.151E+01  3 1.035E-05 4.237E+01  5 3.640E-04 2.914E+01  6 1.830E-04 1.582E+01  7 2.209E-03 2.597E+00
 8 1.851E-03 3.520E+00  9 9.084E-03 3.253E+00 10 7.398E-06 4.704E+01 11 1.916E-04 1.254E+01 12 8.974E-05 6.459E+00
13 9.209E-06 2.287E+01 14 6.819E-03 1.202E+01 15 5.332E-05 2.188E+01 16 1.707E-03 9.902E-01 17 7.825E-05 2.112E+01
18 1.334E-03 1.326E+01 19 1.349E-05 1.000E+02 21 2.748E-02 1.651E+00 22 9.130E-03 2.989E+00 23 3.978E-09 1.000E+02
24 4.045E-03 3.296E-01 25 2.964E-04 1.777E+00 26 2.301E-03 8.473E-01 27 2.191E-03 9.699E-01
 41  24
 1 2.080E-05 9.346E+01  3 1.968E-05 4.808E+01  5 5.048E-04 3.146E+01  6 1.302E-04 1.386E+01  7 2.415E-03 2.348E+00
 8 2.094E-03 4.398E+00  9 8.796E-03 2.225E+00 10 3.541E-06 8.134E+01 11 2.024E-04 1.041E+01 12 9.778E-05 5.871E+00
13 2.627E-06 3.640E+01 14 9.288E-03 7.163E+00 15 8.847E-05 2.169E+01 16 1.710E-03 1.191E+00 17 7.882E-05 2.326E+01
18 1.296E-03 1.286E+01 19 2.497E-06 1.000E+02 21 2.778E-02 2.969E+00 22 1.070E-02 3.946E+00 23 6.540E-08 1.000E+02
24 4.040E-03 3.395E-01 25 2.687E-04 1.946E+00 26 2.296E-03 6.567E-01 27 2.185E-03 8.975E-01
 42  23
 1 5.697E-05 5.478E+01  3 2.362E-06 8.666E+01  5 2.822E-04 3.502E+01  6 1.802E-04 1.244E+01  7 2.761E-03 1.879E+00
 8 2.143E-03 4.175E+00  9 8.695E-03 1.864E+00 10 1.264E-05 4.239E+01 11 2.010E-04 1.194E+01 12 1.112E-04 7.439E+00
13 6.790E-06 2.175E+01 14 8.651E-03 1.126E+01 15 1.169E-04 2.311E+01 16 1.671E-03 1.210E+00 17 8.909E-05 2.596E+01
18 1.058E-03 1.080E+01 21 2.650E-02 2.451E+00 22 1.095E-02 2.796E+00 23 1.467E-08 1.000E+02 24 4.092E-03 3.223E-01
25 2.426E-04 2.020E+00 26 2.339E-03 7.253E-01 27 2.240E-03 1.027E+00
 43  24
 1 4.870E-05 7.014E+01  3 3.419E-06 5.339E+01  5 4.797E-04 3.698E+01  6 1.690E-04 1.071E+01  7 2.964E-03 2.231E+00
 8 2.488E-03 3.474E+00  9 8.640E-03 2.607E+00 10 1.589E-05 2.942E+01 11 2.094E-04 1.187E+01 12 1.177E-04 6.477E+00
13 1.275E-05 1.964E+01 14 1.010E-02 6.417E+00 15 1.144E-04 2.516E+01 16 1.673E-03 1.182E+00 17 1.089E-04 2.093E+01
18 9.120E-04 1.548E+01 19 4.615E-06 7.408E+01 21 2.022E-02 3.139E+00 22 1.398E-02 2.937E+00 23 1.627E-07 1.000E+02
24 4.094E-03 3.083E-01 25 2.211E-04 1.864E+00 26 2.361E-03 8.215E-01 27 2.278E-03 1.065E+00
 44  25
 1 1.119E-04 4.847E+01  2 2.211E-07 1.000E+02  3 1.547E-05 3.637E+01  5 3.211E-04 2.940E+01  6 2.456E-04 1.148E+01
 7 3.259E-03 1.132E+00  8 2.755E-03 3.419E+00  9 8.914E-03 3.041E+00 10 2.262E-05 2.179E+01 11 2.282E-04 1.114E+01
12 1.380E-04 8.380E+00 13 9.651E-06 2.213E+01 14 1.069E-02 6.925E+00 15 1.528E-04 2.016E+01 16 1.667E-03 1.223E+00
17 1.336E-04 1.570E+01 18 9.826E-04 1.907E+01 19 1.083E-05 9.737E+01 21 1.214E-02 3.440E+00 22 1.444E-02 3.350E+00
23 1.190E-07 8.475E+01 24 4.107E-03 2.874E-01 25 2.041E-04 2.241E+00 26 2.388E-03 5.990E-01 27 2.311E-03 8.098E-01
 45  25
 1 1.451E-04 5.266E+01  2 3.433E-07 1.000E+02  3 1.097E-05 4.874E+01  5 4.592E-04 2.707E+01  6 2.384E-04 8.791E+00
 7 3.667E-03 1.573E+00  8 3.029E-03 2.931E+00  9 8.481E-03 2.228E+00 10 1.183E-05 3.905E+01 11 2.624E-04 1.005E+01
12 1.530E-04 5.374E+00 13 1.035E-05 2.122E+01 14 1.310E-02 6.962E+00 15 1.108E-04 1.780E+01 16 1.674E-03 1.181E+00
17 1.211E-04 1.676E+01 18 7.502E-04 1.794E+01 19 1.730E-07 1.000E+02 21 9.815E-03 3.441E+00 22 1.738E-02 2.788E+00
23 4.478E-07 7.476E+01 24 4.137E-03 3.271E-01 25 1.789E-04 2.473E+00 26 2.458E-03 9.565E-01 27 2.427E-03 1.148E+00
 46  24
 1 6.100E-05 6.405E+01  3 1.882E-05 3.881E+01  5 4.348E-04 2.145E+01  6 2.184E-04 1.454E+01  7 3.987E-03 2.393E+00
 8 3.404E-03 2.648E+00  9 8.468E-03 2.536E+00 10 1.858E-05 4.066E+01 11 3.150E-04 8.596E+00 12 1.588E-04 6.257E+00
13 1.407E-05 1.547E+01 14 1.284E-02 6.544E+00 15 1.732E-04 2.041E+01 16 1.680E-03 1.040E+00 17 1.481E-04 1.484E+01
18 8.398E-04 1.059E+01 19 4.203E-06 9.352E+01 21 8.450E-03 4.115E+00 22 2.720E-02 1.827E+00 23 2.338E-08 1.000E+02
24 4.132E-03 3.038E-01 25 1.649E-04 2.207E+00 26 2.496E-03 8.287E-01 27 2.446E-03 1.194E+00
 47  23
 1 1.250E-04 4.653E+01  3 1.327E-05 3.283E+01  5 7.396E-04 2.518E+01  6 3.307E-04 1.071E+01  7 4.506E-03 1.624E+00
 8 4.143E-03 3.064E+00  9 9.003E-03 1.742E+00 10 2.536E-05 3.351E+01 11 3.278E-04 6.150E+00 12 1.882E-04 5.733E+00
13 1.718E-05 1.259E+01 14 2.007E-02 6.842E+00 15 2.627E-04 1.497E+01 16 1.662E-03 1.163E+00 17 1.521E-04 1.459E+01
18 6.644E-04 1.266E+01 21 7.891E-03 3.251E+00 22 3.775E-02 1.889E+00 23 1.456E-07 5.612E+01 24 4.154E-03 3.555E-01
25 1.465E-04 2.227E+00 26 2.578E-03 7.871E-01 27 2.589E-03 9.864E-01
 48  22
 1 1.548E-04 5.281E+01  3 9.677E-06 6.541E+01  5 4.387E-04 3.388E+01  6 3.104E-04 9.718E+00  7 4.863E-03 1.779E+00
 8 4.302E-03 3.120E+00  9 8.788E-03 2.591E+00 10 2.137E-05 2.793E+01 11 4.141E-04 9.742E+00 12 1.995E-04 5.109E+00
13 1.568E-05 1.989E+01 14 2.501E-02 5.405E+00 15 2.368E-04 1.676E+01 16 1.669E-03 8.510E-01 17 2.603E-04 1.629E+01
18 4.223E-04 2.169E+01 21 6.602E-03 4.398E+00 22 4.354E-02 2.911E+00 24 4.155E-03 3.537E-01 25 1.305E-04 2.705E+00
26 2.662E-03 6.847E-01 27 2.666E-03 1.021E+00
 49  24
 1 6.646E-05 4.732E+01  3 1.580E-05 3.418E+01  5 8.203E-04 2.483E+01  6 3.338E-04 1.200E+01  7 5.239E-03 1.260E+00
 8 4.998E-03 3.211E+00  9 8.447E-03 2.010E+00 10 1.954E-05 2.699E+01 11 4.175E-04 8.079E+00 12 2.206E-04 5.190E+00
13 1.810E-05 2.813E+01 14 3.288E-02 6.335E+00 15 1.951E-04 2.078E+01 16 1.625E-03 1.135E+00 17 1.257E-04 1.340E+01
18 5.724E-04 1.665E+01 20 1.088E-05 1.000E+02 21 6.133E-03 4.217E+00 22 4.049E-02 1.379E+00 23 5.598E-07 6.814E+01
24 4.237E-03 3.496E-01 25 1.171E-04 2.150E+00 26 3.503E-03 4.469E-01 27 4.058E-03 4.989E-01
 50  23
 1 5.812E-05 9.175E+01  3 1.739E-05 3.557E+01  5 1.128E-03 2.292E+01  6 3.621E-04 9.003E+00  7 5.711E-03 1.130E+00
 8 7.810E-03 2.580E+00  9 8.114E-03 2.169E+00 10 3.591E-05 2.212E+01 11 3.940E-04 7.085E+00 12 2.439E-04 4.340E+00
13 1.606E-05 2.270E+01 14 3.344E-02 6.923E+00 15 2.150E-04 1.887E+01 16 1.625E-03 1.201E+00 17 1.982E-04 1.277E+01
18 4.029E-04 1.752E+01 21 6.229E-03 5.432E+00 22 3.668E-02 2.318E+00 23 2.384E-08 6.550E+01 24 4.239E-03 3.452E-01
25 1.066E-04 2.394E+00 26 3.645E-03 6.666E-01 27 4.270E-03 8.333E-01
 51  23
 1 9.378E-05 6.366E+01  3 1.996E-05 3.650E+01  5 4.681E-04 2.646E+01  6 3.729E-04 1.205E+01  7 6.604E-03 1.217E+00
 8 8.212E-03 1.785E+00  9 8.044E-03 2.018E+00 10 3.907E-05 2.171E+01 11 4.469E-04 8.464E+00 12 2.820E-04 5.423E+00
13 1.885E-05 1.836E+01 14 3.140E-02 6.177E+00 15 2.015E-04 2.128E+01 16 1.648E-03 1.183E+00 17 1.787E-04 1.255E+01
18 3.977E-04 2.157E+01 21 5.004E-03 5.606E+00 22 2.557E-02 3.182E+00 23 1.472E-07 8.344E+01 24 4.270E-03 3.163E-01
25 9.859E-05 2.842E+00 26 3.719E-03 7.352E-01 27 4.376E-03 8.203E-01
 52  23
 1 1.565E-04 3.295E+01  3 1.146E-05 3.245E+01  5 7.356E-04 2.529E+01  6 4.601E-04 8.129E+00  7 7.120E-03 1.434E+00
 8 8.364E-03 1.708E+00  9 8.445E-03 2.691E+00 10 3.289E-05 2.142E+01 11 4.937E-04 7.228E+00 12 3.170E-04 5.515E+00
13 2.024E-05 1.863E+01 14 3.077E-02 6.249E+00 15 2.895E-04 1.527E+01 16 1.635E-03 1.588E+00 17 2.299E-04 1.501E+01
18 2.348E-04 2.299E+01 21 4.343E-03 5.870E+00 22 1.507E-02 3.316E+00 23 9.921E-08 6.938E+01 24 4.250E-03 3.218E-01
25 8.841E-05 1.869E+00 26 3.718E-03 7.135E-01 27 4.331E-03 8.118E-01
 53  24
 1 1.741E-04 4.489E+01  3 1.195E-05 3.614E+01  5 1.103E-03 1.842E+01  6 4.457E-04 6.755E+00  7 8.230E-03 1.237E+00
 8 9.045E-03 2.110E+00  9 8.214E-03 2.511E+00 10 4.023E-05 1.944E+01 11 5.792E-04 1.004E+01 12 3.446E-04 3.896E+00
13 2.669E-05 1.609E+01 14 2.448E-02 7.219E+00 15 3.644E-04 1.667E+01 16 1.610E-03 1.013E+00 17 2.472E-04 1.465E+01
18 3.386E-04 1.982E+01 19 9.410E-06 8.067E+01 21 3.753E-03 4.776E+00 22 1.382E-02 3.457E+00 23 3.981E-07 4.639E+01
24 4.250E-03 3.793E-01 25 7.713E-05 3.486E+00 26 3.773E-03 7.726E-01 27 4.423E-03 9.286E-01
 54  23
 1 1.652E-04 3.943E+01  3 1.527E-05 4.203E+01  5 1.062E-03 1.891E+01  6 5.902E-04 9.204E+00  7 9.089E-03 9.736E-01
 8 9.511E-03 1.794E+00  9 7.833E-03 2.668E+00 10 4.752E-05 2.279E+01 11 6.377E-04 5.159E+00 12 3.651E-04 4.973E+00
13 3.756E-05 1.315E+01 14 1.854E-02 7.246E+00 15 4.296E-04 1.174E+01 16 1.636E-03 9.577E-01 17 2.497E-04 1.192E+01
18 3.028E-04 3.155E+01 19 5.843E-07 1.000E+02 21 3.216E-03 6.747E+00 22 1.168E-02 3.486E+00 24 4.263E-03 3.179E-01
25 7.160E-05 3.465E+00 26 3.793E-03 6.859E-01 27 4.441E-03 6.554E-01
 55  23
 1 1.595E-04 4.148E+01  3 1.914E-05 3.908E+01  5 1.278E-03 1.882E+01  6 6.233E-04 7.226E+00  7 1.553E-02 1.066E+00
 8 1.007E-02 2.543E+00  9 7.745E-03 2.175E+00 10 3.139E-05 1.943E+01 11 6.829E-04 4.959E+00 12 4.085E-04 3.385E+00
13 2.741E-05 1.188E+01 14 1.193E-02 7.052E+00 15 4.071E-04 1.421E+01 16 1.646E-03 1.407E+00 17 3.655E-04 1.462E+01
18 3.975E-04 2.117E+01 21 3.095E-03 6.409E+00 22 1.076E-02 3.302E+00 23 5.007E-07 6.534E+01 24 4.278E-03 3.271E-01
25 6.067E-05 3.376E+00 26 3.807E-03 7.100E-01 27 4.457E-03 7.801E-01
 56  23
 1 1.050E-04 3.477E+01  3 2.037E-05 4.159E+01  5 1.360E-03 1.323E+01  6 7.813E-04 7.534E+00  7 1.679E-02 8.674E-01
 8 1.058E-02 1.894E+00  9 7.857E-03 1.599E+00 10 5.215E-05 1.411E+01 11 8.218E-04 4.486E+00 12 4.701E-04 2.781E+00
13 3.139E-05 1.342E+01 14 1.168E-02 8.254E+00 15 4.014E-04 1.504E+01 16 1.637E-03 1.150E+00 17 3.328E-04 1.228E+01
18 2.371E-04 3.030E+01 21 2.738E-03 6.284E+00 22 9.639E-03 3.345E+00 23 1.237E-07 6.972E+01 24 4.281E-03 3.395E-01
25 5.886E-05 3.066E+00 26 3.797E-03 7.219E-01 27 4.443E-03 6.815E-01
 57  23
 1 1.968E-04 3.636E+01  3 1.769E-05 2.305E+01  5 1.607E-03 2.082E+01  6 7.267E-04 7.104E+00  7 1.741E-02 5.561E-01
 8 1.088E-02 1.729E+00  9 7.561E-03 2.998E+00 10 5.534E-05 1.684E+01 11 9.011E-04 7.200E+00 12 4.861E-04 3.641E+00
13 3.522E-05 1.410E+01 14 1.187E-02 7.222E+00 15 4.909E-04 1.322E+01 16 1.617E-03 1.281E+00 17 3.667E-04 1.283E+01
18 2.033E-04 2.521E+01 19 1.567E-05 1.000E+02 21 2.384E-03 6.090E+00 22 9.096E-03 2.796E+00 24 4.273E-03 3.173E-01
25 5.238E-05 3.542E+00 26 3.814E-03 4.708E-01 27 4.429E-03 6.106E-01
 58  24
 1 7.256E-05 3.292E+01  3 2.928E-05 3.089E+01  5 1.596E-03 1.538E+01  6 8.635E-04 6.042E+00  7 1.801E-02 9.974E-01
 8 1.098E-02 1.290E+00  9 7.585E-03 2.584E+00 10 5.901E-05 1.984E+01 11 1.184E-03 2.909E+00 12 5.262E-04 3.743E+00
13 4.984E-05 1.211E+01 14 9.819E-03 9.306E+00 15 4.395E-04 1.498E+01 16 1.641E-03 1.056E+00 17 4.767E-04 8.857E+00
18 1.224E-04 2.597E+01 19 2.955E-05 7.338E+01 21 2.418E-03 7.301E+00 22 8.175E-03 4.041E+00 23 7.175E-08 6.446E+01
24 4.293E-03 3.029E-01 25 4.728E-05 4.260E+00 26 3.819E-03 6.430E-01 27 4.448E-03 6.832E-01
 59  23
 1 3.503E-04 3.420E+01  3 3.526E-05 3.331E+01  5 1.897E-03 1.353E+01  6 1.025E-03 5.724E+00  7 1.868E-02 1.002E+00
 8 1.132E-02 2.217E+00  9 7.576E-03 2.151E+00 10 8.107E-05 1.739E+01 11 1.155E-03 4.209E+00 12 5.830E-04 3.685E+00
13 5.648E-05 1.180E+01 14 7.317E-03 9.834E+00 15 5.846E-04 9.232E+00 16 1.621E-03 1.114E+00 17 4.458E-04 1.043E+01
18 1.498E-04 2.267E+01 21 1.908E-03 6.792E+00 22 7.462E-03 3.512E+00 23 3.775E-07 7.705E+01 24 4.294E-03 3.171E-01
25 4.310E-05 4.805E+00 26 3.802E-03 5.816E-01 27 4.412E-03 7.878E-01
 60  24
 1 2.394E-04 2.816E+01  3 4.270E-05 3.401E+01  5 2.070E-03 1.525E+01  6 1.172E-03 5.933E+00  7 1.894E-02 7.976E-01
 8 1.172E-02 1.736E+00  9 7.481E-03 3.015E+00 10 8.332E-05 1.399E+01 11 1.198E-03 4.345E+00 12 6.659E-04 2.214E+00
13 5.623E-05 9.274E+00 14 8.161E-03 9.912E+00 15 6.165E-04 9.343E+00 16 1.605E-03 1.291E+00 17 6.523E-04 7.444E+00
18 1.331E-04 2.459E+01 19 3.535E-05 6.086E+01 21 2.182E-03 9.111E+00 22 6.295E-03 4.887E+00 23 1.005E-06 5.367E+01
24 4.293E-03 3.600E-01 25 3.767E-05 3.755E+00 26 3.772E-03 7.827E-01 27 4.379E-03 9.283E-01
 61  23
 1 3.289E-04 2.029E+01  3 3.618E-05 2.992E+01  5 2.058E-03 1.143E+01  6 1.133E-03 4.992E+00  7 1.935E-02 8.816E-01
 8 1.208E-02 1.752E+00  9 7.507E-03 2.652E+00 10 7.900E-05 2.304E+01 11 1.458E-03 3.887E+00 12 7.633E-04 3.021E+00
13 4.949E-05 8.930E+00 14 7.171E-03 1.028E+01 15 6.524E-04 1.276E+01 16 1.594E-03 1.337E+00 17 5.682E-04 1.096E+01
18 2.758E-04 2.579E+01 21 1.620E-03 5.736E+00 22 5.896E-03 5.521E+00 23 4.415E-07 6.667E+01 24 4.290E-03 2.960E-01
25 3.652E-05 5.061E+00 26 3.697E-03 6.755E-01 27 4.240E-03 1.055E+00
 62  25
 1 2.865E-04 3.023E+01  2 6.443E-07 1.000E+02  3 1.662E-05 3.699E+01  5 2.372E-03 1.443E+01  6 1.296E-03 6.791E+00
 7 1.924E-02 8.899E-01  8 1.281E-02 1.320E+00  9 7.312E-03 3.009E+00 10 9.227E-05 1.423E+01 11 1.476E-03 4.523E+00
12 8.881E-04 3.767E+00 13 5.989E-05 1.303E+01 14 6.161E-03 1.158E+01 15 7.213E-04 7.391E+00 16 1.626E-03 1.081E+00
17 6.889E-04 7.726E+00 18 1.579E-04 2.910E+01 19 3.837E-06 1.000E+02 21 1.547E-03 7.058E+00 22 5.170E-03 5.447E+00
23 7.776E-07 6.691E+01 24 4.280E-03 3.826E-01 25 3.217E-05 4.525E+00 26 3.636E-03 7.786E-01 27 4.173E-03 8.497E-01
 63  25
 1 4.115E-04 2.553E+01  2 5.103E-07 1.000E+02  3 2.911E-05 2.924E+01  5 2.802E-03 1.257E+01  6 1.508E-03 6.100E+00
 7 1.902E-02 8.693E-01  8 1.273E-02 1.864E+00  9 6.893E-03 3.030E+00 10 1.076E-04 1.089E+01 11 1.680E-03 3.241E+00
12 9.134E-04 2.430E+00 13 6.849E-05 1.162E+01 14 5.410E-03 1.004E+01 15 8.432E-04 1.022E+01 16 1.611E-03 1.330E+00
17 7.886E-04 6.778E+00 18 1.511E-04 3.437E+01 19 1.682E-07 1.000E+02 21 1.269E-03 9.677E+00 22 4.480E-03 4.312E+00
23 6.851E-07 4.909E+01 24 4.250E-03 3.391E-01 25 2.871E-05 6.053E+00 26 3.627E-03 5.681E-01 27 4.100E-03 7.633E-01
 64  24
 1 3.714E-04 2.671E+01  3 4.480E-05 2.868E+01  5 3.724E-03 1.263E+01  6 1.606E-03 5.935E+00  7 1.941E-02 7.161E-01
 8 1.339E-02 1.522E+00  9 6.656E-03 1.926E+00 10 7.325E-05 1.360E+01 11 1.834E-03 4.290E+00 12 1.075E-03 2.671E+00
13 8.289E-05 8.008E+00 14 4.962E-03 1.141E+01 15 7.739E-04 7.027E+00 16 1.620E-03 1.176E+00 17 7.578E-04 8.064E+00
18 1.060E-04 4.146E+01 19 1.730E-05 6.997E+01 21 1.330E-03 9.571E+00 22 4.104E-03 6.252E+00 23 3.177E-07 6.281E+01
24 4.275E-03 3.115E-01 25 2.654E-05 4.797E+00 26 3.509E-03 7.239E-01 27 3.942E-03 9.458E-01
 65  24
 1 5.632E-04 2.514E+01  3 3.361E-05 1.489E+01  5 3.713E-03 1.353E+01  6 1.983E-03 4.160E+00  7 2.017E-02 7.594E-01
 8 1.441E-02 1.748E+00  9 7.165E-03 2.830E+00 10 1.122E-04 1.025E+01 11 2.097E-03 4.139E+00 12 1.162E-03 2.186E+00
13 9.352E-05 9.487E+00 14 3.799E-03 1.086E+01 15 1.031E-03 6.029E+00 16 1.634E-03 1.119E+00 17 9.044E-04 6.228E+00
18 1.137E-04 3.819E+01 19 1.729E-05 5.951E+01 21 1.084E-03 9.478E+00 22 4.292E-03 6.163E+00 23 1.453E-06 3.730E+01
24 4.256E-03 3.585E-01 25 2.346E-05 6.823E+00 26 2.713E-03 5.813E-01 27 2.501E-03 8.503E-01
 66  24
 1 6.133E-04 2.606E+01  3 4.256E-05 2.530E+01  5 3.717E-03 1.126E+01  6 2.046E-03 3.334E+00  7 1.999E-02 9.547E-01
 8 1.474E-02 1.123E+00  9 6.611E-03 2.624E+00 10 1.332E-04 2.099E+01 11 2.596E-03 3.465E+00 12 1.329E-03 2.556E+00
13 9.891E-05 5.859E+00 14 4.281E-03 1.082E+01 15 1.159E-03 7.319E+00 16 1.648E-03 1.107E+00 17 1.046E-03 4.680E+00
18 1.907E-04 3.498E+01 19 9.818E-06 8.732E+01 21 1.248E-03 8.011E+00 22 3.971E-03 5.644E+00 23 7.361E-07 3.159E+01
24 4.234E-03 3.338E-01 25 2.065E-05 5.508E+00 26 2.569E-03 7.706E-01 27 2.299E-03 1.109E+00
 67  24
 1 4.227E-04 2.917E+01  3 2.283E-05 2.580E+01  5 3.111E-03 1.372E+01  6 2.317E-03 4.670E+00  7 1.922E-02 8.722E-01
 8 1.501E-02 1.358E+00  9 6.373E-03 3.079E+00 10 1.439E-04 1.589E+01 11 2.832E-03 2.792E+00 12 1.480E-03 2.340E+00
13 1.076E-04 8.123E+00 14 3.431E-03 1.337E+01 15 1.251E-03 1.028E+01 16 1.644E-03 1.202E+00 17 1.206E-03 7.183E+00
18 8.275E-05 3.262E+01 19 1.744E-05 4.816E+01 21 1.075E-03 1.118E+01 22 3.306E-03 5.640E+00 23 9.382E-07 4.924E+01
24 4.214E-03 3.268E-01 25 1.981E-05 7.322E+00 26 2.498E-03 6.800E-01 27 2.179E-03 9.958E-01
 68  26
 1 7.256E-04 1.985E+01  2 5.720E-07 1.000E+02  3 6.179E-05 1.739E+01  5 4.820E-03 7.951E+00  6 2.692E-03 3.826E+00
 7 1.866E-02 8.624E-01  8 1.636E-02 2.092E+00  9 6.242E-03 2.512E+00 10 1.744E-04 9.386E+00 11 2.967E-03 3.146E+00
12 1.641E-03 1.609E+00 13 1.243E-04 8.866E+00 14 3.184E-03 1.147E+01 15 1.434E-03 5.559E+00 16 1.664E-03 1.177E+00
17 1.304E-03 5.569E+00 18 1.126E-04 4.996E+01 19 1.770E-05 9.784E+01 20 9.153E-06 1.000E+02 21 8.727E-04 1.022E+01
22 3.302E-03 7.107E+00 23 1.144E-06 5.367E+01 24 4.200E-03 2.982E-01 25 1.856E-05 4.053E+00 26 2.416E-03 7.126E-01
27 2.081E-03 8.665E-01
 69  26
 1 4.858E-04 2.395E+01  2 9.144E-08 1.000E+02  3 8.563E-05 1.847E+01  5 6.126E-03 1.091E+01  6 2.828E-03 3.709E+00
 7 1.711E-02 1.379E+00  8 2.746E-02 1.451E+00  9 3.426E-03 4.131E+00 10 1.851E-04 8.710E+00 11 3.559E-03 2.922E+00
12 1.872E-03 1.775E+00 13 1.350E-04 8.248E+00 14 4.056E-03 1.162E+01 15 1.347E-03 6.177E+00 16 1.648E-03 1.085E+00
17 1.514E-03 5.051E+00 18 3.801E-05 5.739E+01 19 3.049E-05 1.000E+02 20 6.279E-07 1.000E+02 21 8.235E-04 1.192E+01
22 3.007E-03 4.063E+00 23 1.803E-06 3.930E+01 24 4.207E-03 3.494E-01 25 1.579E-05 6.986E+00 26 2.413E-03 8.757E-01
27 2.052E-03 1.256E+00
 70  24
 1 9.652E-04 1.781E+01  3 5.258E-05 1.787E+01  5 6.110E-03 9.053E+00  6 3.310E-03 3.429E+00  7 1.459E-02 9.360E-01
 8 2.512E-02 1.494E+00  9 3.198E-03 3.177E+00 10 1.760E-04 1.242E+01 11 3.981E-03 2.243E+00 12 2.152E-03 1.668E+00
13 1.496E-04 6.577E+00 14 2.493E-03 1.201E+01 15 1.446E-03 7.045E+00 16 1.632E-03 1.422E+00 17 1.722E-03 5.511E+00
18 4.334E-05 3.542E+01 19 4.022E-05 1.000E+02 21 6.694E-04 1.291E+01 22 2.425E-03 5.535E+00 23 1.201E-06 4.778E+01
24 4.208E-03 3.369E-01 25 1.295E-05 6.904E+00 26 2.371E-03 7.221E-01 27 1.984E-03 1.012E+00
 71  25
 1 6.318E-04 1.558E+01  3 6.817E-05 1.676E+01  5 6.914E-03 7.591E+00  6 3.637E-03 3.128E+00  7 1.304E-02 1.135E+00
 8 2.091E-02 1.392E+00  9 2.747E-03 3.426E+00 10 2.736E-04 8.661E+00 11 4.261E-03 2.302E+00 12 2.304E-03 1.683E+00
13 1.665E-04 7.235E+00 14 3.390E-03 1.764E+01 15 1.795E-03 6.977E+00 16 1.652E-03 1.080E+00 17 1.841E-03 5.537E+00
18 2.394E-05 5.802E+01 19 7.797E-05 6.124E+01 20 4.858E-06 1.000E+02 21 7.011E-04 1.142E+01 22 1.900E-03 7.509E+00
23 2.250E-06 3.305E+01 24 4.219E-03 3.632E-01 25 1.509E-05 6.042E+00 26 2.365E-03 7.279E-01 27 1.949E-03 1.099E+00
 72  25
 1 8.865E-04 1.794E+01  2 3.535E-08 1.000E+02  3 9.646E-05 1.623E+01  5 7.295E-03 9.001E+00  6 3.982E-03 4.071E+00
 7 1.250E-02 1.061E+00  8 2.051E-02 1.244E+00  9 2.853E-03 4.272E+00 10 2.515E-04 1.161E+01 11 5.114E-03 2.646E+00
12 2.638E-03 1.571E+00 13 1.695E-04 6.263E+00 14 2.400E-03 1.680E+01 15 2.116E-03 6.478E+00 16 1.625E-03 1.426E+00
17 2.011E-03 5.128E+00 18 5.939E-05 4.324E+01 19 8.378E-06 5.681E+01 21 4.951E-04 1.145E+01 22 2.164E-03 8.134E+00
23 1.176E-06 2.793E+01 24 4.207E-03 3.076E-01 25 1.333E-05 9.833E+00 26 2.320E-03 8.569E-01 27 1.861E-03 1.328E+00
 73  26
 1 1.105E-03 1.900E+01  2 1.066E-07 1.000E+02  3 5.637E-05 2.073E+01  5 8.191E-03 7.617E+00  6 4.669E-03 3.627E+00
 7 1.242E-02 1.073E+00  8 2.465E-02 1.513E+00  9 2.074E-03 3.685E+00 10 2.845E-04 9.938E+00 11 5.528E-03 1.914E+00
12 2.953E-03 2.216E+00 13 2.008E-04 9.603E+00 14 1.646E-03 1.658E+01 15 2.571E-03 7.213E+00 16 1.627E-03 1.364E+00
17 2.085E-03 4.649E+00 18 4.218E-05 6.227E+01 19 2.701E-05 8.236E+01 20 2.212E-05 8.794E+01 21 4.467E-04 1.959E+01
22 1.836E-03 9.574E+00 23 1.522E-06 3.668E+01 24 4.204E-03 3.635E-01 25 1.211E-05 7.167E+00 26 2.346E-03 8.868E-01
27 1.892E-03 1.187E+00
 74  25
 1 1.507E-03 1.377E+01  2 3.849E-08 9.544E+01  3 9.318E-05 1.493E+01  5 9.910E-03 9.170E+00  6 5.085E-03 3.647E+00
 7 1.325E-02 8.607E-01  8 2.580E-02 1.080E+00  9 2.016E-03 4.830E+00 10 3.191E-04 7.769E+00 11 6.583E-03 1.933E+00
12 3.451E-03 1.615E+00 13 1.959E-04 8.996E+00 14 1.362E-03 1.720E+01 15 2.617E-03 5.599E+00 16 1.636E-03 1.085E+00
17 2.270E-03 6.042E+00 18 3.656E-05 5.255E+01 19 1.250E-05 6.293E+01 21 4.974E-04 1.161E+01 22 1.883E-03 7.982E+00
23 2.801E-06 3.665E+01 24 4.214E-03 2.963E-01 25 9.609E-06 8.103E+00 26 2.324E-03 8.664E-01 27 1.809E-03 1.239E+00
 75  26
 1 1.357E-03 1.694E+01  2 8.498E-07 6.233E+01  3 1.020E-04 1.382E+01  5 1.058E-02 8.048E+00  6 7.064E-03 1.871E+00
 7 8.221E-03 1.185E+00  8 1.157E-02 1.883E+00  9 1.878E-03 5.348E+00 10 3.010E-04 1.099E+01 11 8.663E-03 2.274E+00
12 5.162E-03 1.042E+00 13 2.505E-04 3.413E+00 14 1.729E-03 2.303E+01 15 2.829E-03 4.476E+00 16 1.631E-03 1.150E+00
17 2.754E-03 4.502E+00 18 2.112E-05 4.668E+01 19 1.563E-04 6.097E+01 20 4.935E-07 1.000E+02 21 3.807E-04 1.577E+01
22 1.588E-03 8.437E+00 23 3.183E-06 3.281E+01 24 4.212E-03 3.218E-01 25 7.793E-06 1.131E+01 26 2.285E-03 9.189E-01
27 1.762E-03 1.245E+00
 76  25
 1 1.483E-03 2.112E+01  2 1.360E-06 9.764E+01  3 1.212E-04 1.489E+01  5 1.273E-02 5.358E+00  6 9.225E-03 2.696E+00
 7 7.071E-03 1.229E+00  8 1.034E-02 2.196E+00  9 1.713E-03 3.877E+00 10 3.717E-04 6.527E+00 11 1.220E-02 1.374E+00
12 5.654E-03 1.145E+00 13 2.584E-04 2.451E+00 14 2.254E-03 1.813E+01 15 2.970E-03 5.187E+00 16 1.625E-03 1.190E+00
17 2.988E-03 4.324E+00 18 8.927E-05 5.193E+01 19 3.482E-05 9.124E+01 21 3.975E-04 9.297E+00 22 1.403E-03 9.210E+00
23 2.131E-06 3.985E+01 24 4.216E-03 3.624E-01 25 8.834E-06 8.303E+00 26 2.309E-03 1.051E+00 27 1.785E-03 1.150E+00
 77  26
 1 1.380E-03 1.878E+01  2 7.030E-08 1.000E+02  3 8.830E-05 1.377E+01  5 2.104E-02 4.321E+00  6 1.025E-02 1.863E+00
 7 6.276E-03 1.068E+00  8 8.762E-03 1.791E+00  9 1.373E-03 5.613E+00 10 3.675E-04 6.960E+00 11 1.513E-02 1.552E+00
12 6.245E-03 1.078E+00 13 2.705E-04 4.696E+00 14 1.976E-03 1.594E+01 15 3.384E-03 4.284E+00 16 1.636E-03 1.618E+00
17 3.435E-03 4.322E+00 18 5.081E-05 6.741E+01 19 4.558E-06 6.903E+01 20 3.795E-05 6.558E+01 21 4.352E-04 1.653E+01
22 1.195E-03 9.639E+00 23 1.800E-06 3.174E+01 24 4.210E-03 2.918E-01 25 8.946E-06 9.913E+00 26 2.292E-03 9.964E-01
27 1.780E-03 1.528E+00
 78  26
 1 1.631E-03 1.456E+01  2 1.530E-09 1.000E+02  3 1.436E-04 1.183E+01  5 2.177E-02 7.579E+00  6 1.122E-02 2.047E+00
 7 5.572E-03 1.410E+00  8 7.688E-03 1.391E+00  9 1.195E-03 5.651E+00 10 4.433E-04 7.440E+00 11 1.790E-02 1.677E+00
12 6.994E-03 1.107E+00 13 3.013E-04 4.001E+00 14 1.481E-03 2.270E+01 15 3.708E-03 4.912E+00 16 1.637E-03 1.047E+00
17 3.908E-03 3.912E+00 18 1.179E-05 7.640E+01 19 6.983E-05 4.318E+01 20 1.621E-06 1.000E+02 21 3.802E-04 9.004E+00
22 1.248E-03 9.287E+00 23 2.490E-06 3.376E+01 24 4.221E-03 3.519E-01 25 6.413E-06 7.531E+00 26 2.303E-03 9.549E-01
27 1.751E-03 1.208E+00
 79  25
 1 2.035E-03 8.649E+00  2 3.141E-07 9.482E+01  3 1.359E-04 1.391E+01  5 2.480E-02 4.019E+00  6 1.165E-02 2.522E+00
 7 5.032E-03 1.684E+00  8 7.410E-03 2.383E+00  9 1.162E-03 4.974E+00 10 4.821E-04 5.442E+00 11 2.051E-02 1.556E+00
12 7.575E-03 9.640E-01 13 3.522E-04 6.185E+00 14 1.121E-03 1.915E+01 15 4.361E-03 3.876E+00 16 1.655E-03 1.218E+00
17 4.201E-03 2.486E+00 18 3.718E-05 6.923E+01 19 1.428E-04 3.475E+01 21 2.468E-04 1.493E+01 22 9.894E-04 8.944E+00
23 3.866E-06 2.099E+01 24 4.226E-03 2.916E-01 25 5.853E-06 1.251E+01 26 2.308E-03 8.634E-01 27 1.741E-03 1.313E+00
 80  24
 1 2.442E-03 1.038E+01  3 1.338E-04 1.441E+01  5 2.471E-02 4.224E+00  6 1.331E-02 1.409E+00  7 4.558E-03 2.038E+00
 8 6.377E-03 3.088E+00  9 1.004E-03 6.267E+00 10 5.079E-04 6.695E+00 11 2.218E-02 1.203E+00 12 8.148E-03 1.108E+00
13 3.778E-04 4.430E+00 14 1.186E-03 1.602E+01 15 4.673E-03 4.265E+00 16 1.633E-03 1.234E+00 17 4.870E-03 3.573E+00
18 1.311E-05 6.667E+01 19 7.260E-05 4.105E+01 21 2.340E-04 1.663E+01 22 9.558E-04 8.200E+00 23 3.821E-06 3.019E+01
24 4.224E-03 3.359E-01 25 5.388E-06 1.151E+01 26 2.308E-03 8.414E-01 27 1.705E-03 1.333E+00
 81  26
 1 2.287E-03 1.195E+01  2 6.031E-07 7.667E+01  3 1.518E-04 1.481E+01  5 2.345E-02 6.416E+00  6 1.390E-02 1.699E+00
 7 4.097E-03 1.286E+00  8 5.750E-03 1.708E+00  9 1.031E-03 6.652E+00 10 5.141E-04 4.372E+00 11 2.390E-02 1.298E+00
12 8.803E-03 8.504E-01 13 4.240E-04 4.390E+00 14 7.165E-04 2.350E+01 15 4.932E-03 4.132E+00 16 1.627E-03 1.189E+00
17 5.356E-03 3.104E+00 18 1.198E-05 6.645E+01 19 1.235E-04 5.977E+01 20 1.404E-05 1.000E+02 21 3.030E-04 1.647E+01
22 8.484E-04 1.081E+01 23 3.511E-06 2.928E+01 24 4.204E-03 3.294E-01 25 4.948E-06 1.351E+01 26 2.306E-03 8.907E-01
27 1.673E-03 1.064E+00
 82  26
 1 2.910E-03 1.059E+01  2 1.309E-07 1.000E+02  3 1.538E-04 1.227E+01  5 2.339E-02 6.219E+00  6 1.486E-02 1.728E+00
 7 3.730E-03 8.421E-01  8 5.125E-03 2.350E+00  9 7.024E-04 5.446E+00 10 6.421E-04 7.373E+00 11 2.506E-02 1.059E+00
12 9.346E-03 1.134E+00 13 4.799E-04 3.308E+00 14 6.050E-04 3.259E+01 15 5.691E-03 4.603E+00 16 1.633E-03 1.120E+00
17 5.991E-03 3.042E+00 18 2.235E-05 5.827E+01 19 5.717E-05 6.775E+01 20 2.931E-06 1.000E+02 21 1.634E-04 2.371E+01
22 8.692E-04 7.897E+00 23 2.072E-06 1.898E+01 24 4.201E-03 3.246E-01 25 4.171E-06 1.167E+01 26 2.332E-03 7.796E-01
27 1.693E-03 1.279E+00
 83  26
 1 3.358E-03 1.090E+01  2 1.055E-06 6.643E+01  3 1.628E-04 1.176E+01  5 2.463E-02 6.516E+00  6 1.570E-02 2.171E+00
 7 3.378E-03 2.318E+00  8 4.813E-03 2.882E+00  9 7.695E-04 6.129E+00 10 8.278E-04 5.306E+00 11 2.588E-02 1.133E+00
12 9.925E-03 8.855E-01 13 5.077E-04 3.279E+00 14 8.561E-04 2.600E+01 15 5.885E-03 4.201E+00 16 1.647E-03 1.296E+00
17 7.408E-03 2.266E+00 18 4.258E-05 7.575E+01 19 1.471E-04 4.491E+01 20 1.084E-06 1.000E+02 21 2.205E-04 1.996E+01
22 6.850E-04 8.828E+00 23 5.084E-06 2.085E+01 24 4.210E-03 3.170E-01 25 4.795E-06 1.097E+01 26 2.379E-03 8.967E-01
27 1.692E-03 1.341E+00
 84  26
 1 3.472E-03 9.011E+00  2 9.975E-07 9.798E+01  3 2.024E-04 1.038E+01  5 2.174E-02 6.121E+00  6 1.622E-02 1.784E+00
 7 2.911E-03 2.462E+00  8 4.035E-03 2.580E+00  9 6.668E-04 6.672E+00 10 7.640E-04 4.811E+00 11 2.639E-02 1.131E+00
12 1.061E-02 8.653E-01 13 5.764E-04 3.132E+00 14 9.926E-04 2.094E+01 15 7.230E-03 3.207E+00 16 1.631E-03 1.292E+00
17 9.520E-03 2.519E+00 18 8.959E-06 9.809E+01 19 1.147E-04 4.168E+01 20 1.338E-05 8.123E+01 21 1.372E-04 2.605E+01
22 7.278E-04 1.419E+01 23 5.824E-06 1.843E+01 24 4.209E-03 3.338E-01 25 4.201E-06 1.657E+01 26 2.411E-03 9.549E-01
27 1.701E-03 1.452E+00
 85  26
 1 3.531E-03 1.009E+01  2 3.606E-07 6.560E+01  3 2.248E-04 8.531E+00  5 2.119E-02 6.735E+00  6 1.638E-02 1.792E+00
 7 2.723E-03 2.244E+00  8 3.762E-03 3.002E+00  9 5.993E-04 9.432E+00 10 8.048E-04 5.862E+00 11 2.678E-02 1.160E+00
12 1.118E-02 8.406E-01 13 6.389E-04 2.479E+00 14 8.158E-04 2.447E+01 15 7.394E-03 3.753E+00 16 1.676E-03 1.576E+00
17 1.167E-02 1.986E+00 18 1.531E-07 1.000E+02 19 7.153E-05 4.077E+01 20 1.017E-05 9.015E+01 21 1.897E-04 1.916E+01
22 3.683E-04 1.567E+01 23 5.323E-06 1.933E+01 24 4.208E-03 3.482E-01 25 3.282E-06 1.631E+01 26 2.400E-03 9.802E-01
27 1.655E-03 1.212E+00
 86  26
 1 4.292E-03 1.103E+01  2 9.105E-07 7.819E+01  3 2.304E-04 9.881E+00  5 2.201E-02 5.757E+00  6 1.768E-02 1.799E+00
 7 2.474E-03 2.241E+00  8 3.353E-03 2.875E+00  9 5.925E-04 9.787E+00 10 9.417E-04 4.053E+00 11 2.684E-02 1.227E+00
12 1.165E-02 8.079E-01 13 6.870E-04 3.331E+00 14 8.735E-04 3.967E+01 15 8.390E-03 2.968E+00 16 1.628E-03 8.999E-01
17 1.354E-02 1.368E+00 18 2.134E-05 6.466E+01 19 3.418E-04 4.290E+01 20 1.819E-05 6.993E+01 21 1.755E-04 4.123E+01
22 4.693E-04 2.173E+01 23 5.541E-06 1.646E+01 24 4.238E-03 2.984E-01 25 2.752E-06 1.599E+01 26 2.485E-03 8.104E-01
27 1.699E-03 1.284E+00
 87  26
 1 4.068E-03 8.018E+00  2 1.193E-06 6.975E+01  3 2.114E-04 9.370E+00  5 1.882E-02 7.508E+00  6 1.765E-02 1.778E+00
 7 2.312E-03 2.024E+00  8 3.019E-03 2.983E+00  9 6.327E-04 8.594E+00 10 9.929E-04 4.419E+00 11 2.700E-02 1.208E+00
12 1.241E-02 8.269E-01 13 7.680E-04 3.945E+00 14 3.121E-04 3.264E+01 15 9.673E-03 3.084E+00 16 1.642E-03 1.025E+00
17 1.508E-02 1.923E+00 18 8.194E-05 4.093E+01 19 3.192E-04 2.255E+01 20 1.511E-07 1.000E+02 21 2.120E-04 2.480E+01
22 3.258E-04 2.045E+01 23 7.507E-06 2.118E+01 24 4.242E-03 3.151E-01 25 2.923E-06 1.514E+01 26 2.514E-03 7.656E-01
27 1.701E-03 1.134E+00
 88  26
 1 5.191E-03 9.409E+00  2 1.320E-06 4.361E+01  3 2.828E-04 1.126E+01  5 1.845E-02 5.869E+00  6 1.741E-02 1.596E+00
 7 2.079E-03 1.994E+00  8 2.703E-03 3.429E+00  9 4.660E-04 7.280E+00 10 1.149E-03 3.816E+00 11 2.591E-02 1.716E+00
12 1.306E-02 7.852E-01 13 8.713E-04 2.051E+00 14 3.825E-04 2.914E+01 15 1.105E-02 3.484E+00 16 1.625E-03 1.259E+00
17 1.727E-02 1.761E+00 18 2.021E-06 9.364E+01 19 1.001E-04 4.030E+01 20 6.496E-05 7.414E+01 21 1.580E-04 3.143E+01
22 4.214E-04 1.317E+01 23 1.040E-05 1.217E+01 24 4.252E-03 3.460E-01 25 2.251E-06 2.187E+01 26 2.551E-03 7.621E-01
27 1.741E-03 1.375E+00
 89  26
 1 6.057E-03 6.248E+00  2 2.705E-06 8.653E+01  3 3.383E-04 9.055E+00  5 1.700E-02 6.243E+00  6 1.782E-02 2.054E+00
 7 1.775E-03 1.916E+00  8 2.488E-03 3.325E+00  9 3.883E-04 6.715E+00 10 1.241E-03 5.305E+00 11 2.593E-02 1.126E+00
12 1.346E-02 7.782E-01 13 9.348E-04 2.700E+00 14 5.493E-04 3.376E+01 15 1.274E-02 2.752E+00 16 1.676E-03 1.176E+00
17 1.860E-02 1.997E+00 18 2.369E-05 6.623E+01 19 1.446E-04 3.688E+01 20 3.096E-05 8.210E+01 21 9.643E-05 2.691E+01
22 3.220E-04 1.694E+01 23 1.080E-05 2.261E+01 24 4.267E-03 3.108E-01 25 2.397E-06 1.531E+01 26 2.682E-03 5.459E-01
27 1.769E-03 8.016E-01
 90  26
 1 6.175E-03 9.179E+00  2 5.404E-07 5.655E+01  3 3.083E-04 8.538E+00  5 1.562E-02 5.230E+00  6 1.823E-02 2.125E+00
 7 1.651E-03 2.724E+00  8 2.187E-03 4.431E+00  9 3.604E-04 1.019E+01 10 1.469E-03 5.128E+00 11 2.329E-02 9.476E-01
12 1.413E-02 9.352E-01 13 1.078E-03 2.035E+00 14 3.642E-04 3.694E+01 15 1.545E-02 3.144E+00 16 1.627E-03 1.181E+00
17 1.936E-02 1.606E+00 18 4.462E-05 5.105E+01 19 1.732E-04 3.782E+01 20 1.450E-06 1.000E+02 21 8.435E-05 3.212E+01
22 3.114E-04 1.732E+01 23 9.318E-06 1.631E+01 24 4.263E-03 3.230E-01 25 1.915E-06 1.966E+01 26 2.785E-03 8.758E-01
27 1.795E-03 1.147E+00
 91  26
 1 7.172E-03 5.681E+00  2 1.077E-06 5.685E+01  3 2.687E-04 7.640E+00  5 1.297E-02 6.844E+00  6 1.671E-02 1.969E+00
 7 1.421E-03 3.213E+00  8 1.996E-03 4.575E+00  9 3.567E-04 7.616E+00 10 1.496E-03 3.313E+00 11 2.082E-02 1.448E+00
12 1.378E-02 6.877E-01 13 1.204E-03 1.575E+00 14 4.301E-04 2.978E+01 15 1.639E-02 2.418E+00 16 1.623E-03 1.224E+00
17 1.933E-02 2.188E+00 18 7.121E-06 1.000E+02 19 1.721E-04 3.181E+01 20 2.856E-05 7.234E+01 21 7.434E-05 3.056E+01
22 4.245E-04 1.316E+01 23 1.092E-05 1.513E+01 24 4.360E-03 3.648E-01 25 2.118E-06 1.387E+01 26 4.181E-03 5.750E-01
27 2.783E-03 6.658E-01
 92  25
 1 7.730E-03 8.709E+00  2 1.813E-06 5.851E+01  3 3.529E-04 1.013E+01  5 1.146E-02 7.536E+00  6 1.631E-02 1.481E+00
 7 1.246E-03 3.076E+00  8 1.722E-03 3.065E+00  9 2.885E-04 8.316E+00 10 1.600E-03 3.242E+00 11 1.865E-02 1.193E+00
12 1.407E-02 1.008E+00 13 1.259E-03 2.057E+00 14 4.831E-04 6.137E+01 15 1.700E-02 2.220E+00 16 1.595E-03 1.219E+00
17 2.008E-02 1.836E+00 19 3.347E-04 2.593E+01 20 4.554E-05 4.747E+01 21 7.924E-05 3.166E+01 22 2.597E-04 1.687E+01
23 1.293E-05 1.048E+01 24 4.354E-03 3.587E-01 25 2.085E-06 1.739E+01 26 4.559E-03 4.934E-01 27 3.029E-03 7.141E-01
 93  25
 1 8.693E-03 5.968E+00  2 1.469E-07 7.006E+01  3 3.802E-04 8.598E+00  5 1.039E-02 8.998E+00  6 1.648E-02 2.443E+00
 7 1.105E-03 2.203E+00  8 1.736E-03 4.226E+00  9 2.719E-04 8.907E+00 10 1.842E-03 4.100E+00 11 1.645E-02 1.730E+00
12 1.448E-02 8.975E-01 13 1.350E-03 2.527E+00 14 3.910E-04 3.228E+01 15 1.839E-02 2.188E+00 16 1.624E-03 1.120E+00
17 2.071E-02 1.848E+00 19 2.965E-04 2.694E+01 20 7.201E-05 5.677E+01 21 1.298E-04 4.240E+01 22 2.780E-04 1.830E+01
23 9.693E-06 2.177E+01 24 4.367E-03 3.362E-01 25 2.148E-06 2.133E+01 26 4.599E-03 6.145E-01 27 3.015E-03 8.155E-01
 94  25
 1 1.068E-02 5.812E+00  2 2.710E-06 4.582E+01  3 4.762E-04 6.562E+00  5 1.022E-02 8.339E+00  6 1.776E-02 1.667E+00
 7 1.155E-03 3.070E+00  8 1.533E-03 4.312E+00  9 2.488E-04 1.380E+01 10 2.122E-03 3.577E+00 11 1.464E-02 1.338E+00
12 1.610E-02 6.596E-01 13 1.574E-03 2.244E+00 14 3.104E-04 4.249E+01 15 2.168E-02 1.933E+00 16 1.623E-03 1.175E+00
17 2.203E-02 1.760E+00 19 3.369E-04 2.163E+01 20 2.701E-06 7.402E+01 21 1.495E-05 3.544E+01 22 2.961E-04 1.596E+01
23 1.495E-05 1.370E+01 24 4.304E-03 3.077E-01 25 1.006E-06 2.532E+01 26 3.058E-03 6.907E-01 27 1.686E-03 1.051E+00
 95  26
 1 1.366E-02 5.066E+00  2 6.292E-06 4.367E+01  3 5.323E-04 6.916E+00  5 9.083E-03 5.275E+00  6 1.677E-02 1.623E+00
 7 1.008E-03 2.155E+00  8 1.332E-03 3.845E+00  9 2.161E-04 1.096E+01 10 2.442E-03 3.195E+00 11 1.195E-02 1.676E+00
12 1.630E-02 7.428E-01 13 1.745E-03 1.841E+00 14 1.022E-04 8.025E+01 15 3.327E-02 2.339E+00 16 1.578E-03 1.015E+00
17 2.234E-02 1.558E+00 18 1.286E-05 1.000E+02 19 4.905E-04 1.702E+01 20 4.119E-05 4.700E+01 21 9.835E-05 3.007E+01
22 2.440E-04 1.698E+01 23 1.857E-05 1.335E+01 24 4.279E-03 3.317E-01 25 1.878E-06 2.481E+01 26 3.045E-03 6.240E-01
27 1.681E-03 8.827E-01
 96  25
 1 1.527E-02 5.365E+00  2 3.897E-06 5.414E+01  3 5.263E-04 4.940E+00  5 7.894E-03 7.742E+00  6 1.612E-02 1.887E+00
 7 9.096E-04 3.547E+00  8 1.131E-03 5.919E+00  9 2.358E-04 1.364E+01 10 2.561E-03 2.911E+00 11 8.504E-03 1.994E+00
12 1.661E-02 5.803E-01 13 1.896E-03 1.355E+00 14 2.057E-04 4.777E+01 15 3.207E-02 2.077E+00 16 1.597E-03 1.336E+00
17 2.173E-02 1.658E+00 19 3.917E-04 3.418E+01 20 1.955E-05 5.916E+01 21 9.305E-05 2.936E+01 22 2.490E-04 1.987E+01
23 1.793E-05 1.332E+01 24 4.307E-03 2.662E-01 25 1.281E-06 2.811E+01 26 3.428E-03 6.519E-01 27 1.953E-03 8.121E-01
 97  25
 1 3.453E-02 3.830E+00  2 7.054E-06 4.207E+01  3 5.858E-04 6.646E+00  5 6.138E-03 1.240E+01  6 1.468E-02 2.190E+00
 7 8.256E-04 3.191E+00  8 1.061E-03 5.689E+00  9 1.889E-04 1.500E+01 10 2.615E-03 2.800E+00 11 5.963E-03 2.505E+00
12 1.594E-02 7.458E-01 13 2.044E-03 1.610E+00 14 3.079E-04 4.975E+01 15 2.879E-02 1.880E+00 16 1.599E-03 1.134E+00
17 1.990E-02 1.336E+00 19 4.785E-04 2.043E+01 20 3.770E-05 4.533E+01 21 6.253E-05 4.579E+01 22 1.902E-04 2.209E+01
23 2.151E-05 9.036E+00 24 4.366E-03 3.321E-01 25 9.947E-07 2.701E+01 26 4.758E-03 4.731E-01 27 3.043E-03 7.336E-01
 98  25
 1 3.584E-02 4.003E+00  2 1.559E-06 8.687E+01  3 6.473E-04 7.452E+00  5 5.433E-03 1.198E+01  6 1.389E-02 1.977E+00
 7 7.608E-04 3.851E+00  8 8.554E-04 5.245E+00  9 1.785E-04 1.566E+01 10 3.161E-03 3.090E+00 11 5.363E-03 2.870E+00
12 1.630E-02 7.891E-01 13 2.286E-03 1.785E+00 14 1.478E-04 7.560E+01 15 2.599E-02 2.496E+00 16 1.611E-03 1.456E+00
17 1.944E-02 1.685E+00 19 6.231E-04 2.425E+01 20 3.881E-05 7.711E+01 21 6.596E-05 4.792E+01 22 2.414E-04 1.610E+01
23 1.446E-05 1.333E+01 24 4.383E-03 3.299E-01 25 1.191E-06 2.513E+01 26 4.826E-03 6.280E-01 27 3.069E-03 7.233E-01
 99  26
 1 3.851E-02 3.838E+00  2 1.983E-06 5.311E+01  3 7.290E-04 4.932E+00  4 9.175E-07 1.000E+02  5 5.524E-03 1.122E+01
 6 1.427E-02 2.350E+00  7 6.530E-04 2.763E+00  8 8.072E-04 7.005E+00  9 1.556E-04 1.740E+01 10 3.369E-03 2.361E+00
11 4.677E-03 2.542E+00 12 1.697E-02 6.501E-01 13 2.623E-03 2.001E+00 14 1.834E-04 3.915E+01 15 2.293E-02 2.748E+00
16 1.650E-03 1.243E+00 17 1.895E-02 2.274E+00 19 5.658E-04 2.309E+01 20 1.343E-05 6.364E+01 21 2.643E-05 4.834E+01
22 1.347E-04 2.061E+01 23 2.349E-05 8.724E+00 24 4.325E-03 3.022E-01 25 8.260E-07 2.991E+01 26 4.114E-03 5.769E-01
27 2.476E-03 7.497E-01
100  25
 1 3.681E-02 4.398E+00  2 3.873E-06 3.597E+01  3 7.843E-04 5.777E+00  5 3.547E-03 1.335E+01  6 1.429E-02 1.791E+00
 7 6.364E-04 3.659E+00  8 8.275E-04 6.799E+00  9 1.393E-04 1.797E+01 10 3.926E-03 2.493E+00 11 4.358E-03 2.305E+00
12 1.779E-02 7.409E-01 13 2.937E-03 1.624E+00 14 2.436E-04 4.427E+01 15 1.834E-02 2.879E+00 16 1.631E-03 1.506E+00
17 1.870E-02 1.850E+00 19 5.164E-04 1.750E+01 20 4.226E-05 6.335E+01 21 3.953E-05 5.827E+01 22 1.165E-04 1.679E+01
23 2.247E-05 9.195E+00 24 4.286E-03 3.038E-01 25 1.072E-06 2.374E+01 26 3.233E-03 6.279E-01 27 1.726E-03 9.921E-01
101  26
 1 3.874E-02 4.236E+00  2 1.894E-06 7.035E+01  3 7.950E-04 5.068E+00  5 3.860E-03 1.053E+01  6 1.330E-02 2.050E+00
 7 5.458E-04 3.942E+00  8 7.477E-04 7.833E+00  9 1.267E-04 1.338E+01 10 4.534E-03 2.260E+00 11 3.865E-03 3.127E+00
12 1.782E-02 6.501E-01 13 3.296E-03 1.479E+00 14 1.434E-04 4.922E+01 15 1.375E-02 2.477E+00 16 1.643E-03 1.394E+00
17 1.727E-02 1.851E+00 18 1.746E-05 1.000E+02 19 7.545E-04 2.817E+01 20 1.792E-05 6.037E+01 21 4.057E-05 6.079E+01
22 1.175E-04 3.208E+01 23 2.658E-05 6.479E+00 24 4.293E-03 3.625E-01 25 1.304E-06 2.775E+01 26 3.285E-03 7.832E-01
27 1.727E-03 1.266E+00
102  26
 1 3.405E-02 3.444E+00  2 5.034E-06 3.668E+01  3 9.121E-04 5.886E+00  5 2.852E-03 1.117E+01  6 1.166E-02 2.383E+00
 7 4.817E-04 4.788E+00  8 6.668E-04 5.850E+00  9 1.520E-04 1.821E+01 10 4.843E-03 3.232E+00 11 3.467E-03 2.753E+00
12 1.727E-02 8.009E-01 13 3.496E-03 1.267E+00 14 1.564E-04 4.644E+01 15 1.107E-02 2.770E+00 16 1.628E-03 1.175E+00
17 1.466E-02 1.917E+00 18 1.277E-05 7.140E+01 19 7.961E-04 1.418E+01 20 9.596E-05 3.771E+01 21 6.317E-05 3.957E+01
22 9.024E-05 3.160E+01 23 3.063E-05 9.532E+00 24 4.329E-03 3.611E-01 25 7.423E-07 3.437E+01 26 4.251E-03 6.108E-01
27 2.525E-03 7.434E-01
103  26
 1 2.808E-02 4.341E+00  2 3.771E-06 3.433E+01  3 9.218E-04 5.988E+00  5 3.267E-03 1.356E+01  6 1.019E-02 1.734E+00
 7 4.214E-04 5.399E+00  8 5.988E-04 6.031E+00  9 8.526E-05 1.618E+01 10 5.019E-03 2.153E+00 11 2.902E-03 1.979E+00
12 1.625E-02 7.758E-01 13 3.816E-03 1.417E+00 14 1.169E-04 4.799E+01 15 9.700E-03 2.807E+00 16 1.623E-03 1.309E+00
17 1.290E-02 2.343E+00 18 8.092E-08 1.000E+02 19 7.910E-04 1.582E+01 20 1.248E-04 5.520E+01 21 6.188E-05 3.377E+01
22 8.211E-05 2.147E+01 23 2.962E-05 7.330E+00 24 4.343E-03 3.119E-01 25 4.259E-07 4.228E+01 26 4.946E-03 5.608E-01
27 3.085E-03 7.256E-01
104  25
 1 2.389E-02 4.199E+00  2 6.744E-06 4.360E+01  3 1.090E-03 4.340E+00  5 2.605E-03 1.199E+01  6 9.472E-03 2.814E+00
 7 3.947E-04 4.394E+00  8 4.804E-04 8.229E+00  9 9.975E-05 1.609E+01 10 5.888E-03 2.348E+00 11 2.548E-03 3.829E+00
12 1.615E-02 6.641E-01 13 4.365E-03 1.718E+00 14 1.147E-04 6.201E+01 15 9.296E-03 2.997E+00 16 1.614E-03 1.087E+00
17 1.080E-02 2.034E+00 19 1.144E-03 1.426E+01 20 1.708E-04 4.829E+01 21 4.952E-05 4.188E+01 22 1.553E-04 2.841E+01
23 3.369E-05 1.170E+01 24 4.342E-03 3.063E-01 25 5.040E-07 4.126E+01 26 4.906E-03 4.708E-01 27 3.043E-03 6.407E-01
105  27
 1 2.038E-02 3.641E+00  2 3.633E-06 3.987E+01  3 1.230E-03 3.912E+00  4 1.149E-05 1.000E+02  5 2.448E-03 1.279E+01
 6 8.354E-03 2.221E+00  7 3.569E-04 5.410E+00  8 4.789E-04 7.517E+00  9 1.028E-04 2.236E+01 10 7.050E-03 1.910E+00
11 2.401E-03 4.288E+00 12 1.651E-02 6.661E-01 13 5.080E-03 1.492E+00 14 1.016E-04 3.777E+01 15 7.944E-03 3.055E+00
16 1.627E-03 1.167E+00 17 8.860E-03 2.115E+00 18 3.363E-06 1.000E+02 19 1.050E-03 1.838E+01 20 3.827E-05 5.613E+01
21 4.766E-05 3.824E+01 22 9.800E-05 3.284E+01 23 4.731E-05 6.114E+00 24 4.262E-03 3.086E-01 25 4.366E-07 2.405E+01
26 3.656E-03 5.773E-01 27 1.978E-03 9.028E-01
106  27
 1 1.406E-02 3.862E+00  2 4.449E-06 3.698E+01  3 1.482E-03 4.619E+00  4 4.506E-05 8.962E+01  5 2.567E-03 1.192E+01
 6 6.406E-03 3.142E+00  7 3.136E-04 5.149E+00  8 3.928E-04 8.335E+00  9 8.091E-05 2.023E+01 10 7.604E-03 1.665E+00
11 2.157E-03 3.504E+00 12 1.596E-02 6.422E-01 13 5.860E-03 1.337E+00 14 7.224E-06 1.000E+02 15 7.650E-03 4.453E+00
16 1.631E-03 1.144E+00 17 7.192E-03 2.780E+00 18 1.419E-06 1.000E+02 19 1.057E-03 1.567E+01 20 8.008E-05 3.747E+01
21 3.032E-05 3.919E+01 22 7.868E-05 3.316E+01 23 3.808E-05 9.183E+00 24 4.224E-03 3.595E-01 25 6.224E-07 4.118E+01
26 3.405E-03 7.613E-01 27 1.747E-03 1.099E+00
107  26
 1 1.001E-02 7.163E+00  2 6.196E-06 3.100E+01  3 1.450E-03 4.061E+00  4 3.511E-06 1.000E+02  5 2.299E-03 1.385E+01
 6 5.196E-03 3.359E+00  7 2.820E-04 5.536E+00  8 4.458E-04 6.753E+00  9 8.438E-05 2.440E+01 10 9.136E-03 2.124E+00
11 1.886E-03 4.089E+00 12 7.613E-03 8.523E-01 13 6.694E-03 1.473E+00 14 6.251E-05 7.065E+01 15 6.408E-03 3.591E+00
16 1.628E-03 1.334E+00 17 5.573E-03 3.283E+00 19 8.755E-04 1.724E+01 20 8.676E-05 4.122E+01 21 2.587E-05 5.320E+01
22 4.122E-05 3.370E+01 23 4.620E-05 7.096E+00 24 4.198E-03 3.304E-01 25 6.037E-08 4.832E+01 26 3.469E-03 6.891E-01
27 1.775E-03 9.462E-01
108  25
 1 7.809E-03 6.126E+00  2 8.693E-06 2.811E+01  3 1.379E-03 3.087E+00  5 1.844E-03 1.296E+01  6 3.981E-03 2.174E+00
 7 2.488E-04 5.797E+00  8 3.644E-04 9.088E+00  9 5.884E-05 2.885E+01 10 1.111E-02 1.267E+00 11 1.553E-03 3.371E+00
12 5.935E-03 1.076E+00 13 1.178E-02 6.876E-01 14 6.579E-07 6.972E+01 15 5.662E-03 4.299E+00 16 1.644E-03 1.243E+00
17 4.501E-03 3.619E+00 19 1.306E-03 1.720E+01 20 7.164E-05 4.509E+01 21 1.676E-05 5.604E+01 22 2.454E-05 5.444E+01
23 4.966E-05 5.879E+00 24 4.163E-03 3.298E-01 25 4.333E-07 4.191E+01 26 5.114E-03 5.484E-01 27 3.203E-03 6.947E-01
109  25
 1 7.333E-03 5.829E+00  2 1.141E-05 2.500E+01  3 1.635E-03 3.314E+00  5 2.131E-03 1.495E+01  6 3.536E-03 4.431E+00
 7 2.670E-04 4.778E+00  8 3.097E-04 7.412E+00  9 6.555E-05 2.345E+01 10 1.509E-02 1.699E+00 11 1.438E-03 4.017E+00
12 5.210E-03 1.223E+00 13 1.223E-02 8.383E-01 14 1.380E-04 5.988E+01 15 5.473E-03 4.236E+00 16 1.624E-03 1.394E+00
17 3.906E-03 3.099E+00 19 1.531E-03 1.592E+01 20 7.968E-06 7.623E+01 21 1.125E-05 9.395E+01 22 4.497E-05 4.327E+01
23 4.757E-05 8.855E+00 24 4.146E-03 3.834E-01 25 1.687E-07 4.261E+01 26 5.174E-03 6.315E-01 27 3.213E-03 7.574E-01
110  26
 1 6.662E-03 8.245E+00  2 6.036E-06 3.853E+01  3 1.786E-03 3.580E+00  4 3.841E-05 1.000E+02  5 1.402E-03 1.877E+01
 6 3.162E-03 3.240E+00  7 2.295E-04 4.684E+00  8 2.649E-04 7.434E+00  9 5.812E-05 1.647E+01 10 1.998E-02 1.856E+00
11 1.194E-03 4.476E+00 12 4.781E-03 9.304E-01 13 1.296E-02 9.421E-01 14 2.923E-06 8.117E+01 15 4.616E-03 3.499E+00
16 1.655E-03 1.506E+00 17 3.714E-03 3.684E+00 19 1.767E-03 1.609E+01 20 1.606E-04 3.243E+01 21 1.025E-05 7.420E+01
22 3.630E-05 2.433E+01 23 5.379E-05 8.315E+00 24 4.129E-03 3.476E-01 25 6.378E-07 4.750E+01 26 4.816E-03 5.881E-01
27 2.916E-03 6.837E-01
111  25
 1 6.415E-03 7.382E+00  2 9.835E-06 3.473E+01  3 1.893E-03 2.786E+00  5 1.644E-03 1.740E+01  6 3.159E-03 3.887E+00
 7 1.922E-04 7.256E+00  8 2.426E-04 1.224E+01  9 2.731E-05 3.511E+01 10 2.400E-02 1.770E+00 11 1.211E-03 4.319E+00
12 4.566E-03 1.121E+00 13 1.395E-02 7.700E-01 14 5.349E-05 6.791E+01 15 4.714E-03 4.301E+00 16 1.673E-03 1.079E+00
17 3.517E-03 4.322E+00 19 1.501E-03 1.497E+01 20 8.189E-05 4.347E+01 21 7.714E-06 9.565E+01 22 3.501E-05 5.435E+01
23 5.518E-05 6.117E+00 24 4.042E-03 4.388E-01 25 2.072E-07 4.321E+01 26 3.554E-03 7.563E-01 27 1.820E-03 1.002E+00
112  26
 1 6.075E-03 8.190E+00  2 1.187E-05 2.946E+01  3 2.133E-03 3.073E+00  4 4.542E-05 1.000E+02  5 1.590E-03 1.869E+01
 6 2.891E-03 4.051E+00  7 1.847E-04 6.027E+00  8 2.629E-04 9.411E+00  9 3.484E-05 3.387E+01 10 2.585E-02 8.451E-01
11 1.185E-03 4.467E+00 12 4.071E-03 1.296E+00 13 1.402E-02 5.941E-01 14 1.912E-05 1.000E+02 15 4.121E-03 4.658E+00
16 1.642E-03 1.427E+00 17 3.145E-03 5.068E+00 19 2.150E-03 1.465E+01 20 1.793E-04 3.818E+01 21 2.435E-06 8.381E+01
22 4.974E-05 3.503E+01 23 5.948E-05 8.139E+00 24 4.009E-03 3.026E-01 25 3.123E-08 4.801E+01 26 3.511E-03 6.605E-01
27 1.793E-03 9.129E-01
113  25
 1 4.842E-03 9.558E+00  2 5.442E-06 3.439E+01  3 2.232E-03 3.363E+00  4 2.415E-05 1.000E+02  5 1.194E-03 1.630E+01
 6 2.565E-03 4.602E+00  7 1.574E-04 8.436E+00  8 2.186E-04 1.111E+01  9 3.179E-05 2.195E+01 10 2.536E-02 9.634E-01
11 1.002E-03 6.584E+00 12 3.759E-03 1.473E+00 13 1.368E-02 7.998E-01 15 3.697E-03 4.366E+00 16 1.644E-03 1.398E+00
17 2.631E-03 4.446E+00 19 2.107E-03 9.785E+00 20 1.146E-04 3.483E+01 21 5.432E-06 1.000E+02 22 2.248E-05 3.684E+01
23 5.554E-05 7.776E+00 24 4.058E-03 3.263E-01 25 3.047E-07 4.315E+01 26 4.242E-03 5.037E-01 27 2.409E-03 4.951E-01
114  25
 1 4.671E-03 9.024E+00  2 9.192E-06 3.222E+01  3 2.475E-03 3.399E+00  5 1.455E-03 2.494E+01  6 2.270E-03 4.647E+00
 7 1.366E-04 1.070E+01  8 1.860E-04 1.097E+01  9 3.752E-05 2.731E+01 10 2.414E-02 1.092E+00 11 8.633E-04 6.266E+00
12 3.360E-03 1.154E+00 13 1.342E-02 7.262E-01 14 1.293E-04 5.993E+01 15 3.451E-03 5.271E+00 16 1.646E-03 1.454E+00
17 2.594E-03 3.563E+00 19 2.268E-03 1.524E+01 20 1.731E-04 2.743E+01 21 3.133E-05 5.873E+01 22 3.194E-05 5.266E+01
23 6.134E-05 7.475E+00 24 4.162E-03 3.486E-01 25 1.017E-07 5.984E+01 26 5.303E-03 4.627E-01 27 3.237E-03 6.310E-01
115  25
 1 3.517E-03 9.927E+00  2 3.967E-06 3.076E+01  3 2.763E-03 2.434E+00  5 7.533E-04 1.595E+01  6 2.117E-03 6.016E+00
 7 1.388E-04 7.409E+00  8 1.633E-04 1.223E+01  9 2.452E-05 2.787E+01 10 2.449E-02 1.158E+00 11 7.884E-04 6.762E+00
12 2.987E-03 2.232E+00 13 1.338E-02 7.574E-01 14 4.533E-05 9.762E+01 15 3.005E-03 4.736E+00 16 1.669E-03 9.654E-01
17 2.290E-03 3.839E+00 19 2.620E-03 9.910E+00 20 1.524E-04 4.049E+01 21 6.074E-08 1.000E+02 22 3.139E-05 8.361E+01
23 6.804E-05 7.765E+00 24 4.135E-03 2.955E-01 25 1.559E-07 5.250E+01 26 5.259E-03 4.729E-01 27 3.214E-03 5.261E-01
116  25
 1 3.159E-03 8.949E+00  2 5.645E-06 2.222E+01  3 3.183E-03 2.293E+00  5 6.284E-04 1.811E+01  6 1.950E-03 4.469E+00
 7 1.151E-04 8.478E+00  8 2.070E-04 9.499E+00  9 2.775E-05 4.353E+01 10 2.576E-02 1.168E+00 11 8.542E-04 4.561E+00
12 2.918E-03 1.371E+00 13 1.413E-02 6.813E-01 14 6.399E-05 1.000E+02 15 2.833E-03 4.600E+00 16 1.687E-03 1.621E+00
17 1.993E-03 5.160E+00 19 2.918E-03 1.152E+01 20 2.185E-04 3.683E+01 21 3.711E-07 1.000E+02 22 4.431E-05 3.588E+01
23 7.875E-05 5.080E+00 24 4.069E-03 3.256E-01 25 1.423E-07 9.893E+01 26 4.270E-03 5.588E-01 27 2.396E-03 7.466E-01
117  26
 1 3.192E-03 1.109E+01  2 1.307E-05 2.292E+01  3 5.984E-03 1.880E+00  4 5.057E-05 1.000E+02  5 8.634E-04 2.012E+01
 6 1.780E-03 5.088E+00  7 1.142E-04 7.382E+00  8 1.818E-04 1.396E+01  9 4.790E-05 2.331E+01 10 2.571E-02 1.166E+00
11 6.758E-04 4.529E+00 12 2.643E-03 1.337E+00 13 1.430E-02 9.959E-01 14 9.488E-07 1.000E+02 15 2.780E-03 4.881E+00
16 1.917E-03 1.054E+00 17 1.964E-03 4.320E+00 19 4.200E-03 1.122E+01 20 2.179E-04 3.851E+01 21 3.925E-06 1.000E+02
22 6.485E-06 6.719E+01 23 7.380E-05 6.210E+00 24 4.021E-03 3.251E-01 25 1.745E-07 4.146E+01 26 3.625E-03 6.168E-01
27 1.829E-03 9.372E-01
118  25
 1 2.753E-03 7.916E+00  2 1.658E-05 1.729E+01  3 1.260E-02 1.999E+00  5 7.991E-04 2.232E+01  6 1.724E-03 4.560E+00
 7 1.355E-04 7.162E+00  8 1.537E-04 1.418E+01  9 2.364E-05 2.883E+01 10 2.490E-02 1.192E+00 11 6.598E-04 6.635E+00
12 2.448E-03 1.868E+00 13 1.418E-02 8.150E-01 14 1.412E-05 1.000E+02 15 2.612E-03 4.976E+00 16 1.913E-03 9.976E-01
17 1.846E-03 5.067E+00 19 3.307E-03 7.785E+00 20 2.291E-04 3.123E+01 21 1.237E-05 6.535E+01 22 2.404E-05 7.898E+01
23 9.373E-05 6.596E+00 24 4.043E-03 2.456E-01 25 3.434E-07 3.613E+01 26 3.661E-03 6.609E-01 27 1.838E-03 7.347E-01
119  26
 1 2.538E-03 8.276E+00  2 1.342E-05 2.464E+01  3 1.842E-02 1.409E+00  4 1.163E-05 1.000E+02  5 6.755E-04 2.549E+01
 6 1.678E-03 4.667E+00  7 1.058E-04 9.167E+00  8 1.195E-04 1.657E+01  9 1.790E-05 4.767E+01 10 2.153E-02 1.147E+00
11 6.812E-04 6.195E+00 12 2.045E-03 1.592E+00 13 1.329E-02 9.590E-01 14 6.046E-05 7.742E+01 15 2.238E-03 5.797E+00
16 1.867E-03 1.154E+00 17 1.662E-03 4.206E+00 19 3.984E-03 9.978E+00 20 2.084E-04 2.496E+01 21 1.003E-05 9.898E+01
22 3.225E-05 4.339E+01 23 9.174E-05 5.691E+00 24 4.134E-03 3.096E-01 25 2.840E-07 4.719E+01 26 4.902E-03 5.470E-01
27 2.880E-03 7.080E-01
120  24
 1 2.474E-03 1.351E+01  2 1.463E-05 2.989E+01  3 2.353E-02 1.409E+00  5 6.348E-04 2.556E+01  6 1.287E-03 6.095E+00
 7 8.525E-05 9.014E+00  8 1.410E-04 1.552E+01  9 2.651E-05 3.868E+01 10 2.084E-02 1.724E+00 11 5.832E-04 6.228E+00
12 2.005E-03 2.173E+00 13 1.298E-02 1.002E+00 15 1.888E-03 5.476E+00 16 1.820E-03 1.235E+00 17 1.591E-03 7.166E+00
19 4.412E-03 9.728E+00 20 2.279E-04 2.726E+01 21 1.473E-05 1.000E+02 22 4.205E-06 6.108E+01 23 1.025E-04 5.740E+00
24 4.177E-03 3.628E-01 25 2.033E-07 4.121E+01 26 5.206E-03 6.485E-01 27 3.124E-03 7.583E-01
121  26
 1 2.067E-03 1.139E+01  2 9.087E-06 2.710E+01  3 2.684E-02 1.240E+00  5 9.628E-04 2.834E+01  6 1.290E-03 5.557E+00
 7 1.118E-04 7.809E+00  8 1.241E-04 1.381E+01  9 8.664E-06 4.377E+01 10 1.970E-02 1.593E+00 11 4.743E-04 6.484E+00
12 1.875E-03 1.516E+00 13 1.257E-02 9.036E-01 14 3.708E-05 6.939E+01 15 2.005E-03 6.639E+00 16 1.802E-03 1.034E+00
17 1.479E-03 6.257E+00 18 6.062E-06 1.000E+02 19 4.400E-03 1.010E+01 20 3.155E-04 3.832E+01 21 3.436E-06 7.097E+01
22 7.853E-06 7.326E+01 23 1.027E-04 5.672E+00 24 4.153E-03 3.017E-01 25 6.379E-07 3.132E+01 26 5.166E-03 5.240E-01
27 3.063E-03 7.108E-01
122  25
 1 1.882E-03 1.276E+01  2 2.578E-05 2.498E+01  3 3.056E-02 1.269E+00  4 6.858E-05 1.000E+02  5 6.494E-04 2.350E+01
 6 1.165E-03 3.668E+00  7 9.139E-05 1.233E+01  8 1.481E-04 1.340E+01  9 3.063E-05 3.755E+01 10 1.999E-02 1.079E+00
11 5.135E-04 7.615E+00 12 1.725E-03 1.667E+00 13 1.333E-02 1.024E+00 15 1.662E-03 8.990E+00 16 1.805E-03 1.424E+00
17 1.268E-03 4.967E+00 19 5.023E-03 7.072E+00 20 4.042E-04 2.267E+01 21 2.544E-06 1.000E+02 22 4.233E-05 5.365E+01
23 1.229E-04 3.932E+00 24 4.095E-03 3.151E-01 25 6.877E-07 2.983E+01 26 3.882E-03 5.310E-01 27 1.913E-03 7.698E-01
123  24
 1 1.746E-03 2.076E+01  2 1.269E-05 2.249E+01  3 3.170E-02 9.725E-01  5 5.400E-04 3.265E+01  6 1.035E-03 4.944E+00
 7 6.652E-05 1.516E+01  8 1.190E-04 1.292E+01  9 1.854E-05 3.962E+01 10 1.850E-02 1.730E+00 11 4.254E-04 6.371E+00
12 1.611E-03 2.103E+00 13 1.313E-02 9.756E-01 15 1.687E-03 7.255E+00 16 1.758E-03 1.052E+00 17 1.308E-03 6.524E+00
19 5.888E-03 8.854E+00 20 5.591E-04 2.557E+01 21 3.254E-06 1.000E+02 22 1.558E-05 6.178E+01 23 1.137E-04 4.508E+00
24 4.124E-03 3.536E-01 25 3.523E-07 3.443E+01 26 4.211E-03 6.360E-01 27 2.071E-03 7.849E-01
124  27
 1 1.851E-03 1.199E+01  2 1.778E-05 2.557E+01  3 3.273E-02 8.342E-01  4 1.790E-05 8.791E+01  5 8.371E-04 2.884E+01
 6 1.002E-03 5.623E+00  7 6.568E-05 1.218E+01  8 9.206E-05 1.412E+01  9 1.795E-05 6.453E+01 10 1.710E-02 1.439E+00
11 4.464E-04 5.221E+00 12 1.423E-03 3.189E+00 13 1.285E-02 8.103E-01 14 1.713E-05 1.000E+02 15 1.572E-03 6.226E+00
16 1.752E-03 1.315E+00 17 1.048E-03 6.675E+00 18 6.452E-06 1.000E+02 19 7.710E-03 7.127E+00 20 3.786E-04 3.550E+01
21 2.207E-06 8.543E+01 22 4.064E-05 7.622E+01 23 1.345E-04 3.996E+00 24 4.135E-03 3.311E-01 25 7.727E-07 3.770E+01
26 4.565E-03 4.248E-01 27 2.361E-03 6.207E-01
125  26
 1 1.235E-03 1.652E+01  2 2.429E-05 2.447E+01  3 3.265E-02 8.870E-01  5 4.741E-04 3.200E+01  6 7.933E-04 6.670E+00
 7 7.141E-05 1.245E+01  8 9.057E-05 2.295E+01  9 2.919E-05 3.970E+01 10 1.517E-02 1.302E+00 11 3.469E-04 9.123E+00
12 1.315E-03 2.263E+00 13 1.204E-02 7.327E-01 14 2.007E-04 5.730E+01 15 1.282E-03 9.653E+00 16 1.778E-03 9.977E-01
17 1.093E-03 6.610E+00 18 1.848E-06 1.000E+02 19 7.169E-03 8.277E+00 20 4.233E-04 2.354E+01 21 2.195E-05 6.982E+01
22 4.342E-06 7.389E+01 23 1.403E-04 4.018E+00 24 4.201E-03 3.086E-01 25 2.558E-07 4.450E+01 26 5.663E-03 5.183E-01
27 3.365E-03 6.348E-01
126  24
 1 1.710E-03 1.545E+01  2 2.317E-05 1.819E+01  3 3.118E-02 9.579E-01  5 2.964E-04 3.453E+01  6 8.428E-04 7.451E+00
 7 6.030E-05 1.763E+01  8 7.599E-05 1.472E+01  9 1.420E-05 5.540E+01 10 1.360E-02 1.340E+00 11 2.902E-04 7.509E+00
12 1.254E-03 2.415E+00 13 1.185E-02 1.033E+00 15 1.192E-03 1.101E+01 16 1.762E-03 9.689E-01 17 9.234E-04 5.361E+00
19 9.300E-03 7.592E+00 20 4.082E-04 2.190E+01 21 3.538E-06 9.718E+01 22 5.182E-06 4.691E+01 23 1.594E-04 4.677E+00
24 4.214E-03 2.860E-01 25 3.644E-07 3.037E+01 26 5.770E-03 5.115E-01 27 3.397E-03 5.596E-01
127  25
 1 1.515E-03 1.665E+01  2 2.281E-05 1.629E+01  3 3.028E-02 1.013E+00  4 2.958E-05 1.000E+02  5 5.587E-04 2.867E+01
 6 7.458E-04 7.956E+00  7 6.505E-05 1.400E+01  8 8.066E-05 2.007E+01  9 2.049E-05 3.787E+01 10 1.244E-02 1.774E+00
11 3.426E-04 7.391E+00 12 1.099E-03 2.660E+00 13 1.217E-02 5.957E-01 15 1.034E-03 9.195E+00 16 1.789E-03 8.413E-01
17 9.611E-04 7.415E+00 19 1.197E-02 5.781E+00 20 4.810E-04 2.096E+01 21 1.102E-05 6.154E+01 22 5.696E-05 5.964E+01
23 1.664E-04 3.658E+00 24 4.182E-03 2.773E-01 25 3.193E-07 5.455E+01 26 5.201E-03 4.847E-01 27 2.940E-03 5.705E-01
128  26
 1 1.118E-03 1.842E+01  2 2.197E-05 1.767E+01  3 2.713E-02 1.468E+00  4 1.146E-04 9.792E+01  5 4.606E-04 2.748E+01
 6 7.308E-04 8.107E+00  7 5.115E-05 1.336E+01  8 6.827E-05 2.204E+01  9 1.063E-05 4.896E+01 10 1.130E-02 1.705E+00
11 2.576E-04 8.300E+00 12 1.059E-03 1.817E+00 13 1.245E-02 8.733E-01 14 2.434E-05 1.000E+02 15 1.025E-03 8.902E+00
16 1.796E-03 1.416E+00 17 8.216E-04 8.984E+00 19 1.977E-02 4.735E+00 20 4.844E-04 1.961E+01 21 6.496E-06 7.890E+01
22 1.730E-05 5.117E+01 23 1.830E-04 4.528E+00 24 4.119E-03 3.119E-01 25 4.098E-08 8.671E+01 26 4.412E-03 5.081E-01
27 2.248E-03 6.307E-01
129  25
 1 1.446E-03 1.530E+01  2 2.864E-05 2.440E+01  3 2.341E-02 9.480E-01  5 2.889E-04 5.525E+01  6 7.160E-04 7.513E+00
 7 5.620E-05 1.101E+01  8 6.340E-05 2.139E+01  9 2.750E-05 4.015E+01 10 1.030E-02 1.284E+00 11 2.891E-04 9.757E+00
12 1.001E-03 2.641E+00 13 1.272E-02 7.816E-01 14 2.035E-05 7.623E+01 15 8.574E-04 9.320E+00 16 1.877E-03 1.420E+00
17 8.115E-04 7.325E+00 19 2.415E-02 5.138E+00 20 5.807E-04 2.422E+01 21 8.870E-07 1.000E+02 22 8.843E-06 7.648E+01
23 2.063E-04 4.050E+00 24 4.132E-03 3.065E-01 25 5.675E-07 3.191E+01 26 4.434E-03 6.458E-01 27 2.251E-03 8.978E-01
130  25
 1 1.765E-03 1.158E+01  2 2.053E-05 1.724E+01  3 1.880E-02 1.308E+00  5 2.260E-04 3.129E+01  6 5.342E-04 7.779E+00
 7 4.601E-05 1.415E+01  8 6.015E-05 1.997E+01  9 1.723E-05 3.133E+01 10 8.873E-03 1.692E+00 11 2.878E-04 1.036E+01
12 9.220E-04 2.824E+00 13 1.208E-02 7.207E-01 14 1.161E-06 1.000E+02 15 8.171E-04 1.162E+01 16 1.877E-03 1.025E+00
17 7.435E-04 6.090E+00 19 2.889E-02 4.920E+00 20 6.878E-04 2.025E+01 21 8.841E-07 1.000E+02 22 5.543E-06 7.106E+01
23 2.045E-04 3.050E+00 24 4.197E-03 3.489E-01 25 3.429E-07 5.596E+01 26 5.327E-03 5.866E-01 27 2.979E-03 8.317E-01
131  24
 1 1.016E-03 2.268E+01  2 2.940E-05 1.309E+01  3 1.241E-02 1.503E+00  5 2.181E-04 3.766E+01  6 4.877E-04 8.506E+00
 7 3.781E-05 1.306E+01  8 4.265E-05 3.233E+01  9 2.607E-06 6.852E+01 10 6.322E-03 1.750E+00 11 2.203E-04 1.240E+01
12 8.142E-04 2.482E+00 13 1.230E-02 9.510E-01 15 7.857E-04 1.281E+01 16 1.860E-03 1.105E+00 17 6.958E-04 8.779E+00
19 3.268E-02 3.959E+00 20 7.967E-04 1.552E+01 21 4.819E-06 7.284E+01 22 1.125E-05 7.019E+01 23 2.197E-04 3.924E+00
24 4.189E-03 3.525E-01 25 2.589E-07 6.396E+01 26 5.974E-03 4.545E-01 27 3.519E-03 4.643E-01
132  25
 1 1.193E-03 2.139E+01  2 2.863E-05 1.180E+01  3 5.725E-03 2.589E+00  4 3.606E-05 7.880E+01  5 3.747E-04 3.359E+01
 6 5.354E-04 8.945E+00  7 4.203E-05 1.156E+01  8 6.507E-05 2.130E+01  9 6.917E-06 4.478E+01 10 5.740E-03 2.251E+00
11 2.013E-04 9.546E+00 12 7.461E-04 3.322E+00 13 1.203E-02 8.739E-01 15 7.789E-04 8.487E+00 16 1.894E-03 1.032E+00
17 5.879E-04 6.522E+00 19 3.384E-02 2.756E+00 20 6.780E-04 1.971E+01 21 3.098E-06 1.000E+02 22 1.385E-06 1.000E+02
23 2.395E-04 2.764E+00 24 4.202E-03 2.991E-01 25 8.553E-09 1.000E+02 26 6.104E-03 5.183E-01 27 3.618E-03 5.252E-01
133  24
 1 8.190E-04 1.606E+01  2 2.692E-05 1.928E+01  3 3.163E-03 2.608E+00  4 3.042E-05 1.000E+02  5 4.333E-04 3.337E+01
 6 4.854E-04 9.404E+00  7 4.463E-05 1.651E+01  8 4.946E-05 2.005E+01  9 3.988E-06 7.538E+01 10 5.266E-03 2.060E+00
11 2.015E-04 9.677E+00 12 7.231E-04 3.334E+00 13 1.247E-02 1.064E+00 15 7.125E-04 9.728E+00 16 1.643E-03 1.218E+00
17 6.522E-04 7.069E+00 19 4.140E-02 2.565E+00 20 8.731E-04 1.881E+01 22 1.937E-06 6.885E+01 23 2.693E-04 3.435E+00
24 4.101E-03 3.070E-01 25 7.950E-08 7.689E+01 26 4.879E-03 6.244E-01 27 2.580E-03 7.164E-01
134  25
 1 8.774E-04 1.604E+01  2 3.659E-05 1.708E+01  3 2.802E-03 2.672E+00  4 5.250E-05 7.523E+01  5 2.208E-04 4.180E+01
 6 4.410E-04 8.216E+00  7 2.790E-05 1.547E+01  8 5.786E-05 2.327E+01  9 2.037E-06 5.707E+01 10 4.926E-03 1.629E+00
11 1.800E-04 1.550E+01 12 6.911E-04 3.362E+00 13 1.244E-02 1.044E+00 15 7.583E-04 1.000E+01 16 1.672E-03 1.109E+00
17 6.407E-04 1.052E+01 19 4.206E-02 2.736E+00 20 1.013E-03 2.097E+01 21 1.659E-07 1.000E+02 22 2.613E-06 7.283E+01
23 2.850E-04 3.354E+00 24 4.074E-03 3.208E-01 25 4.294E-08 6.539E+01 26 4.522E-03 5.905E-01 27 2.262E-03 8.045E-01
135  24
 1 4.890E-04 2.372E+01  2 3.036E-05 1.355E+01  3 2.643E-03 2.983E+00  5 2.971E-04 3.122E+01  6 4.333E-04 1.130E+01
 7 3.756E-05 1.602E+01  8 7.523E-05 2.142E+01  9 9.220E-06 5.675E+01 10 4.319E-03 2.537E+00 11 1.643E-04 1.129E+01
12 6.389E-04 2.906E+00 13 1.209E-02 8.221E-01 14 1.745E-05 1.000E+02 15 5.067E-04 1.073E+01 16 1.653E-03 1.086E+00
17 4.365E-04 8.608E+00 19 4.273E-02 3.573E+00 20 7.708E-04 1.778E+01 22 2.611E-05 5.551E+01 23 3.298E-04 2.975E+00
24 4.087E-03 2.956E-01 25 3.787E-08 9.895E+01 26 4.587E-03 4.550E-01 27 2.288E-03 6.918E-01
136  26
 1 7.667E-04 2.956E+01  2 5.441E-05 1.099E+01  3 2.375E-03 3.687E+00  4 2.535E-05 9.637E+01  5 2.016E-04 2.850E+01
 6 3.621E-04 9.961E+00  7 2.609E-05 1.826E+01  8 2.347E-05 2.673E+01  9 5.363E-06 4.719E+01 10 3.823E-03 2.671E+00
11 1.691E-04 1.264E+01 12 5.532E-04 2.959E+00 13 1.088E-02 8.945E-01 14 3.399E-05 1.000E+02 15 4.794E-04 1.003E+01
16 1.623E-03 1.423E+00 17 4.369E-04 8.503E+00 19 3.727E-02 3.090E+00 20 1.321E-03 1.395E+01 21 6.057E-08 1.000E+02
22 2.790E-07 1.000E+02 23 3.423E-04 3.137E+00 24 4.180E-03 2.741E-01 25 7.075E-09 8.671E+01 26 6.125E-03 4.339E-01
27 3.618E-03 6.082E-01
137  23
 1 6.743E-04 1.525E+01  2 4.595E-05 9.481E+00  3 1.964E-03 4.099E+00  5 3.654E-04 3.578E+01  6 3.064E-04 1.036E+01
 7 2.554E-05 1.917E+01  8 4.060E-05 2.604E+01  9 4.880E-06 4.528E+01 10 3.350E-03 3.338E+00 11 1.487E-04 1.090E+01
12 5.552E-04 3.882E+00 13 1.059E-02 1.205E+00 15 4.937E-04 1.398E+01 16 1.641E-03 8.467E-01 17 3.955E-04 1.193E+01
19 3.581E-02 3.132E+00 20 7.992E-04 1.688E+01 22 3.923E-06 9.797E+01 23 3.508E-04 3.143E+00 24 4.190E-03 3.621E-01
25 3.280E-08 1.000E+02 26 6.192E-03 4.988E-01 27 3.637E-03 5.872E-01
138  24
 1 5.621E-04 2.575E+01  2 5.588E-05 1.686E+01  3 1.802E-03 3.812E+00  5 2.518E-04 4.256E+01  6 3.189E-04 1.280E+01
 7 2.286E-05 1.687E+01  8 3.194E-05 2.543E+01  9 7.246E-06 5.102E+01 10 3.241E-03 3.021E+00 11 1.465E-04 1.247E+01
12 5.299E-04 4.119E+00 13 1.043E-02 8.014E-01 15 4.166E-04 1.108E+01 16 1.645E-03 1.409E+00 17 3.741E-04 9.620E+00
19 3.205E-02 4.232E+00 20 1.232E-03 1.576E+01 21 1.103E-06 8.541E+01 22 9.567E-07 1.000E+02 23 4.176E-04 2.138E+00
24 4.175E-03 3.198E-01 25 1.544E-08 9.191E+01 26 5.815E-03 4.835E-01 27 3.334E-03 5.448E-01
139  24
 1 6.198E-04 2.763E+01  2 5.007E-05 1.669E+01  3 1.897E-03 3.083E+00  5 9.005E-05 5.265E+01  6 3.170E-04 8.689E+00
 7 2.564E-05 2.021E+01  8 4.056E-05 2.692E+01  9 8.899E-06 6.006E+01 10 2.986E-03 2.570E+00 11 1.480E-04 1.395E+01
12 4.771E-04 3.699E+00 13 1.047E-02 9.401E-01 14 1.066E-05 1.000E+02 15 4.415E-04 8.405E+00 16 1.654E-03 1.067E+00
17 4.245E-04 1.094E+01 19 2.952E-02 4.091E+00 20 1.397E-03 1.458E+01 21 1.776E-06 1.000E+02 23 4.424E-04 2.985E+00
24 4.096E-03 3.356E-01 25 1.109E-07 5.194E+01 26 4.577E-03 5.576E-01 27 2.285E-03 7.115E-01
140  25
 1 5.688E-04 2.678E+01  2 7.910E-05 1.356E+01  3 1.596E-03 3.638E+00  4 5.911E-05 7.590E+01  5 3.026E-04 5.175E+01
 6 2.755E-04 7.235E+00  7 2.438E-05 1.493E+01  8 3.128E-05 3.087E+01  9 8.378E-06 5.429E+01 10 2.759E-03 2.729E+00
11 1.116E-04 1.197E+01 12 4.417E-04 3.874E+00 13 9.874E-03 9.276E-01 15 3.609E-04 1.581E+01 16 1.643E-03 1.250E+00
17 4.035E-04 9.138E+00 19 2.427E-02 3.893E+00 20 1.985E-03 1.561E+01 21 7.286E-06 9.909E+01 22 1.296E-07 7.776E+01
23 5.118E-04 2.362E+00 24 4.057E-03 3.069E-01 25 6.486E-08 6.824E+01 26 4.517E-03 5.289E-01 27 2.222E-03 7.826E-01
141  24
 1 2.492E-04 4.638E+01  2 5.960E-05 9.616E+00  3 1.479E-03 4.327E+00  4 8.867E-05 5.405E+01  5 1.037E-04 6.338E+01
 6 3.031E-04 1.094E+01  7 1.535E-05 1.778E+01  8 2.993E-05 2.695E+01  9 2.083E-06 6.845E+01 10 2.414E-03 2.733E+00
11 1.187E-04 1.301E+01 12 4.078E-04 3.839E+00 13 9.377E-03 1.014E+00 15 3.334E-04 1.263E+01 16 1.655E-03 1.147E+00
17 3.701E-04 1.293E+01 19 1.846E-02 4.758E+00 20 1.945E-03 1.623E+01 22 2.358E-06 9.514E+01 23 5.338E-04 2.655E+00
24 4.115E-03 3.391E-01 25 2.098E-09 1.000E+02 26 5.167E-03 5.132E-01 27 2.771E-03 6.566E-01
142  23
 1 4.968E-04 2.809E+01  2 7.624E-05 8.091E+00  3 1.366E-03 4.582E+00  5 3.302E-04 3.047E+01  6 1.516E-04 1.366E+01
 7 1.910E-05 2.097E+01  8 3.029E-05 3.655E+01  9 6.038E-06 7.870E+01 10 2.031E-03 2.460E+00 11 1.041E-04 1.780E+01
12 4.112E-04 4.101E+00 13 8.577E-03 1.018E+00 15 3.693E-04 1.216E+01 16 1.614E-03 8.974E-01 17 2.811E-04 1.357E+01
19 1.253E-02 6.266E+00 20 1.477E-03 1.355E+01 21 7.938E-06 8.910E+01 22 5.352E-06 7.791E+01 23 5.695E-04 1.920E+00
24 4.164E-03 3.717E-01 26 6.141E-03 4.977E-01 27 3.579E-03 5.666E-01
143  25
 1 4.092E-04 1.692E+01  2 8.584E-05 9.383E+00  3 1.211E-03 5.143E+00  4 3.461E-06 1.000E+02  5 1.224E-04 4.736E+01
 6 2.115E-04 1.317E+01  7 1.712E-05 2.239E+01  8 3.158E-05 3.157E+01  9 1.161E-06 9.297E+01 10 1.917E-03 3.430E+00
11 1.166E-04 1.262E+01 12 3.562E-04 5.352E+00 13 7.922E-03 1.261E+00 15 2.856E-04 1.565E+01 16 1.671E-03 9.794E-01
17 3.148E-04 1.267E+01 18 6.422E-08 1.000E+02 19 8.630E-03 5.848E+00 20 2.209E-03 1.288E+01 22 1.711E-06 1.000E+02
23 6.200E-04 2.462E+00 24 4.158E-03 3.274E-01 25 1.145E-08 9.424E+01 26 6.093E-03 4.761E-01 27 3.539E-03 6.271E-01
144  24
 1 4.069E-04 2.514E+01  2 1.049E-04 9.297E+00  3 1.094E-03 4.552E+00  4 1.942E-05 1.000E+02  5 1.125E-04 4.253E+01
 6 2.200E-04 1.311E+01  7 1.667E-05 2.591E+01  8 1.108E-05 4.460E+01  9 5.768E-06 8.402E+01 10 1.854E-03 2.952E+00
11 8.102E-05 1.518E+01 12 3.487E-04 3.366E+00 13 7.741E-03 9.048E-01 15 2.872E-04 1.138E+01 16 1.648E-03 1.078E+00
17 2.492E-04 1.024E+01 19 7.998E-03 4.963E+00 20 2.013E-03 1.769E+01 22 4.761E-06 1.000E+02 23 7.173E-04 1.654E+00
24 4.093E-03 3.362E-01 25 3.788E-08 7.238E+01 26 5.209E-03 5.446E-01 27 2.774E-03 6.759E-01
145  23
 1 4.116E-04 3.022E+01  2 1.078E-04 1.065E+01  3 1.107E-03 4.904E+00  5 1.548E-05 6.832E+01  6 2.120E-04 1.203E+01
 7 1.356E-05 2.185E+01  8 3.791E-05 2.355E+01  9 4.740E-06 6.794E+01 10 1.764E-03 4.682E+00 11 8.323E-05 2.084E+01
12 3.094E-04 4.772E+00 13 7.625E-03 1.222E+00 15 2.583E-04 1.391E+01 16 1.690E-03 1.308E+00 17 2.423E-04 1.149E+01
19 6.981E-03 6.248E+00 20 2.146E-03 1.015E+01 22 4.304E-06 1.000E+02 23 7.997E-04 1.928E+00 24 4.061E-03 3.576E-01
25 4.099E-08 6.891E+01 26 4.540E-03 5.586E-01 27 2.198E-03 7.774E-01
146  24
 1 3.008E-04 2.973E+01  2 1.230E-04 6.905E+00  3 1.009E-03 5.138E+00  4 2.788E-05 1.000E+02  5 1.027E-04 4.881E+01
 6 1.736E-04 1.223E+01  7 1.384E-05 2.309E+01  8 1.514E-05 2.990E+01  9 2.293E-06 6.365E+01 10 1.616E-03 4.365E+00
11 1.059E-04 1.106E+01 12 2.692E-04 4.695E+00 13 7.173E-03 1.269E+00 15 2.957E-04 1.492E+01 16 1.667E-03 9.794E-01
17 2.418E-04 1.593E+01 19 5.773E-03 7.345E+00 20 2.770E-03 1.322E+01 22 3.151E-07 8.774E+01 23 8.931E-04 2.072E+00
24 4.017E-03 3.278E-01 25 4.653E-09 1.000E+02 26 4.505E-03 6.127E-01 27 2.180E-03 6.175E-01
147  23
 1 2.813E-04 3.084E+01  2 1.439E-04 7.933E+00  3 8.826E-04 4.523E+00  4 1.797E-04 5.782E+01  5 6.651E-05 6.679E+01
 6 9.220E-05 1.355E+01  7 1.394E-05 2.143E+01  8 1.612E-05 3.890E+01  9 2.255E-06 6.106E+01 10 1.315E-03 3.162E+00
11 6.994E-05 2.206E+01 12 2.683E-04 5.899E+00 13 6.228E-03 1.012E+00 15 2.844E-04 1.980E+01 16 1.665E-03 9.774E-01
17 2.131E-04 1.551E+01 19 5.572E-03 7.898E+00 20 2.600E-03 1.227E+01 23 9.459E-04 2.246E+00 24 4.067E-03 3.234E-01
25 2.840E-09 1.000E+02 26 5.741E-03 5.941E-01 27 3.202E-03 6.771E-01
148  23
 1 2.343E-04 2.849E+01  2 1.437E-04 8.473E+00  3 8.375E-04 5.214E+00  4 1.210E-04 7.798E+01  5 3.012E-07 1.000E+02
 6 1.333E-04 1.768E+01  7 1.205E-05 2.089E+01  8 1.887E-05 3.108E+01  9 9.355E-07 7.878E+01 10 1.252E-03 3.258E+00
11 7.489E-05 1.891E+01 12 2.317E-04 4.401E+00 13 5.616E-03 1.463E+00 15 2.516E-04 1.838E+01 16 1.691E-03 8.799E-01
17 1.614E-04 1.271E+01 19 5.081E-03 8.347E+00 20 3.174E-03 9.366E+00 21 6.148E-06 1.000E+02 23 1.072E-03 2.110E+00
24 4.074E-03 3.082E-01 26 6.069E-03 4.448E-01 27 3.466E-03 5.499E-01
149  24
 1 1.607E-04 3.328E+01  2 1.746E-04 7.224E+00  3 7.022E-04 5.346E+00  4 1.186E-04 6.910E+01  5 4.587E-05 6.610E+01
 6 1.124E-04 1.744E+01  7 8.261E-06 2.700E+01  8 3.529E-05 3.284E+01  9 1.283E-08 1.000E+02 10 1.209E-03 4.481E+00
11 5.827E-05 2.545E+01 12 2.212E-04 5.837E+00 13 4.974E-03 1.355E+00 15 1.652E-04 1.633E+01 16 1.699E-03 1.244E+00
17 1.876E-04 1.575E+01 19 4.018E-03 7.599E+00 20 3.553E-03 8.684E+00 21 3.461E-07 1.000E+02 23 1.172E-03 1.565E+00
24 4.041E-03 2.803E-01 25 2.373E-08 7.057E+01 26 6.016E-03 5.145E-01 27 3.432E-03 5.147E-01
150  22
 1 2.559E-04 3.751E+01  2 1.957E-04 8.091E+00  3 6.964E-04 5.159E+00  4 1.362E-04 4.749E+01  5 6.384E-06 7.316E+01
 6 1.283E-04 1.820E+01  7 9.690E-06 3.542E+01  8 9.328E-06 3.301E+01  9 1.160E-06 7.469E+01 10 1.137E-03 4.240E+00
11 5.406E-05 1.552E+01 12 2.271E-04 5.922E+00 13 5.006E-03 1.244E+00 15 1.528E-04 1.588E+01 16 1.727E-03 1.093E+00
17 1.642E-04 1.501E+01 19 3.676E-03 9.283E+00 20 4.694E-03 1.031E+01 23 1.352E-03 1.960E+00 24 3.930E-03 3.049E-01
26 4.506E-03 6.893E-01 27 2.158E-03 8.240E-01
151  25
 1 2.115E-04 3.274E+01  2 2.144E-04 5.354E+00  3 6.265E-04 5.538E+00  4 4.586E-04 4.471E+01  5 2.860E-05 5.088E+01
 6 1.226E-04 1.299E+01  7 8.143E-06 3.681E+01  8 9.769E-06 4.423E+01  9 1.334E-06 9.745E+01 10 1.083E-03 5.298E+00
11 6.116E-05 1.595E+01 12 1.952E-04 5.019E+00 13 4.533E-03 1.264E+00 14 5.228E-05 1.000E+02 15 1.710E-04 1.992E+01
16 1.712E-03 9.302E-01 17 2.127E-04 1.367E+01 19 2.930E-03 7.402E+00 20 4.971E-03 8.437E+00 22 8.881E-06 1.000E+02
23 1.559E-03 1.371E+00 24 3.885E-03 3.297E-01 25 2.220E-07 7.329E+01 26 4.489E-03 5.653E-01 27 2.107E-03 5.638E-01
152  23
 1 1.565E-04 3.184E+01  2 2.211E-04 6.278E+00  3 6.301E-04 5.259E+00  4 2.074E-04 4.984E+01  5 6.844E-05 6.274E+01
 6 1.152E-04 2.509E+01  7 1.683E-05 2.088E+01  8 1.607E-05 5.116E+01  9 2.053E-06 7.238E+01 10 9.877E-04 5.140E+00
11 3.228E-05 2.165E+01 12 1.709E-04 6.533E+00 13 3.973E-03 1.511E+00 15 1.374E-04 1.465E+01 16 1.736E-03 9.435E-01
17 1.439E-04 1.692E+01 19 3.101E-03 8.914E+00 20 5.136E-03 6.456E+00 23 1.697E-03 1.310E+00 24 3.864E-03 3.501E-01
25 6.691E-08 1.000E+02 26 4.769E-03 5.973E-01 27 2.351E-03 7.813E-01
153  24
 1 2.207E-04 3.688E+01  2 2.275E-04 5.110E+00  3 4.693E-04 6.514E+00  4 1.077E-04 6.660E+01  6 1.480E-04 1.657E+01
 7 4.452E-06 2.510E+01  8 1.786E-05 3.570E+01  9 2.044E-08 1.000E+02 10 8.028E-04 5.888E+00 11 4.304E-05 2.389E+01
12 1.514E-04 7.626E+00 13 3.348E-03 1.425E+00 14 6.098E-06 1.000E+02 15 1.607E-04 1.582E+01 16 1.758E-03 1.127E+00
17 2.078E-04 1.424E+01 19 2.562E-03 1.312E+01 20 5.370E-03 8.685E+00 22 4.888E-06 6.937E+01 23 1.816E-03 1.077E+00
24 3.888E-03 3.072E-01 25 7.173E-09 1.000E+02 26 5.998E-03 4.468E-01 27 3.388E-03 5.573E-01
154  23
 1 6.569E-05 5.646E+01  2 2.969E-04 5.108E+00  3 4.730E-04 7.245E+00  4 3.897E-04 5.503E+01  5 7.234E-05 4.578E+01
 6 6.778E-05 1.947E+01  7 1.042E-05 3.291E+01  8 1.289E-05 4.821E+01  9 2.509E-06 9.206E+01 10 7.866E-04 6.201E+00
11 5.147E-05 1.809E+01 12 1.451E-04 7.958E+00 13 2.856E-03 1.485E+00 15 1.708E-04 1.767E+01 16 1.771E-03 1.611E+00
17 1.253E-04 1.546E+01 19 2.214E-03 1.112E+01 20 5.274E-03 1.004E+01 22 6.435E-08 1.000E+02 23 2.034E-03 1.180E+00
24 3.818E-03 3.151E-01 26 5.974E-03 4.129E-01 27 3.370E-03 5.587E-01
155  21
 1 1.823E-04 3.783E+01  2 3.631E-04 5.209E+00  3 4.248E-04 7.047E+00  4 2.197E-04 5.741E+01  5 7.483E-05 7.134E+01
 6 7.889E-05 1.634E+01  7 4.566E-06 3.899E+01  8 1.081E-05 4.750E+01 10 7.639E-04 5.087E+00 11 3.029E-05 2.193E+01
12 1.495E-04 6.078E+00 13 2.632E-03 1.442E+00 15 1.105E-04 2.494E+01 16 1.791E-03 9.012E-01 17 1.013E-04 1.520E+01
19 1.936E-03 9.458E+00 20 6.269E-03 6.619E+00 23 2.372E-03 1.597E+00 24 3.673E-03 3.073E-01 26 5.111E-03 4.666E-01
27 2.666E-03 6.840E-01
156  22
 1 5.394E-05 4.678E+01  2 3.566E-04 4.067E+00  3 3.723E-04 8.763E+00  4 2.353E-04 7.224E+01  5 1.050E-05 1.000E+02
 6 8.488E-05 2.065E+01  7 6.995E-06 3.421E+01  8 3.984E-06 4.556E+01  9 1.224E-07 1.000E+02 10 6.419E-04 7.093E+00
11 2.985E-05 2.859E+01 12 1.209E-04 7.623E+00 13 2.308E-03 1.667E+00 15 8.011E-05 2.647E+01 16 1.848E-03 1.032E+00
17 1.260E-04 1.966E+01 19 1.783E-03 1.185E+01 20 7.212E-03 6.635E+00 23 2.668E-03 1.224E+00 24 3.569E-03 3.398E-01
26 4.797E-03 5.130E-01 27 2.144E-03 7.223E-01
157  23
 1 9.582E-05 5.210E+01  2 4.445E-04 3.815E+00  3 3.385E-04 8.383E+00  4 4.421E-04 4.352E+01  5 2.526E-05 6.239E+01
 6 1.020E-04 2.549E+01  7 5.785E-06 3.102E+01  8 3.937E-06 5.242E+01  9 1.682E-08 1.000E+02 10 6.097E-04 5.722E+00
11 5.253E-05 2.835E+01 12 1.205E-04 7.378E+00 13 1.992E-03 2.154E+00 15 4.888E-05 2.854E+01 16 1.890E-03 1.127E+00
17 1.042E-04 2.022E+01 19 1.741E-03 1.240E+01 20 9.101E-03 6.646E+00 21 1.574E-05 7.549E+01 23 3.058E-03 1.095E+00
24 3.444E-03 3.373E-01 26 4.985E-03 5.351E-01 27 2.202E-03 6.497E-01
158  24
 1 6.382E-05 4.345E+01  2 5.106E-04 4.119E+00  3 3.248E-04 1.024E+01  4 3.056E-04 4.646E+01  5 2.547E-05 7.954E+01
 6 4.675E-05 2.767E+01  7 6.964E-06 3.234E+01  8 2.053E-05 4.835E+01  9 4.177E-06 9.862E+01 10 4.962E-04 6.919E+00
11 2.611E-05 3.329E+01 12 9.966E-05 6.689E+00 13 1.863E-03 2.230E+00 15 1.289E-04 2.686E+01 16 1.954E-03 9.312E-01
17 1.133E-04 2.106E+01 19 1.427E-03 1.569E+01 20 8.525E-03 7.344E+00 21 6.549E-06 9.901E+01 23 3.495E-03 9.889E-01
24 3.249E-03 3.649E-01 25 1.090E-07 5.511E+01 26 4.461E-03 5.510E-01 27 1.938E-03 7.622E-01
159  24
 1 1.709E-04 5.635E+01  2 5.714E-04 3.196E+00  3 3.446E-04 1.001E+01  4 9.222E-04 3.333E+01  5 4.415E-06 8.949E+01
 6 4.812E-05 2.277E+01  7 9.225E-06 3.601E+01  8 1.844E-05 4.291E+01  9 3.587E-07 1.000E+02 10 4.927E-04 7.745E+00
11 2.598E-05 2.379E+01 12 9.985E-05 6.917E+00 13 1.660E-03 2.241E+00 15 1.087E-04 2.620E+01 16 2.149E-03 9.714E-01
17 7.615E-05 1.658E+01 19 1.602E-03 1.563E+01 20 1.364E-02 5.998E+00 21 7.071E-07 1.000E+02 22 1.229E-06 1.000E+02
23 4.148E-03 9.394E-01 24 2.955E-03 4.409E-01 26 2.812E-03 8.395E-01 27 1.366E-03 1.245E+00
160  22
 1 7.221E-05 5.380E+01  2 6.384E-04 3.946E+00  3 2.493E-04 5.597E+00  4 1.343E-03 2.604E+01  5 4.510E-05 6.272E+01
 6 7.509E-05 2.842E+01  7 1.661E-06 4.134E+01  8 5.874E-07 8.049E+01 10 4.399E-04 8.522E+00 11 2.884E-05 3.082E+01
12 9.628E-05 7.778E+00 13 1.449E-03 1.843E+00 15 9.287E-05 2.746E+01 16 7.260E-03 5.291E-01 17 8.427E-05 1.750E+01
19 1.449E-03 1.256E+01 20 1.374E-02 4.935E+00 22 4.537E-06 1.000E+02 23 4.915E-03 9.815E-01 24 2.680E-03 3.724E-01
26 2.581E-03 8.646E-01 27 1.254E-03 1.074E+00
161  22
 1 1.586E-05 6.840E+01  2 4.330E-04 4.711E+00  3 1.591E-04 9.578E+00  4 3.452E-04 5.844E+01  5 8.422E-06 9.224E+01
 6 3.568E-05 2.890E+01  7 1.549E-06 3.451E+01  8 4.958E-06 3.855E+01  9 4.049E-08 1.000E+02 10 3.131E-04 6.823E+00
11 2.427E-05 2.374E+01 12 6.893E-05 6.827E+00 13 1.214E-03 1.812E+00 15 3.772E-05 2.920E+01 16 1.451E-03 8.048E-01
17 4.233E-05 2.405E+01 19 9.776E-04 1.518E+01 20 4.793E-02 1.995E+00 23 1.267E-02 3.477E-01 24 1.063E-03 4.160E-01
26 2.463E-03 8.222E-01 27 1.140E-03 9.751E-01
162  23
 1 3.777E-05 4.164E+01  2 4.645E-04 3.712E+00  3 1.432E-04 1.143E+01  4 1.607E-04 4.610E+01  5 1.678E-05 6.933E+01
 6 3.374E-05 2.224E+01  7 2.329E-06 3.533E+01  8 3.672E-06 6.295E+01  9 5.115E-07 1.000E+02 10 2.739E-04 6.972E+00
11 2.367E-05 1.959E+01 12 6.427E-05 9.119E+00 13 1.044E-03 1.616E+00 15 3.974E-05 2.709E+01 16 1.463E-03 9.702E-01
17 7.057E-05 2.496E+01 19 1.167E-03 9.769E+00 20 6.883E-02 2.259E+00 23 1.358E-02 3.629E-01 24 9.025E-04 5.982E-01
25 8.382E-09 1.000E+02 26 2.471E-03 6.454E-01 27 1.087E-03 7.858E-01
163  23
 1 2.345E-05 3.695E+01  2 5.447E-04 3.829E+00  3 1.425E-04 8.566E+00  4 3.503E-04 5.827E+01  5 2.789E-06 1.000E+02
 6 3.291E-05 2.089E+01  7 2.300E-06 3.588E+01  8 5.219E-06 6.570E+01 10 2.216E-04 6.716E+00 11 1.409E-05 2.322E+01
12 4.778E-05 6.848E+00 13 9.336E-04 2.009E+00 15 2.998E-05 2.447E+01 16 1.484E-03 9.108E-01 17 3.732E-05 2.240E+01
19 8.621E-04 1.410E+01 20 8.101E-02 2.284E+00 22 1.558E-06 1.000E+02 23 1.422E-02 3.570E-01 24 7.928E-04 6.055E-01
25 4.738E-09 1.000E+02 26 2.486E-03 5.823E-01 27 1.056E-03 7.748E-01
164  22
 1 6.902E-05 5.061E+01  2 5.573E-04 2.549E+00  3 9.898E-05 1.624E+01  4 1.468E-04 8.028E+01  5 9.498E-06 1.000E+02
 6 2.860E-05 2.229E+01  7 3.359E-06 5.818E+01  8 1.611E-06 5.459E+01  9 1.189E-06 9.046E+01 10 2.234E-04 1.040E+01
11 2.210E-05 2.595E+01 12 5.267E-05 9.469E+00 13 8.787E-04 1.593E+00 15 4.577E-05 2.857E+01 16 1.503E-03 7.292E-01
17 4.503E-05 3.072E+01 19 8.036E-04 1.302E+01 20 8.692E-02 1.594E+00 23 1.486E-02 3.612E-01 24 7.003E-04 6.341E-01
26 2.523E-03 6.880E-01 27 1.033E-03 8.477E-01
165  21
 1 9.118E-06 6.024E+01  2 6.660E-04 2.177E+00  3 1.124E-04 1.108E+01  4 3.383E-04 4.018E+01  5 4.143E-06 7.473E+01
 6 2.122E-05 2.658E+01  7 1.014E-06 5.481E+01  8 7.489E-07 8.731E+01 10 1.769E-04 8.733E+00 11 1.339E-05 2.622E+01
12 4.201E-05 1.230E+01 13 7.566E-04 2.144E+00 15 4.693E-05 2.829E+01 16 1.501E-03 1.068E+00 17 2.813E-05 3.327E+01
19 6.576E-04 1.763E+01 20 7.857E-02 1.829E+00 23 1.528E-02 3.512E-01 24 6.168E-04 5.814E-01 26 2.570E-03 6.514E-01
27 1.015E-03 7.642E-01
166  23
 1 5.828E-05 4.532E+01  2 7.864E-04 2.544E+00  3 9.633E-05 1.104E+01  4 2.771E-04 3.937E+01  5 1.508E-05 9.611E+01
 6 2.044E-05 3.386E+01  7 9.327E-07 4.074E+01  8 3.169E-06 7.877E+01  9 6.923E-07 1.000E+02 10 1.725E-04 9.176E+00
11 1.203E-05 3.846E+01 12 4.242E-05 1.088E+01 13 6.662E-04 2.407E+00 15 5.439E-05 3.121E+01 16 1.459E-03 8.914E-01
17 4.519E-05 2.766E+01 19 6.852E-04 1.786E+01 20 7.273E-02 2.194E+00 23 1.576E-02 2.995E-01 24 5.407E-04 7.562E-01
25 4.260E-08 1.000E+02 26 2.661E-03 5.154E-01 27 1.025E-03 7.111E-01
167  21
 1 3.785E-05 6.432E+01  2 8.572E-04 2.270E+00  3 8.754E-05 1.505E+01  4 4.645E-04 3.673E+01  6 2.092E-05 2.610E+01
 7 1.190E-06 4.552E+01  8 5.338E-06 6.286E+01  9 1.951E-06 8.990E+01 10 1.483E-04 7.960E+00 11 9.770E-06 4.431E+01
12 3.252E-05 1.101E+01 13 6.234E-04 2.498E+00 15 2.442E-05 3.104E+01 16 1.480E-03 1.005E+00 17 3.045E-05 4.150E+01
19 6.047E-04 1.550E+01 20 6.613E-02 2.330E+00 23 1.620E-02 3.198E-01 24 4.880E-04 4.998E-01 26 2.738E-03 4.753E-01
27 1.015E-03 5.444E-01
168  20
 1 5.325E-05 7.620E+01  2 9.490E-04 2.479E+00  3 6.895E-05 1.444E+01  4 4.637E-04 3.119E+01  6 2.399E-05 5.090E+01
 7 4.967E-07 6.748E+01  8 9.298E-07 8.803E+01 10 1.204E-04 7.823E+00 11 4.192E-06 4.363E+01 12 3.392E-05 9.452E+00
13 5.746E-04 2.463E+00 15 2.298E-05 3.281E+01 16 2.363E-03 9.833E-01 17 4.806E-05 2.480E+01 19 6.794E-04 1.602E+01
20 5.141E-02 2.535E+00 23 1.679E-02 3.309E-01 24 4.473E-04 8.228E-01 26 2.918E-03 6.400E-01 27 1.034E-03 7.885E-01
169  22
 1 7.993E-05 5.087E+01  2 1.014E-03 2.880E+00  3 1.095E-04 9.128E+00  4 3.459E-04 2.397E+01  6 2.942E-05 3.429E+01
 7 1.998E-06 4.614E+01  8 1.845E-06 6.298E+01  9 1.564E-06 1.000E+02 10 1.415E-04 9.326E+00 11 2.409E-06 5.430E+01
12 3.208E-05 1.234E+01 13 5.313E-04 2.431E+00 15 2.389E-05 3.531E+01 16 1.584E-03 9.878E-01 17 6.084E-05 2.804E+01
19 4.379E-04 2.669E+01 20 3.194E-02 3.007E+00 22 4.387E-06 9.792E+01 23 1.871E-02 2.922E-01 24 4.176E-04 7.664E-01
26 4.579E-03 4.058E-01 27 1.453E-03 5.114E-01
170  21
 1 3.935E-05 5.659E+01  2 1.160E-03 2.150E+00  3 8.878E-05 1.247E+01  4 1.441E-03 2.195E+01  5 2.684E-07 1.000E+02
 6 1.683E-05 4.037E+01  7 8.140E-07 5.421E+01  8 8.428E-07 7.696E+01 10 9.976E-05 1.030E+01 11 6.387E-06 3.923E+01
12 3.170E-05 1.090E+01 13 4.369E-04 3.352E+00 15 9.976E-06 6.243E+01 16 1.527E-03 1.254E+00 17 3.195E-05 2.642E+01
19 3.583E-04 2.075E+01 20 2.414E-02 3.998E+00 23 1.933E-02 3.373E-01 24 3.634E-04 9.180E-01 26 4.851E-03 4.476E-01
27 1.507E-03 4.928E-01
171  20
 1 6.436E-06 1.000E+02  2 1.333E-03 1.679E+00  3 9.112E-05 1.169E+01  4 9.603E-04 2.003E+01  6 2.103E-05 2.950E+01
 7 6.664E-07 5.792E+01  8 1.285E-06 7.076E+01 10 1.281E-04 9.143E+00 11 5.759E-06 4.438E+01 12 2.766E-05 9.758E+00
13 4.136E-04 4.695E+00 15 3.395E-05 3.121E+01 16 1.466E-03 8.504E-01 17 2.255E-05 4.872E+01 19 3.708E-04 2.634E+01
20 1.565E-02 3.658E+00 23 1.965E-02 3.650E-01 24 3.185E-04 1.079E+00 26 4.968E-03 4.463E-01 27 1.516E-03 4.791E-01
172  19
 2 1.556E-03 2.516E+00  3 7.153E-05 1.699E+01  4 9.991E-04 2.251E+01  6 1.747E-05 3.172E+01  7 9.992E-07 6.509E+01
 8 1.789E-06 7.650E+01 10 9.854E-05 9.742E+00 11 1.257E-05 4.440E+01 12 1.922E-05 1.421E+01 13 3.574E-04 3.599E+00
15 6.899E-06 5.083E+01 16 1.465E-03 9.446E-01 17 4.292E-05 3.929E+01 19 4.040E-04 1.715E+01 20 1.221E-02 3.525E+00
23 1.992E-02 3.057E-01 24 2.907E-04 1.166E+00 26 5.058E-03 4.036E-01 27 1.532E-03 4.666E-01
173  22
 1 6.729E-05 9.080E+01  2 1.776E-03 1.730E+00  3 6.980E-05 1.267E+01  4 2.284E-03 1.830E+01  6 1.408E-05 3.325E+01
 7 1.500E-06 6.396E+01  8 2.503E-07 8.717E+01  9 1.367E-07 1.000E+02 10 7.508E-05 1.200E+01 11 5.983E-06 5.299E+01
12 2.092E-05 1.000E+01 13 3.229E-04 3.596E+00 15 1.480E-05 5.105E+01 16 1.444E-03 8.387E-01 17 2.253E-05 2.938E+01
19 3.777E-04 2.541E+01 20 9.858E-03 4.218E+00 23 2.020E-02 3.256E-01 24 2.567E-04 1.214E+00 25 5.016E-10 1.000E+02
26 5.140E-03 4.375E-01 27 1.532E-03 4.911E-01
174  20
 1 7.569E-05 5.788E+01  2 2.003E-03 1.571E+00  3 5.976E-05 1.332E+01  4 1.442E-03 2.271E+01  5 1.794E-06 1.000E+02
 6 8.100E-06 2.663E+01  7 8.798E-07 9.383E+01 10 8.322E-05 1.278E+01 11 1.906E-06 6.062E+01 12 1.981E-05 1.380E+01
13 3.111E-04 3.990E+00 15 1.632E-05 3.852E+01 16 1.426E-03 1.150E+00 17 1.500E-05 3.510E+01 19 4.061E-04 1.780E+01
20 8.989E-03 4.453E+00 23 2.048E-02 3.091E-01 24 2.343E-04 9.556E-01 26 5.258E-03 5.166E-01 27 1.546E-03 5.475E-01
175  22
 1 2.017E-05 5.917E+01  2 2.306E-03 2.210E+00  3 4.956E-05 1.559E+01  4 1.460E-03 1.897E+01  5 3.749E-07 1.000E+02
 6 9.146E-06 3.885E+01  7 5.221E-07 8.720E+01  8 3.419E-08 1.000E+02  9 1.119E-07 1.000E+02 10 7.529E-05 1.076E+01
11 6.425E-06 5.036E+01 12 1.476E-05 1.471E+01 13 2.708E-04 3.794E+00 15 1.383E-05 3.788E+01 16 1.398E-03 1.081E+00
17 2.466E-05 3.852E+01 19 3.296E-04 1.540E+01 20 7.973E-03 6.484E+00 23 2.052E-02 3.491E-01 24 2.101E-04 1.358E+00
26 5.261E-03 4.387E-01 27 1.537E-03 4.935E-01
176  20
 1 1.707E-05 6.192E+01  2 2.615E-03 1.525E+00  3 4.542E-05 1.766E+01  4 2.418E-03 2.033E+01  6 6.010E-06 4.539E+01
 7 5.928E-07 6.651E+01  8 6.182E-07 1.000E+02 10 6.531E-05 1.512E+01 11 1.541E-06 5.427E+01 12 9.766E-06 2.083E+01
13 2.330E-04 4.516E+00 15 1.430E-05 4.626E+01 16 1.407E-03 1.185E+00 17 1.171E-05 5.250E+01 19 2.071E-04 2.356E+01
20 6.939E-03 4.637E+00 23 2.061E-02 3.325E-01 24 1.841E-04 1.131E+00 26 5.324E-03 4.227E-01 27 1.535E-03 4.958E-01
177  19
 1 1.028E-05 1.000E+02  2 2.916E-03 1.182E+00  3 4.725E-05 2.193E+01  4 2.460E-03 1.564E+01  6 1.022E-05 3.977E+01
 7 3.378E-07 1.000E+02 10 5.145E-05 1.754E+01 11 2.877E-06 7.402E+01 12 1.134E-05 1.522E+01 13 2.082E-04 3.974E+00
15 1.119E-06 6.232E+01 16 1.391E-03 1.003E+00 17 5.405E-06 5.291E+01 19 2.108E-04 2.896E+01 20 5.674E-03 7.558E+00
23 2.069E-02 3.067E-01 24 1.693E-04 1.119E+00 26 5.375E-03 4.318E-01 27 1.548E-03 5.340E-01
178  20
 2 3.369E-03 1.390E+00  3 3.603E-05 2.119E+01  4 3.624E-03 1.649E+01  5 7.958E-06 1.000E+02  6 6.473E-06 5.596E+01
 7 1.967E-08 1.000E+02  8 3.902E-07 1.000E+02 10 4.350E-05 1.258E+01 11 5.637E-06 4.557E+01 12 1.606E-05 1.639E+01
13 1.928E-04 4.438E+00 15 1.649E-05 5.050E+01 16 1.381E-03 9.838E-01 17 9.543E-06 5.205E+01 19 2.189E-04 2.198E+01
20 5.580E-03 5.050E+00 23 2.088E-02 3.663E-01 24 1.529E-04 1.309E+00 26 5.425E-03 4.361E-01 27 1.542E-03 4.932E-01
179  21
 1 1.169E-05 1.000E+02  2 3.853E-03 1.067E+00  3 4.865E-05 1.898E+01  4 2.539E-03 1.331E+01  5 1.270E-06 1.000E+02
 6 1.589E-05 4.642E+01  7 3.345E-07 7.527E+01  8 2.779E-07 1.000E+02 10 6.084E-05 1.622E+01 11 3.929E-06 3.775E+01
12 1.418E-05 1.837E+01 13 1.807E-04 3.816E+00 15 1.209E-05 4.497E+01 16 1.383E-03 9.294E-01 17 1.448E-05 3.756E+01
19 1.607E-04 2.922E+01 20 4.651E-03 7.300E+00 23 2.099E-02 3.153E-01 24 1.399E-04 1.147E+00 26 5.529E-03 5.803E-01
27 1.548E-03 6.337E-01
180  21
 1 4.754E-07 1.000E+02  2 4.612E-03 1.547E+00  3 3.964E-05 1.806E+01  4 3.748E-03 9.433E+00  6 6.874E-06 6.156E+01
 7 8.698E-07 9.836E+01  8 1.199E-08 1.000E+02  9 9.308E-08 1.000E+02 10 5.165E-05 1.522E+01 11 1.728E-06 8.555E+01
12 9.107E-06 1.592E+01 13 1.535E-04 5.648E+00 15 2.616E-06 4.719E+01 16 1.347E-03 1.154E+00 17 1.048E-05 6.396E+01
19 3.096E-04 3.392E+01 20 3.527E-03 7.023E+00 23 2.111E-02 3.660E-01 24 1.273E-04 1.564E+00 26 5.634E-03 4.304E-01
27 1.562E-03 4.663E-01
181  18
 1 3.087E-05 1.000E+02  2 5.204E-03 1.175E+00  3 3.170E-05 1.957E+01  4 5.103E-03 1.006E+01  6 1.999E-06 4.861E+01
10 3.225E-05 1.795E+01 11 6.218E-06 6.489E+01 12 8.733E-06 2.644E+01 13 1.256E-04 5.699E+00 15 1.017E-05 6.404E+01
16 1.347E-03 1.098E+00 17 9.020E-06 4.524E+01 19 1.385E-04 3.487E+01 20 3.203E-03 7.517E+00 23 2.129E-02 3.244E-01
24 1.132E-04 1.666E+00 26 5.809E-03 4.845E-01 27 1.587E-03 5.984E-01
182  19
 1 7.200E-06 1.000E+02  2 6.140E-03 1.029E+00  3 2.614E-05 2.333E+01  4 4.366E-03 1.124E+01  6 4.973E-06 4.821E+01
 7 2.712E-08 1.000E+02 10 2.665E-05 2.293E+01 11 6.361E-06 8.797E+01 12 8.324E-06 1.832E+01 13 1.269E-04 6.231E+00
15 8.939E-06 5.940E+01 16 1.333E-03 1.368E+00 17 7.188E-06 3.814E+01 19 4.621E-05 3.809E+01 20 2.864E-03 1.200E+01
23 2.146E-02 2.893E-01 24 1.006E-04 1.701E+00 26 6.007E-03 3.925E-01 27 1.531E-03 4.203E-01
183  19
 2 7.420E-03 8.593E-01  3 2.702E-05 2.086E+01  4 7.399E-03 8.019E+00  6 9.208E-06 5.316E+01  7 3.365E-07 1.000E+02
 8 4.831E-08 1.000E+02 10 3.205E-05 2.191E+01 11 3.280E-06 6.732E+01 12 4.655E-06 1.986E+01 13 1.078E-04 6.561E+00
15 4.939E-06 5.512E+01 16 1.326E-03 8.458E-01 17 1.655E-05 4.435E+01 19 6.872E-05 2.885E+01 20 2.600E-03 5.694E+00
23 2.167E-02 2.650E-01 24 9.094E-05 1.693E+00 26 6.455E-03 3.653E-01 27 1.628E-03 4.092E-01
184  21
 1 7.943E-07 1.000E+02  2 1.020E-02 7.073E-01  3 2.873E-05 1.953E+01  4 9.882E-03 7.462E+00  6 3.412E-06 5.362E+01
 7 1.135E-07 8.507E+01  8 1.674E-07 1.000E+02 10 3.509E-05 1.240E+01 11 6.564E-07 1.000E+02 12 7.282E-06 2.582E+01
13 1.015E-04 8.109E+00 15 6.569E-06 7.793E+01 16 1.333E-03 1.260E+00 17 9.393E-06 3.819E+01 19 5.446E-05 4.573E+01
20 2.113E-03 8.298E+00 21 3.954E-06 1.000E+02 23 2.180E-02 3.114E-01 24 8.321E-05 1.518E+00 26 6.653E-03 3.672E-01
27 1.665E-03 3.671E-01
185  21
 1 1.324E-06 1.000E+02  2 1.314E-02 5.868E-01  3 2.190E-05 2.946E+01  4 1.329E-02 7.485E+00  5 3.987E-06 1.000E+02
 6 3.340E-06 6.718E+01  7 4.888E-09 1.000E+02  8 3.552E-08 1.000E+02 10 1.688E-05 2.954E+01 11 4.247E-06 6.446E+01
12 4.927E-06 3.184E+01 13 7.950E-05 6.098E+00 15 1.257E-05 6.365E+01 16 1.323E-03 1.114E+00 17 3.365E-06 4.970E+01
19 6.300E-05 5.015E+01 20 1.605E-03 5.584E+00 23 2.210E-02 2.989E-01 24 7.289E-05 2.245E+00 26 6.882E-03 3.814E-01
27 1.717E-03 3.814E-01
186  19
 1 2.088E-05 9.669E+01  2 1.641E-02 8.484E-01  3 3.025E-05 3.401E+01  4 1.244E-01 3.477E+00  6 5.484E-06 6.344E+01
 7 3.355E-07 7.115E+01 10 2.326E-05 2.567E+01 11 1.911E-06 7.052E+01 12 6.115E-06 2.012E+01 13 7.703E-05 7.709E+00
15 4.264E-06 6.896E+01 16 1.232E-03 1.368E+00 17 4.406E-06 4.669E+01 19 8.597E-05 4.607E+01 20 1.568E-03 1.095E+01
23 2.202E-02 3.213E-01 24 6.628E-05 2.187E+00 26 6.842E-03 3.702E-01 27 1.689E-03 4.251E-01
187  18
 2 1.971E-02 7.239E-01  3 1.796E-05 3.158E+01  4 1.208E-01 2.972E+00  6 4.752E-06 7.379E+01  7 1.318E-06 1.000E+02
 8 2.388E-06 1.000E+02 10 1.884E-05 1.863E+01 11 4.272E-06 8.336E+01 12 4.498E-06 2.916E+01 13 6.123E-05 1.137E+01
16 1.242E-03 1.456E+00 17 5.505E-06 6.253E+01 19 4.209E-05 5.111E+01 20 1.179E-03 1.074E+01 23 2.201E-02 3.421E-01
24 5.856E-05 1.846E+00 26 6.737E-03 3.660E-01 27 1.650E-03 4.038E-01
188  20
 1 4.807E-07 1.000E+02  2 2.323E-02 6.755E-01  3 1.382E-05 2.568E+01  4 1.254E-01 2.773E+00  6 1.477E-07 7.000E+01
 7 9.346E-09 8.742E+01  8 3.520E-07 9.842E+01 10 1.587E-05 2.635E+01 11 5.403E-06 5.791E+01 12 7.293E-06 2.693E+01
13 6.686E-05 8.179E+00 15 5.472E-06 7.158E+01 16 1.238E-03 1.037E+00 17 4.006E-06 7.065E+01 19 2.517E-05 7.233E+01
20 1.231E-03 8.250E+00 23 2.172E-02 3.296E-01 24 5.448E-05 2.481E+00 26 6.414E-03 4.055E-01 27 1.549E-03 4.670E-01
189  20
 2 2.662E-02 6.030E-01  3 2.299E-05 2.886E+01  4 1.251E-01 2.685E+00  5 1.030E-05 1.000E+02  6 3.366E-06 7.589E+01
 7 2.749E-07 1.000E+02  8 7.799E-07 1.000E+02 10 1.452E-05 2.740E+01 11 1.396E-06 5.863E+01 12 5.805E-06 2.891E+01
13 6.168E-05 8.361E+00 15 2.696E-06 8.920E+01 16 1.256E-03 1.428E+00 17 9.018E-07 7.339E+01 19 2.498E-05 5.383E+01
20 1.192E-03 1.017E+01 23 2.161E-02 3.434E-01 24 4.894E-05 1.446E+00 26 6.146E-03 3.551E-01 27 1.471E-03 3.947E-01
190  17
 2 2.924E-02 4.764E-01  3 2.047E-05 2.457E+01  4 1.629E-02 6.309E+00  6 4.425E-06 9.922E+01 10 1.706E-05 2.872E+01
11 2.775E-07 8.218E+01 12 3.011E-06 3.227E+01 13 5.796E-05 9.091E+00 15 6.660E-07 1.000E+02 16 1.295E-03 1.134E+00
17 4.132E-07 9.848E+01 19 6.594E-05 4.978E+01 20 8.286E-04 1.389E+01 23 2.135E-02 2.879E-01 24 4.710E-05 2.605E+00
26 5.931E-03 3.378E-01 27 1.411E-03 3.823E-01
191  18
 2 3.146E-02 5.610E-01  3 1.521E-05 2.238E+01  4 1.127E-02 7.060E+00  6 6.545E-06 7.356E+01  7 1.207E-07 1.000E+02
10 2.003E-05 2.663E+01 11 1.054E-07 9.344E+01 12 4.929E-06 3.129E+01 13 4.570E-05 8.656E+00 15 1.328E-07 1.000E+02
16 1.276E-03 1.045E+00 17 7.014E-06 4.690E+01 19 8.635E-05 5.260E+01 20 6.467E-04 1.290E+01 23 2.128E-02 3.077E-01
24 4.207E-05 2.662E+00 26 5.912E-03 3.549E-01 27 1.406E-03 3.937E-01
192  17
 1 1.205E-05 1.000E+02  2 3.294E-02 4.700E-01  3 1.525E-05 2.644E+01  4 8.658E-03 8.898E+00  6 6.431E-07 6.100E+01
10 1.423E-05 2.262E+01 11 4.995E-08 1.000E+02 12 2.226E-06 3.687E+01 13 4.665E-05 9.274E+00 16 1.284E-03 1.067E+00
17 1.837E-06 5.947E+01 19 6.100E-06 5.668E+01 20 8.859E-04 1.252E+01 23 2.119E-02 3.576E-01 24 3.877E-05 2.859E+00
26 5.879E-03 4.517E-01 27 1.398E-03 4.717E-01
193  18
 2 3.403E-02 4.794E-01  3 1.256E-05 3.824E+01  4 5.769E-03 8.867E+00  6 3.077E-07 1.000E+02  7 5.310E-08 1.000E+02
 8 3.191E-07 1.000E+02 10 9.117E-06 3.552E+01 12 3.038E-06 4.045E+01 13 4.781E-05 7.524E+00 15 6.934E-08 1.000E+02
16 1.286E-03 8.018E-01 17 4.587E-06 6.435E+01 19 1.382E-06 7.160E+01 20 5.599E-04 1.294E+01 23 2.104E-02 3.373E-01
24 3.472E-05 2.159E+00 26 5.804E-03 3.875E-01 27 1.375E-03 4.255E-01
194  16
 2 3.412E-02 3.927E-01  3 1.588E-05 2.987E+01  4 4.644E-03 1.189E+01  6 1.870E-06 7.063E+01 10 1.294E-05 3.418E+01
11 6.249E-07 9.190E+01 12 2.027E-06 3.892E+01 13 3.736E-05 8.106E+00 16 1.297E-03 1.284E+00 17 4.353E-08 8.132E+01
19 2.078E-05 5.540E+01 20 6.319E-04 1.131E+01 23 2.084E-02 3.218E-01 24 3.329E-05 2.337E+00 26 5.781E-03 4.101E-01
27 1.367E-03 3.948E-01
195  18
 2 3.420E-02 5.157E-01  3 1.488E-05 3.091E+01  4 3.746E-03 1.346E+01  6 2.886E-08 1.000E+02  7 1.810E-07 1.000E+02
 8 6.397E-09 1.000E+02 10 1.026E-05 4.140E+01 12 3.087E-06 2.979E+01 13 4.509E-05 1.171E+01 15 3.766E-07 1.000E+02
16 1.300E-03 1.234E+00 17 5.317E-06 9.456E+01 19 4.014E-05 5.685E+01 20 4.938E-04 1.509E+01 23 2.062E-02 3.300E-01
24 3.029E-05 2.829E+00 26 5.710E-03 4.893E-01 27 1.356E-03 5.290E-01
196  17
 2 3.355E-02 5.729E-01  3 7.023E-06 3.302E+01  4 3.212E-03 1.744E+01  7 4.874E-08 1.000E+02 10 8.188E-06 4.878E+01
11 1.393E-06 1.000E+02 12 3.648E-06 3.402E+01 13 2.945E-05 1.149E+01 16 1.280E-03 1.057E+00 17 2.763E-07 9.131E+01
19 6.115E-06 9.657E+01 20 6.014E-04 2.071E+01 22 6.002E-07 1.000E+02 23 2.035E-02 3.450E-01 24 2.650E-05 3.778E+00
26 5.677E-03 3.150E-01 27 1.346E-03 3.349E-01
197  18
 1 3.331E-06 9.081E+01  2 3.255E-02 5.249E-01  3 9.180E-06 4.421E+01  4 3.058E-03 1.444E+01  6 3.916E-07 1.000E+02
 7 2.274E-08 1.000E+02 10 9.917E-06 3.544E+01 11 4.071E-07 8.751E+01 12 1.045E-06 5.196E+01 13 3.420E-05 1.146E+01
16 1.309E-03 1.326E+00 17 4.646E-07 1.000E+02 19 6.110E-06 8.135E+01 20 3.982E-04 1.940E+01 23 1.996E-02 3.065E-01
24 2.427E-05 4.843E+00 26 5.613E-03 3.609E-01 27 1.330E-03 3.844E-01
198  16
 2 3.113E-02 5.073E-01  3 8.477E-06 4.344E+01  4 2.898E-03 9.875E+00  6 6.084E-08 1.000E+02 10 6.296E-06 5.369E+01
11 1.584E-07 8.675E+01 12 8.962E-07 5.887E+01 13 2.439E-05 1.112E+01 15 2.247E-07 1.000E+02 16 1.306E-03 8.990E-01
19 1.250E-05 6.547E+01 20 4.370E-04 2.329E+01 23 1.951E-02 3.370E-01 24 2.138E-05 3.892E+00 26 5.569E-03 4.640E-01
27 1.325E-03 5.133E-01
199  15
 2 2.945E-02 4.250E-01  3 8.094E-06 3.983E+01  4 1.854E-03 1.924E+01 10 4.493E-06 4.362E+01 12 9.012E-07 5.089E+01
13 1.631E-05 1.624E+01 15 1.451E-06 1.000E+02 16 1.316E-03 9.989E-01 17 2.081E-07 9.509E+01 19 3.022E-05 8.069E+01
20 3.487E-04 1.974E+01 23 1.905E-02 2.720E-01 24 1.721E-05 2.391E+00 26 5.564E-03 3.970E-01 27 1.329E-03 4.221E-01
200  18
 2 2.694E-02 5.204E-01  3 7.993E-06 4.030E+01  4 1.235E-03 2.201E+01  5 2.535E-06 1.000E+02  7 1.919E-07 1.000E+02
 8 5.797E-07 1.000E+02 10 4.039E-06 3.669E+01 11 1.953E-06 1.000E+02 12 9.924E-07 7.200E+01 13 1.506E-05 1.441E+01
16 1.320E-03 9.992E-01 17 4.556E-07 1.000E+02 19 1.533E-05 5.430E+01 20 2.601E-04 1.792E+01 23 1.827E-02 3.233E-01
24 1.547E-05 3.292E+00 26 5.473E-03 4.289E-01 27 1.314E-03 4.628E-01
201  14
 2 2.450E-02 6.012E-01  3 6.600E-06 4.604E+01  4 1.171E-03 1.881E+01  6 5.831E-07 1.000E+02 10 5.777E-06 3.989E+01
12 9.781E-07 4.775E+01 13 1.234E-05 1.448E+01 16 1.368E-03 1.081E+00 17 7.426E-07 1.000E+02 20 3.208E-04 2.164E+01
23 1.765E-02 3.443E-01 24 1.265E-05 3.712E+00 26 5.438E-03 3.544E-01 27 1.310E-03 3.876E-01
202  16
 2 2.125E-02 5.135E-01  3 4.821E-06 4.517E+01  4 1.249E-03 1.872E+01 10 6.697E-07 6.698E+01 11 6.049E-09 1.000E+02
12 6.410E-07 8.579E+01 13 1.791E-05 1.600E+01 15 2.427E-08 1.000E+02 16 1.400E-03 7.677E-01 17 2.018E-06 8.017E+01
19 1.234E-05 6.617E+01 20 3.327E-04 1.725E+01 23 1.672E-02 3.134E-01 24 1.110E-05 4.768E+00 26 5.357E-03 3.784E-01
27 1.299E-03 4.077E-01
203  14
 2 1.774E-02 5.354E-01  3 1.715E-06 5.836E+01  4 7.182E-04 2.770E+01 10 9.121E-07 6.792E+01 12 5.202E-07 6.743E+01
13 9.194E-06 1.871E+01 16 1.443E-03 8.667E-01 17 3.018E-07 9.850E+01 19 6.407E-08 1.000E+02 20 1.024E-04 3.471E+01
23 1.564E-02 3.397E-01 24 9.004E-06 4.954E+00 26 5.214E-03 4.199E-01 27 1.273E-03 4.528E-01
204  16
 1 1.213E-05 1.000E+02  2 1.354E-02 6.486E-01  3 7.256E-07 1.000E+02  4 6.639E-04 3.134E+01  6 1.761E-06 6.883E+01
10 3.903E-06 4.372E+01 11 3.049E-07 9.815E+01 12 6.424E-07 4.899E+01 13 1.003E-05 1.532E+01 16 1.480E-03 1.220E+00
19 1.427E-05 6.015E+01 20 1.033E-04 2.788E+01 23 1.427E-02 3.669E-01 24 7.360E-06 5.669E+00 26 4.996E-03 4.507E-01
27 1.230E-03 4.914E-01
205  15
 2 9.143E-03 7.860E-01  3 1.430E-06 8.097E+01  4 6.136E-04 1.987E+01  6 4.545E-07 1.000E+02 10 8.558E-07 6.535E+01
12 5.685E-07 5.811E+01 13 8.956E-06 2.343E+01 16 1.496E-03 9.089E-01 17 1.568E-07 1.000E+02 19 5.642E-06 7.182E+01
20 1.528E-04 2.268E+01 23 1.268E-02 4.032E-01 24 6.004E-06 5.248E+00 26 4.703E-03 4.252E-01 27 1.174E-03 4.391E-01
206  13
 2 5.394E-03 8.383E-01  3 9.392E-07 9.798E+01  4 3.471E-04 4.542E+01 10 7.768E-07 6.582E+01 12 1.708E-07 1.000E+02
13 3.135E-06 1.885E+01 16 1.542E-03 9.132E-01 19 3.149E-06 1.000E+02 20 1.381E-04 2.819E+01 23 1.024E-02 3.681E-01
24 4.447E-06 5.576E+00 26 3.850E-03 3.877E-01 27 9.668E-04 3.813E-01
207  17
 2 3.216E-03 8.819E-01  3 2.457E-07 6.954E+01  4 1.584E-04 4.561E+01  6 8.691E-08 1.000E+02  7 3.202E-08 1.000E+02
 8 3.059E-09 1.000E+02 10 4.574E-07 6.875E+01 12 1.613E-07 5.867E+01 13 2.937E-06 1.715E+01 15 5.120E-07 1.000E+02
16 1.631E-03 8.416E-01 19 8.252E-07 1.000E+02 20 9.270E-05 2.838E+01 23 6.356E-03 4.207E-01 24 2.804E-06 8.028E+00
26 1.993E-03 4.873E-01 27 4.824E-04 5.092E-01
208  13
 2 1.135E-03 1.005E+00  3 7.109E-08 7.199E+01  4 1.712E-04 3.590E+01 10 4.185E-07 6.913E+01 11 3.102E-08 1.000E+02
12 1.895E-08 1.000E+02 13 1.442E-06 2.993E+01 16 1.437E-03 4.295E-01 20 2.266E-05 4.145E+01 23 2.070E-03 4.734E-01
24 9.715E-07 7.956E+00 26 3.672E-04 7.689E-01 27 7.773E-05 9.022E-01