
    ORGAN DOSE CONVERSION FACTORS FOR AN ADULT HERMAPHRODITE
    CALCULATED FOR A VARIETY OF CT SCANNERS AND CONDITIONS.
    VALUES ARE GIVEN FOR 208 5 MM SLICES SPANNING THE BODY
    FROM 100 MM BELOW THE BOTTOM OF THE TRUNK TO THE TOP OF THE HEAD.

                     ORGANS OR REGIONS
 1 ADRENALS              10 HEART                  19 THYMUS                   
 2 BRAIN                 11 KIDNEYS                20 THYROID                  
 3 BREASTS               12 LIVER                  21 URINARY BLADDER          
 4 EYE LENSES            13 LUNGS                  22 UTERUS                   
 5 GALL BLADDER          14 OVARIES                23 HEAD REGION              
 6 STOMACH               15 PANCREAS               24 TRUNK REGION             
 7 SMALL INTESTINE       16 SKIN                   25 LEG REGION               
 8 UPPER LARGE INTESTINE 17 SPLEEN                 26 SKELETON                 
 9 LOWER LARGE INTESTINE 18 TESTICLES              27 RED MARROW               

 10 GE CT MAX: SHAPED FILTER (PTFE)
    FOCUS TO AXIS DISTANCE IS 525 MM
    FAN ANGLE COVERS FULL WIDTH OF TRUNK
    X-RAY SPECTRUM HAS MAXIMUM ENERGY OF 120 KEV
    INITIAL FILTRATION IS 2.6 MM OF ALUMINIUM

    CONVERSION FACTORS AND STATISTICAL UNCERTAINTIES(%) FOR ORGANS IN EACH SLICE
  1  18
 3 1.523E-06 9.906E+01  5 1.841E-05 1.000E+02  6 3.391E-06 1.000E+02  7 1.506E-05 2.100E+01  8 8.194E-06 2.997E+01
 9 2.689E-04 1.001E+01 11 1.140E-08 1.000E+02 12 2.646E-07 9.307E+01 14 7.062E-05 5.635E+01 16 1.068E-03 1.547E+00
17 1.494E-06 1.000E+02 18 1.645E-03 7.899E+00 21 2.331E-04 1.554E+01 22 8.652E-05 2.639E+01 24 5.812E-05 2.501E+00
25 3.399E-03 5.278E-01 26 1.820E-03 7.315E-01 27 1.722E-04 8.900E-01
  2  17
 6 3.618E-06 8.654E+01  7 2.083E-05 1.831E+01  8 1.177E-05 3.160E+01  9 2.578E-04 1.103E+01 11 3.708E-07 6.885E+01
12 1.336E-06 1.000E+02 14 5.942E-05 9.025E+01 15 4.099E-06 7.225E+01 16 1.119E-03 1.278E+00 17 8.314E-07 9.298E+01
18 1.626E-03 8.525E+00 21 3.353E-04 2.490E+01 22 9.178E-05 2.758E+01 24 6.162E-05 2.562E+00 25 3.440E-03 4.061E-01
26 1.810E-03 9.464E-01 27 1.788E-04 1.238E+00
  3  18
 6 5.364E-08 1.000E+02  7 1.737E-05 1.706E+01  8 2.757E-05 2.385E+01  9 3.634E-04 8.624E+00 10 8.924E-07 1.000E+02
11 1.270E-06 9.006E+01 12 1.414E-06 4.140E+01 13 1.256E-07 1.000E+02 14 8.876E-05 6.264E+01 16 1.120E-03 1.130E+00
17 3.536E-08 1.000E+02 18 1.938E-03 1.023E+01 21 2.410E-04 2.123E+01 22 9.368E-05 2.834E+01 24 7.538E-05 2.316E+00
25 3.432E-03 5.223E-01 26 1.833E-03 7.863E-01 27 1.921E-04 1.238E+00
  4  16
 3 7.124E-08 1.000E+02  6 5.813E-07 9.679E+01  7 1.666E-05 1.777E+01  8 1.612E-05 5.040E+01  9 4.330E-04 8.226E+00
11 3.535E-08 1.000E+02 12 4.740E-07 5.419E+01 14 6.315E-05 5.907E+01 16 1.092E-03 1.888E+00 18 1.914E-03 7.636E+00
21 2.813E-04 1.519E+01 22 1.053E-04 1.994E+01 24 8.166E-05 1.796E+00 25 3.434E-03 4.919E-01 26 1.809E-03 1.065E+00
27 1.947E-04 1.655E+00
  5  18
 3 1.260E-06 6.920E+01  6 1.422E-06 8.448E+01  7 2.152E-05 1.349E+01  8 2.407E-05 2.673E+01  9 4.577E-04 8.468E+00
10 7.789E-07 1.000E+02 11 1.791E-06 8.179E+01 12 1.432E-06 4.620E+01 14 1.823E-05 6.545E+01 16 1.097E-03 1.570E+00
17 1.484E-07 1.000E+02 18 2.225E-03 6.519E+00 21 4.897E-04 1.448E+01 22 1.354E-04 1.736E+01 24 9.146E-05 1.776E+00
25 3.413E-03 5.122E-01 26 1.792E-03 7.099E-01 27 2.037E-04 1.411E+00
  6  17
 3 1.414E-06 8.625E+01  6 3.650E-07 8.288E+01  7 3.296E-05 1.323E+01  8 2.391E-05 3.125E+01  9 4.531E-04 7.809E+00
11 6.762E-06 4.593E+01 12 2.134E-06 2.894E+01 13 3.437E-09 1.000E+02 14 5.944E-05 5.795E+01 16 1.100E-03 1.242E+00
18 2.354E-03 6.966E+00 21 3.850E-04 1.545E+01 22 8.549E-05 1.689E+01 24 1.011E-04 1.559E+00 25 3.409E-03 4.105E-01
26 1.783E-03 9.796E-01 27 2.124E-04 1.980E+00
  7  19
 3 5.968E-08 6.884E+01  5 1.246E-04 6.871E+01  6 4.024E-07 9.452E+01  7 2.770E-05 1.633E+01  8 1.595E-05 3.045E+01
 9 5.555E-04 6.641E+00 11 2.482E-06 5.752E+01 12 5.208E-07 3.495E+01 13 2.090E-07 1.000E+02 14 6.329E-05 4.873E+01
15 6.742E-07 8.815E+01 16 1.098E-03 1.247E+00 18 2.445E-03 5.962E+00 21 4.471E-04 1.605E+01 22 1.645E-04 2.110E+01
24 1.135E-04 1.469E+00 25 3.383E-03 4.508E-01 26 1.756E-03 8.499E-01 27 2.178E-04 1.249E+00
  8  18
 3 1.073E-06 6.822E+01  6 1.971E-08 1.000E+02  7 3.530E-05 1.279E+01  8 2.305E-05 3.058E+01  9 5.940E-04 7.360E+00
11 2.507E-06 5.553E+01 12 4.624E-07 6.032E+01 14 2.029E-04 3.901E+01 16 1.131E-03 1.746E+00 17 6.586E-07 6.910E+01
18 2.947E-03 8.570E+00 21 5.498E-04 1.062E+01 22 1.806E-04 2.399E+01 23 3.631E-10 1.000E+02 24 1.262E-04 1.579E+00
25 3.352E-03 5.030E-01 26 1.719E-03 1.106E+00 27 2.173E-04 1.528E+00
  9  21
 3 1.341E-07 5.631E+01  5 1.109E-05 1.000E+02  6 3.262E-06 5.747E+01  7 4.408E-05 1.390E+01  8 3.638E-05 3.213E+01
 9 6.888E-04 6.502E+00 10 1.544E-07 6.972E+01 11 4.184E-06 5.472E+01 12 1.333E-06 5.780E+01 13 4.542E-08 1.000E+02
14 2.438E-04 5.612E+01 15 2.644E-06 1.000E+02 16 1.112E-03 1.486E+00 17 8.006E-06 9.890E+01 18 3.209E-03 8.909E+00
21 4.171E-04 1.247E+01 22 1.128E-04 2.349E+01 24 1.404E-04 1.132E+00 25 3.352E-03 5.514E-01 26 1.733E-03 9.807E-01
27 2.240E-04 1.359E+00
 10  20
 3 1.277E-06 1.000E+02  6 5.167E-07 7.178E+01  7 4.611E-05 1.107E+01  8 4.765E-05 1.635E+01  9 7.543E-04 5.677E+00
10 1.130E-06 8.048E+01 11 3.950E-06 6.291E+01 12 3.751E-06 5.296E+01 13 2.628E-07 7.454E+01 14 1.418E-04 6.168E+01
15 7.310E-07 7.179E+01 16 1.112E-03 1.315E+00 17 2.204E-06 1.000E+02 18 3.537E-03 6.531E+00 21 5.699E-04 1.534E+01
22 2.334E-04 2.061E+01 24 1.586E-04 1.213E+00 25 3.311E-03 5.239E-01 26 1.698E-03 9.200E-01 27 2.402E-04 1.747E+00
 11  18
 6 1.599E-06 9.622E+01  7 5.354E-05 1.427E+01  8 3.021E-05 3.346E+01  9 8.527E-04 6.128E+00 11 1.599E-06 7.476E+01
12 6.640E-07 3.581E+01 13 3.380E-07 6.373E+01 14 1.299E-04 7.474E+01 15 6.676E-07 1.000E+02 16 1.494E-03 8.942E-01
17 6.542E-07 8.937E+01 18 6.116E-03 5.183E+00 21 7.240E-04 1.185E+01 22 2.948E-04 2.115E+01 24 1.798E-04 1.632E+00
25 3.289E-03 3.708E-01 26 1.645E-03 6.851E-01 27 2.403E-04 1.237E+00
 12  19
 3 2.986E-06 5.065E+01  6 4.686E-06 7.351E+01  7 5.647E-05 1.281E+01  8 5.029E-05 3.469E+01  9 9.630E-04 6.661E+00
10 3.317E-06 1.000E+02 11 8.287E-06 5.411E+01 12 1.905E-06 3.185E+01 13 5.480E-08 1.000E+02 14 2.026E-04 4.586E+01
15 3.292E-08 1.000E+02 16 1.176E-03 1.344E+00 18 1.577E-02 2.957E+00 21 8.067E-04 9.231E+00 22 2.493E-04 1.634E+01
24 2.031E-04 1.403E+00 25 3.242E-03 5.309E-01 26 1.596E-03 9.225E-01 27 2.473E-04 1.964E+00
 13  21
 1 6.408E-07 1.000E+02  3 3.249E-06 8.728E+01  5 1.922E-05 1.000E+02  6 1.500E-07 1.000E+02  7 4.632E-05 1.040E+01
 8 4.504E-05 2.522E+01  9 9.905E-04 5.971E+00 11 2.601E-06 4.859E+01 12 2.163E-06 3.621E+01 13 7.738E-08 1.000E+02
14 1.569E-04 4.685E+01 15 2.039E-06 7.291E+01 16 1.173E-03 1.359E+00 17 5.435E-07 1.000E+02 18 2.556E-02 2.432E+00
21 9.207E-04 9.002E+00 22 2.797E-04 1.222E+01 24 2.210E-04 1.256E+00 25 3.216E-03 4.177E-01 26 1.587E-03 8.994E-01
27 2.475E-04 1.562E+00
 14  20
 3 2.999E-07 7.543E+01  6 4.057E-06 6.066E+01  7 7.179E-05 1.321E+01  8 5.405E-05 2.694E+01  9 1.073E-03 5.686E+00
10 1.160E-07 1.000E+02 11 5.244E-06 4.646E+01 12 2.091E-06 3.870E+01 13 3.299E-07 1.000E+02 14 2.858E-04 3.837E+01
15 6.375E-06 9.393E+01 16 1.162E-03 9.957E-01 17 1.684E-05 9.596E+01 18 3.337E-02 3.153E+00 21 9.519E-04 8.988E+00
22 2.611E-04 1.925E+01 24 2.519E-04 9.449E-01 25 3.146E-03 4.479E-01 26 1.509E-03 8.913E-01 27 2.604E-04 1.347E+00
 15  22
 1 6.349E-06 1.000E+02  3 1.659E-06 4.405E+01  5 2.765E-05 1.000E+02  6 5.843E-06 6.337E+01  7 8.267E-05 8.182E+00
 8 4.941E-05 1.527E+01  9 1.452E-03 2.859E+00 11 4.211E-06 4.926E+01 12 2.942E-06 3.422E+01 13 6.556E-07 7.058E+01
14 4.413E-04 3.251E+01 15 5.013E-06 1.000E+02 16 1.129E-03 1.510E+00 17 7.495E-06 6.942E+01 18 3.642E-02 2.135E+00
21 1.213E-03 8.616E+00 22 3.816E-04 1.291E+01 23 1.839E-07 1.000E+02 24 2.910E-04 1.154E+00 25 3.113E-03 4.301E-01
26 1.531E-03 7.675E-01 27 2.734E-04 1.814E+00
 16  21
 3 5.254E-06 5.276E+01  5 3.577E-05 7.040E+01  6 9.705E-06 4.948E+01  7 8.272E-05 8.005E+00  8 8.214E-05 1.493E+01
 9 1.515E-03 4.504E+00 10 6.297E-08 1.000E+02 11 3.376E-06 7.594E+01 12 1.502E-06 5.119E+01 13 4.507E-08 9.500E+01
14 2.844E-04 4.083E+01 15 9.129E-06 9.088E+01 16 1.144E-03 1.401E+00 17 2.155E-06 9.694E+01 18 3.704E-02 2.235E+00
21 1.134E-03 6.498E+00 22 3.493E-04 1.119E+01 24 3.214E-04 8.584E-01 25 3.034E-03 5.063E-01 26 1.492E-03 1.295E+00
27 2.900E-04 2.244E+00
 17  20
 3 1.790E-06 8.146E+01  6 1.254E-05 5.181E+01  7 9.612E-05 8.004E+00  8 7.341E-05 1.732E+01  9 1.620E-03 5.047E+00
10 1.336E-06 7.250E+01 11 6.794E-06 4.685E+01 12 3.868E-06 4.414E+01 13 1.029E-06 4.787E+01 14 4.579E-04 2.708E+01
15 1.062E-06 7.307E+01 16 1.136E-03 1.459E+00 17 1.580E-06 7.697E+01 18 3.541E-02 2.506E+00 21 1.396E-03 7.022E+00
22 3.372E-04 1.686E+01 24 3.680E-04 7.563E-01 25 2.951E-03 4.883E-01 26 1.479E-03 1.083E+00 27 3.088E-04 1.692E+00
 18  21
 1 1.011E-06 1.000E+02  3 3.364E-06 6.083E+01  6 7.964E-06 6.199E+01  7 9.767E-05 9.207E+00  8 7.701E-05 1.370E+01
 9 2.007E-03 3.844E+00 11 3.937E-06 3.686E+01 12 2.365E-06 3.510E+01 13 9.872E-08 1.000E+02 14 3.595E-04 2.552E+01
15 4.251E-06 7.420E+01 16 1.136E-03 1.276E+00 17 1.113E-05 5.188E+01 18 3.016E-02 2.708E+00 21 1.676E-03 8.491E+00
22 3.693E-04 1.379E+01 23 2.670E-08 1.000E+02 24 4.219E-04 9.384E-01 25 2.852E-03 5.882E-01 26 1.395E-03 1.120E+00
27 3.181E-04 1.724E+00
 19  21
 3 5.950E-06 6.997E+01  5 9.028E-05 1.000E+02  6 3.515E-06 4.311E+01  7 1.008E-04 9.084E+00  8 7.639E-05 2.389E+01
 9 2.298E-03 3.708E+00 10 7.773E-08 1.000E+02 11 9.943E-06 5.996E+01 12 3.606E-06 3.975E+01 13 6.996E-07 7.068E+01
14 4.052E-04 3.153E+01 15 7.704E-06 7.355E+01 16 1.093E-03 1.268E+00 17 4.510E-06 5.581E+01 18 2.265E-02 3.271E+00
21 1.905E-03 7.545E+00 22 4.925E-04 1.369E+01 24 4.915E-04 8.114E-01 25 2.725E-03 4.841E-01 26 1.363E-03 1.069E+00
27 3.412E-04 1.138E+00
 20  21
 3 4.804E-06 5.238E+01  5 8.372E-06 9.010E+01  6 5.556E-06 3.804E+01  7 1.367E-04 7.617E+00  8 8.485E-05 1.389E+01
 9 2.601E-03 3.519E+00 10 3.876E-07 1.000E+02 11 5.675E-06 3.662E+01 12 4.469E-06 2.749E+01 13 1.450E-06 7.564E+01
14 4.034E-04 4.036E+01 15 1.051E-06 8.060E+01 16 1.075E-03 1.353E+00 17 3.961E-06 6.727E+01 18 1.316E-02 3.596E+00
21 2.279E-03 4.521E+00 22 4.949E-04 1.024E+01 24 5.798E-04 6.460E-01 25 2.519E-03 5.403E-01 26 1.310E-03 1.006E+00
27 3.747E-04 1.876E+00
 21  21
 3 2.144E-06 8.671E+01  5 4.780E-07 1.000E+02  6 7.627E-06 3.862E+01  7 1.488E-04 4.788E+00  8 1.277E-04 1.204E+01
 9 3.833E-03 4.193E+00 10 1.220E-06 8.231E+01 11 3.155E-06 3.794E+01 12 4.623E-06 3.243E+01 13 3.467E-07 8.677E+01
14 6.238E-04 2.959E+01 15 1.317E-07 6.893E+01 16 8.491E-04 1.327E+00 17 5.552E-07 6.280E+01 18 6.858E-03 5.270E+00
21 2.493E-03 5.241E+00 22 5.263E-04 1.129E+01 24 1.299E-03 5.486E-01 25 1.194E-03 8.212E-01 26 1.215E-03 9.645E-01
27 5.818E-04 1.485E+00
 22  22
 1 1.621E-06 1.000E+02  3 3.438E-06 7.552E+01  5 1.904E-05 7.869E+01  6 5.946E-06 3.337E+01  7 1.693E-04 8.033E+00
 8 1.451E-04 1.084E+01  9 4.341E-03 3.681E+00 10 2.828E-06 9.202E+01 11 1.233E-05 2.543E+01 12 7.932E-06 2.248E+01
13 1.846E-07 8.889E+01 14 5.901E-04 3.338E+01 15 3.760E-06 8.314E+01 16 8.427E-04 1.788E+00 17 3.268E-06 5.210E+01
18 5.314E-03 5.149E+00 21 2.437E-03 5.020E+00 22 7.910E-04 1.156E+01 24 1.385E-03 4.941E-01 25 1.008E-03 8.390E-01
26 1.147E-03 9.821E-01 27 6.063E-04 1.435E+00
 23  22
 1 1.685E-06 1.000E+02  3 1.918E-06 5.986E+01  5 1.916E-05 9.038E+01  6 8.747E-06 3.560E+01  7 1.737E-04 6.630E+00
 8 1.343E-04 9.382E+00  9 4.775E-03 2.779E+00 10 3.819E-06 9.035E+01 11 1.116E-05 3.359E+01 12 4.286E-06 3.076E+01
13 5.772E-07 9.777E+01 14 5.360E-04 2.494E+01 15 8.443E-06 7.029E+01 16 8.449E-04 1.719E+00 17 1.777E-05 3.979E+01
18 4.603E-03 5.614E+00 21 2.679E-03 6.082E+00 22 8.481E-04 8.464E+00 24 1.470E-03 4.894E-01 25 8.679E-04 7.878E-01
26 1.130E-03 9.131E-01 27 6.334E-04 1.663E+00
 24  21
 3 1.324E-06 5.789E+01  5 3.603E-05 8.365E+01  6 1.075E-05 3.877E+01  7 2.068E-04 7.399E+00  8 1.301E-04 1.335E+01
 9 5.852E-03 3.181E+00 10 2.333E-06 1.000E+02 11 1.010E-05 5.533E+01 12 8.546E-06 2.367E+01 13 2.024E-08 1.000E+02
14 7.139E-04 2.981E+01 15 3.493E-06 7.069E+01 16 8.208E-04 1.379E+00 17 3.629E-06 4.781E+01 18 3.766E-03 5.813E+00
21 3.280E-03 5.240E+00 22 1.019E-03 9.577E+00 24 1.525E-03 4.834E-01 25 7.641E-04 1.017E+00 26 1.099E-03 9.493E-01
27 6.580E-04 1.235E+00
 25  22
 1 5.253E-06 1.000E+02  3 2.092E-06 7.772E+01  5 7.600E-06 7.804E+01  6 1.243E-05 3.846E+01  7 2.181E-04 6.905E+00
 8 1.631E-04 1.072E+01  9 6.230E-03 2.453E+00 10 1.836E-06 8.765E+01 11 2.545E-05 2.973E+01 12 6.873E-06 1.851E+01
13 9.526E-07 5.874E+01 14 6.471E-04 3.074E+01 15 3.390E-06 8.176E+01 16 7.982E-04 1.204E+00 17 6.445E-06 4.198E+01
18 3.312E-03 5.754E+00 21 3.061E-03 4.991E+00 22 9.464E-04 8.660E+00 24 1.567E-03 3.955E-01 25 6.679E-04 1.063E+00
26 1.047E-03 1.235E+00 27 6.608E-04 1.761E+00
 26  22
 3 1.684E-06 7.029E+01  5 3.413E-05 6.377E+01  6 1.693E-05 2.905E+01  7 2.380E-04 7.085E+00  8 1.794E-04 1.299E+01
 9 6.291E-03 2.463E+00 10 2.688E-06 7.451E+01 11 1.485E-05 3.193E+01 12 7.468E-06 1.384E+01 13 1.182E-06 5.414E+01
14 7.907E-04 2.633E+01 15 1.770E-06 6.885E+01 16 8.050E-04 1.275E+00 17 1.235E-05 4.465E+01 18 2.846E-03 8.847E+00
21 4.400E-03 6.018E+00 22 1.072E-03 8.652E+00 23 1.840E-08 1.000E+02 24 1.611E-03 5.282E-01 25 6.028E-04 8.706E-01
26 1.041E-03 1.329E+00 27 6.946E-04 1.844E+00
 27  22
 1 1.151E-05 1.000E+02  3 2.018E-06 7.493E+01  5 5.933E-05 4.607E+01  6 1.327E-05 3.580E+01  7 2.963E-04 7.036E+00
 8 2.113E-04 1.091E+01  9 6.309E-03 2.828E+00 10 5.077E-07 6.077E+01 11 3.262E-05 3.439E+01 12 9.164E-06 2.246E+01
13 1.655E-06 6.605E+01 14 7.697E-04 1.930E+01 15 1.578E-05 4.027E+01 16 7.983E-04 1.755E+00 17 3.740E-06 4.600E+01
18 2.832E-03 6.137E+00 21 4.625E-03 4.448E+00 22 1.369E-03 8.668E+00 24 1.651E-03 4.818E-01 25 5.298E-04 1.243E+00
26 1.012E-03 1.008E+00 27 7.033E-04 1.538E+00
 28  22
 1 5.264E-06 1.000E+02  3 3.061E-07 7.914E+01  5 4.431E-05 6.112E+01  6 1.875E-05 3.191E+01  7 3.186E-04 5.529E+00
 8 2.927E-04 1.204E+01  9 6.281E-03 2.627E+00 10 2.392E-07 7.249E+01 11 1.467E-05 3.841E+01 12 7.774E-06 1.981E+01
13 5.657E-07 6.510E+01 14 8.065E-04 3.353E+01 15 6.723E-06 6.012E+01 16 7.754E-04 1.417E+00 17 7.021E-06 3.832E+01
18 2.146E-03 1.072E+01 21 5.099E-03 3.487E+00 22 1.409E-03 8.771E+00 24 1.671E-03 4.868E-01 25 4.649E-04 1.320E+00
26 1.006E-03 1.418E+00 27 7.325E-04 1.502E+00
 29  22
 3 1.120E-06 6.392E+01  5 2.798E-05 8.601E+01  6 2.527E-05 3.534E+01  7 3.179E-04 5.309E+00  8 3.003E-04 6.750E+00
 9 6.109E-03 3.227E+00 10 1.653E-07 9.563E+01 11 2.987E-05 2.327E+01 12 1.509E-05 1.682E+01 13 2.531E-06 6.035E+01
14 9.920E-04 2.786E+01 15 4.914E-07 7.029E+01 16 7.674E-04 1.850E+00 17 7.991E-06 5.112E+01 18 2.037E-03 8.603E+00
21 6.519E-03 3.892E+00 22 1.668E-03 8.964E+00 23 1.823E-08 1.000E+02 24 1.719E-03 4.038E-01 25 4.159E-04 8.673E-01
26 1.020E-03 1.036E+00 27 7.795E-04 1.376E+00
 30  21
 3 1.055E-06 1.000E+02  5 1.211E-06 8.167E+01  6 1.221E-05 2.932E+01  7 3.823E-04 5.022E+00  8 2.968E-04 1.056E+01
 9 5.041E-03 3.021E+00 10 2.012E-07 6.992E+01 11 3.393E-05 2.661E+01 12 1.179E-05 1.586E+01 13 9.905E-07 4.783E+01
14 1.232E-03 1.786E+01 15 3.240E-05 5.657E+01 16 7.693E-04 1.551E+00 17 7.171E-06 3.960E+01 18 2.257E-03 8.126E+00
21 1.286E-02 2.970E+00 22 1.772E-03 7.535E+00 24 1.733E-03 5.458E-01 25 3.737E-04 1.053E+00 26 9.646E-04 1.227E+00
27 7.434E-04 1.432E+00
 31  23
 1 1.210E-05 1.000E+02  3 1.050E-06 6.812E+01  5 9.184E-05 6.232E+01  6 2.952E-05 4.048E+01  7 3.891E-04 5.815E+00
 8 2.956E-04 9.961E+00  9 4.507E-03 2.166E+00 10 9.814E-07 6.996E+01 11 2.941E-05 2.231E+01 12 1.280E-05 1.361E+01
13 1.938E-07 5.583E+01 14 1.199E-03 1.859E+01 15 1.154E-05 6.753E+01 16 7.874E-04 1.659E+00 17 1.552E-05 3.779E+01
18 1.868E-03 8.131E+00 19 1.438E-05 1.000E+02 21 1.669E-02 2.599E+00 22 1.989E-03 6.828E+00 24 1.765E-03 4.864E-01
25 3.404E-04 1.617E+00 26 9.925E-04 1.095E+00 27 7.731E-04 1.353E+00
 32  22
 1 6.109E-06 7.764E+01  3 1.010E-06 6.563E+01  5 5.564E-05 6.656E+01  6 4.576E-05 3.072E+01  7 4.423E-04 4.315E+00
 8 3.565E-04 9.933E+00  9 4.326E-03 2.360E+00 10 1.642E-06 4.513E+01 11 2.563E-05 2.301E+01 12 1.728E-05 1.566E+01
13 6.865E-07 4.290E+01 14 1.184E-03 2.003E+01 15 1.263E-05 5.816E+01 16 7.605E-04 1.122E+00 17 1.298E-05 3.466E+01
18 1.575E-03 1.166E+01 21 1.571E-02 2.258E+00 22 2.358E-03 7.031E+00 24 1.762E-03 4.125E-01 25 2.981E-04 1.760E+00
26 9.617E-04 9.808E-01 27 7.714E-04 1.492E+00
 33  22
 3 9.149E-07 7.641E+01  5 8.848E-05 8.850E+01  6 5.419E-05 2.184E+01  7 4.571E-04 3.896E+00  8 3.928E-04 6.915E+00
 9 4.396E-03 2.965E+00 10 8.480E-07 6.398E+01 11 4.089E-05 1.984E+01 12 1.727E-05 1.220E+01 13 3.542E-07 3.867E+01
14 2.361E-03 1.710E+01 15 2.035E-05 5.450E+01 16 7.750E-04 1.482E+00 17 1.745E-05 3.855E+01 18 1.170E-03 8.363E+00
21 1.679E-02 1.985E+00 22 2.424E-03 4.968E+00 23 5.880E-09 1.000E+02 24 1.791E-03 4.513E-01 25 2.676E-04 1.630E+00
26 9.660E-04 6.418E-01 27 7.941E-04 9.450E-01
 34  22
 1 2.135E-06 1.000E+02  3 1.012E-06 9.808E+01  5 7.359E-05 3.737E+01  6 3.102E-05 2.595E+01  7 5.306E-04 3.873E+00
 8 4.441E-04 5.940E+00  9 4.270E-03 2.768E+00 10 6.153E-06 5.491E+01 11 2.999E-05 2.396E+01 12 2.132E-05 2.030E+01
13 7.541E-07 7.225E+01 14 1.860E-03 1.562E+01 15 1.951E-05 5.260E+01 16 7.577E-04 1.445E+00 17 3.493E-05 2.597E+01
18 1.148E-03 1.567E+01 21 1.543E-02 2.727E+00 22 2.576E-03 6.811E+00 24 1.801E-03 5.431E-01 25 2.459E-04 2.236E+00
26 9.739E-04 1.156E+00 27 7.998E-04 1.259E+00
 35  22
 1 2.362E-05 6.072E+01  3 2.614E-06 8.306E+01  5 1.676E-04 6.033E+01  6 2.601E-05 3.219E+01  7 5.856E-04 2.548E+00
 8 4.511E-04 6.460E+00  9 3.806E-03 3.807E+00 10 4.565E-06 7.341E+01 11 3.761E-05 1.750E+01 12 2.654E-05 1.417E+01
13 1.232E-06 3.791E+01 14 1.914E-03 1.430E+01 15 3.212E-05 3.851E+01 16 7.569E-04 1.256E+00 17 2.521E-05 4.979E+01
18 1.251E-03 8.398E+00 21 1.673E-02 3.002E+00 22 3.099E-03 3.973E+00 24 1.821E-03 5.295E-01 25 2.239E-04 1.739E+00
26 9.817E-04 1.079E+00 27 8.265E-04 1.617E+00
 36  23
 1 2.092E-06 8.960E+01  3 6.212E-06 4.135E+01  5 2.012E-04 4.257E+01  6 5.398E-05 1.707E+01  7 6.600E-04 3.418E+00
 8 5.220E-04 5.619E+00  9 3.983E-03 2.881E+00 10 4.454E-06 5.069E+01 11 5.452E-05 1.438E+01 12 2.728E-05 1.166E+01
13 1.043E-06 3.769E+01 14 2.444E-03 1.086E+01 15 2.969E-05 3.958E+01 16 7.612E-04 1.277E+00 17 2.415E-05 4.004E+01
18 7.296E-04 1.137E+01 21 1.614E-02 3.096E+00 22 3.223E-03 4.500E+00 23 7.200E-09 7.184E+01 24 1.834E-03 4.551E-01
25 1.914E-04 2.163E+00 26 9.537E-04 1.198E+00 27 8.119E-04 1.062E+00
 37  22
 3 2.185E-06 6.771E+01  5 1.901E-04 3.409E+01  6 3.340E-05 2.499E+01  7 7.578E-04 2.588E+00  8 5.956E-04 5.304E+00
 9 4.018E-03 2.889E+00 10 3.733E-06 6.359E+01 11 5.362E-05 1.884E+01 12 3.111E-05 1.275E+01 13 1.533E-06 5.123E+01
14 2.501E-03 1.548E+01 15 2.200E-05 4.837E+01 16 7.354E-04 1.572E+00 17 1.932E-05 3.740E+01 18 5.775E-04 1.050E+01
21 1.681E-02 3.657E+00 22 3.681E-03 4.202E+00 23 2.009E-07 1.000E+02 24 1.837E-03 3.141E-01 25 1.693E-04 1.654E+00
26 9.477E-04 1.070E+00 27 8.262E-04 1.591E+00
 38  22
 1 3.565E-05 7.162E+01  3 3.604E-06 8.236E+01  5 9.442E-05 6.831E+01  6 3.490E-05 2.688E+01  7 8.484E-04 3.529E+00
 8 6.306E-04 6.648E+00  9 3.885E-03 2.643E+00 10 4.433E-06 4.702E+01 11 5.788E-05 1.685E+01 12 2.505E-05 1.244E+01
13 3.520E-06 3.177E+01 14 3.315E-03 1.392E+01 15 2.793E-05 3.776E+01 16 7.407E-04 1.491E+00 17 1.229E-05 2.980E+01
18 7.194E-04 1.144E+01 21 1.622E-02 1.959E+00 22 4.328E-03 4.546E+00 24 1.861E-03 4.849E-01 25 1.577E-04 1.943E+00
26 9.696E-04 8.771E-01 27 8.492E-04 1.086E+00
 39  21
 3 9.369E-07 7.311E+01  5 1.007E-04 5.428E+01  6 5.459E-05 2.504E+01  7 9.129E-04 2.922E+00  8 6.652E-04 5.608E+00
 9 3.851E-03 3.267E+00 10 3.041E-06 5.660E+01 11 6.235E-05 1.388E+01 12 3.541E-05 9.501E+00 13 1.586E-06 5.025E+01
14 3.395E-03 1.614E+01 15 3.671E-05 3.511E+01 16 7.498E-04 1.607E+00 17 2.617E-05 4.312E+01 18 6.991E-04 9.225E+00
21 1.625E-02 3.169E+00 22 4.420E-03 5.626E+00 24 1.865E-03 5.027E-01 25 1.432E-04 2.143E+00 26 9.596E-04 1.273E+00
27 8.483E-04 1.722E+00
 40  23
 1 2.646E-05 1.000E+02  3 4.378E-06 5.225E+01  5 1.559E-04 3.284E+01  6 4.004E-05 2.257E+01  7 1.013E-03 2.744E+00
 8 7.901E-04 4.235E+00  9 3.978E-03 2.379E+00 10 5.432E-06 4.094E+01 11 8.192E-05 1.270E+01 12 3.847E-05 8.363E+00
13 2.116E-06 3.452E+01 14 3.024E-03 1.472E+01 15 3.036E-05 2.751E+01 16 7.231E-04 1.719E+00 17 3.273E-05 2.597E+01
18 4.457E-04 1.360E+01 21 1.609E-02 2.460E+00 22 4.807E-03 4.142E+00 23 2.163E-07 1.000E+02 24 1.861E-03 4.962E-01
25 1.298E-04 2.222E+00 26 9.721E-04 8.402E-01 27 8.623E-04 1.420E+00
 41  23
 1 4.965E-05 7.742E+01  3 1.483E-06 4.926E+01  5 1.576E-04 5.122E+01  6 6.634E-05 1.900E+01  7 1.170E-03 2.906E+00
 8 8.985E-04 4.827E+00  9 3.736E-03 3.106E+00 10 5.884E-06 6.404E+01 11 6.957E-05 1.422E+01 12 4.298E-05 1.042E+01
13 6.574E-06 5.187E+01 14 3.955E-03 1.109E+01 15 7.739E-05 2.842E+01 16 7.228E-04 9.414E-01 17 2.271E-05 1.905E+01
18 6.204E-04 1.980E+01 21 1.614E-02 2.551E+00 22 5.674E-03 4.990E+00 23 3.308E-08 7.637E+01 24 1.876E-03 4.251E-01
25 1.158E-04 2.327E+00 26 9.804E-04 1.356E+00 27 8.743E-04 1.613E+00
 42  22
 1 2.529E-05 6.103E+01  3 4.854E-07 5.076E+01  5 2.122E-04 8.073E+01  6 7.189E-05 1.705E+01  7 1.271E-03 2.026E+00
 8 9.878E-04 4.969E+00  9 3.956E-03 2.892E+00 10 3.971E-06 4.356E+01 11 8.309E-05 1.393E+01 12 5.314E-05 9.915E+00
13 4.392E-06 4.557E+01 14 4.176E-03 1.150E+01 15 7.040E-05 2.589E+01 16 7.256E-04 1.638E+00 17 2.855E-05 2.770E+01
18 3.922E-04 1.703E+01 21 1.442E-02 2.285E+00 22 6.354E-03 5.429E+00 24 1.882E-03 4.818E-01 25 1.033E-04 2.662E+00
26 9.973E-04 8.804E-01 27 9.048E-04 1.360E+00
 43  22
 1 1.732E-05 6.446E+01  3 1.979E-06 6.423E+01  5 8.255E-05 4.143E+01  6 5.815E-05 1.442E+01  7 1.323E-03 2.484E+00
 8 1.043E-03 5.560E+00  9 3.660E-03 3.069E+00 10 3.744E-06 4.336E+01 11 8.432E-05 1.237E+01 12 5.002E-05 1.177E+01
13 4.955E-06 4.471E+01 14 4.783E-03 9.927E+00 15 3.012E-05 2.906E+01 16 7.297E-04 1.905E+00 17 3.710E-05 2.798E+01
18 4.832E-04 1.264E+01 21 1.248E-02 3.262E+00 22 7.127E-03 2.953E+00 24 1.896E-03 4.386E-01 25 9.578E-05 2.540E+00
26 1.015E-03 1.147E+00 27 9.277E-04 1.476E+00
 44  22
 1 8.909E-06 8.135E+01  3 3.507E-07 1.000E+02  5 1.166E-04 5.401E+01  6 1.018E-04 2.003E+01  7 1.587E-03 1.912E+00
 8 1.245E-03 3.219E+00  9 3.770E-03 2.301E+00 10 4.208E-06 5.916E+01 11 9.799E-05 1.243E+01 12 5.722E-05 1.164E+01
13 3.408E-06 3.698E+01 14 5.511E-03 8.976E+00 15 6.391E-05 2.972E+01 16 7.148E-04 1.685E+00 17 5.644E-05 2.611E+01
18 4.454E-04 1.749E+01 21 5.919E-03 4.729E+00 22 7.961E-03 3.673E+00 24 1.905E-03 5.393E-01 25 8.034E-05 2.887E+00
26 1.018E-03 1.401E+00 27 9.373E-04 1.333E+00
 45  22
 1 2.403E-05 4.653E+01  3 3.191E-06 6.885E+01  5 1.463E-04 2.563E+01  6 9.009E-05 1.352E+01  7 1.805E-03 2.040E+00
 8 1.446E-03 4.190E+00  9 3.713E-03 2.664E+00 10 2.205E-06 3.881E+01 11 1.108E-04 1.042E+01 12 6.189E-05 9.528E+00
13 5.398E-06 2.936E+01 14 5.751E-03 8.532E+00 15 3.632E-05 2.635E+01 16 7.376E-04 1.166E+00 17 3.389E-05 2.864E+01
18 2.871E-04 1.493E+01 21 5.306E-03 4.475E+00 22 1.082E-02 2.539E+00 24 1.904E-03 3.914E-01 25 7.340E-05 2.879E+00
26 1.029E-03 9.407E-01 27 9.606E-04 1.359E+00
 46  23
 1 1.555E-05 8.243E+01  3 4.822E-06 3.790E+01  5 2.334E-04 3.369E+01  6 1.201E-04 1.538E+01  7 2.027E-03 2.308E+00
 8 1.479E-03 4.015E+00  9 3.841E-03 3.940E+00 10 7.521E-06 3.366E+01 11 1.134E-04 1.286E+01 12 7.400E-05 9.311E+00
13 4.687E-06 2.449E+01 14 6.410E-03 7.449E+00 15 5.036E-05 3.464E+01 16 7.480E-04 1.225E+00 17 4.522E-05 1.859E+01
18 2.715E-04 2.262E+01 21 5.034E-03 4.858E+00 22 1.745E-02 2.551E+00 23 2.624E-08 1.000E+02 24 1.916E-03 4.338E-01
25 6.688E-05 3.887E+00 26 1.060E-03 9.370E-01 27 1.003E-03 1.125E+00
 47  23
 1 5.759E-05 8.984E+01  3 3.115E-06 6.085E+01  5 1.034E-04 3.892E+01  6 1.108E-04 1.204E+01  7 2.124E-03 2.490E+00
 8 1.801E-03 3.540E+00  9 3.622E-03 3.634E+00 10 1.141E-05 5.362E+01 11 1.144E-04 1.500E+01 12 6.860E-05 6.393E+00
13 4.620E-06 3.090E+01 14 9.429E-03 9.497E+00 15 5.075E-05 4.779E+01 16 7.333E-04 1.672E+00 17 7.167E-05 1.919E+01
18 2.255E-04 2.909E+01 21 3.990E-03 4.892E+00 22 2.607E-02 2.538E+00 23 1.348E-08 1.000E+02 24 1.928E-03 4.153E-01
25 6.355E-05 3.140E+00 26 1.113E-03 1.021E+00 27 1.059E-03 1.250E+00
 48  23
 1 3.501E-05 5.593E+01  3 6.605E-06 4.349E+01  5 4.288E-04 2.691E+01  6 1.045E-04 1.332E+01  7 2.372E-03 1.772E+00
 8 1.926E-03 2.593E+00  9 3.828E-03 2.419E+00 10 5.164E-06 3.965E+01 11 1.778E-04 1.314E+01 12 8.525E-05 7.646E+00
13 4.303E-06 2.006E+01 14 1.319E-02 5.893E+00 15 1.082E-04 2.397E+01 16 7.058E-04 8.837E-01 17 6.228E-05 2.126E+01
18 3.335E-04 2.255E+01 19 3.465E-07 1.000E+02 21 3.738E-03 3.941E+00 22 3.082E-02 1.717E+00 24 1.942E-03 3.689E-01
25 5.805E-05 3.835E+00 26 1.194E-03 9.183E-01 27 1.135E-03 9.551E-01
 49  24
 1 4.035E-06 9.555E+01  3 2.025E-06 4.428E+01  5 4.584E-04 2.770E+01  6 1.622E-04 1.080E+01  7 2.530E-03 1.799E+00
 8 2.187E-03 3.062E+00  9 3.627E-03 3.103E+00 10 6.906E-06 3.458E+01 11 1.733E-04 1.101E+01 12 9.016E-05 7.524E+00
13 6.718E-06 2.428E+01 14 1.731E-02 9.105E+00 15 1.071E-04 2.834E+01 16 7.392E-04 1.573E+00 17 7.105E-05 1.824E+01
18 2.600E-04 2.062E+01 19 1.255E-06 1.000E+02 21 2.998E-03 4.665E+00 22 2.919E-02 2.308E+00 23 4.705E-09 1.000E+02
24 1.957E-03 3.943E-01 25 4.840E-05 3.124E+00 26 1.646E-03 6.145E-01 27 1.813E-03 8.644E-01
 50  23
 1 1.662E-05 6.243E+01  3 4.052E-06 3.946E+01  5 2.379E-04 5.077E+01  6 1.537E-04 1.301E+01  7 2.789E-03 2.013E+00
 8 3.510E-03 2.399E+00  9 3.637E-03 3.454E+00 10 1.412E-05 2.590E+01 11 1.684E-04 8.996E+00 12 8.529E-05 7.339E+00
13 9.505E-06 2.064E+01 14 1.559E-02 7.171E+00 15 1.018E-04 1.552E+01 16 7.104E-04 1.954E+00 17 1.103E-04 2.359E+01
18 1.862E-04 2.152E+01 21 2.623E-03 3.845E+00 22 2.411E-02 2.757E+00 23 1.088E-07 1.000E+02 24 1.957E-03 5.186E-01
25 4.486E-05 3.269E+00 26 1.727E-03 7.040E-01 27 1.912E-03 9.271E-01
 51  24
 1 4.517E-05 5.782E+01  3 9.275E-06 5.508E+01  5 6.668E-04 1.864E+01  6 1.962E-04 1.173E+01  7 3.041E-03 1.896E+00
 8 3.546E-03 2.704E+00  9 3.497E-03 3.081E+00 10 8.851E-06 2.747E+01 11 1.686E-04 6.591E+00 12 1.149E-04 7.020E+00
13 1.618E-05 2.675E+01 14 1.642E-02 5.934E+00 15 7.796E-05 1.945E+01 16 7.082E-04 1.035E+00 17 9.090E-05 1.802E+01
18 1.755E-04 1.928E+01 19 2.303E-05 1.000E+02 21 2.408E-03 4.972E+00 22 1.615E-02 3.139E+00 23 1.701E-09 1.000E+02
24 1.950E-03 4.383E-01 25 4.233E-05 4.245E+00 26 1.740E-03 7.318E-01 27 1.948E-03 8.426E-01
 52  24
 1 2.130E-05 6.078E+01  3 9.068E-06 4.940E+01  5 3.905E-04 2.867E+01  6 2.109E-04 1.094E+01  7 3.547E-03 1.801E+00
 8 3.769E-03 2.698E+00  9 3.326E-03 3.393E+00 10 9.303E-06 3.285E+01 11 2.056E-04 1.029E+01 12 1.228E-04 4.940E+00
13 9.611E-06 3.360E+01 14 1.686E-02 6.435E+00 15 9.859E-05 2.191E+01 16 7.161E-04 1.711E+00 17 7.481E-05 1.899E+01
18 1.730E-04 2.659E+01 19 2.020E-06 1.000E+02 21 2.163E-03 5.889E+00 22 9.337E-03 3.149E+00 23 3.058E-08 1.000E+02
24 1.961E-03 4.397E-01 25 3.545E-05 4.846E+00 26 1.733E-03 7.424E-01 27 1.937E-03 7.950E-01
 53  23
 1 2.603E-05 6.301E+01  3 6.905E-06 4.046E+01  5 2.159E-04 2.334E+01  6 2.431E-04 9.475E+00  7 4.090E-03 1.378E+00
 8 3.841E-03 1.957E+00  9 3.230E-03 2.697E+00 10 1.473E-05 4.977E+01 11 2.059E-04 7.976E+00 12 1.203E-04 6.761E+00
13 1.255E-05 1.745E+01 14 1.136E-02 7.265E+00 15 1.508E-04 1.842E+01 16 7.043E-04 1.669E+00 17 1.035E-04 1.510E+01
18 1.733E-04 4.561E+01 21 1.882E-03 8.291E+00 22 7.416E-03 2.919E+00 23 6.502E-08 8.335E+01 24 1.965E-03 3.956E-01
25 3.047E-05 4.615E+00 26 1.786E-03 8.666E-01 27 2.008E-03 9.791E-01
 54  24
 1 5.651E-05 5.575E+01  3 1.105E-05 4.192E+01  5 4.419E-04 1.552E+01  6 2.387E-04 8.374E+00  7 4.795E-03 1.439E+00
 8 4.184E-03 2.285E+00  9 3.222E-03 3.176E+00 10 1.530E-05 2.680E+01 11 2.641E-04 7.622E+00 12 1.414E-04 6.151E+00
13 1.305E-05 1.949E+01 14 8.702E-03 8.982E+00 15 9.999E-05 2.159E+01 16 7.062E-04 1.774E+00 17 6.679E-05 1.389E+01
18 1.403E-04 2.569E+01 19 4.593E-06 1.000E+02 21 1.569E-03 5.106E+00 22 6.460E-03 4.343E+00 23 1.867E-08 7.659E+01
24 1.976E-03 4.413E-01 25 2.827E-05 4.217E+00 26 1.811E-03 9.326E-01 27 2.023E-03 1.022E+00
 55  24
 1 6.902E-05 4.464E+01  3 6.084E-06 4.514E+01  5 5.347E-04 2.581E+01  6 3.288E-04 1.112E+01  7 8.194E-03 1.199E+00
 8 4.484E-03 2.461E+00  9 3.437E-03 3.393E+00 10 2.041E-05 2.396E+01 11 3.246E-04 6.069E+00 12 1.632E-04 5.504E+00
13 1.676E-05 2.852E+01 14 6.101E-03 1.061E+01 15 1.153E-04 1.855E+01 16 7.066E-04 1.512E+00 17 1.486E-04 1.316E+01
18 7.136E-05 3.057E+01 19 4.760E-06 1.000E+02 21 1.510E-03 6.780E+00 22 6.400E-03 5.516E+00 23 3.912E-07 9.791E+01
24 1.987E-03 3.971E-01 25 2.742E-05 5.309E+00 26 1.841E-03 5.957E-01 27 2.037E-03 5.536E-01
 56  24
 1 8.983E-05 3.813E+01  3 1.558E-05 3.325E+01  5 4.110E-04 2.240E+01  6 3.107E-04 9.889E+00  7 8.863E-03 1.307E+00
 8 4.555E-03 2.324E+00  9 3.381E-03 2.200E+00 10 2.965E-05 2.634E+01 11 3.531E-04 6.696E+00 12 1.911E-04 4.968E+00
13 2.330E-05 1.999E+01 14 5.962E-03 7.742E+00 15 1.630E-04 1.530E+01 16 7.048E-04 1.696E+00 17 1.403E-04 1.034E+01
18 1.224E-04 3.508E+01 19 1.345E-07 1.000E+02 21 1.495E-03 1.070E+01 22 5.357E-03 4.291E+00 23 3.814E-07 1.000E+02
24 1.990E-03 4.113E-01 25 2.424E-05 5.945E+00 26 1.832E-03 5.923E-01 27 2.037E-03 7.919E-01
 57  23
 1 4.855E-05 2.948E+01  3 9.335E-06 4.761E+01  5 4.661E-04 3.045E+01  6 3.370E-04 9.488E+00  7 9.174E-03 1.173E+00
 8 4.637E-03 2.315E+00  9 3.175E-03 3.792E+00 10 2.204E-05 3.545E+01 11 3.717E-04 6.226E+00 12 2.082E-04 4.701E+00
13 1.605E-05 2.124E+01 14 4.702E-03 1.089E+01 15 1.469E-04 1.612E+01 16 7.262E-04 1.853E+00 17 1.263E-04 1.502E+01
18 9.274E-05 3.772E+01 21 1.286E-03 6.795E+00 22 4.467E-03 3.051E+00 23 4.084E-08 9.413E+01 24 1.981E-03 5.125E-01
25 2.039E-05 6.134E+00 26 1.827E-03 8.591E-01 27 2.024E-03 8.889E-01
 58  23
 1 1.556E-04 4.598E+01  3 1.827E-05 3.872E+01  5 8.068E-04 2.211E+01  6 3.958E-04 7.108E+00  7 9.581E-03 1.150E+00
 8 4.967E-03 2.004E+00  9 3.130E-03 3.027E+00 10 2.599E-05 2.428E+01 11 4.102E-04 8.543E+00 12 2.258E-04 3.770E+00
13 1.648E-05 1.688E+01 14 3.471E-03 1.093E+01 15 2.651E-04 1.417E+01 16 7.282E-04 1.504E+00 17 1.894E-04 1.007E+01
18 8.814E-05 2.634E+01 21 1.120E-03 5.939E+00 22 4.731E-03 4.991E+00 23 1.277E-07 5.725E+01 24 1.997E-03 4.757E-01
25 1.823E-05 6.760E+00 26 1.832E-03 7.748E-01 27 2.028E-03 1.051E+00
 59  24
 1 1.667E-04 3.213E+01  3 9.502E-06 4.118E+01  5 7.310E-04 2.079E+01  6 4.752E-04 7.558E+00  7 9.807E-03 1.054E+00
 8 5.048E-03 2.282E+00  9 3.279E-03 3.664E+00 10 3.009E-05 2.353E+01 11 4.339E-04 6.463E+00 12 2.413E-04 4.141E+00
13 1.879E-05 1.510E+01 14 4.837E-03 1.060E+01 15 2.557E-04 1.924E+01 16 7.060E-04 1.526E+00 17 2.071E-04 1.068E+01
18 8.317E-05 2.958E+01 19 8.158E-06 9.015E+01 21 9.150E-04 6.688E+00 22 3.588E-03 5.946E+00 23 4.918E-07 6.016E+01
24 1.985E-03 3.907E-01 25 1.910E-05 5.438E+00 26 1.812E-03 7.812E-01 27 2.002E-03 9.374E-01
 60  23
 1 2.233E-05 6.200E+01  3 5.436E-06 4.888E+01  5 1.077E-03 1.456E+01  6 4.852E-04 7.896E+00  7 9.999E-03 1.097E+00
 8 5.187E-03 1.693E+00  9 3.093E-03 3.320E+00 10 2.581E-05 3.576E+01 11 5.946E-04 5.093E+00 12 2.756E-04 4.926E+00
13 2.851E-05 1.766E+01 14 3.870E-03 1.056E+01 15 3.158E-04 9.294E+00 16 6.866E-04 2.030E+00 17 2.592E-04 1.004E+01
18 1.041E-04 4.741E+01 21 8.755E-04 9.522E+00 22 3.633E-03 5.297E+00 23 2.499E-09 1.000E+02 24 1.982E-03 3.947E-01
25 1.539E-05 5.822E+00 26 1.801E-03 7.209E-01 27 1.983E-03 1.022E+00
 61  25
 1 4.619E-05 4.780E+01  3 1.059E-05 2.813E+01  5 8.093E-04 1.571E+01  6 5.683E-04 8.948E+00  7 1.029E-02 1.123E+00
 8 5.586E-03 1.922E+00  9 2.994E-03 3.535E+00 10 3.380E-05 1.832E+01 11 5.687E-04 5.925E+00 12 3.041E-04 3.580E+00
13 2.347E-05 1.681E+01 14 2.206E-03 1.623E+01 15 2.652E-04 1.473E+01 16 7.128E-04 1.231E+00 17 2.299E-04 1.125E+01
18 5.943E-05 4.548E+01 19 2.336E-07 1.000E+02 20 5.187E-06 1.000E+02 21 9.496E-04 9.283E+00 22 2.841E-03 5.801E+00
23 8.279E-08 7.354E+01 24 1.996E-03 3.768E-01 25 1.433E-05 5.414E+00 26 1.794E-03 8.480E-01 27 1.975E-03 1.004E+00
 62  24
 1 7.870E-05 3.087E+01  2 5.375E-08 9.679E+01  3 1.799E-05 3.336E+01  5 1.109E-03 1.691E+01  6 6.206E-04 5.854E+00
 7 1.037E-02 1.211E+00  8 5.694E-03 1.562E+00  9 3.075E-03 3.568E+00 10 4.360E-05 1.973E+01 11 7.098E-04 5.516E+00
12 3.831E-04 3.920E+00 13 3.317E-05 1.237E+01 14 2.848E-03 1.267E+01 15 3.012E-04 1.555E+01 16 7.023E-04 1.495E+00
17 3.181E-04 1.373E+01 18 5.500E-05 5.953E+01 21 8.137E-04 1.088E+01 22 2.781E-03 6.331E+00 23 2.169E-07 7.047E+01
24 1.985E-03 4.266E-01 25 1.206E-05 6.372E+00 26 1.754E-03 7.611E-01 27 1.895E-03 1.040E+00
 63  24
 1 8.016E-05 4.052E+01  3 1.302E-05 2.257E+01  5 1.198E-03 1.274E+01  6 7.689E-04 5.889E+00  7 1.026E-02 9.375E-01
 8 5.775E-03 2.456E+00  9 2.950E-03 2.910E+00 10 3.311E-05 1.380E+01 11 7.856E-04 5.888E+00 12 3.831E-04 4.118E+00
13 3.088E-05 1.608E+01 14 2.606E-03 1.400E+01 15 4.329E-04 1.240E+01 16 6.976E-04 1.238E+00 17 2.880E-04 1.202E+01
18 3.571E-05 3.577E+01 20 9.297E-07 1.000E+02 21 7.477E-04 1.422E+01 22 2.537E-03 7.134E+00 23 1.162E-07 6.280E+01
24 1.993E-03 4.091E-01 25 9.840E-06 5.891E+00 26 1.739E-03 7.954E-01 27 1.868E-03 1.091E+00
 64  24
 1 3.627E-04 3.475E+01  3 8.847E-06 2.949E+01  5 1.331E-03 1.487E+01  6 7.565E-04 6.077E+00  7 1.026E-02 1.225E+00
 8 6.410E-03 1.618E+00  9 2.794E-03 2.554E+00 10 4.321E-05 2.189E+01 11 8.682E-04 3.978E+00 12 4.433E-04 3.898E+00
13 2.542E-05 1.248E+01 14 2.059E-03 1.576E+01 15 3.791E-04 1.082E+01 16 7.180E-04 1.986E+00 17 3.692E-04 9.854E+00
18 2.635E-05 4.167E+01 19 7.150E-06 7.471E+01 21 5.447E-04 1.133E+01 22 2.312E-03 5.850E+00 23 1.682E-07 6.589E+01
24 1.981E-03 4.403E-01 25 9.910E-06 7.427E+00 26 1.669E-03 6.567E-01 27 1.808E-03 6.666E-01
 65  23
 1 2.986E-04 4.048E+01  3 1.286E-05 4.539E+01  5 1.601E-03 1.483E+01  6 7.848E-04 5.737E+00  7 1.076E-02 1.458E+00
 8 6.511E-03 1.999E+00  9 2.980E-03 3.111E+00 10 5.193E-05 1.847E+01 11 1.006E-03 5.070E+00 12 4.973E-04 2.402E+00
13 3.725E-05 1.357E+01 14 2.014E-03 1.208E+01 15 3.954E-04 9.495E+00 16 6.918E-04 1.574E+00 17 3.440E-04 9.635E+00
18 8.164E-05 4.002E+01 19 1.145E-05 5.524E+01 21 6.067E-04 1.145E+01 22 1.946E-03 7.590E+00 24 1.960E-03 4.615E-01
25 9.364E-06 9.028E+00 26 1.301E-03 1.177E+00 27 1.200E-03 1.541E+00
 66  24
 1 2.395E-04 3.086E+01  3 1.893E-05 3.343E+01  5 1.627E-03 1.536E+01  6 8.970E-04 5.632E+00  7 1.052E-02 1.205E+00
 8 6.937E-03 2.362E+00  9 2.674E-03 3.769E+00 10 7.008E-05 1.711E+01 11 1.182E-03 4.396E+00 12 5.408E-04 3.635E+00
13 4.302E-05 9.239E+00 14 2.023E-03 1.355E+01 15 5.750E-04 1.519E+01 16 6.944E-04 1.254E+00 17 3.931E-04 1.248E+01
18 6.718E-05 5.724E+01 19 3.129E-06 6.905E+01 21 5.215E-04 1.314E+01 22 1.793E-03 7.211E+00 23 3.115E-07 7.729E+01
24 1.948E-03 5.154E-01 25 9.181E-06 5.128E+00 26 1.245E-03 1.142E+00 27 1.125E-03 1.551E+00
 67  24
 1 4.273E-04 2.956E+01  3 1.856E-05 3.933E+01  5 2.478E-03 8.525E+00  6 1.022E-03 4.571E+00  7 1.016E-02 8.307E-01
 8 7.400E-03 2.080E+00  9 2.647E-03 2.779E+00 10 5.162E-05 1.725E+01 11 1.209E-03 4.088E+00 12 6.040E-04 2.493E+00
13 4.384E-05 1.459E+01 14 1.666E-03 1.614E+01 15 5.069E-04 1.032E+01 16 7.131E-04 1.246E+00 17 5.042E-04 8.536E+00
18 2.295E-05 5.237E+01 19 3.523E-05 7.153E+01 21 4.461E-04 9.004E+00 22 1.753E-03 7.123E+00 23 4.778E-09 9.049E+01
24 1.947E-03 4.501E-01 25 8.034E-06 1.071E+01 26 1.221E-03 1.065E+00 27 1.057E-03 1.143E+00
 68  24
 1 1.941E-04 3.075E+01  3 2.267E-05 2.335E+01  5 2.174E-03 1.668E+01  6 1.054E-03 7.482E+00  7 1.006E-02 1.142E+00
 8 7.778E-03 2.023E+00  9 2.617E-03 4.440E+00 10 5.853E-05 1.410E+01 11 1.341E-03 3.521E+00 12 6.947E-04 2.851E+00
13 5.882E-05 1.031E+01 14 1.738E-03 1.492E+01 15 5.984E-04 7.942E+00 16 7.315E-04 1.574E+00 17 5.306E-04 9.166E+00
18 3.248E-05 7.882E+01 19 3.902E-05 8.858E+01 21 2.860E-04 1.059E+01 22 1.513E-03 6.514E+00 23 3.734E-07 5.983E+01
24 1.954E-03 4.566E-01 25 7.055E-06 9.685E+00 26 1.192E-03 7.911E-01 27 1.031E-03 1.281E+00
 69  25
 1 2.502E-04 1.722E+01  2 1.108E-07 9.845E+01  3 2.308E-05 2.035E+01  5 2.721E-03 1.257E+01  6 1.331E-03 4.915E+00
 7 8.887E-03 1.461E+00  8 1.416E-02 2.167E+00  9 1.440E-03 4.075E+00 10 8.682E-05 1.351E+01 11 1.587E-03 3.350E+00
12 7.781E-04 1.915E+00 13 5.518E-05 1.056E+01 14 9.994E-04 1.895E+01 15 6.223E-04 7.964E+00 16 7.134E-04 1.418E+00
17 6.416E-04 7.263E+00 18 4.172E-05 4.837E+01 19 1.418E-05 7.022E+01 21 4.627E-04 1.449E+01 22 1.221E-03 7.592E+00
23 7.203E-07 5.076E+01 24 1.960E-03 5.152E-01 25 7.882E-06 9.572E+00 26 1.180E-03 1.152E+00 27 1.019E-03 1.505E+00
 70  24
 1 3.598E-04 2.101E+01  3 1.883E-05 2.439E+01  5 3.147E-03 1.145E+01  6 1.456E-03 5.076E+00  7 7.547E-03 1.293E+00
 8 1.370E-02 1.150E+00  9 1.251E-03 5.557E+00 10 6.542E-05 1.483E+01 11 1.727E-03 3.221E+00 12 8.429E-04 3.568E+00
13 5.821E-05 8.148E+00 14 1.929E-03 1.466E+01 15 7.895E-04 5.719E+00 16 7.039E-04 1.185E+00 17 6.727E-04 6.570E+00
18 8.239E-06 8.549E+01 19 1.267E-05 5.538E+01 21 3.223E-04 1.484E+01 22 1.287E-03 6.572E+00 23 3.756E-07 4.513E+01
24 1.961E-03 4.523E-01 25 6.410E-06 8.403E+00 26 1.190E-03 1.041E+00 27 1.037E-03 1.617E+00
 71  26
 1 3.365E-04 2.816E+01  3 1.301E-05 2.638E+01  4 1.407E-06 1.000E+02  5 3.100E-03 1.009E+01  6 1.703E-03 4.660E+00
 7 6.677E-03 1.086E+00  8 1.064E-02 1.609E+00  9 1.222E-03 4.770E+00 10 8.544E-05 1.678E+01 11 2.000E-03 4.045E+00
12 9.476E-04 1.746E+00 13 7.365E-05 1.058E+01 14 9.575E-04 1.749E+01 15 7.785E-04 6.873E+00 16 7.159E-04 1.124E+00
17 7.196E-04 8.127E+00 18 4.151E-06 7.037E+01 19 1.213E-06 1.000E+02 20 4.601E-06 1.000E+02 21 2.240E-04 1.743E+01
22 1.168E-03 8.420E+00 23 7.140E-07 4.542E+01 24 1.958E-03 5.046E-01 25 5.199E-06 1.100E+01 26 1.174E-03 1.193E+00
27 9.893E-04 1.594E+00
 72  25
 1 5.193E-04 2.872E+01  3 1.543E-05 2.558E+01  5 3.923E-03 1.038E+01  6 1.856E-03 4.734E+00  7 6.446E-03 1.006E+00
 8 1.051E-02 2.239E+00  9 1.046E-03 6.203E+00 10 7.291E-05 9.838E+00 11 2.282E-03 2.925E+00 12 1.079E-03 2.470E+00
13 6.927E-05 8.423E+00 14 8.976E-04 2.227E+01 15 8.807E-04 5.821E+00 16 7.190E-04 1.848E+00 17 8.199E-04 6.568E+00
18 2.982E-05 5.540E+01 19 2.213E-05 9.677E+01 20 1.585E-05 1.000E+02 21 2.317E-04 1.342E+01 22 8.846E-04 1.460E+01
23 4.746E-07 8.132E+01 24 1.973E-03 4.411E-01 25 5.342E-06 8.335E+00 26 1.182E-03 1.074E+00 27 9.874E-04 1.515E+00
 73  25
 1 5.976E-04 1.869E+01  3 3.080E-05 2.011E+01  5 4.578E-03 8.036E+00  6 2.000E-03 3.354E+00  7 6.449E-03 1.475E+00
 8 1.248E-02 1.443E+00  9 9.745E-04 4.842E+00 10 1.125E-04 1.161E+01 11 2.815E-03 2.611E+00 12 1.216E-03 2.261E+00
13 7.163E-05 8.497E+00 14 8.516E-04 2.000E+01 15 1.057E-03 5.797E+00 16 7.332E-04 1.449E+00 17 8.518E-04 5.048E+00
18 5.632E-06 6.957E+01 19 2.003E-05 9.340E+01 20 9.349E-06 1.000E+02 21 2.081E-04 2.109E+01 22 8.774E-04 9.650E+00
23 5.782E-07 3.444E+01 24 1.960E-03 4.064E-01 25 4.710E-06 1.087E+01 26 1.131E-03 1.312E+00 27 9.458E-04 1.727E+00
 74  25
 1 3.581E-04 2.063E+01  2 4.604E-07 1.000E+02  3 4.059E-05 2.823E+01  5 3.861E-03 1.066E+01  6 2.453E-03 3.119E+00
 7 6.754E-03 1.161E+00  8 1.308E-02 1.456E+00  9 7.644E-04 6.165E+00 10 1.623E-04 9.675E+00 11 3.154E-03 2.632E+00
12 1.398E-03 1.554E+00 13 8.979E-05 5.939E+00 14 1.113E-03 2.732E+01 15 1.201E-03 5.174E+00 16 7.246E-04 1.329E+00
17 9.955E-04 4.716E+00 18 6.323E-07 6.819E+01 19 6.426E-05 7.718E+01 21 1.768E-04 2.163E+01 22 7.591E-04 9.660E+00
23 1.982E-06 4.843E+01 24 1.960E-03 4.469E-01 25 3.698E-06 1.479E+01 26 1.128E-03 9.501E-01 27 9.342E-04 1.212E+00
 75  25
 1 6.608E-04 1.835E+01  2 1.302E-07 1.000E+02  3 5.074E-05 2.647E+01  5 5.801E-03 7.342E+00  6 3.081E-03 3.554E+00
 7 3.898E-03 1.885E+00  8 5.782E-03 2.325E+00  9 8.839E-04 5.206E+00 10 1.578E-04 1.298E+01 11 4.177E-03 2.841E+00
12 1.980E-03 1.777E+00 13 9.105E-05 7.313E+00 14 1.034E-03 2.251E+01 15 1.434E-03 6.939E+00 16 7.160E-04 1.351E+00
17 1.165E-03 4.287E+00 18 2.208E-05 8.277E+01 19 9.917E-06 5.466E+01 21 2.688E-04 1.660E+01 22 8.656E-04 1.393E+01
23 7.073E-07 4.625E+01 24 1.954E-03 4.959E-01 25 3.289E-06 1.074E+01 26 1.136E-03 1.035E+00 27 9.296E-04 1.236E+00
 76  25
 1 6.754E-04 2.028E+01  2 5.725E-07 1.000E+02  3 3.817E-05 1.843E+01  5 6.365E-03 8.615E+00  6 4.005E-03 3.106E+00
 7 3.412E-03 1.401E+00  8 4.792E-03 2.503E+00  9 8.016E-04 5.401E+00 10 1.723E-04 7.803E+00 11 5.712E-03 2.482E+00
12 2.297E-03 1.074E+00 13 9.079E-05 7.335E+00 14 6.517E-04 2.353E+01 15 1.377E-03 5.001E+00 16 7.043E-04 1.407E+00
17 1.219E-03 6.262E+00 18 3.131E-06 7.450E+01 19 1.439E-05 5.183E+01 21 1.865E-04 2.916E+01 22 6.590E-04 1.010E+01
23 4.727E-07 4.262E+01 24 1.946E-03 4.361E-01 25 3.810E-06 1.265E+01 26 1.115E-03 1.550E+00 27 8.950E-04 2.088E+00
 77  24
 1 7.490E-04 2.278E+01  3 4.243E-05 1.630E+01  5 1.190E-02 7.662E+00  6 4.506E-03 3.468E+00  7 3.140E-03 2.097E+00
 8 4.349E-03 2.124E+00  9 6.285E-04 6.815E+00 10 1.752E-04 1.154E+01 11 7.439E-03 1.929E+00 12 2.539E-03 1.479E+00
13 1.335E-04 5.997E+00 14 9.017E-04 1.855E+01 15 1.535E-03 7.259E+00 16 7.094E-04 1.592E+00 17 1.459E-03 3.451E+00
18 1.507E-05 6.438E+01 19 1.272E-05 6.288E+01 21 1.070E-04 2.478E+01 22 6.137E-04 1.116E+01 23 1.988E-06 4.070E+01
24 1.960E-03 5.317E-01 25 3.019E-06 1.488E+01 26 1.134E-03 1.276E+00 27 9.003E-04 1.683E+00
 78  25
 1 9.899E-04 1.444E+01  2 4.285E-08 1.000E+02  3 4.815E-05 2.531E+01  5 1.261E-02 7.813E+00  6 4.840E-03 3.364E+00
 7 2.666E-03 2.160E+00  8 3.815E-03 2.499E+00  9 5.721E-04 8.757E+00 10 1.674E-04 1.149E+01 11 8.786E-03 2.130E+00
12 2.855E-03 1.225E+00 13 1.277E-04 7.071E+00 14 6.161E-04 2.570E+01 15 1.819E-03 5.201E+00 16 7.275E-04 1.495E+00
17 1.562E-03 5.378E+00 18 4.043E-06 7.149E+01 19 1.604E-05 6.628E+01 21 1.747E-04 1.833E+01 22 4.970E-04 1.309E+01
23 1.602E-06 3.599E+01 24 1.957E-03 5.607E-01 25 1.632E-06 1.712E+01 26 1.136E-03 1.228E+00 27 8.939E-04 1.642E+00
 79  25
 1 8.649E-04 1.903E+01  2 8.485E-07 1.000E+02  3 6.397E-05 2.255E+01  5 1.351E-02 5.607E+00  6 5.643E-03 2.898E+00
 7 2.442E-03 1.495E+00  8 3.413E-03 2.664E+00  9 4.529E-04 8.664E+00 10 1.963E-04 8.673E+00 11 9.822E-03 2.012E+00
12 3.005E-03 1.279E+00 13 1.509E-04 7.866E+00 14 7.230E-04 3.243E+01 15 1.855E-03 7.311E+00 16 7.310E-04 1.447E+00
17 1.840E-03 5.128E+00 18 4.443E-06 8.756E+01 19 6.040E-05 7.531E+01 21 1.114E-04 2.244E+01 22 5.242E-04 1.399E+01
23 8.408E-07 4.256E+01 24 1.957E-03 5.491E-01 25 2.308E-06 1.318E+01 26 1.163E-03 1.241E+00 27 9.280E-04 1.696E+00
 80  25
 1 1.129E-03 1.459E+01  3 5.807E-05 1.880E+01  5 1.369E-02 6.193E+00  6 6.104E-03 2.446E+00  7 2.132E-03 2.227E+00
 8 3.035E-03 2.588E+00  9 5.313E-04 6.682E+00 10 2.107E-04 8.640E+00 11 1.116E-02 1.722E+00 12 3.350E-03 1.214E+00
13 1.626E-04 4.690E+00 14 4.294E-04 3.375E+01 15 2.237E-03 5.938E+00 16 7.070E-04 1.464E+00 17 2.047E-03 3.325E+00
18 5.829E-05 8.177E+01 19 1.233E-05 7.218E+01 20 1.522E-07 1.000E+02 21 1.212E-04 2.197E+01 22 4.409E-04 1.328E+01
23 1.453E-06 3.626E+01 24 1.969E-03 4.320E-01 25 3.134E-06 1.279E+01 26 1.149E-03 1.152E+00 27 8.884E-04 1.487E+00
 81  25
 1 9.500E-04 1.557E+01  2 7.290E-08 1.000E+02  3 5.616E-05 1.386E+01  5 1.391E-02 7.094E+00  6 6.250E-03 2.648E+00
 7 2.019E-03 1.368E+00  8 2.721E-03 3.660E+00  9 3.460E-04 9.371E+00 10 2.464E-04 7.907E+00 11 1.192E-02 1.608E+00
12 3.658E-03 1.155E+00 13 1.840E-04 5.315E+00 14 5.452E-04 3.429E+01 15 2.397E-03 3.299E+00 16 7.189E-04 1.195E+00
17 2.206E-03 3.473E+00 18 8.776E-06 8.762E+01 19 4.766E-05 4.460E+01 21 1.314E-04 2.597E+01 22 3.340E-04 1.427E+01
23 1.065E-06 3.464E+01 24 1.968E-03 4.112E-01 25 1.901E-06 1.709E+01 26 1.149E-03 1.304E+00 27 8.934E-04 1.674E+00
 82  26
 1 1.454E-03 1.171E+01  2 6.278E-07 1.000E+02  3 9.028E-05 1.806E+01  5 1.476E-02 5.376E+00  6 6.979E-03 2.136E+00
 7 1.749E-03 2.128E+00  8 2.378E-03 2.976E+00  9 3.484E-04 9.053E+00 10 2.765E-04 8.452E+00 11 1.249E-02 1.613E+00
12 3.869E-03 1.143E+00 13 2.027E-04 5.106E+00 14 2.375E-04 2.771E+01 15 2.750E-03 4.072E+00 16 7.268E-04 1.611E+00
17 2.456E-03 2.980E+00 18 8.649E-06 5.657E+01 19 2.073E-05 7.230E+01 20 4.232E-06 1.000E+02 21 7.043E-05 3.307E+01
22 3.825E-04 1.933E+01 23 2.573E-06 3.191E+01 24 1.969E-03 3.658E-01 25 1.587E-06 1.964E+01 26 1.146E-03 1.211E+00
27 8.573E-04 1.584E+00
 83  23
 1 1.383E-03 1.456E+01  3 8.439E-05 1.319E+01  5 1.188E-02 5.115E+00  6 6.617E-03 2.427E+00  7 1.523E-03 1.937E+00
 8 2.109E-03 2.815E+00  9 3.322E-04 8.271E+00 10 3.693E-04 6.881E+00 11 1.334E-02 1.936E+00 12 4.136E-03 1.193E+00
13 2.209E-04 4.645E+00 14 3.826E-04 3.872E+01 15 3.141E-03 4.848E+00 16 7.249E-04 1.972E+00 17 2.820E-03 3.726E+00
19 1.544E-05 6.157E+01 21 5.721E-05 2.666E+01 22 3.061E-04 1.605E+01 23 2.076E-06 2.653E+01 24 1.954E-03 5.151E-01
25 1.314E-06 1.746E+01 26 1.193E-03 1.001E+00 27 9.094E-04 1.299E+00
 84  25
 1 1.517E-03 1.122E+01  2 1.194E-07 9.721E+01  3 7.424E-05 1.251E+01  5 1.374E-02 6.720E+00  6 7.410E-03 2.252E+00
 7 1.376E-03 3.000E+00  8 2.040E-03 3.769E+00  9 2.945E-04 8.433E+00 10 3.511E-04 7.500E+00 11 1.336E-02 1.017E+00
12 4.342E-03 1.000E+00 13 2.280E-04 4.795E+00 14 4.450E-04 3.138E+01 15 3.235E-03 4.147E+00 16 7.022E-04 1.873E+00
17 3.753E-03 3.442E+00 18 9.553E-06 9.399E+01 19 8.312E-05 4.391E+01 21 7.069E-05 3.310E+01 22 2.617E-04 1.299E+01
23 1.981E-06 2.164E+01 24 1.952E-03 4.860E-01 25 1.856E-06 1.597E+01 26 1.193E-03 1.391E+00 27 8.771E-04 1.418E+00
 85  25
 1 2.029E-03 1.610E+01  3 7.186E-05 1.455E+01  5 1.185E-02 5.919E+00  6 7.812E-03 2.154E+00  7 1.234E-03 2.316E+00
 8 1.744E-03 3.894E+00  9 2.770E-04 8.545E+00 10 3.412E-04 6.370E+00 11 1.320E-02 1.687E+00 12 4.678E-03 8.302E-01
13 2.488E-04 5.206E+00 14 3.441E-04 3.732E+01 15 3.845E-03 3.552E+00 16 7.035E-04 1.178E+00 17 4.697E-03 2.542E+00
18 1.062E-06 1.000E+02 19 3.707E-05 4.973E+01 20 2.778E-07 1.000E+02 21 4.181E-05 2.864E+01 22 2.195E-04 1.248E+01
23 2.451E-06 2.877E+01 24 1.962E-03 4.175E-01 25 1.477E-06 1.808E+01 26 1.193E-03 1.004E+00 27 8.817E-04 1.422E+00
 86  26
 1 2.271E-03 1.097E+01  2 1.998E-07 9.021E+01  3 8.554E-05 1.650E+01  5 1.091E-02 7.709E+00  6 7.672E-03 2.210E+00
 7 1.112E-03 2.810E+00  8 1.610E-03 4.098E+00  9 2.248E-04 9.686E+00 10 4.210E-04 7.082E+00 11 1.364E-02 1.415E+00
12 5.004E-03 9.902E-01 13 3.015E-04 3.056E+00 14 3.595E-04 2.818E+01 15 4.369E-03 5.495E+00 16 6.939E-04 1.419E+00
17 5.323E-03 3.359E+00 18 3.100E-06 1.000E+02 19 6.362E-05 3.307E+01 20 8.642E-07 1.000E+02 21 2.110E-05 3.350E+01
22 2.156E-04 2.278E+01 23 2.783E-06 2.636E+01 24 1.962E-03 4.860E-01 25 1.175E-06 2.519E+01 26 1.200E-03 1.012E+00
27 8.840E-04 1.438E+00
 87  26
 1 2.040E-03 9.037E+00  2 4.820E-07 7.823E+01  3 8.025E-05 2.039E+01  5 1.099E-02 8.380E+00  6 7.958E-03 2.072E+00
 7 1.011E-03 2.841E+00  8 1.353E-03 3.909E+00  9 2.109E-04 1.067E+01 10 4.198E-04 6.359E+00 11 1.320E-02 1.163E+00
12 5.218E-03 1.116E+00 13 3.368E-04 4.282E+00 14 3.081E-04 2.758E+01 15 4.566E-03 4.064E+00 16 7.069E-04 1.483E+00
17 6.391E-03 2.234E+00 18 4.382E-06 8.647E+01 19 5.633E-05 3.921E+01 20 1.556E-06 6.903E+01 21 3.813E-05 3.796E+01
22 2.254E-04 1.925E+01 23 3.833E-06 2.045E+01 24 1.961E-03 4.455E-01 25 1.209E-06 1.719E+01 26 1.256E-03 1.080E+00
27 8.891E-04 1.646E+00
 88  24
 1 2.373E-03 1.102E+01  2 3.833E-07 1.000E+02  3 1.267E-04 1.473E+01  5 9.982E-03 6.713E+00  6 8.175E-03 2.007E+00
 7 9.447E-04 2.686E+00  8 1.238E-03 4.497E+00  9 2.005E-04 1.518E+01 10 5.438E-04 6.392E+00 11 1.331E-02 1.076E+00
12 5.520E-03 1.097E+00 13 3.600E-04 4.158E+00 14 1.226E-04 4.299E+01 15 5.935E-03 4.245E+00 16 7.002E-04 1.792E+00
17 6.485E-03 1.944E+00 19 5.131E-05 4.546E+01 21 7.310E-05 3.853E+01 22 2.192E-04 1.104E+01 23 3.991E-06 2.282E+01
24 1.979E-03 4.290E-01 25 8.776E-07 2.357E+01 26 1.274E-03 1.005E+00 27 9.017E-04 1.723E+00
 89  25
 1 2.431E-03 1.063E+01  2 2.745E-07 8.292E+01  3 1.311E-04 1.175E+01  5 9.273E-03 7.243E+00  6 8.304E-03 2.276E+00
 7 8.182E-04 2.949E+00  8 1.099E-03 3.456E+00  9 2.031E-04 1.051E+01 10 5.777E-04 5.241E+00 11 1.254E-02 2.024E+00
12 5.796E-03 7.389E-01 13 3.961E-04 4.248E+00 14 2.571E-04 4.594E+01 15 7.771E-03 2.498E+00 16 6.982E-04 1.371E+00
17 7.494E-03 2.631E+00 19 1.475E-04 4.323E+01 20 5.154E-05 6.148E+01 21 3.601E-05 3.055E+01 22 2.113E-04 2.222E+01
23 2.421E-06 1.887E+01 24 1.969E-03 4.398E-01 25 5.695E-07 1.795E+01 26 1.291E-03 1.105E+00 27 8.896E-04 1.325E+00
 90  26
 1 3.199E-03 1.053E+01  2 9.585E-07 9.991E+01  3 1.366E-04 1.045E+01  5 9.852E-03 7.302E+00  6 8.254E-03 2.296E+00
 7 7.262E-04 3.436E+00  8 9.535E-04 4.379E+00  9 1.389E-04 1.402E+01 10 5.995E-04 6.811E+00 11 1.175E-02 1.276E+00
12 6.084E-03 9.881E-01 13 4.459E-04 4.074E+00 14 1.044E-04 5.840E+01 15 9.343E-03 3.328E+00 16 7.038E-04 1.694E+00
17 7.931E-03 1.966E+00 18 1.434E-05 5.961E+01 19 4.223E-05 4.471E+01 20 1.167E-07 1.000E+02 21 5.639E-05 3.338E+01
22 1.387E-04 2.639E+01 23 2.876E-06 2.472E+01 24 1.978E-03 4.888E-01 25 8.916E-07 2.684E+01 26 1.344E-03 1.162E+00
27 8.919E-04 1.588E+00
 91  25
 1 3.105E-03 9.188E+00  2 4.050E-09 1.000E+02  3 1.331E-04 1.157E+01  5 6.064E-03 9.731E+00  6 7.403E-03 2.429E+00
 7 6.122E-04 3.378E+00  8 8.257E-04 4.644E+00  9 1.582E-04 1.347E+01 10 6.648E-04 4.710E+00 11 1.045E-02 1.647E+00
12 5.863E-03 8.620E-01 13 4.861E-04 2.861E+00 14 2.942E-05 5.684E+01 15 9.568E-03 2.887E+00 16 7.131E-04 1.460E+00
17 7.464E-03 2.218E+00 19 1.521E-04 4.220E+01 20 4.801E-06 9.283E+01 21 2.406E-05 3.784E+01 22 1.591E-04 2.161E+01
23 3.554E-06 1.367E+01 24 2.005E-03 3.196E-01 25 8.159E-07 3.648E+01 26 2.047E-03 6.590E-01 27 1.316E-03 1.092E+00
 92  27
 1 3.863E-03 7.338E+00  2 8.977E-08 1.000E+02  3 1.336E-04 8.822E+00  4 4.070E-06 1.000E+02  5 6.768E-03 7.792E+00
 6 7.514E-03 2.206E+00  7 6.012E-04 4.060E+00  8 8.105E-04 5.935E+00  9 1.232E-04 1.460E+01 10 7.669E-04 6.984E+00
11 9.278E-03 1.163E+00 12 6.082E-03 1.014E+00 13 5.200E-04 2.784E+00 14 3.400E-05 6.735E+01 15 1.034E-02 2.304E+00
16 6.806E-04 1.587E+00 17 7.839E-03 1.567E+00 18 2.331E-06 8.210E+01 19 6.829E-05 4.303E+01 20 1.331E-05 7.871E+01
21 2.998E-05 3.405E+01 22 1.307E-04 1.742E+01 23 4.866E-06 1.686E+01 24 2.031E-03 5.016E-01 25 7.784E-07 3.749E+01
26 2.259E-03 7.932E-01 27 1.412E-03 7.400E-01
 93  26
 1 4.552E-03 7.262E+00  2 1.739E-07 7.038E+01  3 1.448E-04 7.992E+00  5 6.995E-03 1.058E+01  6 7.642E-03 2.865E+00
 7 5.056E-04 3.432E+00  8 6.695E-04 6.511E+00  9 1.200E-04 1.402E+01 10 8.764E-04 5.095E+00 11 7.996E-03 2.353E+00
12 6.408E-03 9.869E-01 13 6.059E-04 2.383E+00 14 3.356E-05 6.686E+01 15 1.013E-02 1.877E+00 16 6.937E-04 1.726E+00
17 8.152E-03 2.804E+00 18 4.013E-06 7.168E+01 19 1.114E-04 3.556E+01 20 3.097E-06 1.000E+02 21 2.126E-05 3.677E+01
22 9.954E-05 3.460E+01 23 5.081E-06 1.883E+01 24 2.033E-03 4.590E-01 25 7.934E-07 2.303E+01 26 2.259E-03 9.057E-01
27 1.408E-03 1.167E+00
 94  26
 1 5.555E-03 9.307E+00  2 3.181E-07 8.024E+01  3 1.956E-04 6.241E+00  5 6.050E-03 9.395E+00  6 7.733E-03 2.216E+00
 7 4.702E-04 2.989E+00  8 6.397E-04 6.436E+00  9 9.603E-05 2.388E+01 10 9.243E-04 4.387E+00 11 7.398E-03 1.397E+00
12 7.148E-03 1.031E+00 13 6.597E-04 2.896E+00 14 1.315E-04 4.810E+01 15 1.223E-02 2.452E+00 16 7.076E-04 1.835E+00
17 8.715E-03 2.444E+00 18 3.828E-06 1.000E+02 19 1.283E-04 1.956E+01 20 3.246E-05 7.395E+01 21 2.295E-05 4.604E+01
22 4.039E-05 2.632E+01 23 5.006E-06 1.864E+01 24 2.002E-03 4.087E-01 25 6.309E-07 2.786E+01 26 1.517E-03 1.049E+00
27 8.522E-04 1.074E+00
 95  26
 1 6.469E-03 4.937E+00  2 1.244E-06 6.262E+01  3 2.002E-04 7.460E+00  5 4.137E-03 8.765E+00  6 7.423E-03 2.999E+00
 7 4.051E-04 3.691E+00  8 5.768E-04 5.082E+00  9 8.108E-05 1.205E+01 10 1.056E-03 4.398E+00 11 5.962E-03 1.945E+00
12 7.313E-03 8.778E-01 13 7.592E-04 2.161E+00 14 1.019E-04 5.598E+01 15 1.584E-02 2.451E+00 16 6.952E-04 1.515E+00
17 9.026E-03 2.284E+00 18 2.357E-06 1.000E+02 19 1.495E-04 3.076E+01 20 1.974E-05 8.554E+01 21 1.385E-05 3.533E+01
22 1.157E-04 3.844E+01 23 5.479E-06 2.111E+01 24 1.975E-03 4.388E-01 25 6.334E-07 3.314E+01 26 1.463E-03 9.498E-01
27 8.087E-04 1.143E+00
 96  25
 1 7.482E-03 6.147E+00  2 9.980E-07 9.561E+01  3 1.808E-04 9.830E+00  5 3.370E-03 1.112E+01  6 7.123E-03 2.172E+00
 7 3.801E-04 4.334E+00  8 5.465E-04 8.229E+00  9 8.610E-05 1.936E+01 10 1.222E-03 5.595E+00 11 4.210E-03 2.169E+00
12 7.449E-03 8.901E-01 13 8.460E-04 2.486E+00 14 5.554E-05 7.276E+01 15 1.600E-02 2.235E+00 16 7.182E-04 1.697E+00
17 8.599E-03 2.386E+00 19 2.675E-04 5.410E+01 20 5.849E-06 8.122E+01 21 3.173E-05 4.158E+01 22 1.342E-04 2.725E+01
23 4.538E-06 2.139E+01 24 1.989E-03 4.992E-01 25 4.399E-07 2.452E+01 26 1.647E-03 1.173E+00 27 9.285E-04 1.474E+00
 97  26
 1 1.920E-02 4.888E+00  2 8.673E-07 6.843E+01  3 2.264E-04 9.587E+00  5 2.825E-03 1.071E+01  6 6.481E-03 2.039E+00
 7 3.559E-04 5.087E+00  8 3.561E-04 8.355E+00  9 6.963E-05 1.735E+01 10 1.274E-03 3.936E+00 11 2.938E-03 2.743E+00
12 7.140E-03 9.911E-01 13 8.715E-04 2.502E+00 14 8.642E-06 5.617E+01 15 1.462E-02 2.618E+00 16 7.210E-04 1.190E+00
17 7.770E-03 2.273E+00 18 1.570E-07 1.000E+02 19 1.381E-04 2.204E+01 20 2.577E-06 1.000E+02 21 1.774E-05 6.781E+01
22 1.175E-04 2.934E+01 23 9.994E-06 1.987E+01 24 2.025E-03 4.536E-01 25 4.193E-07 3.326E+01 26 2.311E-03 5.931E-01
27 1.394E-03 7.881E-01
 98  25
 1 2.159E-02 4.759E+00  2 1.762E-06 7.366E+01  3 2.681E-04 8.631E+00  5 2.868E-03 1.158E+01  6 6.194E-03 2.162E+00
 7 3.265E-04 4.864E+00  8 4.186E-04 6.825E+00  9 8.269E-05 2.653E+01 10 1.310E-03 3.522E+00 11 2.491E-03 3.919E+00
12 7.379E-03 1.046E+00 13 9.623E-04 2.997E+00 14 9.485E-05 6.366E+01 15 1.290E-02 2.984E+00 16 7.106E-04 1.841E+00
17 7.803E-03 2.634E+00 19 3.149E-04 3.451E+01 20 7.328E-07 1.000E+02 21 5.888E-06 3.913E+01 22 5.350E-05 3.062E+01
23 7.289E-06 1.593E+01 24 2.024E-03 3.885E-01 25 1.836E-07 4.389E+01 26 2.355E-03 5.453E-01 27 1.421E-03 6.799E-01
 99  25
 1 2.229E-02 5.284E+00  2 1.230E-06 4.864E+01  3 2.977E-04 6.510E+00  5 2.441E-03 1.376E+01  6 6.220E-03 2.518E+00
 7 2.887E-04 5.603E+00  8 3.834E-04 6.580E+00  9 5.778E-05 2.109E+01 10 1.619E-03 2.381E+00 11 2.329E-03 3.182E+00
12 7.769E-03 8.904E-01 13 1.105E-03 2.135E+00 14 9.888E-05 5.018E+01 15 1.242E-02 1.868E+00 16 6.975E-04 1.392E+00
17 7.530E-03 2.801E+00 19 2.028E-04 2.289E+01 20 3.396E-06 8.521E+01 21 3.483E-06 5.075E+01 22 5.963E-05 3.173E+01
23 1.003E-05 1.120E+01 24 2.009E-03 4.306E-01 25 2.671E-07 3.580E+01 26 2.039E-03 7.891E-01 27 1.193E-03 8.856E-01
100  26
 1 2.288E-02 4.888E+00  2 1.585E-06 5.904E+01  3 4.228E-04 6.964E+00  5 1.859E-03 1.234E+01  6 6.293E-03 1.849E+00
 7 2.620E-04 4.252E+00  8 3.736E-04 7.882E+00  9 7.216E-05 2.559E+01 10 1.754E-03 3.547E+00 11 2.016E-03 3.724E+00
12 8.283E-03 6.259E-01 13 1.217E-03 2.110E+00 14 4.597E-05 7.067E+01 15 1.018E-02 2.283E+00 16 7.219E-04 1.587E+00
17 7.122E-03 2.618E+00 18 4.985E-06 1.000E+02 19 2.983E-04 2.384E+01 20 4.092E-05 6.684E+01 21 4.175E-06 5.862E+01
22 2.630E-05 5.478E+01 23 1.119E-05 1.783E+01 24 1.983E-03 4.586E-01 25 4.391E-07 5.642E+01 26 1.543E-03 8.244E-01
27 8.312E-04 1.177E+00
101  25
 1 2.099E-02 3.907E+00  2 5.734E-07 4.669E+01  3 3.933E-04 7.207E+00  5 2.373E-03 1.409E+01  6 5.945E-03 2.782E+00
 7 2.497E-04 4.753E+00  8 2.904E-04 8.046E+00  9 3.534E-05 2.051E+01 10 2.028E-03 3.509E+00 11 1.732E-03 3.391E+00
12 8.385E-03 7.482E-01 13 1.429E-03 2.793E+00 14 1.622E-05 4.712E+01 15 7.547E-03 4.452E+00 16 6.917E-04 1.171E+00
17 6.321E-03 3.267E+00 19 3.164E-04 2.665E+01 20 1.885E-05 6.352E+01 21 2.316E-05 5.886E+01 22 7.287E-05 3.080E+01
23 1.015E-05 1.339E+01 24 1.981E-03 3.982E-01 25 2.016E-07 4.261E+01 26 1.545E-03 8.781E-01 27 8.248E-04 1.280E+00
102  25
 1 1.857E-02 4.733E+00  2 3.016E-06 3.975E+01  3 3.770E-04 7.033E+00  5 1.911E-03 1.313E+01  6 5.092E-03 2.533E+00
 7 2.031E-04 5.148E+00  8 2.694E-04 7.919E+00  9 6.078E-05 1.749E+01 10 2.309E-03 3.366E+00 11 1.570E-03 3.448E+00
12 7.940E-03 9.044E-01 13 1.546E-03 1.489E+00 14 2.148E-06 1.000E+02 15 5.661E-03 3.334E+00 16 7.064E-04 1.567E+00
17 5.904E-03 2.596E+00 19 4.782E-04 2.469E+01 20 4.752E-05 6.143E+01 21 1.742E-05 6.212E+01 22 1.990E-05 2.695E+01
23 1.108E-05 1.581E+01 24 2.003E-03 4.733E-01 25 3.013E-07 3.917E+01 26 2.031E-03 8.262E-01 27 1.154E-03 9.462E-01
103  25
 1 1.574E-02 4.943E+00  2 4.386E-07 4.675E+01  3 4.332E-04 5.299E+00  5 1.317E-03 1.239E+01  6 4.489E-03 2.765E+00
 7 1.811E-04 4.967E+00  8 2.216E-04 9.386E+00  9 2.169E-05 2.364E+01 10 2.592E-03 2.770E+00 11 1.288E-03 3.311E+00
12 7.627E-03 1.191E+00 13 1.748E-03 2.017E+00 14 9.636E-06 5.038E+01 15 4.841E-03 2.978E+00 16 6.993E-04 1.586E+00
17 4.907E-03 2.584E+00 19 2.264E-04 2.617E+01 20 1.946E-05 6.569E+01 21 4.539E-06 8.393E+01 22 2.465E-05 4.147E+01
23 1.166E-05 9.890E+00 24 2.007E-03 5.765E-01 25 2.128E-07 3.548E+01 26 2.375E-03 8.356E-01 27 1.398E-03 1.012E+00
104  25
 1 1.312E-02 6.097E+00  2 2.155E-06 6.498E+01  3 4.752E-04 5.175E+00  5 1.606E-03 1.260E+01  6 4.287E-03 3.783E+00
 7 1.714E-04 5.772E+00  8 2.462E-04 1.128E+01  9 4.930E-05 2.564E+01 10 2.856E-03 2.284E+00 11 1.179E-03 4.386E+00
12 7.549E-03 7.211E-01 13 1.908E-03 1.750E+00 14 1.957E-06 6.897E+01 15 4.743E-03 3.333E+00 16 7.120E-04 1.558E+00
17 4.255E-03 2.283E+00 19 5.125E-04 2.001E+01 20 1.115E-05 4.927E+01 21 2.084E-05 6.502E+01 22 4.488E-05 2.934E+01
23 1.234E-05 1.353E+01 24 2.019E-03 4.311E-01 25 2.200E-07 5.551E+01 26 2.393E-03 9.578E-01 27 1.408E-03 1.133E+00
105  25
 1 1.113E-02 6.615E+00  2 8.137E-07 4.525E+01  3 4.991E-04 4.825E+00  5 1.235E-03 1.517E+01  6 4.026E-03 3.744E+00
 7 1.564E-04 6.834E+00  8 2.214E-04 1.059E+01  9 2.032E-05 3.314E+01 10 3.362E-03 2.644E+00 11 1.070E-03 3.820E+00
12 7.830E-03 7.996E-01 13 2.247E-03 1.575E+00 14 2.953E-05 8.319E+01 15 3.792E-03 4.037E+00 16 7.120E-04 1.978E+00
17 3.609E-03 3.509E+00 19 2.655E-04 1.850E+01 20 1.693E-05 4.679E+01 21 1.200E-05 5.937E+01 22 2.486E-05 3.122E+01
23 1.064E-05 9.867E+00 24 1.967E-03 4.194E-01 25 3.173E-07 5.958E+01 26 1.735E-03 9.194E-01 27 9.438E-04 1.194E+00
106  25
 1 7.170E-03 6.407E+00  2 1.485E-06 4.724E+01  3 6.097E-04 6.404E+00  5 1.157E-03 1.853E+01  6 3.033E-03 3.272E+00
 7 1.198E-04 5.748E+00  8 1.860E-04 1.143E+01  9 3.599E-05 2.159E+01 10 3.940E-03 2.303E+00 11 9.618E-04 4.702E+00
12 7.657E-03 8.140E-01 13 2.528E-03 1.447E+00 14 2.878E-05 6.604E+01 15 3.544E-03 4.815E+00 16 7.082E-04 1.591E+00
17 2.923E-03 4.086E+00 19 3.819E-04 1.596E+01 20 3.549E-05 6.480E+01 21 2.429E-06 6.154E+01 22 5.268E-05 4.881E+01
23 1.754E-05 1.010E+01 24 1.959E-03 4.984E-01 25 3.351E-07 3.941E+01 26 1.616E-03 9.382E-01 27 8.384E-04 1.176E+00
107  26
 1 5.249E-03 6.121E+00  2 2.148E-06 5.471E+01  3 5.766E-04 4.101E+00  4 1.342E-06 1.000E+02  5 1.075E-03 2.338E+01
 6 2.164E-03 4.856E+00  7 1.185E-04 6.636E+00  8 1.729E-04 1.032E+01  9 2.360E-05 3.760E+01 10 4.527E-03 1.594E+00
11 7.661E-04 3.837E+00 12 3.595E-03 1.343E+00 13 2.947E-03 1.662E+00 14 2.815E-05 5.668E+01 15 3.286E-03 3.788E+00
16 7.078E-04 1.488E+00 17 2.256E-03 3.873E+00 19 8.612E-04 1.675E+01 20 9.857E-05 4.824E+01 21 1.288E-05 3.977E+01
22 3.569E-05 4.624E+01 23 1.838E-05 8.267E+00 24 1.951E-03 4.071E-01 25 5.683E-08 6.725E+01 26 1.645E-03 9.134E-01
27 8.619E-04 1.138E+00
108  24
 1 4.068E-03 1.008E+01  2 1.502E-06 4.740E+01  3 6.311E-04 5.854E+00  5 1.038E-03 2.200E+01  6 1.816E-03 4.178E+00
 7 1.082E-04 8.129E+00  8 1.118E-04 1.134E+01  9 2.276E-05 2.728E+01 10 5.803E-03 1.645E+00 11 6.912E-04 6.952E+00
12 2.742E-03 1.725E+00 13 5.096E-03 9.099E-01 15 2.603E-03 5.351E+00 16 7.003E-04 1.640E+00 17 1.707E-03 3.904E+00
19 5.377E-04 1.801E+01 20 3.131E-05 7.464E+01 21 7.908E-07 1.000E+02 22 1.908E-05 4.932E+01 23 1.370E-05 1.236E+01
24 1.946E-03 3.885E-01 25 4.152E-07 5.053E+01 26 2.468E-03 7.126E-01 27 1.448E-03 7.696E-01
109  26
 1 3.411E-03 1.092E+01  2 3.563E-06 7.216E+01  3 6.539E-04 5.388E+00  4 2.880E-05 1.000E+02  5 8.633E-04 1.926E+01
 6 1.634E-03 4.556E+00  7 1.005E-04 1.156E+01  8 1.193E-04 1.412E+01  9 1.982E-05 3.543E+01 10 8.306E-03 1.736E+00
11 6.239E-04 7.330E+00 12 2.414E-03 1.667E+00 13 5.467E-03 1.221E+00 14 3.062E-06 1.000E+02 15 2.604E-03 5.787E+00
16 7.066E-04 1.361E+00 17 1.506E-03 3.771E+00 19 6.101E-04 2.033E+01 20 3.540E-05 7.798E+01 21 3.536E-07 8.012E+01
22 2.220E-05 6.514E+01 23 2.174E-05 1.024E+01 24 1.948E-03 4.126E-01 25 1.508E-07 7.271E+01 26 2.443E-03 6.506E-01
27 1.438E-03 8.498E-01
110  25
 1 3.736E-03 7.119E+00  2 2.993E-06 4.200E+01  3 7.722E-04 5.506E+00  5 5.820E-04 2.246E+01  6 1.472E-03 3.740E+00
 7 9.120E-05 7.545E+00  8 1.190E-04 1.411E+01  9 1.777E-05 3.120E+01 10 1.108E-02 1.607E+00 11 5.435E-04 5.903E+00
12 2.134E-03 1.312E+00 13 5.706E-03 1.170E+00 14 3.119E-05 7.697E+01 15 2.489E-03 5.993E+00 16 6.950E-04 2.049E+00
17 1.436E-03 6.218E+00 19 7.301E-04 1.810E+01 20 9.092E-05 4.435E+01 21 5.408E-06 8.721E+01 22 1.930E-05 4.302E+01
23 1.822E-05 9.749E+00 24 1.939E-03 4.531E-01 25 1.638E-07 6.214E+01 26 2.315E-03 7.490E-01 27 1.330E-03 1.071E+00
111  25
 1 3.444E-03 7.838E+00  2 2.611E-07 5.318E+01  3 7.631E-04 4.296E+00  4 3.290E-05 1.000E+02  5 8.359E-04 1.801E+01
 6 1.392E-03 5.683E+00  7 7.360E-05 8.292E+00  8 1.096E-04 1.723E+01  9 4.034E-05 2.554E+01 10 1.355E-02 1.613E+00
11 5.552E-04 5.105E+00 12 2.089E-03 1.579E+00 13 6.237E-03 9.164E-01 15 2.210E-03 5.112E+00 16 7.147E-04 1.585E+00
17 1.372E-03 4.951E+00 19 9.722E-04 1.803E+01 20 2.492E-05 3.641E+01 21 4.662E-07 1.000E+02 22 3.158E-05 5.133E+01
23 1.779E-05 8.281E+00 24 1.895E-03 5.217E-01 25 8.216E-08 5.796E+01 26 1.663E-03 8.667E-01 27 8.603E-04 1.223E+00
112  26
 1 2.850E-03 9.902E+00  2 3.890E-06 4.506E+01  3 9.023E-04 3.980E+00  4 3.737E-06 1.000E+02  5 8.191E-04 1.932E+01
 6 1.144E-03 5.530E+00  7 7.337E-05 1.118E+01  8 1.068E-04 1.294E+01  9 2.155E-05 4.209E+01 10 1.491E-02 1.380E+00
11 5.038E-04 4.137E+00 12 1.990E-03 2.059E+00 13 6.427E-03 1.149E+00 14 1.462E-04 9.719E+01 15 1.819E-03 6.545E+00
16 7.286E-04 1.149E+00 17 1.402E-03 7.185E+00 19 9.279E-04 1.258E+01 20 4.855E-05 4.347E+01 21 1.225E-06 8.059E+01
22 8.734E-06 6.717E+01 23 2.487E-05 8.146E+00 24 1.908E-03 5.258E-01 25 6.664E-08 5.581E+01 26 1.684E-03 1.139E+00
27 8.677E-04 1.144E+00
113  25
 1 2.246E-03 1.075E+01  2 3.183E-06 4.111E+01  3 1.015E-03 4.619E+00  5 4.083E-04 1.842E+01  6 1.156E-03 5.111E+00
 7 6.666E-05 9.011E+00  8 7.521E-05 1.245E+01  9 2.468E-05 3.911E+01 10 1.472E-02 1.662E+00 11 4.279E-04 7.148E+00
12 1.765E-03 1.909E+00 13 6.032E-03 1.299E+00 14 1.125E-05 1.000E+02 15 1.662E-03 5.056E+00 16 7.156E-04 1.511E+00
17 1.210E-03 5.924E+00 19 1.110E-03 1.475E+01 20 9.655E-05 3.084E+01 21 2.474E-07 1.000E+02 22 2.068E-05 3.658E+01
23 2.572E-05 6.647E+00 24 1.922E-03 4.254E-01 25 5.182E-08 7.714E+01 26 2.021E-03 7.201E-01 27 1.114E-03 9.761E-01
114  25
 1 1.830E-03 1.141E+01  2 3.862E-06 3.708E+01  3 1.103E-03 3.929E+00  5 3.838E-04 2.601E+01  6 9.853E-04 5.312E+00
 7 5.999E-05 7.587E+00  8 9.876E-05 1.485E+01  9 1.262E-05 3.490E+01 10 1.395E-02 1.203E+00 11 4.186E-04 5.298E+00
12 1.515E-03 1.731E+00 13 5.769E-03 9.629E-01 14 1.110E-06 8.160E+01 15 1.676E-03 7.672E+00 16 7.213E-04 1.733E+00
17 1.088E-03 4.197E+00 19 1.125E-03 1.179E+01 20 4.366E-05 5.419E+01 21 3.333E-06 1.000E+02 22 8.294E-06 5.315E+01
23 2.541E-05 9.060E+00 24 1.970E-03 3.949E-01 25 8.076E-08 4.818E+01 26 2.556E-03 7.792E-01 27 1.495E-03 9.779E-01
115  25
 1 1.707E-03 1.094E+01  2 6.256E-06 4.834E+01  3 1.140E-03 3.736E+00  4 1.860E-06 1.000E+02  5 5.590E-04 1.925E+01
 6 9.475E-04 6.743E+00  7 6.689E-05 1.094E+01  8 7.700E-05 1.305E+01  9 1.591E-05 4.554E+01 10 1.374E-02 1.167E+00
11 3.714E-04 6.048E+00 12 1.370E-03 1.693E+00 13 5.890E-03 8.660E-01 15 1.424E-03 5.665E+00 16 7.010E-04 1.334E+00
17 1.008E-03 5.396E+00 19 1.345E-03 1.274E+01 20 2.093E-05 4.400E+01 21 9.258E-06 6.956E+01 22 7.602E-06 5.444E+01
23 2.596E-05 1.195E+01 24 1.938E-03 4.671E-01 25 1.665E-07 5.652E+01 26 2.539E-03 7.661E-01 27 1.487E-03 7.662E-01
116  25
 1 1.527E-03 1.043E+01  2 2.883E-06 6.204E+01  3 1.243E-03 3.816E+00  5 5.351E-04 1.697E+01  6 8.364E-04 6.214E+00
 7 6.433E-05 1.047E+01  8 7.791E-05 1.512E+01  9 9.395E-06 5.167E+01 10 1.471E-02 1.097E+00 11 3.335E-04 6.854E+00
12 1.289E-03 2.321E+00 13 6.186E-03 1.004E+00 14 4.809E-06 6.888E+01 15 1.434E-03 8.202E+00 16 7.162E-04 1.585E+00
17 9.339E-04 5.602E+00 19 1.267E-03 1.476E+01 20 5.543E-05 6.566E+01 21 2.793E-06 5.766E+01 22 8.847E-06 6.156E+01
23 2.842E-05 8.134E+00 24 1.925E-03 4.307E-01 25 1.055E-07 4.133E+01 26 2.038E-03 7.252E-01 27 1.114E-03 1.017E+00
117  24
 1 1.660E-03 1.036E+01  2 3.345E-06 4.798E+01  3 2.292E-03 3.381E+00  5 8.051E-04 3.048E+01  6 8.282E-04 6.290E+00
 7 4.719E-05 1.645E+01  8 7.300E-05 1.628E+01  9 9.000E-06 4.369E+01 10 1.449E-02 1.166E+00 11 3.249E-04 9.571E+00
12 1.172E-03 2.201E+00 13 6.356E-03 1.206E+00 15 1.289E-03 6.057E+00 16 8.261E-04 1.410E+00 17 1.019E-03 6.277E+00
19 1.286E-03 1.197E+01 20 1.393E-04 3.703E+01 21 1.238E-05 7.022E+01 22 3.058E-06 9.184E+01 23 3.197E-05 7.279E+00
24 1.907E-03 3.766E-01 25 3.492E-08 4.817E+01 26 1.737E-03 7.712E-01 27 8.892E-04 9.702E-01
118  24
 1 1.144E-03 1.533E+01  2 2.784E-06 5.345E+01  3 4.907E-03 1.535E+00  5 2.366E-04 4.165E+01  6 7.436E-04 6.919E+00
 7 4.787E-05 1.701E+01  8 6.269E-05 1.801E+01  9 1.168E-05 4.496E+01 10 1.385E-02 1.627E+00 11 2.933E-04 8.633E+00
12 1.090E-03 2.011E+00 13 6.253E-03 9.046E-01 15 1.127E-03 6.570E+00 16 8.284E-04 1.476E+00 17 7.760E-04 6.151E+00
19 1.622E-03 1.013E+01 20 1.502E-04 2.628E+01 21 8.688E-07 1.000E+02 22 4.178E-06 7.329E+01 23 3.476E-05 9.131E+00
24 1.897E-03 4.316E-01 25 1.504E-07 6.777E+01 26 1.748E-03 9.266E-01 27 8.913E-04 1.094E+00
119  25
 1 9.753E-04 1.833E+01  2 2.359E-06 3.181E+01  3 7.250E-03 2.087E+00  5 2.031E-04 3.937E+01  6 6.130E-04 6.119E+00
 7 4.501E-05 1.018E+01  8 6.516E-05 1.650E+01  9 8.307E-06 3.953E+01 10 1.213E-02 1.767E+00 11 2.220E-04 7.918E+00
12 9.587E-04 2.712E+00 13 5.743E-03 8.794E-01 14 4.115E-05 1.000E+02 15 9.477E-04 7.631E+00 16 7.875E-04 1.221E+00
17 7.099E-04 7.344E+00 19 1.599E-03 1.403E+01 20 9.271E-05 4.055E+01 21 8.833E-06 6.652E+01 22 8.960E-06 5.319E+01
23 3.269E-05 7.360E+00 24 1.923E-03 4.462E-01 25 1.272E-07 3.526E+01 26 2.316E-03 7.597E-01 27 1.298E-03 7.435E-01
120  25
 1 7.373E-04 1.907E+01  2 6.080E-06 4.430E+01  3 8.707E-03 1.712E+00  5 3.182E-04 3.323E+01  6 5.614E-04 6.260E+00
 7 4.703E-05 1.255E+01  8 5.971E-05 2.038E+01  9 6.003E-06 4.237E+01 10 1.154E-02 1.959E+00 11 2.302E-04 8.578E+00
12 8.737E-04 2.359E+00 13 5.582E-03 1.166E+00 14 8.395E-06 1.000E+02 15 9.209E-04 7.724E+00 16 7.706E-04 1.529E+00
17 5.360E-04 7.417E+00 19 1.987E-03 9.920E+00 20 1.478E-04 3.307E+01 21 4.224E-07 1.000E+02 22 4.426E-06 8.398E+01
23 3.403E-05 8.144E+00 24 1.918E-03 4.863E-01 25 1.207E-07 4.619E+01 26 2.467E-03 5.523E-01 27 1.410E-03 7.848E-01
121  24
 1 1.094E-03 1.319E+01  2 8.717E-06 3.690E+01  3 1.052E-02 1.305E+00  5 2.731E-04 4.873E+01  6 5.049E-04 6.372E+00
 7 3.187E-05 1.071E+01  8 4.961E-05 2.089E+01  9 6.663E-06 4.139E+01 10 1.043E-02 1.858E+00 11 2.102E-04 9.611E+00
12 7.567E-04 2.779E+00 13 5.630E-03 1.202E+00 14 2.619E-05 1.000E+02 15 7.575E-04 1.267E+01 16 7.698E-04 1.403E+00
17 5.919E-04 8.256E+00 19 2.265E-03 1.136E+01 20 8.485E-05 2.978E+01 22 6.597E-06 7.695E+01 23 4.759E-05 6.574E+00
24 1.915E-03 5.714E-01 25 1.304E-07 7.884E+01 26 2.459E-03 6.784E-01 27 1.400E-03 8.555E-01
122  24
 1 8.916E-04 1.896E+01  2 2.856E-06 3.848E+01  3 1.139E-02 1.119E+00  5 2.951E-04 2.646E+01  6 5.266E-04 7.902E+00
 7 3.823E-05 1.285E+01  8 3.663E-05 1.730E+01  9 9.836E-06 3.596E+01 10 1.104E-02 1.490E+00 11 1.834E-04 1.026E+01
12 7.235E-04 3.010E+00 13 5.866E-03 9.870E-01 15 7.890E-04 1.078E+01 16 7.619E-04 1.771E+00 17 5.830E-04 1.173E+01
19 2.346E-03 1.153E+01 20 1.282E-04 3.411E+01 21 1.969E-07 1.000E+02 22 1.634E-05 4.905E+01 23 4.321E-05 6.627E+00
24 1.887E-03 4.682E-01 25 4.458E-08 4.976E+01 26 1.838E-03 9.622E-01 27 9.215E-04 1.191E+00
123  26
 1 8.134E-04 2.005E+01  2 3.255E-06 3.077E+01  3 1.215E-02 1.306E+00  4 1.010E-06 1.000E+02  5 1.669E-04 2.722E+01
 6 4.159E-04 8.340E+00  7 2.674E-05 1.287E+01  8 4.275E-05 1.863E+01  9 2.206E-06 6.162E+01 10 1.036E-02 1.889E+00
11 1.965E-04 9.892E+00 12 6.751E-04 2.106E+00 13 5.724E-03 9.116E-01 15 6.614E-04 8.760E+00 16 7.626E-04 1.833E+00
17 5.190E-04 9.662E+00 18 1.175E-07 1.000E+02 19 3.087E-03 9.058E+00 20 1.613E-04 3.898E+01 21 4.145E-06 1.000E+02
22 7.044E-07 5.018E+01 23 5.080E-05 5.631E+00 24 1.890E-03 4.813E-01 25 1.537E-07 2.936E+01 26 1.965E-03 7.414E-01
27 9.412E-04 1.118E+00
124  26
 1 7.082E-04 1.899E+01  2 8.713E-06 3.021E+01  3 1.235E-02 1.012E+00  4 7.438E-07 1.000E+02  5 9.839E-05 2.992E+01
 6 4.822E-04 8.680E+00  7 3.028E-05 1.234E+01  8 3.040E-05 2.144E+01  9 5.941E-06 5.057E+01 10 9.610E-03 1.702E+00
11 1.957E-04 1.299E+01 12 6.428E-04 2.677E+00 13 5.600E-03 1.252E+00 15 5.865E-04 1.079E+01 16 7.674E-04 1.362E+00
17 4.717E-04 5.978E+00 18 8.724E-07 1.000E+02 19 3.578E-03 5.751E+00 20 1.210E-04 3.596E+01 21 4.084E-07 1.000E+02
22 2.992E-06 5.696E+01 23 5.856E-05 7.541E+00 24 1.919E-03 4.254E-01 25 9.141E-08 6.029E+01 26 2.154E-03 6.360E-01
27 1.107E-03 9.806E-01
125  23
 1 5.100E-04 2.098E+01  2 6.626E-06 2.810E+01  3 1.251E-02 1.513E+00  5 2.651E-04 4.015E+01  6 4.116E-04 8.786E+00
 7 3.240E-05 1.675E+01  8 2.882E-05 2.205E+01  9 1.611E-06 5.524E+01 10 8.083E-03 2.038E+00 11 1.537E-04 1.245E+01
12 5.405E-04 3.046E+00 13 5.104E-03 1.477E+00 15 5.459E-04 1.042E+01 16 7.755E-04 1.603E+00 17 4.614E-04 8.741E+00
19 4.181E-03 8.092E+00 20 1.113E-04 4.393E+01 22 1.054E-05 9.503E+01 23 5.665E-05 5.296E+00 24 1.932E-03 5.262E-01
25 1.183E-07 5.484E+01 26 2.697E-03 7.916E-01 27 1.514E-03 7.930E-01
126  24
 1 4.883E-04 1.736E+01  2 1.039E-05 1.935E+01  3 1.188E-02 1.224E+00  4 1.301E-05 1.000E+02  5 1.772E-04 4.836E+01
 6 3.370E-04 8.444E+00  7 2.097E-05 1.323E+01  8 2.902E-05 1.875E+01  9 4.797E-06 5.914E+01 10 7.348E-03 1.300E+00
11 1.405E-04 1.618E+01 12 5.170E-04 2.990E+00 13 5.062E-03 1.176E+00 15 5.599E-04 1.166E+01 16 7.439E-04 1.638E+00
17 4.367E-04 8.247E+00 19 4.825E-03 6.664E+00 20 1.239E-04 3.785E+01 22 1.449E-05 6.968E+01 23 6.763E-05 6.862E+00
24 1.934E-03 3.806E-01 25 2.780E-08 5.897E+01 26 2.676E-03 5.899E-01 27 1.504E-03 7.642E-01
127  24
 1 7.916E-04 2.218E+01  2 8.230E-06 2.915E+01  3 1.123E-02 1.232E+00  5 1.192E-04 3.974E+01  6 3.120E-04 7.415E+00
 7 2.719E-05 1.874E+01  8 3.342E-05 2.549E+01  9 2.551E-06 7.981E+01 10 6.541E-03 2.472E+00 11 1.488E-04 1.426E+01
12 4.381E-04 3.370E+00 13 5.234E-03 1.121E+00 15 4.110E-04 1.056E+01 16 7.643E-04 1.527E+00 17 3.262E-04 7.997E+00
19 7.113E-03 5.323E+00 20 2.010E-04 2.490E+01 21 1.159E-05 5.625E+01 22 8.558E-07 6.890E+01 23 6.225E-05 6.743E+00
24 1.902E-03 4.045E-01 25 1.174E-08 7.152E+01 26 2.408E-03 6.474E-01 27 1.296E-03 8.392E-01
128  25
 1 5.159E-04 1.935E+01  2 1.094E-05 2.337E+01  3 1.028E-02 1.578E+00  4 5.692E-05 1.000E+02  5 2.427E-04 2.887E+01
 6 2.381E-04 9.484E+00  7 2.923E-05 1.953E+01  8 1.899E-05 1.998E+01  9 1.115E-05 4.067E+01 10 6.358E-03 2.297E+00
11 1.230E-04 1.333E+01 12 4.459E-04 3.826E+00 13 5.405E-03 1.184E+00 15 4.762E-04 1.174E+01 16 7.709E-04 1.228E+00
17 3.614E-04 8.819E+00 19 9.717E-03 4.712E+00 20 2.211E-04 2.907E+01 21 1.340E-06 7.429E+01 22 2.667E-06 1.000E+02
23 8.043E-05 6.121E+00 24 1.898E-03 5.805E-01 25 1.813E-08 8.074E+01 26 2.045E-03 7.187E-01 27 1.034E-03 1.133E+00
129  24
 1 5.135E-04 2.277E+01  2 8.091E-06 1.899E+01  3 8.863E-03 1.857E+00  5 1.913E-04 3.502E+01  6 2.902E-04 9.083E+00
 7 1.603E-05 1.898E+01  8 3.069E-05 2.369E+01  9 3.850E-06 7.296E+01 10 5.592E-03 2.496E+00 11 1.305E-04 9.829E+00
12 4.085E-04 4.054E+00 13 5.425E-03 1.445E+00 15 3.985E-04 8.239E+00 16 7.755E-04 1.353E+00 17 2.962E-04 6.517E+00
19 1.423E-02 3.233E+00 20 3.293E-04 2.708E+01 21 5.242E-07 1.000E+02 22 7.997E-06 7.913E+01 23 7.896E-05 5.976E+00
24 1.895E-03 5.067E-01 25 9.016E-08 6.140E+01 26 2.071E-03 8.309E-01 27 1.043E-03 9.488E-01
130  25
 1 3.646E-04 2.953E+01  2 1.293E-05 1.913E+01  3 7.152E-03 1.801E+00  4 1.455E-05 1.000E+02  5 1.714E-04 4.785E+01
 6 2.285E-04 1.075E+01  7 1.837E-05 1.797E+01  8 2.683E-05 2.467E+01  9 5.959E-06 6.694E+01 10 4.714E-03 2.619E+00
11 8.557E-05 1.411E+01 12 3.917E-04 3.900E+00 13 5.271E-03 9.422E-01 15 3.821E-04 1.057E+01 16 8.059E-04 1.631E+00
17 2.946E-04 1.314E+01 19 1.685E-02 4.423E+00 20 2.276E-04 1.983E+01 21 1.421E-06 1.000E+02 22 2.651E-06 4.087E+01
23 9.101E-05 4.130E+00 24 1.939E-03 4.778E-01 25 1.379E-07 6.279E+01 26 2.522E-03 6.231E-01 27 1.355E-03 8.929E-01
131  24
 1 4.239E-04 1.518E+01  2 1.152E-05 1.965E+01  3 4.913E-03 2.498E+00  5 6.337E-05 5.080E+01  6 2.319E-04 9.075E+00
 7 2.231E-05 1.646E+01  8 2.663E-05 2.114E+01  9 1.614E-06 7.299E+01 10 3.288E-03 2.521E+00 11 9.579E-05 1.325E+01
12 3.339E-04 3.323E+00 13 5.229E-03 1.028E+00 14 8.187E-06 8.244E+01 15 2.775E-04 9.709E+00 16 7.742E-04 1.474E+00
17 2.552E-04 1.076E+01 19 1.722E-02 4.048E+00 20 3.756E-04 2.494E+01 22 5.580E-06 9.344E+01 23 9.141E-05 5.003E+00
24 1.936E-03 4.135E-01 25 1.154E-07 6.043E+01 26 2.828E-03 6.927E-01 27 1.562E-03 8.323E-01
132  24
 1 4.764E-04 1.968E+01  2 1.384E-05 2.037E+01  3 2.352E-03 2.526E+00  4 1.343E-06 1.000E+02  5 1.390E-04 5.326E+01
 6 2.042E-04 1.289E+01  7 1.309E-05 2.484E+01  8 3.260E-05 3.258E+01  9 1.196E-06 1.000E+02 10 2.917E-03 2.187E+00
11 8.255E-05 1.453E+01 12 3.416E-04 2.611E+00 13 5.429E-03 8.187E-01 15 2.831E-04 1.286E+01 16 8.105E-04 1.551E+00
17 2.284E-04 1.456E+01 19 1.828E-02 4.172E+00 20 2.839E-04 1.928E+01 22 6.474E-06 6.920E+01 23 1.010E-04 4.944E+00
24 1.972E-03 4.480E-01 25 5.023E-08 6.763E+01 26 2.875E-03 4.995E-01 27 1.612E-03 6.580E-01
133  23
 1 3.118E-04 2.330E+01  2 1.340E-05 1.688E+01  3 1.315E-03 3.883E+00  5 7.021E-05 4.445E+01  6 1.712E-04 9.676E+00
 7 1.851E-05 1.595E+01  8 2.403E-05 2.283E+01  9 1.143E-06 7.166E+01 10 2.604E-03 2.179E+00 11 9.529E-05 1.711E+01
12 3.055E-04 3.388E+00 13 5.612E-03 1.207E+00 14 3.845E-07 1.000E+02 15 2.816E-04 1.112E+01 16 7.209E-04 1.468E+00
17 2.198E-04 1.160E+01 19 2.340E-02 3.837E+00 20 4.096E-04 2.117E+01 23 1.138E-04 4.406E+00 24 1.920E-03 5.119E-01
25 3.246E-08 1.000E+02 26 2.256E-03 8.678E-01 27 1.167E-03 1.106E+00
134  24
 1 3.122E-04 2.286E+01  2 1.354E-05 1.820E+01  3 1.173E-03 3.873E+00  5 7.076E-05 4.016E+01  6 2.084E-04 1.030E+01
 7 1.681E-05 2.303E+01  8 2.415E-05 1.849E+01  9 1.742E-07 4.990E+01 10 2.497E-03 2.761E+00 11 6.694E-05 1.670E+01
12 3.062E-04 4.252E+00 13 5.422E-03 1.166E+00 15 3.188E-04 1.753E+01 16 7.190E-04 1.239E+00 17 2.326E-04 1.126E+01
19 2.544E-02 4.203E+00 20 6.448E-04 2.434E+01 21 5.865E-07 1.000E+02 22 3.422E-06 8.043E+01 23 1.271E-04 3.725E+00
24 1.907E-03 4.331E-01 25 1.630E-08 6.493E+01 26 2.087E-03 7.726E-01 27 1.035E-03 8.875E-01
135  23
 1 3.331E-04 2.267E+01  2 2.394E-05 1.577E+01  3 1.064E-03 4.677E+00  5 1.456E-04 5.281E+01  6 1.841E-04 1.150E+01
 7 1.439E-05 2.208E+01  8 1.847E-05 2.944E+01  9 6.088E-06 5.296E+01 10 2.127E-03 2.922E+00 11 7.864E-05 1.653E+01
12 2.945E-04 3.932E+00 13 5.264E-03 9.003E-01 15 2.630E-04 1.776E+01 16 7.154E-04 1.488E+00 17 2.113E-04 1.191E+01
19 2.564E-02 3.593E+00 20 4.657E-04 1.962E+01 22 8.090E-06 8.509E+01 23 1.423E-04 3.540E+00 24 1.915E-03 3.947E-01
25 3.119E-08 9.672E+01 26 2.126E-03 8.074E-01 27 1.062E-03 1.101E+00
136  25
 1 3.090E-04 2.243E+01  2 2.069E-05 1.616E+01  3 9.567E-04 3.735E+00  4 8.414E-07 1.000E+02  5 2.231E-04 4.091E+01
 6 1.475E-04 1.355E+01  7 1.196E-05 2.110E+01  8 1.385E-05 3.618E+01  9 2.455E-07 5.744E+01 10 1.879E-03 2.252E+00
11 6.040E-05 1.538E+01 12 2.484E-04 4.583E+00 13 4.826E-03 8.727E-01 15 2.085E-04 1.477E+01 16 7.183E-04 1.598E+00
17 1.904E-04 1.032E+01 19 2.224E-02 3.458E+00 20 7.046E-04 2.232E+01 21 2.911E-07 1.000E+02 22 5.873E-06 1.000E+02
23 1.473E-04 3.445E+00 24 1.954E-03 4.423E-01 25 8.290E-09 7.222E+01 26 2.854E-03 6.449E-01 27 1.594E-03 7.069E-01
137  23
 1 3.700E-04 2.736E+01  2 1.742E-05 1.794E+01  3 8.931E-04 4.325E+00  4 1.391E-04 6.199E+01  5 9.517E-05 5.440E+01
 6 1.575E-04 1.226E+01  7 9.575E-06 2.399E+01  8 1.237E-05 2.472E+01  9 2.670E-06 5.376E+01 10 1.699E-03 3.083E+00
11 6.438E-05 2.037E+01 12 2.074E-04 4.739E+00 13 4.623E-03 1.035E+00 15 2.355E-04 1.390E+01 16 7.100E-04 2.154E+00
17 1.643E-04 1.065E+01 19 1.996E-02 4.448E+00 20 4.084E-04 2.029E+01 23 1.531E-04 3.437E+00 24 1.953E-03 4.727E-01
25 1.669E-08 9.658E+01 26 2.891E-03 5.898E-01 27 1.620E-03 7.418E-01
138  22
 1 8.929E-05 3.953E+01  2 2.320E-05 1.678E+01  3 7.433E-04 3.594E+00  5 1.391E-05 5.988E+01  6 1.601E-04 1.496E+01
 7 8.310E-06 2.183E+01  8 1.213E-05 4.862E+01  9 2.013E-06 5.920E+01 10 1.480E-03 3.444E+00 11 8.890E-05 2.261E+01
12 2.042E-04 4.777E+00 13 4.504E-03 1.443E+00 15 1.988E-04 1.362E+01 16 7.025E-04 1.552E+00 17 1.496E-04 8.391E+00
19 1.641E-02 3.449E+00 20 4.299E-04 1.875E+01 22 3.831E-07 1.000E+02 23 1.664E-04 3.649E+00 24 1.939E-03 4.663E-01
26 2.714E-03 7.463E-01 27 1.491E-03 8.612E-01
139  23
 1 1.850E-04 3.045E+01  2 2.312E-05 1.551E+01  3 7.822E-04 4.108E+00  4 5.142E-05 9.781E+01  5 6.076E-05 4.259E+01
 6 9.862E-05 1.338E+01  7 8.058E-06 2.383E+01  8 9.789E-06 3.754E+01 10 1.394E-03 4.165E+00 11 7.089E-05 2.000E+01
12 2.037E-04 4.216E+00 13 4.558E-03 1.246E+00 15 1.685E-04 1.839E+01 16 7.178E-04 1.241E+00 17 1.515E-04 1.208E+01
19 1.712E-02 4.819E+00 20 5.489E-04 1.996E+01 22 6.945E-08 1.000E+02 23 1.931E-04 3.804E+00 24 1.906E-03 6.580E-01
25 1.394E-07 6.410E+01 26 2.097E-03 1.070E+00 27 1.036E-03 1.376E+00
140  22
 1 1.167E-04 2.886E+01  2 3.402E-05 1.735E+01  3 6.783E-04 7.504E+00  5 7.594E-05 4.583E+01  6 8.263E-05 1.700E+01
 7 1.029E-05 3.170E+01  8 1.332E-05 3.199E+01  9 1.897E-06 7.999E+01 10 1.221E-03 4.093E+00 11 4.256E-05 1.822E+01
12 2.055E-04 5.276E+00 13 4.312E-03 1.343E+00 15 1.237E-04 2.373E+01 16 7.201E-04 1.171E+00 17 1.706E-04 1.511E+01
19 1.398E-02 3.941E+00 20 6.285E-04 1.749E+01 23 2.117E-04 3.004E+00 24 1.904E-03 5.099E-01 25 8.265E-09 1.000E+02
26 2.113E-03 9.230E-01 27 1.039E-03 1.488E+00
141  25
 1 1.383E-04 3.639E+01  2 2.592E-05 1.338E+01  3 6.349E-04 5.352E+00  4 1.175E-05 1.000E+02  5 3.773E-05 8.307E+01
 6 9.520E-05 1.509E+01  7 6.559E-06 3.827E+01  8 9.384E-06 4.183E+01  9 1.161E-08 1.000E+02 10 1.154E-03 4.949E+00
11 5.609E-05 1.634E+01 12 1.865E-04 3.839E+00 13 4.037E-03 1.227E+00 14 7.728E-07 1.000E+02 15 1.325E-04 1.782E+01
16 6.949E-04 1.021E+00 17 1.256E-04 1.374E+01 19 1.107E-02 5.936E+00 20 8.941E-04 1.817E+01 22 2.426E-06 8.299E+01
23 2.374E-04 2.529E+00 24 1.909E-03 4.351E-01 25 9.746E-09 9.397E+01 26 2.398E-03 6.393E-01 27 1.240E-03 7.921E-01
142  23
 1 1.227E-04 3.701E+01  2 3.649E-05 1.943E+01  3 5.546E-04 4.445E+00  4 1.729E-05 9.073E+01  5 6.379E-05 5.952E+01
 6 9.878E-05 1.539E+01  7 1.202E-05 2.654E+01  8 2.066E-05 5.224E+01  9 2.194E-06 9.787E+01 10 1.071E-03 4.251E+00
11 4.087E-05 1.957E+01 12 1.566E-04 7.077E+00 13 3.658E-03 1.371E+00 15 1.603E-04 1.854E+01 16 7.069E-04 1.536E+00
17 1.439E-04 1.265E+01 19 7.446E-03 5.456E+00 20 9.378E-04 1.372E+01 23 2.495E-04 3.334E+00 24 1.943E-03 4.894E-01
25 3.721E-08 9.797E+01 26 2.877E-03 6.805E-01 27 1.581E-03 7.163E-01
143  24
 1 1.008E-04 2.452E+01  2 3.186E-05 1.393E+01  3 4.516E-04 4.958E+00  4 4.734E-05 7.438E+01  5 1.107E-04 3.938E+01
 6 5.014E-05 1.977E+01  7 6.579E-06 2.724E+01  8 8.827E-06 3.715E+01  9 6.344E-06 6.835E+01 10 8.828E-04 4.918E+00
11 3.812E-05 2.079E+01 12 1.611E-04 6.013E+00 13 3.582E-03 1.521E+00 15 1.370E-04 1.649E+01 16 7.040E-04 1.545E+00
17 1.079E-04 1.571E+01 19 4.352E-03 6.597E+00 20 1.182E-03 1.639E+01 22 1.434E-07 1.000E+02 23 2.737E-04 2.618E+00
24 1.943E-03 4.005E-01 25 1.652E-08 9.434E+01 26 2.881E-03 6.540E-01 27 1.588E-03 7.954E-01
144  25
 1 2.457E-04 2.487E+01  2 4.417E-05 1.565E+01  3 4.332E-04 5.156E+00  4 8.361E-07 1.000E+02  5 1.277E-05 7.294E+01
 6 6.966E-05 1.868E+01  7 6.880E-06 2.631E+01  8 7.220E-06 3.020E+01  9 1.396E-06 6.876E+01 10 8.463E-04 4.430E+00
11 4.977E-05 1.738E+01 12 1.484E-04 5.623E+00 13 3.511E-03 1.321E+00 14 2.016E-05 1.000E+02 15 1.214E-04 2.336E+01
16 7.192E-04 1.199E+00 17 9.545E-05 1.969E+01 19 4.391E-03 5.688E+00 20 1.196E-03 1.352E+01 22 2.598E-07 1.000E+02
23 3.304E-04 3.050E+00 24 1.914E-03 4.780E-01 25 2.325E-10 1.000E+02 26 2.428E-03 7.111E-01 27 1.258E-03 1.088E+00
145  25
 1 1.810E-04 3.907E+01  2 4.452E-05 1.255E+01  3 4.096E-04 4.714E+00  4 5.677E-05 7.590E+01  5 6.892E-05 6.104E+01
 6 9.682E-05 2.206E+01  7 7.767E-06 2.787E+01  8 9.219E-06 4.077E+01  9 2.499E-06 7.016E+01 10 7.675E-04 5.310E+00
11 4.039E-05 2.210E+01 12 1.208E-04 7.182E+00 13 3.281E-03 1.314E+00 15 1.223E-04 2.876E+01 16 7.443E-04 1.886E+00
17 9.963E-05 1.814E+01 19 3.366E-03 9.075E+00 20 1.349E-03 1.399E+01 21 1.338E-06 1.000E+02 22 5.456E-06 1.000E+02
23 3.727E-04 1.690E+00 24 1.878E-03 4.193E-01 25 6.536E-09 1.000E+02 26 2.078E-03 7.392E-01 27 9.954E-04 9.319E-01
146  25
 1 1.780E-04 5.436E+01  2 4.805E-05 1.304E+01  3 4.292E-04 8.894E+00  4 5.046E-05 4.926E+01  5 9.478E-05 7.553E+01
 6 7.152E-05 2.217E+01  7 4.201E-06 4.490E+01  8 8.590E-06 4.965E+01  9 4.714E-07 1.000E+02 10 7.957E-04 4.302E+00
11 2.036E-05 1.689E+01 12 1.303E-04 7.323E+00 13 3.095E-03 1.240E+00 14 4.322E-06 1.000E+02 15 1.185E-04 2.101E+01
16 7.439E-04 1.439E+00 17 5.602E-05 1.776E+01 19 3.100E-03 1.063E+01 20 1.168E-03 1.338E+01 22 4.354E-08 1.000E+02
23 4.088E-04 2.377E+00 24 1.877E-03 4.403E-01 25 5.040E-09 1.000E+02 26 2.087E-03 7.134E-01 27 1.007E-03 7.899E-01
147  24
 1 6.127E-05 4.688E+01  2 6.067E-05 1.108E+01  3 3.739E-04 6.598E+00  4 1.439E-04 7.807E+01  5 8.195E-07 7.012E+01
 6 6.169E-05 2.014E+01  7 1.777E-06 2.682E+01  8 1.228E-05 4.938E+01  9 5.057E-07 5.198E+01 10 6.368E-04 5.502E+00
11 3.979E-05 2.343E+01 12 1.133E-04 5.411E+00 13 2.729E-03 1.467E+00 15 8.406E-05 2.030E+01 16 7.086E-04 1.897E+00
17 1.080E-04 1.804E+01 19 2.532E-03 9.146E+00 20 1.453E-03 1.153E+01 22 1.754E-06 9.790E+01 23 4.405E-04 1.983E+00
24 1.900E-03 4.414E-01 25 7.811E-09 7.651E+01 26 2.689E-03 7.819E-01 27 1.430E-03 9.728E-01
148  22
 1 1.389E-04 2.918E+01  2 7.251E-05 1.190E+01  3 3.212E-04 7.928E+00  4 1.688E-05 6.987E+01  5 3.231E-05 6.550E+01
 6 6.983E-05 2.389E+01  7 4.143E-06 2.921E+01  8 9.091E-06 5.336E+01 10 6.084E-04 5.990E+00 11 1.870E-05 2.264E+01
12 9.971E-05 8.338E+00 13 2.486E-03 1.482E+00 15 1.440E-04 2.212E+01 16 6.976E-04 1.565E+00 17 8.144E-05 2.125E+01
19 2.691E-03 9.033E+00 20 1.311E-03 1.038E+01 23 4.792E-04 2.076E+00 24 1.900E-03 4.911E-01 25 7.532E-08 1.000E+02
26 2.862E-03 6.802E-01 27 1.557E-03 8.278E-01
149  22
 1 3.767E-05 4.029E+01  2 5.882E-05 1.041E+01  3 3.575E-04 8.642E+00  4 1.312E-04 7.172E+01  5 2.948E-05 6.753E+01
 6 6.015E-05 1.938E+01  7 1.421E-06 2.432E+01  8 4.628E-06 4.067E+01  9 3.807E-06 1.000E+02 10 5.003E-04 5.641E+00
11 2.327E-05 2.758E+01 12 9.528E-05 5.917E+00 13 2.250E-03 1.270E+00 15 8.837E-05 2.066E+01 16 7.196E-04 1.667E+00
17 5.686E-05 1.994E+01 19 1.797E-03 9.689E+00 20 1.928E-03 9.246E+00 23 5.222E-04 1.669E+00 24 1.890E-03 5.185E-01
26 2.874E-03 4.513E-01 27 1.553E-03 5.945E-01
150  22
 1 1.642E-04 3.468E+01  2 8.382E-05 1.110E+01  3 2.706E-04 7.884E+00  4 4.420E-05 8.612E+01  5 2.560E-05 5.499E+01
 6 3.199E-05 2.487E+01  7 5.452E-06 3.123E+01  8 7.233E-07 4.759E+01 10 4.833E-04 5.858E+00 11 2.395E-05 1.579E+01
12 8.851E-05 6.064E+00 13 2.162E-03 1.881E+00 15 7.284E-05 2.159E+01 16 7.392E-04 1.388E+00 17 8.748E-05 2.050E+01
19 1.924E-03 1.209E+01 20 1.954E-03 1.147E+01 23 6.311E-04 2.592E+00 24 1.830E-03 5.669E-01 25 3.545E-09 1.000E+02
26 2.095E-03 8.666E-01 27 9.990E-04 1.007E+00
151  23
 1 1.166E-05 5.642E+01  2 7.813E-05 1.007E+01  3 2.333E-04 8.348E+00  4 8.377E-05 6.001E+01  5 2.461E-05 9.670E+01
 6 3.889E-05 2.584E+01  7 3.004E-06 3.093E+01  8 4.719E-06 5.616E+01 10 4.795E-04 4.330E+00 11 1.179E-05 2.209E+01
12 8.291E-05 7.450E+00 13 1.924E-03 1.522E+00 15 7.458E-05 2.406E+01 16 7.464E-04 1.580E+00 17 5.700E-05 2.966E+01
19 1.442E-03 9.822E+00 20 2.539E-03 8.017E+00 22 5.231E-07 1.000E+02 23 6.866E-04 1.818E+00 24 1.790E-03 4.583E-01
25 2.286E-08 1.000E+02 26 2.035E-03 7.052E-01 27 9.550E-04 9.134E-01
152  22
 1 9.215E-05 3.612E+01  2 1.094E-04 6.965E+00  3 2.371E-04 7.648E+00  4 2.476E-04 5.609E+01  5 3.839E-06 6.946E+01
 6 4.401E-05 2.505E+01  7 3.321E-06 3.684E+01  8 7.176E-06 5.101E+01  9 3.491E-07 1.000E+02 10 3.883E-04 6.768E+00
11 9.257E-06 3.454E+01 12 7.256E-05 5.527E+00 13 1.762E-03 1.477E+00 15 8.982E-05 2.193E+01 16 7.518E-04 1.293E+00
17 2.911E-05 2.094E+01 19 1.262E-03 1.378E+01 20 2.063E-03 1.215E+01 23 7.845E-04 2.192E+00 24 1.801E-03 4.816E-01
26 2.211E-03 7.487E-01 27 1.068E-03 1.015E+00
153  23
 1 3.313E-05 5.728E+01  2 9.889E-05 1.092E+01  3 2.153E-04 9.477E+00  4 8.786E-05 5.611E+01  5 3.148E-05 9.185E+01
 6 4.793E-05 2.188E+01  7 5.481E-06 3.646E+01  8 4.856E-06 4.672E+01  9 2.991E-08 1.000E+02 10 3.808E-04 7.449E+00
11 1.603E-05 3.047E+01 12 6.354E-05 7.651E+00 13 1.461E-03 2.239E+00 15 3.667E-05 3.528E+01 16 7.594E-04 1.810E+00
17 3.659E-05 2.309E+01 19 1.036E-03 9.164E+00 20 2.159E-03 8.299E+00 23 8.257E-04 1.668E+00 24 1.796E-03 3.219E-01
25 1.303E-08 9.950E+01 26 2.818E-03 5.477E-01 27 1.497E-03 5.639E-01
154  22
 1 6.381E-05 3.360E+01  2 1.162E-04 7.290E+00  3 1.685E-04 9.207E+00  4 1.684E-04 8.015E+01  5 2.070E-05 6.278E+01
 6 3.709E-05 2.299E+01  7 3.861E-06 3.190E+01  8 5.844E-06 4.921E+01  9 5.750E-07 8.881E+01 10 2.918E-04 6.081E+00
11 2.008E-05 3.668E+01 12 5.588E-05 7.167E+00 13 1.292E-03 1.762E+00 15 5.626E-05 2.594E+01 16 7.748E-04 1.064E+00
17 4.384E-05 2.168E+01 19 1.266E-03 1.368E+01 20 3.097E-03 8.739E+00 23 9.449E-04 1.302E+00 24 1.780E-03 4.709E-01
26 2.806E-03 5.135E-01 27 1.490E-03 8.552E-01
155  23
 1 5.062E-05 4.283E+01  2 1.358E-04 7.103E+00  3 1.482E-04 9.504E+00  4 2.393E-04 3.325E+01  5 1.026E-05 5.785E+01
 6 3.725E-05 2.813E+01  7 1.685E-06 2.946E+01  8 5.222E-07 6.079E+01  9 3.760E-07 8.892E+01 10 3.451E-04 7.099E+00
11 1.776E-05 3.828E+01 12 5.429E-05 8.336E+00 13 1.102E-03 1.742E+00 15 7.164E-05 3.421E+01 16 7.836E-04 1.657E+00
17 5.053E-05 3.756E+01 19 1.091E-03 1.470E+01 20 3.250E-03 7.542E+00 23 1.093E-03 1.657E+00 24 1.705E-03 4.504E-01
25 3.047E-09 1.000E+02 26 2.417E-03 7.589E-01 27 1.214E-03 9.394E-01
156  21
 1 9.117E-05 5.957E+01  2 1.402E-04 6.481E+00  3 1.437E-04 8.530E+00  4 7.671E-05 9.549E+01  5 7.491E-05 7.590E+01
 6 3.464E-05 2.653E+01  7 1.274E-06 3.056E+01  8 1.758E-06 5.201E+01 10 2.852E-04 7.703E+00 11 1.752E-05 2.855E+01
12 4.988E-05 9.314E+00 13 1.031E-03 3.285E+00 15 4.231E-05 2.111E+01 16 7.796E-04 8.826E-01 17 4.150E-05 3.321E+01
19 1.087E-03 1.919E+01 20 3.519E-03 7.871E+00 23 1.254E-03 1.492E+00 24 1.649E-03 4.430E-01 26 2.274E-03 7.549E-01
27 9.903E-04 8.133E-01
157  24
 1 1.616E-04 4.958E+01  2 1.731E-04 6.278E+00  3 1.627E-04 1.320E+01  4 2.663E-04 5.971E+01  5 3.534E-05 7.478E+01
 6 2.799E-05 1.904E+01  7 1.832E-06 4.755E+01  8 3.643E-07 1.000E+02  9 3.019E-07 1.000E+02 10 2.211E-04 7.923E+00
11 1.068E-05 3.005E+01 12 4.485E-05 7.886E+00 13 8.264E-04 2.959E+00 15 4.207E-05 4.520E+01 16 8.344E-04 1.597E+00
17 3.577E-05 3.149E+01 19 5.522E-04 1.635E+01 20 5.303E-03 8.757E+00 22 3.350E-06 1.000E+02 23 1.430E-03 1.187E+00
24 1.606E-03 4.460E-01 25 7.078E-09 1.000E+02 26 2.344E-03 6.835E-01 27 9.962E-04 9.484E-01
158  20
 1 3.834E-05 5.032E+01  2 2.018E-04 6.200E+00  3 1.331E-04 1.092E+01  4 3.224E-04 4.747E+01  6 2.414E-05 3.018E+01
 7 3.210E-06 4.230E+01  8 8.372E-06 5.571E+01 10 1.678E-04 1.016E+01 11 1.717E-05 4.364E+01 12 3.467E-05 8.768E+00
13 7.899E-04 3.611E+00 15 2.680E-05 3.453E+01 16 8.767E-04 1.430E+00 17 4.693E-05 2.429E+01 19 9.767E-04 1.740E+01
20 5.044E-03 3.652E+00 23 1.663E-03 1.438E+00 24 1.530E-03 4.854E-01 26 2.148E-03 8.542E-01 27 9.169E-04 9.983E-01
159  22
 1 3.776E-05 4.699E+01  2 2.472E-04 4.024E+00  3 1.051E-04 1.413E+01  4 1.369E-04 6.053E+01  5 3.505E-05 7.149E+01
 6 2.556E-05 2.772E+01  7 3.098E-06 4.167E+01  8 9.444E-07 7.015E+01  9 2.412E-07 1.000E+02 10 1.844E-04 1.217E+01
11 1.909E-05 2.840E+01 12 4.628E-05 1.150E+01 13 7.419E-04 2.752E+00 15 4.024E-05 2.532E+01 16 9.709E-04 1.462E+00
17 3.148E-05 3.206E+01 19 7.471E-04 1.585E+01 20 6.662E-03 7.528E+00 23 2.077E-03 1.088E+00 24 1.392E-03 4.536E-01
26 1.396E-03 9.032E-01 27 6.827E-04 1.087E+00
160  22
 1 2.440E-05 6.035E+01  2 2.498E-04 5.676E+00  3 1.171E-04 1.455E+01  4 3.645E-04 4.762E+01  5 1.177E-05 1.000E+02
 6 2.346E-05 3.416E+01  7 1.355E-06 4.401E+01  8 2.365E-06 6.430E+01  9 1.612E-07 1.000E+02 10 1.885E-04 8.688E+00
11 1.386E-05 4.229E+01 12 3.693E-05 1.286E+01 13 6.599E-04 3.038E+00 15 2.568E-05 5.195E+01 16 3.161E-03 7.681E-01
17 3.046E-05 2.808E+01 19 4.307E-04 1.452E+01 20 8.248E-03 5.675E+00 23 2.512E-03 1.172E+00 24 1.273E-03 4.769E-01
26 1.303E-03 9.900E-01 27 6.339E-04 1.229E+00
161  22
 1 2.714E-05 9.830E+01  2 2.311E-04 2.797E+00  3 9.822E-05 9.800E+00  4 7.312E-05 6.001E+01  5 8.924E-06 1.000E+02
 6 2.308E-05 2.546E+01  7 5.254E-07 4.990E+01  8 3.458E-07 7.792E+01 10 1.594E-04 6.786E+00 11 1.135E-05 2.130E+01
12 3.750E-05 1.226E+01 13 6.496E-04 2.242E+00 15 2.467E-05 2.553E+01 16 7.723E-04 1.047E+00 17 2.982E-05 2.147E+01
19 4.876E-04 1.801E+01 20 2.927E-02 3.425E+00 23 7.650E-03 4.339E-01 24 6.132E-04 4.976E-01 25 2.045E-09 1.000E+02
26 1.413E-03 6.156E-01 27 6.160E-04 7.493E-01
162  20
 1 3.909E-05 5.382E+01  2 2.719E-04 3.394E+00  3 8.418E-05 9.183E+00  4 1.028E-04 5.519E+01  6 1.289E-05 1.830E+01
 7 4.008E-07 5.658E+01  8 1.997E-06 9.046E+01 10 1.307E-04 9.160E+00 11 9.924E-06 3.515E+01 12 3.400E-05 9.889E+00
13 5.888E-04 2.625E+00 15 2.294E-05 3.275E+01 16 8.003E-04 1.265E+00 17 2.482E-05 1.942E+01 19 5.504E-04 1.645E+01
20 4.565E-02 1.674E+00 23 8.293E-03 3.859E-01 24 5.237E-04 5.875E-01 26 1.419E-03 7.360E-01 27 5.887E-04 8.649E-01
163  22
 1 1.549E-05 4.019E+01  2 2.968E-04 4.519E+00  3 8.128E-05 1.140E+01  4 1.826E-04 5.029E+01  5 4.342E-05 7.515E+01
 6 7.678E-06 2.832E+01  7 6.945E-07 7.073E+01  8 7.251E-07 9.094E+01 10 1.314E-04 8.032E+00 11 4.702E-06 3.776E+01
12 2.874E-05 9.864E+00 13 5.265E-04 2.908E+00 15 7.642E-06 5.255E+01 16 8.042E-04 1.036E+00 17 1.591E-05 2.671E+01
19 4.869E-04 1.713E+01 20 5.370E-02 1.679E+00 22 2.315E-07 1.000E+02 23 8.656E-03 4.488E-01 24 4.511E-04 6.152E-01
26 1.429E-03 8.149E-01 27 5.727E-04 9.516E-01
164  23
 1 1.666E-05 6.910E+01  2 3.356E-04 3.625E+00  3 5.576E-05 1.106E+01  4 1.987E-04 4.419E+01  5 2.948E-05 1.000E+02
 6 9.240E-06 4.339E+01  7 5.171E-07 5.780E+01  8 1.857E-06 7.725E+01  9 1.206E-06 1.000E+02 10 1.133E-04 7.451E+00
11 9.573E-06 4.240E+01 12 2.088E-05 9.366E+00 13 4.752E-04 2.222E+00 15 3.468E-05 4.178E+01 16 8.044E-04 9.845E-01
17 1.362E-05 3.269E+01 19 4.789E-04 1.504E+01 20 5.413E-02 2.028E+00 22 2.745E-07 1.000E+02 23 9.034E-03 4.525E-01
24 3.935E-04 6.687E-01 26 1.455E-03 7.914E-01 27 5.584E-04 8.997E-01
165  22
 1 5.677E-05 5.427E+01  2 3.544E-04 4.139E+00  3 6.106E-05 1.078E+01  4 1.694E-04 5.795E+01  6 1.658E-05 2.271E+01
 7 4.269E-07 9.324E+01  8 8.400E-07 9.691E+01  9 1.119E-07 1.000E+02 10 1.036E-04 8.530E+00 11 3.353E-06 4.707E+01
12 2.435E-05 1.253E+01 13 4.189E-04 2.729E+00 15 1.583E-05 2.890E+01 16 8.118E-04 1.225E+00 17 1.551E-05 2.979E+01
19 3.357E-04 1.677E+01 20 5.089E-02 1.799E+00 22 9.088E-07 1.000E+02 23 9.271E-03 3.521E-01 24 3.447E-04 6.998E-01
26 1.492E-03 7.153E-01 27 5.534E-04 9.025E-01
166  20
 1 1.393E-07 1.000E+02  2 4.160E-04 3.491E+00  3 5.030E-05 1.881E+01  4 2.286E-04 3.692E+01  6 1.320E-05 3.364E+01
 7 1.206E-06 5.136E+01  9 2.622E-06 1.000E+02 10 9.371E-05 1.138E+01 11 2.830E-06 3.998E+01 12 1.817E-05 7.329E+00
13 3.752E-04 2.530E+00 15 1.624E-05 3.092E+01 16 7.822E-04 1.102E+00 17 1.152E-05 2.719E+01 19 3.238E-04 1.488E+01
20 4.668E-02 1.563E+00 23 9.564E-03 3.231E-01 24 3.091E-04 8.373E-01 26 1.542E-03 7.735E-01 27 5.566E-04 8.255E-01
167  22
 1 1.138E-05 6.711E+01  2 4.803E-04 3.288E+00  3 5.908E-05 1.575E+01  4 4.382E-04 3.856E+01  5 1.292E-05 9.873E+01
 6 6.082E-06 3.750E+01  7 1.451E-06 6.355E+01  8 4.943E-06 8.579E+01  9 2.147E-08 1.000E+02 10 8.838E-05 9.595E+00
11 6.137E-06 3.552E+01 12 1.528E-05 1.120E+01 13 3.464E-04 2.793E+00 15 4.482E-06 4.655E+01 16 7.779E-04 1.208E+00
17 1.990E-05 2.926E+01 19 3.478E-04 2.031E+01 20 4.301E-02 1.614E+00 23 9.827E-03 3.722E-01 24 2.729E-04 8.404E-01
26 1.603E-03 6.551E-01 27 5.581E-04 7.051E-01
168  22
 1 2.933E-06 9.460E+01  2 5.179E-04 2.285E+00  3 4.746E-05 1.228E+01  4 2.867E-04 3.730E+01  5 1.404E-06 1.000E+02
 6 9.065E-06 2.805E+01  7 2.192E-07 6.185E+01  8 1.316E-06 8.316E+01 10 7.708E-05 1.060E+01 11 5.048E-06 3.361E+01
12 1.638E-05 1.330E+01 13 2.864E-04 3.566E+00 15 3.675E-06 4.812E+01 16 1.249E-03 1.217E+00 17 1.338E-05 3.127E+01
19 2.849E-04 2.242E+01 20 3.273E-02 1.791E+00 23 1.005E-02 4.137E-01 24 2.492E-04 8.519E-01 25 1.086E-07 1.000E+02
26 1.691E-03 8.454E-01 27 5.658E-04 1.043E+00
169  19
 1 3.031E-06 1.000E+02  2 5.507E-04 3.133E+00  3 4.764E-05 1.289E+01  4 4.275E-04 2.546E+01  6 1.178E-05 4.256E+01
 7 8.282E-08 9.171E+01 10 5.957E-05 1.324E+01 11 4.302E-06 4.947E+01 12 1.431E-05 1.481E+01 13 2.712E-04 3.501E+00
15 8.413E-06 6.042E+01 16 8.177E-04 1.215E+00 17 7.609E-06 4.352E+01 19 2.841E-04 2.268E+01 20 1.890E-02 3.951E+00
23 1.092E-02 3.418E-01 24 2.234E-04 1.057E+00 26 2.651E-03 5.262E-01 27 7.727E-04 7.284E-01
170  23
 1 1.511E-05 5.528E+01  2 6.266E-04 2.204E+00  3 4.218E-05 1.496E+01  4 5.235E-04 3.175E+01  5 4.370E-07 1.000E+02
 6 8.374E-06 5.255E+01  7 1.155E-06 5.753E+01  8 7.048E-07 9.918E+01  9 4.992E-07 1.000E+02 10 6.307E-05 1.237E+01
11 3.342E-06 5.102E+01 12 1.445E-05 1.357E+01 13 2.391E-04 4.197E+00 15 1.618E-05 4.796E+01 16 7.742E-04 1.014E+00
17 2.755E-05 3.373E+01 19 2.448E-04 2.821E+01 20 1.350E-02 3.885E+00 23 1.122E-02 4.092E-01 24 1.956E-04 1.038E+00
25 2.548E-08 1.000E+02 26 2.801E-03 4.007E-01 27 8.035E-04 4.995E-01
171  19
 2 7.074E-04 2.445E+00  3 5.339E-05 1.612E+01  4 4.998E-04 3.142E+01  6 5.793E-06 3.362E+01  7 6.009E-08 9.815E+01
 8 7.094E-08 1.000E+02 10 5.282E-05 1.141E+01 11 5.604E-06 5.875E+01 12 1.210E-05 1.191E+01 13 2.241E-04 2.907E+00
15 8.175E-06 5.178E+01 16 7.497E-04 1.053E+00 17 2.569E-05 2.947E+01 19 2.433E-04 1.699E+01 20 7.825E-03 2.698E+00
23 1.138E-02 3.982E-01 24 1.727E-04 1.106E+00 26 2.834E-03 4.509E-01 27 7.953E-04 5.767E-01
172  21
 1 1.731E-05 5.606E+01  2 7.958E-04 2.833E+00  3 3.730E-05 1.641E+01  4 5.807E-04 2.613E+01  5 3.662E-06 1.000E+02
 6 3.100E-06 4.882E+01  7 8.280E-07 5.110E+01  8 2.498E-06 6.034E+01 10 5.781E-05 1.055E+01 11 3.422E-06 3.960E+01
12 1.261E-05 1.693E+01 13 1.855E-04 4.171E+00 15 1.643E-05 4.945E+01 16 7.449E-04 1.099E+00 17 1.624E-05 3.280E+01
19 2.090E-04 3.308E+01 20 7.155E-03 4.227E+00 23 1.158E-02 3.850E-01 24 1.505E-04 1.258E+00 26 2.917E-03 4.712E-01
27 8.115E-04 5.797E-01
173  23
 1 2.366E-07 1.000E+02  2 9.622E-04 2.262E+00  3 2.964E-05 2.110E+01  4 4.444E-04 2.501E+01  5 4.634E-06 1.000E+02
 6 4.189E-06 4.881E+01  7 7.315E-07 7.092E+01  8 9.226E-07 8.676E+01  9 1.020E-07 1.000E+02 10 4.950E-05 1.831E+01
11 1.113E-05 4.039E+01 12 9.642E-06 1.515E+01 13 1.640E-04 5.332E+00 15 1.075E-05 3.936E+01 16 7.417E-04 8.362E-01
17 1.207E-05 3.277E+01 19 2.908E-04 3.107E+01 20 6.065E-03 3.889E+00 23 1.167E-02 4.208E-01 24 1.356E-04 1.188E+00
25 1.313E-09 1.000E+02 26 2.945E-03 5.706E-01 27 8.117E-04 6.463E-01
174  21
 1 6.522E-06 1.000E+02  2 1.036E-03 1.924E+00  3 2.565E-05 1.638E+01  4 1.063E-03 2.190E+01  5 4.008E-05 8.950E+01
 6 7.355E-06 4.596E+01  7 3.302E-07 6.637E+01  8 1.734E-06 1.000E+02 10 3.747E-05 1.349E+01 11 4.882E-06 7.882E+01
12 9.442E-06 1.865E+01 13 1.475E-04 4.722E+00 15 3.319E-06 8.518E+01 16 7.346E-04 1.208E+00 17 7.370E-06 4.377E+01
19 1.120E-04 2.203E+01 20 5.342E-03 3.825E+00 23 1.174E-02 3.612E-01 24 1.197E-04 1.139E+00 26 3.006E-03 5.050E-01
27 8.183E-04 5.932E-01
175  20
 1 1.849E-05 8.393E+01  2 1.247E-03 1.744E+00  3 2.572E-05 2.043E+01  4 6.481E-04 2.873E+01  6 2.887E-06 5.373E+01
 7 5.431E-07 8.398E+01  8 2.603E-07 1.000E+02 10 2.969E-05 1.378E+01 11 2.805E-06 4.307E+01 12 7.981E-06 1.745E+01
13 1.381E-04 5.196E+00 15 1.086E-05 4.530E+01 16 7.190E-04 1.270E+00 17 1.237E-05 6.428E+01 19 1.233E-04 3.041E+01
20 4.126E-03 7.837E+00 23 1.186E-02 4.657E-01 24 1.089E-04 1.296E+00 26 3.039E-03 5.391E-01 27 8.193E-04 6.077E-01
176  20
 1 9.316E-06 8.201E+01  2 1.368E-03 1.809E+00  3 1.743E-05 2.002E+01  4 9.102E-04 1.560E+01  6 7.159E-06 6.689E+01
 7 1.107E-07 6.447E+01  8 3.676E-07 5.662E+01 10 3.200E-05 2.027E+01 11 1.636E-06 5.521E+01 12 7.632E-06 2.145E+01
13 1.211E-04 5.182E+00 15 3.169E-06 7.264E+01 16 7.154E-04 1.021E+00 17 4.849E-06 3.625E+01 19 9.903E-05 3.168E+01
20 3.889E-03 6.961E+00 23 1.198E-02 3.730E-01 24 9.888E-05 1.044E+00 26 3.087E-03 4.923E-01 27 8.299E-04 5.692E-01
177  19
 1 2.410E-05 5.768E+01  2 1.604E-03 1.944E+00  3 1.878E-05 2.214E+01  4 9.188E-04 2.149E+01  6 2.882E-06 7.090E+01
 8 1.233E-06 1.000E+02 10 2.657E-05 2.431E+01 11 4.785E-07 7.819E+01 12 7.467E-06 2.350E+01 13 1.260E-04 5.068E+00
15 1.537E-07 1.000E+02 16 7.070E-04 1.147E+00 17 3.766E-06 6.691E+01 19 5.243E-05 3.383E+01 20 3.201E-03 6.653E+00
23 1.198E-02 3.998E-01 24 8.938E-05 1.300E+00 26 3.109E-03 5.027E-01 27 8.210E-04 5.715E-01
178  19
 1 7.456E-06 1.000E+02  2 1.821E-03 1.523E+00  3 1.728E-05 2.649E+01  4 1.465E-03 1.815E+01  6 3.582E-06 5.971E+01
 7 7.917E-07 5.555E+01 10 2.438E-05 2.164E+01 11 1.079E-06 8.283E+01 12 4.502E-06 2.632E+01 13 9.817E-05 6.501E+00
15 1.907E-06 6.928E+01 16 7.001E-04 1.166E+00 17 7.686E-06 6.636E+01 19 1.085E-04 3.315E+01 20 2.970E-03 6.019E+00
23 1.205E-02 3.386E-01 24 7.934E-05 2.125E+00 26 3.158E-03 3.819E-01 27 8.274E-04 3.860E-01
179  20
 1 3.537E-07 1.000E+02  2 2.199E-03 1.514E+00  3 9.529E-06 2.067E+01  4 1.272E-03 1.613E+01  5 8.602E-07 1.000E+02
 6 4.545E-06 6.784E+01  8 1.478E-07 1.000E+02 10 2.229E-05 2.295E+01 11 6.064E-08 7.928E+01 12 4.711E-06 2.344E+01
13 8.786E-05 4.814E+00 15 9.592E-07 7.064E+01 16 6.878E-04 9.507E-01 17 4.260E-06 5.597E+01 19 1.417E-04 4.167E+01
20 2.816E-03 1.003E+01 23 1.220E-02 3.764E-01 24 7.180E-05 1.547E+00 26 3.211E-03 4.407E-01 27 8.325E-04 5.334E-01
180  20
 1 1.508E-07 1.000E+02  2 2.526E-03 1.820E+00  3 1.344E-05 2.087E+01  4 1.872E-03 1.714E+01  6 1.749E-06 5.589E+01
 7 1.128E-08 1.000E+02  8 5.487E-07 1.000E+02 10 2.220E-05 2.187E+01 11 8.823E-07 1.000E+02 12 6.662E-06 2.578E+01
13 7.309E-05 5.558E+00 15 3.174E-06 6.172E+01 16 6.858E-04 1.282E+00 17 2.628E-06 7.540E+01 19 8.502E-05 3.398E+01
20 2.249E-03 9.985E+00 23 1.219E-02 3.758E-01 24 6.321E-05 1.764E+00 26 3.256E-03 6.057E-01 27 8.341E-04 6.653E-01
181  18
 1 1.009E-05 1.000E+02  2 2.903E-03 1.229E+00  3 1.924E-05 2.350E+01  4 1.852E-03 1.496E+01  6 4.319E-07 8.367E+01
10 1.186E-05 1.934E+01 11 2.688E-08 1.000E+02 12 4.574E-06 2.122E+01 13 7.126E-05 7.192E+00 15 7.952E-06 5.743E+01
16 6.730E-04 1.385E+00 17 3.185E-06 5.383E+01 19 4.081E-05 4.259E+01 20 1.845E-03 9.429E+00 23 1.235E-02 3.424E-01
24 5.770E-05 1.983E+00 26 3.410E-03 4.459E-01 27 8.632E-04 5.197E-01
182  21
 1 1.000E-05 1.000E+02  2 3.478E-03 7.390E-01  3 9.834E-06 2.864E+01  4 3.545E-03 1.423E+01  5 1.050E-06 1.000E+02
 6 5.706E-06 5.615E+01  7 2.654E-07 9.304E+01  8 1.675E-07 7.518E+01 10 8.833E-06 2.304E+01 11 5.207E-07 7.685E+01
12 4.722E-06 3.205E+01 13 6.812E-05 8.274E+00 15 3.468E-06 7.678E+01 16 6.780E-04 1.045E+00 17 3.444E-06 5.618E+01
19 5.401E-05 4.248E+01 20 1.804E-03 8.372E+00 23 1.256E-02 3.663E-01 24 5.312E-05 1.537E+00 26 3.650E-03 4.630E-01
27 8.601E-04 4.793E-01
183  20
 2 4.498E-03 1.184E+00  3 1.097E-05 2.037E+01  4 2.912E-03 8.401E+00  6 3.697E-06 5.164E+01  7 5.833E-07 5.460E+01
 8 2.686E-07 1.000E+02  9 3.510E-08 1.000E+02 10 9.831E-06 3.909E+01 11 1.862E-06 7.814E+01 12 3.844E-06 3.314E+01
13 6.402E-05 7.771E+00 15 2.056E-06 7.296E+01 16 6.653E-04 1.304E+00 17 2.901E-06 6.100E+01 19 6.348E-05 5.001E+01
20 1.346E-03 1.084E+01 23 1.270E-02 3.411E-01 24 4.618E-05 1.689E+00 26 3.911E-03 4.856E-01 27 9.126E-04 5.021E-01
184  20
 1 9.273E-06 7.634E+01  2 5.987E-03 8.295E-01  3 1.532E-05 3.631E+01  4 5.053E-03 7.081E+00  6 1.182E-06 7.511E+01
 7 3.796E-07 7.529E+01  8 5.100E-07 1.000E+02 10 1.321E-05 3.006E+01 11 7.284E-07 9.830E+01 12 4.598E-06 2.425E+01
13 5.234E-05 8.869E+00 15 8.414E-06 8.192E+01 16 6.719E-04 1.153E+00 17 2.514E-06 5.439E+01 19 3.175E-05 4.239E+01
20 9.697E-04 1.252E+01 23 1.265E-02 4.336E-01 24 4.103E-05 2.320E+00 26 3.996E-03 5.068E-01 27 9.243E-04 6.309E-01
185  18
 1 1.999E-06 1.000E+02  2 7.782E-03 7.128E-01  3 1.363E-05 3.902E+01  4 7.091E-03 4.337E+00  6 1.321E-06 7.129E+01
10 1.021E-05 2.940E+01 11 5.013E-09 1.000E+02 12 3.580E-06 1.863E+01 13 4.127E-05 8.092E+00 15 5.909E-06 6.806E+01
16 6.551E-04 8.511E-01 17 2.611E-06 8.975E+01 19 2.845E-05 2.773E+01 20 8.847E-04 1.193E+01 23 1.278E-02 3.982E-01
24 3.709E-05 2.712E+00 26 4.089E-03 4.634E-01 27 9.364E-04 5.030E-01
186  20
 1 2.467E-05 9.107E+01  2 9.779E-03 9.919E-01  3 1.132E-05 2.708E+01  4 6.035E-02 3.229E+00  6 7.879E-07 7.623E+01
 7 4.475E-07 9.630E+01  9 3.573E-08 1.000E+02 10 7.809E-06 2.700E+01 11 7.744E-07 7.140E+01 12 2.731E-06 3.103E+01
13 4.042E-05 9.203E+00 15 1.056E-06 1.000E+02 16 6.163E-04 1.559E+00 17 1.970E-06 6.841E+01 19 4.470E-05 4.351E+01
20 1.008E-03 1.141E+01 23 1.275E-02 4.055E-01 24 3.390E-05 3.198E+00 26 4.069E-03 4.568E-01 27 9.235E-04 5.098E-01
187  17
 2 1.191E-02 6.952E-01  3 1.150E-05 2.775E+01  4 5.920E-02 2.076E+00  6 3.550E-06 6.327E+01 10 8.988E-06 2.558E+01
11 3.787E-07 1.000E+02 12 4.125E-06 2.940E+01 13 3.169E-05 8.807E+00 15 3.368E-07 9.573E+01 16 6.246E-04 1.329E+00
17 7.568E-08 1.000E+02 19 1.143E-05 8.915E+01 20 7.064E-04 1.038E+01 23 1.265E-02 3.619E-01 24 3.037E-05 2.738E+00
26 3.933E-03 3.878E-01 27 8.822E-04 4.360E-01
188  17
 2 1.390E-02 5.656E-01  3 8.019E-06 2.870E+01  4 6.227E-02 3.181E+00  6 1.663E-06 5.817E+01 10 7.761E-06 3.848E+01
11 1.119E-07 1.000E+02 12 2.168E-06 3.089E+01 13 2.860E-05 8.799E+00 15 7.758E-07 1.000E+02 16 6.169E-04 1.337E+00
17 3.183E-06 6.155E+01 19 3.772E-05 6.590E+01 20 6.976E-04 1.556E+01 23 1.253E-02 3.621E-01 24 2.717E-05 3.227E+00
26 3.753E-03 4.882E-01 27 8.335E-04 5.055E-01
189  15
 1 4.706E-06 1.000E+02  2 1.595E-02 5.721E-01  3 7.687E-06 3.512E+01  4 5.797E-02 3.393E+00  6 3.132E-07 1.000E+02
10 8.637E-06 3.021E+01 12 1.518E-06 4.814E+01 13 2.303E-05 1.107E+01 16 6.068E-04 1.508E+00 19 2.026E-05 4.812E+01
20 5.331E-04 1.683E+01 23 1.231E-02 3.328E-01 24 2.356E-05 2.712E+00 26 3.509E-03 4.000E-01 27 7.683E-04 4.077E-01
190  18
 1 1.152E-07 1.000E+02  2 1.763E-02 5.197E-01  3 9.815E-06 3.377E+01  4 6.791E-03 8.736E+00  8 8.571E-09 1.000E+02
10 8.337E-06 3.277E+01 11 1.327E-07 6.904E+01 12 3.033E-06 3.713E+01 13 2.339E-05 1.071E+01 15 1.085E-06 7.910E+01
16 6.662E-04 1.107E+00 17 4.937E-07 6.943E+01 19 2.105E-05 6.906E+01 20 4.551E-04 1.684E+01 23 1.228E-02 3.530E-01
24 2.221E-05 2.118E+00 26 3.409E-03 3.973E-01 27 7.389E-04 3.960E-01
191  18
 2 1.896E-02 5.654E-01  3 9.169E-06 4.975E+01  4 5.609E-03 8.892E+00  6 4.560E-07 1.000E+02  7 4.373E-09 1.000E+02
 8 6.221E-08 1.000E+02 10 4.068E-06 4.280E+01 11 5.995E-07 1.000E+02 12 1.951E-06 3.868E+01 13 3.066E-05 9.581E+00
16 6.591E-04 1.497E+00 17 5.813E-07 1.000E+02 19 5.409E-06 8.900E+01 20 3.553E-04 2.112E+01 23 1.232E-02 4.472E-01
24 2.174E-05 2.625E+00 26 3.424E-03 4.620E-01 27 7.420E-04 4.224E-01
192  17
 1 4.631E-07 1.000E+02  2 1.992E-02 5.479E-01  3 4.053E-06 3.846E+01  4 3.310E-03 9.754E+00  6 4.327E-06 1.000E+02
10 4.175E-06 4.169E+01 11 1.423E-06 1.000E+02 12 2.543E-06 4.518E+01 13 2.118E-05 6.919E+00 16 6.533E-04 1.238E+00
17 2.940E-06 5.725E+01 19 2.433E-05 7.704E+01 20 3.215E-04 1.887E+01 23 1.226E-02 3.261E-01 24 1.887E-05 3.499E+00
26 3.371E-03 4.312E-01 27 7.264E-04 4.887E-01
193  15
 2 2.030E-02 4.781E-01  3 1.660E-05 3.661E+01  4 3.037E-03 1.246E+01  6 3.520E-07 6.772E+01 10 7.859E-06 3.351E+01
12 6.805E-07 3.968E+01 13 2.126E-05 1.535E+01 15 5.258E-06 9.612E+01 16 6.456E-04 1.164E+00 19 1.460E-05 7.873E+01
20 2.442E-04 1.755E+01 23 1.209E-02 3.476E-01 24 1.743E-05 2.624E+00 26 3.323E-03 4.872E-01 27 7.166E-04 5.200E-01
194  17
 2 2.045E-02 6.375E-01  3 3.237E-06 3.428E+01  4 2.663E-03 1.355E+01  8 7.561E-07 1.000E+02 10 7.819E-06 3.568E+01
11 1.448E-08 1.000E+02 12 8.341E-07 4.180E+01 13 1.759E-05 1.721E+01 15 7.370E-08 1.000E+02 16 6.617E-04 1.355E+00
17 3.070E-06 7.957E+01 19 4.671E-05 6.293E+01 20 3.329E-04 1.854E+01 23 1.202E-02 3.784E-01 24 1.618E-05 3.607E+00
26 3.307E-03 4.319E-01 27 7.118E-04 4.578E-01
195  14
 2 2.045E-02 5.478E-01  3 6.905E-06 4.086E+01  4 1.768E-03 1.349E+01 10 6.330E-06 5.191E+01 12 4.813E-07 3.782E+01
13 1.660E-05 1.373E+01 16 6.545E-04 9.772E-01 17 7.056E-08 1.000E+02 19 2.265E-05 9.672E+01 20 2.466E-04 3.169E+01
23 1.189E-02 4.135E-01 24 1.471E-05 2.710E+00 26 3.262E-03 5.650E-01 27 7.017E-04 6.301E-01
196  17
 1 1.232E-06 1.000E+02  2 2.021E-02 6.064E-01  3 6.377E-06 3.944E+01  4 1.781E-03 1.660E+01  6 9.118E-07 1.000E+02
 7 2.900E-08 1.000E+02 10 1.900E-06 4.342E+01 12 1.035E-06 5.641E+01 13 1.256E-05 1.015E+01 16 6.604E-04 9.891E-01
17 1.599E-06 1.000E+02 19 1.128E-06 1.000E+02 20 2.439E-04 2.250E+01 23 1.185E-02 4.277E-01 24 1.394E-05 3.159E+00
26 3.289E-03 4.799E-01 27 7.101E-04 5.708E-01
197  16
 2 1.975E-02 4.696E-01  3 6.584E-06 3.948E+01  4 1.278E-03 1.494E+01  6 3.215E-06 9.973E+01  7 1.209E-07 1.000E+02
 8 7.865E-07 1.000E+02  9 2.276E-08 1.000E+02 10 5.274E-06 3.293E+01 12 1.590E-07 8.502E+01 13 1.242E-05 1.338E+01
16 6.686E-04 1.127E+00 20 1.965E-04 2.627E+01 23 1.169E-02 3.384E-01 24 1.156E-05 3.508E+00 26 3.270E-03 3.785E-01
27 7.042E-04 3.919E-01
198  16
 2 1.880E-02 6.531E-01  3 1.774E-06 4.967E+01  4 1.238E-03 1.732E+01  6 9.908E-07 9.682E+01  7 2.771E-09 1.000E+02
10 2.639E-06 7.141E+01 12 1.492E-07 7.368E+01 13 1.305E-05 1.647E+01 16 6.766E-04 1.387E+00 17 3.462E-06 7.033E+01
19 1.833E-06 1.000E+02 20 2.367E-04 3.071E+01 23 1.145E-02 3.743E-01 24 1.068E-05 4.599E+00 26 3.264E-03 4.223E-01
27 7.043E-04 4.619E-01
199  18
 2 1.783E-02 5.371E-01  3 6.914E-07 6.398E+01  4 7.723E-04 2.264E+01  6 2.276E-06 9.864E+01  7 1.155E-08 1.000E+02
 8 2.117E-08 1.000E+02 10 4.494E-06 4.336E+01 11 1.644E-06 9.979E+01 12 1.076E-06 4.807E+01 13 9.417E-06 1.773E+01
16 7.118E-04 1.190E+00 17 2.955E-06 5.913E+01 19 1.369E-05 8.149E+01 20 2.219E-04 2.664E+01 23 1.123E-02 3.547E-01
24 8.740E-06 4.632E+00 26 3.270E-03 4.909E-01 27 7.077E-04 5.532E-01
200  15
 2 1.679E-02 5.072E-01  3 5.348E-06 5.437E+01  4 7.761E-04 3.233E+01 10 1.236E-06 5.502E+01 11 7.504E-08 1.000E+02
12 7.144E-07 6.576E+01 13 8.951E-06 1.845E+01 16 7.162E-04 1.065E+00 17 5.638E-07 8.040E+01 19 1.130E-05 1.000E+02
20 1.122E-04 4.093E+01 23 1.105E-02 3.579E-01 24 7.536E-06 6.586E+00 26 3.304E-03 4.420E-01 27 7.158E-04 4.376E-01
201  14
 2 1.519E-02 6.249E-01  3 1.586E-06 6.387E+01  4 4.542E-04 2.283E+01 10 2.232E-06 5.530E+01 12 4.103E-07 7.302E+01
13 6.610E-06 1.657E+01 15 6.528E-07 1.000E+02 16 7.415E-04 6.527E-01 19 7.389E-06 1.000E+02 20 6.904E-05 3.338E+01
23 1.069E-02 3.943E-01 24 6.619E-06 4.752E+00 26 3.314E-03 4.586E-01 27 7.237E-04 4.758E-01
202  15
 2 1.356E-02 6.651E-01  3 3.571E-06 5.114E+01  4 8.572E-04 1.950E+01 10 1.841E-06 5.750E+01 11 5.683E-07 7.081E+01
12 2.646E-07 6.483E+01 13 6.482E-06 2.222E+01 15 4.535E-07 1.000E+02 16 7.812E-04 9.555E-01 19 2.138E-06 1.000E+02
20 1.416E-04 3.806E+01 23 1.047E-02 3.942E-01 24 5.579E-06 4.787E+00 26 3.387E-03 4.533E-01 27 7.440E-04 4.866E-01
203  14
 2 1.149E-02 5.759E-01  3 1.796E-06 5.082E+01  4 2.651E-04 3.773E+01  6 8.794E-07 1.000E+02 10 6.421E-07 9.747E+01
12 1.168E-07 7.228E+01 13 4.900E-06 2.246E+01 16 8.213E-04 8.264E-01 19 4.288E-06 1.000E+02 20 8.071E-05 4.085E+01
23 1.007E-02 3.344E-01 24 4.421E-06 5.645E+00 26 3.407E-03 3.770E-01 27 7.520E-04 4.020E-01
204  13
 2 9.015E-03 6.585E-01  3 8.491E-07 5.841E+01  4 3.276E-04 3.378E+01 10 7.795E-07 5.712E+01 12 1.219E-06 4.867E+01
13 5.290E-06 2.091E+01 16 8.739E-04 1.062E+00 19 7.885E-06 1.000E+02 20 1.193E-04 2.014E+01 23 9.557E-03 3.364E-01
24 3.950E-06 6.096E+00 26 3.424E-03 3.728E-01 27 7.631E-04 4.419E-01
205  16
 2 6.049E-03 9.448E-01  3 1.201E-06 7.482E+01  4 3.114E-04 2.735E+01  6 5.588E-08 1.000E+02 10 1.298E-06 4.236E+01
11 3.966E-07 1.000E+02 12 3.823E-07 7.854E+01 13 4.330E-06 2.366E+01 16 9.416E-04 7.254E-01 17 3.106E-06 1.000E+02
19 8.059E-06 7.009E+01 20 5.352E-05 2.791E+01 23 8.903E-03 3.572E-01 24 3.990E-06 5.998E+00 26 3.418E-03 3.691E-01
27 7.728E-04 3.758E-01
206  13
 2 3.614E-03 9.198E-01  3 1.467E-07 1.000E+02  4 3.210E-04 3.117E+01 10 1.096E-06 8.477E+01 12 3.200E-09 8.065E+01
13 2.987E-06 3.121E+01 16 1.052E-03 8.029E-01 19 5.529E-06 1.000E+02 20 6.669E-05 2.807E+01 23 7.653E-03 3.131E-01
24 2.604E-06 7.451E+00 26 2.985E-03 3.734E-01 27 6.818E-04 3.859E-01
207  16
 2 2.274E-03 1.145E+00  3 1.624E-07 6.969E+01  4 9.700E-05 3.691E+01  6 7.310E-07 1.000E+02  7 1.012E-07 7.683E+01
 8 8.497E-08 1.000E+02 10 5.694E-07 8.979E+01 12 1.315E-07 4.719E+01 13 1.193E-06 2.742E+01 16 1.260E-03 7.021E-01
19 2.317E-05 1.000E+02 20 2.180E-05 3.634E+01 23 5.123E-03 3.865E-01 24 1.584E-06 6.641E+00 26 1.666E-03 4.425E-01
27 3.656E-04 5.113E-01
208  11
 2 8.786E-04 1.326E+00  4 6.906E-05 6.704E+01 10 3.923E-08 7.041E+01 13 9.089E-07 2.873E+01 16 1.277E-03 4.198E-01
19 9.711E-07 1.000E+02 20 1.875E-05 4.578E+01 23 1.773E-03 5.133E-01 24 5.183E-07 8.471E+00 26 3.108E-04 9.452E-01
27 6.100E-05 1.054E+00