
    ORGAN DOSE CONVERSION FACTORS FOR AN ADULT HERMAPHRODITE
    CALCULATED FOR A VARIETY OF CT SCANNERS AND CONDITIONS.
    VALUES ARE GIVEN FOR 208 5 MM SLICES SPANNING THE BODY
    FROM 100 MM BELOW THE BOTTOM OF THE TRUNK TO THE TOP OF THE HEAD.

                     ORGANS OR REGIONS
 1 ADRENALS              10 HEART                  19 THYMUS                   
 2 BRAIN                 11 KIDNEYS                20 THYROID                  
 3 BREASTS               12 LIVER                  21 URINARY BLADDER          
 4 EYE LENSES            13 LUNGS                  22 UTERUS                   
 5 GALL BLADDER          14 OVARIES                23 HEAD REGION              
 6 STOMACH               15 PANCREAS               24 TRUNK REGION             
 7 SMALL INTESTINE       16 SKIN                   25 LEG REGION               
 8 UPPER LARGE INTESTINE 17 SPLEEN                 26 SKELETON                 
 9 LOWER LARGE INTESTINE 18 TESTICLES              27 RED MARROW               

 07 GE CT 8800,9000I/II/HP: SHAPED FILTER (PMMA) FOR BODY IRRADIATION
    FOCUS TO AXIS DISTANCE IS 780 MM
    FAN ANGLE COVERS FULL WIDTH OF TRUNK
    X-RAY SPECTRUM HAS MAXIMUM ENERGY OF 120 KEV
    INITIAL FILTRATION IS 2.7 MM OF ALUMINIUM

    CONVERSION FACTORS AND STATISTICAL UNCERTAINTIES(%) FOR ORGANS IN EACH SLICE
  1  17
 5 8.910E-07 1.000E+02  6 1.994E-07 1.000E+02  7 2.119E-05 2.365E+01  8 1.386E-05 3.999E+01  9 3.101E-04 9.492E+00
10 7.543E-08 1.000E+02 11 9.076E-07 1.000E+02 12 5.933E-07 4.889E+01 14 1.313E-06 1.000E+02 16 1.422E-03 8.427E-01
18 1.793E-03 8.772E+00 21 3.409E-04 1.694E+01 22 1.040E-04 2.469E+01 24 6.991E-05 1.860E+00 25 4.388E-03 4.364E-01
26 2.357E-03 8.576E-01 27 2.199E-04 1.461E+00
  2  18
 3 7.108E-07 9.266E+01  6 1.771E-06 6.884E+01  7 2.715E-05 1.927E+01  8 2.425E-05 2.851E+01  9 3.281E-04 7.618E+00
11 7.424E-08 9.051E+01 12 1.261E-07 8.220E+01 14 3.817E-05 9.468E+01 15 4.365E-08 1.000E+02 16 1.400E-03 1.272E+00
17 2.687E-06 1.000E+02 18 1.969E-03 9.455E+00 21 3.221E-04 1.138E+01 22 4.682E-05 1.983E+01 24 8.051E-05 2.132E+00
25 4.368E-03 4.437E-01 26 2.354E-03 7.492E-01 27 2.338E-04 1.185E+00
  3  18
 3 2.184E-06 1.000E+02  5 2.032E-06 1.000E+02  6 1.021E-06 7.821E+01  7 2.336E-05 1.672E+01  8 1.927E-05 2.329E+01
 9 3.921E-04 7.775E+00 12 1.205E-06 5.429E+01 14 3.494E-05 9.621E+01 15 3.685E-08 1.000E+02 16 1.383E-03 9.967E-01
17 2.958E-06 7.219E+01 18 2.262E-03 1.118E+01 21 3.367E-04 1.776E+01 22 1.382E-04 2.153E+01 24 8.819E-05 1.847E+00
25 4.378E-03 4.418E-01 26 2.379E-03 7.919E-01 27 2.436E-04 8.800E-01
  4  17
 6 3.163E-06 9.847E+01  7 2.121E-05 1.260E+01  8 1.466E-05 2.615E+01  9 4.766E-04 8.044E+00 11 7.307E-07 6.927E+01
12 1.988E-06 3.882E+01 13 1.727E-07 7.213E+01 14 5.597E-06 1.000E+02 15 1.343E-06 1.000E+02 16 1.390E-03 1.668E+00
18 2.455E-03 8.218E+00 21 3.472E-04 1.266E+01 22 1.060E-04 2.836E+01 24 9.799E-05 1.771E+00 25 4.366E-03 4.679E-01
26 2.322E-03 8.564E-01 27 2.492E-04 1.423E+00
  5  18
 3 6.361E-08 5.629E+01  6 1.361E-07 1.000E+02  7 3.861E-05 1.442E+01  8 2.585E-05 1.956E+01  9 5.280E-04 9.146E+00
11 9.129E-06 5.486E+01 12 1.064E-06 5.821E+01 13 8.194E-08 1.000E+02 14 1.671E-04 5.034E+01 15 3.145E-06 1.000E+02
16 1.372E-03 1.170E+00 18 2.677E-03 4.998E+00 21 5.559E-04 1.311E+01 22 1.496E-04 2.117E+01 24 1.105E-04 1.634E+00
25 4.361E-03 4.282E-01 26 2.337E-03 1.057E+00 27 2.561E-04 1.656E+00
  6  18
 3 7.866E-07 1.000E+02  6 2.798E-07 8.817E+01  7 3.425E-05 1.149E+01  8 3.042E-05 2.174E+01  9 5.481E-04 9.880E+00
11 4.434E-06 7.349E+01 12 1.494E-06 3.686E+01 13 2.430E-07 6.813E+01 14 9.764E-05 5.625E+01 16 1.409E-03 9.144E-01
17 1.991E-06 5.726E+01 18 2.928E-03 5.719E+00 21 4.802E-04 1.114E+01 22 1.974E-04 2.952E+01 24 1.217E-04 1.630E+00
25 4.346E-03 3.773E-01 26 2.315E-03 7.868E-01 27 2.672E-04 1.023E+00
  7  19
 3 5.528E-06 8.959E+01  6 1.194E-07 6.907E+01  7 4.250E-05 1.331E+01  8 2.959E-05 2.356E+01  9 6.494E-04 6.838E+00
11 2.689E-06 5.943E+01 12 2.408E-06 3.938E+01 13 3.431E-08 1.000E+02 14 1.232E-04 4.418E+01 15 1.191E-06 9.301E+01
16 1.393E-03 1.084E+00 17 8.273E-06 7.523E+01 18 3.179E-03 5.953E+00 21 5.933E-04 1.354E+01 22 1.095E-04 3.076E+01
24 1.333E-04 2.055E+00 25 4.345E-03 3.554E-01 26 2.329E-03 6.477E-01 27 2.719E-04 1.367E+00
  8  18
 3 1.786E-06 1.000E+02  5 1.148E-06 6.961E+01  6 3.713E-06 9.707E+01  7 4.308E-05 1.211E+01  8 4.020E-05 2.843E+01
 9 7.640E-04 6.189E+00 11 1.898E-07 9.634E+01 12 6.170E-07 5.238E+01 13 8.071E-09 1.000E+02 14 4.501E-05 5.473E+01
16 1.423E-03 1.318E+00 18 3.151E-03 5.452E+00 21 6.804E-04 1.169E+01 22 1.907E-04 1.566E+01 24 1.573E-04 2.088E+00
25 4.340E-03 3.771E-01 26 2.296E-03 6.728E-01 27 2.853E-04 1.190E+00
  9  18
 3 2.798E-06 5.332E+01  6 1.119E-06 8.928E+01  7 5.623E-05 1.309E+01  8 4.999E-05 2.265E+01  9 8.081E-04 7.287E+00
11 2.190E-06 8.171E+01 12 2.891E-06 4.400E+01 13 1.226E-06 6.401E+01 14 2.301E-04 4.357E+01 16 1.407E-03 1.296E+00
17 1.168E-08 1.000E+02 18 3.762E-03 6.222E+00 21 6.162E-04 9.493E+00 22 1.923E-04 1.981E+01 24 1.758E-04 1.326E+00
25 4.324E-03 3.537E-01 26 2.264E-03 7.530E-01 27 2.936E-04 1.415E+00
 10  20
 3 6.213E-06 9.902E+01  5 2.670E-05 1.000E+02  6 1.795E-06 6.448E+01  7 4.559E-05 1.328E+01  8 2.977E-05 2.198E+01
 9 8.392E-04 5.777E+00 11 5.552E-06 5.440E+01 12 3.156E-06 2.665E+01 13 3.329E-07 1.000E+02 14 1.758E-04 5.081E+01
15 2.658E-06 1.000E+02 16 1.373E-03 1.205E+00 17 7.547E-07 1.000E+02 18 3.621E-03 6.011E+00 21 7.409E-04 8.739E+00
22 2.255E-04 2.411E+01 24 1.947E-04 1.208E+00 25 4.306E-03 4.010E-01 26 2.282E-03 7.555E-01 27 3.081E-04 9.579E-01
 11  20
 3 1.177E-06 7.802E+01  6 1.131E-06 4.754E+01  7 4.367E-05 1.142E+01  8 3.225E-05 2.487E+01  9 1.029E-03 3.528E+00
10 5.162E-07 7.494E+01 11 3.069E-06 7.839E+01 12 2.721E-06 3.507E+01 13 2.118E-07 6.889E+01 14 1.163E-04 4.926E+01
15 3.946E-06 6.180E+01 16 1.870E-03 1.130E+00 17 2.345E-06 6.957E+01 18 7.327E-03 6.561E+00 21 7.466E-04 1.121E+01
22 2.665E-04 1.107E+01 24 2.169E-04 1.516E+00 25 4.226E-03 3.732E-01 26 2.178E-03 8.640E-01 27 3.060E-04 1.779E+00
 12  21
 1 1.178E-05 9.589E+01  3 5.650E-07 9.611E+01  5 2.993E-06 1.000E+02  6 4.846E-06 4.993E+01  7 7.001E-05 1.196E+01
 8 7.159E-05 2.044E+01  9 1.024E-03 9.280E+00 11 3.794E-06 5.211E+01 12 3.515E-06 3.739E+01 13 2.337E-07 1.000E+02
14 3.302E-04 3.359E+01 15 1.787E-06 1.000E+02 16 1.506E-03 1.071E+00 17 2.823E-06 7.755E+01 18 1.827E-02 3.338E+00
21 1.046E-03 8.408E+00 22 2.363E-04 1.554E+01 24 2.468E-04 1.239E+00 25 4.145E-03 3.709E-01 26 2.107E-03 7.861E-01
27 3.185E-04 1.193E+00
 13  20
 3 2.612E-06 1.000E+02  6 2.731E-06 4.730E+01  7 7.222E-05 9.662E+00  8 4.249E-05 2.050E+01  9 1.379E-03 4.026E+00
10 7.117E-07 1.000E+02 11 1.701E-06 5.266E+01 12 4.345E-06 3.548E+01 13 9.867E-08 6.152E+01 14 2.822E-04 3.801E+01
15 1.605E-05 7.731E+01 16 1.492E-03 1.216E+00 17 1.683E-07 5.596E+01 18 3.121E-02 3.142E+00 21 1.061E-03 7.773E+00
22 3.153E-04 1.190E+01 24 2.719E-04 1.140E+00 25 4.127E-03 4.043E-01 26 2.079E-03 8.756E-01 27 3.206E-04 1.318E+00
 14  19
 3 1.049E-05 5.837E+01  5 1.014E-05 1.000E+02  6 2.540E-06 7.778E+01  7 9.175E-05 8.894E+00  8 8.194E-05 1.629E+01
 9 1.408E-03 4.617E+00 11 4.859E-06 5.313E+01 12 5.246E-06 3.157E+01 13 3.889E-07 9.700E+01 14 1.645E-04 4.445E+01
16 1.482E-03 1.360E+00 17 5.741E-07 1.000E+02 18 3.930E-02 2.409E+00 21 1.032E-03 8.873E+00 22 3.294E-04 1.113E+01
24 3.174E-04 1.001E+00 25 4.089E-03 4.467E-01 26 2.027E-03 6.938E-01 27 3.349E-04 1.087E+00
 15  20
 3 3.509E-06 4.524E+01  6 3.684E-06 4.280E+01  7 8.778E-05 1.041E+01  8 7.047E-05 1.635E+01  9 1.702E-03 3.157E+00
10 7.071E-08 1.000E+02 11 8.652E-06 4.734E+01 12 3.848E-06 4.378E+01 13 1.101E-06 6.184E+01 14 1.548E-04 3.480E+01
15 2.639E-06 6.020E+01 16 1.487E-03 1.157E+00 17 2.664E-06 8.472E+01 18 4.711E-02 2.718E+00 21 1.368E-03 9.221E+00
22 3.119E-04 1.752E+01 24 3.551E-04 1.029E+00 25 4.024E-03 3.807E-01 26 2.007E-03 9.728E-01 27 3.512E-04 1.427E+00
 16  21
 3 2.919E-06 6.177E+01  5 3.880E-05 6.568E+01  6 2.291E-07 1.000E+02  7 8.666E-05 8.342E+00  8 5.224E-05 1.534E+01
 9 1.804E-03 4.598E+00 10 3.110E-07 1.000E+02 11 1.319E-06 5.184E+01 12 4.823E-06 3.919E+01 13 1.491E-07 5.911E+01
14 2.206E-04 2.954E+01 15 2.893E-06 6.756E+01 16 1.453E-03 9.768E-01 17 1.565E-07 1.000E+02 18 4.699E-02 1.566E+00
21 1.532E-03 8.667E+00 22 4.800E-04 1.310E+01 24 4.003E-04 8.974E-01 25 3.926E-03 4.689E-01 26 1.956E-03 1.056E+00
27 3.634E-04 1.485E+00
 17  19
 3 8.874E-06 4.203E+01  6 4.028E-06 6.812E+01  7 9.984E-05 6.317E+00  8 7.151E-05 1.840E+01  9 1.910E-03 4.063E+00
10 8.509E-07 7.067E+01 11 5.934E-06 4.188E+01 12 5.927E-06 3.419E+01 13 2.318E-07 9.731E+01 14 1.474E-04 3.345E+01
16 1.468E-03 1.061E+00 17 1.044E-07 1.000E+02 18 4.481E-02 2.269E+00 21 1.560E-03 7.392E+00 22 4.693E-04 1.337E+01
24 4.529E-04 5.755E-01 25 3.816E-03 4.114E-01 26 1.930E-03 6.494E-01 27 3.941E-04 1.320E+00
 18  21
 3 2.676E-06 4.970E+01  5 3.835E-05 1.000E+02  6 1.124E-05 5.072E+01  7 1.020E-04 8.467E+00  8 1.040E-04 1.838E+01
 9 2.425E-03 4.066E+00 10 3.500E-07 8.869E+01 11 4.597E-06 5.217E+01 12 4.248E-06 3.053E+01 13 2.953E-07 9.322E+01
14 4.526E-04 4.225E+01 15 5.418E-06 8.684E+01 16 1.433E-03 1.222E+00 17 1.069E-06 7.866E+01 18 3.782E-02 2.524E+00
21 1.708E-03 7.623E+00 22 5.446E-04 1.065E+01 24 5.313E-04 6.722E-01 25 3.660E-03 3.935E-01 26 1.874E-03 6.020E-01
27 4.141E-04 1.175E+00
 19  21
 3 1.389E-05 6.096E+01  5 2.959E-05 8.102E+01  6 1.142E-05 3.635E+01  7 1.356E-04 7.601E+00  8 9.855E-05 1.326E+01
 9 2.563E-03 3.602E+00 10 1.729E-07 1.000E+02 11 6.819E-06 3.217E+01 12 5.401E-06 2.227E+01 13 2.950E-07 1.000E+02
14 5.464E-04 4.411E+01 15 3.081E-06 8.787E+01 16 1.406E-03 1.353E+00 17 3.183E-06 6.682E+01 18 3.048E-02 2.462E+00
21 2.352E-03 6.520E+00 22 6.408E-04 1.358E+01 24 6.060E-04 7.564E-01 25 3.481E-03 3.642E-01 26 1.774E-03 9.400E-01
27 4.381E-04 1.375E+00
 20  21
 3 3.397E-06 5.675E+01  5 3.162E-06 7.695E+01  6 7.744E-06 4.496E+01  7 1.486E-04 8.339E+00  8 1.112E-04 1.451E+01
 9 3.143E-03 3.369E+00 10 1.344E-07 1.000E+02 11 5.499E-06 3.706E+01 12 8.916E-06 3.486E+01 13 9.509E-07 4.772E+01
14 4.013E-04 3.514E+01 15 5.090E-06 5.245E+01 16 1.407E-03 1.454E+00 17 1.705E-05 5.715E+01 18 1.539E-02 2.982E+00
21 2.607E-03 7.759E+00 22 5.399E-04 1.326E+01 24 7.285E-04 8.523E-01 25 3.240E-03 4.320E-01 26 1.752E-03 7.963E-01
27 4.966E-04 1.150E+00
 21  21
 3 3.502E-06 8.725E+01  5 3.582E-05 1.000E+02  6 2.021E-05 3.563E+01  7 1.656E-04 7.329E+00  8 1.366E-04 1.230E+01
 9 4.471E-03 4.473E+00 10 1.374E-06 1.000E+02 11 6.258E-06 3.373E+01 12 6.811E-06 2.521E+01 13 5.172E-07 6.326E+01
14 5.646E-04 2.760E+01 15 6.978E-07 9.580E+01 16 1.167E-03 1.205E+00 17 3.187E-06 6.380E+01 18 8.199E-03 3.547E+00
21 2.539E-03 6.247E+00 22 6.522E-04 9.921E+00 24 1.639E-03 4.996E-01 25 1.496E-03 9.149E-01 26 1.558E-03 6.736E-01
27 7.448E-04 1.479E+00
 22  21
 3 2.976E-06 6.992E+01  5 1.350E-05 1.000E+02  6 1.554E-05 3.309E+01  7 1.999E-04 7.151E+00  8 1.496E-04 1.344E+01
 9 4.743E-03 3.986E+00 10 2.911E-07 8.052E+01 11 1.532E-05 3.050E+01 12 7.054E-06 2.060E+01 13 4.853E-07 7.807E+01
14 4.531E-04 3.506E+01 15 1.028E-05 3.896E+01 16 1.130E-03 1.264E+00 17 6.842E-06 3.908E+01 18 7.044E-03 4.448E+00
21 3.169E-03 6.603E+00 22 9.505E-04 8.399E+00 24 1.791E-03 4.223E-01 25 1.263E-03 7.822E-01 26 1.526E-03 1.075E+00
27 8.148E-04 1.745E+00
 23  19
 3 2.519E-06 7.380E+01  6 1.272E-05 3.943E+01  7 2.254E-04 5.702E+00  8 1.620E-04 1.005E+01  9 5.442E-03 3.145E+00
10 2.298E-06 9.844E+01 11 1.502E-05 3.171E+01 12 5.749E-06 2.157E+01 13 6.043E-08 1.000E+02 14 2.642E-04 2.989E+01
15 1.951E-06 5.843E+01 16 1.111E-03 1.083E+00 18 5.115E-03 4.483E+00 21 3.218E-03 6.228E+00 22 7.414E-04 8.496E+00
24 1.874E-03 3.945E-01 25 1.085E-03 5.846E-01 26 1.453E-03 1.039E+00 27 8.138E-04 1.365E+00
 24  22
 3 8.579E-07 9.049E+01  5 7.273E-06 7.553E+01  6 7.746E-06 4.833E+01  7 2.204E-04 5.526E+00  8 1.924E-04 8.434E+00
 9 6.565E-03 2.527E+00 10 2.384E-07 6.784E+01 11 2.100E-05 2.780E+01 12 5.961E-06 2.431E+01 13 2.310E-08 6.378E+01
14 9.445E-04 2.086E+01 15 8.873E-06 5.150E+01 16 1.065E-03 1.576E+00 17 1.024E-05 5.094E+01 18 4.976E-03 6.365E+00
21 3.408E-03 4.032E+00 22 1.238E-03 8.848E+00 23 1.974E-07 1.000E+02 24 1.930E-03 4.047E-01 25 9.538E-04 7.699E-01
26 1.434E-03 1.012E+00 27 8.794E-04 1.288E+00
 25  21
 3 9.728E-07 9.626E+01  5 8.623E-06 8.095E+01  6 2.179E-05 4.154E+01  7 2.650E-04 5.221E+00  8 2.114E-04 1.125E+01
 9 6.882E-03 2.365E+00 10 8.555E-07 9.774E+01 11 1.837E-05 3.823E+01 12 1.252E-05 2.018E+01 13 1.926E-06 5.819E+01
14 1.134E-03 2.027E+01 15 2.058E-05 5.367E+01 16 1.084E-03 1.474E+00 17 2.249E-05 3.332E+01 18 4.390E-03 5.916E+00
21 4.284E-03 4.512E+00 22 1.270E-03 7.003E+00 24 2.004E-03 3.912E-01 25 8.550E-04 8.492E-01 26 1.396E-03 1.057E+00
27 8.773E-04 1.394E+00
 26  21
 3 2.232E-06 9.595E+01  5 3.888E-05 1.000E+02  6 1.820E-05 2.579E+01  7 2.993E-04 6.180E+00  8 2.653E-04 1.029E+01
 9 7.132E-03 2.878E+00 10 6.707E-07 1.000E+02 11 1.693E-05 2.763E+01 12 1.221E-05 2.548E+01 13 7.183E-07 6.189E+01
14 8.883E-04 3.679E+01 15 1.002E-05 7.597E+01 16 1.085E-03 1.298E+00 17 1.068E-05 6.183E+01 18 3.436E-03 6.506E+00
21 4.799E-03 3.781E+00 22 1.316E-03 9.359E+00 24 2.063E-03 4.862E-01 25 7.387E-04 7.718E-01 26 1.381E-03 9.135E-01
27 9.268E-04 1.643E+00
 27  21
 3 1.371E-06 8.354E+01  5 1.574E-05 9.854E+01  6 3.243E-05 3.042E+01  7 3.184E-04 5.188E+00  8 2.034E-04 8.350E+00
 9 7.210E-03 1.925E+00 10 1.922E-06 9.696E+01 11 2.418E-05 1.973E+01 12 1.414E-05 1.651E+01 13 2.752E-06 3.995E+01
14 8.272E-04 2.530E+01 15 1.661E-05 7.645E+01 16 1.057E-03 1.273E+00 17 8.024E-06 4.209E+01 18 3.480E-03 6.094E+00
21 5.119E-03 3.730E+00 22 1.676E-03 8.147E+00 24 2.098E-03 4.392E-01 25 6.460E-04 1.015E+00 26 1.336E-03 9.266E-01
27 9.524E-04 1.513E+00
 28  21
 3 7.108E-06 5.885E+01  5 1.888E-05 8.290E+01  6 9.627E-06 3.504E+01  7 3.462E-04 5.995E+00  8 2.617E-04 7.617E+00
 9 7.222E-03 2.425E+00 10 3.052E-06 4.596E+01 11 1.305E-05 3.074E+01 12 1.252E-05 1.690E+01 13 4.882E-07 5.606E+01
14 1.291E-03 2.688E+01 15 1.057E-05 3.750E+01 16 1.050E-03 1.205E+00 17 1.633E-05 5.044E+01 18 2.535E-03 4.703E+00
21 6.107E-03 4.942E+00 22 1.856E-03 6.446E+00 24 2.118E-03 3.533E-01 25 5.824E-04 1.050E+00 26 1.294E-03 8.678E-01
27 9.072E-04 9.528E-01
 29  22
 1 4.306E-06 1.000E+02  3 6.562E-06 7.398E+01  5 6.555E-06 8.604E+01  6 2.598E-05 4.040E+01  7 3.708E-04 4.988E+00
 8 3.014E-04 6.796E+00  9 7.151E-03 2.517E+00 10 2.925E-06 6.650E+01 11 2.276E-05 2.466E+01 12 1.278E-05 1.734E+01
13 2.864E-06 4.084E+01 14 1.432E-03 2.111E+01 15 1.107E-05 5.406E+01 16 1.042E-03 1.268E+00 17 1.104E-05 6.313E+01
18 2.393E-03 6.365E+00 21 8.073E-03 3.320E+00 22 1.891E-03 7.070E+00 24 2.174E-03 4.164E-01 25 5.239E-04 1.003E+00
26 1.309E-03 1.002E+00 27 9.668E-04 1.384E+00
 30  22
 1 3.942E-07 1.000E+02  3 2.668E-06 4.958E+01  5 1.140E-04 7.756E+01  6 3.097E-05 2.743E+01  7 4.248E-04 4.728E+00
 8 3.575E-04 6.645E+00  9 6.241E-03 1.905E+00 10 1.251E-06 4.724E+01 11 3.253E-05 1.731E+01 12 1.898E-05 1.165E+01
13 3.265E-06 4.561E+01 14 1.481E-03 2.097E+01 15 4.163E-06 5.297E+01 16 1.058E-03 1.153E+00 17 1.024E-05 4.296E+01
18 2.338E-03 6.473E+00 21 1.341E-02 4.001E+00 22 2.070E-03 8.284E+00 24 2.198E-03 3.804E-01 25 4.620E-04 9.299E-01
26 1.267E-03 1.065E+00 27 9.457E-04 1.223E+00
 31  22
 1 2.394E-06 6.899E+01  3 1.177E-06 1.000E+02  5 1.171E-04 7.086E+01  6 2.660E-05 2.644E+01  7 4.505E-04 3.108E+00
 8 3.798E-04 6.600E+00  9 5.622E-03 3.349E+00 10 3.801E-06 5.768E+01 11 2.816E-05 2.335E+01 12 1.758E-05 1.296E+01
13 2.695E-07 5.645E+01 14 1.828E-03 1.669E+01 15 2.211E-05 3.659E+01 16 1.046E-03 1.565E+00 17 1.242E-05 3.990E+01
18 1.881E-03 8.464E+00 21 1.729E-02 3.329E+00 22 2.147E-03 5.426E+00 24 2.220E-03 3.702E-01 25 4.122E-04 1.315E+00
26 1.266E-03 1.025E+00 27 9.728E-04 1.162E+00
 32  22
 1 9.608E-05 1.000E+02  3 8.374E-07 6.350E+01  5 2.300E-05 7.839E+01  6 3.437E-05 2.371E+01  7 5.089E-04 3.555E+00
 8 3.989E-04 6.894E+00  9 5.358E-03 2.909E+00 10 5.478E-06 5.071E+01 11 2.123E-05 2.290E+01 12 1.539E-05 1.622E+01
13 1.039E-06 4.975E+01 14 1.816E-03 1.532E+01 15 2.255E-05 5.422E+01 16 1.003E-03 1.244E+00 17 9.260E-06 4.225E+01
18 1.742E-03 1.043E+01 21 1.825E-02 2.855E+00 22 2.636E-03 6.671E+00 24 2.265E-03 3.657E-01 25 3.736E-04 1.396E+00
26 1.289E-03 7.409E-01 27 1.028E-03 9.713E-01
 33  22
 1 6.404E-07 1.000E+02  3 2.791E-06 4.893E+01  5 5.822E-05 5.933E+01  6 2.333E-05 2.313E+01  7 6.054E-04 3.805E+00
 8 4.580E-04 7.933E+00  9 5.414E-03 2.814E+00 10 2.773E-06 5.554E+01 11 4.887E-05 2.509E+01 12 2.268E-05 1.507E+01
13 9.070E-07 4.771E+01 14 2.294E-03 1.809E+01 15 1.728E-05 4.324E+01 16 9.793E-04 1.155E+00 17 2.338E-05 3.443E+01
18 1.636E-03 9.606E+00 21 1.910E-02 2.767E+00 22 2.454E-03 5.725E+00 24 2.289E-03 4.044E-01 25 3.429E-04 1.492E+00
26 1.293E-03 8.108E-01 27 1.037E-03 1.230E+00
 34  22
 1 4.381E-05 7.270E+01  3 7.213E-06 6.295E+01  5 7.852E-05 7.710E+01  6 4.150E-05 2.973E+01  7 6.351E-04 2.600E+00
 8 4.868E-04 7.010E+00  9 5.152E-03 2.466E+00 10 1.466E-06 5.264E+01 11 3.012E-05 2.153E+01 12 2.429E-05 1.297E+01
13 1.721E-06 5.661E+01 14 2.678E-03 1.914E+01 15 2.201E-05 3.698E+01 16 1.017E-03 1.237E+00 17 1.827E-05 3.120E+01
18 1.209E-03 1.015E+01 21 1.903E-02 2.149E+00 22 3.173E-03 4.840E+00 24 2.296E-03 4.185E-01 25 2.857E-04 1.237E+00
26 1.249E-03 9.800E-01 27 1.037E-03 1.514E+00
 35  22
 1 1.315E-05 8.842E+01  3 6.878E-06 8.508E+01  5 5.438E-05 7.371E+01  6 3.608E-05 3.512E+01  7 6.905E-04 3.229E+00
 8 5.618E-04 5.709E+00  9 5.082E-03 2.622E+00 10 2.463E-06 7.530E+01 11 5.522E-05 1.555E+01 12 2.587E-05 1.284E+01
13 1.728E-06 4.483E+01 14 2.996E-03 1.394E+01 15 2.232E-05 3.742E+01 16 1.022E-03 1.271E+00 17 3.114E-05 2.182E+01
18 8.864E-04 1.428E+01 21 1.873E-02 3.139E+00 22 3.335E-03 6.790E+00 24 2.323E-03 3.775E-01 25 2.639E-04 1.814E+00
26 1.254E-03 7.761E-01 27 1.052E-03 1.176E+00
 36  22
 1 8.894E-07 1.000E+02  3 4.256E-06 5.836E+01  5 7.499E-05 5.723E+01  6 5.700E-05 1.626E+01  7 7.901E-04 2.533E+00
 8 6.392E-04 5.893E+00  9 5.094E-03 2.627E+00 10 4.835E-06 5.722E+01 11 4.425E-05 2.195E+01 12 3.196E-05 1.577E+01
13 1.704E-06 5.047E+01 14 2.838E-03 1.242E+01 15 2.560E-05 5.397E+01 16 9.948E-04 1.406E+00 17 1.597E-05 2.554E+01
18 1.201E-03 8.663E+00 21 1.902E-02 2.654E+00 22 3.828E-03 4.406E+00 24 2.311E-03 3.531E-01 25 2.362E-04 1.154E+00
26 1.237E-03 8.737E-01 27 1.048E-03 1.170E+00
 37  22
 1 2.698E-06 7.787E+01  3 3.610E-06 4.405E+01  5 7.054E-05 5.195E+01  6 5.767E-05 2.333E+01  7 9.153E-04 1.963E+00
 8 6.553E-04 3.760E+00  9 4.987E-03 3.517E+00 10 1.103E-06 6.400E+01 11 5.573E-05 2.072E+01 12 2.804E-05 1.350E+01
13 1.850E-06 4.350E+01 14 3.152E-03 1.059E+01 15 3.027E-05 3.030E+01 16 1.032E-03 1.828E+00 17 2.889E-05 2.361E+01
18 1.094E-03 1.242E+01 21 1.938E-02 2.459E+00 22 4.404E-03 4.885E+00 24 2.345E-03 3.653E-01 25 2.094E-04 1.592E+00
26 1.249E-03 6.572E-01 27 1.079E-03 8.597E-01
 38  23
 1 3.462E-05 6.605E+01  3 6.944E-06 4.112E+01  5 3.290E-04 4.523E+01  6 4.110E-05 1.999E+01  7 1.044E-03 3.274E+00
 8 8.457E-04 6.538E+00  9 5.108E-03 2.933E+00 10 4.619E-06 6.524E+01 11 6.882E-05 2.067E+01 12 4.893E-05 1.123E+01
13 3.389E-06 3.049E+01 14 4.303E-03 1.345E+01 15 1.367E-05 3.802E+01 16 1.005E-03 1.127E+00 17 2.747E-05 3.269E+01
18 1.045E-03 1.421E+01 21 2.023E-02 2.624E+00 22 5.104E-03 5.470E+00 23 5.740E-08 1.000E+02 24 2.380E-03 4.437E-01
25 1.954E-04 2.074E+00 26 1.250E-03 7.923E-01 27 1.070E-03 1.153E+00
 39  22
 1 3.895E-05 5.572E+01  3 2.649E-06 5.383E+01  5 2.018E-04 4.254E+01  6 7.687E-05 2.030E+01  7 1.093E-03 2.229E+00
 8 7.790E-04 4.602E+00  9 4.900E-03 3.492E+00 10 9.137E-06 4.465E+01 11 8.225E-05 1.318E+01 12 3.807E-05 8.913E+00
13 3.689E-06 3.697E+01 14 3.622E-03 1.277E+01 15 3.894E-05 4.195E+01 16 1.000E-03 1.745E+00 17 3.664E-05 3.707E+01
18 9.445E-04 1.436E+01 21 1.869E-02 2.842E+00 22 5.520E-03 3.926E+00 24 2.361E-03 4.382E-01 25 1.726E-04 1.841E+00
26 1.271E-03 9.684E-01 27 1.109E-03 1.485E+00
 40  23
 1 1.503E-05 6.510E+01  3 6.156E-06 5.442E+01  5 6.868E-05 5.848E+01  6 7.589E-05 1.826E+01  7 1.232E-03 2.784E+00
 8 1.022E-03 3.826E+00  9 4.844E-03 2.792E+00 10 4.409E-06 5.145E+01 11 8.680E-05 1.579E+01 12 4.462E-05 1.034E+01
13 3.314E-06 2.262E+01 14 4.881E-03 1.292E+01 15 4.630E-05 2.736E+01 16 1.009E-03 1.325E+00 17 2.193E-05 2.819E+01
18 8.124E-04 1.504E+01 19 1.002E-06 1.000E+02 21 1.927E-02 3.163E+00 22 5.952E-03 3.687E+00 24 2.375E-03 3.551E-01
25 1.569E-04 2.217E+00 26 1.256E-03 8.164E-01 27 1.105E-03 9.320E-01
 41  23
 1 6.129E-06 6.886E+01  3 3.992E-06 5.751E+01  5 1.242E-04 4.055E+01  6 1.192E-04 1.415E+01  7 1.362E-03 1.855E+00
 8 1.143E-03 5.614E+00  9 4.958E-03 3.048E+00 10 7.492E-06 3.118E+01 11 1.047E-04 1.557E+01 12 4.988E-05 1.223E+01
13 5.964E-06 3.585E+01 14 5.238E-03 1.072E+01 15 3.878E-05 2.424E+01 16 9.804E-04 1.368E+00 17 3.296E-05 4.089E+01
18 5.097E-04 1.462E+01 21 1.879E-02 3.114E+00 22 6.332E-03 3.857E+00 23 4.131E-08 8.526E+01 24 2.391E-03 4.458E-01
25 1.406E-04 2.840E+00 26 1.277E-03 9.773E-01 27 1.119E-03 1.090E+00
 42  22
 1 1.369E-05 8.349E+01  3 2.997E-06 5.168E+01  5 2.323E-04 3.710E+01  6 9.205E-05 1.671E+01  7 1.519E-03 2.643E+00
 8 1.223E-03 3.675E+00  9 4.809E-03 1.789E+00 10 1.482E-05 5.556E+01 11 1.036E-04 1.125E+01 12 5.254E-05 8.033E+00
13 1.869E-06 3.546E+01 14 4.717E-03 1.074E+01 15 4.829E-05 3.572E+01 16 9.875E-04 1.352E+00 17 5.605E-05 3.706E+01
18 6.070E-04 1.684E+01 21 1.838E-02 2.250E+00 22 7.277E-03 4.900E+00 24 2.394E-03 3.576E-01 25 1.265E-04 2.153E+00
26 1.296E-03 8.167E-01 27 1.157E-03 1.018E+00
 43  22
 1 6.172E-05 8.954E+01  3 6.829E-06 3.979E+01  5 2.656E-04 3.458E+01  6 9.447E-05 1.064E+01  7 1.734E-03 1.557E+00
 8 1.350E-03 4.254E+00  9 4.845E-03 3.561E+00 10 2.781E-06 5.242E+01 11 1.110E-04 1.563E+01 12 5.184E-05 9.039E+00
13 5.594E-06 3.278E+01 14 5.027E-03 7.907E+00 15 7.466E-05 3.777E+01 16 1.004E-03 1.309E+00 17 8.457E-05 2.297E+01
18 4.701E-04 1.300E+01 21 1.413E-02 2.904E+00 22 8.410E-03 4.346E+00 24 2.398E-03 4.105E-01 25 1.128E-04 2.613E+00
26 1.307E-03 9.568E-01 27 1.169E-03 1.268E+00
 44  23
 1 1.327E-05 8.717E+01  3 8.623E-06 5.103E+01  5 3.818E-04 3.185E+01  6 1.029E-04 1.407E+01  7 1.865E-03 2.553E+00
 8 1.531E-03 4.659E+00  9 4.869E-03 2.836E+00 10 9.679E-06 4.573E+01 11 1.402E-04 1.193E+01 12 6.833E-05 8.114E+00
13 1.035E-05 3.146E+01 14 6.054E-03 1.161E+01 15 6.371E-05 2.650E+01 16 9.999E-04 1.071E+00 17 6.405E-05 1.998E+01
18 3.161E-04 1.438E+01 21 8.081E-03 4.726E+00 22 9.766E-03 3.547E+00 23 5.889E-07 1.000E+02 24 2.434E-03 3.686E-01
25 1.027E-04 3.095E+00 26 1.350E-03 8.891E-01 27 1.217E-03 1.201E+00
 45  23
 1 6.908E-06 8.591E+01  3 8.251E-06 3.095E+01  5 3.261E-04 3.207E+01  6 1.122E-04 1.765E+01  7 2.041E-03 2.118E+00
 8 1.615E-03 2.426E+00  9 4.590E-03 2.770E+00 10 1.417E-05 3.096E+01 11 1.341E-04 1.164E+01 12 8.136E-05 8.765E+00
13 4.050E-06 2.485E+01 14 7.907E-03 9.020E+00 15 6.783E-05 2.135E+01 16 1.011E-03 1.506E+00 17 8.101E-05 2.938E+01
18 4.587E-04 1.514E+01 21 6.746E-03 4.714E+00 22 1.119E-02 3.299E+00 23 2.697E-09 1.000E+02 24 2.438E-03 3.506E-01
25 9.039E-05 2.089E+00 26 1.372E-03 1.002E+00 27 1.263E-03 1.090E+00
 46  24
 1 4.387E-05 8.363E+01  3 1.049E-05 3.347E+01  5 2.639E-04 1.867E+01  6 1.190E-04 1.763E+01  7 2.307E-03 1.552E+00
 8 1.902E-03 3.556E+00  9 4.994E-03 2.583E+00 10 1.073E-05 2.644E+01 11 1.494E-04 1.262E+01 12 8.383E-05 7.924E+00
13 6.660E-06 3.163E+01 14 7.897E-03 7.601E+00 15 7.626E-05 2.273E+01 16 9.733E-04 1.191E+00 17 8.630E-05 1.797E+01
18 2.598E-04 1.908E+01 20 4.110E-06 1.000E+02 21 5.827E-03 3.627E+00 22 1.906E-02 2.724E+00 23 5.449E-07 9.435E+01
24 2.424E-03 4.468E-01 25 8.020E-05 3.203E+00 26 1.387E-03 6.716E-01 27 1.287E-03 1.068E+00
 47  24
 1 4.424E-05 6.844E+01  2 5.013E-08 1.000E+02  3 1.291E-05 5.079E+01  5 2.515E-04 3.006E+01  6 1.795E-04 1.095E+01
 7 2.656E-03 1.756E+00  8 2.060E-03 2.568E+00  9 4.572E-03 2.334E+00 10 8.994E-06 4.139E+01 11 1.656E-04 1.397E+01
12 8.414E-05 8.075E+00 13 9.489E-06 2.568E+01 14 1.274E-02 6.607E+00 15 8.968E-05 1.932E+01 16 9.816E-04 1.177E+00
17 7.792E-05 2.234E+01 18 4.606E-04 1.519E+01 21 4.993E-03 4.607E+00 22 2.669E-02 2.817E+00 23 6.187E-07 8.770E+01
24 2.429E-03 3.372E-01 25 7.083E-05 2.371E+00 26 1.453E-03 9.057E-01 27 1.356E-03 1.243E+00
 48  23
 1 6.544E-05 7.811E+01  3 2.528E-06 4.434E+01  5 2.997E-04 2.834E+01  6 1.856E-04 1.200E+01  7 2.858E-03 1.933E+00
 8 2.490E-03 2.815E+00  9 4.753E-03 2.209E+00 10 1.496E-05 2.296E+01 11 1.557E-04 1.339E+01 12 1.152E-04 5.613E+00
13 5.306E-06 2.196E+01 14 1.600E-02 6.700E+00 15 7.070E-05 2.573E+01 16 9.721E-04 1.647E+00 17 1.039E-04 1.286E+01
18 2.600E-04 2.304E+01 21 4.402E-03 4.564E+00 22 3.266E-02 2.679E+00 23 1.970E-08 1.000E+02 24 2.455E-03 3.885E-01
25 6.267E-05 2.496E+00 26 1.516E-03 9.914E-01 27 1.431E-03 1.262E+00
 49  23
 1 2.140E-05 6.257E+01  3 3.135E-06 3.085E+01  5 4.886E-04 4.410E+01  6 1.722E-04 1.342E+01  7 3.071E-03 1.755E+00
 8 2.666E-03 3.144E+00  9 4.624E-03 2.574E+00 10 9.556E-06 4.119E+01 11 2.221E-04 9.012E+00 12 9.826E-05 8.368E+00
13 8.770E-06 2.264E+01 14 1.851E-02 3.848E+00 15 9.942E-05 1.584E+01 16 9.682E-04 1.190E+00 17 1.135E-04 1.867E+01
18 3.325E-04 2.485E+01 21 3.765E-03 3.901E+00 22 2.790E-02 2.362E+00 23 3.412E-08 1.000E+02 24 2.472E-03 3.997E-01
25 5.883E-05 3.461E+00 26 2.131E-03 8.973E-01 27 2.301E-03 1.134E+00
 50  23
 1 3.180E-05 7.547E+01  3 1.360E-05 5.383E+01  5 3.300E-04 3.749E+01  6 2.608E-04 9.743E+00  7 3.467E-03 1.506E+00
 8 4.255E-03 2.440E+00  9 4.530E-03 4.274E+00 10 1.375E-05 3.146E+01 11 2.326E-04 8.521E+00 12 1.204E-04 6.024E+00
13 8.182E-06 2.681E+01 14 1.998E-02 6.272E+00 15 9.574E-05 2.157E+01 16 9.634E-04 1.460E+00 17 7.997E-05 1.608E+01
18 1.618E-04 2.294E+01 19 3.513E-07 1.000E+02 21 3.348E-03 5.484E+00 22 2.528E-02 2.405E+00 24 2.492E-03 3.890E-01
25 5.295E-05 3.109E+00 26 2.181E-03 7.276E-01 27 2.359E-03 9.033E-01
 51  23
 1 2.029E-05 8.124E+01  3 1.083E-05 3.615E+01  5 4.826E-04 2.828E+01  6 2.087E-04 1.296E+01  7 3.772E-03 1.741E+00
 8 4.555E-03 2.504E+00  9 4.614E-03 2.708E+00 10 1.843E-05 2.438E+01 11 2.683E-04 6.954E+00 12 1.383E-04 4.731E+00
13 1.116E-05 2.075E+01 14 1.979E-02 6.761E+00 15 1.410E-04 2.367E+01 16 9.760E-04 1.221E+00 17 1.271E-04 1.615E+01
18 2.599E-04 2.111E+01 21 3.376E-03 4.846E+00 22 1.716E-02 3.498E+00 23 1.343E-09 1.000E+02 24 2.494E-03 3.876E-01
25 4.937E-05 2.872E+00 26 2.298E-03 5.783E-01 27 2.503E-03 7.173E-01
 52  23
 1 1.081E-04 6.080E+01  3 6.180E-06 4.674E+01  5 3.564E-04 2.737E+01  6 2.369E-04 8.799E+00  7 4.203E-03 1.445E+00
 8 4.890E-03 3.170E+00  9 4.566E-03 2.885E+00 10 1.557E-05 5.460E+01 11 2.935E-04 8.210E+00 12 1.462E-04 5.673E+00
13 1.038E-05 2.494E+01 14 1.850E-02 5.764E+00 15 1.206E-04 1.385E+01 16 9.787E-04 1.085E+00 17 1.049E-04 1.539E+01
18 1.792E-04 2.093E+01 21 2.446E-03 7.497E+00 22 1.067E-02 3.194E+00 23 1.214E-07 1.000E+02 24 2.494E-03 3.918E-01
25 4.285E-05 4.563E+00 26 2.279E-03 7.612E-01 27 2.467E-03 9.277E-01
 53  24
 1 9.933E-05 5.153E+01  3 9.431E-06 2.632E+01  5 5.320E-04 2.133E+01  6 3.148E-04 1.074E+01  7 4.728E-03 1.276E+00
 8 5.002E-03 2.477E+00  9 4.393E-03 2.166E+00 10 2.324E-05 2.758E+01 11 3.038E-04 8.893E+00 12 1.566E-04 5.498E+00
13 1.355E-05 2.631E+01 14 1.449E-02 8.748E+00 15 1.162E-04 1.910E+01 16 9.550E-04 1.235E+00 17 1.315E-04 1.809E+01
18 1.161E-04 2.589E+01 19 1.829E-05 1.000E+02 21 2.379E-03 7.597E+00 22 9.384E-03 3.951E+00 23 1.994E-07 7.773E+01
24 2.494E-03 3.735E-01 25 3.808E-05 3.754E+00 26 2.312E-03 6.265E-01 27 2.505E-03 9.075E-01
 54  22
 1 7.087E-05 4.565E+01  3 1.146E-05 2.757E+01  5 7.449E-04 1.546E+01  6 2.734E-04 7.340E+00  7 5.536E-03 1.193E+00
 8 5.384E-03 2.197E+00  9 4.380E-03 2.774E+00 10 1.762E-05 2.354E+01 11 3.257E-04 8.083E+00 12 1.982E-04 5.149E+00
13 1.223E-05 1.650E+01 14 1.114E-02 1.085E+01 15 1.847E-04 2.077E+01 16 9.548E-04 1.510E+00 17 1.318E-04 1.887E+01
18 1.257E-04 2.804E+01 21 2.176E-03 6.587E+00 22 7.736E-03 3.312E+00 24 2.506E-03 3.005E-01 25 3.704E-05 3.828E+00
26 2.319E-03 8.035E-01 27 2.516E-03 9.765E-01
 55  23
 1 1.211E-04 3.819E+01  3 1.167E-05 4.184E+01  5 9.345E-04 2.105E+01  6 3.240E-04 1.146E+01  7 9.729E-03 1.058E+00
 8 5.572E-03 2.250E+00  9 4.402E-03 3.133E+00 10 2.858E-05 2.793E+01 11 3.768E-04 6.768E+00 12 2.013E-04 5.922E+00
13 1.686E-05 1.698E+01 14 7.722E-03 7.923E+00 15 2.077E-04 1.659E+01 16 9.505E-04 1.180E+00 17 1.337E-04 1.085E+01
18 6.815E-05 3.253E+01 21 1.884E-03 6.998E+00 22 7.172E-03 4.623E+00 23 9.584E-08 6.655E+01 24 2.511E-03 3.383E-01
25 3.191E-05 4.879E+00 26 2.323E-03 6.025E-01 27 2.542E-03 6.060E-01
 56  23
 1 1.813E-04 4.551E+01  3 2.144E-05 2.698E+01  5 4.940E-04 1.973E+01  6 3.732E-04 8.040E+00  7 1.049E-02 9.083E-01
 8 5.867E-03 3.150E+00  9 4.063E-03 2.949E+00 10 1.547E-05 2.182E+01 11 4.549E-04 6.522E+00 12 2.238E-04 4.535E+00
13 1.386E-05 1.719E+01 14 6.169E-03 6.450E+00 15 1.870E-04 1.589E+01 16 9.654E-04 9.033E-01 17 1.337E-04 1.255E+01
18 1.482E-04 2.415E+01 21 1.591E-03 8.390E+00 22 6.218E-03 3.284E+00 23 1.596E-08 7.012E+01 24 2.498E-03 4.707E-01
25 2.845E-05 4.357E+00 26 2.322E-03 8.030E-01 27 2.521E-03 1.019E+00
 57  24
 1 1.395E-04 3.651E+01  3 2.534E-05 2.840E+01  5 8.286E-04 1.297E+01  6 4.739E-04 6.705E+00  7 1.094E-02 8.322E-01
 8 5.677E-03 1.958E+00  9 4.081E-03 2.598E+00 10 3.293E-05 2.204E+01 11 4.508E-04 6.315E+00 12 2.423E-04 3.184E+00
13 1.303E-05 1.919E+01 14 5.286E-03 1.059E+01 15 2.392E-04 1.609E+01 16 9.714E-04 1.257E+00 17 1.739E-04 1.116E+01
18 8.737E-05 4.011E+01 19 1.883E-05 1.000E+02 21 1.593E-03 9.825E+00 22 5.830E-03 3.797E+00 23 7.075E-09 1.000E+02
24 2.513E-03 3.073E-01 25 2.798E-05 3.764E+00 26 2.339E-03 7.446E-01 27 2.534E-03 7.947E-01
 58  24
 1 1.106E-04 3.468E+01  3 9.564E-06 3.480E+01  5 1.070E-03 1.407E+01  6 4.485E-04 7.595E+00  7 1.133E-02 7.163E-01
 8 6.155E-03 1.950E+00  9 4.167E-03 2.958E+00 10 3.000E-05 2.361E+01 11 4.689E-04 6.744E+00 12 2.921E-04 4.431E+00
13 1.970E-05 1.547E+01 14 5.556E-03 9.707E+00 15 2.166E-04 1.252E+01 16 9.578E-04 1.210E+00 17 1.992E-04 1.125E+01
18 1.268E-04 3.654E+01 19 1.059E-05 9.766E+01 21 1.330E-03 7.120E+00 22 4.634E-03 4.196E+00 23 1.581E-07 6.853E+01
24 2.505E-03 3.055E-01 25 2.263E-05 6.215E+00 26 2.358E-03 6.242E-01 27 2.542E-03 8.204E-01
 59  24
 1 2.044E-04 4.275E+01  3 8.426E-06 4.532E+01  5 9.228E-04 1.358E+01  6 5.477E-04 7.506E+00  7 1.159E-02 8.901E-01
 8 6.599E-03 1.956E+00  9 3.907E-03 3.491E+00 10 3.136E-05 2.998E+01 11 5.835E-04 5.533E+00 12 3.211E-04 3.645E+00
13 2.384E-05 1.822E+01 14 5.151E-03 1.288E+01 15 2.747E-04 1.566E+01 16 9.377E-04 1.831E+00 17 2.425E-04 1.334E+01
18 5.175E-05 2.986E+01 19 2.544E-07 1.000E+02 21 1.270E-03 5.512E+00 22 4.478E-03 5.365E+00 23 1.087E-07 6.929E+01
24 2.511E-03 3.689E-01 25 2.166E-05 6.023E+00 26 2.315E-03 8.566E-01 27 2.505E-03 1.073E+00
 60  24
 1 1.419E-04 3.085E+01  2 4.551E-07 1.000E+02  3 1.513E-05 4.533E+01  5 1.372E-03 1.501E+01  6 6.134E-04 6.793E+00
 7 1.196E-02 1.027E+00  8 6.693E-03 1.920E+00  9 4.227E-03 3.695E+00 10 3.508E-05 2.625E+01 11 6.404E-04 4.712E+00
12 3.479E-04 3.515E+00 13 2.520E-05 1.245E+01 14 4.163E-03 7.820E+00 15 3.006E-04 1.224E+01 16 9.808E-04 1.460E+00
17 3.148E-04 1.003E+01 18 1.331E-04 2.822E+01 21 1.035E-03 8.433E+00 22 3.895E-03 4.266E+00 23 1.989E-07 9.393E+01
24 2.530E-03 4.001E-01 25 1.937E-05 5.570E+00 26 2.332E-03 6.692E-01 27 2.515E-03 8.129E-01
 61  23
 1 3.105E-04 3.108E+01  3 2.242E-05 3.441E+01  5 1.207E-03 1.649E+01  6 5.937E-04 8.158E+00  7 1.194E-02 1.014E+00
 8 6.834E-03 1.618E+00  9 3.819E-03 3.075E+00 10 3.604E-05 1.772E+01 11 6.967E-04 4.714E+00 12 3.981E-04 3.437E+00
13 3.636E-05 1.275E+01 14 3.841E-03 1.006E+01 15 3.142E-04 1.103E+01 16 9.683E-04 1.315E+00 17 3.944E-04 9.426E+00
18 1.009E-04 3.691E+01 21 8.814E-04 1.040E+01 22 3.542E-03 5.249E+00 23 1.411E-08 7.189E+01 24 2.519E-03 4.374E-01
25 1.594E-05 5.311E+00 26 2.288E-03 7.926E-01 27 2.439E-03 8.976E-01
 62  24
 1 2.259E-04 2.592E+01  3 1.498E-05 4.903E+01  5 1.140E-03 1.584E+01  6 6.884E-04 6.651E+00  7 1.203E-02 9.536E-01
 8 7.162E-03 2.032E+00  9 4.007E-03 2.167E+00 10 4.323E-05 2.663E+01 11 7.950E-04 6.996E+00 12 4.384E-04 3.127E+00
13 2.319E-05 1.169E+01 14 3.429E-03 1.119E+01 15 3.297E-04 1.101E+01 16 9.691E-04 1.217E+00 17 3.003E-04 8.092E+00
18 6.910E-05 3.724E+01 19 2.725E-06 6.904E+01 21 8.970E-04 6.782E+00 22 3.528E-03 4.031E+00 23 1.610E-07 9.088E+01
24 2.517E-03 4.149E-01 25 1.596E-05 5.433E+00 26 2.255E-03 6.068E-01 27 2.384E-03 8.339E-01
 63  24
 1 1.741E-04 3.074E+01  3 2.328E-05 3.159E+01  5 1.370E-03 1.518E+01  6 7.527E-04 6.148E+00  7 1.197E-02 1.165E+00
 8 7.376E-03 2.218E+00  9 4.047E-03 2.149E+00 10 4.533E-05 2.029E+01 11 9.167E-04 5.452E+00 12 4.736E-04 2.476E+00
13 4.251E-05 8.843E+00 14 3.582E-03 1.027E+01 15 4.134E-04 1.050E+01 16 9.731E-04 1.177E+00 17 4.421E-04 1.026E+01
18 4.253E-05 4.120E+01 19 3.011E-05 7.386E+01 21 9.765E-04 9.234E+00 22 2.915E-03 8.176E+00 23 7.982E-07 6.206E+01
24 2.515E-03 3.513E-01 25 1.375E-05 4.210E+00 26 2.243E-03 6.610E-01 27 2.375E-03 7.293E-01
 64  24
 1 1.506E-04 3.283E+01  3 1.842E-05 3.092E+01  5 1.610E-03 1.716E+01  6 8.832E-04 5.218E+00  7 1.198E-02 8.607E-01
 8 7.947E-03 1.202E+00  9 3.858E-03 2.850E+00 10 5.444E-05 1.386E+01 11 1.068E-03 4.212E+00 12 5.389E-04 2.604E+00
13 3.941E-05 1.173E+01 14 2.353E-03 1.208E+01 15 4.217E-04 9.122E+00 16 9.554E-04 1.144E+00 17 4.670E-04 1.025E+01
18 4.895E-05 4.475E+01 19 1.119E-05 9.630E+01 21 7.445E-04 8.493E+00 22 2.565E-03 6.052E+00 23 6.778E-07 8.456E+01
24 2.508E-03 3.504E-01 25 1.267E-05 8.126E+00 26 2.153E-03 6.198E-01 27 2.257E-03 7.542E-01
 65  24
 1 3.592E-04 3.224E+01  3 1.936E-05 2.358E+01  5 2.218E-03 1.291E+01  6 1.022E-03 6.254E+00  7 1.253E-02 1.125E+00
 8 8.192E-03 1.567E+00  9 3.783E-03 2.996E+00 10 4.569E-05 1.573E+01 11 1.176E-03 4.552E+00 12 6.278E-04 2.184E+00
13 4.162E-05 1.052E+01 14 3.077E-03 1.063E+01 15 5.444E-04 1.112E+01 16 9.707E-04 8.916E-01 17 4.564E-04 4.915E+00
18 4.722E-05 3.824E+01 19 1.702E-06 1.000E+02 21 7.350E-04 8.718E+00 22 2.356E-03 8.058E+00 23 3.863E-07 4.947E+01
24 2.477E-03 3.988E-01 25 1.105E-05 6.665E+00 26 1.633E-03 7.710E-01 27 1.448E-03 1.030E+00
 66  23
 1 2.135E-04 2.626E+01  3 2.995E-05 2.881E+01  5 2.243E-03 1.337E+01  6 1.175E-03 5.968E+00  7 1.248E-02 9.859E-01
 8 8.318E-03 1.677E+00  9 3.771E-03 2.773E+00 10 8.820E-05 1.407E+01 11 1.339E-03 4.187E+00 12 6.828E-04 2.087E+00
13 4.110E-05 1.191E+01 14 2.452E-03 1.348E+01 15 7.115E-04 8.570E+00 16 9.571E-04 1.330E+00 17 5.111E-04 7.205E+00
18 3.059E-05 4.606E+01 21 5.086E-04 1.236E+01 22 2.078E-03 6.071E+00 23 2.855E-07 6.986E+01 24 2.480E-03 3.526E-01
25 1.129E-05 6.459E+00 26 1.539E-03 6.692E-01 27 1.315E-03 7.994E-01
 67  24
 1 4.519E-04 3.393E+01  3 2.039E-05 2.586E+01  5 2.956E-03 1.052E+01  6 1.205E-03 6.381E+00  7 1.222E-02 9.885E-01
 8 9.252E-03 1.731E+00  9 3.399E-03 2.641E+00 10 9.578E-05 2.080E+01 11 1.522E-03 3.815E+00 12 7.446E-04 2.566E+00
13 5.853E-05 8.537E+00 14 2.535E-03 1.608E+01 15 6.130E-04 1.017E+01 16 9.915E-04 1.073E+00 17 6.177E-04 8.298E+00
18 5.386E-05 4.058E+01 19 4.634E-06 1.000E+02 21 4.462E-04 1.055E+01 22 1.876E-03 5.859E+00 23 5.570E-07 6.058E+01
24 2.490E-03 3.636E-01 25 1.033E-05 8.128E+00 26 1.539E-03 7.521E-01 27 1.308E-03 9.346E-01
 68  24
 1 2.374E-04 3.233E+01  3 3.139E-05 2.396E+01  5 2.401E-03 1.274E+01  6 1.442E-03 4.253E+00  7 1.166E-02 1.138E+00
 8 9.821E-03 1.657E+00  9 3.092E-03 2.695E+00 10 7.997E-05 1.821E+01 11 1.684E-03 3.374E+00 12 8.404E-04 2.439E+00
13 5.072E-05 1.057E+01 14 2.144E-03 1.973E+01 15 8.235E-04 9.091E+00 16 9.663E-04 1.539E+00 17 6.116E-04 6.158E+00
18 3.402E-05 4.621E+01 19 2.164E-06 6.888E+01 21 5.532E-04 1.307E+01 22 1.617E-03 9.958E+00 23 1.170E-07 5.509E+01
24 2.483E-03 3.959E-01 25 9.658E-06 8.956E+00 26 1.487E-03 8.599E-01 27 1.246E-03 1.532E+00
 69  25
 1 2.805E-04 2.093E+01  2 6.197E-07 8.656E+01  3 3.253E-05 2.395E+01  5 3.459E-03 9.368E+00  6 1.548E-03 3.736E+00
 7 1.061E-02 8.137E-01  8 1.731E-02 1.346E+00  9 1.953E-03 4.176E+00 10 1.131E-04 1.157E+01 11 1.833E-03 3.563E+00
12 9.736E-04 1.483E+00 13 7.474E-05 7.638E+00 14 1.792E-03 1.933E+01 15 8.558E-04 9.088E+00 16 9.745E-04 1.242E+00
17 6.998E-04 7.084E+00 18 4.032E-05 6.871E+01 19 2.631E-05 7.913E+01 21 3.111E-04 1.266E+01 22 1.396E-03 6.695E+00
23 7.730E-07 4.553E+01 24 2.475E-03 3.578E-01 25 7.780E-06 9.581E+00 26 1.463E-03 1.125E+00 27 1.201E-03 1.218E+00
 70  24
 1 5.440E-04 2.187E+01  3 5.854E-05 2.001E+01  5 3.063E-03 9.369E+00  6 1.757E-03 3.122E+00  7 8.907E-03 1.229E+00
 8 1.592E-02 1.435E+00  9 1.760E-03 5.609E+00 10 9.618E-05 1.465E+01 11 2.213E-03 3.036E+00 12 1.076E-03 2.365E+00
13 6.361E-05 7.289E+00 14 1.745E-03 1.534E+01 15 9.611E-04 6.881E+00 16 9.644E-04 1.241E+00 17 7.805E-04 7.317E+00
18 3.661E-05 5.507E+01 19 5.306E-05 4.687E+01 21 3.966E-04 9.707E+00 22 1.597E-03 7.754E+00 23 4.636E-07 7.512E+01
24 2.469E-03 4.710E-01 25 7.604E-06 6.802E+00 26 1.417E-03 1.095E+00 27 1.146E-03 1.413E+00
 71  25
 1 5.425E-04 2.762E+01  2 3.173E-07 1.000E+02  3 3.986E-05 2.172E+01  5 4.700E-03 1.119E+01  6 1.955E-03 4.499E+00
 7 7.859E-03 1.337E+00  8 1.270E-02 1.475E+00  9 1.454E-03 5.498E+00 10 7.962E-05 1.356E+01 11 2.543E-03 3.311E+00
12 1.214E-03 2.363E+00 13 7.247E-05 8.138E+00 14 1.519E-03 1.734E+01 15 1.013E-03 8.592E+00 16 9.579E-04 1.217E+00
17 9.331E-04 6.327E+00 18 4.881E-06 7.502E+01 19 1.326E-05 7.848E+01 21 3.507E-04 1.543E+01 22 1.197E-03 8.179E+00
23 8.512E-07 3.582E+01 24 2.471E-03 4.469E-01 25 6.180E-06 1.262E+01 26 1.431E-03 7.757E-01 27 1.153E-03 1.060E+00
 72  26
 1 4.654E-04 3.221E+01  2 1.326E-08 1.000E+02  3 3.926E-05 1.684E+01  5 4.534E-03 1.006E+01  6 2.185E-03 3.376E+00
 7 7.573E-03 1.196E+00  8 1.308E-02 2.194E+00  9 1.359E-03 5.128E+00 10 1.175E-04 1.374E+01 11 2.859E-03 3.270E+00
12 1.410E-03 2.288E+00 13 8.785E-05 6.077E+00 14 9.890E-04 1.717E+01 15 1.073E-03 1.040E+01 16 9.486E-04 8.986E-01
17 1.051E-03 6.281E+00 18 5.794E-06 7.681E+01 19 1.088E-05 6.114E+01 20 1.566E-05 9.720E+01 21 2.839E-04 2.077E+01
22 1.145E-03 7.691E+00 23 1.309E-06 4.414E+01 24 2.473E-03 3.407E-01 25 5.327E-06 9.822E+00 26 1.415E-03 1.053E+00
27 1.131E-03 1.397E+00
 73  25
 1 7.828E-04 2.006E+01  3 5.875E-05 1.735E+01  5 4.782E-03 8.868E+00  6 2.397E-03 3.913E+00  7 7.519E-03 9.996E-01
 8 1.513E-02 1.296E+00  9 1.247E-03 6.253E+00 10 1.235E-04 1.380E+01 11 3.309E-03 2.976E+00 12 1.589E-03 2.061E+00
13 8.984E-05 5.912E+00 14 1.151E-03 2.167E+01 15 1.133E-03 6.249E+00 16 9.585E-04 1.603E+00 17 1.132E-03 5.059E+00
18 4.749E-05 4.589E+01 19 1.522E-05 9.435E+01 20 3.584E-05 1.000E+02 21 1.837E-04 1.676E+01 22 9.442E-04 7.192E+00
23 3.943E-07 5.031E+01 24 2.475E-03 3.832E-01 25 5.195E-06 8.301E+00 26 1.393E-03 1.149E+00 27 1.086E-03 1.623E+00
 74  24
 1 6.805E-04 2.532E+01  3 2.888E-05 2.134E+01  5 4.699E-03 7.599E+00  6 2.724E-03 3.653E+00  7 7.972E-03 1.129E+00
 8 1.600E-02 1.643E+00  9 1.097E-03 5.603E+00 10 1.106E-04 1.329E+01 11 3.930E-03 2.117E+00 12 1.786E-03 1.333E+00
13 1.150E-04 8.161E+00 14 8.347E-04 3.045E+01 15 1.325E-03 7.186E+00 16 9.721E-04 9.050E-01 17 1.162E-03 5.948E+00
18 3.136E-05 8.669E+01 19 3.217E-05 9.647E+01 21 2.404E-04 1.489E+01 22 9.313E-04 7.640E+00 23 7.345E-07 5.593E+01
24 2.466E-03 3.612E-01 25 5.158E-06 9.600E+00 26 1.394E-03 1.097E+00 27 1.086E-03 1.258E+00
 75  25
 1 5.717E-04 1.947E+01  2 5.176E-07 9.624E+01  3 3.251E-05 1.696E+01  5 5.760E-03 8.739E+00  6 3.889E-03 3.314E+00
 7 4.696E-03 1.249E+00  8 7.079E-03 1.902E+00  9 9.753E-04 5.309E+00 10 1.740E-04 1.062E+01 11 5.314E-03 1.819E+00
12 2.729E-03 1.289E+00 13 1.236E-04 5.404E+00 14 1.261E-03 2.293E+01 15 1.399E-03 6.586E+00 16 9.763E-04 1.183E+00
17 1.342E-03 4.268E+00 18 6.916E-05 5.845E+01 19 1.381E-05 6.296E+01 21 2.615E-04 2.262E+01 22 9.313E-04 6.977E+00
23 1.021E-06 5.577E+01 24 2.480E-03 3.996E-01 25 4.263E-06 1.253E+01 26 1.396E-03 7.700E-01 27 1.078E-03 1.326E+00
 76  25
 1 8.286E-04 1.991E+01  2 6.388E-07 1.000E+02  3 4.420E-05 2.113E+01  5 7.713E-03 7.910E+00  6 4.816E-03 2.481E+00
 7 4.083E-03 1.292E+00  8 5.977E-03 1.975E+00  9 9.028E-04 6.256E+00 10 1.983E-04 7.045E+00 11 7.554E-03 2.225E+00
12 2.999E-03 1.129E+00 13 1.334E-04 7.558E+00 14 6.491E-04 1.870E+01 15 1.585E-03 4.713E+00 16 9.780E-04 1.175E+00
17 1.494E-03 6.287E+00 18 3.016E-05 5.276E+01 19 1.128E-05 1.000E+02 21 2.170E-04 1.883E+01 22 7.005E-04 1.055E+01
23 1.400E-06 3.816E+01 24 2.459E-03 4.076E-01 25 4.104E-06 1.005E+01 26 1.387E-03 1.286E+00 27 1.057E-03 1.635E+00
 77  25
 1 7.012E-04 1.826E+01  2 2.897E-07 8.024E+01  3 4.304E-05 1.859E+01  5 1.325E-02 6.282E+00  6 5.822E-03 2.797E+00
 7 3.615E-03 1.496E+00  8 5.002E-03 2.743E+00  9 7.463E-04 7.353E+00 10 2.122E-04 9.051E+00 11 9.734E-03 1.367E+00
12 3.263E-03 1.649E+00 13 1.540E-04 5.326E+00 14 1.037E-03 2.811E+01 15 2.069E-03 5.506E+00 16 9.662E-04 1.261E+00
17 1.675E-03 3.523E+00 18 3.626E-05 5.748E+01 19 5.044E-05 5.797E+01 21 1.701E-04 1.694E+01 22 6.866E-04 1.012E+01
23 1.493E-06 2.733E+01 24 2.476E-03 3.739E-01 25 3.634E-06 1.233E+01 26 1.381E-03 1.004E+00 27 1.038E-03 1.319E+00
 78  26
 1 7.617E-04 1.926E+01  2 1.142E-06 8.554E+01  3 4.497E-05 1.861E+01  5 1.519E-02 6.334E+00  6 6.492E-03 2.562E+00
 7 3.181E-03 1.937E+00  8 4.639E-03 1.803E+00  9 6.652E-04 6.468E+00 10 2.286E-04 8.013E+00 11 1.137E-02 1.492E+00
12 3.690E-03 9.576E-01 13 1.683E-04 5.820E+00 14 7.805E-04 2.127E+01 15 2.069E-03 7.929E+00 16 9.746E-04 1.331E+00
17 1.914E-03 4.189E+00 18 9.536E-06 5.888E+01 19 3.211E-05 6.852E+01 20 3.483E-06 1.000E+02 21 1.491E-04 2.204E+01
22 6.794E-04 1.149E+01 23 1.831E-06 4.672E+01 24 2.456E-03 4.115E-01 25 2.646E-06 1.602E+01 26 1.371E-03 1.023E+00
27 1.028E-03 1.485E+00
 79  25
 1 1.092E-03 1.356E+01  2 1.533E-07 1.000E+02  3 6.040E-05 1.150E+01  5 1.537E-02 4.589E+00  6 7.180E-03 1.984E+00
 7 2.889E-03 1.600E+00  8 4.123E-03 2.376E+00  9 6.135E-04 7.535E+00 10 2.539E-04 8.866E+00 11 1.270E-02 9.416E-01
12 3.999E-03 1.233E+00 13 1.812E-04 4.875E+00 14 4.223E-04 2.467E+01 15 2.405E-03 4.461E+00 16 9.708E-04 1.143E+00
17 2.199E-03 3.336E+00 18 9.684E-07 1.000E+02 19 7.742E-06 6.916E+01 21 1.493E-04 2.287E+01 22 5.505E-04 1.241E+01
23 1.356E-06 3.178E+01 24 2.475E-03 3.683E-01 25 3.665E-06 9.368E+00 26 1.402E-03 8.781E-01 27 1.039E-03 1.348E+00
 80  25
 1 1.336E-03 1.286E+01  2 3.117E-08 1.000E+02  3 9.261E-05 1.459E+01  5 1.471E-02 4.654E+00  6 7.574E-03 1.782E+00
 7 2.642E-03 1.830E+00  8 3.686E-03 1.925E+00  9 5.316E-04 5.454E+00 10 2.542E-04 6.463E+00 11 1.434E-02 1.582E+00
12 4.382E-03 1.252E+00 13 1.979E-04 5.606E+00 14 7.080E-04 2.817E+01 15 2.692E-03 4.095E+00 16 9.796E-04 1.175E+00
17 2.407E-03 3.728E+00 18 1.511E-05 7.347E+01 19 1.287E-04 4.742E+01 21 1.397E-04 2.475E+01 22 4.708E-04 1.236E+01
23 1.159E-06 3.143E+01 24 2.487E-03 3.589E-01 25 2.974E-06 1.540E+01 26 1.400E-03 1.062E+00 27 1.027E-03 1.422E+00
 81  25
 1 1.148E-03 1.511E+01  2 8.403E-07 1.000E+02  3 1.014E-04 1.362E+01  5 1.546E-02 5.018E+00  6 7.974E-03 2.850E+00
 7 2.321E-03 1.975E+00  8 3.429E-03 2.585E+00  9 5.233E-04 7.274E+00 10 2.742E-04 8.740E+00 11 1.515E-02 1.482E+00
12 4.657E-03 1.517E+00 13 2.135E-04 6.323E+00 14 5.813E-04 2.517E+01 15 2.713E-03 4.671E+00 16 9.643E-04 1.098E+00
17 2.818E-03 3.008E+00 18 3.211E-05 8.156E+01 19 6.352E-05 6.577E+01 21 1.194E-04 2.071E+01 22 4.003E-04 1.491E+01
23 1.834E-06 3.856E+01 24 2.472E-03 4.818E-01 25 1.942E-06 1.273E+01 26 1.411E-03 1.056E+00 27 1.023E-03 1.737E+00
 82  25
 1 1.328E-03 1.395E+01  3 7.894E-05 1.232E+01  5 1.557E-02 7.061E+00  6 8.390E-03 1.950E+00  7 2.065E-03 1.940E+00
 8 2.848E-03 3.140E+00  9 4.081E-04 7.286E+00 10 3.516E-04 8.359E+00 11 1.609E-02 1.336E+00 12 5.093E-03 1.006E+00
13 2.427E-04 4.671E+00 14 4.236E-04 2.285E+01 15 3.181E-03 5.206E+00 16 9.809E-04 1.381E+00 17 3.315E-03 2.947E+00
18 9.563E-06 6.063E+01 19 3.444E-05 8.269E+01 20 2.857E-05 8.919E+01 21 8.242E-05 3.076E+01 22 4.649E-04 1.184E+01
23 2.184E-06 2.407E+01 24 2.470E-03 3.540E-01 25 2.539E-06 2.001E+01 26 1.420E-03 8.397E-01 27 1.030E-03 1.608E+00
 83  26
 1 1.503E-03 1.217E+01  2 1.279E-09 1.000E+02  3 9.003E-05 1.567E+01  5 1.468E-02 4.354E+00  6 9.188E-03 2.113E+00
 7 1.850E-03 2.467E+00  8 2.699E-03 2.944E+00  9 3.784E-04 9.553E+00 10 3.567E-04 9.024E+00 11 1.656E-02 1.376E+00
12 5.397E-03 1.075E+00 13 2.639E-04 3.586E+00 14 2.246E-04 3.194E+01 15 3.612E-03 5.232E+00 16 9.871E-04 1.375E+00
17 3.842E-03 2.307E+00 18 4.666E-07 1.000E+02 19 4.157E-05 6.303E+01 20 1.224E-07 1.000E+02 21 1.101E-04 2.947E+01
22 2.579E-04 1.557E+01 23 1.802E-06 3.656E+01 24 2.476E-03 3.803E-01 25 1.998E-06 1.947E+01 26 1.419E-03 9.053E-01
27 1.002E-03 1.277E+00
 84  26
 1 1.988E-03 9.582E+00  2 2.308E-08 9.215E+01  3 7.515E-05 1.352E+01  5 1.521E-02 6.757E+00  6 9.412E-03 1.587E+00
 7 1.654E-03 2.081E+00  8 2.366E-03 3.598E+00  9 4.085E-04 8.738E+00 10 4.167E-04 5.587E+00 11 1.711E-02 9.603E-01
12 5.869E-03 1.040E+00 13 2.990E-04 3.674E+00 14 4.494E-04 3.614E+01 15 3.955E-03 4.717E+00 16 9.734E-04 1.226E+00
17 5.098E-03 3.161E+00 18 2.419E-06 9.110E+01 19 1.336E-04 5.016E+01 20 1.105E-06 1.000E+02 21 9.389E-05 2.330E+01
22 3.185E-04 1.989E+01 23 1.441E-06 3.069E+01 24 2.486E-03 3.873E-01 25 1.461E-06 2.292E+01 26 1.445E-03 8.268E-01
27 9.945E-04 1.357E+00
 85  25
 1 2.027E-03 1.004E+01  2 1.101E-07 9.793E+01  3 8.069E-05 2.511E+01  5 1.380E-02 5.400E+00  6 9.676E-03 2.328E+00
 7 1.548E-03 1.578E+00  8 2.283E-03 2.749E+00  9 3.565E-04 1.023E+01 10 4.292E-04 7.735E+00 11 1.723E-02 1.302E+00
12 6.098E-03 1.191E+00 13 3.353E-04 3.423E+00 14 2.863E-04 5.609E+01 15 4.575E-03 2.657E+00 16 9.855E-04 1.882E+00
17 6.131E-03 2.769E+00 19 3.281E-05 5.039E+01 20 4.400E-06 1.000E+02 21 1.394E-04 2.296E+01 22 2.780E-04 1.790E+01
23 3.142E-06 2.052E+01 24 2.490E-03 3.280E-01 25 1.661E-06 1.445E+01 26 1.481E-03 8.709E-01 27 1.036E-03 1.182E+00
 86  26
 1 2.173E-03 1.003E+01  2 2.693E-08 1.000E+02  3 1.255E-04 1.422E+01  5 1.532E-02 7.278E+00  6 1.021E-02 2.973E+00
 7 1.360E-03 2.075E+00  8 1.958E-03 2.765E+00  9 2.940E-04 8.456E+00 10 4.365E-04 5.946E+00 11 1.769E-02 1.063E+00
12 6.414E-03 1.084E+00 13 3.602E-04 4.143E+00 14 2.817E-04 3.803E+01 15 4.597E-03 3.796E+00 16 9.767E-04 1.385E+00
17 7.127E-03 2.538E+00 18 6.937E-07 9.338E+01 19 2.362E-04 4.206E+01 20 1.106E-06 1.000E+02 21 4.081E-05 2.878E+01
22 2.749E-04 1.430E+01 23 2.067E-06 2.431E+01 24 2.492E-03 3.301E-01 25 1.009E-06 2.016E+01 26 1.504E-03 7.829E-01
27 1.038E-03 1.248E+00
 87  26
 1 2.666E-03 1.499E+01  2 3.035E-07 1.000E+02  3 1.258E-04 1.195E+01  5 1.335E-02 6.039E+00  6 9.899E-03 1.547E+00
 7 1.263E-03 2.610E+00  8 1.663E-03 4.355E+00  9 2.956E-04 1.137E+01 10 4.823E-04 6.184E+00 11 1.724E-02 1.413E+00
12 6.806E-03 8.097E-01 13 4.145E-04 3.699E+00 14 2.741E-04 4.171E+01 15 5.625E-03 3.765E+00 16 9.694E-04 1.343E+00
17 8.009E-03 1.773E+00 18 3.752E-06 7.498E+01 19 1.188E-04 4.370E+01 20 3.797E-06 8.279E+01 21 7.649E-05 2.088E+01
22 2.030E-04 1.601E+01 23 2.332E-06 2.252E+01 24 2.486E-03 3.936E-01 25 1.548E-06 1.362E+01 26 1.502E-03 8.811E-01
27 1.019E-03 1.113E+00
 88  25
 1 2.797E-03 1.141E+01  2 1.423E-07 7.009E+01  3 1.280E-04 1.082E+01  5 1.250E-02 6.793E+00  6 1.037E-02 1.564E+00
 7 1.080E-03 3.137E+00  8 1.457E-03 4.164E+00  9 2.383E-04 8.857E+00 10 5.812E-04 4.838E+00 11 1.672E-02 1.162E+00
12 7.204E-03 7.075E-01 13 4.538E-04 3.784E+00 14 2.443E-04 5.943E+01 15 6.841E-03 3.334E+00 16 9.860E-04 1.376E+00
17 8.986E-03 1.890E+00 19 6.051E-05 4.853E+01 20 1.272E-05 1.000E+02 21 6.470E-05 3.689E+01 22 2.475E-04 1.432E+01
23 4.391E-06 1.850E+01 24 2.490E-03 4.386E-01 25 1.321E-06 3.006E+01 26 1.556E-03 1.058E+00 27 1.047E-03 1.433E+00
 89  25
 1 2.891E-03 9.199E+00  2 3.492E-07 8.699E+01  3 1.556E-04 8.291E+00  5 1.072E-02 6.296E+00  6 1.072E-02 2.071E+00
 7 9.956E-04 2.600E+00  8 1.280E-03 4.422E+00  9 1.821E-04 1.157E+01 10 6.925E-04 3.988E+00 11 1.606E-02 1.415E+00
12 7.492E-03 8.970E-01 13 4.938E-04 3.339E+00 14 2.434E-04 4.725E+01 15 8.538E-03 3.793E+00 16 9.465E-04 1.242E+00
17 1.010E-02 1.733E+00 18 2.354E-06 1.000E+02 19 1.116E-04 4.165E+01 21 1.019E-04 3.759E+01 22 1.961E-04 2.016E+01
23 3.135E-06 2.553E+01 24 2.492E-03 4.548E-01 25 1.099E-06 2.223E+01 26 1.596E-03 1.093E+00 27 1.041E-03 1.621E+00
 90  25
 1 3.708E-03 8.049E+00  2 5.450E-07 7.944E+01  3 1.620E-04 1.209E+01  5 8.709E-03 6.586E+00  6 1.045E-02 1.898E+00
 7 8.892E-04 2.740E+00  8 1.272E-03 3.799E+00  9 2.331E-04 8.133E+00 10 6.745E-04 4.549E+00 11 1.516E-02 1.775E+00
12 7.806E-03 1.228E+00 13 5.376E-04 3.110E+00 14 2.029E-04 2.935E+01 15 1.063E-02 2.578E+00 16 9.500E-04 1.324E+00
17 1.048E-02 1.844E+00 19 6.313E-05 4.555E+01 20 2.224E-06 1.000E+02 21 8.656E-05 2.970E+01 22 1.682E-04 1.874E+01
23 4.927E-06 1.914E+01 24 2.504E-03 4.188E-01 25 9.386E-07 2.796E+01 26 1.687E-03 1.021E+00 27 1.082E-03 1.113E+00
 91  25
 1 3.433E-03 1.082E+01  2 4.312E-09 6.883E+01  3 1.828E-04 5.704E+00  5 8.777E-03 7.302E+00  6 9.788E-03 2.030E+00
 7 7.620E-04 3.595E+00  8 1.191E-03 3.403E+00  9 1.480E-04 1.128E+01 10 8.492E-04 5.026E+00 11 1.272E-02 1.722E+00
12 7.586E-03 1.057E+00 13 5.637E-04 2.337E+00 14 7.861E-05 5.265E+01 15 1.038E-02 3.031E+00 16 9.251E-04 1.205E+00
17 1.048E-02 2.320E+00 19 5.833E-05 5.278E+01 20 2.289E-07 1.000E+02 21 4.588E-05 5.310E+01 22 1.605E-04 2.026E+01
23 3.540E-06 2.980E+01 24 2.534E-03 3.313E-01 25 1.049E-06 2.371E+01 26 2.600E-03 6.999E-01 27 1.589E-03 8.436E-01
 92  26
 1 4.535E-03 7.265E+00  2 4.330E-07 6.947E+01  3 1.819E-04 8.880E+00  5 7.954E-03 7.251E+00  6 9.256E-03 1.971E+00
 7 6.979E-04 3.740E+00  8 9.122E-04 4.374E+00  9 1.647E-04 1.242E+01 10 9.146E-04 4.255E+00 11 1.110E-02 1.420E+00
12 7.678E-03 9.138E-01 13 6.178E-04 2.793E+00 14 1.568E-04 4.242E+01 15 1.107E-02 2.473E+00 16 9.483E-04 8.999E-01
17 1.071E-02 2.129E+00 18 9.695E-06 9.621E+01 19 1.442E-04 3.219E+01 20 6.863E-06 9.040E+01 21 4.689E-05 5.355E+01
22 1.304E-04 2.051E+01 23 4.729E-06 2.313E+01 24 2.548E-03 4.359E-01 25 2.980E-07 2.455E+01 26 2.903E-03 7.404E-01
27 1.753E-03 9.819E-01
 93  25
 1 5.097E-03 9.791E+00  2 3.163E-06 7.379E+01  3 2.309E-04 6.420E+00  5 6.498E-03 8.854E+00  6 9.318E-03 2.689E+00
 7 5.959E-04 3.827E+00  8 7.588E-04 4.148E+00  9 1.395E-04 1.230E+01 10 8.538E-04 3.059E+00 11 1.004E-02 1.451E+00
12 8.161E-03 8.923E-01 13 7.099E-04 1.736E+00 14 1.533E-04 4.202E+01 15 1.237E-02 1.954E+00 16 9.574E-04 1.255E+00
17 1.065E-02 1.915E+00 19 1.338E-04 4.458E+01 20 2.111E-05 1.000E+02 21 3.042E-05 4.217E+01 22 8.544E-05 1.795E+01
23 7.302E-06 1.752E+01 24 2.570E-03 3.745E-01 25 6.549E-07 2.746E+01 26 2.915E-03 4.559E-01 27 1.732E-03 6.809E-01
 94  26
 1 6.454E-03 6.417E+00  2 1.948E-07 8.497E+01  3 2.322E-04 8.664E+00  5 6.358E-03 1.022E+01  6 1.028E-02 2.098E+00
 7 6.038E-04 3.251E+00  8 8.200E-04 5.757E+00  9 1.180E-04 1.093E+01 10 1.082E-03 5.123E+00 11 9.312E-03 1.715E+00
12 9.168E-03 7.360E-01 13 8.292E-04 2.128E+00 14 1.016E-04 4.726E+01 15 1.408E-02 2.527E+00 16 9.505E-04 1.153E+00
17 1.198E-02 1.936E+00 18 3.457E-06 1.000E+02 19 1.866E-04 3.024E+01 20 8.556E-06 8.053E+01 21 6.099E-05 5.331E+01
22 1.855E-04 1.603E+01 23 5.593E-06 1.903E+01 24 2.529E-03 4.278E-01 25 3.469E-07 2.934E+01 26 1.828E-03 9.030E-01
27 9.708E-04 1.200E+00
 95  25
 1 7.744E-03 3.639E+00  2 1.317E-07 6.393E+01  3 2.641E-04 7.277E+00  5 4.827E-03 7.916E+00  6 9.900E-03 1.725E+00
 7 5.202E-04 3.460E+00  8 6.420E-04 5.621E+00  9 1.048E-04 1.646E+01 10 1.308E-03 2.732E+00 11 7.287E-03 2.114E+00
12 9.480E-03 7.361E-01 13 9.222E-04 2.013E+00 14 1.617E-04 6.316E+01 15 2.009E-02 2.450E+00 16 9.635E-04 1.187E+00
17 1.184E-02 1.767E+00 19 1.933E-04 4.341E+01 20 2.265E-05 6.028E+01 21 2.515E-05 3.962E+01 22 1.356E-04 2.572E+01
23 7.472E-06 1.937E+01 24 2.529E-03 4.058E-01 25 7.628E-07 3.029E+01 26 1.852E-03 7.819E-01 27 9.827E-04 9.772E-01
 96  25
 1 9.756E-03 5.351E+00  2 1.488E-06 8.861E+01  3 2.627E-04 5.699E+00  5 4.233E-03 1.076E+01  6 9.935E-03 1.499E+00
 7 4.840E-04 4.056E+00  8 6.791E-04 3.698E+00  9 1.120E-04 1.079E+01 10 1.387E-03 3.282E+00 11 5.075E-03 2.169E+00
12 9.496E-03 9.790E-01 13 1.017E-03 1.965E+00 14 1.917E-04 7.769E+01 15 1.973E-02 2.035E+00 16 9.479E-04 1.045E+00
17 1.187E-02 2.233E+00 19 1.667E-04 2.398E+01 20 3.231E-05 5.440E+01 21 3.663E-05 4.390E+01 22 4.003E-05 2.805E+01
23 8.449E-06 2.000E+01 24 2.519E-03 3.814E-01 25 6.107E-07 3.481E+01 26 2.075E-03 7.643E-01 27 1.123E-03 9.280E-01
 97  25
 1 2.298E-02 4.624E+00  2 1.033E-06 6.053E+01  3 3.533E-04 7.402E+00  5 3.723E-03 8.655E+00  6 8.681E-03 2.085E+00
 7 4.197E-04 3.981E+00  8 5.096E-04 5.802E+00  9 9.467E-05 1.166E+01 10 1.539E-03 3.219E+00 11 3.600E-03 2.115E+00
12 9.084E-03 1.082E+00 13 1.122E-03 2.040E+00 14 3.973E-04 4.985E+01 15 1.701E-02 2.235E+00 16 9.367E-04 1.404E+00
17 1.048E-02 2.437E+00 19 1.996E-04 2.046E+01 20 2.962E-05 6.326E+01 21 4.676E-05 3.668E+01 22 1.707E-04 2.035E+01
23 9.396E-06 1.354E+01 24 2.573E-03 3.903E-01 25 6.059E-07 3.201E+01 26 3.003E-03 5.500E-01 27 1.745E-03 7.578E-01
 98  26
 1 2.368E-02 4.519E+00  2 2.939E-06 4.318E+01  3 3.431E-04 5.986E+00  5 2.935E-03 1.290E+01  6 8.076E-03 2.608E+00
 7 3.907E-04 5.216E+00  8 5.464E-04 7.088E+00  9 7.754E-05 1.780E+01 10 1.695E-03 2.517E+00 11 3.045E-03 2.115E+00
12 9.235E-03 7.994E-01 13 1.188E-03 1.629E+00 14 2.948E-04 3.632E+01 15 1.590E-02 2.161E+00 16 9.417E-04 1.672E+00
17 1.029E-02 1.446E+00 18 2.939E-07 1.000E+02 19 3.193E-04 2.741E+01 20 1.806E-05 7.722E+01 21 2.387E-05 4.204E+01
22 5.016E-05 2.559E+01 23 1.144E-05 1.644E+01 24 2.570E-03 4.024E-01 25 4.498E-07 3.933E+01 26 3.015E-03 6.711E-01
27 1.750E-03 8.637E-01
 99  26
 1 2.554E-02 4.045E+00  2 7.304E-07 4.670E+01  3 3.778E-04 5.896E+00  5 2.880E-03 1.159E+01  6 8.103E-03 1.888E+00
 7 3.418E-04 6.873E+00  8 4.643E-04 5.700E+00  9 7.195E-05 1.608E+01 10 2.025E-03 2.572E+00 11 2.689E-03 2.929E+00
12 9.795E-03 9.360E-01 13 1.363E-03 2.364E+00 14 2.776E-05 8.334E+01 15 1.413E-02 2.371E+00 16 9.532E-04 1.610E+00
17 9.973E-03 2.163E+00 18 1.492E-07 1.000E+02 19 2.114E-04 2.810E+01 20 4.226E-05 5.441E+01 21 2.976E-05 6.032E+01
22 7.676E-05 2.889E+01 23 8.380E-06 1.566E+01 24 2.542E-03 4.348E-01 25 3.934E-07 3.036E+01 26 2.601E-03 7.645E-01
27 1.445E-03 8.672E-01
100  26
 1 2.681E-02 4.918E+00  2 2.638E-06 4.657E+01  3 4.119E-04 7.716E+00  5 2.884E-03 1.364E+01  6 8.183E-03 2.165E+00
 7 3.160E-04 6.050E+00  8 4.144E-04 7.692E+00  9 7.478E-05 1.792E+01 10 2.326E-03 3.286E+00 11 2.451E-03 2.440E+00
12 1.049E-02 8.094E-01 13 1.633E-03 1.790E+00 14 3.098E-06 7.078E+01 15 1.173E-02 3.077E+00 16 9.654E-04 1.282E+00
17 9.956E-03 2.090E+00 18 1.541E-06 1.000E+02 19 3.612E-04 2.951E+01 20 2.399E-07 1.000E+02 21 8.912E-06 6.328E+01
22 4.636E-05 4.436E+01 23 1.443E-05 1.211E+01 24 2.520E-03 3.704E-01 25 6.576E-07 2.395E+01 26 1.935E-03 5.777E-01
27 9.998E-04 7.076E-01
101  25
 1 2.423E-02 3.198E+00  2 1.386E-06 4.749E+01  3 4.530E-04 6.714E+00  5 2.774E-03 1.520E+01  6 7.795E-03 2.515E+00
 7 2.925E-04 6.622E+00  8 3.646E-04 8.312E+00  9 4.497E-05 2.119E+01 10 2.516E-03 3.273E+00 11 2.224E-03 3.153E+00
12 1.054E-02 6.955E-01 13 1.871E-03 1.854E+00 14 1.394E-04 5.070E+01 15 8.504E-03 3.399E+00 16 9.666E-04 1.256E+00
17 9.083E-03 2.664E+00 19 4.619E-04 2.494E+01 20 1.114E-05 5.664E+01 21 2.833E-05 3.317E+01 22 6.021E-05 2.944E+01
23 1.464E-05 1.106E+01 24 2.522E-03 3.793E-01 25 3.628E-07 3.078E+01 26 1.923E-03 8.180E-01 27 9.833E-04 1.203E+00
102  25
 1 2.062E-02 4.118E+00  2 6.463E-07 6.831E+01  3 4.629E-04 5.692E+00  5 2.429E-03 1.061E+01  6 6.836E-03 2.184E+00
 7 2.623E-04 4.950E+00  8 4.080E-04 6.996E+00  9 3.611E-05 2.123E+01 10 2.603E-03 2.859E+00 11 1.830E-03 3.686E+00
12 9.877E-03 6.841E-01 13 1.867E-03 1.678E+00 14 1.090E-04 5.208E+01 15 6.344E-03 3.466E+00 16 9.544E-04 1.196E+00
17 7.803E-03 2.512E+00 19 3.071E-04 2.752E+01 20 5.678E-05 6.309E+01 21 7.623E-06 6.862E+01 22 2.785E-05 3.197E+01
23 1.246E-05 1.414E+01 24 2.515E-03 4.082E-01 25 1.517E-07 3.268E+01 26 2.614E-03 6.743E-01 27 1.446E-03 8.198E-01
103  25
 1 1.694E-02 5.713E+00  2 3.011E-06 3.598E+01  3 5.204E-04 6.752E+00  5 1.683E-03 1.488E+01  6 5.892E-03 2.399E+00
 7 2.102E-04 5.174E+00  8 2.762E-04 7.319E+00  9 6.294E-05 1.778E+01 10 2.832E-03 2.424E+00 11 1.642E-03 4.587E+00
12 9.515E-03 7.793E-01 13 2.088E-03 1.396E+00 14 3.352E-06 6.471E+01 15 5.823E-03 3.761E+00 16 9.630E-04 1.333E+00
17 6.202E-03 2.379E+00 19 5.971E-04 2.216E+01 20 1.673E-06 8.590E+01 21 5.178E-06 7.207E+01 22 7.761E-05 3.561E+01
23 1.437E-05 1.248E+01 24 2.538E-03 3.939E-01 25 3.202E-07 3.754E+01 26 3.076E-03 5.472E-01 27 1.755E-03 6.288E-01
104  25
 1 1.485E-02 5.139E+00  2 3.735E-06 3.381E+01  3 5.636E-04 7.204E+00  5 1.413E-03 1.384E+01  6 5.261E-03 2.537E+00
 7 1.993E-04 6.060E+00  8 2.671E-04 7.147E+00  9 3.782E-05 2.674E+01 10 3.464E-03 2.359E+00 11 1.394E-03 5.235E+00
12 9.277E-03 9.078E-01 13 2.326E-03 1.518E+00 14 1.704E-05 9.142E+01 15 4.849E-03 4.513E+00 16 9.492E-04 1.421E+00
17 5.561E-03 2.144E+00 19 5.850E-04 1.541E+01 20 4.426E-05 4.856E+01 21 1.035E-05 6.923E+01 22 3.201E-05 4.817E+01
23 1.996E-05 9.652E+00 24 2.544E-03 3.360E-01 25 1.819E-07 3.398E+01 26 3.121E-03 5.538E-01 27 1.785E-03 6.750E-01
105  25
 1 1.270E-02 6.258E+00  2 4.885E-06 6.112E+01  3 6.746E-04 6.195E+00  5 1.617E-03 1.352E+01  6 4.849E-03 2.390E+00
 7 1.803E-04 4.976E+00  8 2.582E-04 8.675E+00  9 4.912E-05 2.099E+01 10 4.083E-03 2.023E+00 11 1.430E-03 4.057E+00
12 9.791E-03 7.445E-01 13 2.863E-03 1.551E+00 14 6.206E-06 7.945E+01 15 4.844E-03 4.438E+00 16 9.751E-04 1.287E+00
17 4.964E-03 3.273E+00 19 6.263E-04 1.987E+01 20 4.945E-05 7.945E+01 21 1.778E-05 5.130E+01 22 1.645E-05 3.358E+01
23 1.810E-05 1.152E+01 24 2.503E-03 3.444E-01 25 1.504E-07 4.892E+01 26 2.255E-03 6.610E-01 27 1.180E-03 8.585E-01
106  25
 1 8.415E-03 6.294E+00  2 2.484E-06 4.385E+01  3 6.915E-04 4.206E+00  5 1.233E-03 1.830E+01  6 3.661E-03 3.133E+00
 7 1.582E-04 5.673E+00  8 1.953E-04 8.696E+00  9 4.793E-05 2.017E+01 10 4.625E-03 2.545E+00 11 1.192E-03 3.089E+00
12 9.458E-03 7.463E-01 13 3.343E-03 1.458E+00 14 2.031E-05 6.289E+01 15 4.015E-03 3.452E+00 16 9.467E-04 1.624E+00
17 3.703E-03 3.180E+00 19 5.510E-04 1.210E+01 20 7.650E-05 5.205E+01 21 8.721E-06 7.228E+01 22 1.899E-05 3.713E+01
23 2.128E-05 7.832E+00 24 2.475E-03 4.002E-01 25 3.567E-07 4.032E+01 26 2.036E-03 9.688E-01 27 1.019E-03 1.275E+00
107  25
 1 6.063E-03 8.540E+00  2 1.808E-06 4.186E+01  3 7.460E-04 4.448E+00  5 1.551E-03 1.438E+01  6 2.689E-03 4.118E+00
 7 1.492E-04 6.282E+00  8 2.025E-04 8.763E+00  9 2.611E-05 2.928E+01 10 5.388E-03 2.085E+00 11 1.073E-03 5.243E+00
12 4.579E-03 8.896E-01 13 3.730E-03 1.242E+00 14 7.361E-06 8.544E+01 15 3.462E-03 4.169E+00 16 9.629E-04 1.358E+00
17 3.020E-03 2.421E+00 19 8.441E-04 2.170E+01 20 2.682E-05 4.380E+01 21 1.196E-06 9.155E+01 22 6.443E-05 3.148E+01
23 2.001E-05 1.051E+01 24 2.467E-03 4.049E-01 25 1.071E-07 6.396E+01 26 2.050E-03 6.102E-01 27 1.016E-03 6.673E-01
108  26
 1 4.400E-03 8.607E+00  2 3.108E-06 3.637E+01  3 7.407E-04 4.935E+00  4 2.527E-05 1.000E+02  5 1.389E-03 1.907E+01
 6 2.284E-03 3.632E+00  7 1.397E-04 9.113E+00  8 1.614E-04 1.143E+01  9 2.569E-05 2.888E+01 10 6.806E-03 1.581E+00
11 7.770E-04 4.950E+00 12 3.431E-03 9.825E-01 13 6.792E-03 9.211E-01 14 1.834E-05 7.248E+01 15 3.236E-03 4.979E+00
16 9.547E-04 1.560E+00 17 2.235E-03 4.644E+00 19 6.615E-04 2.348E+01 20 1.148E-04 4.896E+01 21 1.517E-06 8.218E+01
22 1.172E-05 5.150E+01 23 1.936E-05 1.051E+01 24 2.464E-03 3.862E-01 25 1.335E-07 4.499E+01 26 3.176E-03 6.299E-01
27 1.797E-03 7.985E-01
109  25
 1 4.030E-03 9.026E+00  2 1.723E-06 3.813E+01  3 8.389E-04 5.336E+00  5 9.863E-04 1.680E+01  6 2.022E-03 3.370E+00
 7 1.163E-04 9.048E+00  8 1.717E-04 1.063E+01  9 2.497E-05 2.988E+01 10 1.032E-02 1.721E+00 11 8.093E-04 4.779E+00
12 2.994E-03 1.504E+00 13 7.025E-03 1.066E+00 14 7.006E-05 8.822E+01 15 3.164E-03 3.211E+00 16 9.674E-04 1.188E+00
17 1.921E-03 3.791E+00 19 7.196E-04 1.380E+01 20 7.961E-05 3.709E+01 21 1.773E-07 8.011E+01 22 3.047E-05 5.561E+01
23 2.577E-05 8.891E+00 24 2.479E-03 4.259E-01 25 1.556E-07 5.477E+01 26 3.239E-03 7.186E-01 27 1.845E-03 9.211E-01
110  25
 1 4.357E-03 7.824E+00  2 2.902E-06 4.377E+01  3 9.160E-04 4.416E+00  5 8.250E-04 2.086E+01  6 1.804E-03 2.900E+00
 7 9.522E-05 5.773E+00  8 1.304E-04 1.399E+01  9 6.652E-06 3.344E+01 10 1.322E-02 1.542E+00 11 6.418E-04 5.118E+00
12 2.682E-03 1.448E+00 13 7.431E-03 1.307E+00 14 7.307E-05 7.787E+01 15 2.810E-03 4.255E+00 16 9.640E-04 1.264E+00
17 1.817E-03 3.771E+00 19 1.060E-03 1.905E+01 20 7.567E-06 4.833E+01 21 5.521E-06 7.681E+01 22 1.932E-05 4.481E+01
23 2.328E-05 7.355E+00 24 2.440E-03 4.028E-01 25 2.000E-07 4.266E+01 26 2.985E-03 4.864E-01 27 1.656E-03 6.892E-01
111  27
 1 3.539E-03 8.677E+00  2 2.309E-06 4.017E+01  3 1.014E-03 3.744E+00  4 1.106E-04 8.575E+01  5 6.075E-04 1.848E+01
 6 1.774E-03 4.438E+00  7 1.046E-04 9.082E+00  8 1.246E-04 1.033E+01  9 2.659E-05 2.434E+01 10 1.571E-02 1.198E+00
11 5.940E-04 6.302E+00 12 2.490E-03 1.766E+00 13 8.216E-03 9.735E-01 14 2.603E-05 9.601E+01 15 2.396E-03 5.111E+00
16 9.845E-04 1.060E+00 17 1.806E-03 5.141E+00 18 1.125E-07 1.000E+02 19 6.382E-04 1.166E+01 20 1.849E-05 8.350E+01
21 1.015E-05 9.403E+01 22 2.486E-05 4.556E+01 23 2.242E-05 9.779E+00 24 2.391E-03 3.560E-01 25 6.844E-08 7.959E+01
26 2.127E-03 5.466E-01 27 1.079E-03 8.549E-01
112  24
 1 3.484E-03 8.232E+00  2 3.790E-06 3.912E+01  3 1.103E-03 4.228E+00  5 7.974E-04 2.841E+01  6 1.535E-03 3.247E+00
 7 8.247E-05 8.537E+00  8 1.216E-04 1.111E+01  9 9.648E-06 3.573E+01 10 1.716E-02 1.327E+00 11 5.732E-04 5.991E+00
12 2.322E-03 1.310E+00 13 8.269E-03 7.509E-01 15 2.336E-03 5.352E+00 16 9.654E-04 1.343E+00 17 1.468E-03 4.448E+00
19 9.784E-04 1.288E+01 20 2.097E-04 5.621E+01 21 1.272E-05 7.085E+01 22 3.317E-05 4.852E+01 23 2.831E-05 8.894E+00
24 2.383E-03 3.316E-01 25 5.409E-08 5.613E+01 26 2.118E-03 6.779E-01 27 1.052E-03 1.025E+00
113  25
 1 3.207E-03 1.145E+01  2 5.224E-06 3.442E+01  3 1.272E-03 3.880E+00  5 7.171E-04 2.153E+01  6 1.357E-03 5.543E+00
 7 6.847E-05 8.827E+00  8 9.834E-05 1.619E+01  9 2.079E-05 3.185E+01 10 1.704E-02 1.768E+00 11 5.230E-04 5.183E+00
12 2.100E-03 2.062E+00 13 7.921E-03 8.165E-01 14 7.810E-06 1.000E+02 15 2.151E-03 5.220E+00 16 9.616E-04 1.518E+00
17 1.441E-03 4.348E+00 19 1.068E-03 1.422E+01 20 3.060E-05 6.045E+01 21 5.027E-07 1.000E+02 22 1.090E-05 7.433E+01
23 3.003E-05 8.117E+00 24 2.431E-03 4.265E-01 25 7.735E-08 4.063E+01 26 2.603E-03 6.027E-01 27 1.366E-03 8.619E-01
114  25
 1 2.420E-03 8.816E+00  2 3.084E-06 3.222E+01  3 1.360E-03 3.997E+00  5 5.096E-04 2.097E+01  6 1.115E-03 4.982E+00
 7 6.814E-05 1.104E+01  8 1.105E-04 1.483E+01  9 1.724E-05 3.474E+01 10 1.580E-02 1.479E+00 11 4.762E-04 4.730E+00
12 1.814E-03 1.546E+00 13 7.656E-03 9.601E-01 14 2.099E-05 6.972E+01 15 1.696E-03 4.148E+00 16 9.730E-04 1.522E+00
17 1.335E-03 5.070E+00 19 1.208E-03 1.558E+01 20 4.898E-05 4.356E+01 21 2.110E-07 1.000E+02 22 1.143E-05 5.443E+01
23 2.800E-05 8.357E+00 24 2.453E-03 3.948E-01 25 1.006E-07 6.289E+01 26 3.260E-03 5.781E-01 27 1.842E-03 8.821E-01
115  23
 1 2.264E-03 1.020E+01  2 3.407E-06 2.320E+01  3 1.493E-03 3.294E+00  5 5.647E-04 2.489E+01  6 1.102E-03 5.096E+00
 7 5.809E-05 7.683E+00  8 8.243E-05 1.120E+01  9 1.940E-05 3.949E+01 10 1.607E-02 1.173E+00 11 4.053E-04 8.456E+00
12 1.645E-03 1.818E+00 13 7.683E-03 8.496E-01 15 1.799E-03 6.982E+00 16 9.637E-04 1.290E+00 17 1.172E-03 5.662E+00
19 1.535E-03 1.310E+01 20 2.703E-05 5.233E+01 22 2.083E-05 5.557E+01 23 3.592E-05 6.804E+00 24 2.466E-03 3.944E-01
25 1.218E-07 5.523E+01 26 3.312E-03 6.029E-01 27 1.867E-03 7.833E-01
116  25
 1 2.220E-03 1.434E+01  2 1.899E-06 3.959E+01  3 1.716E-03 3.259E+00  5 6.007E-04 2.234E+01  6 9.646E-04 5.759E+00
 7 6.673E-05 7.009E+00  8 8.003E-05 1.472E+01  9 1.338E-05 4.385E+01 10 1.729E-02 1.004E+00 11 4.189E-04 5.084E+00
12 1.584E-03 1.752E+00 13 8.194E-03 1.148E+00 14 1.408E-05 9.549E+01 15 1.648E-03 7.277E+00 16 9.779E-04 1.210E+00
17 1.158E-03 6.926E+00 19 1.336E-03 1.152E+01 20 2.178E-04 4.228E+01 21 3.132E-06 9.380E+01 22 7.611E-06 4.967E+01
23 3.645E-05 7.708E+00 24 2.429E-03 4.269E-01 25 9.584E-08 6.827E+01 26 2.636E-03 5.815E-01 27 1.373E-03 7.814E-01
117  25
 1 2.140E-03 1.130E+01  2 6.428E-06 3.915E+01  3 3.241E-03 2.985E+00  4 4.291E-05 6.924E+01  5 3.844E-04 2.479E+01
 6 9.364E-04 6.119E+00  7 6.147E-05 1.031E+01  8 9.373E-05 1.601E+01  9 1.784E-05 4.556E+01 10 1.714E-02 1.401E+00
11 3.530E-04 7.930E+00 12 1.489E-03 1.898E+00 13 8.378E-03 9.957E-01 15 1.420E-03 4.646E+00 16 1.158E-03 1.271E+00
17 1.064E-03 5.839E+00 19 2.089E-03 9.242E+00 20 2.056E-04 2.591E+01 21 1.420E-06 9.585E+01 22 1.628E-05 5.612E+01
23 3.523E-05 5.909E+00 24 2.405E-03 4.280E-01 25 1.464E-07 7.013E+01 26 2.184E-03 8.354E-01 27 1.070E-03 1.079E+00
118  25
 1 1.584E-03 1.174E+01  2 4.034E-06 3.297E+01  3 6.762E-03 1.730E+00  5 4.393E-04 1.472E+01  6 9.565E-04 5.478E+00
 7 5.587E-05 1.094E+01  8 7.173E-05 1.487E+01  9 1.140E-05 4.210E+01 10 1.623E-02 1.608E+00 11 3.497E-04 7.095E+00
12 1.324E-03 2.237E+00 13 8.233E-03 1.115E+00 14 4.887E-05 9.048E+01 15 1.298E-03 6.331E+00 16 1.097E-03 1.368E+00
17 9.217E-04 5.119E+00 19 1.825E-03 1.152E+01 20 6.291E-05 3.384E+01 21 2.203E-06 7.140E+01 22 1.744E-05 4.920E+01
23 4.197E-05 1.018E+01 24 2.390E-03 4.148E-01 25 2.476E-07 3.234E+01 26 2.194E-03 7.300E-01 27 1.083E-03 1.103E+00
119  24
 1 1.168E-03 1.412E+01  2 5.014E-06 3.588E+01  3 9.717E-03 2.064E+00  5 3.910E-04 2.631E+01  6 8.971E-04 5.795E+00
 7 4.570E-05 1.251E+01  8 6.004E-05 1.066E+01  9 1.708E-06 5.662E+01 10 1.425E-02 1.480E+00 11 3.542E-04 8.119E+00
12 1.179E-03 1.851E+00 13 7.449E-03 9.338E-01 14 6.323E-06 1.000E+02 15 1.166E-03 6.180E+00 16 1.072E-03 1.028E+00
17 8.749E-04 6.391E+00 19 2.107E-03 1.139E+01 20 5.126E-05 3.570E+01 22 7.870E-06 5.958E+01 23 4.749E-05 9.092E+00
24 2.423E-03 4.011E-01 25 1.377E-07 4.363E+01 26 2.982E-03 5.403E-01 27 1.625E-03 8.016E-01
120  24
 1 1.357E-03 1.828E+01  2 8.887E-06 2.688E+01  3 1.248E-02 1.529E+00  5 3.702E-04 2.739E+01  6 7.076E-04 7.511E+00
 7 4.362E-05 1.280E+01  8 9.047E-05 1.689E+01  9 2.336E-05 2.705E+01 10 1.343E-02 1.327E+00 11 2.679E-04 9.061E+00
12 1.084E-03 1.633E+00 13 7.296E-03 9.691E-01 15 1.134E-03 7.730E+00 16 1.055E-03 1.440E+00 17 8.242E-04 6.873E+00
19 2.550E-03 8.969E+00 20 1.493E-04 3.246E+01 21 2.209E-07 1.000E+02 22 3.794E-06 1.000E+02 23 4.578E-05 6.248E+00
24 2.447E-03 4.619E-01 25 1.863E-07 7.286E+01 26 3.209E-03 6.698E-01 27 1.763E-03 8.456E-01
121  25
 1 1.056E-03 1.741E+01  2 6.522E-06 2.791E+01  3 1.413E-02 1.270E+00  5 4.984E-04 2.928E+01  6 6.476E-04 8.379E+00
 7 3.812E-05 7.079E+00  8 4.000E-05 2.044E+01  9 1.034E-05 3.668E+01 10 1.273E-02 1.956E+00 11 2.677E-04 1.078E+01
12 9.654E-04 2.752E+00 13 7.357E-03 7.939E-01 14 3.139E-06 9.010E+01 15 9.409E-04 9.691E+00 16 1.054E-03 8.047E-01
17 7.333E-04 7.269E+00 19 2.841E-03 8.673E+00 20 1.364E-04 4.087E+01 21 8.064E-06 5.731E+01 22 5.435E-06 4.472E+01
23 4.856E-05 5.427E+00 24 2.442E-03 3.650E-01 25 2.383E-07 5.661E+01 26 3.203E-03 5.497E-01 27 1.750E-03 6.110E-01
122  25
 1 1.241E-03 1.143E+01  2 5.211E-06 3.999E+01  3 1.591E-02 1.181E+00  4 4.024E-06 1.000E+02  5 3.143E-04 3.156E+01
 6 6.149E-04 7.789E+00  7 2.916E-05 1.065E+01  8 2.569E-05 1.989E+01  9 7.275E-06 6.765E+01 10 1.336E-02 1.933E+00
11 2.228E-04 8.486E+00 12 9.463E-04 2.321E+00 13 7.724E-03 1.105E+00 15 1.004E-03 6.679E+00 16 1.026E-03 1.092E+00
17 7.085E-04 7.537E+00 19 3.308E-03 7.728E+00 20 1.788E-04 3.223E+01 21 4.210E-06 5.154E+01 22 1.087E-05 7.653E+01
23 6.052E-05 7.881E+00 24 2.392E-03 3.900E-01 25 2.345E-07 5.971E+01 26 2.292E-03 6.548E-01 27 1.097E-03 9.843E-01
123  25
 1 9.922E-04 1.262E+01  2 8.536E-06 2.490E+01  3 1.681E-02 7.984E-01  4 6.890E-05 8.974E+01  5 6.654E-05 3.648E+01
 6 5.429E-04 7.732E+00  7 4.703E-05 1.095E+01  8 6.132E-05 1.691E+01  9 1.241E-05 5.785E+01 10 1.231E-02 1.151E+00
11 2.113E-04 6.858E+00 12 8.426E-04 3.061E+00 13 7.442E-03 6.891E-01 14 1.251E-06 1.000E+02 15 7.664E-04 6.702E+00
16 1.037E-03 1.514E+00 17 6.329E-04 4.921E+00 19 3.448E-03 8.775E+00 20 1.034E-04 4.058E+01 22 9.003E-06 8.231E+01
23 5.233E-05 6.769E+00 24 2.415E-03 3.928E-01 25 1.149E-07 5.550E+01 26 2.523E-03 7.032E-01 27 1.178E-03 1.057E+00
124  25
 1 9.174E-04 1.693E+01  2 8.535E-06 3.149E+01  3 1.759E-02 9.349E-01  4 1.963E-05 1.000E+02  5 3.042E-04 3.142E+01
 6 4.864E-04 6.940E+00  7 3.569E-05 1.297E+01  8 5.219E-05 1.892E+01  9 1.269E-05 5.482E+01 10 1.086E-02 1.564E+00
11 2.229E-04 8.818E+00 12 7.714E-04 2.625E+00 13 7.164E-03 1.070E+00 15 7.151E-04 9.121E+00 16 1.019E-03 1.243E+00
17 5.762E-04 6.997E+00 19 4.027E-03 7.824E+00 20 1.421E-04 2.893E+01 21 1.141E-05 5.482E+01 22 2.663E-07 1.000E+02
23 6.399E-05 8.480E+00 24 2.413E-03 3.691E-01 25 7.520E-08 3.842E+01 26 2.709E-03 6.963E-01 27 1.322E-03 7.341E-01
125  25
 1 9.007E-04 1.774E+01  2 1.057E-05 1.959E+01  3 1.733E-02 8.600E-01  5 3.144E-04 3.134E+01  6 4.970E-04 7.895E+00
 7 3.491E-05 1.489E+01  8 4.750E-05 2.091E+01  9 6.812E-06 3.789E+01 10 9.518E-03 1.682E+00 11 1.687E-04 1.464E+01
12 6.513E-04 3.233E+00 13 6.730E-03 9.292E-01 14 8.666E-05 6.940E+01 15 5.371E-04 1.001E+01 16 1.010E-03 1.185E+00
17 5.195E-04 9.215E+00 19 4.474E-03 7.124E+00 20 2.509E-04 3.360E+01 21 1.181E-05 9.619E+01 22 8.109E-07 6.967E+01
23 7.264E-05 5.061E+00 24 2.467E-03 4.217E-01 25 2.016E-07 4.380E+01 26 3.510E-03 7.262E-01 27 1.912E-03 7.221E-01
126  25
 1 8.106E-04 2.043E+01  2 8.553E-06 2.948E+01  3 1.666E-02 1.035E+00  4 1.053E-04 8.721E+01  5 2.222E-04 3.639E+01
 6 4.063E-04 9.103E+00  7 2.735E-05 1.470E+01  8 4.111E-05 2.068E+01  9 8.781E-06 5.946E+01 10 8.725E-03 1.191E+00
11 1.705E-04 9.105E+00 12 6.345E-04 3.336E+00 13 6.618E-03 1.025E+00 15 6.404E-04 8.490E+00 16 1.015E-03 1.404E+00
17 4.235E-04 7.193E+00 19 4.695E-03 7.940E+00 20 1.700E-04 3.442E+01 21 3.345E-07 8.429E+01 22 6.592E-06 8.935E+01
23 7.557E-05 5.549E+00 24 2.455E-03 4.036E-01 25 1.691E-07 4.851E+01 26 3.525E-03 5.173E-01 27 1.910E-03 6.432E-01
127  24
 1 7.165E-04 1.540E+01  2 1.497E-05 2.092E+01  3 1.553E-02 1.459E+00  5 1.796E-04 4.844E+01  6 3.685E-04 1.152E+01
 7 2.897E-05 1.795E+01  8 3.157E-05 2.559E+01  9 5.706E-06 7.071E+01 10 7.608E-03 1.576E+00 11 1.481E-04 1.100E+01
12 5.603E-04 3.166E+00 13 6.772E-03 8.864E-01 15 4.928E-04 1.297E+01 16 1.051E-03 1.358E+00 17 4.812E-04 6.546E+00
19 7.616E-03 5.353E+00 20 3.061E-04 2.545E+01 21 5.469E-07 1.000E+02 22 4.272E-06 5.850E+01 23 9.197E-05 4.907E+00
24 2.434E-03 4.203E-01 25 4.210E-08 8.308E+01 26 3.169E-03 4.704E-01 27 1.639E-03 6.683E-01
128  25
 1 7.205E-04 2.088E+01  2 1.245E-05 2.095E+01  3 1.449E-02 1.191E+00  5 1.119E-04 3.728E+01  6 3.659E-04 8.015E+00
 7 2.586E-05 2.068E+01  8 3.250E-05 1.749E+01  9 1.362E-05 3.907E+01 10 7.172E-03 2.403E+00 11 1.577E-04 1.513E+01
12 5.618E-04 3.393E+00 13 7.178E-03 7.338E-01 14 2.094E-05 1.000E+02 15 5.412E-04 9.623E+00 16 1.040E-03 1.504E+00
17 4.703E-04 9.671E+00 19 1.220E-02 5.649E+00 20 2.083E-04 2.637E+01 21 2.489E-06 9.242E+01 22 3.148E-06 6.611E+01
23 8.817E-05 5.474E+00 24 2.428E-03 4.115E-01 25 5.695E-08 5.562E+01 26 2.628E-03 6.801E-01 27 1.268E-03 7.920E-01
129  23
 1 6.175E-04 2.193E+01  2 1.858E-05 1.821E+01  3 1.257E-02 1.113E+00  5 2.298E-04 3.219E+01  6 3.169E-04 8.898E+00
 7 2.718E-05 1.434E+01  8 2.972E-05 2.853E+01  9 8.754E-06 4.894E+01 10 6.636E-03 1.812E+00 11 1.358E-04 1.598E+01
12 5.368E-04 3.136E+00 13 7.351E-03 9.839E-01 15 4.737E-04 1.141E+01 16 1.046E-03 1.160E+00 17 3.866E-04 9.089E+00
19 1.745E-02 4.980E+00 20 2.943E-04 2.992E+01 22 5.190E-06 5.001E+01 23 1.094E-04 4.505E+00 24 2.416E-03 4.178E-01
25 1.154E-07 4.714E+01 26 2.595E-03 6.231E-01 27 1.252E-03 9.190E-01
130  24
 1 4.375E-04 1.930E+01  2 9.546E-06 3.175E+01  3 1.004E-02 1.588E+00  4 2.689E-05 1.000E+02  5 1.269E-04 5.082E+01
 6 3.539E-04 1.000E+01  7 2.479E-05 1.605E+01  8 2.423E-05 2.541E+01  9 5.074E-06 3.916E+01 10 5.467E-03 1.950E+00
11 1.247E-04 9.590E+00 12 4.704E-04 2.946E+00 13 6.820E-03 9.712E-01 15 3.806E-04 1.129E+01 16 1.066E-03 1.258E+00
17 2.756E-04 1.186E+01 19 2.085E-02 4.667E+00 20 3.052E-04 1.998E+01 22 6.660E-07 1.000E+02 23 1.040E-04 4.663E+00
24 2.459E-03 3.436E-01 25 4.552E-08 9.097E+01 26 3.221E-03 6.369E-01 27 1.667E-03 7.722E-01
131  25
 1 5.986E-04 2.002E+01  2 9.337E-06 1.935E+01  3 6.840E-03 1.599E+00  4 3.710E-05 1.000E+02  5 1.688E-04 4.281E+01
 6 2.760E-04 8.939E+00  7 1.790E-05 1.878E+01  8 3.555E-05 2.477E+01  9 8.342E-06 4.876E+01 10 3.768E-03 2.842E+00
11 1.105E-04 1.510E+01 12 4.307E-04 4.027E+00 13 6.736E-03 9.767E-01 14 1.071E-05 8.591E+01 15 3.953E-04 1.200E+01
16 1.111E-03 1.121E+00 17 3.030E-04 1.239E+01 19 2.152E-02 4.544E+00 20 2.590E-04 1.957E+01 22 4.230E-06 9.027E+01
23 1.026E-04 4.163E+00 24 2.451E-03 3.778E-01 25 1.658E-08 1.000E+02 26 3.659E-03 5.775E-01 27 1.977E-03 7.517E-01
132  24
 1 3.840E-04 2.649E+01  2 1.668E-05 1.887E+01  3 3.070E-03 2.254E+00  4 1.759E-06 1.000E+02  5 1.240E-04 6.020E+01
 6 2.292E-04 1.178E+01  7 1.055E-05 2.098E+01  8 2.472E-05 2.190E+01  9 5.050E-06 7.036E+01 10 3.298E-03 2.781E+00
11 1.013E-04 1.548E+01 12 3.842E-04 4.062E+00 13 6.715E-03 8.643E-01 15 3.166E-04 1.357E+01 16 1.121E-03 9.269E-01
17 2.656E-04 9.912E+00 19 2.365E-02 4.117E+00 20 4.268E-04 2.216E+01 21 2.733E-06 8.563E+01 23 1.190E-04 3.728E+00
24 2.473E-03 4.027E-01 25 1.715E-07 3.482E+01 26 3.728E-03 5.567E-01 27 2.029E-03 7.673E-01
133  22
 1 4.713E-04 2.207E+01  2 2.125E-05 1.747E+01  3 1.798E-03 3.146E+00  5 5.652E-05 5.015E+01  6 2.311E-04 1.233E+01
 7 1.707E-05 2.044E+01  8 2.554E-05 2.766E+01  9 2.892E-06 5.038E+01 10 3.114E-03 2.204E+00 11 9.758E-05 1.636E+01
12 3.846E-04 3.138E+00 13 7.266E-03 8.996E-01 15 3.445E-04 9.698E+00 16 9.727E-04 1.215E+00 17 3.159E-04 9.085E+00
19 2.702E-02 3.012E+00 20 3.970E-04 2.558E+01 22 1.006E-05 5.953E+01 23 1.319E-04 3.057E+00 24 2.432E-03 4.419E-01
26 2.898E-03 6.893E-01 27 1.435E-03 8.958E-01
134  23
 1 4.077E-04 2.550E+01  2 1.479E-05 2.091E+01  3 1.585E-03 4.064E+00  5 8.015E-05 4.139E+01  6 1.980E-04 1.099E+01
 7 1.860E-05 2.082E+01  8 2.253E-05 2.486E+01  9 3.823E-06 6.433E+01 10 2.828E-03 2.283E+00 11 1.020E-04 1.508E+01
12 3.559E-04 4.069E+00 13 7.090E-03 1.050E+00 15 3.474E-04 1.284E+01 16 1.004E-03 1.119E+00 17 3.109E-04 1.186E+01
19 2.985E-02 3.017E+00 20 3.327E-04 2.924E+01 22 8.666E-06 5.781E+01 23 1.487E-04 3.719E+00 24 2.411E-03 3.230E-01
25 2.580E-08 8.137E+01 26 2.651E-03 5.584E-01 27 1.261E-03 8.537E-01
135  22
 1 3.610E-04 2.876E+01  2 1.436E-05 2.117E+01  3 1.337E-03 4.430E+00  5 5.403E-05 6.472E+01  6 1.984E-04 9.973E+00
 7 1.345E-05 1.960E+01  8 1.982E-05 2.105E+01  9 5.705E-06 8.795E+01 10 2.670E-03 2.708E+00 11 9.598E-05 1.288E+01
12 3.366E-04 3.944E+00 13 7.156E-03 1.282E+00 15 3.101E-04 1.053E+01 16 9.690E-04 1.231E+00 17 2.067E-04 1.287E+01
19 2.985E-02 2.888E+00 20 3.252E-04 2.439E+01 23 1.537E-04 3.487E+00 24 2.432E-03 3.563E-01 25 7.602E-09 8.260E+01
26 2.715E-03 5.970E-01 27 1.298E-03 6.854E-01
136  23
 1 3.871E-04 2.052E+01  2 1.857E-05 1.826E+01  3 1.235E-03 5.236E+00  4 4.917E-05 1.000E+02  5 4.993E-05 4.721E+01
 6 1.731E-04 1.033E+01  7 1.225E-05 2.427E+01  8 1.328E-05 2.761E+01  9 9.486E-07 7.154E+01 10 2.091E-03 3.105E+00
11 7.312E-05 2.279E+01 12 3.066E-04 4.557E+00 13 6.110E-03 1.194E+00 14 8.868E-07 1.000E+02 15 2.362E-04 1.347E+01
16 9.605E-04 1.338E+00 17 2.349E-04 1.618E+01 19 2.628E-02 3.868E+00 20 4.545E-04 1.859E+01 23 1.641E-04 4.320E+00
24 2.464E-03 3.055E-01 26 3.702E-03 4.888E-01 27 1.988E-03 6.267E-01
137  24
 1 2.439E-04 2.704E+01  2 2.183E-05 1.481E+01  3 1.121E-03 2.938E+00  4 8.891E-06 1.000E+02  5 1.374E-04 4.366E+01
 6 1.364E-04 1.179E+01  7 1.078E-05 2.409E+01  8 1.754E-05 4.023E+01  9 5.029E-06 5.311E+01 10 1.842E-03 3.068E+00
11 7.732E-05 1.734E+01 12 2.515E-04 4.838E+00 13 5.970E-03 1.073E+00 15 2.608E-04 1.356E+01 16 9.617E-04 9.969E-01
17 1.673E-04 1.405E+01 19 2.382E-02 3.752E+00 20 4.576E-04 1.690E+01 22 3.629E-07 1.000E+02 23 1.957E-04 4.359E+00
24 2.474E-03 3.936E-01 25 1.367E-07 8.343E+01 26 3.782E-03 5.940E-01 27 2.035E-03 7.082E-01
138  24
 1 3.379E-04 2.663E+01  2 2.749E-05 1.681E+01  3 9.886E-04 3.948E+00  4 2.905E-05 1.000E+02  5 1.088E-04 4.598E+01
 6 1.822E-04 1.444E+01  7 1.543E-05 1.819E+01  8 1.565E-05 2.928E+01  9 1.769E-06 6.152E+01 10 1.803E-03 3.407E+00
11 7.276E-05 1.306E+01 12 2.663E-04 4.411E+00 13 5.834E-03 1.343E+00 15 2.170E-04 1.749E+01 16 9.651E-04 9.775E-01
17 2.259E-04 9.541E+00 19 2.191E-02 4.254E+00 20 8.130E-04 1.681E+01 22 8.130E-06 8.975E+01 23 2.077E-04 3.997E+00
24 2.477E-03 3.868E-01 25 1.302E-08 1.000E+02 26 3.561E-03 5.885E-01 27 1.886E-03 8.083E-01
139  24
 1 3.594E-04 3.471E+01  2 4.268E-05 2.128E+01  3 9.760E-04 4.202E+00  4 3.058E-05 9.279E+01  5 1.161E-04 4.175E+01
 6 1.300E-04 1.210E+01  7 1.072E-05 3.469E+01  8 1.164E-05 3.526E+01  9 2.244E-06 9.136E+01 10 1.797E-03 3.042E+00
11 6.354E-05 1.553E+01 12 2.607E-04 4.315E+00 13 5.986E-03 1.146E+00 14 4.842E-07 1.000E+02 15 2.125E-04 1.576E+01
16 9.707E-04 9.678E-01 17 1.832E-04 1.383E+01 19 2.305E-02 4.334E+00 20 7.956E-04 1.914E+01 23 2.468E-04 3.085E+00
24 2.409E-03 4.103E-01 25 1.186E-09 1.000E+02 26 2.672E-03 7.768E-01 27 1.251E-03 8.346E-01
140  23
 1 2.048E-04 2.464E+01  2 3.638E-05 1.778E+01  3 9.053E-04 4.383E+00  4 1.985E-06 1.000E+02  5 1.123E-04 5.182E+01
 6 1.242E-04 1.614E+01  7 7.463E-06 2.801E+01  8 9.098E-06 2.813E+01  9 3.689E-07 1.000E+02 10 1.514E-03 4.158E+00
11 5.508E-05 1.979E+01 12 2.383E-04 4.297E+00 13 5.745E-03 1.151E+00 15 2.255E-04 1.725E+01 16 9.888E-04 1.066E+00
17 1.849E-04 1.306E+01 19 1.872E-02 4.323E+00 20 5.640E-04 2.071E+01 23 2.640E-04 1.898E+00 24 2.413E-03 4.104E-01
25 1.889E-08 1.000E+02 26 2.670E-03 8.801E-01 27 1.252E-03 1.248E+00
141  23
 1 2.701E-04 3.210E+01  2 3.291E-05 1.465E+01  3 7.866E-04 5.582E+00  4 1.023E-04 8.095E+01  5 1.920E-04 5.300E+01
 6 1.225E-04 1.823E+01  7 1.436E-05 1.929E+01  8 9.442E-06 3.173E+01  9 1.585E-06 1.000E+02 10 1.374E-03 3.771E+00
11 4.356E-05 2.302E+01 12 2.011E-04 4.245E+00 13 5.218E-03 1.181E+00 15 2.186E-04 1.663E+01 16 9.750E-04 1.150E+00
17 2.016E-04 1.301E+01 19 1.302E-02 3.891E+00 20 8.871E-04 2.006E+01 23 2.747E-04 2.231E+00 24 2.420E-03 4.812E-01
25 2.239E-08 6.888E+01 26 3.079E-03 7.113E-01 27 1.534E-03 8.219E-01
142  23
 1 1.823E-04 4.789E+01  2 3.836E-05 1.705E+01  3 7.205E-04 4.863E+00  5 3.799E-05 6.698E+01  6 1.197E-04 1.426E+01
 7 8.202E-06 2.210E+01  8 4.357E-06 4.475E+01 10 1.251E-03 3.830E+00 11 4.059E-05 1.663E+01 12 1.894E-04 6.283E+00
13 4.690E-03 1.424E+00 14 1.077E-05 1.000E+02 15 1.816E-04 1.599E+01 16 9.671E-04 1.451E+00 17 1.534E-04 1.264E+01
19 8.448E-03 5.287E+00 20 1.071E-03 1.895E+01 22 1.776E-06 1.000E+02 23 3.003E-04 3.213E+00 24 2.460E-03 3.504E-01
25 1.105E-08 9.045E+01 26 3.785E-03 5.039E-01 27 2.014E-03 7.012E-01
143  24
 1 2.286E-04 3.278E+01  2 3.142E-05 1.566E+01  3 6.029E-04 3.494E+00  5 5.364E-05 5.537E+01  6 8.660E-05 2.039E+01
 7 5.001E-06 2.663E+01  8 1.249E-05 3.961E+01  9 9.710E-08 1.000E+02 10 9.860E-04 3.570E+00 11 5.573E-05 1.308E+01
12 1.761E-04 3.859E+00 13 4.446E-03 1.242E+00 14 4.253E-06 1.000E+02 15 1.479E-04 1.695E+01 16 9.611E-04 1.206E+00
17 1.714E-04 1.711E+01 19 5.132E-03 6.911E+00 20 9.720E-04 2.044E+01 22 4.301E-06 9.823E+01 23 3.183E-04 2.176E+00
24 2.459E-03 3.869E-01 25 1.043E-08 8.921E+01 26 3.751E-03 4.372E-01 27 1.982E-03 5.417E-01
144  22
 1 1.914E-04 2.560E+01  2 4.213E-05 1.146E+01  3 5.803E-04 5.034E+00  4 1.566E-04 4.852E+01  5 2.692E-06 7.999E+01
 6 9.101E-05 1.553E+01  7 7.869E-06 2.838E+01  8 1.440E-05 3.938E+01  9 8.554E-06 9.067E+01 10 1.002E-03 4.210E+00
11 3.198E-05 1.628E+01 12 1.683E-04 6.079E+00 13 4.429E-03 1.355E+00 15 1.630E-04 2.268E+01 16 9.519E-04 1.431E+00
17 1.192E-04 1.401E+01 19 5.280E-03 7.280E+00 20 1.231E-03 1.361E+01 23 3.870E-04 2.579E+00 24 2.410E-03 4.652E-01
26 3.097E-03 5.746E-01 27 1.537E-03 7.441E-01
145  24
 1 2.426E-04 3.619E+01  2 4.217E-05 8.744E+00  3 5.567E-04 6.045E+00  4 1.936E-05 8.546E+01  5 7.792E-05 4.338E+01
 6 1.015E-04 1.162E+01  7 5.890E-06 2.471E+01  8 1.255E-05 3.102E+01  9 4.658E-07 8.930E+01 10 9.107E-04 5.099E+00
11 4.214E-05 2.135E+01 12 1.572E-04 5.860E+00 13 4.257E-03 1.064E+00 15 1.355E-04 3.905E+01 16 9.800E-04 1.320E+00
17 1.275E-04 1.500E+01 19 4.220E-03 6.476E+00 20 1.259E-03 1.317E+01 22 1.133E-06 1.000E+02 23 4.169E-04 2.083E+00
24 2.396E-03 4.045E-01 25 1.793E-08 7.462E+01 26 2.679E-03 7.848E-01 27 1.242E-03 1.012E+00
146  22
 1 1.790E-04 2.689E+01  2 6.192E-05 1.083E+01  3 4.886E-04 5.864E+00  5 9.156E-05 4.377E+01  6 7.210E-05 2.000E+01
 7 6.828E-06 3.522E+01  8 1.255E-05 4.458E+01  9 2.454E-07 1.000E+02 10 7.590E-04 5.080E+00 11 4.770E-05 2.015E+01
12 1.382E-04 5.920E+00 13 4.002E-03 1.105E+00 15 1.407E-04 2.014E+01 16 9.857E-04 1.298E+00 17 9.715E-05 1.513E+01
19 3.316E-03 9.285E+00 20 1.330E-03 1.387E+01 23 4.756E-04 2.382E+00 24 2.369E-03 4.162E-01 25 7.783E-09 9.897E+01
26 2.671E-03 9.874E-01 27 1.231E-03 1.136E+00
147  23
 1 9.764E-05 4.580E+01  2 7.093E-05 1.146E+01  3 4.108E-04 5.162E+00  4 9.269E-06 8.361E+01  5 4.192E-05 6.885E+01
 6 9.772E-05 1.866E+01  7 5.679E-06 2.680E+01  8 1.305E-06 6.748E+01  9 3.485E-08 1.000E+02 10 6.912E-04 5.398E+00
11 4.174E-05 1.901E+01 12 1.263E-04 6.205E+00 13 3.436E-03 1.252E+00 15 1.199E-04 2.392E+01 16 9.717E-04 9.716E-01
17 8.630E-05 1.401E+01 19 3.228E-03 7.315E+00 20 1.280E-03 1.160E+01 22 1.063E-06 1.000E+02 23 5.154E-04 1.890E+00
24 2.397E-03 4.206E-01 26 3.462E-03 6.214E-01 27 1.776E-03 8.344E-01
148  23
 1 9.637E-05 3.711E+01  2 7.159E-05 1.139E+01  3 4.071E-04 6.335E+00  4 7.981E-05 7.874E+01  5 4.217E-06 6.913E+01
 6 7.609E-05 1.822E+01  7 6.713E-06 3.281E+01  8 1.782E-05 3.559E+01  9 1.901E-07 8.122E+01 10 6.691E-04 5.336E+00
11 3.451E-05 2.674E+01 12 1.101E-04 5.980E+00 13 3.183E-03 1.679E+00 15 8.552E-05 1.427E+01 16 9.732E-04 1.345E+00
17 1.016E-04 1.497E+01 19 2.695E-03 9.262E+00 20 1.792E-03 1.183E+01 23 5.679E-04 2.200E+00 24 2.408E-03 3.825E-01
25 1.403E-08 9.540E+01 26 3.730E-03 5.604E-01 27 1.961E-03 7.460E-01
149  25
 1 1.239E-04 5.489E+01  2 7.926E-05 1.035E+01  3 4.144E-04 6.595E+00  4 5.697E-05 6.443E+01  5 1.664E-05 6.701E+01
 6 5.346E-05 2.265E+01  7 2.515E-06 3.370E+01  8 1.398E-05 3.831E+01  9 3.484E-07 6.083E+01 10 6.127E-04 6.021E+00
11 3.464E-05 2.395E+01 12 1.200E-04 4.792E+00 13 2.814E-03 1.196E+00 15 7.238E-05 2.140E+01 16 9.719E-04 1.186E+00
17 1.175E-04 2.205E+01 19 2.607E-03 1.371E+01 20 1.685E-03 1.248E+01 21 5.413E-06 1.000E+02 22 4.371E-07 1.000E+02
23 6.195E-04 1.916E+00 24 2.386E-03 3.594E-01 25 1.290E-09 1.000E+02 26 3.694E-03 5.940E-01 27 1.938E-03 7.316E-01
150  24
 1 1.036E-04 3.708E+01  2 8.791E-05 1.052E+01  3 3.872E-04 6.510E+00  4 7.836E-05 5.558E+01  5 6.531E-05 1.000E+02
 6 8.122E-05 1.971E+01  7 3.453E-06 3.574E+01  8 6.875E-06 3.906E+01  9 9.833E-08 8.790E+01 10 6.348E-04 5.252E+00
11 2.148E-05 1.907E+01 12 9.619E-05 6.075E+00 13 2.836E-03 1.551E+00 15 8.026E-05 2.412E+01 16 1.012E-03 1.284E+00
17 1.107E-04 2.072E+01 19 2.240E-03 1.067E+01 20 2.231E-03 9.449E+00 22 5.792E-07 1.000E+02 23 7.372E-04 2.237E+00
24 2.332E-03 3.630E-01 25 2.747E-08 6.954E+01 26 2.675E-03 5.870E-01 27 1.212E-03 7.729E-01
151  23
 1 6.491E-05 3.532E+01  2 9.634E-05 6.140E+00  3 3.526E-04 6.886E+00  4 3.864E-05 5.573E+01  5 1.445E-05 9.332E+01
 6 6.136E-05 2.195E+01  7 4.942E-06 3.646E+01  8 9.849E-06 3.848E+01  9 7.573E-07 8.964E+01 10 5.063E-04 6.141E+00
11 2.907E-05 2.234E+01 12 1.001E-04 6.168E+00 13 2.585E-03 1.701E+00 15 6.442E-05 2.172E+01 16 1.028E-03 1.313E+00
17 9.266E-05 1.808E+01 19 2.115E-03 1.357E+01 20 2.531E-03 8.886E+00 21 5.335E-06 1.000E+02 23 8.631E-04 1.842E+00
24 2.298E-03 3.839E-01 26 2.617E-03 8.251E-01 27 1.166E-03 1.042E+00
152  23
 1 1.033E-04 4.762E+01  2 1.117E-04 8.452E+00  3 3.410E-04 6.990E+00  4 1.804E-05 7.425E+01  5 6.472E-07 1.000E+02
 6 5.397E-05 2.541E+01  7 7.765E-06 4.987E+01  8 6.490E-06 6.143E+01  9 6.011E-08 1.000E+02 10 4.801E-04 7.412E+00
11 1.132E-05 2.281E+01 12 8.562E-05 6.988E+00 13 2.207E-03 1.369E+00 15 9.506E-05 2.945E+01 16 1.030E-03 9.560E-01
17 6.817E-05 2.347E+01 19 1.725E-03 1.711E+01 20 2.920E-03 1.163E+01 23 9.194E-04 1.573E+00 24 2.290E-03 3.626E-01
25 2.677E-08 7.897E+01 26 2.845E-03 5.356E-01 27 1.317E-03 7.066E-01
153  23
 1 1.160E-04 4.444E+01  2 1.168E-04 6.961E+00  3 2.775E-04 7.651E+00  4 2.660E-05 8.156E+01  5 9.977E-06 1.000E+02
 6 5.629E-05 1.693E+01  7 2.149E-06 4.935E+01  8 4.282E-06 3.784E+01  9 1.635E-06 1.000E+02 10 4.292E-04 5.695E+00
11 1.759E-05 2.388E+01 12 6.738E-05 8.021E+00 13 1.833E-03 2.120E+00 15 8.962E-05 3.060E+01 16 9.984E-04 1.131E+00
17 5.380E-05 2.821E+01 19 1.503E-03 1.405E+01 20 3.048E-03 9.271E+00 23 9.935E-04 1.877E+00 24 2.300E-03 3.965E-01
25 1.025E-08 1.000E+02 26 3.678E-03 6.328E-01 27 1.887E-03 8.246E-01
154  25
 1 5.349E-05 5.480E+01  2 1.447E-04 8.230E+00  3 2.135E-04 7.555E+00  4 8.011E-05 6.388E+01  5 1.768E-06 8.342E+01
 6 4.255E-05 3.238E+01  7 5.177E-06 2.976E+01  8 1.242E-05 3.881E+01  9 2.340E-06 1.000E+02 10 3.952E-04 8.470E+00
11 1.522E-05 2.347E+01 12 7.256E-05 7.422E+00 13 1.591E-03 1.820E+00 15 5.145E-05 3.270E+01 16 1.043E-03 9.849E-01
17 9.270E-05 1.835E+01 19 1.321E-03 1.556E+01 20 3.725E-03 1.074E+01 21 4.413E-07 1.000E+02 22 2.488E-07 1.000E+02
23 1.148E-03 1.546E+00 24 2.264E-03 3.738E-01 25 8.115E-10 1.000E+02 26 3.658E-03 6.003E-01 27 1.872E-03 7.178E-01
155  22
 1 1.100E-04 4.711E+01  2 1.601E-04 7.540E+00  3 2.641E-04 1.171E+01  4 1.570E-04 8.393E+01  5 1.038E-05 1.000E+02
 6 6.108E-05 1.930E+01  7 2.291E-06 2.802E+01  8 1.730E-06 7.402E+01  9 3.061E-07 8.553E+01 10 3.349E-04 1.033E+01
11 9.726E-06 3.526E+01 12 6.870E-05 8.021E+00 13 1.393E-03 2.184E+00 15 4.166E-05 2.382E+01 16 1.071E-03 1.178E+00
17 7.643E-05 2.596E+01 19 1.261E-03 1.490E+01 20 4.357E-03 7.965E+00 23 1.319E-03 1.830E+00 24 2.185E-03 3.811E-01
26 3.109E-03 5.113E-01 27 1.508E-03 6.719E-01
156  25
 1 5.491E-05 6.353E+01  2 1.743E-04 5.008E+00  3 1.992E-04 8.935E+00  4 4.269E-04 4.374E+01  5 4.089E-05 8.021E+01
 6 4.530E-05 2.489E+01  7 4.243E-06 3.045E+01  8 8.648E-06 5.397E+01  9 2.336E-08 1.000E+02 10 2.849E-04 6.912E+00
11 2.518E-05 3.455E+01 12 6.370E-05 1.092E+01 13 1.235E-03 2.182E+00 15 5.896E-05 3.211E+01 16 1.078E-03 1.069E+00
17 3.883E-05 2.386E+01 19 8.892E-04 1.863E+01 20 5.111E-03 7.971E+00 21 8.325E-06 1.000E+02 22 1.379E-05 1.000E+02
23 1.508E-03 1.499E+00 24 2.121E-03 4.568E-01 25 2.519E-08 1.000E+02 26 2.934E-03 6.617E-01 27 1.220E-03 8.868E-01
157  22
 1 2.118E-05 5.861E+01  2 2.139E-04 5.469E+00  3 1.976E-04 1.092E+01  4 2.494E-04 3.813E+01  5 1.361E-05 6.901E+01
 6 3.551E-05 2.916E+01  7 3.084E-06 3.647E+01  8 4.853E-07 7.567E+01 10 2.891E-04 1.100E+01 11 1.696E-05 2.589E+01
12 4.854E-05 8.852E+00 13 1.110E-03 2.049E+00 15 5.090E-05 2.849E+01 16 1.128E-03 1.262E+00 17 6.446E-05 2.400E+01
19 7.850E-04 1.833E+01 20 4.812E-03 6.641E+00 23 1.715E-03 1.299E+00 24 2.073E-03 4.034E-01 25 2.748E-08 1.000E+02
26 3.050E-03 5.869E-01 27 1.251E-03 7.135E-01
158  23
 1 6.367E-05 4.270E+01  2 2.437E-04 5.428E+00  3 1.571E-04 1.130E+01  4 2.212E-04 4.156E+01  5 3.577E-06 1.000E+02
 6 3.356E-05 2.152E+01  7 3.119E-06 2.805E+01  8 2.575E-06 5.765E+01  9 2.038E-07 1.000E+02 10 3.022E-04 8.087E+00
11 1.090E-05 4.556E+01 12 5.901E-05 9.387E+00 13 1.008E-03 2.448E+00 15 4.019E-05 3.280E+01 16 1.186E-03 1.514E+00
17 3.151E-05 3.326E+01 19 8.789E-04 2.256E+01 20 5.538E-03 5.721E+00 22 2.597E-06 1.000E+02 23 1.999E-03 1.111E+00
24 1.953E-03 4.395E-01 26 2.773E-03 6.111E-01 27 1.138E-03 8.431E-01
159  22
 1 9.856E-05 8.675E+01  2 2.938E-04 6.145E+00  3 1.646E-04 1.123E+01  4 3.576E-04 5.199E+01  5 3.095E-06 1.000E+02
 6 4.689E-05 2.481E+01  7 7.221E-06 4.205E+01  8 3.307E-06 6.927E+01  9 3.418E-07 6.888E+01 10 2.277E-04 8.799E+00
11 9.310E-06 3.286E+01 12 4.737E-05 1.350E+01 13 9.247E-04 2.564E+00 15 5.609E-05 2.997E+01 16 1.281E-03 1.281E+00
17 5.516E-05 1.824E+01 19 8.410E-04 1.573E+01 20 8.156E-03 5.852E+00 23 2.506E-03 9.890E-01 24 1.754E-03 3.945E-01
26 1.689E-03 7.535E-01 27 7.973E-04 9.849E-01
160  21
 1 3.243E-05 7.939E+01  2 3.086E-04 4.675E+00  3 1.416E-04 1.179E+01  4 2.603E-04 5.874E+01  5 2.233E-05 9.601E+01
 6 3.426E-05 3.426E+01  7 2.359E-06 3.345E+01  8 2.587E-07 9.560E+01 10 2.131E-04 8.831E+00 11 1.255E-05 3.649E+01
12 3.613E-05 1.123E+01 13 7.780E-04 1.653E+00 15 2.848E-05 3.720E+01 16 4.269E-03 5.247E-01 17 4.625E-05 2.614E+01
19 5.334E-04 1.279E+01 20 1.098E-02 5.672E+00 23 3.037E-03 1.042E+00 24 1.606E-03 4.861E-01 26 1.579E-03 1.096E+00
27 7.340E-04 1.253E+00
161  21
 1 4.711E-05 5.143E+01  2 2.436E-04 4.408E+00  3 9.740E-05 9.717E+00  4 1.829E-04 4.057E+01  5 7.719E-07 1.000E+02
 6 2.275E-05 2.540E+01  7 1.554E-06 3.341E+01  8 2.266E-06 6.081E+01 10 1.761E-04 9.967E+00 11 1.208E-05 4.262E+01
12 3.168E-05 7.658E+00 13 7.691E-04 1.957E+00 15 3.133E-05 2.945E+01 16 1.037E-03 9.768E-01 17 3.174E-05 2.576E+01
19 6.266E-04 7.922E+00 20 3.443E-02 1.946E+00 23 9.037E-03 3.685E-01 24 7.195E-04 5.240E-01 26 1.651E-03 6.882E-01
27 7.115E-04 8.269E-01
162  22
 1 8.585E-06 5.248E+01  2 3.007E-04 3.646E+00  3 9.415E-05 1.474E+01  4 1.019E-04 6.515E+01  5 1.919E-06 1.000E+02
 6 1.746E-05 2.203E+01  7 1.983E-06 5.075E+01  8 7.491E-07 8.707E+01 10 1.794E-04 8.560E+00 11 1.098E-05 3.235E+01
12 3.767E-05 8.479E+00 13 7.115E-04 2.016E+00 15 3.534E-05 2.803E+01 16 1.047E-03 9.249E-01 17 2.894E-05 2.284E+01
19 5.609E-04 1.432E+01 20 5.237E-02 1.648E+00 23 9.817E-03 3.391E-01 24 6.073E-04 5.087E-01 25 1.913E-10 1.000E+02
26 1.674E-03 5.743E-01 27 6.803E-04 7.507E-01
163  21
 1 5.446E-05 5.111E+01  2 3.381E-04 4.548E+00  3 8.371E-05 9.133E+00  4 1.817E-04 5.088E+01  5 2.722E-05 9.816E+01
 6 1.418E-05 2.714E+01  7 2.410E-06 3.107E+01  8 2.605E-06 6.069E+01 10 1.621E-04 1.072E+01 11 7.060E-06 4.890E+01
12 3.402E-05 1.143E+01 13 6.226E-04 2.036E+00 15 4.117E-05 3.163E+01 16 1.028E-03 8.630E-01 17 1.942E-05 3.037E+01
19 5.238E-04 1.693E+01 20 6.511E-02 1.827E+00 23 1.026E-02 4.147E-01 24 5.228E-04 6.002E-01 26 1.678E-03 7.285E-01
27 6.569E-04 8.985E-01
164  22
 1 3.097E-05 3.836E+01  2 3.536E-04 4.656E+00  3 6.795E-05 1.393E+01  4 8.220E-05 4.110E+01  5 9.925E-06 7.627E+01
 6 1.308E-05 4.074E+01  7 2.066E-06 4.829E+01  8 4.448E-06 5.310E+01  9 8.949E-09 1.000E+02 10 1.162E-04 7.778E+00
11 1.133E-05 4.296E+01 12 2.550E-05 1.156E+01 13 5.237E-04 2.621E+00 15 2.072E-05 2.743E+01 16 1.024E-03 1.077E+00
17 1.853E-05 2.607E+01 19 4.072E-04 1.354E+01 20 6.596E-02 1.528E+00 23 1.069E-02 3.790E-01 24 4.538E-04 8.042E-01
26 1.707E-03 6.808E-01 27 6.468E-04 7.481E-01
165  22
 1 3.089E-05 9.941E+01  2 4.126E-04 2.862E+00  3 6.353E-05 1.195E+01  4 1.303E-04 3.525E+01  5 2.265E-05 6.896E+01
 6 5.998E-06 4.263E+01  7 8.652E-07 5.566E+01  8 3.018E-07 8.037E+01  9 1.302E-06 1.000E+02 10 1.168E-04 8.551E+00
11 5.058E-06 3.877E+01 12 3.093E-05 9.030E+00 13 4.649E-04 1.977E+00 15 1.916E-05 4.497E+01 16 1.009E-03 9.285E-01
17 3.291E-05 2.495E+01 19 4.775E-04 1.565E+01 20 6.142E-02 1.950E+00 23 1.102E-02 3.005E-01 24 4.033E-04 7.679E-01
26 1.756E-03 6.649E-01 27 6.450E-04 8.738E-01
166  20
 1 8.782E-06 5.917E+01  2 4.544E-04 3.598E+00  3 6.030E-05 1.333E+01  4 1.557E-04 2.983E+01  6 1.413E-05 3.337E+01
 7 1.302E-06 4.702E+01  8 3.009E-06 5.761E+01 10 8.877E-05 1.304E+01 11 9.282E-07 5.482E+01 12 1.969E-05 1.015E+01
13 4.337E-04 1.563E+00 15 1.147E-05 4.281E+01 16 1.024E-03 6.338E-01 17 2.522E-05 2.670E+01 19 4.326E-04 1.779E+01
20 5.668E-02 1.484E+00 23 1.130E-02 3.646E-01 24 3.593E-04 6.364E-01 26 1.818E-03 6.875E-01 27 6.465E-04 7.837E-01
167  20
 1 8.226E-08 1.000E+02  2 5.439E-04 2.022E+00  3 4.532E-05 1.584E+01  4 2.826E-04 2.666E+01  6 1.167E-05 3.538E+01
 7 7.692E-07 5.701E+01  8 1.311E-06 6.398E+01 10 8.949E-05 8.029E+00 11 9.018E-06 3.818E+01 12 1.903E-05 1.304E+01
13 3.681E-04 3.030E+00 15 1.037E-05 4.825E+01 16 1.016E-03 1.022E+00 17 2.044E-05 2.622E+01 19 3.878E-04 1.706E+01
20 4.953E-02 2.499E+00 23 1.164E-02 3.649E-01 24 3.170E-04 8.922E-01 26 1.887E-03 7.415E-01 27 6.470E-04 7.550E-01
168  21
 1 2.089E-05 6.686E+01  2 5.690E-04 2.638E+00  3 4.523E-05 1.012E+01  4 3.676E-04 3.686E+01  5 1.492E-05 1.000E+02
 6 1.796E-05 5.203E+01  7 2.922E-07 6.401E+01  9 9.232E-08 1.000E+02 10 8.033E-05 1.063E+01 11 8.883E-06 3.346E+01
12 1.698E-05 1.412E+01 13 3.542E-04 2.981E+00 15 2.020E-05 3.819E+01 16 1.661E-03 8.276E-01 17 1.710E-05 4.879E+01
19 3.677E-04 2.123E+01 20 4.107E-02 2.509E+00 23 1.203E-02 3.470E-01 24 2.919E-04 1.056E+00 26 2.019E-03 7.524E-01
27 6.627E-04 8.750E-01
169  21
 1 7.511E-08 1.000E+02  2 6.340E-04 2.756E+00  3 5.847E-05 1.542E+01  4 3.639E-04 3.713E+01  6 8.750E-06 2.876E+01
 7 3.699E-07 6.751E+01  8 1.369E-07 1.000E+02  9 8.212E-07 1.000E+02 10 7.631E-05 1.248E+01 11 1.198E-06 4.452E+01
12 1.491E-05 1.580E+01 13 3.275E-04 3.608E+00 15 2.521E-05 3.225E+01 16 1.075E-03 1.018E+00 17 2.499E-05 2.644E+01
19 3.034E-04 1.905E+01 20 2.135E-02 2.323E+00 23 1.317E-02 3.191E-01 24 2.583E-04 9.901E-01 26 3.214E-03 4.852E-01
27 9.176E-04 5.051E-01
170  21
 1 1.414E-05 6.583E+01  2 7.213E-04 2.364E+00  3 3.880E-05 1.493E+01  4 5.430E-04 3.445E+01  5 6.436E-06 1.000E+02
 6 9.350E-06 4.556E+01  7 5.927E-07 9.490E+01  8 1.046E-07 7.391E+01 10 7.354E-05 1.252E+01 11 4.497E-06 3.787E+01
12 1.878E-05 8.534E+00 13 2.892E-04 3.582E+00 15 6.981E-06 4.337E+01 16 1.035E-03 7.526E-01 17 1.124E-05 3.089E+01
19 1.848E-04 2.174E+01 20 1.639E-02 2.808E+00 23 1.349E-02 3.318E-01 24 2.286E-04 7.130E-01 26 3.375E-03 4.184E-01
27 9.403E-04 4.312E-01
171  21
 1 8.546E-06 1.000E+02  2 8.017E-04 2.939E+00  3 6.449E-05 1.425E+01  4 4.463E-04 2.021E+01  5 4.239E-07 1.000E+02
 6 1.120E-05 4.093E+01  7 1.474E-06 6.961E+01  8 1.261E-06 1.000E+02 10 4.587E-05 1.864E+01 11 7.476E-06 4.772E+01
12 1.419E-05 1.210E+01 13 2.529E-04 3.390E+00 15 4.828E-06 4.884E+01 16 1.008E-03 1.134E+00 17 1.247E-05 2.456E+01
19 2.886E-04 2.665E+01 20 9.549E-03 4.793E+00 23 1.367E-02 3.498E-01 24 2.036E-04 9.482E-01 26 3.466E-03 4.723E-01
27 9.514E-04 5.338E-01
172  20
 1 3.166E-07 1.000E+02  2 9.555E-04 2.324E+00  3 5.155E-05 1.516E+01  4 7.893E-04 2.422E+01  6 1.280E-06 4.249E+01
 7 3.391E-07 6.179E+01  8 7.455E-08 1.000E+02 10 5.631E-05 9.931E+00 11 7.885E-07 5.345E+01 12 1.547E-05 1.344E+01
13 2.072E-04 3.812E+00 15 4.445E-06 4.548E+01 16 9.814E-04 8.693E-01 17 9.928E-06 5.030E+01 19 2.573E-04 1.687E+01
20 8.404E-03 4.298E+00 23 1.393E-02 3.584E-01 24 1.751E-04 8.551E-01 26 3.554E-03 4.218E-01 27 9.622E-04 5.449E-01
173  20
 1 1.049E-06 5.471E+01  2 1.027E-03 1.659E+00  3 2.746E-05 1.989E+01  4 8.674E-04 2.495E+01  6 3.603E-06 3.413E+01
 7 3.731E-07 5.666E+01 10 5.881E-05 1.705E+01 11 4.505E-06 4.509E+01 12 1.002E-05 1.285E+01 13 1.898E-04 4.981E+00
14 2.021E-05 1.000E+02 15 6.432E-06 4.565E+01 16 9.715E-04 9.626E-01 17 1.387E-05 6.205E+01 19 2.018E-04 3.164E+01
20 6.762E-03 4.601E+00 23 1.403E-02 3.498E-01 24 1.563E-04 1.401E+00 26 3.618E-03 5.286E-01 27 9.722E-04 6.504E-01
174  20
 2 1.231E-03 2.228E+00  3 3.044E-05 1.820E+01  4 1.221E-03 2.382E+01  5 1.346E-05 1.000E+02  6 3.654E-06 4.542E+01
 7 6.832E-09 1.000E+02  8 7.794E-07 7.281E+01 10 3.425E-05 1.369E+01 11 4.032E-06 4.049E+01 12 8.753E-06 1.570E+01
13 1.745E-04 5.198E+00 15 5.860E-06 3.962E+01 16 9.564E-04 1.153E+00 17 1.146E-05 3.719E+01 19 1.627E-04 3.351E+01
20 5.731E-03 3.976E+00 23 1.419E-02 4.034E-01 24 1.414E-04 1.449E+00 26 3.653E-03 4.816E-01 27 9.737E-04 6.092E-01
175  21
 1 1.169E-05 7.847E+01  2 1.423E-03 1.711E+00  3 3.135E-05 1.590E+01  4 1.101E-03 2.085E+01  6 6.498E-06 5.168E+01
 7 3.994E-07 7.599E+01  8 1.360E-06 9.961E+01  9 4.359E-07 1.000E+02 10 3.820E-05 1.600E+01 11 3.596E-06 5.421E+01
12 8.933E-06 1.679E+01 13 1.635E-04 4.025E+00 15 2.677E-06 7.087E+01 16 9.707E-04 1.049E+00 17 3.944E-06 5.128E+01
19 2.184E-04 1.961E+01 20 4.820E-03 5.032E+00 23 1.445E-02 2.896E-01 24 1.305E-04 1.391E+00 26 3.733E-03 4.627E-01
27 9.836E-04 6.000E-01
176  21
 1 5.122E-06 6.935E+01  2 1.587E-03 2.037E+00  3 2.777E-05 2.218E+01  4 1.760E-03 2.438E+01  6 3.660E-06 6.992E+01
 7 1.535E-06 5.916E+01  8 5.855E-08 1.000E+02  9 5.808E-08 1.000E+02 10 5.488E-05 1.351E+01 11 1.692E-06 5.060E+01
12 8.727E-06 1.577E+01 13 1.409E-04 5.468E+00 15 5.535E-06 5.122E+01 16 9.538E-04 1.084E+00 17 9.466E-06 5.271E+01
19 1.384E-04 4.098E+01 20 3.497E-03 7.032E+00 23 1.431E-02 3.185E-01 24 1.129E-04 1.622E+00 26 3.720E-03 4.726E-01
27 9.765E-04 5.465E-01
177  19
 1 9.184E-06 1.000E+02  2 1.772E-03 1.966E+00  3 2.551E-05 1.873E+01  4 1.585E-03 1.630E+01  6 3.727E-06 4.181E+01
 7 2.649E-07 7.751E+01 10 3.053E-05 1.654E+01 11 5.383E-07 6.713E+01 12 6.200E-06 2.536E+01 13 1.303E-04 3.777E+00
15 4.206E-06 5.898E+01 16 9.428E-04 9.184E-01 17 6.840E-06 4.718E+01 19 3.567E-05 4.118E+01 20 3.394E-03 7.761E+00
23 1.443E-02 3.357E-01 24 1.042E-04 1.465E+00 26 3.785E-03 4.545E-01 27 9.767E-04 5.211E-01
178  19
 1 9.659E-06 7.853E+01  2 2.026E-03 1.352E+00  3 2.038E-05 2.592E+01  4 1.883E-03 1.844E+01  6 3.369E-06 6.808E+01
 7 4.833E-07 6.930E+01 10 3.168E-05 1.578E+01 11 2.367E-06 8.313E+01 12 8.802E-06 1.491E+01 13 1.048E-04 5.297E+00
15 2.928E-06 9.784E+01 16 9.453E-04 1.299E+00 17 1.131E-05 6.792E+01 19 1.249E-04 3.323E+01 20 3.209E-03 7.292E+00
23 1.444E-02 3.428E-01 24 9.114E-05 1.623E+00 26 3.814E-03 4.863E-01 27 9.805E-04 5.782E-01
179  20
 1 7.054E-07 6.486E+01  2 2.439E-03 1.098E+00  3 2.927E-05 2.143E+01  4 1.476E-03 1.935E+01  6 5.926E-06 5.623E+01
 7 7.187E-08 6.698E+01  8 9.932E-07 8.922E+01 10 1.496E-05 1.874E+01 11 1.319E-06 7.785E+01 12 7.957E-06 1.512E+01
13 1.029E-04 4.127E+00 15 7.043E-06 5.492E+01 16 9.230E-04 1.035E+00 17 1.504E-06 6.468E+01 19 9.689E-05 3.209E+01
20 2.883E-03 9.001E+00 23 1.464E-02 3.072E-01 24 8.496E-05 1.671E+00 26 3.894E-03 4.430E-01 27 9.872E-04 5.176E-01
180  18
 2 2.774E-03 1.213E+00  3 3.439E-05 1.718E+01  4 2.471E-03 1.760E+01  6 5.440E-06 7.263E+01  7 1.473E-07 1.000E+02
10 2.227E-05 1.365E+01 11 4.175E-07 1.000E+02 12 5.619E-06 2.156E+01 13 9.170E-05 5.717E+00 15 4.957E-06 8.634E+01
16 9.147E-04 8.626E-01 17 2.965E-06 6.288E+01 19 7.191E-05 4.709E+01 20 2.376E-03 6.880E+00 23 1.462E-02 3.202E-01
24 7.472E-05 1.421E+00 26 3.941E-03 4.235E-01 27 9.922E-04 4.607E-01
181  18
 1 5.612E-06 7.628E+01  2 3.297E-03 1.142E+00  3 1.470E-05 2.959E+01  4 2.925E-03 1.348E+01  6 3.273E-06 6.085E+01
10 1.824E-05 2.517E+01 11 7.530E-07 6.687E+01 12 4.724E-06 2.135E+01 13 8.774E-05 7.214E+00 15 2.233E-06 8.953E+01
16 9.194E-04 1.062E+00 17 2.089E-06 6.981E+01 19 1.178E-04 3.859E+01 20 2.106E-03 6.707E+00 23 1.474E-02 3.097E-01
24 6.810E-05 1.634E+00 26 4.069E-03 4.466E-01 27 1.014E-03 4.751E-01
182  19
 1 1.966E-06 6.997E+01  2 3.900E-03 1.450E+00  3 1.632E-05 2.026E+01  4 3.801E-03 1.201E+01  6 7.757E-07 9.665E+01
 7 1.433E-07 1.000E+02  8 4.359E-07 1.000E+02 10 1.739E-05 2.002E+01 12 3.460E-06 2.328E+01 13 6.970E-05 5.511E+00
15 9.995E-09 1.000E+02 16 9.271E-04 1.231E+00 17 1.145E-06 6.653E+01 19 4.787E-05 3.226E+01 20 2.061E-03 6.632E+00
23 1.494E-02 3.613E-01 24 6.054E-05 1.393E+00 26 4.248E-03 4.517E-01 27 9.841E-04 4.802E-01
183  19
 2 4.769E-03 1.108E+00  3 1.372E-05 2.672E+01  4 4.587E-03 8.921E+00  6 5.225E-06 4.626E+01  7 4.359E-08 8.429E+01
10 2.608E-05 2.543E+01 11 1.041E-06 9.276E+01 12 5.834E-06 2.256E+01 13 6.834E-05 7.668E+00 15 5.493E-06 5.422E+01
16 9.037E-04 1.075E+00 17 2.102E-07 9.601E+01 19 1.033E-04 3.760E+01 20 1.513E-03 7.885E+00 23 1.502E-02 3.075E-01
24 5.497E-05 2.307E+00 25 1.411E-09 1.000E+02 26 4.565E-03 3.721E-01 27 1.046E-03 3.864E-01
184  20
 1 2.096E-07 1.000E+02  2 6.612E-03 9.286E-01  3 1.917E-05 2.896E+01  4 6.577E-03 9.982E+00  5 3.786E-06 1.000E+02
 6 3.819E-07 7.461E+01  8 7.290E-07 1.000E+02 10 1.756E-05 2.507E+01 11 2.211E-06 9.751E+01 12 3.267E-06 3.233E+01
13 5.575E-05 5.938E+00 15 1.348E-05 9.881E+01 16 8.881E-04 8.724E-01 17 1.397E-06 6.890E+01 19 5.966E-05 3.889E+01
20 1.196E-03 8.657E+00 23 1.522E-02 3.252E-01 24 4.984E-05 2.015E+00 26 4.785E-03 4.067E-01 27 1.085E-03 4.709E-01
185  18
 1 4.278E-06 1.000E+02  2 8.634E-03 6.863E-01  3 1.839E-05 2.442E+01  4 9.892E-03 5.749E+00  6 2.224E-07 9.012E+01
10 1.717E-05 2.806E+01 11 4.426E-07 1.000E+02 12 1.604E-06 2.828E+01 13 5.045E-05 7.943E+00 15 1.211E-06 7.213E+01
16 8.808E-04 1.100E+00 17 3.935E-06 5.796E+01 19 2.417E-05 6.325E+01 20 1.080E-03 1.085E+01 23 1.533E-02 3.344E-01
24 4.359E-05 1.863E+00 26 4.892E-03 3.723E-01 27 1.100E-03 3.771E-01
186  18
 2 1.067E-02 7.345E-01  3 1.119E-05 2.448E+01  4 7.671E-02 1.959E+00  6 1.398E-08 1.000E+02  7 7.471E-07 1.000E+02
10 1.171E-05 3.042E+01 11 2.125E-06 6.980E+01 12 3.679E-06 2.672E+01 13 4.657E-05 8.086E+00 15 6.622E-06 9.239E+01
16 8.323E-04 1.074E+00 17 7.071E-06 7.634E+01 19 1.035E-04 3.836E+01 20 1.020E-03 1.166E+01 23 1.523E-02 3.108E-01
24 4.095E-05 2.718E+00 26 4.880E-03 3.983E-01 27 1.087E-03 4.643E-01
187  19
 2 1.317E-02 5.318E-01  3 6.627E-06 2.607E+01  4 8.476E-02 2.025E+00  7 1.030E-09 1.000E+02  8 3.509E-07 1.000E+02
 9 2.280E-08 1.000E+02 10 8.205E-06 2.390E+01 11 2.922E-08 1.000E+02 12 2.292E-06 3.279E+01 13 4.307E-05 9.550E+00
16 8.489E-04 8.556E-01 17 1.273E-05 6.334E+01 19 2.314E-05 5.450E+01 20 7.287E-04 9.590E+00 22 2.721E-08 1.000E+02
23 1.519E-02 3.533E-01 24 3.601E-05 3.049E+00 26 4.755E-03 5.001E-01 27 1.047E-03 4.950E-01
188  17
 2 1.570E-02 6.979E-01  3 1.761E-05 1.990E+01  4 8.650E-02 2.850E+00  6 7.537E-08 1.000E+02 10 7.831E-06 3.544E+01
11 9.878E-08 6.604E+01 12 2.383E-06 3.806E+01 13 4.028E-05 1.114E+01 15 1.654E-06 1.000E+02 16 8.311E-04 1.030E+00
17 3.224E-06 8.872E+01 19 2.710E-05 5.520E+01 20 7.348E-04 1.317E+01 23 1.510E-02 3.070E-01 24 3.269E-05 2.304E+00
26 4.561E-03 3.851E-01 27 9.895E-04 4.122E-01
189  19
 2 1.812E-02 5.358E-01  3 1.383E-05 2.186E+01  4 8.309E-02 1.849E+00  6 3.522E-06 5.478E+01  7 2.634E-08 6.893E+01
 8 2.584E-07 1.000E+02 10 8.395E-06 2.591E+01 11 9.341E-07 1.000E+02 12 2.749E-06 3.168E+01 13 3.273E-05 8.792E+00
15 1.838E-06 1.000E+02 16 8.318E-04 9.150E-01 17 1.392E-06 8.635E+01 19 1.820E-05 4.830E+01 20 7.119E-04 1.528E+01
23 1.503E-02 3.145E-01 24 2.939E-05 2.754E+00 26 4.390E-03 4.674E-01 27 9.435E-04 5.031E-01
190  15
 2 1.995E-02 5.300E-01  3 9.390E-06 3.705E+01  4 9.721E-03 7.241E+00  6 8.646E-08 1.000E+02  7 1.482E-07 1.000E+02
10 1.070E-05 2.805E+01 12 2.482E-06 1.938E+01 13 2.616E-05 1.044E+01 16 8.849E-04 1.132E+00 19 1.165E-05 5.492E+01
20 6.855E-04 2.255E+01 23 1.485E-02 2.916E-01 24 2.688E-05 3.047E+00 26 4.228E-03 3.402E-01 27 8.999E-04 3.801E-01
191  16
 2 2.152E-02 5.811E-01  3 9.002E-06 3.618E+01  4 6.810E-03 8.726E+00  6 2.972E-06 1.000E+02 10 5.487E-06 4.264E+01
12 1.118E-06 5.705E+01 13 2.783E-05 1.484E+01 15 5.290E-06 7.013E+01 16 8.723E-04 1.183E+00 17 1.434E-06 6.155E+01
19 1.066E-05 6.898E+01 20 3.395E-04 1.806E+01 23 1.486E-02 3.338E-01 24 2.544E-05 2.997E+00 26 4.226E-03 3.456E-01
27 8.965E-04 4.012E-01
192  17
 2 2.251E-02 5.750E-01  3 7.304E-06 2.797E+01  4 4.330E-03 1.124E+01  6 2.979E-06 6.522E+01  7 2.721E-08 1.000E+02
10 5.821E-06 5.027E+01 11 3.483E-06 9.754E+01 12 1.656E-06 5.520E+01 13 2.840E-05 1.242E+01 16 8.567E-04 1.337E+00
17 2.150E-07 1.000E+02 19 1.527E-05 5.781E+01 20 5.035E-04 2.306E+01 23 1.473E-02 3.148E-01 24 2.245E-05 4.141E+00
26 4.183E-03 3.655E-01 27 8.837E-04 4.149E-01
193  14
 2 2.315E-02 5.251E-01  3 6.181E-06 4.165E+01  4 4.005E-03 1.168E+01 10 3.755E-06 3.448E+01 12 1.291E-06 4.589E+01
13 2.801E-05 1.173E+01 15 6.062E-08 1.000E+02 16 8.575E-04 1.191E+00 19 1.234E-05 8.456E+01 20 2.553E-04 2.111E+01
23 1.465E-02 3.285E-01 24 2.075E-05 3.044E+00 26 4.175E-03 3.220E-01 27 8.834E-04 3.485E-01
194  16
 2 2.342E-02 5.685E-01  3 5.371E-06 4.356E+01  4 3.269E-03 1.243E+01  6 1.100E-07 1.000E+02 10 2.315E-06 6.019E+01
12 3.494E-06 3.325E+01 13 1.969E-05 1.250E+01 15 5.634E-07 1.000E+02 16 8.659E-04 1.258E+00 17 3.712E-08 1.000E+02
19 8.902E-06 6.380E+01 20 3.519E-04 2.088E+01 23 1.453E-02 3.285E-01 24 1.858E-05 3.695E+00 26 4.127E-03 3.945E-01
27 8.706E-04 4.148E-01
195  16
 2 2.336E-02 4.698E-01  3 6.748E-06 2.637E+01  4 2.631E-03 1.413E+01  6 4.805E-06 5.780E+01 10 1.181E-06 5.305E+01
12 1.943E-06 3.493E+01 13 1.905E-05 1.140E+01 15 2.628E-08 1.000E+02 16 8.734E-04 1.098E+00 17 6.313E-06 6.886E+01
19 5.590E-06 6.275E+01 20 4.685E-04 1.601E+01 23 1.439E-02 3.804E-01 24 1.633E-05 3.085E+00 26 4.078E-03 4.311E-01
27 8.577E-04 4.399E-01
196  16
 2 2.297E-02 4.717E-01  3 6.669E-06 5.109E+01  4 1.909E-03 1.409E+01  6 1.266E-07 1.000E+02  7 2.519E-08 1.000E+02
10 1.601E-06 5.828E+01 12 7.709E-07 4.373E+01 13 1.874E-05 2.039E+01 16 8.713E-04 1.189E+00 17 6.403E-06 7.312E+01
19 1.252E-06 1.000E+02 20 2.674E-04 2.210E+01 23 1.427E-02 2.972E-01 24 1.573E-05 4.231E+00 26 4.099E-03 3.401E-01
27 8.638E-04 4.292E-01
197  17
 2 2.236E-02 5.356E-01  3 8.690E-06 3.426E+01  4 1.932E-03 1.183E+01  6 4.462E-07 1.000E+02  7 3.802E-08 1.000E+02
10 2.576E-06 4.692E+01 12 1.173E-06 4.787E+01 13 1.123E-05 1.627E+01 15 1.402E-06 1.000E+02 16 8.917E-04 1.064E+00
17 2.427E-06 7.080E+01 19 3.834E-05 6.486E+01 20 2.394E-04 2.055E+01 23 1.405E-02 3.445E-01 24 1.289E-05 3.842E+00
26 4.061E-03 3.966E-01 27 8.560E-04 4.294E-01
198  17
 2 2.149E-02 5.114E-01  3 9.595E-06 4.049E+01  4 1.171E-03 1.547E+01  6 1.351E-06 8.230E+01  7 1.087E-09 1.000E+02
10 2.446E-06 5.291E+01 12 1.434E-06 4.147E+01 13 1.781E-05 1.325E+01 15 7.413E-08 7.710E+01 16 8.909E-04 1.151E+00
17 2.329E-06 1.000E+02 19 3.308E-06 6.846E+01 20 1.205E-04 2.242E+01 23 1.387E-02 3.654E-01 24 1.216E-05 3.067E+00
26 4.089E-03 3.956E-01 27 8.646E-04 3.558E-01
199  14
 2 2.031E-02 4.596E-01  3 6.224E-06 3.051E+01  4 9.896E-04 2.372E+01 10 8.711E-07 6.382E+01 12 1.406E-06 4.755E+01
13 1.368E-05 1.663E+01 16 9.139E-04 9.839E-01 17 1.632E-06 1.000E+02 19 2.870E-05 8.187E+01 20 1.873E-04 2.984E+01
23 1.354E-02 3.113E-01 24 1.099E-05 3.379E+00 26 4.061E-03 3.668E-01 27 8.604E-04 4.079E-01
200  16
 2 1.887E-02 5.502E-01  3 3.311E-06 4.458E+01  4 1.026E-03 1.945E+01  7 3.751E-09 1.000E+02  8 5.133E-08 1.000E+02
 9 3.022E-07 1.000E+02 10 1.306E-06 5.081E+01 12 4.700E-07 3.932E+01 13 5.131E-06 2.023E+01 16 9.235E-04 9.439E-01
19 4.826E-06 1.000E+02 20 1.287E-04 3.339E+01 23 1.323E-02 3.386E-01 24 8.347E-06 4.205E+00 26 4.081E-03 3.761E-01
27 8.685E-04 4.050E-01
201  17
 2 1.696E-02 6.100E-01  3 4.429E-06 3.783E+01  4 4.166E-04 3.605E+01  5 7.311E-07 1.000E+02  6 9.934E-08 8.031E+01
10 2.451E-06 5.455E+01 11 6.444E-07 7.838E+01 12 4.176E-07 7.193E+01 13 8.157E-06 1.767E+01 16 9.752E-04 7.887E-01
17 1.110E-06 5.624E+01 19 1.629E-06 8.009E+01 20 1.213E-04 3.344E+01 23 1.281E-02 3.057E-01 24 7.804E-06 4.790E+00
26 4.085E-03 3.255E-01 27 8.731E-04 3.374E-01
202  19
 1 1.785E-07 1.000E+02  2 1.478E-02 4.063E-01  3 1.449E-06 4.835E+01  4 6.160E-04 3.027E+01  5 1.028E-07 1.000E+02
 7 9.665E-08 1.000E+02  8 3.632E-07 1.000E+02 10 6.213E-07 8.403E+01 11 9.774E-07 1.000E+02 12 2.915E-07 6.283E+01
13 6.037E-06 2.099E+01 16 1.004E-03 8.929E-01 17 3.250E-06 8.500E+01 19 1.138E-05 6.181E+01 20 1.019E-04 2.691E+01
23 1.224E-02 3.116E-01 24 5.974E-06 4.369E+00 26 4.044E-03 4.290E-01 27 8.703E-04 4.527E-01
203  14
 2 1.246E-02 7.178E-01  3 6.284E-07 6.110E+01  4 5.273E-04 2.723E+01  6 1.555E-06 1.000E+02 10 1.357E-06 5.839E+01
12 1.039E-06 5.002E+01 13 7.720E-06 2.686E+01 16 1.054E-03 9.725E-01 19 3.502E-06 7.460E+01 20 1.239E-04 2.494E+01
23 1.163E-02 3.318E-01 24 5.698E-06 4.751E+00 26 4.001E-03 3.504E-01 27 8.661E-04 3.755E-01
204  12
 2 9.577E-03 6.890E-01  3 6.201E-08 5.820E+01  4 5.637E-04 2.308E+01 10 3.341E-07 7.946E+01 12 1.415E-07 9.909E+01
13 5.210E-06 2.142E+01 16 1.109E-03 9.399E-01 20 7.764E-05 3.721E+01 23 1.090E-02 3.243E-01 24 4.400E-06 7.345E+00
26 3.933E-03 3.958E-01 27 8.609E-04 4.470E-01
205  13
 2 6.425E-03 6.048E-01  3 1.458E-06 7.945E+01  4 3.554E-04 2.826E+01 10 2.860E-07 9.178E+01 12 5.825E-07 6.124E+01
13 5.430E-06 2.514E+01 16 1.168E-03 7.780E-01 19 5.652E-07 7.450E+01 20 8.397E-05 2.570E+01 23 9.822E-03 3.448E-01
24 3.193E-06 5.582E+00 26 3.737E-03 3.854E-01 27 8.317E-04 4.419E-01
206  14
 2 3.743E-03 1.035E+00  3 6.174E-07 6.035E+01  4 5.194E-04 2.376E+01  6 2.385E-07 8.995E+01 10 9.471E-07 6.006E+01
12 3.096E-08 1.000E+02 13 1.989E-06 2.740E+01 16 1.266E-03 6.787E-01 19 2.726E-06 9.026E+01 20 5.105E-05 6.234E+01
23 8.189E-03 3.702E-01 24 2.438E-06 6.754E+00 26 3.143E-03 4.414E-01 27 7.047E-04 4.627E-01
207  13
 2 2.308E-03 1.243E+00  3 3.291E-07 1.000E+02  4 1.773E-04 3.447E+01 10 4.320E-07 9.055E+01 12 1.200E-07 8.449E+01
13 2.152E-06 2.270E+01 16 1.394E-03 7.276E-01 19 5.769E-08 1.000E+02 20 1.243E-05 4.490E+01 23 5.245E-03 3.700E-01
24 1.407E-06 6.886E+00 26 1.675E-03 4.893E-01 27 3.627E-04 5.281E-01
208  14
 2 8.856E-04 1.102E+00  3 2.689E-09 1.000E+02  4 4.387E-05 3.434E+01  6 8.275E-07 1.000E+02 10 2.549E-07 7.797E+01
12 1.659E-08 8.762E+01 13 8.782E-07 4.388E+01 15 8.242E-07 1.000E+02 16 1.308E-03 5.101E-01 20 4.446E-06 8.257E+01
23 1.794E-03 4.284E-01 24 5.525E-07 9.706E+00 26 3.110E-04 7.009E-01 27 6.019E-05 8.755E-01