
    ORGAN DOSE CONVERSION FACTORS FOR AN ADULT HERMAPHRODITE
    CALCULATED FOR A VARIETY OF CT SCANNERS AND CONDITIONS.
    VALUES ARE GIVEN FOR 208 5 MM SLICES SPANNING THE BODY
    FROM 100 MM BELOW THE BOTTOM OF THE TRUNK TO THE TOP OF THE HEAD.

                     ORGANS OR REGIONS
 1 ADRENALS              10 HEART                  19 THYMUS                   
 2 BRAIN                 11 KIDNEYS                20 THYROID                  
 3 BREASTS               12 LIVER                  21 URINARY BLADDER          
 4 EYE LENSES            13 LUNGS                  22 UTERUS                   
 5 GALL BLADDER          14 OVARIES                23 HEAD REGION              
 6 STOMACH               15 PANCREAS               24 TRUNK REGION             
 7 SMALL INTESTINE       16 SKIN                   25 LEG REGION               
 8 UPPER LARGE INTESTINE 17 SPLEEN                 26 SKELETON                 
 9 LOWER LARGE INTESTINE 18 TESTICLES              27 RED MARROW               

 19 PHILIPS TOMOSCAN LX: SHAPED FILTER (ALUMINIUM)
    FOCUS TO AXIS DISTANCE IS 606 MM
    FAN ANGLE COVERS FULL WIDTH OF TRUNK
    X-RAY SPECTRUM HAS MAXIMUM ENERGY OF 120 KEV
    INITIAL FILTRATION IS 1.4 MM OF ALUMINIUM AND 0.1 MM OF COPPER

    CONVERSION FACTORS AND STATISTICAL UNCERTAINTIES(%) FOR ORGANS IN EACH SLICE
  1  16
 6 2.259E-08 1.000E+02  7 2.850E-05 1.453E+01  8 2.221E-05 3.488E+01  9 5.494E-04 7.924E+00 11 1.089E-06 7.316E+01
12 8.196E-07 3.958E+01 13 5.605E-09 1.000E+02 14 7.087E-05 6.963E+01 16 2.209E-03 9.722E-01 18 2.771E-03 5.895E+00
21 4.482E-04 1.537E+01 22 2.665E-04 2.216E+01 24 1.219E-04 2.146E+00 25 7.208E-03 2.891E-01 26 4.042E-03 5.940E-01
27 3.963E-04 1.065E+00
  2  18
 3 7.643E-06 6.915E+01  5 1.614E-06 1.000E+02  7 3.580E-05 1.427E+01  8 1.139E-05 3.447E+01  9 6.178E-04 7.065E+00
11 2.124E-06 5.356E+01 12 8.135E-07 7.480E+01 13 5.198E-07 1.000E+02 14 1.811E-05 6.469E+01 15 4.943E-07 1.000E+02
16 2.176E-03 1.067E+00 18 3.039E-03 8.837E+00 21 6.238E-04 1.621E+01 22 1.208E-04 2.725E+01 24 1.331E-04 2.136E+00
25 7.186E-03 3.384E-01 26 4.027E-03 7.466E-01 27 4.052E-04 9.332E-01
  3  16
 3 2.400E-06 1.000E+02  6 4.532E-06 5.820E+01  7 5.236E-05 1.001E+01  8 3.167E-05 2.613E+01  9 5.511E-04 8.867E+00
11 2.442E-06 5.339E+01 12 2.185E-06 4.498E+01 14 2.220E-04 5.518E+01 16 2.275E-03 1.040E+00 18 3.482E-03 7.186E+00
21 5.930E-04 1.038E+01 22 1.741E-04 2.201E+01 24 1.514E-04 1.824E+00 25 7.254E-03 3.496E-01 26 4.012E-03 7.804E-01
27 4.266E-04 1.312E+00
  4  19
 1 1.719E-06 1.000E+02  6 3.932E-06 7.443E+01  7 5.107E-05 1.062E+01  8 4.126E-05 2.582E+01  9 7.914E-04 7.778E+00
10 1.580E-06 1.000E+02 11 9.874E-06 7.796E+01 12 2.099E-06 3.855E+01 13 7.185E-07 1.000E+02 14 2.208E-05 8.264E+01
16 2.193E-03 1.247E+00 17 4.724E-06 7.301E+01 18 3.949E-03 9.682E+00 21 5.706E-04 1.218E+01 22 1.774E-04 2.482E+01
24 1.670E-04 1.645E+00 25 7.236E-03 3.064E-01 26 4.050E-03 7.348E-01 27 4.483E-04 1.144E+00
  5  16
 3 2.808E-06 1.000E+02  6 2.266E-06 1.000E+02  7 5.752E-05 1.485E+01  8 5.758E-05 2.350E+01  9 8.088E-04 7.117E+00
11 5.249E-06 6.690E+01 12 1.080E-06 6.601E+01 14 1.062E-04 4.685E+01 16 2.238E-03 8.384E-01 18 3.809E-03 6.953E+00
21 6.612E-04 1.436E+01 22 2.188E-04 2.573E+01 24 1.832E-04 1.373E+00 25 7.251E-03 2.832E-01 26 4.024E-03 5.291E-01
27 4.570E-04 8.824E-01
  6  20
 3 1.629E-06 8.630E+01  5 7.846E-05 1.000E+02  6 1.047E-06 1.000E+02  7 5.663E-05 1.189E+01  8 3.876E-05 2.830E+01
 9 8.569E-04 5.365E+00 11 1.129E-05 7.014E+01 12 8.764E-07 5.319E+01 13 6.067E-07 1.000E+02 14 2.416E-04 6.073E+01
15 1.307E-06 1.000E+02 16 2.215E-03 1.124E+00 17 2.355E-06 7.454E+01 18 4.657E-03 9.005E+00 21 9.513E-04 9.728E+00
22 2.856E-04 1.820E+01 24 2.092E-04 1.280E+00 25 7.253E-03 3.234E-01 26 4.034E-03 9.220E-01 27 4.790E-04 1.353E+00
  7  18
 3 5.827E-07 1.000E+02  6 1.717E-06 7.055E+01  7 6.142E-05 9.019E+00  8 4.636E-05 2.002E+01  9 1.016E-03 5.511E+00
10 1.802E-07 1.000E+02 11 2.003E-06 6.803E+01 12 2.463E-06 3.955E+01 14 1.536E-04 4.714E+01 15 4.170E-07 1.000E+02
16 2.215E-03 1.212E+00 18 4.433E-03 7.633E+00 21 9.711E-04 1.065E+01 22 4.133E-04 1.721E+01 24 2.334E-04 1.047E+00
25 7.252E-03 3.254E-01 26 4.019E-03 4.874E-01 27 4.998E-04 8.681E-01
  8  17
 6 4.748E-06 6.413E+01  7 6.910E-05 1.277E+01  8 3.530E-05 2.403E+01  9 1.018E-03 6.435E+00 11 8.136E-06 5.542E+01
12 7.061E-06 3.938E+01 14 2.154E-04 4.581E+01 15 5.799E-06 8.034E+01 16 2.253E-03 9.286E-01 17 5.299E-06 8.522E+01
18 5.004E-03 5.269E+00 21 1.090E-03 1.179E+01 22 3.631E-04 1.356E+01 24 2.636E-04 1.221E+00 25 7.171E-03 2.662E-01
26 3.962E-03 6.589E-01 27 5.116E-04 1.315E+00
  9  21
 1 9.084E-07 1.000E+02  3 5.376E-07 1.000E+02  5 9.017E-06 1.000E+02  6 7.141E-06 6.592E+01  7 9.327E-05 6.785E+00
 8 6.737E-05 1.204E+01  9 1.215E-03 6.564E+00 11 6.498E-06 4.178E+01 12 3.720E-06 3.774E+01 13 1.240E-08 7.677E+01
14 2.472E-04 3.587E+01 15 2.696E-06 1.000E+02 16 2.248E-03 9.629E-01 17 3.721E-07 1.000E+02 18 5.594E-03 5.761E+00
21 9.877E-04 7.772E+00 22 2.887E-04 1.569E+01 24 2.953E-04 1.152E+00 25 7.183E-03 3.043E-01 26 3.988E-03 8.419E-01
27 5.257E-04 1.459E+00
 10  18
 3 2.862E-06 1.000E+02  6 5.451E-06 5.085E+01  7 7.127E-05 9.326E+00  8 7.960E-05 1.882E+01  9 1.369E-03 6.509E+00
11 7.825E-06 5.353E+01 12 5.043E-06 4.141E+01 14 1.297E-04 4.746E+01 15 3.270E-07 8.858E+01 16 2.254E-03 9.692E-01
17 2.900E-07 1.000E+02 18 5.957E-03 5.344E+00 21 1.296E-03 1.001E+01 22 4.043E-04 1.775E+01 24 3.336E-04 9.256E-01
25 7.196E-03 3.156E-01 26 3.996E-03 5.947E-01 27 5.533E-04 1.220E+00
 11  21
 3 3.766E-06 9.383E+01  5 3.100E-06 7.129E+01  6 4.543E-06 7.560E+01  7 1.064E-04 1.255E+01  8 6.626E-05 1.899E+01
 9 1.682E-03 4.579E+00 10 8.327E-09 1.000E+02 11 4.601E-06 5.699E+01 12 1.949E-06 3.274E+01 13 2.478E-06 5.799E+01
14 4.223E-04 3.776E+01 15 2.078E-06 1.000E+02 16 2.917E-03 1.227E+00 17 8.740E-06 6.938E+01 18 9.857E-03 3.810E+00
21 1.438E-03 8.140E+00 22 5.322E-04 1.424E+01 24 3.704E-04 1.152E+00 25 7.068E-03 3.171E-01 26 3.788E-03 9.296E-01
27 5.478E-04 1.658E+00
 12  21
 3 3.747E-06 5.149E+01  5 4.494E-07 1.000E+02  6 2.094E-06 8.948E+01  7 1.062E-04 1.051E+01  8 6.947E-05 1.857E+01
 9 1.655E-03 5.240E+00 10 3.625E-08 1.000E+02 11 9.242E-06 4.274E+01 12 5.731E-06 3.048E+01 13 9.346E-07 8.874E+01
14 2.874E-04 3.220E+01 15 1.644E-06 9.736E+01 16 2.410E-03 9.426E-01 17 1.374E-06 9.508E+01 18 2.677E-02 2.654E+00
21 1.540E-03 8.357E+00 22 4.394E-04 1.374E+01 24 4.123E-04 1.241E+00 25 7.007E-03 3.700E-01 26 3.718E-03 9.072E-01
27 5.665E-04 1.214E+00
 13  20
 3 6.859E-06 4.582E+01  5 1.163E-05 1.000E+02  6 6.631E-06 5.122E+01  7 1.079E-04 1.003E+01  8 8.135E-05 1.438E+01
 9 1.989E-03 4.920E+00 11 6.812E-06 5.894E+01 12 2.946E-06 2.750E+01 13 8.588E-07 5.095E+01 14 6.870E-04 2.108E+01
15 4.634E-06 1.000E+02 16 2.430E-03 7.869E-01 17 3.617E-06 7.775E+01 18 4.304E-02 3.733E+00 21 1.746E-03 7.725E+00
22 5.909E-04 1.522E+01 24 4.720E-04 1.420E+00 25 6.907E-03 2.612E-01 26 3.654E-03 6.037E-01 27 5.815E-04 1.381E+00
 14  20
 3 8.972E-06 5.800E+01  5 7.021E-05 1.000E+02  6 3.744E-06 7.626E+01  7 1.393E-04 6.962E+00  8 9.553E-05 1.626E+01
 9 2.143E-03 3.753E+00 10 4.992E-07 1.000E+02 11 1.271E-05 5.213E+01 12 4.635E-06 2.862E+01 13 1.671E-06 8.563E+01
14 3.281E-04 2.660E+01 16 2.372E-03 1.107E+00 17 4.037E-06 5.625E+01 18 5.312E-02 2.484E+00 21 2.112E-03 7.814E+00
22 5.904E-04 1.122E+01 24 5.368E-04 8.540E-01 25 6.841E-03 3.195E-01 26 3.632E-03 8.251E-01 27 6.212E-04 1.282E+00
 15  21
 1 2.596E-07 1.000E+02  3 1.029E-05 6.966E+01  5 5.442E-05 6.696E+01  6 1.339E-05 3.867E+01  7 1.450E-04 9.724E+00
 8 1.665E-04 1.315E+01  9 2.446E-03 3.848E+00 11 1.302E-05 3.785E+01 12 9.137E-06 3.700E+01 13 1.818E-06 5.834E+01
14 4.188E-04 2.812E+01 15 1.423E-06 9.190E+01 16 2.405E-03 1.068E+00 17 1.250E-05 7.939E+01 18 6.192E-02 2.898E+00
21 1.985E-03 6.143E+00 22 7.071E-04 1.092E+01 24 6.142E-04 8.586E-01 25 6.734E-03 3.638E-01 26 3.556E-03 7.866E-01
27 6.484E-04 9.101E-01
 16  20
 3 4.842E-06 4.920E+01  5 3.714E-06 1.000E+02  6 9.688E-06 4.032E+01  7 1.548E-04 8.979E+00  8 1.548E-04 1.648E+01
 9 2.833E-03 2.927E+00 10 1.920E-07 1.000E+02 11 1.364E-05 5.108E+01 12 9.186E-06 3.581E+01 14 5.928E-04 2.965E+01
15 9.973E-06 7.145E+01 16 2.381E-03 9.778E-01 17 2.391E-06 8.342E+01 18 6.178E-02 1.572E+00 21 2.359E-03 4.639E+00
22 7.722E-04 1.446E+01 24 6.870E-04 9.572E-01 25 6.564E-03 3.556E-01 26 3.492E-03 6.027E-01 27 6.772E-04 1.348E+00
 17  20
 3 3.381E-06 4.259E+01  5 2.018E-05 1.000E+02  6 1.790E-05 3.849E+01  7 1.709E-04 7.596E+00  8 1.101E-04 1.551E+01
 9 3.097E-03 4.447E+00 11 2.907E-06 5.505E+01 12 7.056E-06 3.144E+01 13 1.491E-08 8.414E+01 14 7.105E-04 2.717E+01
15 3.131E-06 9.738E+01 16 2.375E-03 1.159E+00 17 5.325E-06 6.171E+01 18 5.940E-02 2.089E+00 21 2.423E-03 7.579E+00
22 7.109E-04 1.132E+01 24 7.720E-04 7.762E-01 25 6.357E-03 4.082E-01 26 3.392E-03 8.494E-01 27 7.277E-04 8.406E-01
 18  22
 3 7.361E-06 4.096E+01  5 6.696E-05 9.820E+01  6 5.171E-06 5.425E+01  7 2.191E-04 8.029E+00  8 1.747E-04 1.135E+01
 9 3.322E-03 3.613E+00 10 2.766E-07 7.151E+01 11 1.639E-05 4.000E+01 12 1.030E-05 2.698E+01 13 4.825E-07 8.323E+01
14 2.088E-04 3.631E+01 15 2.057E-05 4.882E+01 16 2.363E-03 9.027E-01 17 4.777E-06 4.704E+01 18 4.847E-02 2.683E+00
21 3.317E-03 5.748E+00 22 1.019E-03 1.320E+01 23 1.091E-08 1.000E+02 24 8.849E-04 8.141E-01 25 6.186E-03 3.446E-01
26 3.325E-03 8.646E-01 27 7.612E-04 1.630E+00
 19  20
 3 8.423E-06 3.906E+01  5 5.854E-05 6.873E+01  6 1.307E-05 5.199E+01  7 2.313E-04 5.929E+00  8 1.869E-04 1.051E+01
 9 3.801E-03 3.076E+00 11 2.559E-05 2.831E+01 12 9.115E-06 2.636E+01 13 3.041E-07 6.299E+01 14 1.357E-03 2.455E+01
15 2.219E-05 6.883E+01 16 2.289E-03 8.147E-01 17 8.571E-06 8.315E+01 18 3.901E-02 3.206E+00 21 3.323E-03 6.750E+00
22 1.160E-03 9.369E+00 24 1.037E-03 6.251E-01 25 5.875E-03 3.143E-01 26 3.234E-03 8.037E-01 27 8.235E-04 1.410E+00
 20  21
 1 1.868E-06 1.000E+02  3 2.034E-05 4.155E+01  6 1.397E-05 4.874E+01  7 2.784E-04 7.737E+00  8 1.779E-04 1.172E+01
 9 4.504E-03 2.822E+00 10 3.984E-08 1.000E+02 11 3.148E-05 3.728E+01 12 1.102E-05 2.062E+01 13 3.056E-06 4.689E+01
14 7.431E-04 2.481E+01 15 9.070E-06 7.034E+01 16 2.343E-03 1.058E+00 17 1.694E-07 1.000E+02 18 2.234E-02 2.718E+00
21 3.341E-03 7.346E+00 22 1.160E-03 9.586E+00 24 1.233E-03 6.129E-01 25 5.490E-03 4.157E-01 26 3.087E-03 9.405E-01
27 8.834E-04 1.338E+00
 21  21
 1 1.512E-05 1.000E+02  3 1.184E-06 1.000E+02  5 1.212E-06 7.984E+01  6 2.424E-05 6.602E+01  7 2.963E-04 6.300E+00
 8 2.221E-04 1.109E+01  9 5.992E-03 2.173E+00 10 6.211E-07 1.000E+02 11 1.080E-05 3.560E+01 12 1.327E-05 1.909E+01
14 7.857E-04 3.265E+01 15 7.162E-07 7.825E+01 16 1.939E-03 1.051E+00 17 3.561E-06 7.283E+01 18 1.166E-02 4.171E+00
21 3.812E-03 4.377E+00 22 1.131E-03 9.518E+00 24 2.729E-03 3.321E-01 25 2.532E-03 5.556E-01 26 2.822E-03 9.397E-01
27 1.394E-03 1.269E+00
 22  20
 3 2.406E-06 6.983E+01  6 2.768E-05 3.898E+01  7 2.797E-04 6.067E+00  8 1.885E-04 1.267E+01  9 6.517E-03 3.551E+00
10 5.479E-06 7.449E+01 11 1.568E-05 3.284E+01 12 1.413E-05 2.066E+01 13 1.430E-06 5.521E+01 14 7.500E-04 2.681E+01
15 9.344E-06 6.716E+01 16 1.958E-03 1.128E+00 17 1.201E-05 5.000E+01 18 9.290E-03 4.154E+00 21 4.555E-03 4.331E+00
22 1.340E-03 8.024E+00 24 2.935E-03 3.005E-01 25 2.136E-03 6.219E-01 26 2.748E-03 8.231E-01 27 1.479E-03 9.165E-01
 23  22
 1 4.278E-06 1.000E+02  3 1.078E-06 9.503E+01  5 8.009E-06 6.963E+01  6 2.312E-05 2.915E+01  7 3.652E-04 7.805E+00
 8 2.849E-04 1.122E+01  9 7.498E-03 3.095E+00 10 2.801E-06 1.000E+02 11 3.040E-05 2.572E+01 12 1.504E-05 1.463E+01
13 9.015E-07 5.624E+01 14 1.184E-03 2.148E+01 15 5.336E-06 5.799E+01 16 1.923E-03 9.469E-01 17 4.911E-06 5.481E+01
18 8.380E-03 3.703E+00 21 5.497E-03 6.160E+00 22 1.538E-03 5.974E+00 24 3.100E-03 3.242E-01 25 1.838E-03 7.210E-01
26 2.623E-03 6.423E-01 27 1.534E-03 1.252E+00
 24  21
 3 3.038E-06 9.833E+01  5 3.665E-05 7.975E+01  6 2.364E-05 3.312E+01  7 3.910E-04 5.373E+00  8 3.699E-04 9.259E+00
 9 9.236E-03 2.892E+00 10 1.604E-06 7.331E+01 11 2.376E-05 2.843E+01 12 1.719E-05 1.583E+01 13 8.304E-07 7.359E+01
14 1.442E-03 1.940E+01 15 1.578E-05 5.696E+01 16 1.905E-03 1.118E+00 17 1.861E-05 5.118E+01 18 6.865E-03 4.763E+00
21 5.446E-03 4.296E+00 22 2.027E-03 6.836E+00 24 3.222E-03 2.960E-01 25 1.620E-03 7.899E-01 26 2.538E-03 8.273E-01
27 1.556E-03 1.505E+00
 25  22
 1 3.286E-06 1.000E+02  3 8.833E-06 7.234E+01  5 7.240E-06 1.000E+02  6 4.303E-05 2.777E+01  7 4.548E-04 5.184E+00
 8 3.421E-04 8.177E+00  9 1.010E-02 2.495E+00 10 1.748E-06 6.674E+01 11 2.507E-05 2.625E+01 12 1.636E-05 1.657E+01
13 9.777E-07 7.479E+01 14 1.268E-03 2.415E+01 15 9.658E-06 5.977E+01 16 1.897E-03 1.141E+00 17 7.842E-06 5.447E+01
18 6.331E-03 6.638E+00 21 7.137E-03 4.605E+00 22 1.882E-03 8.153E+00 24 3.332E-03 3.364E-01 25 1.421E-03 7.681E-01
26 2.522E-03 8.052E-01 27 1.635E-03 1.366E+00
 26  21
 3 3.399E-06 7.468E+01  5 6.454E-05 6.217E+01  6 2.037E-05 3.162E+01  7 4.956E-04 3.990E+00  8 4.201E-04 5.944E+00
 9 1.000E-02 3.064E+00 10 7.165E-08 8.898E+01 11 2.940E-05 2.469E+01 12 1.805E-05 1.649E+01 13 1.666E-06 4.966E+01
14 1.479E-03 1.710E+01 15 2.228E-05 4.297E+01 16 1.871E-03 1.310E+00 17 2.533E-05 4.147E+01 18 5.152E-03 5.562E+00
21 7.497E-03 5.041E+00 22 2.312E-03 7.800E+00 24 3.395E-03 3.091E-01 25 1.239E-03 8.320E-01 26 2.455E-03 6.635E-01
27 1.691E-03 1.326E+00
 27  22
 1 8.150E-06 8.860E+01  3 4.642E-06 8.333E+01  5 4.500E-06 1.000E+02  6 2.716E-05 2.851E+01  7 5.304E-04 4.003E+00
 8 4.388E-04 6.621E+00  9 1.053E-02 2.384E+00 10 5.179E-06 6.737E+01 11 4.816E-05 1.943E+01 12 1.962E-05 1.917E+01
13 9.512E-07 4.395E+01 14 1.702E-03 1.981E+01 15 1.184E-05 4.605E+01 16 1.866E-03 1.314E+00 17 1.201E-05 4.069E+01
18 4.618E-03 5.889E+00 21 8.445E-03 4.576E+00 22 2.437E-03 7.368E+00 24 3.493E-03 3.346E-01 25 1.102E-03 7.841E-01
26 2.427E-03 9.847E-01 27 1.718E-03 1.468E+00
 28  22
 1 1.461E-06 1.000E+02  3 1.208E-06 1.000E+02  5 3.045E-05 9.223E+01  6 1.777E-05 3.928E+01  7 5.939E-04 4.348E+00
 8 4.569E-04 5.994E+00  9 1.068E-02 2.834E+00 10 3.765E-06 7.547E+01 11 3.748E-05 2.198E+01 12 2.394E-05 1.601E+01
13 1.952E-06 6.173E+01 14 1.969E-03 1.249E+01 15 4.331E-05 4.517E+01 16 1.828E-03 1.205E+00 17 4.121E-05 3.315E+01
18 4.475E-03 5.453E+00 21 8.917E-03 3.873E+00 22 2.955E-03 5.221E+00 24 3.549E-03 3.443E-01 25 9.946E-04 9.464E-01
26 2.372E-03 7.688E-01 27 1.717E-03 1.056E+00
 29  21
 3 1.594E-05 5.192E+01  5 4.235E-05 6.548E+01  6 2.173E-05 3.267E+01  7 6.455E-04 3.897E+00  8 5.536E-04 6.645E+00
 9 1.080E-02 2.228E+00 10 1.221E-06 6.016E+01 11 2.608E-05 2.501E+01 12 2.227E-05 1.588E+01 13 1.650E-06 3.113E+01
14 1.964E-03 1.624E+01 15 3.000E-05 4.599E+01 16 1.811E-03 8.292E-01 17 1.479E-05 3.775E+01 18 3.871E-03 6.302E+00
21 1.158E-02 4.034E+00 22 2.841E-03 7.200E+00 24 3.602E-03 3.695E-01 25 8.737E-04 7.838E-01 26 2.355E-03 8.265E-01
27 1.759E-03 1.476E+00
 30  21
 3 8.226E-08 1.000E+02  5 5.818E-05 6.883E+01  6 4.441E-05 2.655E+01  7 7.477E-04 5.705E+00  8 5.617E-04 8.365E+00
 9 9.247E-03 2.195E+00 10 1.867E-06 6.653E+01 11 5.245E-05 1.951E+01 12 2.991E-05 1.441E+01 13 3.612E-06 5.070E+01
14 2.319E-03 1.682E+01 15 3.673E-05 3.757E+01 16 1.836E-03 8.139E-01 17 2.288E-05 4.422E+01 18 3.602E-03 7.094E+00
21 1.813E-02 3.266E+00 22 2.955E-03 5.947E+00 24 3.657E-03 3.516E-01 25 7.815E-04 1.095E+00 26 2.308E-03 8.495E-01
27 1.765E-03 1.134E+00
 31  22
 1 7.806E-06 1.000E+02  3 3.713E-06 4.377E+01  5 9.230E-05 5.296E+01  6 5.179E-05 2.500E+01  7 8.382E-04 4.117E+00
 8 5.886E-04 4.085E+00  9 8.834E-03 2.570E+00 10 1.816E-06 8.493E+01 11 6.848E-05 2.083E+01 12 2.829E-05 1.771E+01
13 3.347E-06 4.683E+01 14 2.181E-03 1.749E+01 15 3.769E-05 3.834E+01 16 1.761E-03 1.448E+00 17 1.013E-05 4.598E+01
18 3.023E-03 6.184E+00 21 2.375E-02 2.562E+00 22 3.377E-03 6.302E+00 24 3.701E-03 3.629E-01 25 7.202E-04 1.106E+00
26 2.298E-03 8.198E-01 27 1.788E-03 1.123E+00
 32  22
 3 1.628E-06 7.614E+01  5 2.282E-04 3.657E+01  6 5.202E-05 2.969E+01  7 8.624E-04 3.486E+00  8 7.473E-04 7.065E+00
 9 8.827E-03 2.377E+00 10 1.116E-06 5.178E+01 11 6.653E-05 2.006E+01 12 3.793E-05 1.172E+01 13 5.216E-06 4.114E+01
14 2.816E-03 1.157E+01 15 5.566E-05 4.415E+01 16 1.801E-03 7.505E-01 17 2.902E-05 3.658E+01 18 2.575E-03 8.708E+00
21 2.458E-02 2.293E+00 22 4.366E-03 6.192E+00 23 5.749E-07 1.000E+02 24 3.746E-03 3.479E-01 25 6.209E-04 1.045E+00
26 2.290E-03 9.565E-01 27 1.829E-03 1.595E+00
 33  22
 1 3.765E-05 9.027E+01  3 1.180E-05 4.161E+01  5 1.368E-04 6.501E+01  6 3.764E-05 2.160E+01  7 9.323E-04 3.043E+00
 8 8.435E-04 5.291E+00  9 8.437E-03 3.154E+00 10 3.116E-06 4.818E+01 11 6.107E-05 2.023E+01 12 4.530E-05 1.316E+01
13 2.168E-06 4.715E+01 14 3.202E-03 1.601E+01 15 5.003E-05 3.900E+01 16 1.804E-03 8.430E-01 17 6.243E-05 3.069E+01
18 2.682E-03 9.829E+00 21 2.590E-02 2.665E+00 22 4.530E-03 4.261E+00 24 3.765E-03 3.316E-01 25 5.619E-04 8.239E-01
26 2.273E-03 6.980E-01 27 1.847E-03 1.058E+00
 34  23
 1 2.564E-05 7.855E+01  3 1.261E-05 4.900E+01  5 5.626E-05 6.051E+01  6 8.182E-05 2.246E+01  7 1.064E-03 3.151E+00
 8 9.713E-04 6.475E+00  9 8.650E-03 1.992E+00 10 9.112E-07 9.723E+01 11 9.958E-05 1.557E+01 12 4.167E-05 1.140E+01
13 2.331E-06 4.604E+01 14 3.652E-03 1.342E+01 15 1.575E-05 3.264E+01 16 1.746E-03 1.154E+00 17 4.462E-05 3.154E+01
18 1.994E-03 9.330E+00 21 2.618E-02 1.826E+00 22 4.505E-03 4.443E+00 23 1.749E-07 1.000E+02 24 3.797E-03 2.745E-01
25 5.004E-04 1.257E+00 26 2.269E-03 7.210E-01 27 1.873E-03 1.144E+00
 35  23
 1 3.875E-06 1.000E+02  3 8.748E-06 4.913E+01  5 3.039E-04 2.140E+01  6 7.694E-05 1.939E+01  7 1.220E-03 2.933E+00
 8 9.463E-04 6.346E+00  9 8.357E-03 2.051E+00 10 2.790E-06 7.051E+01 11 9.708E-05 1.524E+01 12 3.830E-05 8.091E+00
13 4.770E-06 2.960E+01 14 4.736E-03 1.337E+01 15 3.810E-05 5.485E+01 16 1.771E-03 9.423E-01 17 2.739E-05 3.455E+01
18 1.960E-03 9.011E+00 21 2.688E-02 2.294E+00 22 4.960E-03 4.007E+00 23 3.618E-09 1.000E+02 24 3.840E-03 3.198E-01
25 4.631E-04 1.273E+00 26 2.249E-03 8.101E-01 27 1.872E-03 1.114E+00
 36  23
 1 8.353E-07 8.014E+01  3 7.304E-06 5.293E+01  5 1.474E-04 5.643E+01  6 6.467E-05 2.369E+01  7 1.308E-03 3.641E+00
 8 1.049E-03 5.986E+00  9 8.318E-03 2.856E+00 10 6.834E-06 7.558E+01 11 1.180E-04 1.605E+01 12 5.856E-05 1.289E+01
13 7.679E-06 2.612E+01 14 4.782E-03 1.597E+01 15 1.069E-04 2.733E+01 16 1.761E-03 1.064E+00 17 6.115E-05 3.240E+01
18 1.736E-03 1.022E+01 21 2.818E-02 2.622E+00 22 5.898E-03 4.290E+00 23 2.278E-07 1.000E+02 24 3.855E-03 3.113E-01
25 4.103E-04 1.640E+00 26 2.268E-03 7.704E-01 27 1.901E-03 9.559E-01
 37  22
 3 8.528E-06 4.941E+01  5 1.165E-04 5.511E+01  6 1.107E-04 1.751E+01  7 1.430E-03 2.565E+00  8 1.102E-03 5.541E+00
 9 8.196E-03 2.541E+00 10 9.229E-06 5.846E+01 11 9.332E-05 1.437E+01 12 5.274E-05 1.014E+01 13 3.667E-06 2.988E+01
14 4.795E-03 1.245E+01 15 5.795E-05 3.916E+01 16 1.728E-03 1.111E+00 17 5.654E-05 2.822E+01 18 1.501E-03 9.723E+00
21 2.618E-02 2.563E+00 22 6.409E-03 4.226E+00 23 3.288E-07 1.000E+02 24 3.882E-03 3.934E-01 25 3.614E-04 1.410E+00
26 2.280E-03 6.957E-01 27 1.953E-03 8.668E-01
 38  22
 1 1.055E-05 8.381E+01  3 8.868E-06 5.810E+01  5 2.103E-04 4.674E+01  6 9.541E-05 2.445E+01  7 1.570E-03 2.629E+00
 8 1.303E-03 5.137E+00  9 8.006E-03 1.987E+00 10 6.245E-06 4.600E+01 11 1.217E-04 1.352E+01 12 6.190E-05 1.172E+01
13 3.845E-06 2.798E+01 14 4.357E-03 9.787E+00 15 4.596E-05 3.063E+01 16 1.775E-03 1.155E+00 17 4.023E-05 2.433E+01
18 1.439E-03 1.027E+01 21 2.578E-02 2.269E+00 22 6.984E-03 3.770E+00 24 3.888E-03 3.336E-01 25 3.363E-04 1.095E+00
26 2.261E-03 5.756E-01 27 1.943E-03 8.484E-01
 39  23
 1 3.322E-05 9.724E+01  3 1.075E-05 5.909E+01  5 1.742E-04 3.411E+01  6 1.176E-04 1.409E+01  7 1.816E-03 2.470E+00
 8 1.484E-03 4.760E+00  9 8.112E-03 3.417E+00 10 4.578E-06 5.862E+01 11 1.280E-04 1.431E+01 12 6.778E-05 7.892E+00
13 3.764E-06 2.167E+01 14 6.282E-03 9.411E+00 15 6.526E-05 2.619E+01 16 1.759E-03 8.654E-01 17 7.045E-05 2.244E+01
18 1.177E-03 1.304E+01 21 2.479E-02 1.957E+00 22 7.826E-03 3.331E+00 23 6.284E-08 1.000E+02 24 3.913E-03 3.617E-01
25 3.045E-04 1.671E+00 26 2.270E-03 9.985E-01 27 1.975E-03 1.291E+00
 40  24
 1 6.756E-06 8.249E+01  3 3.536E-06 6.191E+01  5 1.619E-04 3.178E+01  6 1.434E-04 1.599E+01  7 1.987E-03 2.764E+00
 8 1.527E-03 4.114E+00  9 8.295E-03 1.935E+00 10 1.192E-05 6.525E+01 11 1.249E-04 1.577E+01 12 7.501E-05 8.686E+00
13 6.530E-06 3.396E+01 14 6.230E-03 1.037E+01 15 9.143E-05 3.944E+01 16 1.796E-03 1.269E+00 17 7.122E-05 2.620E+01
18 1.157E-03 1.608E+01 19 9.996E-07 1.000E+02 21 2.480E-02 1.809E+00 22 8.609E-03 3.758E+00 23 1.597E-07 1.000E+02
24 3.952E-03 3.038E-01 25 2.630E-04 1.962E+00 26 2.296E-03 6.527E-01 27 2.013E-03 9.999E-01
 41  23
 1 2.446E-05 5.014E+01  3 9.205E-06 3.678E+01  5 3.104E-04 4.705E+01  6 1.152E-04 1.516E+01  7 2.218E-03 2.327E+00
 8 1.955E-03 3.855E+00  9 8.043E-03 1.831E+00 10 9.116E-06 2.976E+01 11 1.264E-04 1.596E+01 12 8.645E-05 1.040E+01
13 5.350E-06 3.273E+01 14 6.842E-03 8.595E+00 15 6.103E-05 2.185E+01 16 1.726E-03 1.180E+00 17 7.520E-05 2.470E+01
18 1.137E-03 1.510E+01 19 5.798E-06 1.000E+02 21 2.484E-02 2.187E+00 22 1.014E-02 2.914E+00 24 3.959E-03 3.375E-01
25 2.475E-04 1.946E+00 26 2.306E-03 1.075E+00 27 2.034E-03 1.351E+00
 42  23
 1 4.016E-05 5.716E+01  3 5.890E-06 4.658E+01  5 2.951E-04 2.951E+01  6 1.280E-04 1.637E+01  7 2.403E-03 2.422E+00
 8 1.921E-03 4.071E+00  9 8.553E-03 1.642E+00 10 1.795E-05 2.921E+01 11 2.195E-04 1.179E+01 12 1.105E-04 5.381E+00
13 1.099E-05 2.217E+01 14 9.375E-03 8.619E+00 15 3.269E-05 2.868E+01 16 1.713E-03 1.595E+00 17 6.594E-05 2.530E+01
18 9.819E-04 1.033E+01 21 2.432E-02 2.945E+00 22 1.072E-02 2.650E+00 23 4.781E-07 7.483E+01 24 3.995E-03 3.162E-01
25 2.172E-04 1.866E+00 26 2.362E-03 5.826E-01 27 2.126E-03 5.920E-01
 43  23
 1 4.022E-05 5.397E+01  3 6.412E-06 5.147E+01  5 4.385E-04 4.049E+01  6 1.974E-04 1.405E+01  7 2.674E-03 2.085E+00
 8 2.276E-03 3.658E+00  9 7.897E-03 1.850E+00 10 1.064E-05 3.190E+01 11 2.129E-04 1.516E+01 12 1.115E-04 8.640E+00
13 7.725E-06 2.875E+01 14 8.855E-03 9.243E+00 15 6.028E-05 3.527E+01 16 1.732E-03 1.067E+00 17 1.300E-04 1.905E+01
18 8.425E-04 1.270E+01 21 1.833E-02 2.601E+00 22 1.201E-02 4.472E+00 23 3.765E-09 1.000E+02 24 3.985E-03 3.682E-01
25 1.960E-04 1.740E+00 26 2.351E-03 9.253E-01 27 2.106E-03 1.232E+00
 44  25
 1 9.872E-06 7.268E+01  3 7.764E-06 6.348E+01  5 2.223E-04 4.177E+01  6 1.667E-04 1.292E+01  7 2.915E-03 2.310E+00
 8 2.597E-03 3.208E+00  9 8.579E-03 2.420E+00 10 1.192E-05 3.769E+01 11 2.143E-04 1.204E+01 12 1.265E-04 5.632E+00
13 1.070E-05 2.035E+01 14 1.061E-02 8.055E+00 15 1.044E-04 2.233E+01 16 1.716E-03 1.502E+00 17 9.005E-05 2.131E+01
18 9.001E-04 1.100E+01 19 6.621E-07 1.000E+02 20 6.272E-07 1.000E+02 21 1.094E-02 3.898E+00 22 1.358E-02 4.473E+00
23 1.958E-07 5.910E+01 24 4.015E-03 3.232E-01 25 1.768E-04 1.768E+00 26 2.424E-03 5.942E-01 27 2.198E-03 7.926E-01
 45  23
 1 1.040E-05 8.409E+01  3 1.793E-05 3.729E+01  5 3.579E-04 2.624E+01  6 1.528E-04 1.408E+01  7 3.318E-03 1.642E+00
 8 2.974E-03 2.946E+00  9 7.977E-03 2.350E+00 10 1.046E-05 2.752E+01 11 2.187E-04 1.145E+01 12 1.326E-04 7.449E+00
13 1.536E-05 2.448E+01 14 1.220E-02 6.790E+00 15 1.322E-04 1.906E+01 16 1.740E-03 1.369E+00 17 1.026E-04 1.954E+01
18 6.025E-04 2.155E+01 21 8.907E-03 2.787E+00 22 1.594E-02 3.250E+00 23 8.856E-08 6.995E+01 24 4.012E-03 2.997E-01
25 1.557E-04 2.417E+00 26 2.449E-03 5.841E-01 27 2.240E-03 9.287E-01
 46  24
 1 7.298E-05 4.386E+01  3 1.510E-05 4.515E+01  5 2.817E-04 3.974E+01  6 2.331E-04 1.205E+01  7 3.613E-03 1.580E+00
 8 3.138E-03 2.599E+00  9 8.092E-03 2.075E+00 10 2.425E-05 3.077E+01 11 2.432E-04 9.880E+00 12 1.410E-04 5.428E+00
13 1.245E-05 1.938E+01 14 1.532E-02 6.814E+00 15 9.164E-05 3.297E+01 16 1.758E-03 1.446E+00 17 8.564E-05 2.006E+01
18 5.736E-04 1.788E+01 19 3.290E-06 1.000E+02 21 7.864E-03 3.252E+00 22 2.416E-02 1.751E+00 23 1.058E-07 9.473E+01
24 4.031E-03 2.873E-01 25 1.425E-04 2.395E+00 26 2.478E-03 7.814E-01 27 2.283E-03 1.157E+00
 47  23
 1 1.794E-05 7.788E+01  3 1.413E-05 4.042E+01  5 5.895E-04 2.988E+01  6 2.441E-04 9.810E+00  7 4.004E-03 2.033E+00
 8 3.639E-03 2.552E+00  9 7.786E-03 2.580E+00 10 1.540E-05 4.311E+01 11 2.899E-04 7.048E+00 12 1.680E-04 6.058E+00
13 1.705E-05 1.220E+01 14 1.680E-02 5.919E+00 15 1.572E-04 1.796E+01 16 1.727E-03 1.337E+00 17 9.461E-05 1.986E+01
18 6.812E-04 1.982E+01 21 7.257E-03 4.888E+00 22 3.456E-02 2.802E+00 23 4.279E-08 1.000E+02 24 4.042E-03 3.151E-01
25 1.286E-04 2.146E+00 26 2.549E-03 5.582E-01 27 2.370E-03 8.512E-01
 48  23
 1 1.005E-04 4.757E+01  3 1.278E-05 4.599E+01  5 7.348E-04 2.921E+01  6 2.903E-04 1.172E+01  7 4.626E-03 9.015E-01
 8 4.307E-03 2.239E+00  9 7.857E-03 2.781E+00 10 1.266E-05 3.560E+01 11 3.035E-04 8.610E+00 12 1.909E-04 5.121E+00
13 1.467E-05 1.743E+01 14 2.377E-02 6.483E+00 15 1.989E-04 1.752E+01 16 1.704E-03 8.801E-01 17 1.652E-04 1.936E+01
18 4.244E-04 1.960E+01 21 6.112E-03 4.360E+00 22 3.927E-02 1.964E+00 23 9.105E-08 1.000E+02 24 4.069E-03 3.374E-01
25 1.137E-04 2.734E+00 26 2.671E-03 8.911E-01 27 2.505E-03 1.207E+00
 49  23
 1 3.158E-05 6.603E+01  3 2.656E-05 5.474E+01  5 8.415E-04 2.070E+01  6 2.936E-04 1.139E+01  7 4.633E-03 1.546E+00
 8 4.517E-03 2.892E+00  9 7.622E-03 2.357E+00 10 1.908E-05 2.572E+01 11 3.383E-04 9.102E+00 12 1.725E-04 7.201E+00
13 1.544E-05 1.562E+01 14 2.831E-02 6.477E+00 15 1.776E-04 1.646E+01 16 1.733E-03 9.245E-01 17 1.736E-04 2.137E+01
18 3.672E-04 1.544E+01 21 5.764E-03 6.510E+00 22 3.540E-02 2.264E+00 23 6.309E-08 1.000E+02 24 4.102E-03 2.621E-01
25 1.058E-04 3.164E+00 26 3.499E-03 6.371E-01 27 3.794E-03 9.897E-01
 50  23
 1 1.105E-04 7.003E+01  3 1.455E-05 4.326E+01  5 4.866E-04 2.651E+01  6 3.329E-04 1.103E+01  7 5.375E-03 1.449E+00
 8 7.237E-03 2.555E+00  9 7.532E-03 2.239E+00 10 1.587E-05 3.305E+01 11 3.336E-04 1.116E+01 12 1.962E-04 4.810E+00
13 1.275E-05 2.265E+01 14 2.808E-02 4.614E+00 15 2.147E-04 2.053E+01 16 1.708E-03 1.275E+00 17 2.241E-04 1.582E+01
18 5.077E-04 1.435E+01 21 4.921E-03 5.510E+00 22 3.349E-02 2.652E+00 23 6.237E-07 9.990E+01 24 4.129E-03 2.983E-01
25 9.809E-05 3.136E+00 26 3.620E-03 6.568E-01 27 3.919E-03 6.990E-01
 51  23
 1 1.525E-04 3.326E+01  3 1.284E-05 3.915E+01  5 9.340E-04 1.697E+01  6 4.782E-04 8.390E+00  7 5.854E-03 1.661E+00
 8 7.857E-03 1.405E+00  9 7.571E-03 1.826E+00 10 2.282E-05 3.302E+01 11 4.682E-04 6.051E+00 12 2.498E-04 4.686E+00
13 2.071E-05 1.659E+01 14 2.925E-02 4.496E+00 15 1.764E-04 1.476E+01 16 1.708E-03 1.060E+00 17 2.300E-04 1.186E+01
18 3.590E-04 1.826E+01 21 4.295E-03 5.182E+00 22 2.256E-02 2.805E+00 23 2.086E-07 6.847E+01 24 4.134E-03 2.914E-01
25 8.507E-05 3.158E+00 26 3.703E-03 6.086E-01 27 4.001E-03 7.276E-01
 52  25
 1 1.348E-04 3.544E+01  2 8.605E-07 1.000E+02  3 7.623E-06 4.120E+01  5 1.017E-03 2.009E+01  6 4.130E-04 9.279E+00
 7 6.831E-03 1.067E+00  8 8.402E-03 2.229E+00  9 7.850E-03 2.786E+00 10 2.315E-05 2.210E+01 11 4.572E-04 7.806E+00
12 2.547E-04 5.118E+00 13 2.142E-05 1.364E+01 14 2.832E-02 5.690E+00 15 1.662E-04 2.021E+01 16 1.692E-03 1.074E+00
17 2.197E-04 1.583E+01 18 4.052E-04 2.074E+01 19 7.761E-06 1.000E+02 21 3.694E-03 4.228E+00 22 1.436E-02 4.082E+00
23 4.380E-07 9.879E+01 24 4.161E-03 3.209E-01 25 8.032E-05 2.858E+00 26 3.738E-03 5.203E-01 27 4.057E-03 7.178E-01
 53  25
 1 1.315E-04 5.206E+01  2 6.688E-08 1.000E+02  3 1.752E-05 3.052E+01  5 7.436E-04 2.360E+01  6 4.506E-04 8.868E+00
 7 7.395E-03 1.077E+00  8 8.188E-03 2.381E+00  9 7.683E-03 2.689E+00 10 3.950E-05 1.566E+01 11 5.223E-04 5.886E+00
12 2.965E-04 5.125E+00 13 2.983E-05 1.552E+01 14 2.280E-02 5.330E+00 15 1.935E-04 1.489E+01 16 1.693E-03 1.310E+00
17 2.301E-04 1.871E+01 18 2.309E-04 2.310E+01 19 7.800E-06 1.000E+02 21 3.875E-03 5.754E+00 22 1.278E-02 3.258E+00
23 1.474E-07 9.298E+01 24 4.156E-03 3.549E-01 25 6.582E-05 3.628E+00 26 3.795E-03 6.674E-01 27 4.124E-03 8.298E-01
 54  24
 1 1.488E-04 4.041E+01  3 1.511E-05 3.971E+01  5 1.388E-03 1.929E+01  6 4.922E-04 8.863E+00  7 8.356E-03 1.201E+00
 8 8.734E-03 1.973E+00  9 7.459E-03 2.162E+00 10 2.164E-05 1.890E+01 11 5.509E-04 6.199E+00 12 3.304E-04 4.846E+00
13 2.263E-05 1.818E+01 14 1.692E-02 7.039E+00 15 2.934E-04 1.285E+01 16 1.704E-03 1.078E+00 17 2.646E-04 1.316E+01
18 2.712E-04 2.137E+01 19 8.804E-06 1.000E+02 21 3.114E-03 6.223E+00 22 1.116E-02 3.080E+00 23 4.046E-07 6.700E+01
24 4.143E-03 3.073E-01 25 5.973E-05 3.701E+00 26 3.793E-03 6.876E-01 27 4.097E-03 9.257E-01
 55  24
 1 1.081E-04 4.293E+01  3 2.205E-05 3.502E+01  5 2.053E-03 1.456E+01  6 5.473E-04 8.935E+00  7 1.415E-02 1.129E+00
 8 9.548E-03 2.921E+00  9 7.508E-03 2.785E+00 10 2.336E-05 2.549E+01 11 4.990E-04 5.277E+00 12 3.718E-04 4.493E+00
13 1.941E-05 1.457E+01 14 1.325E-02 7.042E+00 15 2.404E-04 1.761E+01 16 1.661E-03 1.035E+00 17 2.697E-04 1.392E+01
18 1.924E-04 2.105E+01 19 5.734E-06 8.539E+01 21 2.815E-03 6.858E+00 22 9.590E-03 3.183E+00 23 8.499E-07 7.085E+01
24 4.159E-03 3.236E-01 25 5.548E-05 3.002E+00 26 3.820E-03 5.841E-01 27 4.141E-03 9.117E-01
 56  24
 1 2.144E-04 3.521E+01  3 8.232E-06 4.149E+01  5 1.176E-03 1.583E+01  6 5.665E-04 5.784E+00  7 1.511E-02 8.409E-01
 8 9.677E-03 2.690E+00  9 7.639E-03 2.392E+00 10 3.641E-05 3.140E+01 11 6.965E-04 4.421E+00 12 3.863E-04 4.051E+00
13 3.083E-05 1.701E+01 14 9.843E-03 6.423E+00 15 4.019E-04 1.352E+01 16 1.707E-03 9.790E-01 17 3.489E-04 1.145E+01
18 2.661E-04 2.662E+01 19 5.837E-05 1.000E+02 21 2.433E-03 6.771E+00 22 8.849E-03 4.682E+00 23 2.666E-08 7.991E+01
24 4.152E-03 3.245E-01 25 4.894E-05 3.740E+00 26 3.760E-03 5.377E-01 27 4.072E-03 6.953E-01
 57  24
 1 2.079E-04 5.591E+01  3 4.094E-05 2.936E+01  5 1.455E-03 1.422E+01  6 8.872E-04 6.007E+00  7 1.596E-02 1.003E+00
 8 1.022E-02 1.632E+00  9 7.493E-03 2.120E+00 10 5.232E-05 1.558E+01 11 8.415E-04 6.684E+00 12 4.384E-04 3.313E+00
13 3.070E-05 1.059E+01 14 1.054E-02 7.419E+00 15 4.772E-04 1.143E+01 16 1.682E-03 1.310E+00 17 4.193E-04 1.346E+01
18 2.208E-04 2.793E+01 19 4.125E-07 1.000E+02 21 2.009E-03 5.959E+00 22 7.688E-03 3.503E+00 23 1.795E-07 6.600E+01
24 4.179E-03 3.375E-01 25 4.326E-05 4.172E+00 26 3.827E-03 7.086E-01 27 4.159E-03 1.002E+00
 58  23
 1 9.078E-05 4.373E+01  3 1.420E-05 3.356E+01  5 1.340E-03 1.647E+01  6 8.054E-04 7.498E+00  7 1.650E-02 8.091E-01
 8 1.017E-02 2.097E+00  9 6.728E-03 2.597E+00 10 4.722E-05 2.032E+01 11 9.080E-04 5.282E+00 12 5.278E-04 3.577E+00
13 3.901E-05 1.420E+01 14 9.783E-03 6.761E+00 15 5.507E-04 1.291E+01 16 1.665E-03 1.192E+00 17 4.338E-04 1.003E+01
18 1.509E-04 3.466E+01 21 2.086E-03 7.173E+00 22 6.827E-03 5.239E+00 23 7.669E-07 7.212E+01 24 4.170E-03 3.140E-01
25 4.212E-05 3.724E+00 26 3.803E-03 6.394E-01 27 4.060E-03 8.781E-01
 59  23
 1 5.590E-05 5.586E+01  3 1.708E-05 2.943E+01  5 1.413E-03 1.836E+01  6 7.722E-04 6.884E+00  7 1.706E-02 1.347E+00
 8 1.078E-02 1.816E+00  9 6.907E-03 2.546E+00 10 6.207E-05 1.546E+01 11 9.918E-04 5.769E+00 12 5.513E-04 3.964E+00
13 3.506E-05 1.284E+01 14 8.952E-03 7.562E+00 15 4.852E-04 1.430E+01 16 1.683E-03 1.192E+00 17 4.436E-04 8.972E+00
18 1.515E-04 2.623E+01 21 1.899E-03 7.421E+00 22 6.857E-03 4.248E+00 23 1.197E-06 6.890E+01 24 4.169E-03 2.961E-01
25 3.530E-05 4.650E+00 26 3.770E-03 5.108E-01 27 4.053E-03 7.096E-01
 60  25
 1 2.248E-04 2.239E+01  2 2.047E-07 1.000E+02  3 2.080E-05 4.943E+01  5 1.870E-03 2.017E+01  6 1.014E-03 5.024E+00
 7 1.729E-02 1.200E+00  8 1.112E-02 2.200E+00  9 7.120E-03 3.121E+00 10 6.699E-05 1.668E+01 11 1.069E-03 5.110E+00
12 6.162E-04 3.932E+00 13 4.195E-05 9.945E+00 14 7.797E-03 1.170E+01 15 5.928E-04 1.700E+01 16 1.701E-03 9.809E-01
17 5.339E-04 7.211E+00 18 1.622E-04 3.609E+01 19 3.448E-05 9.691E+01 21 1.845E-03 8.115E+00 22 6.184E-03 5.087E+00
23 7.779E-07 4.713E+01 24 4.147E-03 2.998E-01 25 3.373E-05 5.562E+00 26 3.697E-03 8.386E-01 27 3.959E-03 1.128E+00
 61  24
 1 2.600E-04 2.559E+01  3 2.011E-05 2.943E+01  5 2.671E-03 1.352E+01  6 1.050E-03 6.327E+00  7 1.779E-02 1.016E+00
 8 1.160E-02 1.947E+00  9 7.081E-03 2.514E+00 10 7.150E-05 2.136E+01 11 1.351E-03 3.908E+00 12 7.173E-04 2.534E+00
13 4.357E-05 1.156E+01 14 6.920E-03 9.282E+00 15 6.271E-04 6.971E+00 16 1.716E-03 9.597E-01 17 4.676E-04 8.537E+00
18 9.660E-05 2.899E+01 20 1.425E-05 9.892E+01 21 1.836E-03 9.429E+00 22 5.091E-03 4.575E+00 23 2.632E-07 6.785E+01
24 4.196E-03 2.963E-01 25 2.970E-05 5.504E+00 26 3.752E-03 5.249E-01 27 3.992E-03 7.252E-01
 62  24
 1 2.000E-04 3.582E+01  3 2.119E-05 3.363E+01  5 2.711E-03 1.233E+01  6 1.194E-03 4.082E+00  7 1.780E-02 8.914E-01
 8 1.166E-02 2.378E+00  9 6.640E-03 2.606E+00 10 8.793E-05 1.771E+01 11 1.249E-03 3.872E+00 12 7.749E-04 3.064E+00
13 5.585E-05 7.734E+00 14 5.951E-03 1.168E+01 15 8.168E-04 8.634E+00 16 1.693E-03 9.863E-01 17 6.060E-04 7.083E+00
18 1.054E-04 3.939E+01 19 1.269E-05 1.000E+02 21 1.452E-03 8.021E+00 22 4.952E-03 4.381E+00 23 7.251E-07 9.693E+01
24 4.182E-03 2.780E-01 25 2.636E-05 5.313E+00 26 3.710E-03 6.312E-01 27 3.909E-03 7.835E-01
 63  24
 1 2.697E-04 4.441E+01  3 2.955E-05 2.603E+01  5 2.655E-03 1.048E+01  6 1.305E-03 3.955E+00  7 1.793E-02 9.408E-01
 8 1.224E-02 1.580E+00  9 6.566E-03 1.992E+00 10 9.083E-05 9.941E+00 11 1.461E-03 4.637E+00 12 8.404E-04 2.590E+00
13 7.397E-05 9.646E+00 14 4.801E-03 1.597E+01 15 5.588E-04 1.039E+01 16 1.726E-03 7.656E-01 17 5.921E-04 7.901E+00
18 7.811E-05 3.322E+01 19 9.335E-06 7.504E+01 21 1.185E-03 1.147E+01 22 4.401E-03 6.031E+00 23 2.052E-06 4.320E+01
24 4.158E-03 3.418E-01 25 2.360E-05 5.724E+00 26 3.612E-03 5.226E-01 27 3.801E-03 6.871E-01
 64  24
 1 4.512E-04 3.128E+01  3 2.170E-05 2.580E+01  5 3.083E-03 1.117E+01  6 1.476E-03 5.918E+00  7 1.783E-02 1.043E+00
 8 1.274E-02 1.343E+00  9 6.495E-03 3.213E+00 10 8.612E-05 2.090E+01 11 1.637E-03 5.820E+00 12 9.696E-04 2.638E+00
13 6.575E-05 9.988E+00 14 5.192E-03 1.116E+01 15 7.538E-04 9.079E+00 16 1.692E-03 1.012E+00 17 7.352E-04 7.657E+00
18 8.617E-05 3.418E+01 19 3.726E-06 7.192E+01 21 1.190E-03 1.079E+01 22 3.991E-03 5.642E+00 23 1.100E-06 5.738E+01
24 4.151E-03 3.198E-01 25 2.341E-05 6.733E+00 26 3.465E-03 8.299E-01 27 3.581E-03 9.507E-01
 65  24
 1 4.404E-04 3.534E+01  3 3.556E-05 2.959E+01  5 3.291E-03 1.151E+01  6 1.743E-03 5.865E+00  7 1.852E-02 7.559E-01
 8 1.304E-02 1.705E+00  9 6.560E-03 2.498E+00 10 7.908E-05 2.363E+01 11 2.105E-03 3.479E+00 12 1.128E-03 2.331E+00
13 8.740E-05 8.550E+00 14 5.446E-03 1.162E+01 15 1.000E-03 9.135E+00 16 1.720E-03 1.192E+00 17 9.768E-04 6.792E+00
18 5.298E-05 5.135E+01 19 4.072E-05 7.450E+01 21 1.242E-03 1.021E+01 22 3.724E-03 6.625E+00 23 3.748E-07 6.874E+01
24 4.129E-03 2.876E-01 25 1.947E-05 5.843E+00 26 2.690E-03 6.864E-01 27 2.262E-03 9.801E-01
 66  24
 1 3.151E-04 2.515E+01  3 4.611E-05 2.540E+01  5 3.656E-03 1.326E+01  6 1.942E-03 4.075E+00  7 1.834E-02 1.037E+00
 8 1.404E-02 1.669E+00  9 6.011E-03 2.581E+00 10 1.195E-04 1.621E+01 11 2.292E-03 3.838E+00 12 1.217E-03 2.766E+00
13 9.184E-05 6.828E+00 14 4.852E-03 1.048E+01 15 1.070E-03 8.022E+00 16 1.732E-03 1.186E+00 17 1.024E-03 4.419E+00
18 1.034E-04 4.031E+01 19 3.604E-05 6.724E+01 21 8.040E-04 1.429E+01 22 3.337E-03 3.672E+00 23 1.198E-06 6.305E+01
24 4.119E-03 2.945E-01 25 1.585E-05 5.083E+00 26 2.546E-03 8.409E-01 27 2.105E-03 9.808E-01
 67  25
 1 7.384E-04 1.770E+01  2 4.674E-08 1.000E+02  3 3.032E-05 2.275E+01  5 2.694E-03 1.100E+01  6 2.065E-03 4.624E+00
 7 1.793E-02 8.147E-01  8 1.469E-02 1.858E+00  9 5.997E-03 3.165E+00 10 9.329E-05 1.344E+01 11 2.404E-03 3.711E+00
12 1.401E-03 1.618E+00 13 9.812E-05 7.747E+00 14 3.642E-03 9.657E+00 15 9.266E-04 7.744E+00 16 1.702E-03 1.029E+00
17 9.755E-04 5.002E+00 18 6.615E-05 4.058E+01 19 3.467E-07 1.000E+02 21 8.907E-04 1.188E+01 22 3.208E-03 6.874E+00
23 1.575E-06 4.656E+01 24 4.095E-03 3.379E-01 25 1.637E-05 6.595E+00 26 2.459E-03 7.111E-01 27 1.954E-03 1.099E+00
 68  24
 1 4.995E-04 2.275E+01  3 3.938E-05 2.593E+01  5 4.484E-03 7.514E+00  6 2.344E-03 4.242E+00  7 1.738E-02 8.821E-01
 8 1.575E-02 1.687E+00  9 5.638E-03 3.240E+00 10 1.592E-04 1.163E+01 11 2.730E-03 2.365E+00 12 1.555E-03 2.107E+00
13 9.772E-05 8.433E+00 14 3.478E-03 9.706E+00 15 1.142E-03 8.172E+00 16 1.747E-03 1.264E+00 17 1.125E-03 7.564E+00
18 8.368E-05 5.405E+01 19 1.632E-05 7.990E+01 21 5.155E-04 1.602E+01 22 2.233E-03 5.933E+00 23 1.179E-06 5.063E+01
24 4.095E-03 3.001E-01 25 1.362E-05 7.891E+00 26 2.420E-03 1.171E+00 27 1.900E-03 1.725E+00
 69  25
 1 4.806E-04 2.180E+01  3 5.782E-05 2.164E+01  5 5.497E-03 1.122E+01  6 2.665E-03 3.367E+00  7 1.579E-02 7.875E-01
 8 2.488E-02 1.504E+00  9 3.331E-03 3.616E+00 10 1.341E-04 1.403E+01 11 3.252E-03 2.625E+00 12 1.707E-03 1.765E+00
13 1.295E-04 8.337E+00 14 2.244E-03 2.168E+01 15 1.240E-03 9.247E+00 16 1.708E-03 1.127E+00 17 1.235E-03 4.891E+00
18 2.313E-05 4.926E+01 19 4.781E-06 7.297E+01 20 4.998E-05 1.000E+02 21 6.125E-04 1.175E+01 22 2.445E-03 5.534E+00
23 5.821E-07 9.301E+01 24 4.094E-03 3.495E-01 25 1.331E-05 8.896E+00 26 2.379E-03 9.446E-01 27 1.845E-03 1.329E+00
 70  24
 1 6.562E-04 1.861E+01  3 5.788E-05 1.878E+01  5 5.463E-03 9.228E+00  6 2.961E-03 4.329E+00  7 1.334E-02 9.377E-01
 8 2.368E-02 1.110E+00  9 3.053E-03 3.674E+00 10 1.541E-04 1.182E+01 11 3.733E-03 2.273E+00 12 1.947E-03 1.758E+00
13 1.200E-04 6.362E+00 14 2.666E-03 1.838E+01 15 1.401E-03 5.431E+00 16 1.706E-03 1.445E+00 17 1.437E-03 4.512E+00
18 9.142E-05 4.088E+01 19 5.582E-05 6.035E+01 21 6.943E-04 1.152E+01 22 2.373E-03 6.972E+00 23 8.077E-07 4.250E+01
24 4.107E-03 3.294E-01 25 1.155E-05 6.551E+00 26 2.356E-03 9.872E-01 27 1.757E-03 1.454E+00
 71  24
 1 8.157E-04 2.760E+01  3 5.758E-05 1.826E+01  5 5.567E-03 8.329E+00  6 3.323E-03 3.998E+00  7 1.222E-02 8.938E-01
 8 1.930E-02 1.332E+00  9 2.699E-03 3.239E+00 10 2.052E-04 7.116E+00 11 4.033E-03 2.167E+00 12 2.130E-03 1.675E+00
13 1.524E-04 7.243E+00 14 2.485E-03 1.641E+01 15 1.809E-03 9.010E+00 16 1.685E-03 1.072E+00 17 1.770E-03 4.608E+00
18 3.522E-05 6.519E+01 19 7.839E-06 7.223E+01 21 5.461E-04 1.165E+01 22 2.222E-03 8.593E+00 23 1.520E-06 4.372E+01
24 4.112E-03 3.194E-01 25 1.168E-05 6.742E+00 26 2.344E-03 8.920E-01 27 1.733E-03 1.392E+00
 72  25
 1 9.500E-04 1.608E+01  2 1.081E-07 1.000E+02  3 6.553E-05 1.777E+01  5 6.460E-03 1.100E+01  6 3.895E-03 3.542E+00
 7 1.165E-02 1.082E+00  8 1.936E-02 1.565E+00  9 2.228E-03 4.410E+00 10 1.892E-04 1.136E+01 11 4.595E-03 1.938E+00
12 2.516E-03 1.503E+00 13 1.548E-04 6.405E+00 14 2.119E-03 1.277E+01 15 1.716E-03 7.586E+00 16 1.720E-03 1.254E+00
17 1.870E-03 3.871E+00 18 3.192E-05 6.670E+01 19 4.776E-06 1.000E+02 21 7.160E-04 1.820E+01 22 1.700E-03 5.722E+00
23 7.808E-07 6.699E+01 24 4.107E-03 2.826E-01 25 1.025E-05 8.908E+00 26 2.326E-03 9.485E-01 27 1.704E-03 1.491E+00
 73  25
 1 1.033E-03 1.665E+01  2 8.609E-09 1.000E+02  3 8.906E-05 1.834E+01  5 8.400E-03 8.483E+00  6 4.311E-03 3.723E+00
 7 1.133E-02 8.934E-01  8 2.259E-02 1.113E+00  9 2.066E-03 4.292E+00 10 2.407E-04 7.564E+00 11 5.137E-03 2.872E+00
12 2.785E-03 1.645E+00 13 1.766E-04 5.045E+00 14 1.981E-03 1.321E+01 15 2.024E-03 8.302E+00 16 1.726E-03 1.049E+00
17 2.052E-03 3.504E+00 18 5.571E-06 6.689E+01 19 4.042E-05 5.848E+01 21 5.679E-04 1.261E+01 22 1.885E-03 7.871E+00
23 7.253E-07 6.488E+01 24 4.095E-03 2.947E-01 25 1.019E-05 9.837E+00 26 2.299E-03 8.622E-01 27 1.625E-03 1.054E+00
 74  25
 1 8.975E-04 1.535E+01  2 6.365E-09 1.000E+02  3 9.276E-05 1.689E+01  5 9.198E-03 9.615E+00  6 4.776E-03 3.210E+00
 7 1.232E-02 8.319E-01  8 2.367E-02 1.191E+00  9 1.849E-03 4.352E+00 10 2.204E-04 9.689E+00 11 6.424E-03 1.629E+00
12 3.215E-03 2.049E+00 13 1.858E-04 4.844E+00 14 1.631E-03 1.919E+01 15 2.269E-03 5.972E+00 16 1.735E-03 1.244E+00
17 2.228E-03 4.687E+00 18 3.669E-05 6.053E+01 19 4.632E-05 7.091E+01 21 3.745E-04 1.815E+01 22 1.339E-03 9.520E+00
23 1.602E-06 3.681E+01 24 4.083E-03 3.170E-01 25 8.155E-06 9.094E+00 26 2.264E-03 8.604E-01 27 1.611E-03 1.527E+00
 75  25
 1 1.507E-03 1.582E+01  2 6.890E-07 7.164E+01  3 6.947E-05 2.228E+01  5 1.009E-02 7.364E+00  6 6.299E-03 1.997E+00
 7 7.303E-03 1.689E+00  8 1.084E-02 1.489E+00  9 1.632E-03 4.054E+00 10 2.845E-04 1.029E+01 11 8.195E-03 2.434E+00
12 4.943E-03 1.508E+00 13 2.230E-04 6.464E+00 14 1.376E-03 1.934E+01 15 2.480E-03 4.584E+00 16 1.699E-03 1.072E+00
17 2.340E-03 5.150E+00 18 5.359E-05 6.697E+01 19 5.220E-07 1.000E+02 21 4.491E-04 1.511E+01 22 1.313E-03 8.156E+00
23 2.692E-06 3.312E+01 24 4.094E-03 3.909E-01 25 8.774E-06 9.098E+00 26 2.278E-03 7.603E-01 27 1.629E-03 1.227E+00
 76  25
 1 1.177E-03 2.599E+01  2 5.284E-08 1.000E+02  3 1.002E-04 1.717E+01  5 1.113E-02 6.784E+00  6 8.014E-03 3.143E+00
 7 6.452E-03 1.462E+00  8 9.089E-03 2.411E+00  9 1.686E-03 3.499E+00 10 3.298E-04 1.047E+01 11 1.107E-02 1.432E+00
12 5.506E-03 1.327E+00 13 2.358E-04 8.040E+00 14 1.130E-03 2.286E+01 15 2.514E-03 6.107E+00 16 1.706E-03 1.014E+00
17 2.834E-03 4.641E+00 18 4.508E-05 4.147E+01 19 5.561E-05 6.853E+01 21 4.568E-04 1.595E+01 22 1.344E-03 7.945E+00
23 1.491E-06 2.808E+01 24 4.101E-03 3.382E-01 25 5.958E-06 1.171E+01 26 2.288E-03 6.732E-01 27 1.574E-03 1.225E+00
 77  25
 1 1.580E-03 1.753E+01  2 8.640E-08 1.000E+02  3 9.097E-05 1.089E+01  5 2.123E-02 5.231E+00  6 9.694E-03 2.525E+00
 7 5.753E-03 1.331E+00  8 8.319E-03 2.425E+00  9 1.339E-03 5.056E+00 10 3.627E-04 7.918E+00 11 1.422E-02 1.648E+00
12 6.284E-03 9.009E-01 13 2.517E-04 5.461E+00 14 1.541E-03 2.382E+01 15 3.107E-03 6.094E+00 16 1.719E-03 1.193E+00
17 3.048E-03 2.997E+00 18 3.902E-06 1.000E+02 19 1.119E-05 6.261E+01 21 3.116E-04 1.813E+01 22 8.729E-04 7.254E+00
23 2.100E-06 3.388E+01 24 4.099E-03 2.787E-01 25 5.854E-06 1.275E+01 26 2.274E-03 7.792E-01 27 1.563E-03 1.138E+00
 78  24
 1 1.148E-03 1.769E+01  3 1.026E-04 1.754E+01  5 2.248E-02 3.933E+00  6 1.029E-02 1.962E+00  7 5.123E-03 1.663E+00
 8 7.162E-03 2.202E+00  9 1.266E-03 5.542E+00 10 4.439E-04 7.580E+00 11 1.700E-02 1.591E+00 12 6.747E-03 1.150E+00
13 2.939E-04 5.091E+00 14 9.994E-04 2.458E+01 15 3.164E-03 5.366E+00 16 1.711E-03 1.261E+00 17 3.558E-03 3.470E+00
18 1.306E-07 1.000E+02 19 5.891E-05 5.463E+01 21 2.281E-04 1.884E+01 22 1.076E-03 1.073E+01 23 2.522E-06 2.253E+01
24 4.082E-03 2.914E-01 25 5.538E-06 1.048E+01 26 2.261E-03 6.701E-01 27 1.516E-03 1.101E+00
 79  26
 1 1.672E-03 1.427E+01  2 9.414E-07 8.816E+01  3 1.053E-04 1.438E+01  5 2.094E-02 5.590E+00  6 1.180E-02 2.514E+00
 7 4.708E-03 1.451E+00  8 6.563E-03 2.233E+00  9 1.044E-03 4.859E+00 10 3.646E-04 7.137E+00 11 1.967E-02 1.629E+00
12 7.362E-03 1.182E+00 13 3.037E-04 4.544E+00 14 1.425E-03 2.652E+01 15 3.912E-03 4.689E+00 16 1.710E-03 1.118E+00
17 3.839E-03 3.463E+00 18 6.665E-05 6.779E+01 19 7.796E-05 5.131E+01 20 8.123E-06 1.000E+02 21 2.468E-04 2.586E+01
22 8.917E-04 1.063E+01 23 2.470E-06 2.351E+01 24 4.109E-03 3.335E-01 25 5.707E-06 9.247E+00 26 2.293E-03 7.380E-01
27 1.526E-03 1.297E+00
 80  25
 1 1.812E-03 1.609E+01  3 1.252E-04 1.415E+01  5 2.201E-02 5.372E+00  6 1.218E-02 1.803E+00  7 4.040E-03 1.657E+00
 8 5.692E-03 2.386E+00  9 1.057E-03 6.341E+00 10 4.640E-04 8.745E+00 11 2.115E-02 1.230E+00 12 7.938E-03 7.834E-01
13 3.187E-04 4.537E+00 14 6.701E-04 3.310E+01 15 3.925E-03 4.311E+00 16 1.702E-03 1.019E+00 17 4.573E-03 3.723E+00
18 2.711E-05 8.152E+01 19 8.687E-05 4.608E+01 20 6.710E-06 1.000E+02 21 2.390E-04 2.571E+01 22 8.166E-04 1.091E+01
23 3.747E-06 3.000E+01 24 4.095E-03 2.832E-01 25 4.687E-06 1.312E+01 26 2.340E-03 6.973E-01 27 1.556E-03 1.429E+00
 81  26
 1 1.889E-03 1.001E+01  2 4.742E-07 9.958E+01  3 1.131E-04 1.178E+01  5 2.144E-02 6.235E+00  6 1.372E-02 2.375E+00
 7 3.774E-03 1.450E+00  8 5.494E-03 2.289E+00  9 9.210E-04 7.788E+00 10 4.928E-04 5.640E+00 11 2.340E-02 1.482E+00
12 8.642E-03 1.054E+00 13 4.035E-04 3.892E+00 14 8.950E-04 2.331E+01 15 4.276E-03 4.559E+00 16 1.672E-03 9.081E-01
17 5.037E-03 3.615E+00 18 2.818E-07 1.000E+02 19 8.225E-05 5.017E+01 20 7.184E-06 9.695E+01 21 2.330E-04 2.037E+01
22 8.029E-04 9.318E+00 23 4.018E-06 2.635E+01 24 4.094E-03 3.184E-01 25 4.238E-06 1.140E+01 26 2.285E-03 8.320E-01
27 1.478E-03 1.294E+00
 82  25
 1 2.519E-03 1.332E+01  2 3.433E-06 7.234E+01  3 1.502E-04 1.331E+01  5 2.445E-02 5.764E+00  6 1.361E-02 2.245E+00
 7 3.399E-03 1.343E+00  8 4.561E-03 2.606E+00  9 7.328E-04 7.495E+00 10 5.941E-04 6.205E+00 11 2.426E-02 1.472E+00
12 9.137E-03 1.004E+00 13 4.312E-04 5.321E+00 14 8.292E-04 2.457E+01 15 5.139E-03 4.640E+00 16 1.722E-03 1.127E+00
17 5.757E-03 3.428E+00 18 1.779E-05 7.227E+01 19 3.472E-05 5.086E+01 21 2.578E-04 1.898E+01 22 6.616E-04 1.206E+01
23 4.583E-06 3.534E+01 24 4.104E-03 3.099E-01 25 4.344E-06 1.312E+01 26 2.353E-03 8.812E-01 27 1.534E-03 1.209E+00
 83  25
 1 2.708E-03 1.030E+01  3 1.649E-04 1.566E+01  5 2.103E-02 6.382E+00  6 1.471E-02 2.064E+00  7 3.041E-03 2.170E+00
 8 4.340E-03 3.496E+00  9 7.379E-04 5.678E+00 10 6.705E-04 5.496E+00 11 2.547E-02 1.026E+00 12 9.760E-03 8.447E-01
13 4.701E-04 3.627E+00 14 4.421E-04 3.832E+01 15 5.731E-03 3.943E+00 16 1.691E-03 1.092E+00 17 7.000E-03 2.793E+00
18 9.842E-06 7.925E+01 19 1.916E-04 3.454E+01 20 2.963E-07 1.000E+02 21 1.701E-04 3.182E+01 22 6.477E-04 1.258E+01
23 3.942E-06 2.130E+01 24 4.112E-03 3.066E-01 25 4.144E-06 1.747E+01 26 2.362E-03 7.585E-01 27 1.509E-03 1.243E+00
 84  25
 1 3.132E-03 7.151E+00  2 5.159E-07 6.896E+01  3 1.790E-04 1.392E+01  5 2.135E-02 5.764E+00  6 1.535E-02 1.917E+00
 7 2.716E-03 1.436E+00  8 3.787E-03 2.746E+00  9 6.572E-04 6.450E+00 10 6.450E-04 5.085E+00 11 2.623E-02 1.352E+00
12 1.025E-02 9.948E-01 13 5.164E-04 3.517E+00 14 7.831E-04 3.574E+01 15 6.118E-03 5.657E+00 16 1.707E-03 7.691E-01
17 9.752E-03 1.732E+00 19 1.553E-04 4.040E+01 20 8.941E-07 1.000E+02 21 1.710E-04 2.129E+01 22 6.626E-04 9.558E+00
23 6.036E-06 2.453E+01 24 4.111E-03 3.287E-01 25 2.538E-06 1.500E+01 26 2.385E-03 7.568E-01 27 1.490E-03 1.533E+00
 85  25
 1 3.024E-03 1.290E+01  3 1.824E-04 1.208E+01  5 1.942E-02 5.918E+00  6 1.576E-02 1.996E+00  7 2.472E-03 1.645E+00
 8 3.258E-03 4.104E+00  9 5.339E-04 7.573E+00 10 7.774E-04 4.895E+00 11 2.657E-02 9.854E-01 12 1.088E-02 7.659E-01
13 5.899E-04 3.031E+00 14 4.238E-04 3.029E+01 15 6.963E-03 3.849E+00 16 1.726E-03 1.271E+00 17 1.139E-02 2.026E+00
18 1.243E-05 8.838E+01 19 1.370E-04 3.690E+01 20 2.936E-06 1.000E+02 21 1.155E-04 2.742E+01 22 5.651E-04 1.544E+01
23 5.618E-06 2.864E+01 24 4.127E-03 3.168E-01 25 4.057E-06 1.603E+01 26 2.429E-03 9.790E-01 27 1.537E-03 1.651E+00
 86  26
 1 3.863E-03 9.579E+00  2 5.696E-07 5.849E+01  3 2.048E-04 1.029E+01  5 1.901E-02 4.807E+00  6 1.608E-02 2.684E+00
 7 2.191E-03 2.276E+00  8 3.010E-03 3.378E+00  9 5.433E-04 6.611E+00 10 7.893E-04 6.559E+00 11 2.680E-02 1.106E+00
12 1.132E-02 9.291E-01 13 6.076E-04 3.674E+00 14 5.444E-04 2.735E+01 15 7.629E-03 2.841E+00 16 1.761E-03 1.228E+00
17 1.289E-02 1.827E+00 18 3.871E-05 7.096E+01 19 2.663E-04 5.500E+01 20 9.164E-06 1.000E+02 21 1.713E-04 2.031E+01
22 4.998E-04 2.023E+01 23 5.493E-06 1.839E+01 24 4.115E-03 2.873E-01 25 2.398E-06 1.488E+01 26 2.438E-03 7.825E-01
27 1.508E-03 1.421E+00
 87  26
 1 4.043E-03 8.527E+00  2 2.282E-06 6.947E+01  3 2.072E-04 1.054E+01  5 1.733E-02 5.489E+00  6 1.687E-02 1.183E+00
 7 2.025E-03 1.617E+00  8 2.739E-03 3.200E+00  9 5.630E-04 9.043E+00 10 9.929E-04 5.635E+00 11 2.569E-02 1.259E+00
12 1.206E-02 8.067E-01 13 7.025E-04 4.160E+00 14 2.366E-04 4.943E+01 15 8.530E-03 2.395E+00 16 1.700E-03 7.999E-01
17 1.502E-02 2.025E+00 18 4.099E-07 1.000E+02 19 2.406E-04 3.140E+01 20 6.993E-06 1.000E+02 21 6.572E-05 3.576E+01
22 3.695E-04 1.738E+01 23 9.695E-06 1.507E+01 24 4.129E-03 3.060E-01 25 2.446E-06 1.872E+01 26 2.534E-03 8.011E-01
27 1.568E-03 1.292E+00
 88  25
 1 4.645E-03 8.493E+00  2 2.545E-07 1.000E+02  3 2.245E-04 9.229E+00  5 1.734E-02 5.973E+00  6 1.677E-02 1.389E+00
 7 1.804E-03 1.945E+00  8 2.443E-03 4.060E+00  9 4.826E-04 8.596E+00 10 1.108E-03 3.732E+00 11 2.578E-02 1.242E+00
12 1.258E-02 7.416E-01 13 7.525E-04 3.325E+00 14 5.312E-04 4.263E+01 15 9.700E-03 2.331E+00 16 1.688E-03 1.231E+00
17 1.646E-02 1.602E+00 19 1.349E-04 4.872E+01 20 5.442E-05 7.857E+01 21 6.662E-05 3.783E+01 22 3.648E-04 1.892E+01
23 8.457E-06 1.865E+01 24 4.130E-03 3.673E-01 25 2.260E-06 1.978E+01 26 2.587E-03 9.179E-01 27 1.555E-03 1.334E+00
 89  25
 1 5.908E-03 8.183E+00  2 9.167E-07 7.127E+01  3 2.606E-04 1.067E+01  5 1.401E-02 8.010E+00  6 1.722E-02 1.815E+00
 7 1.709E-03 2.559E+00  8 2.303E-03 3.498E+00  9 4.330E-04 7.804E+00 10 1.142E-03 5.057E+00 11 2.464E-02 9.703E-01
12 1.305E-02 9.432E-01 13 9.052E-04 2.280E+00 14 2.031E-04 4.167E+01 15 1.275E-02 3.234E+00 16 1.729E-03 1.185E+00
17 1.812E-02 1.745E+00 19 2.406E-04 2.220E+01 20 4.870E-05 7.161E+01 21 6.279E-05 2.464E+01 22 3.058E-04 1.628E+01
23 7.744E-06 2.138E+01 24 4.155E-03 2.713E-01 25 1.831E-06 2.298E+01 26 2.692E-03 8.179E-01 27 1.588E-03 1.260E+00
 90  25
 1 6.018E-03 8.199E+00  2 1.157E-06 4.318E+01  3 2.275E-04 7.002E+00  5 1.365E-02 8.288E+00  6 1.698E-02 1.703E+00
 7 1.507E-03 2.096E+00  8 1.955E-03 3.080E+00  9 3.994E-04 9.412E+00 10 1.323E-03 5.443E+00 11 2.329E-02 1.025E+00
12 1.352E-02 8.197E-01 13 9.716E-04 2.553E+00 14 2.478E-04 4.332E+01 15 1.437E-02 2.199E+00 16 1.687E-03 1.087E+00
17 1.922E-02 1.296E+00 18 7.894E-06 7.297E+01 19 3.104E-04 3.872E+01 21 7.942E-05 2.890E+01 22 5.170E-04 2.060E+01
23 9.079E-06 1.287E+01 24 4.154E-03 3.216E-01 25 1.840E-06 2.370E+01 26 2.801E-03 6.578E-01 27 1.612E-03 1.311E+00
 91  26
 1 6.095E-03 8.043E+00  2 2.973E-06 5.325E+01  3 2.692E-04 1.019E+01  5 1.185E-02 8.288E+00  6 1.613E-02 1.784E+00
 7 1.228E-03 2.904E+00  8 1.716E-03 4.369E+00  9 3.148E-04 1.109E+01 10 1.367E-03 6.238E+00 11 1.962E-02 1.460E+00
12 1.317E-02 9.451E-01 13 1.057E-03 2.579E+00 14 4.351E-04 3.199E+01 15 1.447E-02 3.128E+00 16 1.676E-03 1.242E+00
17 1.988E-02 2.122E+00 18 7.274E-06 1.000E+02 19 3.069E-04 2.514E+01 20 8.022E-06 8.417E+01 21 1.029E-04 3.914E+01
22 2.741E-04 1.399E+01 23 1.127E-05 1.987E+01 24 4.223E-03 3.117E-01 25 1.656E-06 2.339E+01 26 4.248E-03 4.921E-01
27 2.577E-03 7.073E-01
 92  25
 1 7.397E-03 8.615E+00  2 9.936E-07 7.913E+01  3 3.741E-04 8.690E+00  5 1.126E-02 7.111E+00  6 1.547E-02 1.283E+00
 7 1.127E-03 3.931E+00  8 1.481E-03 4.855E+00  9 2.610E-04 8.728E+00 10 1.443E-03 4.840E+00 11 1.763E-02 1.236E+00
12 1.345E-02 7.547E-01 13 1.144E-03 2.412E+00 14 3.481E-04 4.848E+01 15 1.626E-02 2.594E+00 16 1.671E-03 9.445E-01
17 1.918E-02 2.328E+00 19 2.711E-04 2.608E+01 20 9.949E-06 7.137E+01 21 5.349E-05 3.443E+01 22 2.305E-04 2.486E+01
23 8.959E-06 1.507E+01 24 4.262E-03 3.166E-01 25 1.619E-06 2.168E+01 26 4.742E-03 5.151E-01 27 2.868E-03 6.915E-01
 93  26
 1 7.837E-03 5.512E+00  2 2.309E-06 5.544E+01  3 3.142E-04 1.151E+01  5 1.119E-02 6.882E+00  6 1.567E-02 2.520E+00
 7 1.051E-03 3.679E+00  8 1.363E-03 3.464E+00  9 2.631E-04 1.286E+01 10 1.667E-03 4.200E+00 11 1.577E-02 1.566E+00
12 1.393E-02 6.208E-01 13 1.245E-03 1.965E+00 14 2.909E-04 3.755E+01 15 1.667E-02 2.749E+00 16 1.677E-03 1.416E+00
17 2.022E-02 1.974E+00 18 9.473E-06 1.000E+02 19 3.703E-04 3.266E+01 20 5.041E-05 6.928E+01 21 7.792E-05 3.097E+01
22 1.309E-04 2.116E+01 23 1.265E-05 1.344E+01 24 4.266E-03 2.734E-01 25 1.456E-06 2.692E+01 26 4.711E-03 4.711E-01
27 2.830E-03 5.988E-01
 94  26
 1 1.016E-02 6.639E+00  2 3.028E-06 6.174E+01  3 3.696E-04 9.512E+00  4 7.287E-05 1.000E+02  5 9.106E-03 8.642E+00
 6 1.672E-02 1.557E+00  7 9.825E-04 3.445E+00  8 1.293E-03 4.811E+00  9 2.221E-04 1.403E+01 10 1.798E-03 4.180E+00
11 1.404E-02 1.689E+00 12 1.544E-02 9.161E-01 13 1.467E-03 2.242E+00 14 2.525E-05 4.609E+01 15 1.976E-02 1.839E+00
16 1.682E-03 1.092E+00 17 2.216E-02 1.882E+00 19 2.052E-04 3.745E+01 20 4.221E-06 8.790E+01 21 4.097E-05 4.480E+01
22 1.907E-04 2.330E+01 23 1.658E-05 1.019E+01 24 4.160E-03 3.382E-01 25 1.016E-06 1.957E+01 26 3.060E-03 8.457E-01
27 1.534E-03 1.055E+00
 95  26
 1 1.230E-02 5.030E+00  2 2.191E-06 6.346E+01  3 4.616E-04 7.465E+00  5 7.036E-03 9.577E+00  6 1.595E-02 1.318E+00
 7 8.532E-04 3.172E+00  8 1.193E-03 6.358E+00  9 1.769E-04 1.501E+01 10 2.203E-03 3.722E+00 11 1.154E-02 1.935E+00
12 1.564E-02 7.597E-01 13 1.611E-03 2.403E+00 14 4.473E-04 3.861E+01 15 2.987E-02 1.630E+00 16 1.702E-03 8.116E-01
17 2.160E-02 1.468E+00 18 2.498E-06 9.133E+01 19 3.525E-04 3.142E+01 20 7.475E-05 4.918E+01 21 6.988E-05 4.354E+01
22 1.818E-04 2.184E+01 23 1.334E-05 1.741E+01 24 4.193E-03 3.230E-01 25 1.034E-06 3.654E+01 26 3.112E-03 4.971E-01
27 1.564E-03 7.338E-01
 96  26
 1 1.446E-02 5.893E+00  2 5.128E-06 4.506E+01  3 4.912E-04 5.297E+00  5 5.752E-03 1.030E+01  6 1.552E-02 1.764E+00
 7 7.737E-04 2.391E+00  8 1.243E-03 5.929E+00  9 1.958E-04 1.282E+01 10 2.243E-03 3.776E+00 11 8.325E-03 2.173E+00
12 1.607E-02 8.351E-01 13 1.767E-03 2.363E+00 14 1.353E-04 5.138E+01 15 3.043E-02 2.134E+00 16 1.687E-03 7.230E-01
17 2.165E-02 1.728E+00 18 1.285E-05 1.000E+02 19 4.186E-04 2.838E+01 20 4.911E-06 1.000E+02 21 2.447E-05 4.057E+01
22 1.653E-04 1.937E+01 23 1.672E-05 1.269E+01 24 4.214E-03 3.797E-01 25 1.767E-06 2.418E+01 26 3.497E-03 5.616E-01
27 1.810E-03 6.717E-01
 97  25
 1 3.058E-02 3.772E+00  2 6.281E-06 5.227E+01  3 4.934E-04 6.458E+00  5 6.175E-03 9.149E+00  6 1.379E-02 1.904E+00
 7 7.027E-04 2.787E+00  8 9.954E-04 4.436E+00  9 1.327E-04 1.605E+01 10 2.381E-03 2.244E+00 11 5.929E-03 3.086E+00
12 1.535E-02 7.327E-01 13 1.835E-03 1.840E+00 14 2.800E-05 6.998E+01 15 2.715E-02 2.252E+00 16 1.691E-03 1.494E+00
17 1.987E-02 1.607E+00 19 4.572E-04 2.089E+01 20 8.605E-06 6.530E+01 21 3.218E-05 3.771E+01 22 1.484E-04 2.035E+01
23 1.770E-05 1.158E+01 24 4.274E-03 2.960E-01 25 4.838E-07 3.207E+01 26 4.877E-03 3.513E-01 27 2.829E-03 5.239E-01
 98  26
 1 3.351E-02 4.513E+00  2 1.462E-06 4.950E+01  3 5.897E-04 6.981E+00  5 4.539E-03 1.135E+01  6 1.346E-02 2.361E+00
 7 6.353E-04 5.021E+00  8 9.736E-04 6.693E+00  9 1.610E-04 1.215E+01 10 2.681E-03 4.402E+00 11 5.160E-03 2.984E+00
12 1.576E-02 7.405E-01 13 2.109E-03 1.789E+00 14 8.484E-05 4.499E+01 15 2.309E-02 2.222E+00 16 1.653E-03 9.511E-01
17 1.898E-02 1.671E+00 18 1.180E-05 1.000E+02 19 3.246E-04 2.963E+01 20 2.105E-05 5.448E+01 21 3.085E-05 4.162E+01
22 1.221E-04 3.427E+01 23 1.760E-05 1.432E+01 24 4.302E-03 3.168E-01 25 1.643E-06 3.153E+01 26 4.990E-03 5.266E-01
27 2.909E-03 7.039E-01
 99  26
 1 3.135E-02 4.444E+00  2 2.816E-06 6.094E+01  3 6.339E-04 8.374E+00  5 4.125E-03 1.248E+01  6 1.320E-02 2.004E+00
 7 5.857E-04 2.937E+00  8 7.188E-04 6.223E+00  9 1.265E-04 1.504E+01 10 3.142E-03 3.783E+00 11 4.427E-03 2.529E+00
12 1.622E-02 5.376E-01 13 2.365E-03 1.686E+00 14 5.900E-05 6.950E+01 15 1.965E-02 2.056E+00 16 1.707E-03 9.711E-01
17 1.809E-02 1.908E+00 18 4.582E-06 1.000E+02 19 5.032E-04 1.807E+01 20 7.735E-05 5.469E+01 21 2.704E-05 6.519E+01
22 1.002E-04 2.611E+01 23 2.198E-05 9.175E+00 24 4.229E-03 2.827E-01 25 8.074E-07 3.036E+01 26 4.248E-03 6.058E-01
27 2.330E-03 6.486E-01
100  25
 1 3.504E-02 3.100E+00  2 1.311E-06 6.774E+01  3 6.709E-04 7.271E+00  5 4.148E-03 1.146E+01  6 1.303E-02 2.386E+00
 7 5.341E-04 3.752E+00  8 7.283E-04 6.132E+00  9 1.358E-04 2.027E+01 10 3.678E-03 2.688E+00 11 4.037E-03 2.817E+00
12 1.721E-02 6.198E-01 13 2.831E-03 1.725E+00 14 2.195E-04 3.689E+01 15 1.727E-02 2.552E+00 16 1.711E-03 1.541E+00
17 1.752E-02 2.714E+00 19 4.929E-04 3.028E+01 20 1.160E-04 4.716E+01 21 2.828E-05 6.898E+01 22 1.324E-04 2.716E+01
23 2.493E-05 9.866E+00 24 4.177E-03 3.187E-01 25 6.640E-07 2.259E+01 26 3.201E-03 6.414E-01 27 1.529E-03 9.422E-01
101  25
 1 3.254E-02 3.803E+00  2 1.394E-06 4.110E+01  3 7.366E-04 5.604E+00  5 3.914E-03 1.083E+01  6 1.257E-02 2.621E+00
 7 4.607E-04 5.843E+00  8 6.906E-04 6.026E+00  9 8.704E-05 1.429E+01 10 3.954E-03 2.474E+00 11 3.480E-03 2.817E+00
12 1.734E-02 6.593E-01 13 3.095E-03 1.891E+00 14 1.808E-04 8.018E+01 15 1.227E-02 3.063E+00 16 1.691E-03 1.351E+00
17 1.620E-02 1.748E+00 19 6.600E-04 1.606E+01 20 3.130E-05 6.675E+01 21 4.614E-06 9.604E+01 22 1.303E-04 3.353E+01
23 2.327E-05 1.052E+01 24 4.169E-03 3.143E-01 25 4.921E-07 3.185E+01 26 3.248E-03 6.567E-01 27 1.547E-03 7.799E-01
102  25
 1 2.927E-02 3.247E+00  2 4.625E-06 6.425E+01  3 8.281E-04 5.446E+00  5 4.508E-03 1.194E+01  6 1.077E-02 2.018E+00
 7 3.951E-04 5.071E+00  8 5.826E-04 6.801E+00  9 7.538E-05 1.889E+01 10 4.241E-03 2.524E+00 11 3.055E-03 3.584E+00
12 1.650E-02 7.178E-01 13 3.337E-03 1.477E+00 14 8.668E-05 5.026E+01 15 1.013E-02 2.861E+00 16 1.673E-03 1.361E+00
17 1.433E-02 2.041E+00 19 5.180E-04 1.600E+01 20 3.361E-05 6.777E+01 21 5.339E-05 3.762E+01 22 1.079E-04 2.967E+01
23 2.557E-05 1.136E+01 24 4.238E-03 3.008E-01 25 8.727E-07 4.504E+01 26 4.345E-03 5.462E-01 27 2.351E-03 6.890E-01
103  26
 1 2.329E-02 2.932E+00  2 2.183E-06 4.364E+01  3 9.458E-04 4.461E+00  4 7.471E-07 1.000E+02  5 3.385E-03 1.132E+01
 6 9.361E-03 1.856E+00  7 3.406E-04 5.345E+00  8 4.400E-04 6.920E+00  9 7.416E-05 1.786E+01 10 4.470E-03 2.065E+00
11 2.704E-03 3.013E+00 12 1.560E-02 8.521E-01 13 3.606E-03 1.303E+00 14 9.496E-05 8.430E+01 15 8.832E-03 3.235E+00
16 1.669E-03 9.392E-01 17 1.185E-02 1.937E+00 19 7.097E-04 1.719E+01 20 1.433E-04 7.342E+01 21 2.114E-05 7.255E+01
22 7.790E-05 3.304E+01 23 3.258E-05 1.106E+01 24 4.259E-03 3.190E-01 25 3.676E-07 5.392E+01 26 5.131E-03 4.306E-01
27 2.939E-03 5.618E-01
104  26
 1 1.956E-02 5.979E+00  2 4.529E-06 4.913E+01  3 1.052E-03 4.729E+00  5 2.500E-03 1.729E+01  6 8.984E-03 2.071E+00
 7 3.607E-04 5.483E+00  8 4.488E-04 6.991E+00  9 7.568E-05 2.452E+01 10 5.410E-03 1.888E+00 11 2.479E-03 3.474E+00
12 1.521E-02 9.137E-01 13 4.199E-03 1.238E+00 14 5.585E-05 7.771E+01 15 7.775E-03 3.582E+00 16 1.652E-03 1.411E+00
17 1.054E-02 1.661E+00 18 1.465E-05 7.317E+01 19 9.400E-04 2.006E+01 20 1.035E-04 4.321E+01 21 5.584E-05 5.922E+01
22 3.286E-05 2.961E+01 23 3.143E-05 8.948E+00 24 4.255E-03 2.763E-01 25 3.337E-07 3.909E+01 26 5.121E-03 4.497E-01
27 2.912E-03 6.303E-01
105  25
 1 1.668E-02 5.213E+00  2 2.924E-06 4.631E+01  3 1.123E-03 5.967E+00  5 2.370E-03 1.672E+01  6 8.169E-03 2.704E+00
 7 3.181E-04 5.400E+00  8 3.812E-04 7.805E+00  9 7.930E-05 2.331E+01 10 6.213E-03 1.690E+00 11 2.072E-03 3.769E+00
12 1.573E-02 8.702E-01 13 4.813E-03 9.043E-01 14 4.467E-05 6.251E+01 15 7.425E-03 3.068E+00 16 1.707E-03 9.032E-01
17 9.028E-03 2.398E+00 19 8.304E-04 9.960E+00 20 9.053E-05 4.578E+01 21 1.257E-05 6.985E+01 22 9.535E-05 3.066E+01
23 3.084E-05 9.725E+00 24 4.163E-03 3.061E-01 25 4.090E-07 3.846E+01 26 3.762E-03 6.680E-01 27 1.865E-03 9.394E-01
106  26
 1 1.240E-02 5.337E+00  2 3.620E-06 5.871E+01  3 1.226E-03 4.415E+00  4 2.760E-05 1.000E+02  5 2.388E-03 1.344E+01
 6 6.445E-03 2.985E+00  7 2.913E-04 6.828E+00  8 4.030E-04 6.658E+00  9 8.352E-05 2.177E+01 10 7.011E-03 3.192E+00
11 1.946E-03 2.601E+00 12 1.523E-02 6.760E-01 13 5.627E-03 1.295E+00 14 9.373E-05 4.772E+01 15 6.747E-03 3.847E+00
16 1.715E-03 1.437E+00 17 7.078E-03 2.435E+00 19 7.694E-04 2.164E+01 20 2.178E-05 6.472E+01 21 6.696E-06 7.004E+01
22 7.326E-05 2.955E+01 23 3.574E-05 7.232E+00 24 4.127E-03 3.405E-01 25 3.060E-07 4.244E+01 26 3.390E-03 4.967E-01
27 1.584E-03 8.002E-01
107  25
 1 1.023E-02 5.169E+00  2 7.344E-06 3.599E+01  3 1.423E-03 4.124E+00  5 1.674E-03 1.947E+01  6 4.587E-03 3.769E+00
 7 2.486E-04 6.991E+00  8 3.623E-04 1.010E+01  9 7.373E-05 2.025E+01 10 8.168E-03 1.560E+00 11 1.763E-03 3.699E+00
12 7.328E-03 1.295E+00 13 6.501E-03 1.052E+00 14 2.298E-04 4.578E+01 15 5.909E-03 4.482E+00 16 1.723E-03 1.097E+00
17 5.587E-03 2.427E+00 19 1.312E-03 1.521E+01 20 1.238E-04 3.636E+01 21 2.037E-05 4.079E+01 22 1.087E-04 4.009E+01
23 3.930E-05 8.426E+00 24 4.098E-03 3.122E-01 25 2.525E-07 4.391E+01 26 3.472E-03 5.753E-01 27 1.640E-03 8.803E-01
108  26
 1 6.936E-03 7.103E+00  2 2.074E-06 3.302E+01  3 1.305E-03 4.103E+00  4 2.004E-05 1.000E+02  5 1.732E-03 1.892E+01
 6 3.831E-03 3.733E+00  7 1.874E-04 6.770E+00  8 2.977E-04 8.724E+00  9 5.994E-05 2.702E+01 10 1.014E-02 1.876E+00
11 1.369E-03 3.697E+00 12 5.654E-03 1.182E+00 13 1.140E-02 9.133E-01 14 6.864E-05 9.105E+01 15 5.068E-03 3.620E+00
16 1.685E-03 1.200E+00 17 4.059E-03 3.522E+00 19 1.301E-03 1.573E+01 20 7.514E-05 5.511E+01 21 3.747E-06 9.260E+01
22 5.973E-05 3.850E+01 23 3.623E-05 7.554E+00 24 4.076E-03 3.574E-01 25 2.848E-07 4.194E+01 26 5.207E-03 5.528E-01
27 2.983E-03 6.847E-01
109  24
 1 6.506E-03 6.533E+00  2 5.330E-06 3.534E+01  3 1.567E-03 4.909E+00  5 1.531E-03 1.507E+01  6 3.287E-03 4.001E+00
 7 1.852E-04 6.903E+00  8 2.487E-04 1.086E+01  9 5.984E-05 2.356E+01 10 1.429E-02 1.397E+00 11 1.301E-03 3.451E+00
12 4.752E-03 1.042E+00 13 1.193E-02 7.908E-01 15 4.684E-03 4.681E+00 16 1.694E-03 1.273E+00 17 3.744E-03 3.612E+00
19 1.314E-03 1.263E+01 20 1.128E-04 4.325E+01 21 1.051E-05 6.278E+01 22 5.486E-05 5.132E+01 23 4.063E-05 6.956E+00
24 4.075E-03 3.462E-01 25 3.671E-07 4.033E+01 26 5.367E-03 6.489E-01 27 3.072E-03 8.406E-01
110  25
 1 5.780E-03 6.923E+00  2 3.316E-06 2.927E+01  3 1.613E-03 3.292E+00  5 1.161E-03 1.924E+01  6 2.967E-03 3.215E+00
 7 1.828E-04 7.219E+00  8 2.454E-04 1.143E+01  9 2.349E-05 2.744E+01 10 1.855E-02 1.597E+00 11 1.201E-03 4.749E+00
12 4.447E-03 1.054E+00 13 1.239E-02 8.158E-01 14 1.100E-05 1.000E+02 15 4.254E-03 4.127E+00 16 1.678E-03 1.044E+00
17 3.479E-03 3.912E+00 19 1.718E-03 1.215E+01 20 2.586E-05 4.848E+01 21 3.890E-06 8.823E+01 22 2.269E-05 6.872E+01
23 4.250E-05 8.250E+00 24 4.029E-03 2.496E-01 25 2.863E-07 5.609E+01 26 4.950E-03 5.166E-01 27 2.760E-03 6.873E-01
111  25
 1 5.549E-03 8.976E+00  2 8.673E-06 3.949E+01  3 1.896E-03 2.597E+00  5 1.465E-03 2.203E+01  6 2.947E-03 4.060E+00
 7 1.725E-04 6.746E+00  8 2.159E-04 1.377E+01  9 3.634E-05 3.588E+01 10 2.243E-02 1.056E+00 11 1.104E-03 4.578E+00
12 4.222E-03 1.158E+00 13 1.354E-02 5.318E-01 14 6.393E-06 1.000E+02 15 3.795E-03 4.363E+00 16 1.690E-03 1.228E+00
17 3.425E-03 3.961E+00 19 1.608E-03 1.199E+01 20 1.328E-04 7.244E+01 21 5.574E-06 6.393E+01 22 2.898E-05 5.059E+01
23 4.607E-05 9.685E+00 24 3.934E-03 3.295E-01 25 9.090E-08 9.720E+01 26 3.554E-03 5.530E-01 27 1.685E-03 9.175E-01
112  25
 1 5.000E-03 9.061E+00  2 7.823E-06 3.258E+01  3 1.988E-03 4.865E+00  5 1.355E-03 2.115E+01  6 2.681E-03 4.123E+00
 7 1.522E-04 5.372E+00  8 2.523E-04 1.299E+01  9 6.289E-05 2.995E+01 10 2.386E-02 1.694E+00 11 1.095E-03 5.228E+00
12 3.748E-03 1.377E+00 13 1.386E-02 4.718E-01 14 1.822E-05 1.000E+02 15 3.823E-03 3.759E+00 16 1.736E-03 1.282E+00
17 2.647E-03 3.660E+00 19 1.785E-03 1.558E+01 20 1.625E-04 5.470E+01 21 4.902E-05 5.371E+01 22 2.415E-05 5.309E+01
23 4.817E-05 7.855E+00 24 3.926E-03 3.431E-01 25 3.069E-07 7.215E+01 26 3.574E-03 5.773E-01 27 1.660E-03 1.029E+00
113  25
 1 4.196E-03 8.379E+00  2 6.276E-06 3.666E+01  3 2.129E-03 4.069E+00  5 1.201E-03 1.443E+01  6 2.386E-03 4.529E+00
 7 1.404E-04 7.382E+00  8 1.950E-04 1.300E+01  9 2.607E-05 2.760E+01 10 2.341E-02 6.957E-01 11 9.931E-04 5.490E+00
12 3.464E-03 1.747E+00 13 1.361E-02 9.521E-01 14 6.982E-06 1.000E+02 15 3.478E-03 4.522E+00 16 1.729E-03 1.138E+00
17 2.747E-03 3.871E+00 19 1.910E-03 8.966E+00 20 2.611E-04 3.501E+01 21 7.568E-06 5.961E+01 22 4.279E-05 5.592E+01
23 5.559E-05 8.633E+00 24 3.993E-03 3.188E-01 25 2.700E-07 5.604E+01 26 4.290E-03 4.731E-01 27 2.214E-03 6.101E-01
114  24
 1 3.502E-03 9.653E+00  2 6.338E-06 4.002E+01  3 2.305E-03 2.218E+00  5 9.731E-04 1.658E+01  6 1.932E-03 4.257E+00
 7 1.109E-04 7.347E+00  8 1.384E-04 1.196E+01  9 1.838E-05 4.175E+01 10 2.270E-02 9.197E-01 11 8.183E-04 6.240E+00
12 3.062E-03 1.440E+00 13 1.286E-02 7.395E-01 15 3.010E-03 5.492E+00 16 1.692E-03 1.061E+00 17 2.373E-03 4.643E+00
19 2.220E-03 1.094E+01 20 2.361E-05 6.784E+01 21 1.413E-06 1.000E+02 22 2.745E-05 8.207E+01 23 4.857E-05 6.800E+00
24 4.044E-03 2.936E-01 25 2.795E-07 5.307E+01 26 5.386E-03 6.421E-01 27 3.029E-03 7.364E-01
115  23
 1 3.814E-03 9.147E+00  2 1.093E-05 2.838E+01  3 2.668E-03 3.055E+00  5 6.890E-04 2.236E+01  6 1.770E-03 4.762E+00
 7 1.093E-04 8.679E+00  8 1.492E-04 1.922E+01  9 4.301E-05 3.029E+01 10 2.278E-02 1.151E+00 11 7.150E-04 4.551E+00
12 2.818E-03 1.665E+00 13 1.289E-02 6.861E-01 15 3.001E-03 5.707E+00 16 1.674E-03 1.049E+00 17 2.081E-03 5.646E+00
19 2.541E-03 1.330E+01 20 1.805E-04 3.299E+01 22 3.979E-05 4.816E+01 23 6.344E-05 6.684E+00 24 4.054E-03 2.944E-01
25 2.512E-07 5.440E+01 26 5.448E-03 5.337E-01 27 3.074E-03 5.099E-01
116  26
 1 3.416E-03 9.035E+00  2 4.858E-06 3.443E+01  3 3.135E-03 2.582E+00  4 3.079E-06 1.000E+02  5 7.747E-04 2.131E+01
 6 1.775E-03 3.308E+00  7 1.150E-04 7.889E+00  8 1.258E-04 1.189E+01  9 2.767E-05 3.776E+01 10 2.430E-02 1.253E+00
11 7.147E-04 6.952E+00 12 2.685E-03 2.062E+00 13 1.377E-02 9.336E-01 14 6.789E-06 6.886E+01 15 2.699E-03 4.623E+00
16 1.728E-03 1.052E+00 17 1.849E-03 5.115E+00 19 2.743E-03 1.204E+01 20 1.511E-04 3.546E+01 21 1.300E-05 9.302E+01
22 1.896E-05 4.335E+01 23 6.226E-05 5.932E+00 24 3.993E-03 3.150E-01 25 9.178E-08 5.020E+01 26 4.379E-03 6.656E-01
27 2.230E-03 1.009E+00
117  25
 1 2.810E-03 8.975E+00  2 9.701E-06 3.605E+01  3 6.035E-03 1.900E+00  5 6.935E-04 2.210E+01  6 1.551E-03 5.321E+00
 7 1.034E-04 1.001E+01  8 1.229E-04 1.337E+01  9 2.569E-05 3.434E+01 10 2.394E-02 1.238E+00 11 5.792E-04 5.982E+00
12 2.476E-03 1.637E+00 13 1.415E-02 8.656E-01 14 1.937E-05 1.000E+02 15 2.441E-03 4.866E+00 16 2.045E-03 9.971E-01
17 1.685E-03 6.803E+00 19 3.037E-03 8.364E+00 20 1.550E-04 3.615E+01 21 2.674E-06 5.148E+01 22 2.283E-05 6.933E+01
23 7.193E-05 8.783E+00 24 3.952E-03 2.642E-01 25 4.148E-07 4.587E+01 26 3.667E-03 5.439E-01 27 1.680E-03 8.124E-01
118  25
 1 2.863E-03 1.072E+01  2 6.130E-06 2.840E+01  3 1.335E-02 1.554E+00  5 6.297E-04 2.296E+01  6 1.446E-03 5.348E+00
 7 8.547E-05 7.279E+00  8 1.246E-04 1.293E+01  9 1.811E-05 6.037E+01 10 2.360E-02 1.243E+00 11 5.939E-04 8.129E+00
12 2.254E-03 2.349E+00 13 1.377E-02 8.071E-01 14 2.385E-05 7.678E+01 15 2.220E-03 6.134E+00 16 2.051E-03 9.071E-01
17 1.742E-03 5.146E+00 19 3.545E-03 9.823E+00 20 1.842E-04 2.829E+01 21 5.986E-06 9.824E+01 22 1.905E-05 6.006E+01
23 7.101E-05 6.972E+00 24 3.971E-03 2.766E-01 25 5.023E-07 6.461E+01 26 3.683E-03 5.330E-01 27 1.682E-03 7.757E-01
119  26
 1 2.637E-03 1.225E+01  2 1.250E-05 3.363E+01  3 1.882E-02 1.274E+00  5 5.681E-04 3.064E+01  6 1.287E-03 5.090E+00
 7 9.489E-05 1.006E+01  8 1.278E-04 1.226E+01  9 1.936E-05 4.662E+01 10 2.101E-02 1.365E+00 11 5.222E-04 6.693E+00
12 1.997E-03 1.980E+00 13 1.265E-02 7.323E-01 14 2.335E-05 6.890E+01 15 1.934E-03 7.436E+00 16 1.910E-03 1.124E+00
17 1.660E-03 5.135E+00 18 2.049E-05 7.103E+01 19 3.076E-03 6.601E+00 20 3.256E-04 2.754E+01 21 1.113E-05 7.523E+01
22 2.212E-05 5.325E+01 23 8.666E-05 6.496E+00 24 4.045E-03 2.802E-01 25 3.381E-07 3.868E+01 26 4.990E-03 4.543E-01
27 2.677E-03 5.673E-01
120  24
 1 2.019E-03 1.498E+01  2 6.947E-06 2.740E+01  3 2.397E-02 1.448E+00  5 6.530E-04 2.508E+01  6 1.139E-03 4.683E+00
 7 7.409E-05 9.178E+00  8 1.184E-04 1.708E+01  9 4.298E-06 4.211E+01 10 1.882E-02 1.243E+00 11 4.465E-04 9.543E+00
12 1.771E-03 1.866E+00 13 1.260E-02 8.596E-01 14 1.754E-05 1.000E+02 15 1.610E-03 6.733E+00 16 1.899E-03 1.006E+00
17 1.343E-03 6.300E+00 19 4.124E-03 1.020E+01 20 2.010E-04 2.741E+01 22 1.247E-05 4.867E+01 23 8.138E-05 5.441E+00
24 4.100E-03 3.301E-01 25 3.008E-07 3.798E+01 26 5.379E-03 6.248E-01 27 2.953E-03 7.984E-01
121  24
 1 1.919E-03 1.165E+01  2 1.092E-05 3.880E+01  3 2.781E-02 8.054E-01  5 5.901E-04 2.575E+01  6 1.176E-03 7.291E+00
 7 7.063E-05 1.253E+01  8 7.459E-05 1.598E+01  9 2.435E-05 3.336E+01 10 1.814E-02 1.322E+00 11 4.346E-04 7.376E+00
12 1.716E-03 1.976E+00 13 1.227E-02 5.700E-01 15 1.558E-03 8.137E+00 16 1.884E-03 1.234E+00 17 1.320E-03 5.319E+00
19 4.488E-03 1.019E+01 20 1.312E-04 4.089E+01 21 6.400E-06 7.687E+01 22 1.295E-05 8.353E+01 23 8.624E-05 5.011E+00
24 4.105E-03 3.873E-01 25 3.887E-07 3.820E+01 26 5.327E-03 5.762E-01 27 2.916E-03 7.247E-01
122  24
 1 2.044E-03 1.466E+01  2 1.333E-05 2.476E+01  3 3.141E-02 1.255E+00  5 3.758E-04 2.994E+01  6 1.045E-03 6.578E+00
 7 7.405E-05 1.066E+01  8 9.019E-05 2.241E+01  9 1.323E-05 3.088E+01 10 1.873E-02 1.293E+00 11 4.602E-04 9.019E+00
12 1.619E-03 2.207E+00 13 1.300E-02 7.715E-01 14 1.379E-05 1.000E+02 15 1.710E-03 6.617E+00 16 1.853E-03 1.015E+00
17 1.191E-03 8.790E+00 19 4.852E-03 9.902E+00 20 3.196E-04 3.143E+01 22 3.206E-06 5.429E+01 23 1.062E-04 5.858E+00
24 3.997E-03 3.389E-01 25 4.793E-07 3.169E+01 26 3.942E-03 7.699E-01 27 1.781E-03 1.283E+00
123  24
 1 1.888E-03 1.441E+01  2 1.380E-05 2.492E+01  3 3.277E-02 8.350E-01  5 6.588E-04 2.907E+01  6 9.459E-04 5.974E+00
 7 8.737E-05 8.905E+00  8 8.237E-05 1.518E+01  9 2.273E-05 3.580E+01 10 1.715E-02 1.428E+00 11 4.086E-04 6.447E+00
12 1.527E-03 1.832E+00 13 1.280E-02 6.155E-01 15 1.333E-03 5.592E+00 16 1.833E-03 1.193E+00 17 9.654E-04 5.196E+00
19 5.722E-03 7.941E+00 20 3.369E-04 3.463E+01 21 1.881E-05 7.886E+01 22 1.292E-05 6.921E+01 23 1.085E-04 4.524E+00
24 4.029E-03 3.528E-01 25 5.299E-07 3.514E+01 26 4.285E-03 6.547E-01 27 1.912E-03 9.509E-01
124  25
 1 1.638E-03 1.364E+01  2 1.356E-05 3.613E+01  3 3.371E-02 7.032E-01  5 4.897E-04 3.214E+01  6 9.621E-04 5.525E+00
 7 6.600E-05 1.120E+01  8 9.305E-05 1.457E+01  9 1.625E-05 3.964E+01 10 1.630E-02 1.355E+00 11 3.661E-04 8.617E+00
12 1.299E-03 2.392E+00 13 1.230E-02 7.645E-01 14 2.253E-06 1.000E+02 15 1.161E-03 9.416E+00 16 1.858E-03 1.220E+00
17 1.007E-03 7.376E+00 19 5.974E-03 9.293E+00 20 3.514E-04 2.540E+01 21 8.622E-06 1.000E+02 22 6.666E-06 6.618E+01
23 1.220E-04 5.663E+00 24 4.073E-03 3.504E-01 25 2.965E-07 3.689E+01 26 4.688E-03 5.439E-01 27 2.252E-03 7.828E-01
125  23
 1 8.763E-04 1.872E+01  2 1.425E-05 2.198E+01  3 3.346E-02 1.067E+00  5 3.216E-04 4.220E+01  6 8.139E-04 5.805E+00
 7 4.433E-05 1.336E+01  8 4.928E-05 2.355E+01  9 1.329E-05 5.859E+01 10 1.345E-02 1.796E+00 11 2.967E-04 1.136E+01
12 1.176E-03 2.932E+00 13 1.149E-02 1.087E+00 15 1.226E-03 6.149E+00 16 1.840E-03 1.546E+00 17 8.935E-04 6.072E+00
19 6.568E-03 8.104E+00 20 2.689E-04 2.847E+01 22 2.012E-05 4.422E+01 23 1.165E-04 5.441E+00 24 4.135E-03 3.330E-01
25 4.418E-07 3.573E+01 26 5.912E-03 5.722E-01 27 3.224E-03 7.669E-01
126  25
 1 1.315E-03 1.508E+01  2 1.097E-05 2.515E+01  3 3.306E-02 9.665E-01  5 3.558E-04 2.491E+01  6 7.197E-04 9.054E+00
 7 5.417E-05 1.231E+01  8 7.415E-05 1.899E+01  9 1.366E-05 4.625E+01 10 1.234E-02 1.586E+00 11 2.777E-04 6.309E+00
12 1.124E-03 3.019E+00 13 1.138E-02 7.541E-01 14 7.483E-06 1.000E+02 15 1.070E-03 7.024E+00 16 1.799E-03 9.164E-01
17 7.665E-04 6.100E+00 18 2.285E-06 1.000E+02 19 8.908E-03 8.347E+00 20 5.323E-04 2.103E+01 22 3.201E-05 5.362E+01
23 1.411E-04 4.583E+00 24 4.167E-03 3.310E-01 25 5.378E-07 3.457E+01 26 5.979E-03 5.474E-01 27 3.260E-03 6.918E-01
127  25
 1 1.250E-03 1.668E+01  2 1.817E-05 2.563E+01  3 3.108E-02 9.521E-01  5 5.747E-04 3.458E+01  6 8.073E-04 8.194E+00
 7 5.050E-05 1.303E+01  8 6.184E-05 1.929E+01  9 4.892E-07 5.700E+01 10 1.124E-02 1.389E+00 11 3.051E-04 7.922E+00
12 1.018E-03 2.537E+00 13 1.172E-02 1.028E+00 14 3.527E-05 1.000E+02 15 9.916E-04 8.300E+00 16 1.842E-03 1.072E+00
17 7.692E-04 7.955E+00 19 1.212E-02 5.840E+00 20 2.745E-04 2.735E+01 21 3.384E-06 1.000E+02 22 7.687E-06 8.077E+01
23 1.355E-04 4.263E+00 24 4.104E-03 3.282E-01 25 4.003E-07 4.821E+01 26 5.339E-03 4.781E-01 27 2.764E-03 6.219E-01
128  24
 1 9.895E-04 1.666E+01  2 3.177E-05 2.347E+01  3 2.834E-02 1.236E+00  5 2.655E-04 3.216E+01  6 5.660E-04 8.844E+00
 7 4.212E-05 1.585E+01  8 3.723E-05 2.310E+01  9 6.050E-06 5.053E+01 10 1.029E-02 2.099E+00 11 2.428E-04 1.020E+01
12 1.008E-03 2.990E+00 13 1.204E-02 9.060E-01 14 4.944E-06 1.000E+02 15 8.579E-04 8.179E+00 16 1.859E-03 1.104E+00
17 7.068E-04 8.831E+00 19 1.599E-02 5.446E+00 20 4.464E-04 2.288E+01 22 4.862E-06 1.000E+02 23 1.645E-04 3.007E+00
24 4.063E-03 3.739E-01 25 1.668E-07 4.072E+01 26 4.495E-03 5.029E-01 27 2.095E-03 7.053E-01
129  24
 1 1.137E-03 1.652E+01  2 2.412E-05 1.980E+01  3 2.392E-02 1.232E+00  4 3.605E-05 1.000E+02  5 1.993E-04 4.656E+01
 6 6.047E-04 7.686E+00  7 4.010E-05 1.352E+01  8 4.334E-05 2.042E+01  9 6.065E-06 6.653E+01 10 9.325E-03 1.888E+00
11 2.175E-04 1.105E+01 12 8.577E-04 3.316E+00 13 1.213E-02 7.199E-01 15 7.565E-04 5.628E+00 16 1.908E-03 1.068E+00
17 7.736E-04 9.604E+00 19 2.265E-02 5.089E+00 20 6.602E-04 2.114E+01 22 5.234E-05 9.239E+01 23 1.855E-04 3.071E+00
24 4.038E-03 3.373E-01 25 2.515E-07 3.386E+01 26 4.513E-03 6.784E-01 27 2.133E-03 9.689E-01
130  25
 1 1.222E-03 1.757E+01  2 1.342E-05 2.122E+01  3 1.897E-02 1.170E+00  4 6.276E-06 1.000E+02  5 3.253E-04 3.173E+01
 6 5.252E-04 8.273E+00  7 4.274E-05 1.308E+01  8 4.792E-05 2.485E+01  9 1.079E-05 5.610E+01 10 7.927E-03 2.359E+00
11 1.787E-04 1.050E+01 12 8.154E-04 3.336E+00 13 1.163E-02 8.229E-01 15 7.678E-04 7.353E+00 16 1.910E-03 1.101E+00
17 6.700E-04 8.068E+00 18 7.567E-07 1.000E+02 19 2.441E-02 4.384E+00 20 6.289E-04 2.179E+01 21 4.986E-06 1.000E+02
23 1.694E-04 4.046E+00 24 4.097E-03 3.454E-01 25 2.659E-07 3.766E+01 26 5.456E-03 5.174E-01 27 2.834E-03 5.297E-01
131  25
 1 1.062E-03 2.043E+01  2 3.374E-05 1.784E+01  3 1.249E-02 1.435E+00  4 2.022E-04 1.000E+02  5 2.104E-04 4.308E+01
 6 4.807E-04 9.512E+00  7 3.087E-05 1.374E+01  8 4.308E-05 3.220E+01  9 3.930E-06 5.189E+01 10 6.065E-03 2.575E+00
11 2.343E-04 8.966E+00 12 7.990E-04 3.282E+00 13 1.156E-02 9.335E-01 14 5.831E-05 1.000E+02 15 7.682E-04 9.665E+00
16 1.963E-03 1.056E+00 17 5.643E-04 7.399E+00 19 3.029E-02 3.603E+00 20 6.799E-04 1.275E+01 22 2.897E-07 1.000E+02
23 1.978E-04 4.474E+00 24 4.135E-03 3.622E-01 25 1.069E-07 6.154E+01 26 6.243E-03 5.481E-01 27 3.431E-03 6.251E-01
132  23
 1 8.796E-04 1.809E+01  2 3.395E-05 1.834E+01  3 6.066E-03 2.063E+00  5 2.984E-04 3.897E+01  6 4.369E-04 6.913E+00
 7 2.880E-05 1.943E+01  8 4.364E-05 2.530E+01  9 3.250E-06 8.620E+01 10 5.035E-03 2.331E+00 11 1.653E-04 1.586E+01
12 6.984E-04 3.256E+00 13 1.154E-02 8.835E-01 15 8.002E-04 1.102E+01 16 1.967E-03 1.083E+00 17 5.039E-04 1.012E+01
19 3.326E-02 3.390E+00 20 6.865E-04 2.232E+01 21 1.813E-07 1.000E+02 23 2.185E-04 4.654E+00 24 4.115E-03 3.644E-01
25 6.326E-08 9.315E+01 26 6.265E-03 4.647E-01 27 3.420E-03 5.541E-01
133  23
 1 5.981E-04 2.765E+01  2 3.443E-05 2.302E+01  3 2.831E-03 1.929E+00  5 9.064E-05 4.320E+01  6 4.277E-04 8.832E+00
 7 2.544E-05 1.743E+01  8 2.667E-05 2.607E+01  9 7.383E-07 9.763E+01 10 4.635E-03 2.834E+00 11 1.947E-04 1.020E+01
12 6.629E-04 3.678E+00 13 1.214E-02 1.084E+00 15 6.772E-04 9.875E+00 16 1.708E-03 1.512E+00 17 5.780E-04 6.658E+00
18 2.338E-07 1.000E+02 19 3.930E-02 2.715E+00 20 6.184E-04 2.625E+01 23 2.315E-04 3.197E+00 24 4.028E-03 3.233E-01
25 4.029E-08 7.510E+01 26 4.965E-03 4.745E-01 27 2.405E-03 5.287E-01
134  24
 1 6.251E-04 1.817E+01  2 3.726E-05 9.996E+00  3 2.730E-03 3.765E+00  4 1.830E-04 5.921E+01  5 1.631E-04 4.160E+01
 6 3.234E-04 1.098E+01  7 3.032E-05 1.717E+01  8 4.619E-05 2.470E+01  9 4.378E-06 5.724E+01 10 4.488E-03 1.944E+00
11 1.666E-04 1.505E+01 12 6.121E-04 3.232E+00 13 1.193E-02 1.110E+00 15 5.433E-04 1.012E+01 16 1.741E-03 1.515E+00
17 4.180E-04 9.368E+00 19 3.990E-02 3.369E+00 20 8.617E-04 1.585E+01 21 2.884E-07 1.000E+02 23 2.574E-04 4.235E+00
24 4.006E-03 3.430E-01 25 8.777E-08 7.508E+01 26 4.633E-03 4.019E-01 27 2.141E-03 6.131E-01
135  25
 1 5.588E-04 2.538E+01  2 3.944E-05 1.418E+01  3 2.433E-03 3.262E+00  4 1.342E-05 1.000E+02  5 1.703E-04 7.286E+01
 6 4.469E-04 1.029E+01  7 3.182E-05 1.635E+01  8 3.771E-05 1.890E+01  9 2.672E-07 9.324E+01 10 4.063E-03 2.472E+00
11 1.714E-04 1.009E+01 12 5.930E-04 4.021E+00 13 1.153E-02 7.343E-01 15 4.850E-04 1.359E+01 16 1.726E-03 1.088E+00
17 4.956E-04 1.136E+01 19 4.019E-02 2.903E+00 20 7.767E-04 1.880E+01 21 8.269E-06 1.000E+02 22 6.484E-06 7.252E+01
23 2.778E-04 2.852E+00 24 4.010E-03 3.453E-01 25 1.039E-07 1.000E+02 26 4.656E-03 4.729E-01 27 2.178E-03 5.878E-01
136  24
 1 3.573E-04 2.436E+01  2 4.276E-05 1.183E+01  3 2.068E-03 4.629E+00  4 5.668E-06 1.000E+02  5 1.923E-04 4.586E+01
 6 2.649E-04 1.453E+01  7 3.456E-05 1.602E+01  8 3.362E-05 2.916E+01  9 7.369E-06 8.030E+01 10 3.338E-03 3.119E+00
11 1.610E-04 1.301E+01 12 4.753E-04 3.797E+00 13 1.047E-02 1.057E+00 15 5.474E-04 1.080E+01 16 1.670E-03 1.404E+00
17 4.403E-04 1.166E+01 19 3.301E-02 2.909E+00 20 1.056E-03 1.769E+01 22 6.065E-06 1.000E+02 23 2.990E-04 3.539E+00
24 4.104E-03 2.887E-01 25 2.632E-08 7.848E+01 26 6.299E-03 4.120E-01 27 3.424E-03 6.104E-01
137  23
 1 7.308E-04 2.521E+01  2 4.606E-05 1.210E+01  3 1.884E-03 2.386E+00  4 7.782E-05 9.481E+01  5 2.101E-04 4.724E+01
 6 2.788E-04 8.700E+00  7 1.857E-05 2.650E+01  8 1.863E-05 2.395E+01  9 1.362E-06 6.296E+01 10 3.203E-03 3.043E+00
11 1.116E-04 1.448E+01 12 4.607E-04 4.693E+00 13 1.011E-02 7.841E-01 15 3.482E-04 1.171E+01 16 1.717E-03 1.181E+00
17 3.825E-04 1.388E+01 19 3.172E-02 4.329E+00 20 1.044E-03 1.330E+01 22 3.559E-05 7.390E+01 23 3.477E-04 3.824E+00
24 4.142E-03 3.333E-01 26 6.407E-03 5.792E-01 27 3.480E-03 6.313E-01
138  23
 1 4.516E-04 1.855E+01  2 4.032E-05 1.479E+01  3 1.871E-03 2.853E+00  4 2.496E-05 1.000E+02  5 1.634E-05 6.857E+01
 6 2.874E-04 1.657E+01  7 2.355E-05 3.755E+01  8 3.598E-05 2.731E+01  9 1.057E-06 9.650E+01 10 2.923E-03 2.159E+00
11 1.138E-04 1.098E+01 12 4.400E-04 4.023E+00 13 9.812E-03 6.973E-01 15 3.915E-04 1.250E+01 16 1.687E-03 1.221E+00
17 4.127E-04 9.109E+00 19 3.154E-02 3.708E+00 20 1.189E-03 1.688E+01 23 3.584E-04 2.968E+00 24 4.124E-03 2.987E-01
25 2.226E-08 1.000E+02 26 5.996E-03 4.467E-01 27 3.176E-03 5.520E-01
139  23
 1 3.942E-04 3.769E+01  2 4.641E-05 1.175E+01  3 1.695E-03 2.686E+00  5 7.480E-05 5.565E+01  6 2.445E-04 1.001E+01
 7 1.914E-05 2.979E+01  8 2.537E-05 2.629E+01  9 6.110E-06 5.793E+01 10 2.831E-03 3.320E+00 11 1.081E-04 1.183E+01
12 4.321E-04 3.709E+00 13 9.990E-03 1.161E+00 15 2.892E-04 1.868E+01 16 1.743E-03 1.287E+00 17 4.141E-04 1.007E+01
19 2.831E-02 2.664E+00 20 1.390E-03 1.535E+01 22 9.104E-07 1.000E+02 23 4.139E-04 2.784E+00 24 4.014E-03 3.138E-01
25 1.203E-07 9.247E+01 26 4.650E-03 6.031E-01 27 2.157E-03 6.626E-01
140  26
 1 4.336E-04 2.027E+01  2 5.302E-05 1.244E+01  3 1.505E-03 4.147E+00  4 1.850E-05 9.825E+01  5 1.064E-04 7.403E+01
 6 2.547E-04 1.148E+01  7 1.106E-05 2.519E+01  8 3.150E-05 3.254E+01  9 4.347E-06 9.089E+01 10 2.638E-03 2.565E+00
11 1.183E-04 1.542E+01 12 3.781E-04 5.458E+00 13 9.568E-03 1.188E+00 14 5.178E-07 1.000E+02 15 3.718E-04 1.525E+01
16 1.693E-03 8.910E-01 17 3.368E-04 1.520E+01 19 2.462E-02 3.370E+00 20 1.300E-03 1.207E+01 21 1.005E-06 1.000E+02
22 3.841E-06 1.000E+02 23 4.431E-04 1.918E+00 24 3.997E-03 3.083E-01 25 4.024E-09 1.000E+02 26 4.595E-03 5.008E-01
27 2.086E-03 7.035E-01
141  25
 1 4.603E-04 2.967E+01  2 6.323E-05 1.145E+01  3 1.180E-03 6.027E+00  4 1.071E-04 1.000E+02  5 1.880E-04 4.414E+01
 6 2.388E-04 1.436E+01  7 1.156E-05 2.541E+01  8 2.559E-05 3.020E+01  9 7.967E-08 7.660E+01 10 2.297E-03 2.409E+00
11 1.123E-04 1.864E+01 12 3.606E-04 3.928E+00 13 8.724E-03 1.083E+00 15 4.335E-04 1.261E+01 16 1.697E-03 1.325E+00
17 2.927E-04 1.048E+01 19 1.932E-02 5.677E+00 20 1.377E-03 2.035E+01 21 1.893E-06 1.000E+02 22 4.761E-06 8.875E+01
23 4.829E-04 2.688E+00 24 4.049E-03 3.355E-01 25 5.643E-09 8.337E+01 26 5.312E-03 4.837E-01 27 2.651E-03 5.768E-01
142  22
 1 2.783E-04 2.580E+01  2 5.775E-05 1.270E+01  3 1.135E-03 4.170E+00  5 1.638E-04 4.194E+01  6 2.278E-04 1.523E+01
 7 1.526E-05 2.667E+01  8 1.090E-05 3.956E+01  9 8.953E-07 6.650E+01 10 1.955E-03 3.385E+00 11 1.001E-04 1.363E+01
12 3.451E-04 4.207E+00 13 8.035E-03 1.037E+00 15 3.220E-04 1.631E+01 16 1.708E-03 1.543E+00 17 3.101E-04 1.128E+01
19 1.256E-02 5.084E+00 20 1.152E-03 1.520E+01 23 4.902E-04 2.497E+00 24 4.117E-03 3.150E-01 25 6.196E-08 6.885E+01
26 6.358E-03 4.674E-01 27 3.410E-03 5.052E-01
143  24
 1 3.501E-04 2.221E+01  2 7.362E-05 1.255E+01  3 1.134E-03 5.003E+00  4 1.025E-04 7.919E+01  5 1.387E-04 4.865E+01
 6 1.689E-04 9.597E+00  7 1.339E-05 2.269E+01  8 9.245E-06 4.106E+01  9 3.568E-06 7.600E+01 10 1.688E-03 2.902E+00
11 1.002E-04 1.184E+01 12 3.056E-04 5.926E+00 13 7.546E-03 7.636E-01 15 2.404E-04 1.592E+01 16 1.675E-03 1.533E+00
17 2.220E-04 1.400E+01 19 8.363E-03 7.942E+00 20 1.991E-03 8.577E+00 22 3.271E-06 1.000E+02 23 5.821E-04 2.574E+00
24 4.081E-03 3.087E-01 25 1.931E-08 1.000E+02 26 6.287E-03 5.164E-01 27 3.370E-03 5.739E-01
144  24
 1 3.938E-04 3.441E+01  2 7.905E-05 1.537E+01  3 1.062E-03 5.067E+00  4 2.891E-04 5.296E+01  5 2.501E-05 9.833E+01
 6 1.563E-04 1.556E+01  7 1.377E-05 1.824E+01  8 1.491E-05 3.421E+01  9 1.303E-05 5.206E+01 10 1.733E-03 4.640E+00
11 7.554E-05 1.609E+01 12 2.924E-04 4.305E+00 13 7.507E-03 1.334E+00 14 2.383E-07 1.000E+02 15 2.734E-04 1.318E+01
16 1.717E-03 1.197E+00 17 2.490E-04 1.461E+01 19 7.194E-03 8.136E+00 20 2.311E-03 1.219E+01 23 6.578E-04 1.743E+00
24 4.030E-03 2.923E-01 25 6.181E-09 7.807E+01 26 5.328E-03 4.212E-01 27 2.628E-03 4.655E-01
145  24
 1 3.828E-04 2.995E+01  2 1.039E-04 9.623E+00  3 1.089E-03 4.459E+00  4 1.709E-04 7.231E+01  5 7.141E-05 7.098E+01
 6 1.658E-04 1.707E+01  7 1.409E-05 1.905E+01  8 2.442E-05 2.704E+01  9 1.783E-06 5.673E+01 10 1.562E-03 3.476E+00
11 5.732E-05 1.529E+01 12 2.888E-04 4.269E+00 13 7.118E-03 1.118E+00 15 2.122E-04 1.396E+01 16 1.771E-03 1.143E+00
17 2.133E-04 1.806E+01 19 6.035E-03 8.739E+00 20 2.668E-03 7.175E+00 22 2.752E-07 1.000E+02 23 7.274E-04 1.912E+00
24 3.983E-03 2.913E-01 25 5.629E-10 1.000E+02 26 4.655E-03 6.555E-01 27 2.081E-03 8.601E-01
146  24
 1 3.879E-04 2.383E+01  2 9.697E-05 1.020E+01  3 8.701E-04 5.725E+00  4 2.969E-04 6.033E+01  5 8.788E-05 7.654E+01
 6 1.277E-04 1.187E+01  7 1.072E-05 2.470E+01  8 1.340E-05 4.376E+01  9 1.400E-06 8.685E+01 10 1.417E-03 4.903E+00
11 6.155E-05 1.747E+01 12 2.580E-04 4.741E+00 13 6.655E-03 1.255E+00 15 2.308E-04 2.130E+01 16 1.747E-03 1.126E+00
17 1.953E-04 1.435E+01 19 6.644E-03 7.178E+00 20 1.780E-03 1.097E+01 22 2.575E-06 7.727E+01 23 7.929E-04 2.483E+00
24 3.975E-03 3.038E-01 25 5.925E-08 1.000E+02 26 4.635E-03 5.715E-01 27 2.089E-03 8.808E-01
147  22
 1 3.633E-04 2.875E+01  2 1.112E-04 9.511E+00  3 8.655E-04 4.581E+00  4 1.612E-04 5.944E+01  5 1.733E-05 8.656E+01
 6 1.288E-04 1.054E+01  7 1.656E-05 2.677E+01  8 1.853E-05 4.571E+01  9 1.545E-06 1.000E+02 10 1.250E-03 5.118E+00
11 6.626E-05 1.919E+01 12 2.470E-04 5.452E+00 13 5.977E-03 1.233E+00 15 2.242E-04 1.575E+01 16 1.724E-03 1.277E+00
17 1.962E-04 1.593E+01 19 4.529E-03 9.262E+00 20 2.071E-03 8.322E+00 23 8.349E-04 2.092E+00 24 4.010E-03 3.117E-01
26 5.935E-03 4.330E-01 27 3.068E-03 6.294E-01
148  23
 1 2.639E-04 3.883E+01  2 1.361E-04 1.040E+01  3 7.856E-04 6.508E+00  4 3.599E-05 9.043E+01  5 1.477E-05 7.222E+01
 6 1.597E-04 1.982E+01  7 7.821E-06 4.419E+01  8 2.537E-05 3.410E+01  9 3.213E-06 9.915E+01 10 1.110E-03 5.325E+00
11 8.643E-05 1.714E+01 12 2.195E-04 6.030E+00 13 5.442E-03 1.127E+00 15 1.233E-04 2.348E+01 16 1.736E-03 1.185E+00
17 1.754E-04 1.784E+01 19 4.167E-03 7.015E+00 20 2.664E-03 1.204E+01 22 1.501E-05 1.000E+02 23 9.285E-04 1.472E+00
24 4.039E-03 3.212E-01 26 6.293E-03 5.266E-01 27 3.350E-03 8.267E-01
149  24
 1 1.947E-04 5.060E+01  2 1.314E-04 7.882E+00  3 6.925E-04 6.144E+00  4 2.934E-04 6.043E+01  5 6.225E-05 5.242E+01
 6 1.523E-04 1.700E+01  7 8.534E-06 2.691E+01  8 1.632E-05 5.303E+01  9 1.946E-08 1.000E+02 10 1.038E-03 3.424E+00
11 5.475E-05 1.387E+01 12 1.998E-04 6.224E+00 13 4.967E-03 8.715E-01 14 5.369E-05 1.000E+02 15 2.195E-04 1.651E+01
16 1.746E-03 1.290E+00 17 1.819E-04 2.036E+01 19 3.376E-03 1.396E+01 20 2.974E-03 1.023E+01 23 1.023E-03 1.951E+00
24 4.009E-03 3.336E-01 25 8.738E-09 8.931E+01 26 6.248E-03 4.151E-01 27 3.291E-03 3.528E-01
150  25
 1 1.571E-04 2.777E+01  2 1.535E-04 8.426E+00  3 6.167E-04 5.699E+00  4 1.537E-04 9.330E+01  5 9.477E-05 5.075E+01
 6 1.159E-04 1.175E+01  7 6.685E-06 3.838E+01  8 8.380E-06 4.676E+01  9 1.985E-07 8.350E+01 10 1.005E-03 6.673E+00
11 5.901E-05 1.769E+01 12 1.808E-04 3.870E+00 13 4.713E-03 1.783E+00 15 1.614E-04 2.041E+01 16 1.776E-03 8.703E-01
17 1.761E-04 1.603E+01 19 3.033E-03 9.240E+00 20 3.538E-03 1.154E+01 21 6.156E-08 1.000E+02 22 6.925E-06 1.000E+02
23 1.214E-03 1.921E+00 24 3.870E-03 3.294E-01 25 8.828E-09 1.000E+02 26 4.608E-03 4.919E-01 27 2.013E-03 5.774E-01
151  22
 1 2.203E-04 3.544E+01  2 1.870E-04 6.995E+00  3 6.447E-04 7.241E+00  4 3.159E-04 5.733E+01  5 1.104E-04 7.437E+01
 6 1.237E-04 1.379E+01  7 1.152E-05 3.433E+01  8 1.791E-05 4.699E+01  9 5.928E-06 4.484E+01 10 9.053E-04 5.647E+00
11 4.568E-05 1.840E+01 12 1.668E-04 5.910E+00 13 4.242E-03 1.296E+00 15 1.470E-04 2.807E+01 16 1.772E-03 1.155E+00
17 1.993E-04 1.624E+01 19 3.390E-03 1.078E+01 20 4.308E-03 1.372E+01 23 1.362E-03 1.068E+00 24 3.819E-03 3.167E-01
26 4.522E-03 5.922E-01 27 1.962E-03 7.708E-01
152  23
 1 1.007E-04 7.700E+01  2 2.002E-04 6.608E+00  3 5.433E-04 7.381E+00  4 1.969E-04 5.031E+01  5 4.882E-05 7.509E+01
 6 9.622E-05 1.515E+01  7 8.410E-06 3.278E+01  8 4.667E-06 5.105E+01 10 7.850E-04 3.992E+00 11 4.795E-05 2.637E+01
12 1.526E-04 8.061E+00 13 3.716E-03 1.862E+00 15 1.952E-04 1.753E+01 16 1.793E-03 9.745E-01 17 1.254E-04 1.730E+01
19 2.964E-03 1.243E+01 20 4.248E-03 7.833E+00 22 2.687E-06 1.000E+02 23 1.487E-03 1.362E+00 24 3.809E-03 2.960E-01
25 1.015E-07 1.000E+02 26 4.927E-03 6.526E-01 27 2.243E-03 6.927E-01
153  23
 1 1.614E-04 3.051E+01  2 2.395E-04 4.241E+00  3 3.851E-04 7.287E+00  4 5.215E-04 4.501E+01  5 3.483E-05 7.363E+01
 6 1.291E-04 2.010E+01  7 1.127E-05 3.421E+01  8 5.649E-06 3.320E+01  9 2.926E-06 9.553E+01 10 7.467E-04 7.308E+00
11 3.041E-05 2.749E+01 12 1.438E-04 6.918E+00 13 3.155E-03 2.331E+00 15 9.312E-05 2.873E+01 16 1.783E-03 1.202E+00
17 9.651E-05 2.446E+01 19 2.395E-03 1.172E+01 20 4.267E-03 1.044E+01 23 1.636E-03 1.511E+00 24 3.844E-03 3.243E-01
25 1.575E-08 1.000E+02 26 6.205E-03 3.973E-01 27 3.231E-03 5.645E-01
154  21
 1 1.257E-04 3.864E+01  2 2.759E-04 7.721E+00  3 4.355E-04 7.149E+00  4 3.652E-04 5.406E+01  6 7.088E-05 2.314E+01
 7 4.338E-06 5.717E+01  8 1.422E-05 4.586E+01  9 3.405E-06 7.064E+01 10 6.876E-04 7.259E+00 11 2.973E-05 3.029E+01
12 1.463E-04 5.337E+00 13 2.863E-03 2.190E+00 15 1.392E-04 2.060E+01 16 1.806E-03 1.086E+00 17 1.259E-04 1.616E+01
19 1.974E-03 9.530E+00 20 4.713E-03 7.505E+00 23 1.849E-03 1.444E+00 24 3.786E-03 3.103E-01 26 6.144E-03 5.153E-01
27 3.171E-03 6.966E-01
155  22
 1 2.454E-05 7.072E+01  2 3.147E-04 5.347E+00  3 3.715E-04 7.332E+00  4 7.285E-04 4.942E+01  5 1.512E-05 9.516E+01
 6 7.865E-05 2.104E+01  7 5.062E-06 5.484E+01  8 2.812E-07 8.008E+01  9 1.377E-07 1.000E+02 10 6.181E-04 4.952E+00
11 3.708E-05 1.967E+01 12 1.565E-04 1.148E+01 13 2.459E-03 2.306E+00 15 8.171E-05 2.473E+01 16 1.869E-03 1.042E+00
17 9.853E-05 1.826E+01 19 1.509E-03 1.300E+01 20 5.447E-03 6.731E+00 23 2.120E-03 1.226E+00 24 3.644E-03 4.035E-01
26 5.259E-03 5.804E-01 27 2.564E-03 8.395E-01
156  22
 1 1.061E-04 4.399E+01  2 3.588E-04 5.850E+00  3 3.172E-04 7.574E+00  4 3.988E-05 6.516E+01  5 7.004E-05 5.645E+01
 6 5.431E-05 2.642E+01  7 3.273E-06 3.454E+01  8 9.737E-06 6.961E+01  9 5.023E-06 9.661E+01 10 5.470E-04 6.376E+00
11 3.958E-05 2.923E+01 12 1.096E-04 7.857E+00 13 2.245E-03 1.869E+00 15 6.262E-05 2.306E+01 16 1.921E-03 9.994E-01
17 9.442E-05 2.385E+01 19 1.285E-03 1.143E+01 20 6.508E-03 6.046E+00 23 2.441E-03 1.261E+00 24 3.528E-03 3.253E-01
26 4.910E-03 6.477E-01 27 2.034E-03 8.588E-01
157  21
 1 1.616E-04 4.581E+01  2 3.738E-04 5.842E+00  3 3.101E-04 1.086E+01  4 4.462E-04 4.219E+01  5 9.333E-07 1.000E+02
 6 5.235E-05 3.047E+01  7 3.760E-06 3.658E+01  8 2.244E-05 4.031E+01 10 4.560E-04 7.856E+00 11 3.064E-05 2.732E+01
12 9.232E-05 9.564E+00 13 1.870E-03 1.679E+00 15 7.410E-05 2.393E+01 16 1.960E-03 1.137E+00 17 1.011E-04 2.281E+01
19 1.828E-03 1.288E+01 20 7.217E-03 5.691E+00 23 2.726E-03 1.166E+00 24 3.383E-03 3.531E-01 26 5.015E-03 5.001E-01
27 2.038E-03 6.550E-01
158  21
 1 7.851E-05 5.099E+01  2 4.751E-04 4.672E+00  3 2.710E-04 8.744E+00  4 6.378E-04 3.960E+01  6 6.585E-05 2.121E+01
 7 2.744E-06 4.570E+01  8 7.895E-06 6.535E+01  9 2.551E-06 8.324E+01 10 4.358E-04 6.509E+00 11 2.641E-05 3.490E+01
12 9.500E-05 1.376E+01 13 1.662E-03 1.997E+00 15 5.742E-05 3.049E+01 16 2.024E-03 1.184E+00 17 7.763E-05 2.496E+01
19 1.749E-03 1.307E+01 20 9.827E-03 8.527E+00 23 3.247E-03 9.785E-01 24 3.215E-03 3.058E-01 26 4.546E-03 4.678E-01
27 1.832E-03 7.347E-01
159  23
 1 4.058E-05 5.889E+01  2 5.300E-04 4.161E+00  3 2.550E-04 1.275E+01  4 1.904E-04 6.632E+01  5 1.060E-06 1.000E+02
 6 1.992E-05 2.811E+01  7 1.869E-06 4.931E+01  8 8.318E-06 7.409E+01  9 3.913E-06 1.000E+02 10 4.053E-04 7.222E+00
11 1.634E-05 3.402E+01 12 9.297E-05 9.705E+00 13 1.526E-03 2.404E+00 15 7.023E-05 2.567E+01 16 2.236E-03 1.033E+00
17 8.846E-05 2.258E+01 19 1.429E-03 1.312E+01 20 1.200E-02 6.777E+00 23 3.970E-03 8.224E-01 24 2.887E-03 3.691E-01
25 8.607E-09 1.000E+02 26 2.716E-03 6.704E-01 27 1.243E-03 7.763E-01
160  22
 1 6.495E-05 6.739E+01  2 5.663E-04 4.351E+00  3 2.672E-04 9.596E+00  4 1.287E-03 3.438E+01  5 3.154E-06 8.006E+01
 6 5.158E-05 2.522E+01  7 3.187E-06 9.065E+01  8 2.344E-06 8.307E+01  9 3.498E-06 1.000E+02 10 3.519E-04 8.383E+00
11 2.499E-05 3.329E+01 12 8.919E-05 9.447E+00 13 1.367E-03 2.889E+00 15 4.816E-05 3.505E+01 16 7.462E-03 5.527E-01
17 5.757E-05 4.498E+01 19 1.306E-03 1.824E+01 20 1.378E-02 5.308E+00 23 4.635E-03 8.205E-01 24 2.618E-03 3.925E-01
26 2.425E-03 1.148E+00 27 1.103E-03 1.499E+00
161  22
 1 5.103E-05 4.680E+01  2 3.471E-04 5.638E+00  3 1.284E-04 7.875E+00  4 2.331E-04 4.237E+01  5 8.826E-05 7.165E+01
 6 2.528E-05 3.035E+01  7 8.697E-07 4.314E+01  8 2.333E-06 4.802E+01 10 2.442E-04 5.521E+00 11 2.774E-05 2.899E+01
12 5.245E-05 6.657E+00 13 1.057E-03 1.595E+00 15 5.317E-05 2.362E+01 16 1.420E-03 1.223E+00 17 5.331E-05 2.385E+01
19 9.312E-04 1.597E+01 20 4.514E-02 2.595E+00 21 3.921E-06 1.000E+02 23 1.193E-02 3.184E-01 24 9.766E-04 5.894E-01
26 2.244E-03 5.573E-01 27 9.965E-04 6.644E-01
162  22
 1 3.512E-05 5.589E+01  2 4.139E-04 3.962E+00  3 1.209E-04 1.123E+01  4 1.365E-04 5.543E+01  6 2.482E-05 2.600E+01
 7 3.714E-06 3.648E+01  8 1.182E-06 6.960E+01 10 2.181E-04 8.355E+00 11 1.787E-05 3.256E+01 12 4.670E-05 8.936E+00
13 9.543E-04 2.546E+00 15 2.809E-05 2.708E+01 16 1.460E-03 9.389E-01 17 3.926E-05 1.592E+01 19 7.681E-04 1.865E+01
20 6.633E-02 1.767E+00 22 5.491E-06 1.000E+02 23 1.290E-02 3.071E-01 24 8.308E-04 5.009E-01 25 4.156E-09 1.000E+02
26 2.275E-03 8.209E-01 27 9.607E-04 1.181E+00
163  23
 1 3.206E-06 6.962E+01  2 4.350E-04 2.843E+00  3 9.796E-05 7.893E+00  4 2.845E-04 3.182E+01  5 9.187E-07 1.000E+02
 6 2.373E-05 2.309E+01  7 1.865E-06 6.221E+01  8 2.309E-06 5.322E+01  9 5.262E-07 1.000E+02 10 2.350E-04 7.777E+00
11 1.018E-05 4.490E+01 12 4.778E-05 1.067E+01 13 8.463E-04 2.531E+00 15 3.507E-05 2.586E+01 16 1.467E-03 7.762E-01
17 3.830E-05 2.223E+01 19 9.315E-04 1.586E+01 20 8.048E-02 1.766E+00 23 1.353E-02 3.802E-01 24 7.197E-04 5.660E-01
25 4.191E-09 1.000E+02 26 2.291E-03 5.752E-01 27 9.285E-04 7.684E-01
164  23
 1 2.612E-05 4.876E+01  2 4.918E-04 3.266E+00  3 9.196E-05 1.326E+01  4 1.388E-04 5.916E+01  5 3.106E-06 1.000E+02
 6 3.021E-05 2.751E+01  7 1.744E-06 6.685E+01  8 4.631E-07 7.534E+01  9 7.071E-08 1.000E+02 10 1.851E-04 9.852E+00
11 8.323E-06 2.984E+01 12 4.464E-05 8.283E+00 13 7.825E-04 2.765E+00 15 3.331E-05 4.036E+01 16 1.454E-03 7.344E-01
17 6.049E-05 2.341E+01 19 5.735E-04 1.879E+01 20 7.933E-02 1.448E+00 23 1.406E-02 3.054E-01 24 6.332E-04 5.550E-01
25 1.795E-10 1.000E+02 26 2.343E-03 4.678E-01 27 9.204E-04 4.916E-01
165  22
 1 4.548E-05 8.927E+01  2 6.017E-04 2.590E+00  3 9.394E-05 1.191E+01  4 3.680E-04 4.303E+01  5 2.784E-06 7.896E+01
 6 3.527E-05 2.313E+01  7 1.390E-06 4.003E+01  8 2.589E-06 6.282E+01 10 1.429E-04 1.023E+01 11 1.421E-05 3.223E+01
12 4.125E-05 8.999E+00 13 6.675E-04 2.467E+00 15 4.246E-05 2.712E+01 16 1.441E-03 8.782E-01 17 2.568E-05 2.599E+01
19 6.300E-04 1.602E+01 20 7.713E-02 1.523E+00 23 1.440E-02 3.206E-01 24 5.573E-04 7.257E-01 25 1.369E-09 9.372E+01
26 2.372E-03 6.357E-01 27 9.014E-04 8.191E-01
166  21
 1 2.781E-05 6.527E+01  2 6.549E-04 2.203E+00  3 8.448E-05 1.192E+01  4 2.667E-04 3.512E+01  5 1.646E-07 1.000E+02
 6 2.942E-05 4.034E+01  7 3.768E-07 5.288E+01  8 3.301E-06 6.316E+01 10 1.545E-04 1.107E+01 11 8.200E-06 3.511E+01
12 3.372E-05 1.072E+01 13 6.219E-04 2.875E+00 15 1.180E-05 3.678E+01 16 1.475E-03 1.087E+00 17 3.191E-05 2.467E+01
19 6.309E-04 1.354E+01 20 7.020E-02 2.069E+00 23 1.493E-02 3.350E-01 24 4.931E-04 5.813E-01 26 2.456E-03 7.375E-01
27 8.991E-04 8.852E-01
167  22
 1 5.907E-05 5.433E+01  2 7.315E-04 3.201E+00  3 8.397E-05 1.303E+01  4 4.214E-04 3.436E+01  5 4.558E-05 7.834E+01
 6 2.593E-05 2.656E+01  7 8.038E-07 4.707E+01  8 4.046E-06 4.787E+01  9 2.752E-06 7.542E+01 10 1.310E-04 1.295E+01
11 9.389E-06 2.462E+01 12 3.315E-05 1.121E+01 13 5.459E-04 2.325E+00 15 3.923E-05 2.716E+01 16 1.443E-03 9.665E-01
17 3.049E-05 2.158E+01 19 4.298E-04 2.529E+01 20 6.445E-02 2.317E+00 23 1.533E-02 3.425E-01 24 4.449E-04 8.482E-01
26 2.562E-03 7.535E-01 27 9.160E-04 9.087E-01
168  20
 2 8.118E-04 2.974E+00  3 8.129E-05 1.429E+01  4 5.427E-04 4.216E+01  5 1.327E-07 1.000E+02  6 1.075E-05 4.903E+01
 7 1.053E-06 6.087E+01  8 3.954E-06 5.550E+01 10 1.250E-04 1.134E+01 11 9.948E-06 3.605E+01 12 2.881E-05 1.090E+01
13 5.023E-04 2.676E+00 15 2.243E-05 4.306E+01 16 2.367E-03 7.939E-01 17 2.433E-05 3.457E+01 19 5.055E-04 2.552E+01
20 5.199E-02 2.051E+00 23 1.593E-02 3.485E-01 24 4.070E-04 6.984E-01 26 2.726E-03 5.586E-01 27 9.285E-04 6.001E-01
169  20
 1 3.100E-05 6.991E+01  2 9.157E-04 1.465E+00  3 8.294E-05 1.076E+01  4 4.477E-04 2.936E+01  6 1.760E-05 3.536E+01
 7 1.984E-06 5.094E+01  8 7.427E-06 6.243E+01 10 1.542E-04 8.387E+00 11 1.467E-05 2.915E+01 12 2.685E-05 1.208E+01
13 4.811E-04 3.293E+00 15 2.817E-05 3.903E+01 16 1.569E-03 8.879E-01 17 2.498E-05 3.507E+01 19 4.894E-04 1.808E+01
20 3.030E-02 2.436E+00 23 1.778E-02 2.906E-01 24 3.713E-04 7.386E-01 26 4.410E-03 3.737E-01 27 1.321E-03 4.934E-01
170  21
 1 2.202E-06 1.000E+02  2 1.027E-03 1.984E+00  3 9.014E-05 1.081E+01  4 1.103E-03 2.459E+01  5 1.891E-05 6.632E+01
 6 1.122E-05 3.217E+01  7 3.586E-07 9.283E+01 10 8.179E-05 1.120E+01 11 5.920E-06 3.217E+01 12 2.047E-05 1.602E+01
13 4.016E-04 1.888E+00 15 1.437E-05 4.616E+01 16 1.510E-03 1.142E+00 17 2.829E-05 3.068E+01 19 3.064E-04 1.394E+01
20 2.266E-02 3.351E+00 22 2.975E-06 1.000E+02 23 1.827E-02 3.145E-01 24 3.286E-04 9.787E-01 26 4.609E-03 5.485E-01
27 1.349E-03 7.415E-01
171  21
 1 6.050E-05 4.864E+01  2 1.135E-03 2.405E+00  3 6.008E-05 1.358E+01  4 1.269E-03 2.193E+01  6 1.681E-05 4.163E+01
 7 8.752E-07 7.011E+01  8 3.577E-06 6.931E+01  9 1.573E-07 1.000E+02 10 1.091E-04 9.531E+00 11 5.147E-06 4.302E+01
12 2.223E-05 1.522E+01 13 3.516E-04 4.136E+00 15 1.521E-05 3.749E+01 16 1.461E-03 9.078E-01 17 1.658E-05 3.471E+01
19 2.061E-04 2.136E+01 20 1.316E-02 3.867E+00 23 1.853E-02 2.827E-01 24 2.860E-04 1.051E+00 26 4.723E-03 4.197E-01
27 1.362E-03 4.593E-01
172  20
 1 4.278E-06 1.000E+02  2 1.317E-03 2.512E+00  3 6.102E-05 1.710E+01  4 6.767E-04 3.267E+01  5 4.325E-06 7.590E+01
 6 6.266E-06 4.660E+01  7 2.191E-07 9.851E+01 10 7.307E-05 1.505E+01 11 3.915E-06 5.460E+01 12 2.008E-05 1.284E+01
13 3.248E-04 4.093E+00 15 7.333E-06 6.357E+01 16 1.417E-03 1.153E+00 17 1.304E-05 4.216E+01 19 3.883E-04 2.257E+01
20 1.186E-02 4.885E+00 23 1.887E-02 3.454E-01 24 2.570E-04 8.386E-01 26 4.809E-03 4.360E-01 27 1.362E-03 5.781E-01
173  21
 1 6.730E-06 1.000E+02  2 1.479E-03 2.341E+00  3 5.926E-05 1.778E+01  4 1.044E-03 2.303E+01  5 7.572E-07 1.000E+02
 6 2.525E-06 5.924E+01  7 2.192E-07 1.000E+02  8 7.966E-09 1.000E+02 10 7.902E-05 1.328E+01 11 5.964E-06 4.628E+01
12 1.539E-05 1.251E+01 13 2.691E-04 3.751E+00 15 5.988E-06 5.893E+01 16 1.420E-03 1.155E+00 17 1.146E-05 4.114E+01
19 2.948E-04 2.801E+01 20 9.331E-03 3.959E+00 23 1.900E-02 3.516E-01 24 2.279E-04 8.750E-01 26 4.882E-03 4.032E-01
27 1.371E-03 4.997E-01
174  21
 1 1.282E-07 1.000E+02  2 1.774E-03 2.360E+00  3 4.775E-05 1.992E+01  4 1.173E-03 1.656E+01  5 3.132E-05 1.000E+02
 6 1.707E-05 4.083E+01  7 2.925E-06 4.806E+01  8 3.039E-06 6.101E+01 10 7.801E-05 2.085E+01 11 2.953E-06 5.561E+01
12 1.826E-05 1.510E+01 13 2.536E-04 3.390E+00 15 1.352E-05 5.729E+01 16 1.423E-03 1.132E+00 17 2.090E-05 3.387E+01
19 3.200E-04 2.395E+01 20 7.850E-03 4.353E+00 23 1.927E-02 3.147E-01 24 2.037E-04 1.384E+00 26 4.945E-03 4.298E-01
27 1.373E-03 4.756E-01
175  22
 1 2.006E-05 9.132E+01  2 1.936E-03 1.232E+00  3 4.043E-05 1.710E+01  4 1.787E-03 1.508E+01  5 1.964E-07 1.000E+02
 6 1.242E-05 3.661E+01  7 1.673E-06 6.942E+01  8 5.691E-07 1.000E+02  9 1.492E-08 1.000E+02 10 5.299E-05 1.079E+01
11 4.117E-06 4.136E+01 12 1.478E-05 1.897E+01 13 2.209E-04 5.366E+00 15 1.501E-05 5.379E+01 16 1.397E-03 1.259E+00
17 1.385E-05 4.179E+01 19 2.229E-04 2.961E+01 20 7.387E-03 5.082E+00 23 1.933E-02 3.250E-01 24 1.842E-04 1.192E+00
26 5.024E-03 4.614E-01 27 1.384E-03 5.423E-01
176  20
 1 2.665E-05 7.063E+01  2 2.294E-03 1.775E+00  3 4.939E-05 1.569E+01  4 1.834E-03 1.989E+01  6 6.522E-06 5.092E+01
 7 1.103E-07 8.378E+01  9 4.305E-07 1.000E+02 10 5.558E-05 1.985E+01 11 1.471E-06 6.391E+01 12 1.450E-05 1.628E+01
13 2.181E-04 3.206E+00 15 4.474E-06 5.709E+01 16 1.390E-03 1.213E+00 17 1.138E-05 4.870E+01 19 2.225E-04 2.614E+01
20 6.149E-03 5.233E+00 23 1.962E-02 2.933E-01 24 1.669E-04 1.070E+00 26 5.115E-03 4.435E-01 27 1.396E-03 4.989E-01
177  18
 2 2.632E-03 1.893E+00  3 2.984E-05 1.853E+01  4 1.692E-03 1.768E+01  6 1.790E-06 5.505E+01  7 2.538E-07 1.000E+02
10 4.787E-05 1.434E+01 11 8.258E-06 7.622E+01 12 1.273E-05 1.345E+01 13 1.660E-04 4.718E+00 15 3.728E-06 7.817E+01
16 1.370E-03 1.125E+00 17 1.203E-05 3.087E+01 19 6.751E-05 3.502E+01 20 5.287E-03 5.840E+00 23 1.946E-02 2.790E-01
24 1.480E-04 1.407E+00 26 5.059E-03 3.632E-01 27 1.366E-03 4.459E-01
178  19
 2 2.972E-03 1.704E+00  3 3.544E-05 1.697E+01  4 3.964E-03 1.376E+01  6 4.431E-07 6.697E+01  7 1.598E-06 5.806E+01
 8 7.153E-07 1.000E+02 10 6.354E-05 1.696E+01 11 1.121E-06 6.790E+01 12 1.204E-05 1.872E+01 13 1.767E-04 6.343E+00
15 2.105E-05 4.615E+01 16 1.376E-03 9.762E-01 17 1.939E-05 4.260E+01 19 1.955E-04 3.790E+01 20 4.696E-03 5.395E+00
23 1.970E-02 3.647E-01 24 1.382E-04 1.375E+00 26 5.197E-03 4.920E-01 27 1.391E-03 4.984E-01
179  19
 2 3.463E-03 1.633E+00  3 3.771E-05 2.560E+01  4 3.579E-03 1.281E+01  6 2.727E-06 7.010E+01  7 1.201E-07 1.000E+02
 9 2.772E-06 1.000E+02 10 3.503E-05 1.672E+01 11 1.276E-06 5.328E+01 12 8.444E-06 3.125E+01 13 1.326E-04 5.215E+00
15 3.086E-06 5.455E+01 16 1.350E-03 8.933E-01 17 7.454E-06 4.409E+01 19 7.883E-05 3.613E+01 20 4.241E-03 7.213E+00
23 1.989E-02 3.012E-01 24 1.195E-04 1.759E+00 26 5.290E-03 4.343E-01 27 1.405E-03 4.723E-01
180  20
 1 3.079E-05 6.313E+01  2 3.909E-03 1.122E+00  3 3.891E-05 2.353E+01  4 3.291E-03 1.305E+01  6 1.915E-06 5.265E+01
 7 1.735E-08 1.000E+02  8 1.157E-07 6.932E+01 10 2.409E-05 2.385E+01 11 2.799E-06 6.024E+01 12 1.048E-05 2.629E+01
13 1.262E-04 5.463E+00 15 1.598E-05 4.639E+01 16 1.361E-03 6.344E-01 17 5.839E-06 7.645E+01 19 1.578E-04 3.842E+01
20 3.160E-03 5.679E+00 23 1.986E-02 3.473E-01 24 1.066E-04 1.793E+00 26 5.324E-03 4.997E-01 27 1.394E-03 5.598E-01
181  20
 1 2.600E-06 8.176E+01  2 4.545E-03 1.121E+00  3 2.425E-05 2.636E+01  4 4.102E-03 1.453E+01  6 6.440E-06 9.439E+01
 7 1.509E-06 7.923E+01  8 4.526E-07 1.000E+02 10 2.071E-05 2.724E+01 11 6.704E-07 6.959E+01 12 8.285E-06 2.425E+01
13 1.233E-04 6.306E+00 15 2.148E-06 4.599E+01 16 1.326E-03 1.180E+00 17 1.406E-05 6.637E+01 19 6.900E-05 4.764E+01
20 3.123E-03 8.379E+00 23 2.013E-02 3.251E-01 24 9.884E-05 1.384E+00 26 5.546E-03 4.040E-01 27 1.434E-03 4.667E-01
182  17
 1 1.078E-07 1.000E+02  2 5.364E-03 1.040E+00  3 2.673E-05 2.217E+01  4 4.546E-03 1.314E+01  6 6.314E-07 5.973E+01
10 2.417E-05 2.025E+01 12 7.203E-06 1.783E+01 13 1.185E-04 6.614E+00 15 4.143E-06 8.130E+01 16 1.328E-03 8.342E-01
17 4.661E-06 5.389E+01 19 6.204E-05 4.306E+01 20 2.555E-03 8.043E+00 23 2.017E-02 3.037E-01 24 9.066E-05 1.569E+00
26 5.668E-03 3.496E-01 27 1.363E-03 3.668E-01
183  19
 2 6.683E-03 1.059E+00  3 1.414E-05 2.339E+01  4 7.157E-03 9.326E+00  5 3.013E-05 1.000E+02  6 2.704E-06 8.155E+01
 7 5.629E-07 9.819E+01 10 2.555E-05 2.119E+01 11 2.767E-07 9.663E+01 12 7.275E-06 2.638E+01 13 9.501E-05 6.555E+00
15 5.759E-06 5.433E+01 16 1.330E-03 9.733E-01 17 4.566E-06 8.137E+01 19 8.005E-05 3.978E+01 20 2.357E-03 9.226E+00
23 2.051E-02 3.280E-01 24 8.218E-05 1.672E+00 26 6.116E-03 4.793E-01 27 1.459E-03 5.750E-01
184  19
 1 4.870E-07 1.000E+02  2 8.869E-03 8.889E-01  3 2.258E-05 2.832E+01  4 1.010E-02 1.156E+01  6 1.701E-06 6.827E+01
 7 4.768E-07 7.798E+01 10 2.037E-05 2.617E+01 11 2.946E-07 7.211E+01 12 6.428E-06 2.758E+01 13 7.937E-05 7.085E+00
15 5.552E-07 8.946E+01 16 1.293E-03 1.014E+00 17 2.590E-06 9.079E+01 19 1.131E-04 4.484E+01 20 1.850E-03 1.018E+01
23 2.052E-02 3.307E-01 24 7.335E-05 2.075E+00 26 6.324E-03 3.776E-01 27 1.498E-03 4.418E-01
185  18
 2 1.162E-02 7.599E-01  3 2.250E-05 2.635E+01  4 1.298E-02 9.279E+00  6 1.312E-06 7.519E+01  7 3.429E-07 8.829E+01
10 2.683E-05 1.874E+01 11 1.019E-06 9.868E+01 12 7.406E-06 1.550E+01 13 8.717E-05 8.297E+00 15 5.079E-06 7.847E+01
16 1.300E-03 1.043E+00 17 4.405E-06 5.179E+01 19 2.103E-05 4.338E+01 20 1.441E-03 1.117E+01 23 2.076E-02 3.476E-01
24 6.662E-05 1.957E+00 26 6.541E-03 3.824E-01 27 1.537E-03 4.361E-01
186  19
 2 1.438E-02 5.408E-01  3 1.003E-05 3.664E+01  4 1.240E-01 2.860E+00  6 1.006E-05 4.673E+01  7 2.268E-07 1.000E+02
 9 1.230E-07 1.000E+02 10 1.512E-05 2.221E+01 11 1.055E-06 1.000E+02 12 5.518E-06 3.179E+01 13 6.730E-05 8.837E+00
15 3.715E-06 6.187E+01 16 1.201E-03 1.283E+00 17 2.386E-06 6.819E+01 19 6.873E-05 4.947E+01 20 1.370E-03 8.574E+00
23 2.077E-02 3.204E-01 24 5.817E-05 2.936E+00 26 6.580E-03 4.242E-01 27 1.535E-03 4.718E-01
187  18
 1 6.216E-07 1.000E+02  2 1.787E-02 5.806E-01  3 2.698E-05 2.127E+01  4 1.247E-01 2.859E+00  6 1.311E-06 7.230E+01
10 1.385E-05 3.756E+01 11 5.754E-07 9.902E+01 12 4.658E-06 2.678E+01 13 5.780E-05 7.669E+00 15 4.346E-06 8.170E+01
16 1.244E-03 1.091E+00 17 2.477E-06 9.610E+01 19 1.700E-05 7.768E+01 20 1.313E-03 1.062E+01 23 2.080E-02 3.093E-01
24 5.078E-05 1.977E+00 26 6.431E-03 3.565E-01 27 1.481E-03 3.383E-01
188  19
 2 2.092E-02 6.219E-01  3 1.628E-05 2.487E+01  4 1.262E-01 3.074E+00  6 3.942E-06 8.907E+01  7 2.230E-08 1.000E+02
 8 1.063E-08 1.000E+02 10 1.051E-05 2.905E+01 11 2.751E-06 4.597E+01 12 3.141E-06 4.432E+01 13 6.169E-05 8.503E+00
15 2.993E-06 5.471E+01 16 1.222E-03 1.026E+00 17 1.603E-05 6.714E+01 19 1.969E-05 5.582E+01 20 9.949E-04 1.564E+01
23 2.058E-02 2.999E-01 24 4.817E-05 2.609E+00 26 6.202E-03 4.396E-01 27 1.413E-03 4.865E-01
189  19
 1 6.484E-06 1.000E+02  2 2.411E-02 5.676E-01  3 1.692E-05 4.652E+01  4 1.244E-01 2.510E+00  6 3.425E-07 5.945E+01
 7 3.615E-08 1.000E+02 10 1.137E-05 2.508E+01 11 4.818E-08 1.000E+02 12 5.108E-06 3.410E+01 13 5.140E-05 9.827E+00
15 1.322E-05 5.983E+01 16 1.206E-03 1.372E+00 17 1.997E-06 6.884E+01 19 6.335E-05 5.134E+01 20 9.828E-04 1.142E+01
23 2.043E-02 3.473E-01 24 4.473E-05 2.461E+00 26 5.938E-03 4.375E-01 27 1.341E-03 4.866E-01
190  17
 2 2.658E-02 4.081E-01  3 2.433E-05 3.528E+01  4 1.341E-02 6.230E+00  5 2.437E-05 1.000E+02  7 2.473E-07 9.951E+01
10 1.422E-05 2.867E+01 11 3.177E-06 6.192E+01 12 5.738E-06 2.466E+01 13 5.096E-05 9.248E+00 16 1.310E-03 1.108E+00
17 7.547E-06 7.763E+01 19 5.908E-05 5.504E+01 20 7.305E-04 1.202E+01 23 2.025E-02 3.376E-01 24 4.033E-05 2.669E+00
26 5.757E-03 4.914E-01 27 1.293E-03 5.928E-01
191  17
 2 2.861E-02 5.012E-01  3 8.934E-06 3.129E+01  4 1.102E-02 9.195E+00  6 2.192E-06 6.897E+01  7 1.198E-07 1.000E+02
10 1.046E-05 3.268E+01 11 1.492E-06 5.579E+01 12 3.168E-06 3.412E+01 13 4.182E-05 9.260E+00 16 1.265E-03 8.246E-01
17 1.362E-05 4.350E+01 19 2.561E-05 6.026E+01 20 7.906E-04 1.206E+01 23 2.015E-02 3.432E-01 24 3.716E-05 2.773E+00
26 5.730E-03 4.654E-01 27 1.280E-03 5.601E-01
192  18
 2 2.997E-02 4.238E-01  3 1.583E-05 3.901E+01  4 6.296E-03 1.002E+01  6 2.169E-06 6.883E+01  7 1.361E-07 7.346E+01
 8 1.081E-06 1.000E+02 10 4.249E-06 3.469E+01 11 2.460E-06 6.694E+01 12 3.327E-06 3.439E+01 13 3.866E-05 1.087E+01
16 1.274E-03 6.354E-01 17 3.909E-07 1.000E+02 19 1.131E-05 9.369E+01 20 4.527E-04 1.270E+01 23 2.011E-02 2.941E-01
24 3.374E-05 2.756E+00 26 5.736E-03 3.767E-01 27 1.277E-03 4.226E-01
193  18
 2 3.103E-02 5.160E-01  3 8.067E-06 5.071E+01  4 6.755E-03 1.020E+01  6 3.146E-06 5.485E+01  7 1.993E-07 1.000E+02
 8 1.502E-06 1.000E+02 10 1.056E-05 3.456E+01 11 5.023E-07 1.000E+02 12 1.356E-06 4.465E+01 13 3.492E-05 1.161E+01
16 1.266E-03 9.252E-01 17 1.810E-06 9.157E+01 19 8.099E-07 1.000E+02 20 4.070E-04 1.762E+01 23 2.008E-02 3.003E-01
24 3.012E-05 3.362E+00 26 5.726E-03 4.243E-01 27 1.275E-03 4.400E-01
194  17
 2 3.123E-02 4.175E-01  3 7.141E-06 2.825E+01  4 4.562E-03 1.159E+01  6 2.125E-06 9.915E+01 10 1.081E-05 4.399E+01
11 1.915E-06 1.000E+02 12 3.187E-06 3.593E+01 13 3.250E-05 1.389E+01 15 2.382E-06 7.533E+01 16 1.245E-03 1.146E+00
17 8.147E-07 6.452E+01 19 7.736E-06 7.064E+01 20 5.323E-04 2.288E+01 23 1.973E-02 2.730E-01 24 2.712E-05 2.869E+00
26 5.624E-03 3.608E-01 27 1.255E-03 4.369E-01
195  17
 2 3.095E-02 4.478E-01  3 7.403E-06 4.695E+01  4 3.928E-03 1.031E+01  7 4.795E-08 6.941E+01 10 1.126E-05 3.436E+01
11 2.638E-07 1.000E+02 12 2.782E-06 4.786E+01 13 3.366E-05 1.205E+01 15 3.958E-06 1.000E+02 16 1.282E-03 1.116E+00
17 5.859E-08 1.000E+02 19 1.452E-05 9.347E+01 20 5.959E-04 2.089E+01 23 1.959E-02 2.921E-01 24 2.599E-05 3.110E+00
26 5.602E-03 3.468E-01 27 1.246E-03 3.757E-01
196  13
 2 3.063E-02 4.399E-01  3 1.359E-05 3.147E+01  4 2.771E-03 1.772E+01 10 5.507E-06 3.131E+01 12 1.800E-06 3.776E+01
13 2.154E-05 1.126E+01 16 1.278E-03 9.054E-01 19 7.406E-06 1.000E+02 20 3.746E-04 2.150E+01 23 1.938E-02 2.782E-01
24 2.187E-05 3.075E+00 26 5.585E-03 3.285E-01 27 1.244E-03 4.063E-01
197  15
 2 2.973E-02 4.918E-01  3 6.845E-06 3.935E+01  4 2.543E-03 1.473E+01  6 6.072E-07 1.000E+02 10 4.279E-06 5.352E+01
11 6.911E-07 1.000E+02 12 2.376E-06 3.541E+01 13 2.712E-05 1.446E+01 16 1.285E-03 8.053E-01 19 6.117E-06 9.489E+01
20 3.410E-04 2.543E+01 23 1.903E-02 3.197E-01 24 2.101E-05 3.308E+00 26 5.515E-03 4.376E-01 27 1.232E-03 4.219E-01
198  15
 2 2.852E-02 3.791E-01  3 1.060E-05 3.695E+01  4 1.683E-03 1.473E+01 10 3.249E-06 3.809E+01 11 4.603E-07 9.849E+01
12 2.294E-06 3.261E+01 13 2.125E-05 1.256E+01 16 1.295E-03 1.068E+00 17 4.402E-06 6.920E+01 19 2.351E-05 7.870E+01
20 3.173E-04 2.167E+01 23 1.864E-02 2.807E-01 24 1.823E-05 4.932E+00 26 5.484E-03 3.455E-01 27 1.226E-03 3.945E-01
199  18
 1 1.408E-05 1.000E+02  2 2.649E-02 5.583E-01  3 2.735E-06 6.371E+01  4 1.798E-03 1.616E+01  6 2.119E-06 6.553E+01
 7 5.336E-08 1.000E+02  8 1.603E-07 1.000E+02  9 4.275E-08 1.000E+02 10 4.356E-06 4.176E+01 11 7.069E-08 1.000E+02
12 4.752E-06 3.815E+01 13 1.884E-05 1.510E+01 16 1.316E-03 1.059E+00 20 3.316E-04 2.308E+01 23 1.804E-02 3.492E-01
24 1.552E-05 4.110E+00 26 5.423E-03 3.903E-01 27 1.216E-03 4.384E-01
200  14
 2 2.462E-02 5.144E-01  3 5.437E-06 3.421E+01  4 1.585E-03 1.970E+01 10 2.860E-06 4.977E+01 11 4.453E-07 1.000E+02
12 7.795E-07 5.706E+01 13 1.522E-05 1.193E+01 16 1.322E-03 8.572E-01 17 2.841E-06 1.000E+02 20 3.322E-04 2.750E+01
23 1.757E-02 3.761E-01 24 1.370E-05 3.818E+00 26 5.420E-03 4.535E-01 27 1.220E-03 4.591E-01
201  15
 2 2.187E-02 4.977E-01  3 1.295E-06 5.877E+01  4 9.340E-04 2.640E+01  7 8.395E-07 1.000E+02 10 3.713E-06 7.192E+01
11 2.457E-06 1.000E+02 12 1.600E-07 6.088E+01 13 9.053E-06 1.758E+01 16 1.365E-03 1.099E+00 19 2.007E-05 6.944E+01
20 1.735E-04 2.565E+01 23 1.670E-02 3.046E-01 24 1.036E-05 4.479E+00 26 5.308E-03 3.957E-01 27 1.198E-03 4.250E-01
202  12
 2 1.895E-02 4.796E-01  3 3.843E-06 6.194E+01  4 1.054E-03 2.071E+01 10 2.721E-06 5.853E+01 12 8.437E-07 5.748E+01
13 6.680E-06 1.793E+01 16 1.362E-03 1.127E+00 20 2.315E-04 2.507E+01 23 1.579E-02 3.452E-01 24 8.356E-06 6.122E+00
26 5.183E-03 3.882E-01 27 1.176E-03 4.255E-01
203  15
 2 1.583E-02 5.298E-01  3 1.303E-06 5.072E+01  4 7.079E-04 2.365E+01  6 4.171E-08 1.000E+02 10 1.254E-06 5.796E+01
12 1.465E-06 4.449E+01 13 9.995E-06 1.991E+01 15 1.006E-06 1.000E+02 16 1.394E-03 1.039E+00 19 4.555E-06 9.590E+01
20 1.760E-04 3.130E+01 23 1.480E-02 3.737E-01 24 7.573E-06 5.090E+00 26 5.052E-03 3.983E-01 27 1.156E-03 4.282E-01
204  12
 2 1.199E-02 7.437E-01  3 6.688E-07 7.365E+01  4 4.330E-04 3.028E+01 10 2.960E-06 7.371E+01 12 1.325E-07 7.710E+01
13 1.121E-05 1.870E+01 16 1.402E-03 9.283E-01 20 2.107E-04 3.212E+01 23 1.351E-02 2.897E-01 24 6.107E-06 6.041E+00
26 4.845E-03 2.972E-01 27 1.116E-03 3.217E-01
205  15
 2 7.999E-03 6.085E-01  3 3.397E-07 1.000E+02  4 4.457E-04 2.886E+01  6 5.078E-07 9.018E+01 10 6.541E-08 1.000E+02
12 1.015E-06 4.707E+01 13 5.060E-06 1.717E+01 16 1.461E-03 8.707E-01 17 1.860E-08 1.000E+02 19 2.330E-06 9.811E+01
20 8.055E-05 3.177E+01 23 1.186E-02 3.143E-01 24 4.871E-06 7.676E+00 26 4.446E-03 3.698E-01 27 1.037E-03 4.039E-01
206  14
 2 4.733E-03 7.050E-01  3 8.645E-08 9.393E+01  4 2.446E-04 3.074E+01 10 7.648E-07 7.838E+01 11 8.818E-07 1.000E+02
12 2.581E-07 5.434E+01 13 4.352E-06 2.492E+01 15 3.752E-07 1.000E+02 16 1.522E-03 8.905E-01 20 5.283E-05 3.870E+01
23 9.655E-03 3.359E-01 24 3.599E-06 5.822E+00 26 3.651E-03 3.789E-01 27 8.579E-04 4.082E-01
207  15
 2 2.855E-03 1.043E+00  3 1.686E-06 5.891E+01  4 2.082E-04 3.002E+01  8 9.390E-09 1.000E+02 10 1.723E-06 5.762E+01
12 2.013E-07 5.105E+01 13 3.178E-06 2.427E+01 16 1.605E-03 6.273E-01 17 1.368E-06 1.000E+02 19 5.550E-06 8.940E+01
20 2.886E-05 3.138E+01 23 6.061E-03 3.512E-01 24 2.220E-06 6.993E+00 26 1.913E-03 4.463E-01 27 4.337E-04 5.172E-01
208  15
 2 9.983E-04 1.295E+00  3 6.772E-08 1.000E+02  4 5.813E-05 3.757E+01  6 1.894E-08 1.000E+02 10 7.290E-09 1.000E+02
12 1.061E-07 9.130E+01 13 1.029E-06 3.452E+01 15 1.462E-07 9.313E+01 16 1.383E-03 5.313E-01 17 1.251E-07 1.000E+02
20 7.865E-06 8.778E+01 23 1.950E-03 4.874E-01 24 7.452E-07 9.895E+00 26 3.465E-04 7.735E-01 27 6.957E-05 8.532E-01