
    ORGAN DOSE CONVERSION FACTORS FOR AN ADULT HERMAPHRODITE
    CALCULATED FOR A VARIETY OF CT SCANNERS AND CONDITIONS.
    VALUES ARE GIVEN FOR 208 5 MM SLICES SPANNING THE BODY
    FROM 100 MM BELOW THE BOTTOM OF THE TRUNK TO THE TOP OF THE HEAD.

                     ORGANS OR REGIONS
 1 ADRENALS              10 HEART                  19 THYMUS                   
 2 BRAIN                 11 KIDNEYS                20 THYROID                  
 3 BREASTS               12 LIVER                  21 URINARY BLADDER          
 4 EYE LENSES            13 LUNGS                  22 UTERUS                   
 5 GALL BLADDER          14 OVARIES                23 HEAD REGION              
 6 STOMACH               15 PANCREAS               24 TRUNK REGION             
 7 SMALL INTESTINE       16 SKIN                   25 LEG REGION               
 8 UPPER LARGE INTESTINE 17 SPLEEN                 26 SKELETON                 
 9 LOWER LARGE INTESTINE 18 TESTICLES              27 RED MARROW               

 04 PICKER 1200SX: SHAPED FILTER (LEXAN) FOR HEAD IRRADIATION
    FOCUS TO AXIS DISTANCE IS 640 MM
    FAN ANGLE DOES NOT COVER FULL WIDTH OF TRUNK
    X-RAY SPECTRUM HAS MAXIMUM ENERGY OF 130 KEV
    INITIAL FILTRATION IS 0.7 MM OF ALUMINIUM

    CONVERSION FACTORS AND STATISTICAL UNCERTAINTIES(%) FOR ORGANS IN EACH SLICE
  1  15
 5 4.936E-06 1.000E+02  7 1.693E-05 2.065E+01  8 1.247E-05 2.455E+01  9 2.487E-04 9.247E+00 11 7.404E-07 9.191E+01
12 4.477E-07 7.070E+01 14 3.294E-05 6.762E+01 16 1.354E-03 7.644E-01 18 1.559E-03 1.106E+01 21 1.861E-04 1.930E+01
22 5.099E-05 3.561E+01 24 5.338E-05 1.989E+00 25 3.893E-03 3.796E-01 26 1.954E-03 8.544E-01 27 1.826E-04 1.286E+00
  2  17
 3 2.389E-07 1.000E+02  6 3.389E-06 7.229E+01  7 2.061E-05 1.383E+01  8 1.114E-05 3.577E+01  9 2.413E-04 8.475E+00
11 1.060E-06 1.000E+02 12 5.559E-07 6.622E+01 13 2.518E-07 1.000E+02 14 8.265E-05 5.415E+01 16 1.366E-03 9.852E-01
18 1.738E-03 1.147E+01 21 1.758E-04 2.186E+01 22 7.011E-05 2.429E+01 24 6.324E-05 1.926E+00 25 3.875E-03 4.092E-01
26 1.931E-03 7.362E-01 27 1.895E-04 1.407E+00
  3  15
 7 1.975E-05 1.759E+01  8 8.215E-06 4.922E+01  9 3.260E-04 7.403E+00 11 4.364E-07 8.644E+01 12 5.640E-07 6.543E+01
14 5.925E-05 8.071E+01 16 1.373E-03 8.814E-01 17 4.319E-07 1.000E+02 18 1.651E-03 7.702E+00 21 2.880E-04 1.438E+01
22 3.792E-05 3.330E+01 24 7.133E-05 1.940E+00 25 3.902E-03 4.036E-01 26 1.944E-03 7.884E-01 27 2.005E-04 1.247E+00
  4  16
 3 7.928E-07 1.000E+02  6 1.815E-06 9.355E+01  7 2.149E-05 2.052E+01  8 1.644E-05 2.970E+01  9 3.721E-04 8.018E+00
11 1.650E-06 4.958E+01 12 8.277E-07 7.008E+01 14 9.586E-05 4.761E+01 16 1.370E-03 1.358E+00 18 1.927E-03 7.457E+00
21 2.887E-04 1.681E+01 22 1.073E-04 2.195E+01 24 7.640E-05 2.162E+00 25 3.903E-03 3.463E-01 26 1.953E-03 8.484E-01
27 2.044E-04 1.367E+00
  5  19
 5 2.159E-06 1.000E+02  6 3.410E-06 9.834E+01  7 2.344E-05 1.994E+01  8 2.142E-05 3.684E+01  9 4.077E-04 8.002E+00
11 1.011E-06 7.050E+01 12 6.437E-07 4.806E+01 13 3.688E-07 7.902E+01 14 1.380E-04 9.414E+01 15 5.501E-06 9.323E+01
16 1.368E-03 1.207E+00 17 6.231E-06 9.490E+01 18 2.069E-03 7.951E+00 21 2.749E-04 1.504E+01 22 1.274E-04 2.795E+01
24 8.681E-05 1.887E+00 25 3.860E-03 3.511E-01 26 1.930E-03 7.703E-01 27 2.131E-04 1.210E+00
  6  20
 3 1.071E-06 9.459E+01  6 1.741E-06 9.684E+01  7 1.967E-05 1.499E+01  8 7.513E-06 2.468E+01  9 4.602E-04 5.982E+00
10 4.441E-08 1.000E+02 11 3.069E-06 6.407E+01 12 1.697E-06 5.772E+01 13 4.977E-09 1.000E+02 14 7.363E-05 7.480E+01
15 2.834E-06 6.883E+01 16 1.384E-03 1.540E+00 17 4.581E-07 1.000E+02 18 2.485E-03 7.217E+00 21 4.437E-04 1.192E+01
22 9.178E-05 2.173E+01 24 9.940E-05 1.413E+00 25 3.898E-03 4.702E-01 26 1.955E-03 9.371E-01 27 2.212E-04 1.382E+00
  7  16
 3 1.091E-07 1.000E+02  6 6.430E-06 6.031E+01  7 2.689E-05 1.323E+01  8 1.870E-05 3.049E+01  9 4.968E-04 9.993E+00
11 1.001E-06 8.480E+01 12 1.515E-06 3.144E+01 14 5.052E-05 5.826E+01 16 1.391E-03 9.911E-01 18 2.505E-03 8.905E+00
21 3.487E-04 9.017E+00 22 1.123E-04 2.398E+01 24 1.083E-04 2.107E+00 25 3.864E-03 3.925E-01 26 1.890E-03 6.190E-01
27 2.252E-04 1.289E+00
  8  19
 5 7.096E-06 1.000E+02  6 4.232E-06 1.000E+02  7 3.389E-05 1.498E+01  8 2.034E-05 2.576E+01  9 5.257E-04 6.932E+00
10 3.041E-08 1.000E+02 11 1.170E-06 9.101E+01 12 1.134E-06 3.524E+01 14 6.121E-05 6.367E+01 15 2.641E-06 8.104E+01
16 1.378E-03 1.159E+00 17 3.102E-06 6.493E+01 18 2.595E-03 5.351E+00 21 4.347E-04 1.430E+01 22 1.850E-04 2.593E+01
24 1.198E-04 1.537E+00 25 3.854E-03 3.591E-01 26 1.896E-03 9.415E-01 27 2.295E-04 1.554E+00
  9  20
 3 9.765E-07 9.099E+01  5 3.288E-05 1.000E+02  6 7.518E-08 8.795E+01  7 2.899E-05 1.542E+01  8 1.852E-05 2.596E+01
 9 5.729E-04 7.732E+00 10 8.912E-08 8.377E+01 11 5.400E-06 7.452E+01 12 2.625E-06 4.222E+01 13 2.565E-07 5.495E+01
14 1.382E-04 5.161E+01 15 2.797E-07 1.000E+02 16 1.385E-03 1.427E+00 18 2.788E-03 7.796E+00 21 4.874E-04 1.227E+01
22 1.931E-04 1.434E+01 24 1.363E-04 1.741E+00 25 3.828E-03 4.466E-01 26 1.892E-03 8.509E-01 27 2.410E-04 1.539E+00
 10  20
 3 7.832E-06 6.645E+01  5 3.307E-05 1.000E+02  6 7.363E-07 9.638E+01  7 3.666E-05 1.346E+01  8 2.854E-05 2.436E+01
 9 7.262E-04 5.385E+00 11 1.689E-06 6.672E+01 12 1.349E-06 5.147E+01 13 8.751E-08 6.997E+01 14 1.249E-04 3.727E+01
15 4.560E-07 1.000E+02 16 1.376E-03 1.238E+00 17 2.683E-07 6.883E+01 18 3.423E-03 7.614E+00 21 4.994E-04 1.166E+01
22 1.481E-04 1.749E+01 24 1.520E-04 1.562E+00 25 3.825E-03 3.713E-01 26 1.882E-03 6.547E-01 27 2.462E-04 1.574E+00
 11  16
 3 3.448E-06 6.384E+01  6 5.377E-07 8.279E+01  7 4.767E-05 1.120E+01  8 4.008E-05 2.141E+01  9 7.615E-04 6.761E+00
11 2.965E-06 9.444E+01 12 2.284E-06 3.727E+01 14 4.757E-05 5.107E+01 16 1.845E-03 8.412E-01 18 6.056E-03 3.961E+00
21 6.171E-04 1.174E+01 22 1.545E-04 2.085E+01 24 1.719E-04 1.236E+00 25 3.764E-03 3.583E-01 26 1.773E-03 9.260E-01
27 2.435E-04 1.476E+00
 12  19
 3 4.017E-06 5.965E+01  6 1.132E-06 7.506E+01  7 4.303E-05 9.582E+00  8 4.680E-05 1.960E+01  9 8.805E-04 5.999E+00
11 2.335E-06 6.639E+01 12 6.533E-07 4.225E+01 13 1.004E-07 1.000E+02 14 1.585E-04 3.304E+01 15 8.029E-07 7.361E+01
16 1.462E-03 1.072E+00 17 4.752E-06 8.729E+01 18 1.824E-02 2.757E+00 21 6.791E-04 8.531E+00 22 2.626E-04 1.375E+01
24 1.948E-04 1.102E+00 25 3.747E-03 3.753E-01 26 1.757E-03 8.309E-01 27 2.507E-04 1.498E+00
 13  20
 3 4.956E-06 4.381E+01  6 4.446E-06 5.682E+01  7 5.032E-05 9.239E+00  8 4.305E-05 1.850E+01  9 1.070E-03 4.381E+00
10 4.052E-07 1.000E+02 11 2.153E-06 5.163E+01 12 2.296E-06 3.364E+01 13 1.563E-07 9.498E+01 14 2.082E-04 3.053E+01
15 1.009E-07 1.000E+02 16 1.431E-03 1.221E+00 17 2.653E-06 8.844E+01 18 3.170E-02 2.196E+00 21 8.510E-04 7.667E+00
22 2.825E-04 1.547E+01 24 2.222E-04 1.274E+00 25 3.666E-03 4.053E-01 26 1.687E-03 9.843E-01 27 2.673E-04 1.170E+00
 14  21
 3 6.116E-06 5.307E+01  5 2.532E-05 7.579E+01  6 3.483E-07 6.904E+01  7 6.500E-05 1.304E+01  8 4.907E-05 1.874E+01
 9 1.062E-03 4.354E+00 10 1.837E-08 1.000E+02 11 1.869E-06 5.610E+01 12 2.659E-06 3.189E+01 13 3.912E-08 7.372E+01
14 2.131E-04 4.378E+01 15 4.229E-07 1.000E+02 16 1.468E-03 9.331E-01 17 2.127E-06 5.783E+01 18 4.087E-02 1.825E+00
21 7.821E-04 1.058E+01 22 2.849E-04 1.479E+01 24 2.523E-04 8.929E-01 25 3.643E-03 3.775E-01 26 1.681E-03 9.845E-01
27 2.765E-04 1.235E+00
 15  20
 3 1.766E-06 6.203E+01  5 7.264E-07 1.000E+02  6 3.562E-06 4.403E+01  7 7.178E-05 1.021E+01  8 4.381E-05 1.684E+01
 9 1.298E-03 4.203E+00 11 4.501E-06 4.653E+01 12 4.119E-06 3.289E+01 13 3.055E-08 1.000E+02 14 1.299E-04 3.985E+01
15 1.464E-06 6.952E+01 16 1.440E-03 9.783E-01 17 4.446E-06 9.613E+01 18 4.645E-02 1.965E+00 21 1.183E-03 7.265E+00
22 3.562E-04 1.211E+01 24 2.889E-04 1.050E+00 25 3.570E-03 3.329E-01 26 1.636E-03 7.678E-01 27 2.814E-04 8.503E-01
 16  21
 3 1.770E-06 8.608E+01  5 6.052E-06 1.000E+02  6 1.043E-05 4.773E+01  7 8.192E-05 8.321E+00  8 5.222E-05 1.282E+01
 9 1.552E-03 4.388E+00 10 1.335E-06 7.622E+01 11 1.480E-06 5.282E+01 12 3.972E-06 3.519E+01 13 4.845E-09 1.000E+02
14 6.914E-05 4.699E+01 15 4.706E-06 7.401E+01 16 1.440E-03 1.173E+00 17 2.375E-07 7.623E+01 18 4.541E-02 2.072E+00
21 1.299E-03 1.010E+01 22 2.773E-04 1.546E+01 24 3.293E-04 9.549E-01 25 3.497E-03 3.954E-01 26 1.602E-03 9.683E-01
27 2.998E-04 1.311E+00
 17  20
 3 4.216E-06 6.479E+01  5 1.184E-05 1.000E+02  6 9.114E-06 6.773E+01  7 8.903E-05 1.057E+01  8 7.249E-05 1.074E+01
 9 1.536E-03 4.645E+00 10 1.021E-07 1.000E+02 11 1.841E-05 5.496E+01 12 3.852E-06 3.378E+01 13 3.830E-08 1.000E+02
14 2.747E-04 3.295E+01 16 1.424E-03 1.059E+00 17 3.398E-06 6.751E+01 18 4.268E-02 2.059E+00 21 1.328E-03 6.507E+00
22 3.888E-04 1.410E+01 24 3.773E-04 7.581E-01 25 3.407E-03 3.614E-01 26 1.572E-03 7.715E-01 27 3.151E-04 1.442E+00
 18  21
 3 5.191E-06 4.114E+01  5 4.722E-07 1.000E+02  6 1.350E-05 5.643E+01  7 9.478E-05 8.382E+00  8 8.391E-05 1.739E+01
 9 1.842E-03 4.327E+00 10 2.163E-06 5.779E+01 11 1.131E-05 3.401E+01 12 4.537E-06 3.315E+01 13 7.207E-07 7.153E+01
14 2.961E-04 2.942E+01 15 2.214E-05 8.496E+01 16 1.398E-03 6.969E-01 17 5.873E-06 6.503E+01 18 3.751E-02 1.976E+00
21 1.557E-03 7.869E+00 22 3.803E-04 1.210E+01 24 4.309E-04 1.019E+00 25 3.291E-03 3.914E-01 26 1.519E-03 8.735E-01
27 3.340E-04 1.314E+00
 19  21
 1 7.903E-06 1.000E+02  3 1.697E-06 4.985E+01  5 3.857E-05 6.919E+01  6 6.124E-06 5.158E+01  7 1.038E-04 7.366E+00
 8 7.032E-05 1.461E+01  9 2.033E-03 3.877E+00 10 5.328E-07 1.000E+02 11 1.434E-05 4.342E+01 12 3.131E-06 2.784E+01
14 2.380E-04 3.317E+01 15 4.734E-06 9.947E+01 16 1.394E-03 1.283E+00 17 9.335E-07 6.735E+01 18 2.591E-02 2.648E+00
21 1.678E-03 8.598E+00 22 2.723E-04 1.647E+01 24 5.036E-04 8.554E-01 25 3.148E-03 4.501E-01 26 1.475E-03 9.413E-01
27 3.572E-04 1.585E+00
 20  21
 3 1.267E-05 3.119E+01  5 6.018E-05 5.286E+01  6 1.463E-05 5.163E+01  7 1.213E-04 7.013E+00  8 9.889E-05 1.209E+01
 9 2.281E-03 4.276E+00 10 6.741E-07 1.000E+02 11 7.556E-06 4.105E+01 12 4.756E-06 2.905E+01 13 2.369E-07 8.094E+01
14 3.927E-04 2.459E+01 15 1.283E-06 9.586E+01 16 1.358E-03 9.182E-01 17 3.030E-08 1.000E+02 18 1.480E-02 3.349E+00
21 1.840E-03 5.991E+00 22 6.152E-04 1.032E+01 24 6.071E-04 6.100E-01 25 2.915E-03 3.969E-01 26 1.416E-03 1.049E+00
27 3.959E-04 1.210E+00
 21  21
 1 5.459E-07 1.000E+02  3 1.692E-06 5.650E+01  6 3.413E-06 4.561E+01  7 1.336E-04 6.632E+00  8 9.778E-05 1.400E+01
 9 3.293E-03 3.442E+00 10 5.725E-08 1.000E+02 11 9.477E-06 4.439E+01 12 8.651E-06 2.752E+01 13 3.710E-07 9.437E+01
14 5.129E-04 2.488E+01 15 2.343E-06 9.591E+01 16 1.151E-03 1.257E+00 17 8.685E-06 6.629E+01 18 7.202E-03 5.890E+00
21 1.847E-03 7.376E+00 22 7.110E-04 1.137E+01 24 1.482E-03 3.645E-01 25 1.249E-03 8.045E-01 26 1.315E-03 6.234E-01
27 6.117E-04 1.254E+00
 22  21
 3 3.167E-06 5.612E+01  5 1.384E-07 1.000E+02  6 1.190E-05 4.046E+01  7 1.496E-04 6.036E+00  8 1.051E-04 1.397E+01
 9 3.762E-03 2.651E+00 10 6.102E-08 1.000E+02 11 6.202E-06 6.554E+01 12 4.868E-06 2.479E+01 13 5.413E-07 8.859E+01
14 3.416E-04 2.297E+01 15 2.615E-06 7.791E+01 16 1.134E-03 1.148E+00 17 1.901E-06 6.772E+01 18 6.268E-03 4.336E+00
21 2.230E-03 5.295E+00 22 7.830E-04 8.595E+00 24 1.604E-03 3.753E-01 25 1.037E-03 6.211E-01 26 1.268E-03 8.672E-01
27 6.480E-04 1.393E+00
 23  22
 1 1.727E-07 1.000E+02  3 6.792E-07 1.000E+02  5 1.075E-05 1.000E+02  6 9.688E-06 3.965E+01  7 1.741E-04 6.444E+00
 8 1.417E-04 1.303E+01  9 4.041E-03 2.607E+00 10 4.423E-08 8.776E+01 11 1.944E-05 2.960E+01 12 4.656E-06 2.284E+01
13 5.096E-07 4.843E+01 14 5.688E-04 2.847E+01 15 1.639E-06 5.345E+01 16 1.110E-03 1.146E+00 17 4.107E-06 5.166E+01
18 4.922E-03 4.316E+00 21 2.730E-03 4.760E+00 22 7.437E-04 9.264E+00 24 1.682E-03 4.151E-01 25 8.789E-04 8.287E-01
26 1.211E-03 1.246E+00 27 6.770E-04 1.518E+00
 24  20
 3 8.468E-07 5.460E+01  6 6.774E-06 5.013E+01  7 1.982E-04 6.950E+00  8 1.659E-04 1.062E+01  9 4.959E-03 2.101E+00
10 9.911E-09 1.000E+02 11 9.742E-06 2.790E+01 12 7.349E-06 2.330E+01 13 6.068E-07 8.376E+01 14 3.239E-04 2.307E+01
15 4.968E-06 9.783E+01 16 1.133E-03 1.066E+00 17 3.586E-06 7.412E+01 18 3.907E-03 7.196E+00 21 3.014E-03 5.795E+00
22 7.626E-04 8.277E+00 24 1.740E-03 3.821E-01 25 7.768E-04 8.471E-01 26 1.201E-03 1.120E+00 27 7.024E-04 1.769E+00
 25  21
 3 2.974E-07 7.139E+01  5 9.266E-05 5.436E+01  6 2.128E-05 4.333E+01  7 2.304E-04 5.364E+00  8 1.470E-04 1.070E+01
 9 5.402E-03 3.166E+00 10 9.981E-07 8.246E+01 11 1.537E-05 2.531E+01 12 1.059E-05 2.010E+01 13 2.265E-06 5.021E+01
14 8.955E-04 2.588E+01 15 7.548E-06 4.316E+01 16 1.085E-03 1.178E+00 17 1.163E-05 6.309E+01 18 2.915E-03 6.584E+00
21 3.477E-03 4.468E+00 22 8.877E-04 9.944E+00 24 1.790E-03 3.933E-01 25 6.798E-04 9.703E-01 26 1.176E-03 8.927E-01
27 7.254E-04 1.618E+00
 26  21
 1 8.146E-06 8.057E+01  3 1.090E-06 7.206E+01  5 3.691E-05 7.244E+01  6 1.435E-05 3.610E+01  7 1.960E-04 6.468E+00
 8 1.644E-04 9.539E+00  9 5.762E-03 2.608E+00 11 1.778E-05 2.499E+01 12 8.975E-06 2.545E+01 13 5.547E-07 5.092E+01
14 7.612E-04 1.927E+01 15 1.399E-06 5.181E+01 16 1.070E-03 1.042E+00 17 6.094E-06 4.225E+01 18 3.256E-03 6.638E+00
21 4.227E-03 3.221E+00 22 1.026E-03 7.749E+00 24 1.831E-03 3.783E-01 25 5.902E-04 8.465E-01 26 1.137E-03 9.946E-01
27 7.465E-04 1.596E+00
 27  22
 1 3.254E-07 1.000E+02  3 1.542E-07 1.000E+02  5 1.247E-04 4.936E+01  6 5.189E-06 4.200E+01  7 2.539E-04 4.917E+00
 8 1.753E-04 7.598E+00  9 5.726E-03 1.949E+00 10 5.559E-07 1.000E+02 11 1.997E-05 3.876E+01 12 1.123E-05 1.658E+01
13 5.807E-07 7.912E+01 14 7.675E-04 2.243E+01 15 5.741E-06 8.513E+01 16 1.068E-03 9.707E-01 17 1.227E-05 4.672E+01
18 2.363E-03 7.374E+00 21 4.255E-03 4.765E+00 22 1.059E-03 9.313E+00 24 1.879E-03 2.892E-01 25 5.281E-04 1.224E+00
26 1.145E-03 9.623E-01 27 7.685E-04 1.442E+00
 28  20
 3 2.533E-06 5.482E+01  6 2.111E-05 2.871E+01  7 2.533E-04 4.917E+00  8 1.893E-04 8.257E+00  9 5.913E-03 2.718E+00
10 1.330E-06 5.827E+01 11 2.561E-05 3.048E+01 12 9.227E-06 2.086E+01 13 1.188E-06 4.883E+01 14 8.598E-04 2.050E+01
15 2.999E-06 7.689E+01 16 1.092E-03 1.089E+00 17 8.955E-06 4.739E+01 18 2.426E-03 9.416E+00 21 4.854E-03 4.356E+00
22 1.200E-03 8.022E+00 24 1.912E-03 3.587E-01 25 4.683E-04 1.006E+00 26 1.120E-03 1.087E+00 27 7.697E-04 1.369E+00
 29  21
 1 1.274E-05 1.000E+02  3 2.583E-06 4.499E+01  5 2.139E-06 8.362E+01  6 3.921E-05 3.427E+01  7 3.049E-04 3.855E+00
 8 2.114E-04 9.927E+00  9 5.624E-03 2.386E+00 11 1.154E-05 2.376E+01 12 1.462E-05 2.247E+01 13 1.530E-06 5.923E+01
14 1.064E-03 1.794E+01 15 6.783E-06 6.559E+01 16 1.055E-03 1.396E+00 17 1.051E-05 4.150E+01 18 1.720E-03 8.693E+00
21 5.795E-03 4.014E+00 22 1.529E-03 6.959E+00 24 1.932E-03 4.130E-01 25 4.102E-04 9.952E-01 26 1.088E-03 8.491E-01
27 7.851E-04 1.314E+00
 30  21
 3 1.712E-06 1.000E+02  5 2.170E-05 8.160E+01  6 2.303E-05 2.875E+01  7 3.416E-04 4.277E+00  8 2.677E-04 8.868E+00
 9 5.067E-03 3.103E+00 10 3.323E-06 9.949E+01 11 1.499E-05 2.727E+01 12 1.152E-05 2.038E+01 13 1.575E-06 5.150E+01
14 1.159E-03 2.222E+01 15 7.623E-06 5.618E+01 16 1.052E-03 1.127E+00 17 1.440E-05 5.907E+01 18 1.932E-03 7.507E+00
21 1.159E-02 3.037E+00 22 1.548E-03 8.228E+00 24 1.948E-03 4.403E-01 25 3.709E-04 1.093E+00 26 1.080E-03 8.609E-01
27 7.886E-04 1.321E+00
 31  22
 1 6.767E-07 7.451E+01  3 7.008E-07 9.743E+01  5 7.552E-05 6.891E+01  6 1.956E-05 3.402E+01  7 3.996E-04 4.593E+00
 8 2.282E-04 8.971E+00  9 4.688E-03 2.497E+00 10 9.156E-07 8.087E+01 11 1.922E-05 3.381E+01 12 1.815E-05 1.562E+01
13 3.016E-07 9.466E+01 14 1.803E-03 2.554E+01 15 1.192E-05 4.624E+01 16 1.047E-03 1.347E+00 17 5.677E-06 3.153E+01
18 1.710E-03 5.375E+00 21 1.561E-02 2.080E+00 22 1.743E-03 6.419E+00 24 1.988E-03 3.576E-01 25 3.250E-04 1.078E+00
26 1.070E-03 1.171E+00 27 8.011E-04 1.585E+00
 32  23
 1 2.340E-05 9.911E+01  3 2.672E-06 5.460E+01  5 2.528E-05 6.235E+01  6 3.008E-05 2.508E+01  7 3.874E-04 4.506E+00
 8 3.644E-04 7.949E+00  9 4.576E-03 3.424E+00 10 1.036E-05 7.985E+01 11 2.473E-05 2.596E+01 12 1.627E-05 1.049E+01
13 3.396E-06 6.301E+01 14 1.137E-03 2.505E+01 15 2.252E-05 4.682E+01 16 1.060E-03 1.157E+00 17 3.161E-05 3.673E+01
18 1.403E-03 1.101E+01 21 1.564E-02 3.048E+00 22 2.035E-03 5.669E+00 23 3.718E-08 1.000E+02 24 1.992E-03 3.329E-01
25 2.902E-04 1.319E+00 26 1.050E-03 9.482E-01 27 7.999E-04 1.168E+00
 33  22
 1 1.859E-05 8.745E+01  3 2.026E-07 1.000E+02  5 3.108E-05 7.383E+01  6 2.379E-05 2.143E+01  7 4.500E-04 3.894E+00
 8 3.415E-04 9.706E+00  9 4.405E-03 3.242E+00 10 5.298E-07 7.546E+01 11 2.303E-05 2.050E+01 12 1.869E-05 1.607E+01
13 1.363E-06 5.443E+01 14 1.665E-03 1.538E+01 15 1.283E-05 4.980E+01 16 1.062E-03 1.021E+00 17 1.318E-05 3.569E+01
18 1.138E-03 1.460E+01 21 1.667E-02 2.741E+00 22 2.329E-03 4.925E+00 24 2.019E-03 3.777E-01 25 2.563E-04 1.313E+00
26 1.050E-03 9.440E-01 27 8.119E-04 1.473E+00
 34  22
 1 2.184E-06 1.000E+02  3 5.795E-06 5.622E+01  5 6.320E-05 4.284E+01  6 2.169E-05 2.252E+01  7 5.134E-04 4.135E+00
 8 4.162E-04 7.975E+00  9 3.908E-03 3.018E+00 10 7.522E-06 5.881E+01 11 2.886E-05 1.958E+01 12 1.912E-05 1.268E+01
13 2.191E-06 6.328E+01 14 1.311E-03 1.465E+01 15 1.391E-05 4.734E+01 16 1.010E-03 1.384E+00 17 2.130E-05 3.521E+01
18 9.642E-04 1.467E+01 21 1.642E-02 2.531E+00 22 2.321E-03 5.129E+00 24 2.034E-03 3.983E-01 25 2.308E-04 1.604E+00
26 1.055E-03 8.820E-01 27 8.350E-04 1.327E+00
 35  23
 1 2.987E-06 1.000E+02  3 1.932E-06 6.323E+01  5 3.322E-05 3.446E+01  6 3.272E-05 2.202E+01  7 5.692E-04 3.528E+00
 8 4.346E-04 8.497E+00  9 3.929E-03 2.006E+00 10 3.855E-06 8.439E+01 11 4.857E-05 2.530E+01 12 1.714E-05 1.394E+01
13 2.348E-06 4.848E+01 14 2.043E-03 1.422E+01 15 2.288E-05 3.406E+01 16 1.044E-03 1.205E+00 17 1.403E-05 3.185E+01
18 9.676E-04 1.497E+01 21 1.720E-02 2.327E+00 22 2.938E-03 5.957E+00 23 1.249E-07 1.000E+02 24 2.046E-03 3.781E-01
25 2.078E-04 1.529E+00 26 1.043E-03 8.543E-01 27 8.274E-04 1.150E+00
 36  21
 3 2.127E-06 9.904E+01  5 1.137E-06 7.800E+01  6 5.489E-05 2.042E+01  7 6.332E-04 3.466E+00  8 5.157E-04 4.768E+00
 9 4.059E-03 2.979E+00 10 5.651E-07 6.252E+01 11 5.355E-05 1.875E+01 12 2.767E-05 1.387E+01 13 2.025E-06 3.863E+01
14 2.522E-03 1.318E+01 15 2.026E-05 5.399E+01 16 1.031E-03 1.300E+00 17 3.060E-05 3.212E+01 18 1.026E-03 1.278E+01
21 1.710E-02 2.408E+00 22 3.093E-03 6.314E+00 24 2.056E-03 3.163E-01 25 1.922E-04 1.496E+00 26 1.067E-03 9.257E-01
27 8.565E-04 1.457E+00
 37  23
 1 3.635E-07 1.000E+02  3 1.659E-06 7.335E+01  5 1.155E-04 5.575E+01  6 4.697E-05 3.041E+01  7 7.276E-04 4.912E+00
 8 5.669E-04 5.565E+00  9 4.171E-03 2.646E+00 10 2.370E-06 5.338E+01 11 5.210E-05 1.839E+01 12 2.936E-05 1.455E+01
13 2.427E-06 3.986E+01 14 3.154E-03 1.348E+01 15 2.277E-05 3.272E+01 16 1.031E-03 1.352E+00 17 2.333E-05 2.561E+01
18 8.872E-04 1.335E+01 21 1.770E-02 2.784E+00 22 3.416E-03 4.279E+00 23 1.209E-09 1.000E+02 24 2.083E-03 3.845E-01
25 1.693E-04 1.603E+00 26 1.063E-03 1.066E+00 27 8.657E-04 1.160E+00
 38  22
 1 9.398E-06 1.000E+02  3 2.718E-06 4.659E+01  5 1.471E-04 6.198E+01  6 5.214E-05 2.431E+01  7 7.970E-04 2.998E+00
 8 6.224E-04 6.024E+00  9 3.940E-03 3.336E+00 10 2.082E-06 4.860E+01 11 5.806E-05 1.631E+01 12 3.037E-05 1.206E+01
13 2.359E-06 3.795E+01 14 2.594E-03 1.559E+01 15 2.756E-05 3.055E+01 16 1.014E-03 1.048E+00 17 2.464E-05 3.277E+01
18 5.574E-04 1.426E+01 21 1.641E-02 2.110E+00 22 4.093E-03 5.766E+00 24 2.081E-03 3.559E-01 25 1.491E-04 1.859E+00
26 1.056E-03 9.897E-01 27 8.747E-04 1.357E+00
 39  22
 1 9.482E-06 7.168E+01  3 1.225E-06 5.088E+01  5 1.067E-04 3.733E+01  6 5.541E-05 1.325E+01  7 8.540E-04 3.977E+00
 8 7.073E-04 4.982E+00  9 4.376E-03 2.903E+00 10 2.922E-06 5.396E+01 11 5.057E-05 2.212E+01 12 3.045E-05 1.293E+01
13 1.491E-06 4.169E+01 14 3.097E-03 1.155E+01 15 1.834E-05 3.163E+01 16 1.032E-03 1.346E+00 17 3.182E-05 2.673E+01
18 6.804E-04 1.451E+01 21 1.640E-02 2.118E+00 22 4.501E-03 4.679E+00 24 2.081E-03 3.647E-01 25 1.354E-04 2.198E+00
26 1.065E-03 1.041E+00 27 8.771E-04 1.382E+00
 40  22
 1 7.316E-05 9.381E+01  3 3.024E-06 4.694E+01  5 8.454E-05 3.908E+01  6 6.110E-05 2.404E+01  7 9.383E-04 3.063E+00
 8 7.451E-04 6.153E+00  9 4.042E-03 2.450E+00 10 4.997E-06 5.052E+01 11 6.641E-05 1.279E+01 12 3.770E-05 1.139E+01
13 3.430E-06 3.921E+01 14 2.555E-03 1.352E+01 15 3.247E-05 3.545E+01 16 1.025E-03 1.059E+00 17 1.917E-05 2.570E+01
18 5.588E-04 1.255E+01 21 1.635E-02 2.412E+00 22 4.233E-03 3.883E+00 24 2.102E-03 4.391E-01 25 1.214E-04 2.167E+00
26 1.089E-03 1.147E+00 27 9.151E-04 1.396E+00
 41  24
 1 5.018E-05 6.307E+01  2 9.592E-07 1.000E+02  3 8.977E-06 5.744E+01  5 2.397E-04 4.489E+01  6 4.608E-05 2.238E+01
 7 1.052E-03 2.602E+00  8 8.329E-04 6.882E+00  9 3.956E-03 2.748E+00 10 5.749E-06 5.047E+01 11 7.831E-05 1.614E+01
12 4.105E-05 1.129E+01 13 4.481E-06 3.565E+01 14 4.222E-03 1.107E+01 15 3.058E-05 3.386E+01 16 1.012E-03 1.133E+00
17 3.338E-05 3.819E+01 18 4.600E-04 1.429E+01 21 1.562E-02 3.071E+00 22 5.085E-03 4.042E+00 23 3.400E-07 1.000E+02
24 2.103E-03 3.908E-01 25 1.079E-04 2.156E+00 26 1.095E-03 8.399E-01 27 9.302E-04 1.215E+00
 42  23
 1 5.045E-06 6.520E+01  3 9.048E-06 3.961E+01  5 7.049E-05 4.350E+01  6 5.845E-05 1.846E+01  7 1.162E-03 2.321E+00
 8 9.320E-04 4.520E+00  9 4.047E-03 3.098E+00 10 1.471E-06 4.423E+01 11 7.265E-05 1.377E+01 12 3.963E-05 1.106E+01
13 3.842E-06 3.258E+01 14 4.584E-03 1.045E+01 15 3.878E-05 3.344E+01 16 1.025E-03 1.489E+00 17 3.972E-05 3.041E+01
18 5.096E-04 1.303E+01 21 1.430E-02 2.663E+00 22 5.867E-03 3.815E+00 23 1.701E-09 1.000E+02 24 2.109E-03 3.393E-01
25 1.046E-04 2.020E+00 26 1.101E-03 8.840E-01 27 9.355E-04 1.326E+00
 43  23
 1 6.977E-05 4.503E+01  3 4.386E-06 6.344E+01  5 9.253E-05 6.175E+01  6 9.081E-05 1.868E+01  7 1.296E-03 2.204E+00
 8 1.063E-03 3.237E+00  9 3.821E-03 2.535E+00 10 1.620E-06 5.042E+01 11 1.001E-04 1.567E+01 12 4.686E-05 8.911E+00
13 4.130E-06 2.955E+01 14 4.010E-03 1.083E+01 15 2.982E-05 2.912E+01 16 1.015E-03 1.453E+00 17 3.864E-05 2.413E+01
18 3.604E-04 1.809E+01 21 1.188E-02 2.525E+00 22 6.446E-03 3.186E+00 23 8.560E-08 9.666E+01 24 2.116E-03 4.128E-01
25 9.036E-05 1.823E+00 26 1.095E-03 8.596E-01 27 9.290E-04 1.235E+00
 44  22
 1 1.452E-05 7.336E+01  3 6.260E-06 5.531E+01  5 3.029E-04 3.085E+01  6 7.095E-05 1.812E+01  7 1.416E-03 1.942E+00
 8 1.221E-03 5.447E+00  9 4.082E-03 3.141E+00 10 3.618E-06 3.408E+01 11 8.534E-05 1.562E+01 12 5.410E-05 1.014E+01
13 3.641E-06 4.494E+01 14 5.391E-03 6.803E+00 15 4.951E-05 2.744E+01 16 1.025E-03 1.440E+00 17 2.409E-05 2.317E+01
18 3.653E-04 2.164E+01 21 5.952E-03 3.020E+00 22 7.453E-03 4.432E+00 24 2.123E-03 3.852E-01 25 7.706E-05 1.739E+00
26 1.120E-03 9.609E-01 27 9.758E-04 1.601E+00
 45  22
 1 2.664E-05 7.114E+01  3 3.383E-06 5.537E+01  5 1.813E-04 4.221E+01  6 8.659E-05 1.349E+01  7 1.603E-03 2.021E+00
 8 1.257E-03 4.160E+00  9 3.804E-03 3.661E+00 10 7.468E-06 5.520E+01 11 1.026E-04 1.446E+01 12 5.640E-05 8.437E+00
13 3.613E-06 4.116E+01 14 5.552E-03 7.246E+00 15 2.713E-05 2.786E+01 16 1.009E-03 1.008E+00 17 3.218E-05 2.955E+01
18 3.657E-04 1.662E+01 21 5.199E-03 3.766E+00 22 8.735E-03 2.910E+00 24 2.117E-03 3.757E-01 25 6.781E-05 3.183E+00
26 1.140E-03 8.790E-01 27 9.887E-04 1.390E+00
 46  24
 1 6.476E-05 4.278E+01  3 6.419E-06 3.648E+01  5 1.552E-04 4.820E+01  6 1.253E-04 1.403E+01  7 1.808E-03 2.430E+00
 8 1.535E-03 3.535E+00  9 3.821E-03 3.094E+00 10 1.161E-05 3.548E+01 11 1.374E-04 1.292E+01 12 7.011E-05 9.915E+00
13 8.100E-06 2.368E+01 14 7.298E-03 8.498E+00 15 9.207E-05 2.663E+01 16 9.987E-04 1.293E+00 17 4.856E-05 2.863E+01
18 2.855E-04 1.198E+01 19 2.815E-07 1.000E+02 21 4.783E-03 3.247E+00 22 1.407E-02 2.789E+00 23 1.926E-07 7.075E+01
24 2.142E-03 4.131E-01 25 6.520E-05 2.613E+00 26 1.187E-03 8.133E-01 27 1.047E-03 9.660E-01
 47  24
 1 1.408E-05 5.361E+01  3 8.982E-06 6.041E+01  5 3.641E-04 3.074E+01  6 1.218E-04 1.651E+01  7 2.026E-03 1.459E+00
 8 1.777E-03 3.013E+00  9 4.044E-03 3.324E+00 10 1.409E-05 4.366E+01 11 1.370E-04 1.258E+01 12 8.056E-05 7.588E+00
13 6.663E-06 1.989E+01 14 9.413E-03 8.010E+00 15 6.947E-05 2.973E+01 16 1.008E-03 1.336E+00 17 8.460E-05 1.540E+01
18 2.500E-04 1.726E+01 19 1.500E-06 1.000E+02 21 3.962E-03 4.734E+00 22 2.038E-02 2.257E+00 23 7.067E-08 7.433E+01
24 2.149E-03 3.567E-01 25 5.528E-05 3.645E+00 26 1.240E-03 7.811E-01 27 1.105E-03 1.075E+00
 48  24
 1 2.335E-05 5.676E+01  3 6.686E-06 4.465E+01  5 2.366E-04 3.029E+01  6 1.224E-04 1.413E+01  7 2.159E-03 2.007E+00
 8 1.922E-03 3.995E+00  9 3.813E-03 3.426E+00 10 1.192E-05 4.262E+01 11 1.234E-04 1.373E+01 12 7.534E-05 8.198E+00
13 4.806E-06 2.488E+01 14 1.202E-02 5.884E+00 15 7.952E-05 2.159E+01 16 1.010E-03 9.835E-01 17 6.196E-05 1.975E+01
18 2.988E-04 2.186E+01 19 1.910E-06 1.000E+02 21 3.309E-03 6.003E+00 22 2.437E-02 1.980E+00 23 3.222E-08 1.000E+02
24 2.154E-03 4.130E-01 25 5.309E-05 3.448E+00 26 1.308E-03 8.122E-01 27 1.185E-03 1.212E+00
 49  22
 1 4.984E-06 9.725E+01  3 6.038E-06 4.816E+01  5 1.145E-04 3.578E+01  6 1.515E-04 1.559E+01  7 2.439E-03 1.453E+00
 8 2.298E-03 3.044E+00  9 3.927E-03 2.573E+00 10 1.490E-05 3.616E+01 11 1.541E-04 9.859E+00 12 8.357E-05 8.642E+00
13 7.662E-06 2.173E+01 14 1.573E-02 5.209E+00 15 7.690E-05 2.587E+01 16 1.028E-03 1.131E+00 17 1.072E-04 2.590E+01
18 2.798E-04 2.159E+01 21 3.117E-03 5.480E+00 22 2.200E-02 2.728E+00 24 2.191E-03 3.874E-01 25 4.989E-05 2.838E+00
26 1.914E-03 7.232E-01 27 1.966E-03 9.290E-01
 50  23
 1 1.103E-06 8.563E+01  3 8.271E-06 3.605E+01  5 3.659E-04 2.628E+01  6 1.698E-04 1.138E+01  7 2.802E-03 1.684E+00
 8 3.654E-03 2.117E+00  9 3.647E-03 3.790E+00 10 9.347E-06 2.518E+01 11 1.909E-04 8.812E+00 12 1.046E-04 8.123E+00
13 7.808E-06 2.639E+01 14 1.617E-02 8.892E+00 15 9.538E-05 2.356E+01 16 9.849E-04 1.072E+00 17 7.433E-05 1.628E+01
18 1.631E-04 2.501E+01 21 2.674E-03 6.086E+00 22 1.999E-02 2.406E+00 23 3.239E-09 8.983E+01 24 2.198E-03 3.370E-01
25 4.177E-05 3.270E+00 26 1.951E-03 8.666E-01 27 2.035E-03 9.775E-01
 51  23
 1 2.244E-05 6.190E+01  3 1.070E-05 3.858E+01  5 5.513E-04 2.223E+01  6 1.744E-04 1.134E+01  7 3.011E-03 1.774E+00
 8 3.771E-03 2.876E+00  9 3.547E-03 1.717E+00 10 1.498E-05 3.642E+01 11 1.945E-04 8.166E+00 12 9.940E-05 6.518E+00
13 9.540E-06 2.202E+01 14 1.679E-02 6.629E+00 15 1.122E-04 1.505E+01 16 1.007E-03 1.281E+00 17 7.471E-05 2.085E+01
18 1.629E-04 2.185E+01 21 2.279E-03 5.515E+00 22 1.351E-02 2.818E+00 23 2.340E-07 8.310E+01 24 2.189E-03 3.740E-01
25 3.676E-05 4.340E+00 26 1.968E-03 8.458E-01 27 2.037E-03 9.349E-01
 52  24
 1 2.251E-05 6.698E+01  3 4.449E-06 3.393E+01  5 3.312E-04 2.148E+01  6 2.428E-04 1.188E+01  7 3.400E-03 1.720E+00
 8 4.008E-03 2.813E+00  9 3.680E-03 3.257E+00 10 1.124E-05 3.622E+01 11 1.938E-04 1.171E+01 12 1.172E-04 5.383E+00
13 8.800E-06 2.086E+01 14 1.615E-02 5.542E+00 15 1.443E-04 1.870E+01 16 1.001E-03 1.082E+00 17 9.894E-05 2.247E+01
18 1.436E-04 2.091E+01 19 5.684E-07 1.000E+02 21 2.025E-03 6.975E+00 22 8.033E-03 2.758E+00 23 6.486E-08 1.000E+02
24 2.205E-03 3.714E-01 25 3.582E-05 3.694E+00 26 2.005E-03 7.483E-01 27 2.071E-03 8.376E-01
 53  23
 1 3.290E-05 6.234E+01  3 6.442E-06 4.187E+01  5 5.163E-04 2.194E+01  6 2.259E-04 1.102E+01  7 3.845E-03 1.270E+00
 8 4.403E-03 2.325E+00  9 3.627E-03 3.199E+00 10 1.432E-05 3.499E+01 11 2.213E-04 9.882E+00 12 1.261E-04 5.980E+00
13 7.236E-06 2.480E+01 14 1.315E-02 7.863E+00 15 9.068E-05 2.094E+01 16 9.971E-04 1.632E+00 17 9.553E-05 1.775E+01
18 1.204E-04 2.905E+01 21 1.807E-03 6.248E+00 22 7.150E-03 3.017E+00 23 3.393E-08 8.251E+01 24 2.190E-03 3.394E-01
25 3.046E-05 3.753E+00 26 2.032E-03 6.476E-01 27 2.121E-03 8.590E-01
 54  24
 1 1.145E-04 6.580E+01  3 1.527E-05 3.659E+01  5 3.666E-04 2.406E+01  6 2.514E-04 1.047E+01  7 4.576E-03 1.281E+00
 8 4.491E-03 2.022E+00  9 3.795E-03 3.344E+00 10 2.370E-05 2.878E+01 11 2.921E-04 8.587E+00 12 1.355E-04 4.742E+00
13 9.415E-06 1.525E+01 14 8.614E-03 9.228E+00 15 1.535E-04 1.436E+01 16 9.975E-04 1.386E+00 17 9.300E-05 1.809E+01
18 2.050E-04 3.068E+01 19 1.524E-05 1.000E+02 21 1.628E-03 6.205E+00 22 6.177E-03 4.019E+00 23 1.500E-08 7.164E+01
24 2.209E-03 4.398E-01 25 2.830E-05 4.608E+00 26 2.041E-03 8.011E-01 27 2.118E-03 8.503E-01
 55  23
 1 5.012E-05 6.504E+01  3 1.382E-05 2.996E+01  5 3.839E-04 2.668E+01  6 2.838E-04 1.067E+01  7 7.710E-03 1.223E+00
 8 4.683E-03 1.659E+00  9 3.659E-03 1.670E+00 10 1.758E-05 3.973E+01 11 2.750E-04 6.591E+00 12 1.581E-04 5.692E+00
13 1.308E-05 1.490E+01 14 5.695E-03 8.023E+00 15 1.568E-04 1.794E+01 16 9.842E-04 1.417E+00 17 1.227E-04 1.884E+01
18 1.142E-04 3.860E+01 19 7.572E-08 1.000E+02 21 1.665E-03 6.868E+00 22 5.553E-03 3.988E+00 24 2.201E-03 3.524E-01
25 2.490E-05 5.125E+00 26 2.063E-03 7.434E-01 27 2.144E-03 8.813E-01
 56  25
 1 1.326E-04 8.027E+01  2 7.327E-07 1.000E+02  3 1.096E-05 3.732E+01  5 4.754E-04 2.218E+01  6 2.995E-04 7.449E+00
 7 8.338E-03 9.723E-01  8 4.889E-03 3.016E+00  9 3.376E-03 2.955E+00 10 1.235E-05 2.190E+01 11 3.020E-04 7.371E+00
12 1.835E-04 4.772E+00 13 1.790E-05 1.575E+01 14 6.304E-03 9.008E+00 15 1.457E-04 1.640E+01 16 9.989E-04 1.086E+00
17 1.350E-04 1.546E+01 18 9.459E-05 2.599E+01 19 3.819E-06 1.000E+02 21 1.282E-03 6.913E+00 22 4.769E-03 4.492E+00
23 4.700E-07 9.616E+01 24 2.196E-03 3.866E-01 25 2.141E-05 3.716E+00 26 2.037E-03 7.029E-01 27 2.116E-03 7.937E-01
 57  24
 1 7.438E-05 4.050E+01  3 1.139E-05 3.020E+01  5 6.860E-04 1.538E+01  6 3.011E-04 9.259E+00  7 8.912E-03 8.962E-01
 8 5.306E-03 1.978E+00  9 3.547E-03 3.191E+00 10 1.992E-05 2.611E+01 11 3.945E-04 6.081E+00 12 1.910E-04 4.090E+00
13 1.857E-05 1.444E+01 14 5.232E-03 7.523E+00 15 1.515E-04 1.722E+01 16 9.887E-04 1.117E+00 17 1.701E-04 1.433E+01
18 1.609E-04 2.828E+01 19 6.992E-06 1.000E+02 21 1.279E-03 7.224E+00 22 4.534E-03 4.721E+00 23 9.238E-08 1.000E+02
24 2.207E-03 3.522E-01 25 2.087E-05 6.487E+00 26 2.045E-03 6.674E-01 27 2.114E-03 7.590E-01
 58  24
 1 1.110E-04 4.582E+01  2 1.632E-07 1.000E+02  3 1.870E-05 3.759E+01  5 7.168E-04 2.288E+01  6 3.140E-04 9.107E+00
 7 9.134E-03 1.275E+00  8 5.173E-03 2.161E+00  9 3.560E-03 2.466E+00 10 1.759E-05 2.370E+01 11 3.940E-04 5.821E+00
12 2.204E-04 3.679E+00 13 1.630E-05 1.389E+01 14 4.320E-03 1.142E+01 15 1.619E-04 2.147E+01 16 9.976E-04 1.550E+00
17 1.653E-04 1.460E+01 18 1.032E-04 4.077E+01 21 1.079E-03 7.006E+00 22 4.004E-03 4.440E+00 23 1.404E-07 1.000E+02
24 2.203E-03 3.475E-01 25 1.688E-05 5.692E+00 26 2.047E-03 6.988E-01 27 2.116E-03 9.359E-01
 59  24
 1 9.197E-05 4.112E+01  2 2.795E-08 1.000E+02  3 1.015E-05 3.625E+01  5 7.249E-04 2.125E+01  6 4.102E-04 5.917E+00
 7 9.636E-03 1.030E+00  8 5.412E-03 1.887E+00  9 3.336E-03 3.235E+00 10 1.550E-05 2.918E+01 11 5.234E-04 5.958E+00
12 2.545E-04 4.063E+00 13 1.701E-05 1.779E+01 14 3.535E-03 1.114E+01 15 2.210E-04 1.446E+01 16 9.847E-04 1.442E+00
17 1.994E-04 1.124E+01 18 6.290E-05 3.914E+01 21 8.233E-04 8.433E+00 22 3.443E-03 5.993E+00 23 2.074E-07 7.806E+01
24 2.221E-03 4.080E-01 25 1.514E-05 4.880E+00 26 2.049E-03 7.917E-01 27 2.111E-03 9.696E-01
 60  23
 1 3.897E-05 4.715E+01  3 1.024E-05 3.290E+01  5 8.302E-04 1.778E+01  6 4.133E-04 6.645E+00  7 9.609E-03 1.062E+00
 8 5.590E-03 1.974E+00  9 3.305E-03 2.650E+00 10 1.410E-05 2.694E+01 11 4.742E-04 5.925E+00 12 2.605E-04 3.675E+00
13 2.157E-05 1.373E+01 14 3.166E-03 1.583E+01 15 2.385E-04 1.580E+01 16 9.772E-04 1.264E+00 17 2.452E-04 1.443E+01
18 4.869E-05 2.929E+01 21 7.194E-04 1.111E+01 22 2.893E-03 4.909E+00 23 5.096E-08 6.897E+01 24 2.207E-03 3.569E-01
25 1.378E-05 6.217E+00 26 2.036E-03 6.492E-01 27 2.083E-03 9.113E-01
 61  24
 1 1.443E-04 4.257E+01  3 1.922E-05 2.664E+01  5 1.081E-03 1.781E+01  6 4.749E-04 7.582E+00  7 9.865E-03 1.148E+00
 8 5.797E-03 2.424E+00  9 3.462E-03 2.559E+00 10 3.118E-05 2.093E+01 11 5.546E-04 5.406E+00 12 3.065E-04 3.776E+00
13 2.272E-05 1.730E+01 14 2.913E-03 8.907E+00 15 3.082E-04 1.313E+01 16 9.813E-04 1.009E+00 17 2.203E-04 1.191E+01
18 7.711E-05 3.316E+01 19 1.720E-06 1.000E+02 21 7.447E-04 1.003E+01 22 2.763E-03 6.912E+00 23 2.513E-07 6.813E+01
24 2.199E-03 4.466E-01 25 1.328E-05 6.221E+00 26 2.020E-03 8.831E-01 27 2.074E-03 1.036E+00
 62  25
 1 2.067E-04 3.572E+01  3 1.148E-05 2.590E+01  5 1.103E-03 1.786E+01  6 5.424E-04 6.026E+00  7 9.683E-03 7.533E-01
 8 5.882E-03 1.986E+00  9 3.346E-03 3.510E+00 10 3.451E-05 1.718E+01 11 7.045E-04 6.403E+00 12 3.732E-04 2.760E+00
13 3.116E-05 1.079E+01 14 2.755E-03 1.172E+01 15 3.269E-04 1.401E+01 16 9.950E-04 1.371E+00 17 2.713E-04 9.618E+00
18 5.165E-05 3.843E+01 19 7.232E-06 6.896E+01 20 2.128E-06 1.000E+02 21 6.657E-04 8.536E+00 22 2.329E-03 6.812E+00
23 1.754E-07 5.073E+01 24 2.198E-03 3.469E-01 25 1.175E-05 6.353E+00 26 1.993E-03 9.265E-01 27 2.039E-03 1.204E+00
 63  24
 1 1.630E-04 2.744E+01  3 1.090E-05 3.119E+01  5 9.715E-04 1.416E+01  6 6.663E-04 5.957E+00  7 9.791E-03 1.356E+00
 8 6.223E-03 1.871E+00  9 3.285E-03 4.017E+00 10 3.442E-05 2.493E+01 11 7.486E-04 4.556E+00 12 3.782E-04 3.063E+00
13 3.056E-05 1.240E+01 14 2.500E-03 1.501E+01 15 3.540E-04 1.151E+01 16 9.889E-04 1.644E+00 17 2.772E-04 9.645E+00
18 2.116E-05 5.217E+01 19 8.294E-06 7.089E+01 21 5.289E-04 1.303E+01 22 2.284E-03 6.595E+00 23 4.935E-08 1.000E+02
24 2.215E-03 4.300E-01 25 1.112E-05 6.644E+00 26 1.985E-03 8.526E-01 27 2.005E-03 1.309E+00
 64  24
 1 2.312E-04 2.590E+01  3 2.584E-05 2.944E+01  5 1.340E-03 1.429E+01  6 6.943E-04 6.232E+00  7 9.817E-03 6.606E-01
 8 6.431E-03 2.523E+00  9 3.254E-03 2.554E+00 10 3.383E-05 2.487E+01 11 7.911E-04 4.226E+00 12 4.141E-04 3.592E+00
13 2.839E-05 1.245E+01 14 2.155E-03 1.217E+01 15 3.172E-04 1.102E+01 16 9.972E-04 1.320E+00 17 2.739E-04 7.244E+00
18 6.060E-05 3.685E+01 19 1.082E-06 1.000E+02 21 4.888E-04 1.138E+01 22 1.905E-03 5.927E+00 23 4.918E-08 5.343E+01
24 2.196E-03 3.969E-01 25 1.110E-05 8.882E+00 26 1.890E-03 7.853E-01 27 1.892E-03 8.464E-01
 65  24
 1 2.269E-04 2.883E+01  3 1.734E-05 2.577E+01  5 1.377E-03 1.240E+01  6 7.952E-04 6.521E+00  7 1.012E-02 1.008E+00
 8 6.968E-03 1.487E+00  9 2.992E-03 3.826E+00 10 6.449E-05 1.207E+01 11 8.890E-04 4.049E+00 12 4.923E-04 3.058E+00
13 3.034E-05 1.592E+01 14 1.933E-03 1.393E+01 15 4.608E-04 9.161E+00 16 1.022E-03 1.108E+00 17 3.636E-04 1.023E+01
18 2.015E-05 6.085E+01 19 9.726E-08 1.000E+02 21 5.853E-04 1.033E+01 22 1.808E-03 6.958E+00 23 3.603E-07 4.644E+01
24 2.177E-03 3.614E-01 25 8.745E-06 8.987E+00 26 1.374E-03 8.997E-01 27 1.163E-03 1.235E+00
 66  25
 1 2.959E-04 2.855E+01  3 1.757E-05 2.578E+01  5 1.756E-03 1.381E+01  6 8.895E-04 6.162E+00  7 1.012E-02 9.658E-01
 8 7.356E-03 1.662E+00  9 3.029E-03 2.825E+00 10 5.474E-05 1.929E+01 11 1.108E-03 3.917E+00 12 5.498E-04 2.558E+00
13 3.980E-05 1.542E+01 14 1.356E-03 1.581E+01 15 4.619E-04 1.256E+01 16 1.022E-03 1.210E+00 17 4.336E-04 8.964E+00
18 3.165E-05 6.167E+01 19 1.398E-05 7.353E+01 20 1.278E-05 1.000E+02 21 5.510E-04 7.954E+00 22 1.706E-03 7.577E+00
23 8.891E-07 5.402E+01 24 2.173E-03 3.690E-01 25 7.150E-06 8.147E+00 26 1.300E-03 7.216E-01 27 1.075E-03 9.992E-01
 67  25
 1 3.682E-04 2.076E+01  2 3.223E-09 1.000E+02  3 1.236E-05 2.648E+01  5 2.641E-03 9.795E+00  6 1.053E-03 6.552E+00
 7 1.000E-02 8.697E-01  8 7.516E-03 2.053E+00  9 2.953E-03 3.964E+00 10 5.498E-05 1.458E+01 11 1.192E-03 4.134E+00
12 6.344E-04 2.154E+00 13 4.666E-05 1.007E+01 14 1.464E-03 1.861E+01 15 5.734E-04 1.085E+01 16 9.740E-04 1.244E+00
17 5.288E-04 6.048E+00 18 3.215E-05 4.610E+01 19 2.300E-07 1.000E+02 21 3.497E-04 1.410E+01 22 1.482E-03 7.922E+00
23 2.096E-07 5.388E+01 24 2.174E-03 4.084E-01 25 7.668E-06 9.218E+00 26 1.263E-03 9.045E-01 27 1.006E-03 1.380E+00
 68  24
 1 2.323E-04 2.857E+01  3 2.600E-05 2.747E+01  5 2.314E-03 1.085E+01  6 1.114E-03 3.418E+00  7 9.565E-03 9.154E-01
 8 8.202E-03 2.026E+00  9 2.740E-03 3.310E+00 10 7.769E-05 1.517E+01 11 1.426E-03 4.818E+00 12 6.803E-04 2.691E+00
13 5.028E-05 9.296E+00 14 1.398E-03 1.447E+01 15 5.402E-04 1.089E+01 16 1.009E-03 1.162E+00 17 5.392E-04 8.053E+00
18 1.589E-05 5.118E+01 19 3.002E-06 8.256E+01 21 3.991E-04 1.368E+01 22 1.464E-03 5.750E+00 23 2.527E-07 5.797E+01
24 2.180E-03 4.226E-01 25 6.954E-06 8.792E+00 26 1.277E-03 9.960E-01 27 1.011E-03 1.353E+00
 69  24
 1 1.757E-04 2.893E+01  3 2.419E-05 1.964E+01  5 2.198E-03 1.355E+01  6 1.274E-03 4.098E+00  7 8.886E-03 7.140E-01
 8 1.412E-02 1.278E+00  9 1.651E-03 4.472E+00 10 6.202E-05 1.163E+01 11 1.622E-03 3.454E+00 12 7.948E-04 1.928E+00
13 5.941E-05 9.175E+00 14 1.598E-03 1.573E+01 15 6.507E-04 7.600E+00 16 1.006E-03 9.181E-01 17 5.029E-04 8.000E+00
18 2.173E-05 3.438E+01 19 2.406E-05 7.608E+01 21 3.417E-04 1.535E+01 22 1.147E-03 8.803E+00 23 5.330E-07 3.686E+01
24 2.185E-03 3.333E-01 25 5.663E-06 8.797E+00 26 1.244E-03 1.185E+00 27 9.616E-04 1.490E+00
 70  25
 1 2.862E-04 2.508E+01  2 3.150E-07 1.000E+02  3 2.267E-05 2.367E+01  5 2.152E-03 1.381E+01  6 1.438E-03 3.473E+00
 7 7.346E-03 9.359E-01  8 1.312E-02 1.606E+00  9 1.456E-03 4.445E+00 10 7.024E-05 1.435E+01 11 1.894E-03 3.459E+00
12 8.598E-04 2.095E+00 13 5.871E-05 8.140E+00 14 1.020E-03 1.839E+01 15 6.580E-04 9.054E+00 16 9.982E-04 1.707E+00
17 6.625E-04 9.486E+00 18 3.754E-05 4.466E+01 19 1.106E-05 1.000E+02 21 3.508E-04 1.725E+01 22 1.114E-03 8.556E+00
23 5.493E-07 5.300E+01 24 2.179E-03 3.711E-01 25 6.022E-06 9.523E+00 26 1.227E-03 7.608E-01 27 9.311E-04 1.018E+00
 71  25
 1 3.767E-04 1.811E+01  3 2.298E-05 2.028E+01  5 3.035E-03 1.039E+01  6 1.600E-03 5.094E+00  7 6.579E-03 8.856E-01
 8 1.110E-02 1.267E+00  9 1.250E-03 4.954E+00 10 9.175E-05 1.122E+01 11 1.992E-03 3.794E+00 12 9.871E-04 2.419E+00
13 6.049E-05 1.012E+01 14 1.237E-03 1.542E+01 15 8.866E-04 9.020E+00 16 9.977E-04 1.261E+00 17 7.107E-04 6.073E+00
18 3.362E-05 5.149E+01 19 6.243E-06 9.864E+01 20 1.232E-05 7.757E+01 21 2.172E-04 1.478E+01 22 1.098E-03 7.786E+00
23 6.718E-07 4.044E+01 24 2.172E-03 3.836E-01 25 5.119E-06 1.238E+01 26 1.198E-03 9.473E-01 27 8.965E-04 1.464E+00
 72  25
 1 2.624E-04 2.702E+01  2 8.136E-07 5.684E+01  3 3.701E-05 2.124E+01  5 3.912E-03 1.108E+01  6 1.877E-03 4.422E+00
 7 6.062E-03 9.655E-01  8 1.058E-02 1.450E+00  9 1.034E-03 5.527E+00 10 1.161E-04 1.200E+01 11 2.305E-03 2.448E+00
12 1.149E-03 1.360E+00 13 6.366E-05 6.326E+00 14 1.084E-03 1.673E+01 15 1.027E-03 9.343E+00 16 9.915E-04 1.470E+00
17 8.161E-04 5.804E+00 18 2.342E-05 5.347E+01 19 4.078E-06 9.148E+01 21 3.617E-04 1.136E+01 22 8.237E-04 7.332E+00
23 9.760E-07 4.265E+01 24 2.173E-03 3.728E-01 25 4.231E-06 1.342E+01 26 1.184E-03 8.416E-01 27 8.830E-04 1.032E+00
 73  25
 1 6.634E-04 2.319E+01  2 2.022E-07 9.566E+01  3 4.397E-05 2.329E+01  5 4.338E-03 9.850E+00  6 2.148E-03 4.448E+00
 7 6.109E-03 1.190E+00  8 1.264E-02 1.322E+00  9 9.334E-04 5.592E+00 10 1.043E-04 1.327E+01 11 2.855E-03 3.043E+00
12 1.258E-03 2.336E+00 13 7.786E-05 7.149E+00 14 1.029E-03 1.662E+01 15 9.527E-04 5.581E+00 16 9.975E-04 8.826E-01
17 9.190E-04 5.654E+00 18 2.791E-05 6.229E+01 19 6.977E-07 8.107E+01 21 2.319E-04 1.337E+01 22 8.415E-04 1.229E+01
23 4.691E-07 4.995E+01 24 2.166E-03 3.731E-01 25 3.415E-06 1.574E+01 26 1.172E-03 1.085E+00 27 8.661E-04 1.298E+00
 74  25
 1 4.074E-04 1.898E+01  3 3.256E-05 1.893E+01  5 5.009E-03 8.897E+00  6 2.424E-03 4.996E+00  7 6.775E-03 1.071E+00
 8 1.302E-02 1.643E+00  9 9.250E-04 7.259E+00 10 1.112E-04 1.619E+01 11 3.296E-03 2.385E+00 12 1.438E-03 1.660E+00
13 8.496E-05 7.451E+00 14 7.767E-04 1.954E+01 15 1.206E-03 7.466E+00 16 9.963E-04 1.130E+00 17 1.063E-03 4.470E+00
18 8.585E-06 6.506E+01 19 7.067E-06 5.227E+01 20 1.361E-05 1.000E+02 21 2.167E-04 1.274E+01 22 7.085E-04 8.710E+00
23 1.166E-06 3.118E+01 24 2.173E-03 3.296E-01 25 3.012E-06 1.242E+01 26 1.177E-03 1.114E+00 27 8.638E-04 1.377E+00
 75  25
 1 4.781E-04 2.738E+01  2 1.136E-07 1.000E+02  3 3.032E-05 1.966E+01  5 5.021E-03 9.933E+00  6 3.261E-03 2.677E+00
 7 3.797E-03 1.242E+00  8 5.744E-03 1.567E+00  9 7.071E-04 6.859E+00 10 1.552E-04 8.270E+00 11 4.447E-03 2.080E+00
12 2.291E-03 1.065E+00 13 1.031E-04 7.465E+00 14 8.843E-04 2.389E+01 15 1.146E-03 7.647E+00 16 9.935E-04 1.382E+00
17 1.134E-03 5.961E+00 18 1.420E-05 4.565E+01 19 3.449E-05 5.481E+01 21 1.905E-04 1.789E+01 22 6.822E-04 9.347E+00
23 1.030E-06 2.850E+01 24 2.173E-03 3.791E-01 25 4.077E-06 1.153E+01 26 1.170E-03 8.428E-01 27 8.418E-04 1.292E+00
 76  25
 1 6.066E-04 1.545E+01  3 4.201E-05 2.005E+01  5 6.073E-03 7.544E+00  6 4.364E-03 3.100E+00  7 3.278E-03 1.514E+00
 8 4.831E-03 2.783E+00  9 5.755E-04 5.853E+00 10 1.427E-04 8.802E+00 11 6.439E-03 1.935E+00 12 2.539E-03 1.177E+00
13 1.061E-04 6.538E+00 14 7.002E-04 2.205E+01 15 1.392E-03 6.812E+00 16 9.986E-04 9.867E-01 17 1.190E-03 4.591E+00
18 1.296E-06 6.556E+01 19 5.033E-05 9.290E+01 20 1.988E-06 1.000E+02 21 1.605E-04 2.247E+01 22 5.913E-04 1.132E+01
23 1.538E-06 3.899E+01 24 2.171E-03 3.820E-01 25 3.602E-06 1.399E+01 26 1.161E-03 1.096E+00 27 8.313E-04 1.587E+00
 77  24
 1 6.348E-04 2.459E+01  3 5.549E-05 2.363E+01  5 1.162E-02 6.627E+00  6 4.839E-03 2.422E+00  7 2.865E-03 1.496E+00
 8 4.254E-03 3.011E+00  9 6.266E-04 6.409E+00 10 1.478E-04 8.174E+00 11 8.096E-03 1.663E+00 12 2.875E-03 1.111E+00
13 1.224E-04 8.181E+00 14 5.007E-04 2.584E+01 15 1.522E-03 6.714E+00 16 1.004E-03 1.100E+00 17 1.344E-03 5.011E+00
18 5.751E-05 4.745E+01 19 3.024E-05 6.341E+01 21 1.517E-04 2.289E+01 22 5.548E-04 8.544E+00 23 1.724E-06 3.566E+01
24 2.177E-03 4.349E-01 25 3.093E-06 1.173E+01 26 1.175E-03 1.043E+00 27 8.277E-04 1.551E+00
 78  26
 1 5.608E-04 1.473E+01  2 3.747E-07 8.467E+01  3 5.159E-05 2.022E+01  5 1.451E-02 5.281E+00  6 5.568E-03 2.609E+00
 7 2.538E-03 1.591E+00  8 3.582E-03 2.308E+00  9 5.452E-04 8.877E+00 10 1.811E-04 8.647E+00 11 1.007E-02 1.339E+00
12 3.128E-03 1.054E+00 13 1.209E-04 8.668E+00 14 4.631E-04 3.157E+01 15 1.886E-03 6.181E+00 16 1.002E-03 1.412E+00
17 1.622E-03 4.598E+00 18 3.346E-08 1.000E+02 19 3.499E-05 8.089E+01 20 1.266E-06 1.000E+02 21 1.397E-04 2.579E+01
22 4.870E-04 1.054E+01 23 1.019E-06 2.612E+01 24 2.177E-03 4.147E-01 25 2.152E-06 1.683E+01 26 1.177E-03 1.232E+00
27 8.234E-04 1.851E+00
 79  25
 1 8.804E-04 1.184E+01  2 4.840E-08 1.000E+02  3 5.329E-05 1.853E+01  5 1.232E-02 5.618E+00  6 6.231E-03 2.254E+00
 7 2.259E-03 1.352E+00  8 3.280E-03 2.225E+00  9 4.753E-04 6.044E+00 10 1.756E-04 1.058E+01 11 1.147E-02 1.301E+00
12 3.400E-03 1.129E+00 13 1.348E-04 5.841E+00 14 5.259E-04 2.059E+01 15 1.859E-03 4.709E+00 16 1.024E-03 8.205E-01
17 1.794E-03 4.576E+00 18 1.340E-05 9.844E+01 19 1.266E-05 9.402E+01 21 1.475E-04 2.518E+01 22 5.164E-04 1.290E+01
23 6.768E-07 3.185E+01 24 2.174E-03 3.561E-01 25 2.385E-06 1.529E+01 26 1.168E-03 1.014E+00 27 8.022E-04 1.334E+00
 80  26
 1 8.742E-04 1.893E+01  2 6.283E-07 1.000E+02  3 4.543E-05 1.610E+01  5 1.396E-02 6.178E+00  6 6.359E-03 2.691E+00
 7 2.083E-03 2.087E+00  8 2.865E-03 2.951E+00  9 4.436E-04 7.241E+00 10 2.069E-04 1.237E+01 11 1.246E-02 1.402E+00
12 3.741E-03 1.240E+00 13 1.442E-04 5.479E+00 14 3.777E-04 3.275E+01 15 2.171E-03 5.310E+00 16 1.012E-03 1.378E+00
17 2.063E-03 2.484E+00 18 8.552E-06 5.839E+01 19 5.845E-05 6.339E+01 20 1.156E-06 1.000E+02 21 1.167E-04 3.186E+01
22 4.025E-04 1.206E+01 23 9.522E-07 5.361E+01 24 2.165E-03 3.328E-01 25 2.354E-06 1.464E+01 26 1.190E-03 7.799E-01
27 8.270E-04 1.231E+00
 81  26
 1 8.207E-04 1.509E+01  2 1.256E-09 1.000E+02  3 7.234E-05 1.685E+01  5 1.298E-02 6.566E+00  6 7.025E-03 1.420E+00
 7 1.823E-03 1.612E+00  8 2.640E-03 3.087E+00  9 4.163E-04 7.765E+00 10 2.308E-04 7.670E+00 11 1.319E-02 7.484E-01
12 4.016E-03 1.005E+00 13 1.798E-04 4.210E+00 14 3.344E-04 2.838E+01 15 2.333E-03 4.879E+00 16 9.945E-04 1.192E+00
17 2.304E-03 2.607E+00 18 1.030E-05 7.327E+01 19 3.883E-05 5.031E+01 20 2.779E-05 1.000E+02 21 1.259E-04 2.480E+01
22 3.257E-04 1.318E+01 23 1.495E-06 2.664E+01 24 2.173E-03 4.373E-01 25 1.819E-06 1.737E+01 26 1.203E-03 1.273E+00
27 8.242E-04 2.061E+00
 82  25
 1 1.299E-03 1.386E+01  2 9.341E-07 9.949E+01  3 6.509E-05 1.284E+01  5 1.273E-02 5.057E+00  6 7.465E-03 2.954E+00
 7 1.711E-03 2.304E+00  8 2.365E-03 3.963E+00  9 3.402E-04 7.419E+00 10 2.588E-04 7.544E+00 11 1.440E-02 1.503E+00
12 4.363E-03 8.152E-01 13 1.902E-04 6.150E+00 14 3.430E-04 3.621E+01 15 2.463E-03 4.585E+00 16 9.901E-04 1.252E+00
17 2.772E-03 3.175E+00 18 2.615E-05 5.198E+01 19 4.502E-05 4.991E+01 21 9.473E-05 2.332E+01 22 2.863E-04 1.907E+01
23 2.586E-06 2.774E+01 24 2.170E-03 3.355E-01 25 1.891E-06 2.072E+01 26 1.201E-03 1.094E+00 27 8.076E-04 1.521E+00
 83  25
 1 1.252E-03 1.786E+01  2 7.633E-07 8.793E+01  3 8.558E-05 1.288E+01  5 1.199E-02 6.633E+00  6 7.725E-03 2.322E+00
 7 1.486E-03 2.195E+00  8 2.101E-03 3.709E+00  9 3.399E-04 7.480E+00 10 2.643E-04 9.905E+00 11 1.504E-02 1.480E+00
12 4.671E-03 1.159E+00 13 2.132E-04 4.157E+00 14 3.033E-04 2.928E+01 15 2.695E-03 4.071E+00 16 9.974E-04 1.040E+00
17 3.142E-03 3.247E+00 18 1.293E-07 1.000E+02 19 5.934E-05 4.757E+01 21 1.099E-04 3.197E+01 22 2.076E-04 1.847E+01
23 2.429E-06 2.808E+01 24 2.168E-03 3.286E-01 25 1.436E-06 2.002E+01 26 1.198E-03 1.142E+00 27 7.930E-04 1.692E+00
 84  23
 1 1.279E-03 1.431E+01  3 7.953E-05 1.829E+01  5 1.344E-02 5.864E+00  6 8.129E-03 2.195E+00  7 1.341E-03 2.352E+00
 8 1.868E-03 3.100E+00  9 2.601E-04 8.412E+00 10 3.581E-04 7.579E+00 11 1.532E-02 1.314E+00 12 4.945E-03 1.021E+00
13 2.390E-04 2.977E+00 14 1.221E-04 4.250E+01 15 3.260E-03 4.029E+00 16 1.008E-03 1.067E+00 17 4.149E-03 2.752E+00
19 6.538E-05 5.006E+01 21 6.942E-05 3.145E+01 22 2.506E-04 1.543E+01 23 2.173E-06 2.758E+01 24 2.175E-03 3.798E-01
25 1.349E-06 1.930E+01 26 1.215E-03 8.307E-01 27 8.017E-04 1.127E+00
 85  26
 1 1.558E-03 1.225E+01  2 1.830E-06 5.199E+01  3 8.331E-05 1.175E+01  5 1.086E-02 7.209E+00  6 8.500E-03 2.446E+00
 7 1.210E-03 1.963E+00  8 1.678E-03 2.826E+00  9 2.557E-04 7.393E+00 10 3.689E-04 6.692E+00 11 1.577E-02 1.238E+00
12 5.355E-03 7.960E-01 13 2.662E-04 3.850E+00 14 4.695E-04 4.853E+01 15 3.317E-03 4.340E+00 16 1.012E-03 1.355E+00
17 5.080E-03 2.121E+00 18 4.399E-06 9.878E+01 19 6.040E-05 5.118E+01 20 3.342E-05 1.000E+02 21 9.157E-05 2.691E+01
22 2.564E-04 1.423E+01 23 3.162E-06 2.759E+01 24 2.184E-03 3.192E-01 25 9.568E-07 2.017E+01 26 1.255E-03 1.018E+00
27 8.268E-04 1.355E+00
 86  25
 1 1.711E-03 1.181E+01  2 9.966E-07 6.567E+01  3 9.260E-05 1.330E+01  5 1.052E-02 5.063E+00  6 8.831E-03 1.850E+00
 7 1.102E-03 2.001E+00  8 1.438E-03 4.001E+00  9 2.482E-04 1.268E+01 10 3.811E-04 6.903E+00 11 1.560E-02 1.157E+00
12 5.514E-03 8.874E-01 13 2.881E-04 3.989E+00 14 1.878E-04 3.786E+01 15 4.067E-03 3.894E+00 16 9.893E-04 9.865E-01
17 6.110E-03 2.359E+00 18 3.441E-06 1.000E+02 19 5.360E-05 7.030E+01 21 5.495E-05 2.855E+01 22 2.755E-04 2.006E+01
23 2.883E-06 3.251E+01 24 2.183E-03 4.084E-01 25 1.055E-06 2.188E+01 26 1.270E-03 9.738E-01 27 8.363E-04 1.520E+00
 87  25
 1 2.090E-03 9.247E+00  2 1.967E-08 5.504E+01  3 1.129E-04 9.287E+00  5 1.115E-02 7.951E+00  6 8.826E-03 2.105E+00
 7 9.639E-04 3.405E+00  8 1.372E-03 4.408E+00  9 2.119E-04 1.246E+01 10 3.924E-04 8.222E+00 11 1.519E-02 1.073E+00
12 5.749E-03 9.582E-01 13 3.100E-04 3.322E+00 14 1.460E-04 4.395E+01 15 4.303E-03 4.393E+00 16 1.005E-03 9.076E-01
17 7.082E-03 2.557E+00 18 2.213E-06 1.000E+02 19 1.194E-04 4.280E+01 21 4.639E-05 3.581E+01 22 1.368E-04 2.436E+01
23 2.737E-06 2.618E+01 24 2.170E-03 3.266E-01 25 1.069E-06 2.031E+01 26 1.293E-03 1.011E+00 27 8.152E-04 1.267E+00
 88  25
 1 2.544E-03 1.100E+01  2 6.263E-09 1.000E+02  3 1.266E-04 1.326E+01  5 1.059E-02 8.254E+00  6 8.889E-03 1.279E+00
 7 8.889E-04 3.478E+00  8 1.257E-03 4.262E+00  9 1.581E-04 1.043E+01 10 4.502E-04 5.121E+00 11 1.490E-02 1.463E+00
12 6.123E-03 1.116E+00 13 3.730E-04 3.535E+00 14 2.030E-04 4.564E+01 15 4.929E-03 4.194E+00 16 1.017E-03 1.044E+00
17 7.897E-03 1.987E+00 19 5.643E-05 4.545E+01 20 4.191E-07 1.000E+02 21 3.995E-05 3.006E+01 22 1.567E-04 1.881E+01
23 3.362E-06 2.168E+01 24 2.190E-03 3.248E-01 25 6.456E-07 2.818E+01 26 1.332E-03 8.100E-01 27 8.338E-04 1.096E+00
 89  26
 1 2.860E-03 7.400E+00  2 9.799E-07 8.660E+01  3 1.220E-04 1.217E+01  5 8.213E-03 7.758E+00  6 9.216E-03 1.549E+00
 7 7.881E-04 3.338E+00  8 1.115E-03 5.649E+00  9 1.883E-04 8.670E+00 10 5.559E-04 5.745E+00 11 1.435E-02 1.425E+00
12 6.480E-03 8.842E-01 13 3.984E-04 3.277E+00 14 2.826E-04 6.547E+01 15 6.541E-03 3.050E+00 16 9.957E-04 9.412E-01
17 8.312E-03 1.740E+00 18 1.135E-05 1.000E+02 19 8.675E-05 4.083E+01 20 4.485E-06 8.333E+01 21 5.885E-05 3.119E+01
22 1.873E-04 1.731E+01 23 3.335E-06 2.287E+01 24 2.197E-03 3.373E-01 25 8.360E-07 2.413E+01 26 1.373E-03 1.079E+00
27 8.494E-04 1.796E+00
 90  25
 1 2.832E-03 8.442E+00  2 3.703E-07 7.632E+01  3 1.254E-04 1.152E+01  5 7.169E-03 6.222E+00  6 8.912E-03 1.754E+00
 7 7.152E-04 2.313E+00  8 9.830E-04 4.934E+00  9 1.521E-04 7.861E+00 10 5.465E-04 4.451E+00 11 1.340E-02 1.433E+00
12 6.672E-03 1.128E+00 13 4.412E-04 4.000E+00 14 1.541E-04 3.332E+01 15 7.352E-03 2.549E+00 16 1.002E-03 1.390E+00
17 9.077E-03 2.614E+00 19 1.311E-04 3.189E+01 20 3.257E-07 1.000E+02 21 2.537E-05 4.879E+01 22 7.034E-05 1.720E+01
23 2.730E-06 1.837E+01 24 2.184E-03 3.685E-01 25 6.641E-07 2.394E+01 26 1.448E-03 9.658E-01 27 8.651E-04 1.548E+00
 91  26
 1 3.076E-03 8.857E+00  2 9.568E-07 6.774E+01  3 1.436E-04 1.145E+01  5 7.033E-03 9.702E+00  6 8.124E-03 2.632E+00
 7 6.208E-04 3.017E+00  8 8.299E-04 5.661E+00  9 1.293E-04 1.279E+01 10 5.656E-04 5.065E+00 11 1.118E-02 1.366E+00
12 6.323E-03 9.023E-01 13 4.484E-04 2.844E+00 14 1.408E-04 6.405E+01 15 7.625E-03 3.317E+00 16 9.786E-04 1.215E+00
17 8.459E-03 1.722E+00 18 8.164E-06 7.764E+01 19 5.126E-05 3.372E+01 20 3.557E-06 8.752E+01 21 4.645E-05 2.965E+01
22 1.252E-04 2.125E+01 23 6.143E-06 2.488E+01 24 2.234E-03 4.093E-01 25 8.179E-07 1.983E+01 26 2.447E-03 5.542E-01
27 1.387E-03 8.536E-01
 92  26
 1 3.460E-03 7.306E+00  2 1.320E-06 4.277E+01  3 1.422E-04 1.123E+01  5 5.750E-03 7.398E+00  6 7.609E-03 2.245E+00
 7 5.465E-04 2.131E+00  8 7.965E-04 4.003E+00  9 1.167E-04 1.161E+01 10 7.000E-04 4.452E+00 11 9.682E-03 1.196E+00
12 6.488E-03 7.391E-01 13 5.333E-04 2.821E+00 14 1.412E-04 5.769E+01 15 8.382E-03 4.153E+00 16 9.661E-04 1.153E+00
17 8.875E-03 2.059E+00 18 4.387E-08 1.000E+02 19 1.581E-04 3.057E+01 20 1.170E-06 1.000E+02 21 2.044E-05 5.087E+01
22 1.193E-04 2.246E+01 23 5.364E-06 1.817E+01 24 2.250E-03 3.148E-01 25 9.343E-07 2.231E+01 26 2.733E-03 5.359E-01
27 1.523E-03 6.608E-01
 93  26
 1 4.572E-03 7.174E+00  2 4.622E-08 1.000E+02  3 1.471E-04 7.413E+00  5 5.376E-03 9.863E+00  6 7.833E-03 1.861E+00
 7 4.865E-04 3.636E+00  8 6.648E-04 4.710E+00  9 9.764E-05 1.345E+01 10 8.100E-04 3.022E+00 11 8.490E-03 1.983E+00
12 6.781E-03 1.023E+00 13 5.684E-04 2.896E+00 14 1.343E-04 4.565E+01 15 9.106E-03 3.189E+00 16 9.615E-04 1.423E+00
17 9.235E-03 1.955E+00 18 2.028E-06 1.000E+02 19 2.063E-04 3.720E+01 20 7.417E-06 7.329E+01 21 3.725E-05 5.228E+01
22 1.078E-04 2.524E+01 23 3.234E-06 1.933E+01 24 2.248E-03 3.747E-01 25 5.703E-07 2.549E+01 26 2.727E-03 5.249E-01
27 1.507E-03 5.644E-01
 94  26
 1 5.559E-03 6.689E+00  2 1.303E-07 7.378E+01  3 1.810E-04 1.068E+01  5 5.369E-03 6.124E+00  6 8.806E-03 1.782E+00
 7 4.415E-04 2.606E+00  8 5.828E-04 4.443E+00  9 9.343E-05 1.875E+01 10 8.466E-04 4.189E+00 11 8.483E-03 1.594E+00
12 7.939E-03 9.393E-01 13 6.717E-04 3.173E+00 14 1.182E-04 3.940E+01 15 1.068E-02 2.644E+00 16 1.000E-03 1.677E+00
17 1.026E-02 2.404E+00 18 2.652E-07 1.000E+02 19 9.750E-05 4.233E+01 20 2.868E-05 6.727E+01 21 2.623E-05 3.588E+01
22 7.809E-05 2.379E+01 23 4.803E-06 1.719E+01 24 2.220E-03 4.090E-01 25 7.608E-07 2.442E+01 26 1.597E-03 9.726E-01
27 8.130E-04 1.402E+00
 95  26
 1 6.370E-03 5.518E+00  2 3.097E-07 6.320E+01  3 2.097E-04 7.324E+00  5 4.263E-03 9.934E+00  6 8.938E-03 2.038E+00
 7 4.122E-04 5.172E+00  8 5.486E-04 6.283E+00  9 8.735E-05 1.369E+01 10 1.006E-03 3.923E+00 11 6.321E-03 1.363E+00
12 8.279E-03 7.618E-01 13 7.600E-04 2.359E+00 14 1.914E-04 5.400E+01 15 1.606E-02 2.255E+00 16 9.818E-04 1.295E+00
17 1.027E-02 1.845E+00 18 6.363E-06 8.319E+01 19 1.914E-04 4.172E+01 20 7.857E-06 7.550E+01 21 3.740E-05 5.341E+01
22 5.445E-05 3.390E+01 23 5.199E-06 1.375E+01 24 2.224E-03 3.472E-01 25 5.487E-07 2.701E+01 26 1.565E-03 7.772E-01
27 7.828E-04 1.280E+00
 96  26
 1 7.546E-03 4.474E+00  2 1.488E-06 4.740E+01  3 2.389E-04 7.863E+00  5 3.308E-03 1.116E+01  6 8.174E-03 2.560E+00
 7 3.668E-04 4.954E+00  8 5.317E-04 4.421E+00  9 5.707E-05 1.989E+01 10 1.073E-03 4.244E+00 11 4.396E-03 1.867E+00
12 8.264E-03 8.229E-01 13 8.148E-04 2.005E+00 14 1.913E-04 7.020E+01 15 1.551E-02 1.808E+00 16 9.689E-04 1.303E+00
17 9.612E-03 1.568E+00 18 6.470E-06 1.000E+02 19 2.098E-04 2.670E+01 20 1.170E-05 9.750E+01 21 3.179E-05 4.168E+01
22 6.991E-05 3.156E+01 23 6.982E-06 1.672E+01 24 2.220E-03 3.525E-01 25 3.968E-07 3.744E+01 26 1.849E-03 5.313E-01
27 9.347E-04 9.309E-01
 97  26
 1 1.849E-02 5.138E+00  2 9.033E-07 6.097E+01  3 2.389E-04 1.015E+01  5 2.998E-03 1.180E+01  6 7.152E-03 2.404E+00
 7 2.876E-04 4.647E+00  8 3.615E-04 8.050E+00  9 8.403E-05 1.670E+01 10 1.187E-03 4.684E+00 11 2.843E-03 2.595E+00
12 7.661E-03 8.700E-01 13 8.682E-04 1.902E+00 14 8.975E-05 4.846E+01 15 1.377E-02 2.818E+00 16 9.753E-04 1.490E+00
17 8.684E-03 2.687E+00 18 1.237E-05 1.000E+02 19 1.533E-04 2.997E+01 20 3.725E-06 1.000E+02 21 8.309E-06 3.554E+01
22 3.385E-05 2.322E+01 23 9.933E-06 1.490E+01 24 2.253E-03 3.514E-01 25 4.444E-07 3.310E+01 26 2.805E-03 5.425E-01
27 1.513E-03 4.460E-01
 98  25
 1 2.068E-02 5.299E+00  2 2.883E-07 5.434E+01  3 2.169E-04 8.384E+00  5 2.740E-03 1.123E+01  6 6.665E-03 2.755E+00
 7 2.781E-04 4.333E+00  8 4.133E-04 7.314E+00  9 4.840E-05 1.957E+01 10 1.244E-03 4.496E+00 11 2.405E-03 3.084E+00
12 7.706E-03 9.351E-01 13 9.577E-04 1.644E+00 14 1.517E-05 9.059E+01 15 1.195E-02 2.641E+00 16 9.786E-04 1.227E+00
17 8.508E-03 3.085E+00 18 6.114E-06 1.000E+02 19 2.404E-04 3.685E+01 21 2.187E-05 4.498E+01 22 6.957E-05 3.307E+01
23 5.917E-06 1.509E+01 24 2.249E-03 3.463E-01 25 5.760E-07 3.466E+01 26 2.848E-03 5.848E-01 27 1.541E-03 7.771E-01
 99  27
 1 2.132E-02 4.627E+00  2 2.149E-07 4.695E+01  3 3.145E-04 6.439E+00  4 2.212E-05 1.000E+02  5 2.189E-03 1.151E+01
 6 6.798E-03 2.704E+00  7 2.478E-04 6.666E+00  8 3.572E-04 7.170E+00  9 7.047E-05 2.076E+01 10 1.509E-03 2.871E+00
11 2.319E-03 2.542E+00 12 8.372E-03 8.692E-01 13 1.101E-03 2.640E+00 14 2.055E-05 4.714E+01 15 1.093E-02 2.617E+00
16 9.541E-04 1.335E+00 17 7.998E-03 2.348E+00 18 5.546E-08 1.000E+02 19 1.989E-04 2.797E+01 20 7.169E-06 7.723E+01
21 1.675E-05 6.890E+01 22 5.481E-05 2.538E+01 23 9.815E-06 1.319E+01 24 2.232E-03 3.210E-01 25 3.801E-07 3.509E+01
26 2.341E-03 6.274E-01 27 1.214E-03 7.589E-01
100  26
 1 2.232E-02 2.752E+00  2 1.002E-06 5.331E+01  3 3.280E-04 6.929E+00  4 6.110E-06 1.000E+02  5 2.225E-03 1.227E+01
 6 6.658E-03 1.980E+00  7 2.401E-04 4.701E+00  8 3.314E-04 8.606E+00  9 4.332E-05 3.324E+01 10 1.754E-03 3.214E+00
11 2.155E-03 2.990E+00 12 9.137E-03 8.024E-01 13 1.292E-03 1.717E+00 14 4.395E-05 6.567E+01 15 9.130E-03 3.083E+00
16 9.887E-04 1.487E+00 17 8.246E-03 2.519E+00 19 1.808E-04 2.665E+01 20 3.548E-05 6.980E+01 21 2.789E-05 6.701E+01
22 3.722E-05 4.023E+01 23 9.304E-06 1.162E+01 24 2.217E-03 3.344E-01 25 1.319E-07 5.558E+01 26 1.659E-03 5.721E-01
27 7.990E-04 7.987E-01
101  25
 1 2.186E-02 4.387E+00  2 1.536E-06 6.864E+01  3 4.068E-04 6.957E+00  5 2.219E-03 1.439E+01  6 6.317E-03 1.736E+00
 7 2.139E-04 5.450E+00  8 2.644E-04 7.952E+00  9 4.535E-05 2.199E+01 10 1.889E-03 2.558E+00 11 1.741E-03 3.084E+00
12 9.199E-03 9.026E-01 13 1.484E-03 1.870E+00 14 9.502E-06 9.222E+01 15 6.637E-03 3.330E+00 16 1.004E-03 1.032E+00
17 7.396E-03 2.544E+00 19 3.648E-04 2.839E+01 20 1.178E-05 8.176E+01 21 3.946E-06 7.484E+01 22 3.184E-05 3.286E+01
23 9.870E-06 9.819E+00 24 2.206E-03 4.095E-01 25 2.217E-07 4.054E+01 26 1.683E-03 9.001E-01 27 8.074E-04 1.315E+00
102  25
 1 1.700E-02 3.644E+00  2 2.620E-07 4.446E+01  3 3.901E-04 6.433E+00  5 2.004E-03 1.380E+01  6 5.571E-03 2.520E+00
 7 2.023E-04 7.210E+00  8 2.688E-04 6.850E+00  9 3.852E-05 1.975E+01 10 2.285E-03 3.104E+00 11 1.414E-03 4.084E+00
12 8.507E-03 7.687E-01 13 1.532E-03 1.479E+00 14 2.491E-05 9.736E+01 15 5.151E-03 3.665E+00 16 9.827E-04 1.221E+00
17 6.537E-03 2.071E+00 19 3.385E-04 2.844E+01 20 7.719E-05 6.561E+01 21 1.800E-05 4.078E+01 22 2.359E-05 3.916E+01
23 1.246E-05 1.118E+01 24 2.229E-03 3.792E-01 25 5.998E-07 4.014E+01 26 2.391E-03 6.176E-01 27 1.232E-03 6.934E-01
103  26
 1 1.494E-02 6.565E+00  2 2.083E-07 9.176E+01  3 4.173E-04 6.426E+00  5 8.825E-04 1.374E+01  6 4.825E-03 3.406E+00
 7 1.717E-04 6.144E+00  8 2.555E-04 8.037E+00  9 4.509E-05 2.230E+01 10 2.329E-03 2.430E+00 11 1.360E-03 3.416E+00
12 7.938E-03 7.536E-01 13 1.758E-03 1.667E+00 14 3.849E-05 6.357E+01 15 4.703E-03 3.428E+00 16 9.392E-04 1.211E+00
17 5.508E-03 2.165E+00 18 2.149E-05 1.000E+02 19 2.683E-04 2.080E+01 20 7.725E-05 4.419E+01 21 7.748E-06 6.057E+01
22 2.653E-05 2.836E+01 23 1.242E-05 8.821E+00 24 2.252E-03 3.902E-01 25 2.748E-07 4.966E+01 26 2.921E-03 5.832E-01
27 1.556E-03 8.645E-01
104  26
 1 1.178E-02 3.775E+00  2 9.523E-07 4.791E+01  3 4.656E-04 8.772E+00  5 1.366E-03 1.202E+01  6 4.430E-03 3.279E+00
 7 1.429E-04 6.294E+00  8 2.022E-04 8.352E+00  9 2.511E-05 2.329E+01 10 2.704E-03 2.867E+00 11 1.102E-03 3.849E+00
12 7.821E-03 5.948E-01 13 1.956E-03 1.980E+00 14 1.140E-04 4.972E+01 15 3.800E-03 4.526E+00 16 9.677E-04 9.719E-01
17 4.480E-03 3.129E+00 18 1.665E-06 1.000E+02 19 4.507E-04 1.769E+01 20 3.608E-05 5.869E+01 21 9.086E-06 6.412E+01
22 2.764E-05 4.555E+01 23 1.367E-05 1.571E+01 24 2.234E-03 3.140E-01 25 2.255E-07 3.507E+01 26 2.904E-03 6.278E-01
27 1.544E-03 7.855E-01
105  25
 1 1.066E-02 5.753E+00  2 1.558E-06 5.149E+01  3 4.766E-04 7.407E+00  5 1.176E-03 1.846E+01  6 4.065E-03 2.067E+00
 7 1.382E-04 6.480E+00  8 1.804E-04 9.500E+00  9 3.061E-05 3.558E+01 10 3.262E-03 2.354E+00 11 1.028E-03 3.422E+00
12 8.547E-03 9.364E-01 13 2.356E-03 1.984E+00 14 1.858E-05 8.499E+01 15 3.609E-03 3.176E+00 16 9.867E-04 1.197E+00
17 4.004E-03 3.645E+00 19 3.947E-04 2.064E+01 20 5.207E-06 6.880E+01 21 1.963E-05 9.482E+01 22 3.377E-05 3.072E+01
23 1.507E-05 1.439E+01 24 2.211E-03 4.479E-01 25 2.942E-07 4.227E+01 26 2.009E-03 8.110E-01 27 9.885E-04 1.104E+00
106  26
 1 6.630E-03 7.584E+00  2 1.195E-06 6.501E+01  3 6.163E-04 5.503E+00  5 1.179E-03 1.385E+01  6 3.233E-03 3.078E+00
 7 1.353E-04 7.657E+00  8 1.819E-04 8.234E+00  9 2.007E-05 2.501E+01 10 3.827E-03 2.288E+00 11 9.546E-04 4.378E+00
12 8.106E-03 8.264E-01 13 2.812E-03 1.698E+00 14 1.819E-05 1.000E+02 15 3.572E-03 4.609E+00 16 9.720E-04 1.327E+00
17 3.158E-03 3.689E+00 18 4.682E-06 1.000E+02 19 6.896E-04 1.778E+01 20 2.098E-05 6.733E+01 21 2.165E-05 8.617E+01
22 2.323E-05 3.715E+01 23 1.503E-05 1.046E+01 24 2.184E-03 3.461E-01 25 3.766E-07 3.715E+01 26 1.732E-03 7.795E-01
27 8.150E-04 1.264E+00
107  25
 1 5.670E-03 8.429E+00  2 3.401E-06 3.825E+01  3 6.971E-04 5.189E+00  5 8.792E-04 1.933E+01  6 2.274E-03 3.070E+00
 7 1.084E-04 6.415E+00  8 1.403E-04 1.339E+01  9 3.029E-05 2.379E+01 10 4.504E-03 1.559E+00 11 8.090E-04 3.293E+00
12 3.714E-03 1.258E+00 13 3.308E-03 1.170E+00 14 1.325E-05 6.506E+01 15 2.978E-03 5.115E+00 16 9.859E-04 1.230E+00
17 2.507E-03 3.917E+00 19 6.702E-04 1.525E+01 20 9.567E-05 6.118E+01 21 3.788E-06 6.689E+01 22 2.070E-05 4.653E+01
23 1.833E-05 9.541E+00 24 2.187E-03 3.462E-01 25 9.038E-08 4.832E+01 26 1.787E-03 6.271E-01 27 8.483E-04 8.955E-01
108  25
 1 3.827E-03 6.658E+00  2 8.722E-07 7.654E+01  3 6.047E-04 5.477E+00  5 1.033E-03 1.527E+01  6 1.694E-03 3.682E+00
 7 8.321E-05 8.552E+00  8 1.275E-04 1.164E+01  9 2.342E-05 2.943E+01 10 5.638E-03 2.018E+00 11 6.506E-04 6.364E+00
12 2.732E-03 1.531E+00 13 5.868E-03 9.825E-01 14 3.810E-05 6.266E+01 15 2.472E-03 6.500E+00 16 9.698E-04 1.328E+00
17 1.741E-03 5.250E+00 19 5.388E-04 1.266E+01 20 1.190E-04 4.768E+01 21 4.704E-06 7.554E+01 22 1.498E-05 4.229E+01
23 1.234E-05 1.127E+01 24 2.173E-03 4.363E-01 25 6.926E-08 4.306E+01 26 2.966E-03 7.296E-01 27 1.585E-03 8.871E-01
109  25
 1 3.428E-03 1.520E+01  2 2.628E-06 3.638E+01  3 7.435E-04 3.748E+00  5 4.846E-04 2.030E+01  6 1.540E-03 4.251E+00
 7 7.784E-05 9.095E+00  8 1.208E-04 1.027E+01  9 1.072E-05 2.950E+01 10 8.315E-03 1.770E+00 11 5.824E-04 5.862E+00
12 2.402E-03 1.823E+00 13 6.015E-03 9.195E-01 14 4.511E-05 1.000E+02 15 2.392E-03 6.289E+00 16 9.940E-04 1.311E+00
17 1.634E-03 4.118E+00 19 4.671E-04 1.687E+01 20 3.916E-05 4.817E+01 21 7.996E-08 6.930E+01 22 9.613E-06 4.865E+01
23 1.644E-05 1.142E+01 24 2.173E-03 3.519E-01 25 8.533E-08 3.861E+01 26 3.002E-03 5.188E-01 27 1.602E-03 8.179E-01
110  26
 1 3.286E-03 7.107E+00  2 2.809E-06 4.147E+01  3 8.107E-04 4.699E+00  5 8.401E-04 2.230E+01  6 1.417E-03 5.088E+00
 7 7.564E-05 8.285E+00  8 1.104E-04 1.236E+01  9 2.347E-05 3.264E+01 10 1.092E-02 1.254E+00 11 5.025E-04 4.809E+00
12 2.241E-03 1.201E+00 13 6.498E-03 1.024E+00 14 1.092E-04 5.953E+01 15 2.066E-03 5.852E+00 16 9.764E-04 1.284E+00
17 1.365E-03 5.003E+00 18 2.296E-06 1.000E+02 19 4.933E-04 1.711E+01 20 2.174E-05 5.282E+01 21 4.238E-06 7.895E+01
22 2.708E-05 3.871E+01 23 1.472E-05 1.042E+01 24 2.148E-03 3.148E-01 25 1.370E-07 5.014E+01 26 2.734E-03 5.381E-01
27 1.423E-03 8.151E-01
111  25
 1 2.694E-03 8.698E+00  2 2.928E-06 3.870E+01  3 9.026E-04 3.999E+00  5 6.356E-04 2.818E+01  6 1.413E-03 5.260E+00
 7 6.974E-05 1.045E+01  8 9.561E-05 9.144E+00  9 1.462E-05 3.279E+01 10 1.327E-02 1.080E+00 11 5.209E-04 6.301E+00
12 2.087E-03 1.077E+00 13 7.410E-03 8.337E-01 14 8.088E-06 6.592E+01 15 2.194E-03 6.589E+00 16 1.017E-03 1.325E+00
17 1.373E-03 3.215E+00 19 8.413E-04 1.925E+01 20 6.086E-05 4.031E+01 21 2.154E-06 1.000E+02 22 4.513E-05 5.098E+01
23 2.217E-05 1.016E+01 24 2.115E-03 3.528E-01 25 2.194E-07 4.811E+01 26 1.833E-03 7.866E-01 27 8.655E-04 1.084E+00
112  25
 1 2.567E-03 1.042E+01  2 2.675E-06 3.262E+01  3 9.689E-04 5.067E+00  5 6.431E-04 1.999E+01  6 1.190E-03 4.313E+00
 7 7.434E-05 1.059E+01  8 1.026E-04 1.076E+01  9 9.004E-06 3.476E+01 10 1.470E-02 1.061E+00 11 5.003E-04 5.342E+00
12 1.902E-03 1.732E+00 13 7.511E-03 7.553E-01 14 3.683E-05 9.433E+01 15 1.819E-03 4.247E+00 16 9.970E-04 1.176E+00
17 1.340E-03 4.928E+00 19 9.536E-04 1.636E+01 20 1.586E-04 4.080E+01 21 2.055E-06 9.824E+01 22 1.487E-05 7.657E+01
23 2.276E-05 6.313E+00 24 2.123E-03 3.715E-01 25 1.489E-07 6.464E+01 26 1.817E-03 7.813E-01 27 8.726E-04 1.200E+00
113  25
 1 2.305E-03 9.705E+00  2 2.193E-06 3.841E+01  3 1.038E-03 5.026E+00  5 4.945E-04 2.243E+01  6 1.013E-03 5.292E+00
 7 5.999E-05 9.461E+00  8 6.349E-05 1.201E+01  9 2.207E-05 2.715E+01 10 1.456E-02 1.313E+00 11 3.860E-04 6.462E+00
12 1.725E-03 1.571E+00 13 7.073E-03 1.055E+00 14 1.180E-05 6.950E+01 15 1.603E-03 4.419E+00 16 1.007E-03 1.107E+00
17 1.179E-03 5.784E+00 19 1.150E-03 1.169E+01 20 4.633E-05 4.773E+01 21 5.849E-07 1.000E+02 22 2.294E-05 3.344E+01
23 2.557E-05 7.862E+00 24 2.140E-03 3.398E-01 25 2.177E-08 9.379E+01 26 2.299E-03 6.360E-01 27 1.146E-03 8.259E-01
114  25
 1 2.273E-03 1.134E+01  2 1.029E-06 4.620E+01  3 1.103E-03 4.067E+00  5 4.755E-04 2.345E+01  6 9.726E-04 4.606E+00
 7 5.618E-05 1.210E+01  8 8.679E-05 1.229E+01  9 1.214E-05 5.883E+01 10 1.331E-02 1.007E+00 11 3.714E-04 6.407E+00
12 1.450E-03 1.809E+00 13 6.462E-03 7.764E-01 14 5.177E-06 1.000E+02 15 1.338E-03 7.785E+00 16 9.861E-04 9.349E-01
17 1.081E-03 4.181E+00 19 1.044E-03 1.386E+01 20 6.705E-05 5.747E+01 21 1.249E-05 5.443E+01 22 2.095E-05 5.788E+01
23 2.216E-05 1.142E+01 24 2.166E-03 4.059E-01 25 1.998E-07 6.086E+01 26 3.052E-03 5.849E-01 27 1.629E-03 7.698E-01
115  24
 1 1.415E-03 1.247E+01  2 1.012E-05 2.967E+01  3 1.363E-03 3.072E+00  5 3.333E-04 2.451E+01  6 9.293E-04 5.791E+00
 7 4.276E-05 9.532E+00  8 8.770E-05 1.622E+01  9 2.188E-05 3.942E+01 10 1.336E-02 1.179E+00 11 3.561E-04 6.191E+00
12 1.364E-03 1.382E+00 13 6.715E-03 8.779E-01 15 1.267E-03 6.496E+00 16 9.881E-04 1.176E+00 17 9.958E-04 7.372E+00
19 1.461E-03 9.180E+00 20 7.759E-05 4.873E+01 21 4.232E-06 9.800E+01 22 3.346E-06 6.715E+01 23 2.691E-05 8.336E+00
24 2.173E-03 3.691E-01 25 8.824E-08 4.663E+01 26 3.037E-03 5.772E-01 27 1.598E-03 6.874E-01
116  26
 1 1.956E-03 7.519E+00  2 2.742E-06 3.181E+01  3 1.489E-03 2.595E+00  4 1.193E-05 1.000E+02  5 4.320E-04 1.946E+01
 6 8.962E-04 5.080E+00  7 5.731E-05 8.015E+00  8 8.530E-05 1.654E+01  9 1.309E-05 3.312E+01 10 1.429E-02 1.408E+00
11 3.295E-04 8.301E+00 12 1.258E-03 1.858E+00 13 7.256E-03 7.744E-01 14 2.612E-07 1.000E+02 15 1.323E-03 5.402E+00
16 9.872E-04 1.118E+00 17 9.381E-04 6.098E+00 19 1.521E-03 1.651E+01 20 7.462E-05 3.980E+01 21 1.128E-06 6.884E+01
22 4.847E-06 6.038E+01 23 2.876E-05 8.309E+00 24 2.148E-03 3.457E-01 25 9.635E-08 6.697E+01 26 2.347E-03 7.694E-01
27 1.170E-03 1.238E+00
117  24
 1 1.553E-03 9.254E+00  2 1.973E-06 4.448E+01  3 2.963E-03 2.616E+00  5 2.709E-04 2.446E+01  6 7.205E-04 6.368E+00
 7 5.497E-05 1.172E+01  8 5.365E-05 1.723E+01  9 8.314E-06 5.072E+01 10 1.509E-02 1.247E+00 11 3.305E-04 8.797E+00
12 1.167E-03 1.780E+00 13 7.457E-03 9.618E-01 14 1.938E-05 1.000E+02 15 1.227E-03 6.511E+00 16 1.187E-03 1.034E+00
17 9.088E-04 4.098E+00 19 1.441E-03 1.050E+01 20 3.292E-05 2.741E+01 22 1.194E-05 6.330E+01 23 2.960E-05 4.676E+00
24 2.123E-03 3.303E-01 25 3.673E-10 7.924E+01 26 1.865E-03 7.121E-01 27 8.632E-04 9.496E-01
118  25
 1 1.124E-03 1.310E+01  2 2.969E-06 3.411E+01  3 6.496E-03 1.902E+00  5 4.238E-04 2.429E+01  6 6.827E-04 6.235E+00
 7 4.702E-05 1.260E+01  8 6.672E-05 1.439E+01  9 2.851E-05 3.570E+01 10 1.415E-02 1.553E+00 11 2.545E-04 8.142E+00
12 1.070E-03 2.099E+00 13 7.325E-03 1.174E+00 14 3.597E-05 1.000E+02 15 1.072E-03 6.502E+00 16 1.139E-03 8.054E-01
17 7.932E-04 7.109E+00 19 1.435E-03 1.062E+01 20 8.519E-05 4.749E+01 21 7.893E-06 1.000E+02 22 1.059E-06 5.772E+01
23 3.052E-05 8.124E+00 24 2.115E-03 4.183E-01 25 9.163E-08 5.945E+01 26 1.889E-03 6.110E-01 27 8.649E-04 8.668E-01
119  25
 1 1.344E-03 1.437E+01  2 4.027E-06 4.157E+01  3 9.588E-03 1.370E+00  4 5.671E-05 1.000E+02  5 1.467E-04 4.415E+01
 6 6.609E-04 7.348E+00  7 3.439E-05 1.598E+01  8 5.334E-05 2.525E+01  9 1.002E-05 5.282E+01 10 1.201E-02 1.346E+00
11 2.415E-04 8.618E+00 12 9.407E-04 2.062E+00 13 6.518E-03 8.510E-01 15 9.895E-04 6.720E+00 16 1.090E-03 1.495E+00
17 6.556E-04 6.757E+00 19 1.709E-03 1.560E+01 20 6.946E-05 3.364E+01 21 8.395E-06 7.635E+01 22 7.727E-06 6.796E+01
23 3.329E-05 7.760E+00 24 2.147E-03 3.960E-01 25 6.957E-08 5.318E+01 26 2.728E-03 5.267E-01 27 1.394E-03 6.786E-01
120  25
 1 6.350E-04 1.375E+01  2 2.947E-06 4.186E+01  3 1.201E-02 1.554E+00  5 2.648E-04 3.427E+01  6 5.575E-04 7.732E+00
 7 3.460E-05 1.180E+01  8 4.623E-05 2.460E+01  9 9.241E-06 4.111E+01 10 1.118E-02 1.148E+00 11 2.116E-04 6.867E+00
12 8.461E-04 3.201E+00 13 6.161E-03 1.067E+00 14 5.322E-07 1.000E+02 15 9.220E-04 6.816E+00 16 1.083E-03 1.185E+00
17 5.527E-04 7.371E+00 19 1.595E-03 1.340E+01 20 1.435E-04 3.691E+01 21 4.960E-06 9.700E+01 22 5.520E-06 5.451E+01
23 3.880E-05 7.138E+00 24 2.155E-03 3.811E-01 25 1.816E-07 3.325E+01 26 2.970E-03 6.120E-01 27 1.522E-03 7.324E-01
121  25
 1 8.948E-04 1.504E+01  2 2.984E-06 5.891E+01  3 1.398E-02 1.145E+00  5 2.192E-04 3.548E+01  6 4.766E-04 1.004E+01
 7 3.918E-05 1.164E+01  8 3.801E-05 1.654E+01  9 8.943E-06 3.864E+01 10 1.068E-02 1.581E+00 11 2.023E-04 9.853E+00
12 7.815E-04 2.758E+00 13 6.091E-03 9.523E-01 14 1.399E-05 7.811E+01 15 6.488E-04 1.031E+01 16 1.085E-03 1.057E+00
17 5.942E-04 5.126E+00 19 1.729E-03 1.277E+01 20 1.234E-04 5.492E+01 21 9.805E-07 6.883E+01 22 8.962E-06 5.652E+01
23 3.409E-05 7.687E+00 24 2.159E-03 3.854E-01 25 1.244E-07 4.330E+01 26 2.937E-03 5.925E-01 27 1.514E-03 8.411E-01
122  25
 1 8.547E-04 1.366E+01  2 6.859E-06 2.193E+01  3 1.544E-02 1.282E+00  4 6.035E-06 1.000E+02  5 2.630E-04 2.907E+01
 6 4.972E-04 6.774E+00  7 3.539E-05 1.467E+01  8 3.706E-05 2.850E+01  9 1.017E-05 5.285E+01 10 1.146E-02 1.495E+00
11 1.762E-04 1.177E+01 12 7.511E-04 2.500E+00 13 6.782E-03 8.346E-01 15 7.891E-04 6.993E+00 16 1.041E-03 1.092E+00
17 5.879E-04 7.440E+00 18 1.766E-06 1.000E+02 19 2.619E-03 9.951E+00 20 1.332E-04 2.938E+01 22 2.559E-06 5.655E+01
23 4.868E-05 7.269E+00 24 2.123E-03 3.577E-01 25 1.289E-07 3.770E+01 26 1.991E-03 7.981E-01 27 8.834E-04 1.125E+00
123  25
 1 8.396E-04 1.856E+01  2 3.256E-06 3.676E+01  3 1.644E-02 1.445E+00  5 2.525E-04 3.836E+01  6 4.077E-04 7.945E+00
 7 2.630E-05 1.307E+01  8 3.562E-05 1.815E+01  9 7.502E-07 5.857E+01 10 1.038E-02 1.343E+00 11 1.790E-04 8.818E+00
12 6.400E-04 2.473E+00 13 6.367E-03 7.404E-01 14 4.560E-05 1.000E+02 15 6.584E-04 8.749E+00 16 1.060E-03 1.131E+00
17 5.156E-04 1.098E+01 19 3.087E-03 9.674E+00 20 1.621E-04 5.143E+01 21 1.334E-06 1.000E+02 22 5.134E-06 9.304E+01
23 4.546E-05 6.385E+00 24 2.110E-03 4.359E-01 25 9.591E-08 4.559E+01 26 2.185E-03 8.141E-01 27 9.467E-04 1.090E+00
124  25
 1 5.687E-04 1.434E+01  2 6.763E-06 2.814E+01  3 1.687E-02 1.163E+00  5 2.047E-04 2.873E+01  6 3.519E-04 8.371E+00
 7 2.705E-05 1.491E+01  8 4.540E-05 1.883E+01  9 4.058E-06 6.232E+01 10 9.251E-03 1.589E+00 11 1.910E-04 1.232E+01
12 6.017E-04 2.897E+00 13 6.282E-03 8.959E-01 14 8.671E-06 1.000E+02 15 5.063E-04 1.060E+01 16 1.050E-03 1.121E+00
17 5.345E-04 7.621E+00 19 3.038E-03 9.738E+00 20 1.412E-04 3.665E+01 21 1.060E-07 1.000E+02 22 3.306E-06 1.000E+02
23 4.805E-05 6.283E+00 24 2.133E-03 4.434E-01 25 1.185E-07 7.365E+01 26 2.443E-03 6.135E-01 27 1.134E-03 7.581E-01
125  23
 1 6.084E-04 2.976E+01  2 1.042E-05 2.897E+01  3 1.676E-02 1.123E+00  5 2.191E-04 4.448E+01  6 3.326E-04 8.400E+00
 7 2.429E-05 2.358E+01  8 2.169E-05 3.314E+01  9 6.716E-06 6.702E+01 10 7.739E-03 1.835E+00 11 1.509E-04 1.376E+01
12 5.271E-04 2.877E+00 13 5.550E-03 9.804E-01 15 4.873E-04 9.437E+00 16 1.053E-03 1.472E+00 17 4.255E-04 9.108E+00
19 3.558E-03 6.403E+00 20 5.972E-05 3.615E+01 22 1.269E-06 7.059E+01 23 5.476E-05 5.140E+00 24 2.169E-03 4.401E-01
25 3.700E-08 5.594E+01 26 3.221E-03 5.627E-01 27 1.637E-03 7.137E-01
126  24
 1 6.017E-04 2.065E+01  2 4.892E-06 4.815E+01  3 1.604E-02 1.305E+00  5 2.423E-04 4.716E+01  6 2.886E-04 9.526E+00
 7 2.527E-05 1.816E+01  8 2.215E-05 2.046E+01  9 1.801E-06 7.117E+01 10 6.878E-03 2.099E+00 11 1.413E-04 1.192E+01
12 4.945E-04 3.509E+00 13 5.667E-03 8.012E-01 14 5.430E-05 8.056E+01 15 6.312E-04 8.158E+00 16 1.069E-03 1.047E+00
17 3.766E-04 6.821E+00 19 4.211E-03 7.222E+00 20 2.402E-04 2.253E+01 22 2.617E-06 6.742E+01 23 5.932E-05 5.168E+00
24 2.179E-03 3.626E-01 25 6.402E-08 7.051E+01 26 3.247E-03 5.039E-01 27 1.645E-03 6.279E-01
127  25
 1 7.845E-04 1.660E+01  2 8.801E-06 2.099E+01  3 1.537E-02 1.246E+00  4 1.523E-05 1.000E+02  5 3.873E-04 3.616E+01
 6 2.500E-04 7.584E+00  7 1.803E-05 1.920E+01  8 3.523E-05 2.404E+01  9 3.774E-06 5.202E+01 10 6.113E-03 2.132E+00
11 1.329E-04 1.279E+01 12 4.755E-04 3.589E+00 13 5.836E-03 1.029E+00 15 4.404E-04 1.148E+01 16 1.069E-03 1.373E+00
17 3.392E-04 1.193E+01 18 4.482E-08 1.000E+02 19 7.645E-03 7.103E+00 20 1.289E-04 3.611E+01 22 4.282E-06 1.000E+02
23 6.536E-05 6.803E+00 24 2.143E-03 3.662E-01 25 1.464E-07 5.381E+01 26 2.842E-03 6.011E-01 27 1.397E-03 7.938E-01
128  24
 1 3.135E-04 2.416E+01  2 7.151E-06 2.659E+01  3 1.381E-02 1.493E+00  4 6.344E-05 8.100E+01  5 6.682E-05 3.992E+01
 6 2.935E-04 8.745E+00  7 1.715E-05 1.754E+01  8 2.229E-05 2.864E+01  9 3.486E-06 5.390E+01 10 5.718E-03 2.023E+00
11 1.181E-04 1.467E+01 12 4.403E-04 4.380E+00 13 6.188E-03 1.237E+00 15 3.420E-04 1.066E+01 16 1.060E-03 1.129E+00
17 3.766E-04 5.612E+00 19 1.121E-02 4.279E+00 20 1.441E-04 3.767E+01 22 5.645E-06 9.789E+01 23 6.611E-05 6.333E+00
24 2.126E-03 3.232E-01 25 1.409E-07 5.331E+01 26 2.282E-03 5.761E-01 27 1.036E-03 7.073E-01
129  25
 1 5.159E-04 2.103E+01  2 1.301E-05 2.109E+01  3 1.228E-02 1.336E+00  4 1.991E-05 5.896E+01  5 9.000E-05 3.642E+01
 6 2.975E-04 7.800E+00  7 2.081E-05 1.895E+01  8 3.243E-05 2.409E+01  9 2.528E-06 4.491E+01 10 5.170E-03 1.820E+00
11 1.009E-04 1.512E+01 12 3.946E-04 2.486E+00 13 6.142E-03 1.029E+00 14 2.495E-05 1.000E+02 15 4.032E-04 1.295E+01
16 1.086E-03 9.958E-01 17 3.352E-04 8.193E+00 19 1.602E-02 4.496E+00 20 1.733E-04 3.276E+01 22 9.135E-07 1.000E+02
23 8.118E-05 4.679E+00 24 2.119E-03 3.981E-01 25 1.300E-08 8.478E+01 26 2.298E-03 6.736E-01 27 1.038E-03 8.732E-01
130  24
 1 5.237E-04 2.182E+01  2 7.893E-06 2.048E+01  3 9.470E-03 1.484E+00  5 1.992E-04 2.672E+01  6 2.153E-04 1.261E+01
 7 1.580E-05 1.585E+01  8 2.537E-05 2.854E+01  9 1.661E-06 6.636E+01 10 4.196E-03 2.229E+00 11 7.518E-05 1.324E+01
12 3.690E-04 4.603E+00 13 5.739E-03 1.114E+00 15 3.208E-04 1.561E+01 16 1.111E-03 1.162E+00 17 2.882E-04 1.026E+01
19 1.762E-02 4.287E+00 20 2.690E-04 2.444E+01 21 6.335E-06 1.000E+02 22 1.161E-05 7.803E+01 23 8.178E-05 4.754E+00
24 2.150E-03 4.012E-01 25 7.939E-08 6.297E+01 26 2.913E-03 5.457E-01 27 1.432E-03 6.909E-01
131  24
 1 4.132E-04 2.070E+01  2 1.211E-05 2.206E+01  3 6.236E-03 1.715E+00  4 6.713E-06 7.277E+01  5 1.775E-04 3.136E+01
 6 1.863E-04 1.082E+01  7 1.715E-05 2.226E+01  8 1.616E-05 5.009E+01  9 3.404E-07 7.406E+01 10 3.155E-03 2.199E+00
11 9.311E-05 1.229E+01 12 3.427E-04 3.781E+00 13 5.752E-03 1.295E+00 15 3.303E-04 1.234E+01 16 1.135E-03 1.207E+00
17 2.270E-04 9.287E+00 19 1.958E-02 4.018E+00 20 2.694E-04 2.590E+01 22 6.503E-06 9.172E+01 23 8.458E-05 5.856E+00
24 2.177E-03 3.025E-01 25 1.666E-07 4.971E+01 26 3.410E-03 3.849E-01 27 1.735E-03 6.064E-01
132  25
 1 3.038E-04 2.210E+01  2 1.319E-05 2.145E+01  3 2.691E-03 1.977E+00  4 3.476E-05 1.000E+02  5 1.880E-04 3.656E+01
 6 2.113E-04 1.005E+01  7 9.234E-06 1.869E+01  8 2.159E-05 2.767E+01  9 1.437E-06 7.125E+01 10 2.688E-03 2.972E+00
11 8.354E-05 1.077E+01 12 3.159E-04 4.827E+00 13 5.803E-03 1.121E+00 15 2.738E-04 1.173E+01 16 1.125E-03 1.066E+00
17 2.688E-04 9.791E+00 19 2.132E-02 4.178E+00 20 2.624E-04 2.333E+01 21 5.597E-07 1.000E+02 22 3.080E-06 8.736E+01
23 9.564E-05 4.592E+00 24 2.180E-03 3.990E-01 25 4.180E-08 5.926E+01 26 3.439E-03 5.002E-01 27 1.739E-03 6.672E-01
133  25
 1 4.324E-04 1.691E+01  2 1.587E-05 1.540E+01  3 1.515E-03 3.724E+00  4 5.518E-05 7.400E+01  5 6.527E-05 5.125E+01
 6 1.695E-04 1.272E+01  7 1.033E-05 1.582E+01  8 1.373E-05 2.861E+01  9 9.717E-07 6.883E+01 10 2.406E-03 2.377E+00
11 7.129E-05 1.286E+01 12 3.014E-04 3.275E+00 13 6.236E-03 1.252E+00 14 3.042E-06 1.000E+02 15 2.826E-04 1.510E+01
16 9.941E-04 1.384E+00 17 2.049E-04 9.501E+00 19 2.767E-02 3.739E+00 20 2.974E-04 2.867E+01 22 1.393E-05 8.975E+01
23 1.083E-04 3.815E+00 24 2.143E-03 3.549E-01 25 2.262E-08 5.838E+01 26 2.592E-03 5.512E-01 27 1.213E-03 8.140E-01
134  23
 1 2.321E-04 1.884E+01  2 1.179E-05 1.729E+01  3 1.313E-03 3.560E+00  5 4.267E-05 6.860E+01  6 1.595E-04 1.292E+01
 7 1.293E-05 1.595E+01  8 1.389E-05 3.179E+01  9 3.573E-06 6.790E+01 10 2.258E-03 2.694E+00 11 8.155E-05 1.150E+01
12 2.840E-04 4.784E+00 13 6.340E-03 9.861E-01 14 1.214E-04 1.000E+02 15 3.511E-04 1.288E+01 16 1.014E-03 1.357E+00
17 2.569E-04 1.047E+01 19 2.951E-02 3.320E+00 20 4.144E-04 1.870E+01 22 6.297E-06 1.000E+02 23 1.116E-04 3.591E+00
24 2.142E-03 3.238E-01 26 2.359E-03 6.725E-01 27 1.065E-03 8.992E-01
135  23
 1 5.499E-04 2.590E+01  2 1.714E-05 1.801E+01  3 1.117E-03 3.400E+00  5 5.987E-05 5.048E+01  6 1.778E-04 9.944E+00
 7 1.131E-05 2.124E+01  8 4.853E-06 4.790E+01  9 3.600E-06 5.965E+01 10 2.142E-03 3.424E+00 11 7.002E-05 1.879E+01
12 2.547E-04 4.659E+00 13 5.984E-03 9.394E-01 15 1.900E-04 1.363E+01 16 1.006E-03 1.134E+00 17 1.864E-04 1.060E+01
19 2.767E-02 4.219E+00 20 2.118E-04 2.417E+01 22 2.342E-06 7.503E+01 23 1.273E-04 3.204E+00 24 2.144E-03 3.734E-01
25 2.733E-08 8.345E+01 26 2.371E-03 7.195E-01 27 1.066E-03 8.101E-01
136  22
 1 3.866E-04 2.285E+01  2 1.669E-05 2.056E+01  3 1.015E-03 4.186E+00  4 1.536E-05 1.000E+02  5 3.874E-06 6.927E+01
 6 1.572E-04 1.748E+01  7 1.034E-05 2.701E+01  8 1.822E-05 4.980E+01 10 1.700E-03 2.949E+00 11 5.216E-05 1.378E+01
12 2.405E-04 4.157E+00 13 5.352E-03 1.130E+00 15 2.755E-04 1.372E+01 16 9.900E-04 1.041E+00 17 1.848E-04 1.101E+01
19 2.326E-02 3.135E+00 20 4.532E-04 2.556E+01 21 1.401E-06 1.000E+02 23 1.361E-04 2.565E+00 24 2.190E-03 3.664E-01
26 3.491E-03 4.296E-01 27 1.774E-03 6.630E-01
137  23
 1 2.658E-04 3.282E+01  2 1.344E-05 1.911E+01  3 9.005E-04 5.003E+00  4 3.825E-05 1.000E+02  5 8.023E-05 4.793E+01
 6 1.284E-04 1.181E+01  7 1.171E-05 1.908E+01  8 1.385E-05 2.461E+01  9 2.783E-07 5.943E+01 10 1.445E-03 3.495E+00
11 6.638E-05 1.756E+01 12 2.415E-04 4.843E+00 13 5.165E-03 1.149E+00 15 1.245E-04 1.585E+01 16 9.751E-04 1.172E+00
17 1.985E-04 1.116E+01 19 2.159E-02 3.206E+00 20 4.725E-04 1.872E+01 22 2.097E-06 8.661E+01 23 1.434E-04 4.707E+00
24 2.195E-03 4.509E-01 26 3.511E-03 5.333E-01 27 1.768E-03 7.224E-01
138  23
 1 1.958E-04 3.233E+01  2 1.965E-05 1.534E+01  3 8.321E-04 5.244E+00  4 1.158E-04 1.000E+02  5 1.215E-04 6.828E+01
 6 1.362E-04 1.662E+01  7 1.427E-05 1.919E+01  8 1.000E-05 4.791E+01  9 1.468E-06 9.389E+01 10 1.444E-03 3.475E+00
11 8.780E-05 1.421E+01 12 1.947E-04 5.048E+00 13 5.020E-03 8.927E-01 15 2.222E-04 1.604E+01 16 9.752E-04 1.283E+00
17 1.876E-04 1.044E+01 19 2.133E-02 3.897E+00 20 6.187E-04 1.853E+01 23 1.654E-04 2.998E+00 24 2.181E-03 3.471E-01
25 7.941E-08 6.895E+01 26 3.255E-03 5.261E-01 27 1.612E-03 5.777E-01
139  24
 1 4.169E-04 2.575E+01  2 2.631E-05 1.586E+01  3 7.477E-04 4.500E+00  5 5.562E-05 6.514E+01  6 1.315E-04 1.364E+01
 7 1.450E-05 1.449E+01  8 2.239E-05 2.481E+01  9 1.096E-08 1.000E+02 10 1.368E-03 3.683E+00 11 5.937E-05 2.100E+01
12 1.950E-04 4.481E+00 13 5.162E-03 1.329E+00 14 7.280E-06 1.000E+02 15 1.537E-04 1.579E+01 16 1.001E-03 1.074E+00
17 1.256E-04 1.631E+01 19 2.078E-02 4.759E+00 20 4.716E-04 1.669E+01 22 4.606E-06 9.739E+01 23 1.768E-04 2.965E+00
24 2.128E-03 4.277E-01 25 2.995E-09 1.000E+02 26 2.338E-03 4.893E-01 27 1.047E-03 6.957E-01
140  23
 1 1.914E-04 3.216E+01  2 2.289E-05 1.855E+01  3 7.057E-04 5.530E+00  4 2.250E-07 1.000E+02  5 4.015E-05 6.876E+01
 6 9.672E-05 1.467E+01  7 8.337E-06 3.055E+01  8 8.222E-06 2.437E+01  9 5.684E-07 6.778E+01 10 1.198E-03 3.249E+00
11 3.775E-05 2.422E+01 12 1.740E-04 4.883E+00 13 4.924E-03 1.179E+00 14 2.451E-07 1.000E+02 15 1.315E-04 1.765E+01
16 1.024E-03 1.118E+00 17 1.615E-04 1.574E+01 19 1.777E-02 3.954E+00 20 7.227E-04 1.817E+01 23 1.989E-04 2.413E+00
24 2.123E-03 4.048E-01 26 2.349E-03 8.269E-01 27 1.039E-03 1.110E+00
141  24
 1 2.302E-04 2.433E+01  2 2.828E-05 1.483E+01  3 6.645E-04 5.226E+00  4 3.326E-05 1.000E+02  5 1.980E-05 6.397E+01
 6 9.465E-05 1.773E+01  7 3.022E-06 3.504E+01  8 7.077E-06 3.995E+01  9 1.404E-07 6.445E+01 10 1.070E-03 3.392E+00
11 3.887E-05 2.156E+01 12 1.823E-04 6.037E+00 13 4.438E-03 1.675E+00 15 9.224E-05 2.510E+01 16 9.861E-04 1.593E+00
17 1.121E-04 1.102E+01 19 1.181E-02 4.215E+00 20 7.961E-04 1.390E+01 22 3.602E-06 9.506E+01 23 2.077E-04 3.063E+00
24 2.143E-03 4.188E-01 25 1.776E-08 1.000E+02 26 2.828E-03 5.540E-01 27 1.327E-03 6.683E-01
142  22
 1 1.664E-04 3.205E+01  2 3.564E-05 1.351E+01  3 5.654E-04 5.837E+00  4 4.819E-06 8.759E+01  5 2.302E-05 8.459E+01
 6 1.009E-04 1.862E+01  7 8.439E-06 2.751E+01  8 6.330E-06 5.362E+01  9 3.345E-06 6.939E+01 10 9.274E-04 4.937E+00
11 4.106E-05 1.354E+01 12 1.556E-04 6.716E+00 13 3.861E-03 1.187E+00 15 2.139E-04 2.004E+01 16 9.780E-04 1.137E+00
17 1.027E-04 1.485E+01 19 6.131E-03 8.351E+00 20 6.125E-04 1.281E+01 23 2.343E-04 2.880E+00 24 2.172E-03 3.741E-01
26 3.507E-03 5.258E-01 27 1.756E-03 7.354E-01
143  24
 1 9.143E-05 3.680E+01  2 3.087E-05 1.441E+01  3 5.176E-04 6.356E+00  4 4.491E-05 7.693E+01  5 5.533E-06 7.782E+01
 6 1.050E-04 1.152E+01  7 6.540E-06 2.722E+01  8 5.490E-06 4.764E+01  9 3.630E-07 9.144E+01 10 8.250E-04 5.115E+00
11 5.494E-05 2.349E+01 12 1.425E-04 6.516E+00 13 3.661E-03 1.600E+00 15 9.747E-05 2.187E+01 16 9.879E-04 1.332E+00
17 1.102E-04 1.388E+01 19 4.689E-03 6.407E+00 20 4.916E-04 1.535E+01 21 1.845E-06 1.000E+02 22 8.922E-08 1.000E+02
23 2.579E-04 2.131E+00 24 2.181E-03 3.465E-01 26 3.525E-03 5.432E-01 27 1.763E-03 6.514E-01
144  22
 1 1.873E-04 3.626E+01  2 3.307E-05 1.528E+01  3 4.780E-04 5.098E+00  5 2.978E-05 7.171E+01  6 7.481E-05 1.652E+01
 7 5.861E-06 3.711E+01  8 3.958E-06 5.183E+01  9 6.158E-07 8.778E+01 10 7.840E-04 4.895E+00 11 3.644E-05 2.160E+01
12 1.384E-04 6.504E+00 13 3.715E-03 1.650E+00 15 1.398E-04 1.333E+01 16 9.913E-04 1.177E+00 17 1.171E-04 1.891E+01
19 4.474E-03 8.060E+00 20 7.059E-04 1.340E+01 23 2.966E-04 2.786E+00 24 2.120E-03 3.076E-01 25 5.526E-08 9.571E+01
26 2.778E-03 5.117E-01 27 1.302E-03 6.904E-01
145  24
 1 6.386E-05 4.364E+01  2 4.666E-05 8.927E+00  3 4.582E-04 6.888E+00  4 1.407E-05 8.470E+01  5 3.990E-05 5.373E+01
 6 9.348E-05 1.766E+01  7 6.380E-06 3.007E+01  8 1.569E-05 2.319E+01  9 4.947E-07 1.000E+02 10 7.041E-04 3.954E+00
11 2.911E-05 2.095E+01 12 1.277E-04 5.763E+00 13 3.617E-03 1.159E+00 14 2.412E-06 1.000E+02 15 1.159E-04 2.139E+01
16 9.807E-04 1.619E+00 17 1.196E-04 1.605E+01 19 2.924E-03 8.513E+00 20 1.285E-03 1.002E+01 22 2.158E-06 1.000E+02
23 3.415E-04 3.294E+00 24 2.105E-03 4.195E-01 26 2.336E-03 5.685E-01 27 1.019E-03 1.024E+00
146  25
 1 1.261E-04 2.621E+01  2 4.476E-05 1.527E+01  3 3.869E-04 6.789E+00  4 1.142E-04 7.641E+01  5 1.192E-05 6.096E+01
 6 7.063E-05 2.202E+01  7 5.222E-06 4.245E+01  8 3.460E-06 4.937E+01  9 2.954E-06 5.132E+01 10 6.965E-04 4.214E+00
11 2.862E-05 1.940E+01 12 1.166E-04 5.549E+00 13 3.400E-03 1.274E+00 15 1.045E-04 1.392E+01 16 1.004E-03 1.433E+00
17 1.076E-04 2.181E+01 19 3.303E-03 7.343E+00 20 9.806E-04 1.333E+01 21 4.748E-06 7.917E+01 22 6.189E-06 6.938E+01
23 3.744E-04 1.852E+00 24 2.109E-03 3.477E-01 25 2.070E-08 8.192E+01 26 2.352E-03 6.874E-01 27 1.020E-03 1.167E+00
147  24
 1 1.725E-04 4.113E+01  2 5.800E-05 1.217E+01  3 3.782E-04 5.512E+00  4 1.022E-05 1.000E+02  5 1.522E-05 6.924E+01
 6 6.012E-05 1.325E+01  7 3.295E-06 2.981E+01  8 3.074E-06 7.218E+01  9 1.458E-06 5.007E+01 10 6.521E-04 7.264E+00
11 3.415E-05 2.041E+01 12 9.969E-05 4.302E+00 13 2.880E-03 1.307E+00 15 7.174E-05 2.509E+01 16 9.939E-04 1.517E+00
17 8.984E-05 1.938E+01 19 2.862E-03 7.334E+00 20 1.092E-03 1.431E+01 22 2.241E-07 1.000E+02 23 3.939E-04 2.837E+00
24 2.136E-03 3.282E-01 25 6.228E-08 7.841E+01 26 3.235E-03 5.659E-01 27 1.557E-03 7.451E-01
148  24
 1 1.672E-04 5.410E+01  2 5.212E-05 1.128E+01  3 3.360E-04 5.767E+00  4 6.918E-05 5.464E+01  5 3.332E-06 8.142E+01
 6 6.133E-05 2.138E+01  7 4.655E-06 2.093E+01  8 2.500E-06 5.811E+01  9 2.849E-06 7.526E+01 10 5.186E-04 4.639E+00
11 2.334E-05 1.887E+01 12 1.028E-04 7.058E+00 13 2.551E-03 1.722E+00 15 7.190E-05 1.829E+01 16 9.732E-04 1.107E+00
17 4.842E-05 2.080E+01 19 2.473E-03 9.032E+00 20 1.340E-03 9.843E+00 22 9.103E-06 7.292E+01 23 4.381E-04 1.917E+00
24 2.141E-03 3.586E-01 25 1.591E-09 1.000E+02 26 3.496E-03 5.304E-01 27 1.724E-03 6.330E-01
149  21
 1 1.023E-04 4.299E+01  2 6.115E-05 9.589E+00  3 3.376E-04 7.854E+00  4 5.933E-05 8.397E+01  5 2.632E-05 5.045E+01
 6 5.731E-05 2.147E+01  7 3.343E-06 3.391E+01  8 9.118E-06 4.048E+01 10 4.965E-04 6.282E+00 11 3.604E-05 2.478E+01
12 7.963E-05 9.110E+00 13 2.391E-03 1.865E+00 15 1.142E-04 1.883E+01 16 1.007E-03 1.165E+00 17 6.091E-05 1.590E+01
19 2.063E-03 9.469E+00 20 1.623E-03 1.077E+01 23 4.944E-04 2.044E+00 24 2.110E-03 4.528E-01 26 3.403E-03 5.244E-01
27 1.671E-03 7.005E-01
150  23
 1 5.940E-05 3.249E+01  2 7.397E-05 9.263E+00  3 3.113E-04 6.591E+00  4 2.987E-06 1.000E+02  5 2.435E-05 5.680E+01
 6 6.432E-05 2.517E+01  7 2.279E-06 3.465E+01  8 2.994E-06 6.313E+01  9 1.302E-06 9.881E+01 10 4.878E-04 5.938E+00
11 3.032E-05 2.481E+01 12 8.317E-05 7.198E+00 13 2.342E-03 1.370E+00 15 1.115E-04 1.996E+01 16 1.025E-03 1.031E+00
17 9.148E-05 1.958E+01 19 1.797E-03 1.267E+01 20 1.631E-03 9.543E+00 22 1.885E-06 1.000E+02 23 5.996E-04 1.737E+00
24 2.065E-03 3.069E-01 26 2.341E-03 7.251E-01 27 9.930E-04 9.360E-01
151  22
 1 1.027E-04 4.806E+01  2 8.251E-05 6.762E+00  3 2.701E-04 7.546E+00  4 1.201E-04 5.744E+01  5 3.252E-05 7.346E+01
 6 5.622E-05 2.533E+01  7 4.868E-06 4.651E+01  8 8.524E-06 6.654E+01 10 4.620E-04 4.617E+00 11 2.027E-05 2.116E+01
12 7.782E-05 5.242E+00 13 2.090E-03 1.814E+00 15 5.725E-05 2.869E+01 16 1.030E-03 1.208E+00 17 6.882E-05 1.773E+01
19 1.748E-03 8.625E+00 20 2.038E-03 9.509E+00 21 8.567E-08 1.000E+02 23 6.763E-04 1.924E+00 24 2.046E-03 3.684E-01
26 2.319E-03 5.557E-01 27 9.749E-04 9.522E-01
152  21
 1 6.664E-05 3.183E+01  2 9.487E-05 8.316E+00  3 2.683E-04 9.912E+00  4 1.419E-04 7.205E+01  5 1.051E-04 6.815E+01
 6 4.040E-05 2.698E+01  7 3.853E-06 3.250E+01  8 1.547E-05 4.594E+01 10 3.891E-04 5.971E+00 11 2.422E-05 3.809E+01
12 7.093E-05 8.837E+00 13 1.847E-03 1.834E+00 15 3.013E-05 2.396E+01 16 1.025E-03 1.388E+00 17 6.877E-05 2.646E+01
19 1.281E-03 1.048E+01 20 2.157E-03 1.127E+01 23 7.174E-04 2.018E+00 24 2.039E-03 3.790E-01 26 2.589E-03 7.262E-01
27 1.137E-03 1.045E+00
153  22
 1 1.072E-04 3.854E+01  2 9.957E-05 7.601E+00  3 2.197E-04 9.143E+00  4 3.017E-05 6.829E+01  5 6.633E-07 7.132E+01
 6 5.706E-05 2.210E+01  7 3.351E-06 4.158E+01  8 3.084E-06 8.195E+01  9 7.843E-09 1.000E+02 10 3.021E-04 5.296E+00
11 1.564E-05 3.038E+01 12 6.158E-05 1.246E+01 13 1.507E-03 2.070E+00 15 4.233E-05 2.150E+01 16 1.047E-03 1.444E+00
17 4.555E-05 2.398E+01 19 1.219E-03 1.469E+01 20 2.440E-03 9.714E+00 23 7.873E-04 1.205E+00 24 2.049E-03 3.831E-01
26 3.411E-03 6.016E-01 27 1.646E-03 7.990E-01
154  22
 1 1.519E-04 4.176E+01  2 1.027E-04 6.308E+00  3 1.833E-04 9.957E+00  4 2.553E-05 5.822E+01  5 1.239E-05 1.000E+02
 6 4.625E-05 3.106E+01  7 1.622E-06 3.700E+01  8 2.433E-06 6.165E+01  9 3.778E-06 1.000E+02 10 2.713E-04 6.972E+00
11 9.265E-06 3.125E+01 12 6.044E-05 9.872E+00 13 1.329E-03 1.522E+00 15 3.119E-05 2.733E+01 16 1.048E-03 1.543E+00
17 7.059E-05 2.113E+01 19 1.123E-03 1.177E+01 20 2.730E-03 8.882E+00 23 8.981E-04 1.508E+00 24 2.019E-03 3.352E-01
26 3.426E-03 4.944E-01 27 1.642E-03 6.809E-01
155  21
 1 3.027E-05 4.564E+01  2 1.359E-04 6.785E+00  3 1.850E-04 1.023E+01  4 7.574E-05 5.449E+01  5 8.319E-06 1.000E+02
 6 2.429E-05 2.628E+01  7 2.315E-06 5.607E+01  8 1.023E-06 5.938E+01 10 2.790E-04 5.009E+00 11 1.232E-05 3.758E+01
12 5.543E-05 1.038E+01 13 1.130E-03 1.728E+00 15 4.684E-05 2.148E+01 16 1.080E-03 9.741E-01 17 6.073E-05 2.209E+01
19 1.123E-03 1.219E+01 20 3.049E-03 8.822E+00 23 1.032E-03 1.284E+00 24 1.952E-03 2.977E-01 26 2.872E-03 5.224E-01
27 1.319E-03 7.228E-01
156  23
 1 4.783E-05 5.382E+01  2 1.318E-04 6.928E+00  3 1.706E-04 9.404E+00  4 1.126E-05 9.736E+01  5 1.407E-05 1.000E+02
 6 1.536E-05 3.822E+01  7 2.628E-06 5.509E+01  8 2.484E-06 6.228E+01  9 5.613E-07 1.000E+02 10 2.289E-04 9.419E+00
11 1.583E-05 4.021E+01 12 4.714E-05 8.194E+00 13 1.010E-03 2.019E+00 15 2.215E-05 4.026E+01 16 1.093E-03 1.278E+00
17 2.651E-05 2.836E+01 19 7.204E-04 1.819E+01 20 3.719E-03 8.899E+00 22 2.199E-08 1.000E+02 23 1.186E-03 1.356E+00
24 1.895E-03 3.803E-01 26 2.597E-03 7.188E-01 27 1.017E-03 1.011E+00
157  21
 1 4.946E-06 5.538E+01  2 1.525E-04 5.572E+00  3 1.695E-04 1.078E+01  4 2.943E-04 4.585E+01  5 4.946E-05 6.976E+01
 6 2.065E-05 4.034E+01  7 1.398E-06 5.631E+01  8 1.091E-06 9.871E+01 10 2.088E-04 6.566E+00 11 1.706E-05 4.583E+01
12 4.295E-05 1.066E+01 13 8.791E-04 2.564E+00 15 3.708E-05 2.764E+01 16 1.128E-03 1.253E+00 17 3.398E-05 2.750E+01
19 8.280E-04 1.770E+01 20 4.328E-03 7.757E+00 23 1.368E-03 1.574E+00 24 1.841E-03 3.524E-01 26 2.704E-03 7.257E-01
27 1.041E-03 9.879E-01
158  24
 1 2.943E-05 5.686E+01  2 1.790E-04 5.548E+00  3 1.570E-04 9.542E+00  4 2.065E-04 4.229E+01  5 1.771E-05 1.000E+02
 6 1.951E-05 3.352E+01  7 4.566E-06 2.834E+01  8 9.135E-06 3.693E+01  9 8.867E-08 1.000E+02 10 1.844E-04 9.190E+00
11 1.651E-05 3.362E+01 12 4.359E-05 9.858E+00 13 7.953E-04 1.959E+00 15 4.239E-05 4.986E+01 16 1.174E-03 1.013E+00
17 5.042E-05 2.409E+01 19 4.658E-04 1.612E+01 20 4.664E-03 4.018E+00 21 1.459E-06 8.104E+01 22 1.020E-06 1.000E+02
23 1.619E-03 9.030E-01 24 1.749E-03 3.704E-01 26 2.418E-03 6.045E-01 27 9.288E-04 8.258E-01
159  21
 1 5.789E-06 6.308E+01  2 2.272E-04 4.529E+00  3 1.136E-04 1.430E+01  4 1.406E-04 4.665E+01  5 2.402E-05 1.000E+02
 6 2.992E-05 2.290E+01  7 1.050E-06 3.890E+01  8 1.034E-06 1.000E+02 10 1.979E-04 1.033E+01 11 1.174E-05 3.274E+01
12 4.329E-05 1.296E+01 13 7.619E-04 2.609E+00 15 3.276E-05 3.125E+01 16 1.305E-03 1.316E+00 17 2.956E-05 3.291E+01
19 8.002E-04 1.761E+01 20 7.640E-03 4.943E+00 23 2.050E-03 1.135E+00 24 1.593E-03 4.236E-01 26 1.406E-03 8.169E-01
27 6.386E-04 1.094E+00
160  23
 1 2.587E-05 4.939E+01  2 2.585E-04 6.275E+00  3 8.625E-05 1.455E+01  4 6.175E-04 4.211E+01  6 4.626E-05 2.451E+01
 7 8.215E-07 5.557E+01  8 1.159E-06 8.791E+01  9 1.648E-06 1.000E+02 10 1.870E-04 7.473E+00 11 2.413E-05 3.209E+01
12 2.802E-05 1.167E+01 13 6.564E-04 3.442E+00 15 4.321E-05 3.339E+01 16 4.229E-03 6.298E-01 17 4.470E-05 2.409E+01
19 5.309E-04 2.231E+01 20 8.843E-03 4.420E+00 22 9.409E-08 1.000E+02 23 2.478E-03 9.322E-01 24 1.452E-03 4.260E-01
25 5.126E-09 1.000E+02 26 1.306E-03 9.301E-01 27 5.982E-04 1.182E+00
161  21
 1 2.284E-05 5.038E+01  2 1.918E-04 4.488E+00  3 6.563E-05 1.155E+01  4 7.291E-05 6.672E+01  6 1.225E-05 2.079E+01
 7 6.670E-07 4.444E+01  8 1.025E-07 5.681E+01 10 1.520E-04 7.047E+00 11 1.116E-05 3.429E+01 12 3.432E-05 8.162E+00
13 6.148E-04 2.286E+00 15 1.374E-05 3.418E+01 16 1.059E-03 8.384E-01 17 1.512E-05 2.432E+01 19 5.602E-04 1.353E+01
20 3.322E-02 1.758E+00 23 8.314E-03 3.409E-01 24 6.049E-04 5.754E-01 25 5.111E-11 1.000E+02 26 1.366E-03 7.224E-01
27 5.791E-04 8.544E-01
162  22
 1 4.086E-05 6.417E+01  2 2.272E-04 3.353E+00  3 6.595E-05 1.050E+01  4 1.271E-04 6.396E+01  5 6.625E-06 8.284E+01
 6 1.541E-05 3.320E+01  7 8.108E-08 5.273E+01  8 1.205E-06 7.194E+01 10 1.204E-04 9.965E+00 11 6.921E-06 2.438E+01
12 3.034E-05 9.306E+00 13 5.384E-04 1.796E+00 15 3.051E-05 2.614E+01 16 1.082E-03 9.743E-01 17 1.806E-05 2.211E+01
19 4.229E-04 1.732E+01 20 5.023E-02 1.349E+00 23 8.916E-03 3.285E-01 24 4.976E-04 5.052E-01 25 1.661E-08 1.000E+02
26 1.370E-03 8.037E-01 27 5.479E-04 9.062E-01
163  22
 1 1.393E-05 5.838E+01  2 2.350E-04 3.583E+00  3 7.041E-05 1.008E+01  4 1.231E-04 6.939E+01  5 1.395E-05 1.000E+02
 6 2.160E-05 3.705E+01  7 1.832E-06 5.128E+01  8 6.517E-07 7.794E+01  9 8.901E-07 1.000E+02 10 1.176E-04 7.371E+00
11 6.633E-06 3.072E+01 12 2.571E-05 1.259E+01 13 4.799E-04 2.570E+00 15 1.325E-05 3.700E+01 16 1.064E-03 7.400E-01
17 1.524E-05 3.710E+01 19 4.406E-04 1.564E+01 20 6.193E-02 1.708E+00 23 9.316E-03 3.431E-01 24 4.298E-04 5.730E-01
26 1.382E-03 7.194E-01 27 5.360E-04 8.508E-01
164  22
 1 3.785E-05 6.697E+01  2 2.775E-04 2.842E+00  3 5.805E-05 1.254E+01  4 1.350E-04 5.053E+01  6 8.422E-06 3.748E+01
 7 2.432E-07 6.112E+01  8 2.331E-07 7.030E+01  9 5.945E-08 1.000E+02 10 1.083E-04 6.475E+00 11 4.315E-06 3.123E+01
12 2.479E-05 9.101E+00 13 4.310E-04 2.921E+00 15 1.312E-05 5.958E+01 16 1.086E-03 1.093E+00 17 1.664E-05 3.196E+01
19 3.545E-04 1.970E+01 20 6.183E-02 1.663E+00 22 4.667E-06 1.000E+02 23 9.694E-03 3.311E-01 24 3.736E-04 8.073E-01
26 1.408E-03 6.354E-01 27 5.238E-04 7.470E-01
165  20
 1 1.539E-06 5.686E+01  2 3.091E-04 3.348E+00  3 4.971E-05 1.606E+01  4 1.602E-04 5.231E+01  6 1.235E-05 4.333E+01
 7 6.401E-07 7.457E+01  8 8.483E-07 1.000E+02 10 8.147E-05 8.146E+00 11 5.560E-06 4.221E+01 12 2.174E-05 1.246E+01
13 3.786E-04 2.671E+00 15 1.565E-05 3.749E+01 16 1.116E-03 9.777E-01 17 1.353E-05 2.848E+01 19 4.229E-04 2.225E+01
20 5.775E-02 1.520E+00 23 1.004E-02 3.349E-01 24 3.290E-04 6.627E-01 26 1.450E-03 5.265E-01 27 5.205E-04 6.640E-01
166  21
 1 1.041E-05 9.873E+01  2 3.632E-04 1.905E+00  3 4.466E-05 9.425E+00  4 3.537E-04 3.621E+01  5 4.746E-06 1.000E+02
 6 8.452E-06 4.166E+01  7 5.754E-07 6.439E+01  8 2.490E-07 9.184E+01 10 8.711E-05 9.616E+00 11 5.272E-06 2.917E+01
12 2.243E-05 1.090E+01 13 3.545E-04 3.405E+00 15 1.024E-05 3.971E+01 16 1.089E-03 6.540E-01 17 1.312E-05 3.161E+01
19 3.121E-04 1.837E+01 20 5.393E-02 1.451E+00 23 1.029E-02 3.496E-01 24 2.942E-04 7.655E-01 26 1.514E-03 7.221E-01
27 5.289E-04 8.449E-01
167  20
 1 9.105E-06 6.962E+01  2 3.930E-04 3.351E+00  3 4.309E-05 1.756E+01  4 1.369E-04 4.366E+01  6 7.335E-06 3.632E+01
 7 7.570E-07 5.409E+01  9 4.407E-07 1.000E+02 10 5.451E-05 1.047E+01 11 5.890E-06 3.977E+01 12 1.697E-05 1.377E+01
13 3.107E-04 2.612E+00 15 8.916E-06 3.751E+01 16 1.074E-03 8.767E-01 17 1.265E-05 2.424E+01 19 2.313E-04 1.263E+01
20 4.977E-02 1.988E+00 23 1.050E-02 3.456E-01 24 2.572E-04 7.973E-01 26 1.566E-03 6.308E-01 27 5.255E-04 7.430E-01
168  21
 1 2.486E-06 8.724E+01  2 4.591E-04 3.236E+00  3 4.733E-05 1.789E+01  4 4.028E-04 4.429E+01  5 5.481E-06 5.639E+01
 6 8.804E-06 4.680E+01  7 1.214E-06 6.240E+01  8 8.125E-07 6.260E+01 10 7.716E-05 8.800E+00 11 4.475E-06 5.213E+01
12 1.981E-05 9.593E+00 13 2.939E-04 2.939E+00 15 2.119E-06 5.963E+01 16 1.750E-03 5.576E-01 17 1.508E-05 3.384E+01
19 1.463E-04 2.095E+01 20 3.764E-02 2.106E+00 23 1.085E-02 3.176E-01 24 2.356E-04 9.707E-01 26 1.683E-03 6.484E-01
27 5.345E-04 8.869E-01
169  21
 1 1.855E-07 1.000E+02  2 4.756E-04 4.340E+00  3 3.642E-05 1.373E+01  4 2.412E-04 4.590E+01  5 1.215E-05 1.000E+02
 6 1.597E-06 4.989E+01  7 7.134E-07 7.411E+01  8 1.218E-06 7.950E+01 10 6.301E-05 1.343E+01 11 2.580E-06 5.134E+01
12 1.629E-05 1.338E+01 13 2.392E-04 3.521E+00 15 3.097E-06 5.914E+01 16 1.094E-03 7.443E-01 17 1.107E-05 4.912E+01
19 2.739E-04 2.070E+01 20 1.830E-02 3.269E+00 23 1.180E-02 3.787E-01 24 2.069E-04 1.165E+00 26 2.884E-03 4.802E-01
27 7.802E-04 6.595E-01
170  21
 1 1.348E-07 1.000E+02  2 5.478E-04 2.958E+00  3 4.207E-05 1.444E+01  4 3.829E-04 3.568E+01  6 6.659E-06 4.431E+01
 7 4.921E-07 5.654E+01  8 4.909E-07 9.438E+01  9 3.305E-07 9.218E+01 10 4.761E-05 1.546E+01 11 3.124E-06 4.909E+01
12 1.456E-05 1.111E+01 13 2.198E-04 3.038E+00 15 7.947E-06 5.257E+01 16 1.042E-03 6.295E-01 17 8.288E-06 2.886E+01
19 1.987E-04 1.699E+01 20 1.323E-02 3.967E+00 23 1.208E-02 3.563E-01 24 1.820E-04 1.151E+00 26 3.014E-03 5.362E-01
27 7.988E-04 8.189E-01
171  20
 1 2.774E-07 6.030E+01  2 6.380E-04 3.032E+00  3 3.735E-05 1.767E+01  4 4.157E-04 3.042E+01  6 6.417E-06 4.301E+01
 7 1.108E-06 9.228E+01  8 2.337E-08 1.000E+02 10 5.292E-05 1.807E+01 11 2.906E-06 4.254E+01 12 1.089E-05 1.879E+01
13 2.075E-04 3.880E+00 15 9.452E-06 5.260E+01 16 1.036E-03 8.750E-01 17 1.763E-05 3.071E+01 19 1.816E-04 2.606E+01
20 7.444E-03 4.942E+00 23 1.230E-02 3.448E-01 24 1.597E-04 8.914E-01 26 3.099E-03 4.344E-01 27 8.057E-04 5.637E-01
172  22
 1 8.127E-07 1.000E+02  2 7.045E-04 1.911E+00  3 3.119E-05 1.897E+01  4 6.043E-04 3.151E+01  5 1.832E-07 1.000E+02
 6 7.639E-06 4.911E+01  7 4.869E-07 5.196E+01  8 4.430E-07 1.000E+02  9 9.437E-07 7.672E+01 10 4.484E-05 1.319E+01
11 2.332E-06 6.033E+01 12 9.230E-06 1.598E+01 13 1.638E-04 5.162E+00 15 5.692E-06 5.816E+01 16 1.016E-03 9.043E-01
17 8.082E-06 3.867E+01 19 1.290E-04 3.241E+01 20 6.730E-03 3.769E+00 23 1.243E-02 3.362E-01 24 1.391E-04 1.142E+00
26 3.146E-03 5.211E-01 27 8.125E-04 6.882E-01
173  22
 1 1.168E-05 6.903E+01  2 8.314E-04 2.406E+00  3 2.569E-05 2.303E+01  4 9.817E-04 1.897E+01  5 8.891E-06 8.811E+01
 6 7.612E-06 4.401E+01  7 2.808E-07 5.433E+01  8 1.335E-06 7.061E+01 10 4.319E-05 1.530E+01 11 2.066E-06 5.562E+01
12 1.040E-05 1.809E+01 13 1.640E-04 4.355E+00 15 1.268E-05 3.619E+01 16 1.008E-03 1.141E+00 17 1.040E-05 3.766E+01
19 1.494E-04 2.738E+01 20 5.343E-03 4.417E+00 22 1.867E-06 1.000E+02 23 1.258E-02 3.798E-01 24 1.275E-04 1.399E+00
26 3.201E-03 4.935E-01 27 8.186E-04 5.982E-01
174  18
 2 9.093E-04 2.199E+00  3 1.896E-05 3.262E+01  4 4.977E-04 2.473E+01  6 1.035E-05 4.889E+01  8 8.678E-07 1.000E+02
10 3.242E-05 1.491E+01 11 1.609E-06 7.223E+01 12 7.991E-06 1.621E+01 13 1.437E-04 4.437E+00 15 5.489E-06 5.727E+01
16 9.985E-04 1.047E+00 17 7.946E-06 7.558E+01 19 1.225E-04 3.905E+01 20 4.597E-03 4.868E+00 23 1.261E-02 3.367E-01
24 1.137E-04 1.446E+00 26 3.231E-03 4.392E-01 27 8.198E-04 6.236E-01
175  20
 1 1.117E-05 9.265E+01  2 1.047E-03 2.422E+00  3 2.199E-05 2.076E+01  4 7.468E-04 2.552E+01  6 8.842E-06 4.735E+01
 7 9.837E-08 9.413E+01  9 7.521E-07 1.000E+02 10 3.632E-05 1.401E+01 11 2.569E-07 5.634E+01 12 7.554E-06 1.587E+01
13 1.237E-04 4.540E+00 15 6.605E-06 6.877E+01 16 9.903E-04 9.880E-01 17 1.307E-05 6.812E+01 19 9.766E-05 3.447E+01
20 3.658E-03 4.763E+00 23 1.283E-02 3.553E-01 24 1.011E-04 1.515E+00 26 3.293E-03 5.260E-01 27 8.307E-04 5.385E-01
176  20
 1 4.518E-05 7.514E+01  2 1.235E-03 1.942E+00  3 2.744E-05 1.675E+01  4 1.267E-03 2.100E+01  6 2.887E-06 6.870E+01
 7 1.189E-06 8.245E+01 10 2.574E-05 1.722E+01 11 3.314E-06 6.478E+01 12 6.065E-06 2.538E+01 13 1.076E-04 4.924E+00
15 6.505E-06 5.990E+01 16 9.997E-04 1.012E+00 17 4.083E-06 5.609E+01 19 1.286E-04 4.103E+01 20 3.605E-03 8.147E+00
22 6.200E-06 1.000E+02 23 1.284E-02 2.989E-01 24 9.128E-05 1.611E+00 26 3.303E-03 4.205E-01 27 8.245E-04 5.474E-01
177  20
 1 2.066E-06 1.000E+02  2 1.399E-03 1.403E+00  3 2.512E-05 2.424E+01  4 9.913E-04 2.377E+01  6 4.383E-07 7.233E+01
 7 4.124E-07 6.102E+01  8 1.193E-06 7.220E+01 10 2.607E-05 1.599E+01 11 3.031E-06 4.631E+01 12 7.230E-06 2.216E+01
13 9.223E-05 4.328E+00 15 1.627E-06 6.914E+01 16 9.751E-04 1.208E+00 17 6.938E-06 5.395E+01 19 1.003E-04 2.476E+01
20 3.532E-03 5.760E+00 23 1.282E-02 3.694E-01 24 7.997E-05 1.539E+00 26 3.315E-03 5.729E-01 27 8.210E-04 6.602E-01
178  20
 1 8.833E-06 9.858E+01  2 1.608E-03 1.793E+00  3 2.392E-05 3.015E+01  4 9.460E-04 1.804E+01  6 2.381E-06 5.508E+01
 7 1.237E-07 1.000E+02  8 3.906E-07 1.000E+02 10 2.680E-05 1.653E+01 11 3.645E-06 4.580E+01 12 5.510E-06 2.107E+01
13 9.072E-05 5.538E+00 15 6.480E-06 6.329E+01 16 9.795E-04 9.290E-01 17 5.784E-06 3.966E+01 19 5.981E-05 3.958E+01
20 2.698E-03 5.330E+00 23 1.293E-02 3.236E-01 24 7.211E-05 1.732E+00 26 3.374E-03 5.333E-01 27 8.313E-04 6.715E-01
179  19
 2 1.885E-03 1.530E+00  3 1.402E-05 2.322E+01  4 1.462E-03 1.621E+01  6 5.370E-06 4.782E+01  7 6.665E-07 8.759E+01
 9 2.111E-07 1.000E+02 10 1.665E-05 1.612E+01 11 1.612E-06 4.368E+01 12 7.236E-06 1.665E+01 13 8.023E-05 6.115E+00
15 7.716E-06 6.795E+01 16 9.700E-04 1.090E+00 17 7.184E-06 3.691E+01 19 3.827E-05 4.309E+01 20 1.889E-03 9.393E+00
23 1.302E-02 3.327E-01 24 6.639E-05 1.531E+00 26 3.420E-03 4.541E-01 27 8.355E-04 5.638E-01
180  20
 1 3.624E-06 1.000E+02  2 2.221E-03 1.594E+00  3 1.981E-05 2.043E+01  4 2.369E-03 1.228E+01  5 4.382E-06 1.000E+02
 6 3.944E-06 5.157E+01  7 1.315E-07 1.000E+02 10 1.345E-05 2.740E+01 11 4.778E-07 8.785E+01 12 6.393E-06 2.040E+01
13 7.687E-05 6.453E+00 15 1.588E-06 8.647E+01 16 9.520E-04 7.320E-01 17 8.156E-09 1.000E+02 19 4.506E-05 4.112E+01
20 1.700E-03 6.392E+00 23 1.311E-02 3.290E-01 24 6.036E-05 1.721E+00 26 3.474E-03 3.591E-01 27 8.391E-04 4.313E-01
181  19
 2 2.548E-03 1.292E+00  3 1.621E-05 3.239E+01  4 2.319E-03 1.430E+01  6 3.494E-06 1.000E+02  7 1.773E-07 7.370E+01
 8 1.226E-06 1.000E+02 10 1.809E-05 2.525E+01 11 1.253E-06 6.470E+01 12 4.254E-06 1.990E+01 13 6.514E-05 5.722E+00
15 1.314E-05 6.931E+01 16 9.866E-04 1.048E+00 17 1.387E-06 7.494E+01 19 9.779E-05 5.011E+01 20 1.669E-03 8.487E+00
23 1.315E-02 3.250E-01 24 5.596E-05 1.772E+00 26 3.579E-03 4.036E-01 27 8.550E-04 4.514E-01
182  21
 1 2.273E-05 8.308E+01  2 3.048E-03 1.438E+00  3 1.291E-05 2.727E+01  4 2.948E-03 1.295E+01  5 1.232E-06 1.000E+02
 6 2.821E-06 5.748E+01  7 1.119E-07 1.000E+02  8 9.491E-08 1.000E+02 10 1.838E-05 2.710E+01 11 1.611E-06 7.645E+01
12 3.051E-06 2.115E+01 13 5.322E-05 5.859E+00 15 1.756E-05 5.397E+01 16 9.618E-04 9.931E-01 17 2.030E-06 6.160E+01
19 4.065E-05 5.257E+01 20 1.364E-03 8.697E+00 23 1.329E-02 3.663E-01 24 4.813E-05 1.775E+00 26 3.678E-03 4.755E-01
27 8.155E-04 5.409E-01
183  19
 1 8.415E-06 8.998E+01  2 3.746E-03 9.334E-01  3 1.023E-05 2.464E+01  4 4.206E-03 9.635E+00  6 2.184E-06 9.945E+01
 8 5.032E-07 1.000E+02 10 1.333E-05 2.799E+01 11 1.407E-06 5.551E+01 12 4.130E-06 2.503E+01 13 5.832E-05 5.533E+00
15 3.930E-06 9.471E+01 16 9.600E-04 9.269E-01 17 3.371E-06 7.711E+01 19 2.784E-05 4.238E+01 20 1.062E-03 1.246E+01
23 1.336E-02 3.009E-01 24 4.376E-05 2.268E+00 26 3.927E-03 3.446E-01 27 8.684E-04 3.613E-01
184  18
 2 5.057E-03 1.058E+00  3 1.527E-05 2.475E+01  4 4.982E-03 1.061E+01  6 7.916E-07 1.000E+02  7 3.574E-08 1.000E+02
10 9.373E-06 2.888E+01 11 2.662E-08 7.128E+01 12 1.697E-06 2.975E+01 13 4.004E-05 8.875E+00 15 2.226E-06 1.000E+02
16 9.474E-04 7.997E-01 17 1.731E-07 7.983E+01 19 2.150E-05 6.055E+01 20 9.198E-04 1.140E+01 23 1.346E-02 3.047E-01
24 3.764E-05 1.827E+00 26 4.113E-03 4.250E-01 27 8.984E-04 4.327E-01
185  20
 1 4.536E-06 8.202E+01  2 6.581E-03 7.446E-01  3 1.834E-05 2.771E+01  4 8.322E-03 6.155E+00  6 5.450E-06 6.876E+01
 7 4.305E-08 8.865E+01  8 8.081E-07 1.000E+02 10 1.273E-05 2.193E+01 11 3.954E-06 6.912E+01 12 2.016E-06 2.826E+01
13 3.907E-05 9.435E+00 15 2.748E-06 6.933E+01 16 9.329E-04 1.112E+00 17 3.936E-06 6.039E+01 19 1.093E-05 4.980E+01
20 9.576E-04 1.133E+01 23 1.350E-02 3.325E-01 24 3.476E-05 2.125E+00 26 4.238E-03 4.497E-01 27 9.162E-04 5.081E-01
186  20
 2 8.331E-03 7.499E-01  3 7.370E-06 3.408E+01  4 8.736E-02 2.547E+00  6 3.570E-06 4.928E+01  7 1.248E-08 9.069E+01
 8 3.677E-07 1.000E+02 10 9.863E-06 3.311E+01 11 7.109E-07 7.799E+01 12 3.841E-06 3.139E+01 13 3.850E-05 9.740E+00
15 2.962E-06 9.192E+01 16 8.771E-04 1.184E+00 17 1.465E-06 9.357E+01 19 5.552E-05 4.660E+01 20 7.761E-04 1.154E+01
22 1.086E-06 1.000E+02 23 1.353E-02 2.950E-01 24 3.173E-05 2.874E+00 26 4.292E-03 3.743E-01 27 9.179E-04 4.039E-01
187  16
 2 1.031E-02 5.327E-01  3 1.227E-05 2.606E+01  4 8.879E-02 2.922E+00  6 4.031E-08 1.000E+02 10 5.033E-06 4.278E+01
11 1.122E-06 1.000E+02 12 1.793E-06 2.903E+01 13 3.674E-05 7.608E+00 16 8.685E-04 1.158E+00 17 6.083E-06 7.562E+01
19 1.587E-05 3.823E+01 20 5.888E-04 1.284E+01 23 1.352E-02 3.122E-01 24 2.848E-05 2.339E+00 26 4.266E-03 3.534E-01
27 9.001E-04 3.811E-01
188  18
 2 1.236E-02 5.691E-01  3 1.421E-05 2.903E+01  4 9.140E-02 2.973E+00  6 1.354E-06 6.968E+01  7 1.805E-08 1.000E+02
10 4.255E-06 3.871E+01 11 1.370E-06 1.000E+02 12 3.369E-06 4.122E+01 13 2.977E-05 8.567E+00 15 1.852E-06 6.902E+01
16 8.830E-04 1.173E+00 17 1.280E-06 7.326E+01 19 3.602E-05 5.042E+01 20 4.879E-04 2.096E+01 23 1.349E-02 2.846E-01
24 2.553E-05 2.793E+00 26 4.152E-03 4.107E-01 27 8.603E-04 4.482E-01
189  15
 2 1.450E-02 6.663E-01  3 7.628E-06 3.509E+01  4 8.878E-02 2.883E+00 10 4.197E-06 3.214E+01 11 1.297E-06 5.517E+01
12 4.414E-06 4.381E+01 13 3.112E-05 1.089E+01 16 8.766E-04 1.117E+00 17 3.090E-06 5.893E+01 19 2.980E-05 6.999E+01
20 5.307E-04 1.204E+01 23 1.338E-02 3.309E-01 24 2.268E-05 2.370E+00 26 3.993E-03 4.025E-01 27 8.167E-04 4.538E-01
190  20
 2 1.624E-02 4.868E-01  3 5.040E-06 4.490E+01  4 9.996E-03 5.565E+00  5 6.862E-06 1.000E+02  6 3.237E-08 7.784E+01
 7 1.643E-07 1.000E+02  8 2.549E-07 1.000E+02 10 6.408E-06 3.187E+01 11 9.971E-07 7.230E+01 12 2.030E-06 2.993E+01
13 2.431E-05 1.271E+01 15 2.421E-07 1.000E+02 16 9.082E-04 1.101E+00 17 1.752E-06 9.712E+01 19 9.119E-06 6.877E+01
20 4.950E-04 1.614E+01 23 1.326E-02 3.146E-01 24 2.142E-05 2.737E+00 26 3.884E-03 4.270E-01 27 7.849E-04 4.471E-01
191  17
 2 1.746E-02 5.835E-01  3 9.312E-06 2.761E+01  4 5.317E-03 1.079E+01  6 3.391E-07 7.001E+01 10 5.373E-06 4.451E+01
11 2.309E-07 1.000E+02 12 2.903E-06 4.708E+01 13 2.275E-05 1.066E+01 15 8.030E-08 1.000E+02 16 9.208E-04 1.120E+00
17 1.104E-07 9.197E+01 19 2.251E-05 7.212E+01 20 3.461E-04 1.686E+01 23 1.319E-02 3.448E-01 24 1.916E-05 2.672E+00
26 3.879E-03 4.143E-01 27 7.794E-04 4.251E-01
192  16
 2 1.857E-02 6.299E-01  3 7.533E-06 3.419E+01  4 4.229E-03 1.073E+01  6 5.068E-07 1.000E+02 10 6.081E-06 4.048E+01
12 6.670E-07 5.334E+01 13 1.590E-05 1.266E+01 15 1.626E-06 8.104E+01 16 9.074E-04 1.043E+00 17 2.380E-06 9.837E+01
19 1.246E-05 8.857E+01 20 3.908E-04 2.014E+01 23 1.328E-02 3.091E-01 24 1.853E-05 3.262E+00 26 3.935E-03 4.176E-01
27 7.891E-04 4.710E-01
193  19
 1 2.931E-06 1.000E+02  2 1.915E-02 4.529E-01  3 7.721E-06 3.738E+01  4 2.770E-03 1.091E+01  7 4.715E-08 1.000E+02
 8 4.982E-07 6.250E+01 10 3.001E-06 3.309E+01 11 2.077E-07 1.000E+02 12 9.362E-07 3.936E+01 13 1.877E-05 1.405E+01
15 8.589E-08 8.904E+01 16 8.935E-04 1.088E+00 17 4.505E-06 6.164E+01 19 8.287E-06 6.724E+01 20 1.974E-04 1.877E+01
23 1.317E-02 3.482E-01 24 1.657E-05 3.732E+00 26 3.899E-03 3.974E-01 27 7.764E-04 4.637E-01
194  18
 1 5.054E-06 1.000E+02  2 1.935E-02 4.877E-01  3 7.178E-06 3.263E+01  4 2.738E-03 8.193E+00  5 8.575E-07 1.000E+02
10 2.663E-06 4.298E+01 11 3.431E-08 1.000E+02 12 5.662E-07 4.951E+01 13 1.720E-05 8.503E+00 15 7.855E-07 1.000E+02
16 9.076E-04 1.024E+00 19 3.651E-05 5.384E+01 20 3.009E-04 1.892E+01 23 1.311E-02 3.644E-01 24 1.482E-05 2.932E+00
25 5.497E-09 1.000E+02 26 3.896E-03 4.300E-01 27 7.738E-04 4.627E-01
195  16
 2 1.916E-02 5.114E-01  3 1.121E-05 3.571E+01  4 1.974E-03 1.278E+01  6 3.296E-06 1.000E+02 10 3.768E-06 3.700E+01
12 3.963E-07 4.962E+01 13 1.516E-05 1.271E+01 15 1.605E-07 1.000E+02 16 9.072E-04 7.935E-01 17 1.108E-06 9.538E+01
19 6.037E-06 6.962E+01 20 2.680E-04 2.198E+01 23 1.294E-02 2.784E-01 24 1.319E-05 3.378E+00 26 3.855E-03 4.173E-01
27 7.653E-04 5.262E-01
196  14
 2 1.872E-02 5.798E-01  3 3.258E-06 4.722E+01  4 1.670E-03 1.547E+01 10 4.189E-06 4.851E+01 12 8.017E-07 6.873E+01
13 1.055E-05 1.743E+01 15 1.033E-07 1.000E+02 16 9.190E-04 8.263E-01 19 2.628E-05 7.617E+01 20 2.414E-04 3.559E+01
23 1.279E-02 3.151E-01 24 1.180E-05 3.860E+00 26 3.844E-03 4.765E-01 27 7.630E-04 5.239E-01
197  17
 2 1.824E-02 4.597E-01  3 5.059E-06 5.907E+01  4 1.151E-03 1.559E+01  7 6.798E-08 1.000E+02 10 1.957E-06 4.964E+01
11 1.729E-08 1.000E+02 12 8.078E-07 5.215E+01 13 1.392E-05 1.556E+01 15 1.232E-06 1.000E+02 16 9.193E-04 1.051E+00
19 3.181E-06 1.000E+02 20 2.362E-04 2.888E+01 22 3.157E-06 1.000E+02 23 1.263E-02 3.262E-01 24 1.054E-05 3.522E+00
26 3.835E-03 4.482E-01 27 7.642E-04 4.715E-01
198  14
 2 1.759E-02 5.821E-01  3 6.448E-06 4.022E+01  4 1.296E-03 1.978E+01 10 3.924E-06 5.664E+01 12 7.513E-07 4.950E+01
13 1.125E-05 1.929E+01 16 9.454E-04 1.002E+00 17 6.186E-09 1.000E+02 19 1.195E-05 7.028E+01 20 1.413E-04 2.173E+01
23 1.250E-02 3.106E-01 24 9.500E-06 4.604E+00 26 3.842E-03 3.330E-01 27 7.666E-04 3.889E-01
199  16
 2 1.649E-02 6.489E-01  3 4.436E-06 5.167E+01  4 8.475E-04 2.037E+01 10 1.350E-06 4.850E+01 11 8.436E-07 1.000E+02
12 1.187E-06 5.558E+01 13 7.382E-06 1.920E+01 15 2.179E-07 1.000E+02 16 9.854E-04 1.091E+00 17 1.889E-06 7.281E+01
19 6.344E-06 9.685E+01 20 1.190E-04 2.476E+01 23 1.224E-02 3.089E-01 24 7.930E-06 3.690E+00 26 3.841E-03 4.180E-01
27 7.689E-04 4.573E-01
200  19
 2 1.507E-02 5.664E-01  3 1.579E-06 6.283E+01  4 1.066E-03 2.675E+01  6 6.874E-06 6.083E+01  7 1.377E-07 1.000E+02
 8 1.820E-06 1.000E+02 10 1.605E-06 6.594E+01 11 3.381E-07 8.188E+01 12 3.470E-07 6.732E+01 13 7.100E-06 1.784E+01
15 7.641E-07 9.156E+01 16 9.794E-04 7.692E-01 17 3.547E-07 1.000E+02 19 7.631E-06 9.845E+01 20 1.744E-04 2.641E+01
23 1.191E-02 3.315E-01 24 6.642E-06 4.322E+00 26 3.834E-03 3.867E-01 27 7.697E-04 4.094E-01
201  14
 2 1.360E-02 5.245E-01  3 1.848E-06 4.695E+01  4 7.154E-04 2.519E+01  6 2.238E-06 1.000E+02 10 2.091E-06 6.821E+01
12 3.168E-07 6.805E+01 13 5.981E-06 1.634E+01 16 1.052E-03 7.534E-01 19 6.471E-06 6.353E+01 20 1.158E-04 2.389E+01
23 1.162E-02 3.309E-01 24 5.926E-06 4.972E+00 26 3.845E-03 4.031E-01 27 7.773E-04 4.406E-01
202  16
 2 1.185E-02 5.336E-01  3 1.615E-06 7.050E+01  4 6.605E-04 2.268E+01  6 2.544E-08 1.000E+02 10 3.032E-06 5.582E+01
12 5.250E-07 5.161E+01 13 5.312E-06 1.778E+01 15 1.252E-06 9.928E+01 16 1.108E-03 7.711E-01 17 1.626E-06 1.000E+02
19 5.244E-07 8.064E+01 20 6.770E-05 5.070E+01 23 1.113E-02 2.971E-01 24 5.381E-06 5.583E+00 26 3.781E-03 3.548E-01
27 7.671E-04 4.549E-01
203  14
 2 9.484E-03 5.751E-01  3 1.832E-06 8.725E+01  4 4.666E-04 2.914E+01 10 5.795E-07 7.194E+01 12 2.874E-07 7.135E+01
13 6.789E-06 1.947E+01 16 1.155E-03 6.917E-01 17 1.870E-06 1.000E+02 19 3.476E-06 7.572E+01 20 1.028E-04 2.244E+01
23 1.037E-02 3.046E-01 24 4.360E-06 5.350E+00 26 3.649E-03 3.781E-01 27 7.476E-04 4.344E-01
204  16
 2 7.238E-03 4.870E-01  3 1.320E-06 5.914E+01  4 2.845E-04 3.449E+01  6 2.258E-08 1.000E+02 10 3.317E-06 6.754E+01
11 5.657E-07 9.377E+01 12 8.091E-07 6.495E+01 13 4.669E-06 2.249E+01 16 1.211E-03 9.409E-01 17 1.428E-06 8.998E+01
19 5.228E-06 7.229E+01 20 7.899E-05 5.438E+01 23 9.545E-03 2.758E-01 24 3.434E-06 5.582E+00 26 3.463E-03 3.248E-01
27 7.169E-04 3.460E-01
205  13
 2 4.784E-03 6.332E-01  3 1.194E-07 6.887E+01  4 4.125E-04 3.856E+01 10 3.496E-07 6.093E+01 12 4.176E-07 6.514E+01
13 3.183E-06 1.963E+01 16 1.268E-03 6.968E-01 19 8.961E-06 1.000E+02 20 5.845E-05 3.919E+01 23 8.452E-03 2.839E-01
24 2.362E-06 8.135E+00 26 3.166E-03 3.116E-01 27 6.662E-04 4.078E-01
206  13
 2 2.825E-03 8.658E-01  3 6.316E-08 6.890E+01  4 1.734E-04 3.403E+01 10 8.717E-07 5.940E+01 12 1.703E-07 7.686E+01
13 2.214E-06 2.581E+01 16 1.330E-03 7.373E-01 19 1.034E-05 1.000E+02 20 1.323E-04 2.821E+01 23 6.890E-03 3.087E-01
24 2.040E-06 6.743E+00 26 2.555E-03 3.321E-01 27 5.431E-04 3.904E-01
207  12
 2 1.713E-03 1.090E+00  3 1.435E-07 9.737E+01  4 9.791E-05 3.975E+01 10 2.563E-09 1.000E+02 12 2.802E-08 9.335E+01
13 1.494E-06 2.694E+01 16 1.403E-03 6.456E-01 20 2.197E-05 2.861E+01 23 4.427E-03 3.468E-01 24 1.373E-06 1.035E+01
26 1.346E-03 5.291E-01 27 2.778E-04 6.182E-01
208  15
 2 6.303E-04 1.298E+00  3 7.736E-08 5.510E+01  4 2.102E-05 6.841E+01  6 1.912E-09 1.000E+02  7 9.011E-08 1.000E+02
 8 2.921E-08 1.000E+02 10 2.616E-09 1.000E+02 12 1.272E-08 1.000E+02 13 7.481E-07 3.430E+01 16 1.208E-03 6.005E-01
20 8.307E-06 8.523E+01 23 1.501E-03 4.498E-01 24 4.406E-07 1.089E+01 26 2.404E-04 6.698E-01 27 4.482E-05 7.967E-01