
    ORGAN DOSE CONVERSION FACTORS FOR AN ADULT HERMAPHRODITE
    CALCULATED FOR A VARIETY OF CT SCANNERS AND CONDITIONS.
    VALUES ARE GIVEN FOR 208 5 MM SLICES SPANNING THE BODY
    FROM 100 MM BELOW THE BOTTOM OF THE TRUNK TO THE TOP OF THE HEAD.

                     ORGANS OR REGIONS
 1 ADRENALS              10 HEART                  19 THYMUS                   
 2 BRAIN                 11 KIDNEYS                20 THYROID                  
 3 BREASTS               12 LIVER                  21 URINARY BLADDER          
 4 EYE LENSES            13 LUNGS                  22 UTERUS                   
 5 GALL BLADDER          14 OVARIES                23 HEAD REGION              
 6 STOMACH               15 PANCREAS               24 TRUNK REGION             
 7 SMALL INTESTINE       16 SKIN                   25 LEG REGION               
 8 UPPER LARGE INTESTINE 17 SPLEEN                 26 SKELETON                 
 9 LOWER LARGE INTESTINE 18 TESTICLES              27 RED MARROW               

 12 CGR CE 10000,12000: SHAPED FILTER (PEEK)
    FOCUS TO AXIS DISTANCE IS 750 MM
    FAN ANGLE COVERS FULL WIDTH OF TRUNK
    X-RAY SPECTRUM HAS MAXIMUM ENERGY OF 130 KEV
    INITIAL FILTRATION IS 1.0 MM OF ALUMINIUM AND 0.3 MM OF COPPER

    CONVERSION FACTORS AND STATISTICAL UNCERTAINTIES(%) FOR ORGANS IN EACH SLICE
  1  17
 3 1.567E-06 1.000E+02  6 2.391E-08 1.000E+02  7 4.049E-05 1.578E+01  8 2.733E-05 2.241E+01  9 5.723E-04 4.983E+00
10 4.045E-08 1.000E+02 11 8.478E-06 6.308E+01 12 2.579E-06 5.344E+01 14 2.039E-05 5.773E+01 16 2.254E-03 1.086E+00
18 2.654E-03 7.644E+00 21 4.273E-04 1.754E+01 22 1.994E-04 1.679E+01 24 1.336E-04 1.959E+00 25 7.415E-03 3.277E-01
26 4.164E-03 5.561E-01 27 4.263E-04 8.297E-01
  2  16
 6 3.283E-06 6.920E+01  7 4.048E-05 1.198E+01  8 2.620E-05 2.437E+01  9 6.991E-04 6.751E+00 11 3.402E-06 6.121E+01
12 2.075E-06 6.070E+01 13 9.687E-08 7.133E+01 14 1.119E-04 3.967E+01 16 2.257E-03 1.188E+00 18 3.172E-03 5.188E+00
21 7.049E-04 1.052E+01 22 2.389E-04 2.507E+01 24 1.532E-04 1.999E+00 25 7.481E-03 3.211E-01 26 4.184E-03 6.776E-01
27 4.505E-04 1.124E+00
  3  18
 5 4.833E-06 1.000E+02  6 8.281E-06 4.701E+01  7 5.684E-05 1.088E+01  8 5.625E-05 2.285E+01  9 6.745E-04 9.371E+00
11 8.524E-06 4.339E+01 12 1.532E-06 4.525E+01 14 8.709E-05 6.606E+01 15 3.349E-06 9.822E+01 16 2.325E-03 1.117E+00
17 4.880E-06 7.880E+01 18 3.442E-03 6.916E+00 21 6.288E-04 1.480E+01 22 2.084E-04 1.737E+01 24 1.660E-04 1.640E+00
25 7.441E-03 4.251E-01 26 4.172E-03 6.948E-01 27 4.735E-04 1.202E+00
  4  20
 3 1.603E-06 1.000E+02  5 2.495E-07 1.000E+02  6 6.282E-06 7.697E+01  7 5.010E-05 1.515E+01  8 3.214E-05 2.350E+01
 9 7.501E-04 7.973E+00 11 2.837E-06 7.068E+01 12 1.493E-06 4.883E+01 13 5.472E-07 7.063E+01 14 1.363E-04 5.180E+01
15 4.603E-06 9.948E+01 16 2.285E-03 1.107E+00 17 5.636E-07 8.080E+01 18 3.022E-03 7.278E+00 21 7.041E-04 1.021E+01
22 2.317E-04 1.603E+01 24 1.863E-04 1.836E+00 25 7.498E-03 3.078E-01 26 4.176E-03 7.228E-01 27 4.906E-04 1.066E+00
  5  17
 7 7.406E-05 1.077E+01  8 4.548E-05 2.627E+01  9 9.582E-04 5.815E+00 11 1.223E-05 8.377E+01 12 2.461E-06 3.775E+01
13 1.023E-08 1.000E+02 14 3.540E-04 3.836E+01 15 4.601E-08 1.000E+02 16 2.298E-03 8.430E-01 17 8.731E-07 9.807E+01
18 4.233E-03 8.281E+00 21 6.407E-04 9.409E+00 22 2.410E-04 1.553E+01 24 2.048E-04 1.530E+00 25 7.458E-03 3.295E-01
26 4.127E-03 5.418E-01 27 5.040E-04 1.254E+00
  6  21
 1 1.091E-05 1.000E+02  3 2.253E-06 5.682E+01  5 2.399E-07 1.000E+02  6 9.538E-06 6.418E+01  7 7.221E-05 1.040E+01
 8 5.219E-05 1.931E+01  9 9.997E-04 5.340E+00 10 6.255E-08 1.000E+02 11 6.548E-06 4.485E+01 12 2.922E-06 4.721E+01
13 3.405E-07 5.713E+01 14 3.325E-04 3.199E+01 16 2.289E-03 6.901E-01 17 1.440E-06 7.452E+01 18 4.868E-03 6.887E+00
21 9.276E-04 1.186E+01 22 2.911E-04 1.701E+01 24 2.421E-04 1.151E+00 25 7.456E-03 3.106E-01 26 4.134E-03 5.531E-01
27 5.342E-04 8.546E-01
  7  21
 1 2.159E-05 1.000E+02  3 5.675E-07 7.653E+01  5 2.290E-07 1.000E+02  6 6.595E-06 5.480E+01  7 8.514E-05 1.040E+01
 8 5.788E-05 1.872E+01  9 1.164E-03 6.624E+00 11 6.550E-06 5.184E+01 12 3.616E-06 3.078E+01 13 3.092E-07 5.752E+01
14 2.201E-04 3.500E+01 15 1.552E-06 8.955E+01 16 2.254E-03 8.273E-01 17 6.356E-06 6.997E+01 18 4.370E-03 7.081E+00
21 9.514E-04 1.172E+01 22 2.921E-04 1.633E+01 24 2.579E-04 1.075E+00 25 7.428E-03 3.652E-01 26 4.124E-03 5.902E-01
27 5.409E-04 9.349E-01
  8  19
 3 1.263E-06 7.151E+01  6 5.787E-06 9.936E+01  7 7.808E-05 1.045E+01  8 7.294E-05 1.624E+01  9 1.317E-03 7.218E+00
10 2.688E-06 7.027E+01 11 2.385E-06 5.889E+01 12 3.145E-06 4.131E+01 13 4.290E-08 8.534E+01 14 2.607E-04 2.620E+01
15 4.204E-06 7.202E+01 16 2.306E-03 9.592E-01 18 4.754E-03 4.876E+00 21 9.406E-04 1.159E+01 22 3.176E-04 1.413E+01
24 2.908E-04 1.374E+00 25 7.450E-03 3.073E-01 26 4.092E-03 7.393E-01 27 5.567E-04 1.435E+00
  9  20
 3 3.290E-06 8.808E+01  5 1.334E-05 1.000E+02  6 7.947E-06 6.390E+01  7 8.526E-05 1.051E+01  8 7.291E-05 1.684E+01
 9 1.381E-03 5.536E+00 11 2.291E-06 5.448E+01 12 6.249E-06 3.277E+01 13 8.558E-07 5.860E+01 14 4.659E-04 3.927E+01
15 4.171E-08 1.000E+02 16 2.333E-03 9.651E-01 17 6.879E-06 8.805E+01 18 5.982E-03 4.856E+00 21 1.041E-03 9.704E+00
22 3.408E-04 1.493E+01 24 3.252E-04 1.071E+00 25 7.453E-03 3.005E-01 26 4.093E-03 7.384E-01 27 5.770E-04 9.466E-01
 10  21
 3 1.066E-06 1.000E+02  5 1.067E-05 1.000E+02  6 6.997E-06 7.301E+01  7 1.040E-04 8.247E+00  8 7.222E-05 1.637E+01
 9 1.438E-03 5.713E+00 10 2.886E-07 1.000E+02 11 9.096E-06 3.966E+01 12 6.113E-06 3.944E+01 13 2.009E-07 8.704E+01
14 5.885E-04 2.673E+01 15 2.305E-06 7.485E+01 16 2.308E-03 1.256E+00 17 6.502E-06 9.683E+01 18 6.775E-03 6.153E+00
21 1.146E-03 1.236E+01 22 5.245E-04 1.150E+01 24 3.683E-04 1.043E+00 25 7.384E-03 3.811E-01 26 4.114E-03 7.074E-01
27 6.218E-04 1.053E+00
 11  19
 3 7.228E-06 4.149E+01  5 1.179E-05 9.183E+01  6 8.593E-06 4.879E+01  7 1.154E-04 6.966E+00  8 1.289E-04 1.734E+01
 9 1.792E-03 4.866E+00 11 6.918E-06 3.203E+01 12 5.121E-06 2.630E+01 14 3.424E-04 4.857E+01 15 6.140E-06 1.000E+02
16 3.027E-03 8.963E-01 17 2.195E-06 1.000E+02 18 1.071E-02 3.694E+00 21 1.619E-03 8.069E+00 22 4.493E-04 1.501E+01
24 4.120E-04 9.368E-01 25 7.337E-03 2.889E-01 26 3.900E-03 6.250E-01 27 6.039E-04 7.436E-01
 12  21
 1 1.252E-05 1.000E+02  3 1.475E-05 4.284E+01  6 1.266E-05 6.188E+01  7 1.236E-04 6.944E+00  8 1.234E-04 1.227E+01
 9 1.948E-03 4.513E+00 11 1.526E-05 3.866E+01 12 4.431E-06 3.245E+01 13 8.724E-07 8.997E+01 14 2.774E-04 3.573E+01
15 4.932E-06 6.902E+01 16 2.548E-03 1.096E+00 17 1.697E-07 1.000E+02 18 2.515E-02 3.077E+00 21 1.569E-03 7.738E+00
22 5.008E-04 1.284E+01 23 2.141E-08 1.000E+02 24 4.551E-04 1.084E+00 25 7.225E-03 3.005E-01 26 3.817E-03 8.264E-01
27 6.362E-04 1.582E+00
 13  21
 3 5.355E-06 7.414E+01  5 5.228E-07 1.000E+02  6 3.871E-06 8.111E+01  7 1.474E-04 8.001E+00  8 1.388E-04 1.173E+01
 9 2.251E-03 4.376E+00 10 1.275E-06 1.000E+02 11 3.544E-06 4.018E+01 12 5.732E-06 3.370E+01 13 3.653E-07 7.197E+01
14 5.715E-04 3.055E+01 15 3.608E-06 8.387E+01 16 2.481E-03 8.339E-01 17 3.610E-06 6.036E+01 18 4.319E-02 2.493E+00
21 1.954E-03 7.646E+00 22 6.007E-04 1.171E+01 24 5.135E-04 8.198E-01 25 7.166E-03 3.520E-01 26 3.786E-03 6.548E-01
27 6.449E-04 7.731E-01
 14  21
 3 1.604E-06 7.072E+01  5 3.200E-05 4.682E+01  6 5.317E-06 8.122E+01  7 1.379E-04 7.451E+00  8 1.155E-04 1.087E+01
 9 2.461E-03 4.232E+00 10 1.206E-06 7.774E+01 11 1.177E-05 3.473E+01 12 5.916E-06 3.328E+01 13 1.017E-06 8.388E+01
14 6.402E-04 2.759E+01 15 1.795E-05 8.480E+01 16 2.446E-03 1.104E+00 17 2.210E-06 9.602E+01 18 5.721E-02 2.206E+00
21 1.852E-03 7.277E+00 22 6.056E-04 1.304E+01 24 5.820E-04 1.224E+00 25 7.089E-03 3.698E-01 26 3.769E-03 7.634E-01
27 6.951E-04 1.228E+00
 15  21
 3 4.123E-06 6.894E+01  5 2.307E-05 9.072E+01  6 1.011E-05 3.769E+01  7 1.912E-04 8.993E+00  8 1.646E-04 1.136E+01
 9 2.595E-03 4.119E+00 10 1.208E-07 1.000E+02 11 8.226E-06 6.976E+01 12 1.017E-05 2.213E+01 13 3.870E-08 9.349E+01
14 4.485E-04 2.512E+01 15 5.808E-06 7.472E+01 16 2.439E-03 1.050E+00 17 2.501E-05 4.589E+01 18 6.236E-02 2.120E+00
21 2.002E-03 8.556E+00 22 7.758E-04 1.178E+01 24 6.574E-04 7.786E-01 25 6.991E-03 3.318E-01 26 3.711E-03 7.585E-01
27 7.308E-04 1.187E+00
 16  20
 3 8.258E-06 6.085E+01  5 1.896E-05 7.552E+01  6 2.072E-05 3.535E+01  7 1.883E-04 7.266E+00  8 1.194E-04 1.391E+01
 9 2.826E-03 3.620E+00 11 7.266E-06 3.245E+01 12 8.666E-06 2.262E+01 13 1.606E-06 6.293E+01 14 3.850E-04 2.865E+01
15 4.349E-07 8.245E+01 16 2.468E-03 1.071E+00 17 1.483E-05 4.881E+01 18 6.363E-02 2.103E+00 21 2.512E-03 4.592E+00
22 8.225E-04 1.185E+01 24 7.403E-04 8.256E-01 25 6.833E-03 3.328E-01 26 3.596E-03 8.333E-01 27 7.449E-04 1.157E+00
 17  21
 1 2.274E-05 1.000E+02  3 1.199E-05 3.997E+01  6 2.048E-05 6.460E+01  7 2.126E-04 7.992E+00  8 1.948E-04 1.075E+01
 9 3.116E-03 3.728E+00 10 2.817E-06 6.003E+01 11 3.203E-05 3.393E+01 12 8.638E-06 2.729E+01 13 1.253E-06 6.920E+01
14 3.941E-04 2.648E+01 15 1.642E-05 4.160E+01 16 2.511E-03 8.771E-01 17 1.350E-05 6.757E+01 18 6.020E-02 1.846E+00
21 2.861E-03 5.987E+00 22 7.816E-04 1.187E+01 24 8.426E-04 7.840E-01 25 6.675E-03 3.465E-01 26 3.605E-03 8.254E-01
27 8.124E-04 1.490E+00
 18  21
 3 9.954E-06 6.662E+01  5 1.010E-06 5.547E+01  6 8.156E-06 5.303E+01  7 2.646E-04 8.432E+00  8 1.839E-04 1.723E+01
 9 3.768E-03 3.391E+00 10 3.457E-06 6.439E+01 11 2.023E-05 3.109E+01 12 1.258E-05 2.589E+01 13 1.093E-06 6.441E+01
14 3.919E-04 4.275E+01 15 9.870E-06 7.360E+01 16 2.425E-03 1.097E+00 17 7.607E-06 4.992E+01 18 4.945E-02 3.384E+00
21 3.338E-03 6.758E+00 22 9.691E-04 1.039E+01 24 9.797E-04 7.401E-01 25 6.410E-03 3.109E-01 26 3.467E-03 4.819E-01
27 8.900E-04 1.271E+00
 19  21
 3 1.731E-05 3.658E+01  5 7.693E-05 7.563E+01  6 1.336E-05 2.910E+01  7 2.884E-04 6.440E+00  8 2.298E-04 1.186E+01
 9 4.031E-03 4.020E+00 10 6.891E-09 1.000E+02 11 2.201E-05 3.205E+01 12 1.673E-05 1.937E+01 13 2.895E-07 6.323E+01
14 7.076E-04 2.749E+01 15 1.371E-05 4.959E+01 16 2.425E-03 9.052E-01 17 2.651E-06 7.033E+01 18 3.937E-02 2.467E+00
21 3.040E-03 6.236E+00 22 1.113E-03 1.035E+01 24 1.097E-03 6.379E-01 25 6.126E-03 3.539E-01 26 3.361E-03 6.056E-01
27 9.120E-04 1.095E+00
 20  21
 3 5.440E-06 5.412E+01  5 4.099E-05 8.579E+01  6 1.587E-05 4.599E+01  7 3.062E-04 5.510E+00  8 2.791E-04 1.487E+01
 9 4.754E-03 3.308E+00 10 1.379E-06 1.000E+02 11 2.194E-05 3.322E+01 12 1.866E-05 1.896E+01 13 1.550E-06 4.775E+01
14 1.008E-03 2.284E+01 15 3.280E-06 5.255E+01 16 2.384E-03 1.002E+00 17 3.090E-06 6.500E+01 18 2.328E-02 3.220E+00
21 3.997E-03 6.476E+00 22 1.403E-03 9.619E+00 24 1.304E-03 5.844E-01 25 5.718E-03 3.500E-01 26 3.218E-03 6.247E-01
27 9.858E-04 1.029E+00
 21  21
 3 7.714E-07 8.227E+01  5 5.711E-05 8.338E+01  6 2.362E-05 3.677E+01  7 3.206E-04 5.610E+00  8 2.554E-04 1.082E+01
 9 6.941E-03 2.714E+00 10 7.075E-07 1.000E+02 11 3.476E-05 2.967E+01 12 1.659E-05 1.759E+01 13 7.366E-07 4.214E+01
14 1.039E-03 2.062E+01 15 1.446E-05 6.199E+01 16 2.038E-03 9.551E-01 17 1.071E-05 5.600E+01 18 1.209E-02 3.870E+00
21 4.462E-03 6.381E+00 22 1.491E-03 7.368E+00 24 2.846E-03 3.283E-01 25 2.669E-03 5.422E-01 26 2.954E-03 7.380E-01
27 1.481E-03 1.352E+00
 22  22
 1 1.436E-06 1.000E+02  3 1.350E-05 6.184E+01  5 7.632E-05 6.034E+01  6 3.525E-05 3.707E+01  7 3.772E-04 4.204E+00
 8 2.630E-04 8.988E+00  9 7.322E-03 1.885E+00 10 2.262E-07 9.018E+01 11 4.928E-05 2.393E+01 12 1.625E-05 1.520E+01
13 1.906E-06 6.085E+01 14 1.441E-03 1.816E+01 15 2.302E-05 6.508E+01 16 2.013E-03 7.599E-01 17 2.379E-05 4.832E+01
18 1.005E-02 6.560E+00 21 4.881E-03 3.235E+00 22 1.533E-03 7.408E+00 24 3.066E-03 3.753E-01 25 2.262E-03 6.389E-01
26 2.819E-03 6.285E-01 27 1.549E-03 1.526E+00
 23  21
 3 8.201E-06 8.494E+01  5 7.241E-05 8.405E+01  6 5.011E-05 3.850E+01  7 3.866E-04 3.965E+00  8 3.095E-04 8.293E+00
 9 7.799E-03 2.505E+00 10 4.835E-06 7.082E+01 11 2.803E-05 2.628E+01 12 1.450E-05 1.952E+01 13 2.883E-06 6.995E+01
14 1.130E-03 2.259E+01 15 3.122E-05 5.837E+01 16 1.979E-03 1.059E+00 17 2.244E-05 3.862E+01 18 8.299E-03 5.383E+00
21 5.493E-03 3.700E+00 22 1.907E-03 9.587E+00 24 3.220E-03 3.718E-01 25 1.949E-03 6.810E-01 26 2.732E-03 6.624E-01
27 1.637E-03 1.162E+00
 24  22
 3 7.213E-06 6.377E+01  5 1.008E-04 7.482E+01  6 3.255E-05 3.710E+01  7 4.424E-04 3.299E+00  8 3.733E-04 1.337E+01
 9 9.785E-03 2.011E+00 10 2.079E-07 6.936E+01 11 4.074E-05 2.522E+01 12 1.561E-05 1.787E+01 13 2.276E-06 4.937E+01
14 1.532E-03 2.040E+01 15 8.853E-06 5.740E+01 16 1.969E-03 1.240E+00 17 1.707E-05 5.556E+01 18 7.197E-03 5.158E+00
21 6.376E-03 5.955E+00 22 1.938E-03 6.161E+00 23 1.185E-07 7.334E+01 24 3.334E-03 4.070E-01 25 1.729E-03 9.066E-01
26 2.701E-03 1.168E+00 27 1.683E-03 1.388E+00
 25  21
 3 5.459E-06 4.209E+01  5 1.007E-04 4.898E+01  6 2.432E-05 3.158E+01  7 5.193E-04 4.309E+00  8 4.662E-04 8.791E+00
 9 1.058E-02 2.672E+00 10 6.399E-08 1.000E+02 11 4.282E-05 2.132E+01 12 1.922E-05 1.791E+01 13 2.584E-06 3.818E+01
14 1.737E-03 2.867E+01 15 4.331E-05 7.446E+01 16 1.931E-03 6.996E-01 17 3.631E-05 3.783E+01 18 7.337E-03 4.647E+00
21 6.683E-03 5.232E+00 22 1.930E-03 7.843E+00 24 3.443E-03 3.202E-01 25 1.535E-03 7.305E-01 26 2.634E-03 7.485E-01
27 1.718E-03 1.320E+00
 26  21
 3 1.280E-06 6.885E+01  5 8.891E-05 5.175E+01  6 6.318E-05 2.673E+01  7 5.776E-04 4.089E+00  8 5.402E-04 6.700E+00
 9 1.104E-02 2.341E+00 10 1.929E-06 9.460E+01 11 4.088E-05 2.541E+01 12 3.007E-05 1.576E+01 13 4.025E-06 2.894E+01
14 1.367E-03 1.938E+01 15 1.936E-05 4.680E+01 16 1.909E-03 8.998E-01 17 1.241E-05 4.542E+01 18 5.719E-03 6.992E+00
21 7.538E-03 3.908E+00 22 2.761E-03 5.810E+00 24 3.546E-03 3.063E-01 25 1.339E-03 6.840E-01 26 2.590E-03 8.841E-01
27 1.811E-03 1.485E+00
 27  22
 1 2.288E-05 1.000E+02  3 2.719E-06 9.380E+01  5 8.992E-05 5.389E+01  6 6.788E-05 2.519E+01  7 5.383E-04 3.259E+00
 8 5.025E-04 5.484E+00  9 1.105E-02 2.144E+00 10 6.386E-08 6.473E+01 11 4.764E-05 2.320E+01 12 2.217E-05 1.365E+01
13 2.539E-06 5.298E+01 14 2.096E-03 1.613E+01 15 3.205E-05 6.433E+01 16 1.879E-03 1.175E+00 17 1.897E-05 3.813E+01
18 5.535E-03 5.236E+00 21 8.882E-03 3.542E+00 22 2.623E-03 5.940E+00 24 3.599E-03 3.659E-01 25 1.223E-03 8.151E-01
26 2.512E-03 8.048E-01 27 1.796E-03 1.447E+00
 28  22
 1 3.272E-07 1.000E+02  3 7.612E-06 4.615E+01  5 1.801E-04 6.123E+01  6 6.865E-05 3.061E+01  7 6.850E-04 3.467E+00
 8 5.374E-04 8.002E+00  9 1.175E-02 2.155E+00 10 2.068E-06 7.577E+01 11 4.372E-05 2.311E+01 12 3.021E-05 1.196E+01
13 3.587E-06 3.518E+01 14 1.808E-03 1.496E+01 15 1.180E-05 5.331E+01 16 1.876E-03 1.044E+00 17 1.761E-05 4.587E+01
18 4.900E-03 6.406E+00 21 9.362E-03 4.029E+00 22 2.972E-03 6.405E+00 24 3.677E-03 2.660E-01 25 1.079E-03 9.632E-01
26 2.466E-03 6.227E-01 27 1.828E-03 9.864E-01
 29  23
 1 8.440E-07 1.000E+02  3 7.860E-06 9.693E+01  5 6.140E-05 5.473E+01  6 4.017E-05 3.597E+01  7 7.380E-04 3.890E+00
 8 6.179E-04 6.009E+00  9 1.171E-02 2.569E+00 10 2.006E-06 6.328E+01 11 5.609E-05 2.320E+01 12 3.093E-05 1.408E+01
13 1.662E-06 4.144E+01 14 2.267E-03 1.592E+01 15 3.441E-05 3.869E+01 16 1.850E-03 9.773E-01 17 3.104E-05 4.556E+01
18 4.219E-03 8.120E+00 21 1.195E-02 3.414E+00 22 3.364E-03 4.215E+00 23 3.320E-09 1.000E+02 24 3.745E-03 2.958E-01
25 9.583E-04 9.466E-01 26 2.456E-03 7.445E-01 27 1.885E-03 1.272E+00
 30  21
 3 1.091E-05 6.239E+01  5 1.882E-04 4.476E+01  6 4.220E-05 2.543E+01  7 8.702E-04 4.322E+00  8 6.985E-04 7.905E+00
 9 1.073E-02 2.188E+00 10 3.559E-06 8.479E+01 11 6.053E-05 2.057E+01 12 4.053E-05 1.299E+01 13 2.043E-06 5.207E+01
14 2.806E-03 1.487E+01 15 2.170E-05 4.214E+01 16 1.829E-03 9.999E-01 17 2.924E-05 4.378E+01 18 3.639E-03 6.603E+00
21 1.998E-02 3.173E+00 22 3.487E-03 7.453E+00 24 3.794E-03 3.142E-01 25 8.702E-04 9.246E-01 26 2.456E-03 7.002E-01
27 1.916E-03 1.055E+00
 31  22
 1 5.496E-06 1.000E+02  3 6.798E-06 5.194E+01  5 1.121E-04 3.499E+01  6 7.200E-05 2.393E+01  7 8.957E-04 3.324E+00
 8 7.081E-04 4.675E+00  9 9.817E-03 2.214E+00 10 3.851E-06 9.293E+01 11 5.362E-05 2.520E+01 12 4.300E-05 1.155E+01
13 4.568E-06 4.189E+01 14 3.151E-03 1.525E+01 15 2.317E-05 3.989E+01 16 1.842E-03 1.095E+00 17 3.558E-05 6.684E+01
18 3.087E-03 8.106E+00 21 2.481E-02 2.381E+00 22 3.728E-03 4.661E+00 24 3.849E-03 3.009E-01 25 7.878E-04 1.257E+00
26 2.412E-03 6.192E-01 27 1.937E-03 1.002E+00
 32  22
 3 9.545E-06 5.865E+01  5 1.044E-04 6.566E+01  6 6.593E-05 2.494E+01  7 1.032E-03 3.059E+00  8 8.289E-04 5.833E+00
 9 9.485E-03 2.625E+00 10 5.331E-06 5.759E+01 11 6.562E-05 1.638E+01 12 5.563E-05 8.796E+00 13 6.951E-06 3.195E+01
14 3.415E-03 1.165E+01 15 4.111E-05 4.477E+01 16 1.864E-03 1.306E+00 17 1.497E-05 3.051E+01 18 2.998E-03 9.217E+00
21 2.661E-02 3.293E+00 22 4.077E-03 5.258E+00 23 6.461E-09 1.000E+02 24 3.894E-03 3.481E-01 25 7.035E-04 9.826E-01
26 2.400E-03 7.862E-01 27 1.953E-03 1.239E+00
 33  22
 1 7.537E-06 8.383E+01  3 2.760E-06 7.191E+01  5 1.745E-04 9.416E+01  6 5.523E-05 2.352E+01  7 1.127E-03 3.240E+00
 8 9.311E-04 6.214E+00  9 8.811E-03 2.359E+00 10 3.002E-06 6.010E+01 11 7.840E-05 1.523E+01 12 5.384E-05 1.118E+01
13 5.826E-06 3.367E+01 14 3.296E-03 1.102E+01 15 4.913E-05 4.526E+01 16 1.820E-03 1.289E+00 17 5.527E-05 3.209E+01
18 2.426E-03 8.923E+00 21 2.717E-02 3.084E+00 22 4.531E-03 4.969E+00 24 3.931E-03 2.871E-01 25 6.345E-04 1.223E+00
26 2.421E-03 9.240E-01 27 2.009E-03 1.281E+00
 34  22
 1 3.860E-05 6.693E+01  3 5.000E-06 7.949E+01  5 1.286E-04 4.909E+01  6 9.043E-05 2.755E+01  7 1.191E-03 2.477E+00
 8 1.023E-03 5.058E+00  9 9.013E-03 1.701E+00 10 6.127E-06 4.639E+01 11 7.484E-05 2.173E+01 12 5.349E-05 1.165E+01
13 3.073E-06 2.782E+01 14 4.652E-03 1.219E+01 15 4.653E-05 2.703E+01 16 1.847E-03 8.708E-01 17 3.014E-05 2.284E+01
18 2.483E-03 1.037E+01 21 2.733E-02 2.722E+00 22 5.267E-03 5.773E+00 24 3.957E-03 3.151E-01 25 5.687E-04 1.189E+00
26 2.372E-03 7.246E-01 27 2.017E-03 1.036E+00
 35  21
 3 6.797E-06 7.424E+01  5 1.884E-05 6.579E+01  6 5.246E-05 1.703E+01  7 1.291E-03 2.739E+00  8 1.070E-03 4.950E+00
 9 9.134E-03 2.488E+00 10 6.514E-06 5.219E+01 11 7.802E-05 1.694E+01 12 5.029E-05 1.028E+01 13 4.769E-06 3.456E+01
14 4.351E-03 1.242E+01 15 6.515E-05 3.081E+01 16 1.845E-03 1.184E+00 17 4.738E-05 3.342E+01 18 2.155E-03 9.967E+00
21 2.846E-02 2.549E+00 22 5.877E-03 4.975E+00 24 3.998E-03 2.990E-01 25 5.075E-04 1.191E+00 26 2.382E-03 8.144E-01
27 2.034E-03 1.035E+00
 36  23
 1 1.199E-05 1.000E+02  3 2.659E-06 6.967E+01  5 3.280E-04 3.898E+01  6 1.005E-04 2.100E+01  7 1.484E-03 3.692E+00
 8 1.257E-03 3.849E+00  9 8.758E-03 2.560E+00 10 5.015E-06 4.448E+01 11 9.971E-05 1.573E+01 12 7.239E-05 1.252E+01
13 5.551E-06 3.217E+01 14 5.159E-03 8.505E+00 15 6.335E-05 3.024E+01 16 1.832E-03 1.280E+00 17 2.634E-05 3.426E+01
18 2.000E-03 8.168E+00 21 2.814E-02 2.318E+00 22 6.142E-03 3.397E+00 23 3.653E-10 1.000E+02 24 4.030E-03 3.096E-01
25 4.605E-04 1.080E+00 26 2.388E-03 8.442E-01 27 2.087E-03 9.126E-01
 37  23
 1 4.934E-05 4.744E+01  3 6.714E-06 5.335E+01  5 3.249E-04 6.994E+01  6 1.025E-04 1.924E+01  7 1.681E-03 2.174E+00
 8 1.330E-03 4.961E+00  9 8.874E-03 2.281E+00 10 1.947E-05 5.935E+01 11 1.568E-04 1.240E+01 12 7.330E-05 8.771E+00
13 9.162E-06 2.832E+01 14 5.979E-03 1.063E+01 15 4.677E-05 2.371E+01 16 1.797E-03 1.006E+00 17 7.660E-05 2.647E+01
18 1.555E-03 1.106E+01 21 2.852E-02 2.146E+00 22 7.169E-03 5.205E+00 23 4.417E-08 1.000E+02 24 4.049E-03 3.228E-01
25 4.124E-04 1.373E+00 26 2.341E-03 8.858E-01 27 2.055E-03 1.211E+00
 38  23
 1 8.016E-05 5.252E+01  3 3.275E-06 6.572E+01  5 3.043E-04 3.573E+01  6 1.307E-04 1.736E+01  7 1.817E-03 2.628E+00
 8 1.412E-03 4.459E+00  9 8.563E-03 3.014E+00 10 1.404E-05 3.951E+01 11 1.436E-04 1.246E+01 12 7.934E-05 9.525E+00
13 5.554E-06 3.640E+01 14 4.775E-03 8.908E+00 15 3.917E-05 2.939E+01 16 1.814E-03 1.210E+00 17 6.792E-05 2.329E+01
18 1.297E-03 9.744E+00 21 2.880E-02 2.171E+00 22 7.958E-03 3.821E+00 23 1.890E-08 1.000E+02 24 4.072E-03 2.969E-01
25 3.782E-04 1.475E+00 26 2.394E-03 1.234E+00 27 2.112E-03 1.325E+00
 39  22
 1 9.268E-06 7.464E+01  3 9.491E-06 3.562E+01  5 8.412E-05 3.805E+01  6 1.272E-04 1.603E+01  7 2.072E-03 2.214E+00
 8 1.619E-03 3.880E+00  9 8.658E-03 2.523E+00 10 5.889E-06 5.018E+01 11 1.656E-04 1.023E+01 12 8.828E-05 8.374E+00
13 9.009E-06 2.972E+01 14 7.077E-03 7.099E+00 15 8.498E-05 1.856E+01 16 1.837E-03 1.075E+00 17 6.182E-05 1.763E+01
18 1.375E-03 8.569E+00 21 2.692E-02 2.682E+00 22 8.204E-03 3.355E+00 24 4.114E-03 3.362E-01 25 3.294E-04 1.872E+00
26 2.367E-03 7.538E-01 27 2.148E-03 1.091E+00
 40  22
 1 2.082E-06 1.000E+02  3 2.161E-06 5.598E+01  5 1.873E-04 4.729E+01  6 1.912E-04 1.604E+01  7 2.249E-03 1.696E+00
 8 1.871E-03 4.594E+00  9 8.683E-03 1.838E+00 10 1.417E-05 4.202E+01 11 1.982E-04 1.237E+01 12 9.222E-05 7.729E+00
13 9.230E-06 2.345E+01 14 6.316E-03 8.882E+00 15 5.409E-05 3.093E+01 16 1.807E-03 9.308E-01 17 8.505E-05 2.511E+01
18 1.225E-03 1.239E+01 21 2.550E-02 2.976E+00 22 9.153E-03 4.724E+00 24 4.117E-03 3.008E-01 25 2.983E-04 1.981E+00
26 2.410E-03 8.371E-01 27 2.191E-03 1.088E+00
 41  22
 1 9.819E-07 7.192E+01  3 1.092E-05 4.499E+01  5 3.740E-04 3.518E+01  6 1.951E-04 1.108E+01  7 2.533E-03 1.841E+00
 8 2.173E-03 3.708E+00  9 8.659E-03 3.122E+00 10 1.585E-05 3.038E+01 11 2.054E-04 1.017E+01 12 1.089E-04 8.223E+00
13 8.243E-06 2.299E+01 14 8.014E-03 9.641E+00 15 1.090E-04 2.428E+01 16 1.821E-03 9.316E-01 17 7.850E-05 1.923E+01
18 9.541E-04 1.184E+01 21 2.569E-02 2.783E+00 22 1.059E-02 4.790E+00 24 4.138E-03 3.252E-01 25 2.793E-04 1.451E+00
26 2.454E-03 6.189E-01 27 2.231E-03 8.130E-01
 42  22
 1 3.903E-05 6.928E+01  3 4.354E-06 7.605E+01  5 2.150E-04 3.764E+01  6 1.794E-04 1.310E+01  7 2.601E-03 2.212E+00
 8 2.178E-03 2.875E+00  9 9.281E-03 2.338E+00 10 1.653E-05 3.355E+01 11 2.346E-04 1.015E+01 12 1.302E-04 6.055E+00
13 9.641E-06 1.986E+01 14 9.503E-03 9.525E+00 15 7.540E-05 2.032E+01 16 1.781E-03 8.243E-01 17 1.008E-04 1.946E+01
18 1.104E-03 1.133E+01 21 2.504E-02 2.357E+00 22 1.139E-02 3.745E+00 24 4.167E-03 3.943E-01 25 2.465E-04 1.906E+00
26 2.439E-03 8.599E-01 27 2.230E-03 1.258E+00
 43  23
 1 1.043E-05 6.883E+01  3 1.081E-05 4.286E+01  5 6.016E-04 2.672E+01  6 1.906E-04 1.722E+01  7 2.987E-03 2.077E+00
 8 2.400E-03 3.178E+00  9 8.641E-03 2.211E+00 10 1.357E-05 3.227E+01 11 2.370E-04 1.151E+01 12 1.292E-04 4.408E+00
13 6.267E-06 2.695E+01 14 9.679E-03 1.016E+01 15 1.074E-04 2.409E+01 16 1.813E-03 9.250E-01 17 9.903E-05 1.942E+01
18 7.691E-04 1.077E+01 21 2.091E-02 3.735E+00 22 1.351E-02 2.535E+00 23 5.967E-08 1.000E+02 24 4.203E-03 3.393E-01
25 2.241E-04 2.569E+00 26 2.496E-03 6.833E-01 27 2.298E-03 1.023E+00
 44  24
 1 1.358E-04 5.468E+01  3 5.040E-06 3.971E+01  5 4.511E-04 2.818E+01  6 2.402E-04 1.127E+01  7 3.242E-03 1.448E+00
 8 2.813E-03 2.741E+00  9 8.617E-03 1.842E+00 10 1.712E-05 3.836E+01 11 2.837E-04 9.852E+00 12 1.330E-04 5.592E+00
13 1.199E-05 1.571E+01 14 1.015E-02 8.063E+00 15 1.100E-04 1.919E+01 16 1.782E-03 1.047E+00 17 7.376E-05 2.631E+01
18 8.268E-04 1.118E+01 20 5.231E-07 1.000E+02 21 1.083E-02 2.890E+00 22 1.467E-02 2.951E+00 23 1.262E-06 5.184E+01
24 4.183E-03 3.128E-01 25 2.039E-04 2.103E+00 26 2.535E-03 6.057E-01 27 2.371E-03 5.904E-01
 45  23
 1 1.584E-04 6.432E+01  3 4.838E-06 4.657E+01  5 6.291E-04 2.074E+01  6 2.298E-04 1.163E+01  7 3.596E-03 1.993E+00
 8 3.074E-03 3.443E+00  9 8.917E-03 2.185E+00 10 2.010E-05 3.243E+01 11 2.555E-04 9.310E+00 12 1.613E-04 6.694E+00
13 9.576E-06 2.209E+01 14 1.279E-02 7.165E+00 15 1.264E-04 1.833E+01 16 1.804E-03 1.124E+00 17 1.374E-04 1.735E+01
18 8.190E-04 1.074E+01 21 9.793E-03 2.901E+00 22 1.699E-02 2.916E+00 23 1.050E-06 6.326E+01 24 4.197E-03 3.333E-01
25 1.839E-04 1.697E+00 26 2.551E-03 7.591E-01 27 2.397E-03 9.381E-01
 46  23
 1 3.109E-05 6.100E+01  3 1.702E-05 3.459E+01  5 4.307E-04 2.811E+01  6 2.441E-04 1.040E+01  7 4.068E-03 1.917E+00
 8 3.571E-03 3.111E+00  9 8.602E-03 2.332E+00 10 1.601E-05 2.822E+01 11 2.819E-04 8.860E+00 12 1.735E-04 6.072E+00
13 9.479E-06 1.663E+01 14 1.345E-02 8.544E+00 15 1.533E-04 1.800E+01 16 1.806E-03 1.294E+00 17 1.485E-04 1.862E+01
18 7.842E-04 1.746E+01 19 1.826E-06 1.000E+02 21 9.112E-03 3.967E+00 22 2.745E-02 2.274E+00 24 4.231E-03 3.397E-01
25 1.681E-04 1.831E+00 26 2.593E-03 6.460E-01 27 2.449E-03 8.971E-01
 47  24
 1 3.574E-05 5.855E+01  3 1.623E-05 3.215E+01  5 4.828E-04 2.675E+01  6 2.851E-04 8.792E+00  7 4.457E-03 1.383E+00
 8 3.708E-03 2.883E+00  9 8.561E-03 2.690E+00 10 3.697E-05 3.128E+01 11 2.984E-04 8.413E+00 12 1.748E-04 5.189E+00
13 1.481E-05 2.346E+01 14 1.762E-02 7.902E+00 15 1.712E-04 1.901E+01 16 1.803E-03 9.351E-01 17 1.662E-04 1.597E+01
18 6.761E-04 1.706E+01 20 2.114E-05 1.000E+02 21 7.418E-03 4.475E+00 22 3.755E-02 1.881E+00 23 1.365E-07 9.019E+01
24 4.229E-03 3.481E-01 25 1.460E-04 2.815E+00 26 2.635E-03 5.674E-01 27 2.532E-03 7.941E-01
 48  24
 1 2.692E-04 3.837E+01  3 2.245E-06 5.689E+01  5 5.100E-04 2.847E+01  6 3.963E-04 1.029E+01  7 4.922E-03 1.495E+00
 8 4.377E-03 3.229E+00  9 8.798E-03 1.978E+00 10 2.016E-05 2.877E+01 11 3.909E-04 1.115E+01 12 1.884E-04 6.409E+00
13 1.659E-05 2.031E+01 14 2.996E-02 4.990E+00 15 1.995E-04 1.853E+01 16 1.763E-03 1.265E+00 17 1.986E-04 1.334E+01
18 6.164E-04 1.334E+01 19 9.055E-06 1.000E+02 21 7.419E-03 6.036E+00 22 4.469E-02 2.386E+00 23 6.118E-08 7.518E+01
24 4.267E-03 3.378E-01 25 1.385E-04 2.431E+00 26 2.778E-03 7.661E-01 27 2.726E-03 7.733E-01
 49  24
 1 8.208E-05 5.262E+01  2 1.826E-07 7.237E+01  3 2.194E-05 3.248E+01  5 4.686E-04 2.814E+01  6 3.452E-04 9.355E+00
 7 5.325E-03 1.688E+00  8 5.156E-03 2.529E+00  9 8.614E-03 1.977E+00 10 1.855E-05 2.615E+01 11 3.380E-04 8.471E+00
12 2.268E-04 6.238E+00 13 1.599E-05 1.677E+01 14 3.201E-02 6.481E+00 15 2.353E-04 1.437E+01 16 1.747E-03 1.253E+00
17 1.958E-04 1.610E+01 18 6.813E-04 1.747E+01 21 5.569E-03 4.240E+00 22 4.265E-02 2.369E+00 23 7.598E-07 9.443E+01
24 4.309E-03 3.420E-01 25 1.195E-04 2.710E+00 26 3.557E-03 7.050E-01 27 4.027E-03 9.594E-01
 50  24
 1 1.711E-04 4.890E+01  2 1.165E-06 1.000E+02  3 2.079E-05 2.979E+01  5 5.078E-04 2.401E+01  6 4.390E-04 8.506E+00
 7 5.810E-03 1.476E+00  8 7.445E-03 2.678E+00  9 8.111E-03 3.352E+00 10 1.747E-05 2.352E+01 11 4.374E-04 6.737E+00
12 2.743E-04 3.727E+00 13 2.080E-05 1.903E+01 14 3.392E-02 5.440E+00 15 2.225E-04 1.772E+01 16 1.734E-03 1.250E+00
17 1.963E-04 1.586E+01 18 3.434E-04 2.224E+01 21 5.213E-03 5.180E+00 22 3.763E-02 2.182E+00 23 7.564E-07 6.524E+01
24 4.302E-03 3.076E-01 25 1.071E-04 2.308E+00 26 3.692E-03 5.591E-01 27 4.210E-03 8.312E-01
 51  23
 1 1.111E-04 5.220E+01  3 1.837E-05 2.689E+01  5 8.808E-04 2.112E+01  6 4.180E-04 1.110E+01  7 6.452E-03 1.679E+00
 8 8.505E-03 1.881E+00  9 8.069E-03 2.511E+00 10 3.813E-05 1.695E+01 11 4.765E-04 7.156E+00 12 2.770E-04 4.488E+00
13 1.854E-05 1.623E+01 14 2.901E-02 4.799E+00 15 2.112E-04 1.504E+01 16 1.773E-03 1.351E+00 17 1.716E-04 1.809E+01
18 1.895E-04 2.860E+01 21 4.695E-03 4.818E+00 22 2.595E-02 2.805E+00 23 1.068E-07 7.314E+01 24 4.317E-03 3.494E-01
25 9.501E-05 2.926E+00 26 3.726E-03 7.216E-01 27 4.273E-03 9.038E-01
 52  24
 1 8.465E-05 4.456E+01  3 2.635E-05 3.063E+01  5 1.001E-03 2.439E+01  6 4.561E-04 7.652E+00  7 7.245E-03 1.376E+00
 8 8.391E-03 1.616E+00  9 7.979E-03 2.322E+00 10 5.954E-05 2.210E+01 11 5.037E-04 7.050E+00 12 3.175E-04 5.189E+00
13 2.516E-05 1.617E+01 14 2.816E-02 4.682E+00 15 3.198E-04 1.676E+01 16 1.739E-03 1.129E+00 17 2.358E-04 1.401E+01
18 5.224E-04 2.253E+01 19 3.334E-06 1.000E+02 21 4.478E-03 3.181E+00 22 1.608E-02 3.470E+00 23 1.233E-07 9.746E+01
24 4.326E-03 2.782E-01 25 8.706E-05 2.698E+00 26 3.788E-03 8.459E-01 27 4.391E-03 1.044E+00
 53  24
 1 1.702E-04 3.585E+01  3 1.673E-05 3.099E+01  5 1.084E-03 1.851E+01  6 6.557E-04 9.986E+00  7 8.167E-03 9.834E-01
 8 9.246E-03 2.377E+00  9 7.769E-03 1.971E+00 10 3.847E-05 2.009E+01 11 5.993E-04 5.735E+00 12 3.408E-04 3.549E+00
13 2.639E-05 1.142E+01 14 2.850E-02 5.613E+00 15 3.141E-04 2.080E+01 16 1.745E-03 1.371E+00 17 3.146E-04 1.165E+01
18 4.570E-04 1.567E+01 19 9.760E-06 1.000E+02 21 4.241E-03 5.793E+00 22 1.333E-02 2.478E+00 23 2.663E-07 7.589E+01
24 4.374E-03 3.624E-01 25 8.262E-05 2.884E+00 26 3.845E-03 6.140E-01 27 4.402E-03 7.676E-01
 54  23
 1 2.053E-04 4.215E+01  3 3.348E-05 2.675E+01  5 8.450E-04 1.500E+01  6 5.545E-04 7.375E+00  7 9.234E-03 9.007E-01
 8 9.637E-03 1.210E+00  9 7.790E-03 3.183E+00 10 4.942E-05 1.734E+01 11 6.009E-04 6.542E+00 12 3.629E-04 4.737E+00
13 3.093E-05 1.232E+01 14 1.640E-02 7.644E+00 15 3.288E-04 1.528E+01 16 1.752E-03 9.269E-01 17 2.824E-04 1.003E+01
18 2.830E-04 2.767E+01 21 3.723E-03 6.137E+00 22 1.209E-02 2.875E+00 23 2.814E-07 7.273E+01 24 4.341E-03 2.809E-01
25 7.041E-05 3.978E+00 26 3.833E-03 5.075E-01 27 4.407E-03 6.961E-01
 55  24
 1 1.234E-04 4.449E+01  3 1.802E-05 3.950E+01  5 1.122E-03 1.620E+01  6 6.125E-04 7.998E+00  7 1.545E-02 8.817E-01
 8 1.003E-02 2.175E+00  9 8.055E-03 2.208E+00 10 3.839E-05 2.199E+01 11 7.753E-04 5.616E+00 12 4.105E-04 5.182E+00
13 4.097E-05 1.088E+01 14 1.276E-02 8.467E+00 15 4.149E-04 1.395E+01 16 1.742E-03 1.143E+00 17 2.976E-04 9.412E+00
18 3.241E-04 2.711E+01 19 2.695E-06 9.661E+01 21 3.246E-03 6.631E+00 22 1.100E-02 3.184E+00 23 4.884E-07 7.281E+01
24 4.353E-03 3.472E-01 25 6.351E-05 2.841E+00 26 3.847E-03 7.629E-01 27 4.388E-03 9.594E-01
 56  24
 1 3.393E-04 4.791E+01  3 3.033E-05 2.713E+01  5 2.296E-03 9.135E+00  6 7.290E-04 6.531E+00  7 1.691E-02 9.026E-01
 8 1.022E-02 1.791E+00  9 8.083E-03 2.956E+00 10 4.537E-05 1.714E+01 11 8.099E-04 4.247E+00 12 4.931E-04 3.713E+00
13 3.924E-05 1.250E+01 14 1.200E-02 9.734E+00 15 4.733E-04 1.009E+01 16 1.754E-03 9.109E-01 17 4.708E-04 9.528E+00
18 2.578E-04 2.211E+01 19 6.059E-05 7.968E+01 21 3.095E-03 5.834E+00 22 1.007E-02 4.003E+00 23 1.523E-07 5.467E+01
24 4.376E-03 2.902E-01 25 6.045E-05 3.739E+00 26 3.898E-03 7.722E-01 27 4.433E-03 1.048E+00
 57  24
 1 1.461E-04 3.199E+01  3 1.919E-05 3.619E+01  5 1.272E-03 1.562E+01  6 8.309E-04 6.099E+00  7 1.715E-02 1.001E+00
 8 1.056E-02 1.823E+00  9 7.564E-03 2.323E+00 10 3.926E-05 2.497E+01 11 9.041E-04 5.086E+00 12 5.012E-04 3.664E+00
13 3.981E-05 1.174E+01 14 1.171E-02 8.310E+00 15 4.115E-04 7.936E+00 16 1.772E-03 1.088E+00 17 3.947E-04 9.611E+00
18 2.730E-04 2.419E+01 19 2.690E-05 7.130E+01 21 2.810E-03 5.019E+00 22 9.332E-03 3.615E+00 23 7.524E-07 5.574E+01
24 4.343E-03 3.185E-01 25 5.264E-05 3.136E+00 26 3.874E-03 5.696E-01 27 4.414E-03 8.469E-01
 58  25
 1 2.578E-04 3.645E+01  2 2.977E-07 1.000E+02  3 2.088E-05 2.647E+01  5 1.525E-03 1.591E+01  6 9.097E-04 6.024E+00
 7 1.780E-02 8.072E-01  8 1.100E-02 1.720E+00  9 7.756E-03 2.064E+00 10 5.291E-05 1.645E+01 11 9.222E-04 4.483E+00
12 6.056E-04 2.776E+00 13 4.393E-05 1.035E+01 14 9.199E-03 8.009E+00 15 4.903E-04 1.180E+01 16 1.744E-03 1.352E+00
17 4.454E-04 8.197E+00 18 1.682E-04 2.770E+01 19 7.106E-06 1.000E+02 21 2.441E-03 7.181E+00 22 8.608E-03 6.107E+00
23 1.048E-06 6.642E+01 24 4.370E-03 3.221E-01 25 4.772E-05 4.251E+00 26 3.890E-03 6.067E-01 27 4.415E-03 7.733E-01
 59  25
 1 1.544E-04 4.242E+01  2 3.635E-08 1.000E+02  3 2.525E-05 3.422E+01  5 2.031E-03 1.203E+01  6 9.622E-04 5.909E+00
 7 1.840E-02 1.006E+00  8 1.121E-02 1.488E+00  9 7.585E-03 2.950E+00 10 5.691E-05 1.841E+01 11 1.178E-03 4.959E+00
12 6.425E-04 3.745E+00 13 5.395E-05 1.294E+01 14 7.938E-03 9.895E+00 15 6.658E-04 1.272E+01 16 1.747E-03 6.848E-01
17 5.248E-04 1.058E+01 18 1.676E-04 2.958E+01 19 5.774E-06 9.544E+01 21 2.051E-03 7.428E+00 22 7.403E-03 3.729E+00
23 3.229E-07 5.880E+01 24 4.374E-03 3.454E-01 25 4.379E-05 5.815E+00 26 3.842E-03 8.000E-01 27 4.329E-03 1.015E+00
 60  26
 1 3.453E-04 3.058E+01  2 1.217E-07 1.000E+02  3 4.866E-05 2.047E+01  5 1.831E-03 1.516E+01  6 1.025E-03 6.236E+00
 7 1.853E-02 7.724E-01  8 1.142E-02 1.416E+00  9 7.162E-03 3.017E+00 10 7.300E-05 1.483E+01 11 1.319E-03 5.262E+00
12 7.170E-04 2.895E+00 13 5.525E-05 9.837E+00 14 7.510E-03 8.953E+00 15 6.849E-04 1.034E+01 16 1.724E-03 1.134E+00
17 5.565E-04 8.225E+00 18 3.425E-04 3.234E+01 19 2.533E-05 9.924E+01 20 1.343E-06 1.000E+02 21 1.877E-03 7.414E+00
22 6.610E-03 4.302E+00 23 7.542E-07 4.185E+01 24 4.360E-03 2.813E-01 25 3.961E-05 5.123E+00 26 3.820E-03 6.875E-01
27 4.301E-03 9.891E-01
 61  24
 1 5.620E-04 2.457E+01  3 2.624E-05 2.514E+01  5 2.576E-03 1.340E+01  6 1.233E-03 4.609E+00  7 1.911E-02 8.317E-01
 8 1.188E-02 1.961E+00  9 7.442E-03 2.133E+00 10 7.632E-05 1.178E+01 11 1.383E-03 3.523E+00 12 7.425E-04 2.698E+00
13 6.622E-05 1.092E+01 14 7.401E-03 9.199E+00 15 7.109E-04 1.045E+01 16 1.736E-03 1.452E+00 17 5.828E-04 9.111E+00
18 1.618E-04 2.802E+01 19 4.674E-05 8.725E+01 21 1.729E-03 7.977E+00 22 5.472E-03 5.733E+00 23 3.208E-07 5.879E+01
24 4.362E-03 2.792E-01 25 3.548E-05 4.695E+00 26 3.793E-03 5.887E-01 27 4.236E-03 8.748E-01
 62  25
 1 4.642E-04 1.896E+01  3 4.663E-05 2.431E+01  5 2.649E-03 1.387E+01  6 1.436E-03 6.201E+00  7 1.956E-02 1.047E+00
 8 1.248E-02 1.338E+00  9 7.525E-03 3.052E+00 10 8.146E-05 2.099E+01 11 1.551E-03 5.511E+00 12 8.897E-04 2.835E+00
13 8.154E-05 7.739E+00 14 5.642E-03 1.132E+01 15 7.796E-04 9.893E+00 16 1.772E-03 1.399E+00 17 7.865E-04 8.637E+00
18 1.065E-04 2.721E+01 19 3.475E-05 7.055E+01 20 3.257E-06 1.000E+02 21 1.481E-03 6.166E+00 22 5.268E-03 5.465E+00
23 9.392E-07 8.558E+01 24 4.389E-03 3.258E-01 25 3.380E-05 2.992E+00 26 3.749E-03 6.579E-01 27 4.190E-03 7.650E-01
 63  25
 1 3.289E-04 3.056E+01  2 1.006E-07 1.000E+02  3 3.986E-05 2.274E+01  5 2.410E-03 1.203E+01  6 1.462E-03 4.905E+00
 7 1.915E-02 8.386E-01  8 1.255E-02 2.220E+00  9 7.202E-03 2.984E+00 10 1.341E-04 1.819E+01 11 1.864E-03 3.059E+00
12 9.636E-04 3.039E+00 13 7.185E-05 6.555E+00 14 5.811E-03 1.383E+01 15 7.779E-04 8.225E+00 16 1.761E-03 1.155E+00
17 7.581E-04 7.367E+00 18 1.213E-04 3.443E+01 19 4.555E-05 7.076E+01 21 1.639E-03 9.466E+00 22 4.576E-03 5.902E+00
23 3.116E-07 6.461E+01 24 4.346E-03 3.791E-01 25 2.928E-05 5.680E+00 26 3.670E-03 6.996E-01 27 4.041E-03 8.197E-01
 64  25
 1 4.258E-04 2.744E+01  2 1.922E-07 1.000E+02  3 3.783E-05 2.711E+01  5 2.817E-03 1.108E+01  6 1.661E-03 5.192E+00
 7 1.922E-02 1.028E+00  8 1.284E-02 1.225E+00  9 7.012E-03 2.786E+00 10 1.106E-04 1.656E+01 11 1.921E-03 2.307E+00
12 1.094E-03 2.407E+00 13 7.384E-05 9.466E+00 14 5.354E-03 1.567E+01 15 8.165E-04 8.541E+00 16 1.731E-03 8.920E-01
17 7.357E-04 7.784E+00 18 1.185E-04 2.801E+01 19 1.429E-05 9.858E+01 21 1.275E-03 8.897E+00 22 4.297E-03 5.481E+00
23 9.358E-07 3.265E+01 24 4.347E-03 3.706E-01 25 2.904E-05 4.807E+00 26 3.564E-03 7.533E-01 27 3.921E-03 9.895E-01
 65  24
 1 4.519E-04 2.213E+01  3 5.734E-05 2.123E+01  5 4.148E-03 1.238E+01  6 1.983E-03 4.412E+00  7 1.974E-02 1.165E+00
 8 1.424E-02 1.770E+00  9 7.021E-03 2.316E+00 10 1.480E-04 9.727E+00 11 2.200E-03 3.870E+00 12 1.247E-03 2.005E+00
13 1.118E-04 9.315E+00 14 4.432E-03 1.186E+01 15 1.298E-03 8.588E+00 16 1.765E-03 1.207E+00 17 8.612E-04 6.983E+00
18 4.249E-05 3.460E+01 19 1.271E-05 8.215E+01 21 1.005E-03 1.082E+01 22 4.133E-03 4.558E+00 23 1.389E-06 3.361E+01
24 4.324E-03 3.242E-01 25 2.496E-05 5.491E+00 26 2.816E-03 5.460E-01 27 2.498E-03 9.917E-01
 66  24
 1 6.240E-04 2.533E+01  2 5.573E-07 1.000E+02  3 3.437E-05 1.949E+01  5 3.738E-03 8.957E+00  6 2.117E-03 3.593E+00
 7 1.970E-02 8.138E-01  8 1.456E-02 1.206E+00  9 6.818E-03 2.622E+00 10 1.013E-04 1.311E+01 11 2.387E-03 3.122E+00
12 1.374E-03 1.752E+00 13 1.010E-04 7.403E+00 14 3.600E-03 1.119E+01 15 1.166E-03 8.221E+00 16 1.800E-03 1.078E+00
17 9.867E-04 6.007E+00 18 1.465E-04 3.072E+01 21 1.014E-03 1.164E+01 22 3.390E-03 4.458E+00 23 6.551E-07 4.334E+01
24 4.331E-03 2.736E-01 25 2.362E-05 5.679E+00 26 2.709E-03 8.202E-01 27 2.326E-03 1.054E+00
 67  25
 1 4.666E-04 2.281E+01  2 1.985E-07 1.000E+02  3 5.608E-05 1.573E+01  5 3.982E-03 8.985E+00  6 2.427E-03 4.049E+00
 7 1.938E-02 7.794E-01  8 1.553E-02 1.166E+00  9 6.520E-03 2.711E+00 10 1.505E-04 1.225E+01 11 2.871E-03 3.027E+00
12 1.457E-03 1.778E+00 13 1.010E-04 8.059E+00 14 3.344E-03 1.857E+01 15 1.196E-03 7.628E+00 16 1.775E-03 9.177E-01
17 1.251E-03 6.753E+00 18 6.591E-05 5.043E+01 19 3.853E-05 7.479E+01 21 1.089E-03 1.352E+01 22 3.492E-03 6.977E+00
23 5.779E-07 7.370E+01 24 4.318E-03 3.030E-01 25 2.040E-05 7.185E+00 26 2.636E-03 6.949E-01 27 2.224E-03 1.055E+00
 68  24
 1 5.087E-04 1.885E+01  3 4.258E-05 2.061E+01  5 4.592E-03 7.597E+00  6 2.629E-03 4.431E+00  7 1.854E-02 6.813E-01
 8 1.592E-02 1.510E+00  9 6.004E-03 2.969E+00 10 1.729E-04 9.325E+00 11 2.893E-03 3.368E+00 12 1.695E-03 1.622E+00
13 1.313E-04 4.862E+00 14 3.205E-03 1.424E+01 15 1.246E-03 7.485E+00 16 1.771E-03 9.998E-01 17 1.415E-03 7.827E+00
18 5.160E-05 3.276E+01 19 4.939E-05 3.962E+01 21 8.603E-04 1.015E+01 22 3.188E-03 8.477E+00 23 9.611E-07 4.808E+01
24 4.301E-03 3.168E-01 25 1.941E-05 5.341E+00 26 2.623E-03 6.592E-01 27 2.141E-03 1.007E+00
 69  26
 1 5.577E-04 2.144E+01  2 2.990E-07 1.000E+02  3 4.204E-05 2.883E+01  5 5.662E-03 1.015E+01  6 3.026E-03 3.130E+00
 7 1.719E-02 1.044E+00  8 2.703E-02 1.458E+00  9 3.539E-03 3.176E+00 10 1.900E-04 9.625E+00 11 3.493E-03 2.421E+00
12 1.971E-03 1.556E+00 13 1.343E-04 8.112E+00 14 4.286E-03 1.221E+01 15 1.505E-03 6.036E+00 16 1.747E-03 1.053E+00
17 1.270E-03 6.444E+00 18 5.622E-05 4.055E+01 19 1.652E-05 7.918E+01 20 5.800E-06 1.000E+02 21 8.237E-04 9.850E+00
22 2.864E-03 7.395E+00 23 3.049E-06 4.534E+01 24 4.311E-03 3.332E-01 25 1.686E-05 4.608E+00 26 2.544E-03 7.395E-01
27 2.054E-03 9.395E-01
 70  25
 1 5.540E-04 1.592E+01  2 2.407E-07 1.000E+02  3 6.721E-05 1.737E+01  5 6.169E-03 1.003E+01  6 3.195E-03 3.260E+00
 7 1.449E-02 1.107E+00  8 2.521E-02 1.404E+00  9 3.411E-03 4.431E+00 10 2.165E-04 1.015E+01 11 3.782E-03 2.148E+00
12 2.043E-03 1.635E+00 13 1.513E-04 7.141E+00 14 2.737E-03 1.445E+01 15 1.691E-03 6.197E+00 16 1.750E-03 1.244E+00
17 1.725E-03 4.182E+00 18 6.610E-05 4.151E+01 19 3.404E-05 5.187E+01 21 8.270E-04 8.995E+00 22 2.969E-03 4.347E+00
23 1.378E-06 4.086E+01 24 4.298E-03 2.928E-01 25 1.527E-05 6.358E+00 26 2.488E-03 8.191E-01 27 1.983E-03 1.277E+00
 71  23
 1 7.943E-04 1.419E+01  3 7.159E-05 1.400E+01  5 7.041E-03 9.755E+00  6 3.718E-03 3.205E+00  7 1.303E-02 1.265E+00
 8 2.082E-02 1.472E+00  9 2.887E-03 3.647E+00 10 2.098E-04 1.281E+01 11 4.391E-03 3.206E+00 12 2.329E-03 1.391E+00
13 1.736E-04 6.587E+00 14 2.835E-03 1.753E+01 15 1.826E-03 4.763E+00 16 1.787E-03 1.155E+00 17 1.758E-03 3.635E+00
18 8.169E-06 6.308E+01 21 6.291E-04 1.316E+01 22 2.160E-03 6.912E+00 23 2.562E-06 3.067E+01 24 4.281E-03 3.108E-01
25 1.553E-05 6.440E+00 26 2.457E-03 7.384E-01 27 1.906E-03 1.203E+00
 72  24
 1 8.720E-04 1.629E+01  3 6.496E-05 1.794E+01  5 8.509E-03 5.100E+00  6 3.971E-03 2.622E+00  7 1.245E-02 9.832E-01
 8 2.076E-02 1.651E+00  9 2.408E-03 4.015E+00 10 2.753E-04 1.015E+01 11 5.038E-03 2.972E+00 12 2.672E-03 1.678E+00
13 1.678E-04 6.171E+00 14 2.552E-03 1.775E+01 15 2.126E-03 4.702E+00 16 1.744E-03 1.421E+00 17 2.151E-03 4.496E+00
18 2.304E-07 8.017E+01 19 5.001E-05 5.418E+01 21 6.256E-04 1.322E+01 22 2.184E-03 8.346E+00 23 1.276E-06 3.251E+01
24 4.301E-03 2.969E-01 25 1.169E-05 7.633E+00 26 2.467E-03 9.896E-01 27 1.913E-03 1.365E+00
 73  25
 1 1.091E-03 2.016E+01  3 8.438E-05 1.760E+01  5 8.975E-03 9.292E+00  6 4.406E-03 2.988E+00  7 1.246E-02 1.171E+00
 8 2.419E-02 1.729E+00  9 2.178E-03 3.506E+00 10 3.095E-04 1.047E+01 11 5.755E-03 2.444E+00 12 2.992E-03 1.163E+00
13 1.895E-04 6.593E+00 14 2.647E-03 1.636E+01 15 2.297E-03 4.927E+00 16 1.765E-03 1.009E+00 17 2.279E-03 4.575E+00
18 6.445E-05 3.868E+01 19 9.056E-05 3.248E+01 20 1.499E-07 1.000E+02 21 6.471E-04 1.507E+01 22 1.946E-03 6.852E+00
23 1.431E-06 4.436E+01 24 4.310E-03 3.006E-01 25 1.141E-05 8.247E+00 26 2.475E-03 8.639E-01 27 1.891E-03 1.191E+00
 74  26
 1 1.583E-03 1.770E+01  2 2.444E-07 1.000E+02  3 8.836E-05 1.457E+01  5 9.606E-03 9.206E+00  6 5.107E-03 2.804E+00
 7 1.312E-02 8.606E-01  8 2.529E-02 1.305E+00  9 1.901E-03 4.016E+00 10 3.243E-04 7.748E+00 11 6.304E-03 2.847E+00
12 3.496E-03 1.145E+00 13 2.176E-04 3.848E+00 14 1.621E-03 1.839E+01 15 2.528E-03 5.480E+00 16 1.753E-03 8.474E-01
17 2.506E-03 2.967E+00 18 4.549E-05 4.604E+01 19 3.144E-05 8.676E+01 20 4.667E-05 1.000E+02 21 5.444E-04 1.234E+01
22 1.627E-03 5.471E+00 23 2.372E-06 3.756E+01 24 4.293E-03 3.012E-01 25 9.024E-06 9.140E+00 26 2.470E-03 8.737E-01
27 1.859E-03 1.268E+00
 75  24
 1 1.301E-03 1.454E+01  3 1.031E-04 1.541E+01  5 8.891E-03 7.077E+00  6 6.869E-03 3.170E+00  7 7.830E-03 1.136E+00
 8 1.171E-02 1.402E+00  9 1.711E-03 4.590E+00 10 3.391E-04 1.074E+01 11 8.490E-03 1.557E+00 12 5.163E-03 1.275E+00
13 2.346E-04 3.494E+00 14 2.042E-03 1.679E+01 15 2.802E-03 6.138E+00 16 1.744E-03 8.944E-01 17 2.864E-03 3.874E+00
18 5.832E-05 5.460E+01 19 1.720E-05 5.365E+01 21 4.017E-04 1.471E+01 22 1.586E-03 9.006E+00 23 2.279E-06 2.844E+01
24 4.296E-03 2.927E-01 25 9.423E-06 8.538E+00 26 2.423E-03 7.540E-01 27 1.798E-03 1.443E+00
 76  26
 1 1.439E-03 1.443E+01  2 1.223E-08 1.000E+02  3 1.140E-04 1.153E+01  5 1.314E-02 8.673E+00  6 8.704E-03 2.932E+00
 7 6.906E-03 1.276E+00  8 9.998E-03 1.752E+00  9 1.554E-03 4.059E+00 10 3.473E-04 8.240E+00 11 1.186E-02 1.507E+00
12 5.850E-03 1.363E+00 13 2.575E-04 3.982E+00 14 1.690E-03 1.758E+01 15 2.922E-03 5.896E+00 16 1.744E-03 9.911E-01
17 3.030E-03 4.536E+00 18 2.726E-05 5.658E+01 19 1.160E-04 4.524E+01 20 2.734E-07 1.000E+02 21 5.446E-04 2.047E+01
22 1.300E-03 8.159E+00 23 3.335E-06 2.402E+01 24 4.284E-03 3.342E-01 25 7.869E-06 7.683E+00 26 2.429E-03 6.720E-01
27 1.788E-03 1.238E+00
 77  24
 1 1.561E-03 1.285E+01  2 2.124E-07 8.411E+01  3 1.199E-04 1.083E+01  5 2.171E-02 6.166E+00  6 1.030E-02 3.149E+00
 7 6.173E-03 1.379E+00  8 8.491E-03 1.791E+00  9 1.329E-03 5.369E+00 10 3.706E-04 8.034E+00 11 1.498E-02 1.513E+00
12 6.376E-03 8.162E-01 13 2.960E-04 3.675E+00 14 1.107E-03 1.670E+01 15 3.518E-03 5.603E+00 16 1.759E-03 1.503E+00
17 3.315E-03 4.669E+00 19 8.054E-06 6.531E+01 21 3.546E-04 1.622E+01 22 1.139E-03 9.495E+00 23 3.566E-06 3.431E+01
24 4.291E-03 2.809E-01 25 7.450E-06 1.024E+01 26 2.442E-03 6.380E-01 27 1.773E-03 1.149E+00
 78  26
 1 1.809E-03 1.209E+01  2 5.011E-07 8.955E+01  3 1.101E-04 1.900E+01  5 2.274E-02 6.805E+00  6 1.117E-02 2.079E+00
 7 5.732E-03 1.293E+00  8 7.741E-03 2.419E+00  9 1.285E-03 5.796E+00 10 4.553E-04 6.327E+00 11 1.741E-02 1.323E+00
12 7.116E-03 1.011E+00 13 3.335E-04 4.091E+00 14 1.006E-03 2.176E+01 15 3.769E-03 4.143E+00 16 1.768E-03 9.934E-01
17 4.071E-03 3.587E+00 18 6.319E-05 3.989E+01 19 5.718E-05 5.180E+01 20 4.050E-06 1.000E+02 21 3.954E-04 1.173E+01
22 1.085E-03 1.158E+01 23 3.655E-06 2.645E+01 24 4.324E-03 3.259E-01 25 7.725E-06 8.713E+00 26 2.464E-03 8.277E-01
27 1.743E-03 1.590E+00
 79  25
 1 2.196E-03 1.780E+01  2 1.029E-06 8.955E+01  3 1.295E-04 1.082E+01  5 2.491E-02 5.487E+00  6 1.158E-02 2.214E+00
 7 4.957E-03 1.840E+00  8 6.603E-03 1.996E+00  9 1.139E-03 4.953E+00 10 4.441E-04 7.673E+00 11 1.963E-02 1.221E+00
12 7.571E-03 8.899E-01 13 3.428E-04 4.579E+00 14 9.209E-04 2.252E+01 15 4.283E-03 3.049E+00 16 1.772E-03 1.191E+00
17 4.496E-03 3.412E+00 18 7.145E-06 8.590E+01 19 7.109E-05 7.384E+01 21 3.258E-04 1.443E+01 22 9.426E-04 1.067E+01
23 5.196E-06 2.576E+01 24 4.290E-03 3.420E-01 25 6.037E-06 1.062E+01 26 2.413E-03 7.225E-01 27 1.695E-03 1.164E+00
 80  26
 1 2.339E-03 1.299E+01  2 5.644E-07 1.000E+02  3 1.390E-04 1.007E+01  5 2.411E-02 5.201E+00  6 1.323E-02 1.759E+00
 7 4.481E-03 1.727E+00  8 6.232E-03 2.255E+00  9 1.006E-03 5.259E+00 10 5.542E-04 7.240E+00 11 2.235E-02 1.252E+00
12 8.324E-03 8.202E-01 13 3.880E-04 3.403E+00 14 1.101E-03 2.287E+01 15 4.510E-03 4.270E+00 16 1.724E-03 1.112E+00
17 4.814E-03 2.757E+00 18 7.905E-05 6.840E+01 19 3.701E-05 6.350E+01 20 2.374E-05 5.534E+01 21 2.477E-04 1.429E+01
22 9.080E-04 1.005E+01 23 5.068E-06 2.863E+01 24 4.316E-03 3.057E-01 25 5.280E-06 1.383E+01 26 2.470E-03 7.004E-01
27 1.733E-03 1.393E+00
 81  25
 1 2.630E-03 1.131E+01  2 4.632E-07 9.584E+01  3 1.349E-04 1.120E+01  5 2.551E-02 5.247E+00  6 1.422E-02 1.600E+00
 7 4.153E-03 1.848E+00  8 5.716E-03 2.130E+00  9 1.015E-03 6.118E+00 10 6.215E-04 6.803E+00 11 2.369E-02 1.326E+00
12 8.750E-03 1.011E+00 13 4.275E-04 3.158E+00 14 7.656E-04 2.042E+01 15 5.427E-03 4.815E+00 16 1.755E-03 1.646E+00
17 5.009E-03 2.492E+00 18 2.810E-05 6.800E+01 19 1.159E-04 4.657E+01 21 2.161E-04 2.071E+01 22 1.070E-03 9.413E+00
23 3.875E-06 2.300E+01 24 4.294E-03 2.917E-01 25 4.640E-06 1.085E+01 26 2.468E-03 7.695E-01 27 1.714E-03 1.319E+00
 82  26
 1 2.861E-03 9.531E+00  2 1.009E-06 6.141E+01  3 1.757E-04 1.313E+01  5 2.392E-02 5.802E+00  6 1.459E-02 1.872E+00
 7 3.694E-03 1.596E+00  8 5.018E-03 2.312E+00  9 9.592E-04 8.362E+00 10 6.463E-04 6.650E+00 11 2.495E-02 1.399E+00
12 9.426E-03 8.319E-01 13 5.160E-04 4.846E+00 14 1.281E-03 2.697E+01 15 5.542E-03 2.991E+00 16 1.749E-03 1.177E+00
17 6.403E-03 2.620E+00 18 1.039E-05 9.956E+01 19 1.037E-04 4.745E+01 20 9.618E-06 1.000E+02 21 2.530E-04 2.290E+01
22 8.934E-04 1.405E+01 23 6.433E-06 2.411E+01 24 4.304E-03 3.275E-01 25 4.968E-06 1.044E+01 26 2.500E-03 7.940E-01
27 1.701E-03 1.293E+00
 83  25
 1 2.748E-03 1.360E+01  2 2.183E-07 1.000E+02  3 1.593E-04 1.325E+01  5 2.333E-02 4.854E+00  6 1.499E-02 1.830E+00
 7 3.338E-03 1.281E+00  8 4.606E-03 2.184E+00  9 8.028E-04 7.955E+00 10 6.858E-04 5.004E+00 11 2.584E-02 1.203E+00
12 1.007E-02 8.167E-01 13 5.136E-04 2.264E+00 14 1.109E-03 2.390E+01 15 6.425E-03 3.150E+00 16 1.753E-03 1.262E+00
17 7.451E-03 1.987E+00 18 1.298E-06 9.554E+01 19 1.030E-04 2.811E+01 21 1.307E-04 2.547E+01 22 7.087E-04 1.067E+01
23 6.447E-06 2.555E+01 24 4.315E-03 3.180E-01 25 4.000E-06 1.442E+01 26 2.514E-03 9.992E-01 27 1.705E-03 1.320E+00
 84  24
 1 3.137E-03 1.057E+01  3 2.211E-04 1.161E+01  5 2.104E-02 6.409E+00  6 1.607E-02 1.632E+00  7 3.149E-03 1.650E+00
 8 4.314E-03 2.451E+00  9 6.901E-04 6.495E+00 10 8.134E-04 4.919E+00 11 2.606E-02 1.330E+00 12 1.085E-02 6.992E-01
13 5.921E-04 3.453E+00 14 1.129E-03 2.625E+01 15 7.013E-03 3.515E+00 16 1.751E-03 9.692E-01 17 9.375E-03 2.032E+00
18 1.722E-05 7.261E+01 19 1.136E-04 4.309E+01 21 1.597E-04 3.252E+01 22 6.593E-04 1.225E+01 23 5.592E-06 2.299E+01
24 4.344E-03 3.175E-01 25 3.461E-06 1.479E+01 26 2.562E-03 5.714E-01 27 1.702E-03 1.210E+00
 85  26
 1 3.749E-03 1.009E+01  2 2.623E-06 4.060E+01  3 2.173E-04 7.525E+00  5 2.235E-02 6.310E+00  6 1.683E-02 2.011E+00
 7 2.767E-03 1.522E+00  8 3.701E-03 2.050E+00  9 6.597E-04 6.921E+00 10 9.059E-04 5.708E+00 11 2.688E-02 1.405E+00
12 1.125E-02 9.672E-01 13 6.452E-04 3.114E+00 14 5.485E-04 2.735E+01 15 7.385E-03 3.508E+00 16 1.752E-03 1.426E+00
17 1.196E-02 2.331E+00 18 1.457E-05 6.884E+01 19 1.092E-04 3.115E+01 20 2.426E-05 7.045E+01 21 1.235E-04 2.223E+01
22 5.386E-04 1.522E+01 23 9.670E-06 2.223E+01 24 4.333E-03 3.302E-01 25 3.439E-06 1.598E+01 26 2.630E-03 6.394E-01
27 1.736E-03 8.631E-01
 86  26
 1 4.179E-03 9.533E+00  2 2.785E-06 6.883E+01  3 2.232E-04 9.708E+00  5 2.163E-02 5.803E+00  6 1.722E-02 1.088E+00
 7 2.528E-03 1.800E+00  8 3.580E-03 3.075E+00  9 5.864E-04 8.090E+00 10 9.063E-04 5.245E+00 11 2.704E-02 1.049E+00
12 1.186E-02 7.523E-01 13 7.142E-04 3.820E+00 14 3.867E-04 3.397E+01 15 8.413E-03 3.293E+00 16 1.704E-03 1.299E+00
17 1.388E-02 1.978E+00 18 1.884E-05 6.956E+01 19 9.009E-05 5.726E+01 20 2.226E-05 1.000E+02 21 1.874E-04 2.535E+01
22 5.166E-04 1.371E+01 23 8.768E-06 2.006E+01 24 4.319E-03 2.923E-01 25 3.405E-06 1.235E+01 26 2.637E-03 8.239E-01
27 1.738E-03 1.182E+00
 87  25
 1 4.364E-03 9.153E+00  2 1.274E-09 1.000E+02  3 2.331E-04 1.333E+01  5 2.147E-02 4.725E+00  6 1.756E-02 1.783E+00
 7 2.315E-03 1.713E+00  8 3.147E-03 2.807E+00  9 5.258E-04 9.786E+00 10 1.067E-03 4.187E+00 11 2.651E-02 1.393E+00
12 1.253E-02 7.670E-01 13 7.720E-04 3.236E+00 14 7.234E-04 3.272E+01 15 9.146E-03 2.728E+00 16 1.744E-03 1.226E+00
17 1.602E-02 2.712E+00 18 1.114E-05 6.985E+01 19 2.466E-04 2.701E+01 21 1.851E-04 2.539E+01 22 4.745E-04 1.606E+01
23 9.377E-06 1.662E+01 24 4.342E-03 3.060E-01 25 2.781E-06 1.613E+01 26 2.678E-03 8.633E-01 27 1.712E-03 1.168E+00
 88  25
 1 5.584E-03 9.337E+00  3 2.668E-04 1.005E+01  5 1.917E-02 6.354E+00  6 1.759E-02 1.356E+00  7 2.059E-03 2.012E+00
 8 2.766E-03 3.020E+00  9 4.038E-04 9.472E+00 10 1.197E-03 4.618E+00 11 2.592E-02 1.352E+00 12 1.292E-02 6.669E-01
13 8.770E-04 2.370E+00 14 2.992E-04 3.658E+01 15 1.088E-02 3.046E+00 16 1.755E-03 1.293E+00 17 1.733E-02 1.655E+00
18 1.950E-05 6.109E+01 19 1.878E-04 4.273E+01 20 2.959E-05 6.916E+01 21 2.380E-04 1.352E+01 22 4.686E-04 1.536E+01
23 6.621E-06 1.774E+01 24 4.331E-03 2.682E-01 25 2.714E-06 1.366E+01 26 2.741E-03 6.892E-01 27 1.765E-03 1.099E+00
 89  26
 1 5.489E-03 7.175E+00  2 2.475E-06 5.019E+01  3 2.828E-04 7.867E+00  5 1.593E-02 5.968E+00  6 1.759E-02 1.698E+00
 7 1.794E-03 2.181E+00  8 2.467E-03 3.320E+00  9 4.047E-04 7.612E+00 10 1.196E-03 4.413E+00 11 2.490E-02 1.440E+00
12 1.351E-02 7.254E-01 13 9.820E-04 2.586E+00 14 6.934E-04 3.138E+01 15 1.267E-02 2.369E+00 16 1.731E-03 1.008E+00
17 1.818E-02 2.683E+00 18 2.569E-06 9.730E+01 19 3.083E-04 3.931E+01 20 9.841E-06 9.023E+01 21 7.866E-05 2.253E+01
22 3.831E-04 2.047E+01 23 8.659E-06 1.695E+01 24 4.334E-03 3.258E-01 25 2.807E-06 1.557E+01 26 2.844E-03 1.004E+00
27 1.798E-03 1.516E+00
 90  26
 1 5.547E-03 8.711E+00  2 1.801E-07 1.000E+02  3 2.807E-04 6.244E+00  5 1.461E-02 6.994E+00  6 1.773E-02 2.024E+00
 7 1.630E-03 2.529E+00  8 2.305E-03 3.033E+00  9 3.740E-04 7.007E+00 10 1.447E-03 4.615E+00 11 2.357E-02 1.219E+00
12 1.406E-02 9.160E-01 13 1.021E-03 3.020E+00 14 3.716E-04 3.655E+01 15 1.490E-02 1.904E+00 16 1.722E-03 1.173E+00
17 2.005E-02 1.772E+00 18 6.018E-06 1.000E+02 19 2.244E-04 3.349E+01 20 1.686E-05 4.779E+01 21 1.182E-04 4.093E+01
22 3.223E-04 2.082E+01 23 1.077E-05 1.618E+01 24 4.367E-03 3.297E-01 25 1.723E-06 1.821E+01 26 2.977E-03 8.091E-01
27 1.861E-03 1.068E+00
 91  26
 1 7.864E-03 7.176E+00  2 2.392E-07 6.996E+01  3 3.525E-04 1.308E+01  5 1.409E-02 6.702E+00  6 1.720E-02 2.003E+00
 7 1.412E-03 3.158E+00  8 2.092E-03 3.469E+00  9 3.216E-04 1.056E+01 10 1.382E-03 2.858E+00 11 2.051E-02 1.575E+00
12 1.393E-02 6.357E-01 13 1.117E-03 1.975E+00 14 4.239E-04 3.913E+01 15 1.667E-02 3.190E+00 16 1.761E-03 9.239E-01
17 1.982E-02 1.779E+00 18 8.107E-06 6.199E+01 19 2.000E-04 3.407E+01 20 8.565E-06 6.967E+01 21 9.238E-05 2.848E+01
22 2.445E-04 1.348E+01 23 9.710E-06 1.568E+01 24 4.426E-03 2.924E-01 25 1.164E-06 1.773E+01 26 4.308E-03 5.471E-01
27 2.793E-03 7.054E-01
 92  26
 1 7.203E-03 8.341E+00  2 2.726E-06 6.602E+01  3 3.833E-04 5.758E+00  5 1.144E-02 6.054E+00  6 1.691E-02 1.430E+00
 7 1.323E-03 2.234E+00  8 1.728E-03 3.252E+00  9 2.664E-04 1.245E+01 10 1.536E-03 2.794E+00 11 1.832E-02 1.374E+00
12 1.395E-02 9.217E-01 13 1.283E-03 2.555E+00 14 1.992E-04 3.528E+01 15 1.733E-02 2.335E+00 16 1.736E-03 1.171E+00
17 2.020E-02 1.032E+00 18 2.208E-06 8.742E+01 19 2.487E-04 3.085E+01 20 1.798E-05 7.369E+01 21 4.484E-05 3.180E+01
22 4.011E-04 1.664E+01 23 1.272E-05 1.878E+01 24 4.446E-03 2.827E-01 25 1.979E-06 1.652E+01 26 4.760E-03 5.216E-01
27 3.059E-03 6.838E-01
 93  25
 1 9.057E-03 8.033E+00  2 2.399E-06 4.696E+01  3 3.932E-04 5.867E+00  5 1.118E-02 6.249E+00  6 1.649E-02 2.387E+00
 7 1.197E-03 2.677E+00  8 1.606E-03 5.139E+00  9 2.879E-04 9.661E+00 10 1.950E-03 3.417E+00 11 1.626E-02 1.227E+00
12 1.457E-02 9.008E-01 13 1.348E-03 2.490E+00 14 2.203E-04 3.617E+01 15 1.825E-02 2.815E+00 16 1.705E-03 9.974E-01
17 2.030E-02 1.558E+00 19 2.655E-04 2.305E+01 20 1.564E-07 1.000E+02 21 1.193E-04 3.392E+01 22 2.541E-04 2.759E+01
23 1.202E-05 1.321E+01 24 4.461E-03 3.070E-01 25 1.603E-06 1.872E+01 26 4.811E-03 5.229E-01 27 3.071E-03 5.954E-01
 94  25
 1 1.064E-02 6.147E+00  2 1.817E-06 7.876E+01  3 4.603E-04 6.224E+00  5 1.027E-02 8.135E+00  6 1.708E-02 1.576E+00
 7 1.155E-03 3.062E+00  8 1.476E-03 5.001E+00  9 2.775E-04 9.844E+00 10 2.130E-03 3.449E+00 11 1.486E-02 1.165E+00
12 1.592E-02 5.730E-01 13 1.553E-03 2.924E+00 14 3.208E-04 4.572E+01 15 2.043E-02 2.652E+00 16 1.700E-03 8.678E-01
17 2.255E-02 1.219E+00 19 3.871E-04 2.822E+01 20 3.844E-05 5.979E+01 21 6.993E-05 3.480E+01 22 2.476E-04 1.569E+01
23 1.792E-05 1.598E+01 24 4.377E-03 3.266E-01 25 1.626E-06 1.908E+01 26 3.209E-03 7.481E-01 27 1.705E-03 1.087E+00
 95  26
 1 1.267E-02 5.084E+00  2 3.469E-06 6.071E+01  3 5.554E-04 6.647E+00  5 8.253E-03 8.096E+00  6 1.707E-02 1.657E+00
 7 9.783E-04 2.931E+00  8 1.337E-03 5.322E+00  9 2.484E-04 1.450E+01 10 2.349E-03 2.478E+00 11 1.186E-02 1.986E+00
12 1.652E-02 6.064E-01 13 1.726E-03 2.032E+00 14 1.295E-04 6.330E+01 15 3.224E-02 1.623E+00 16 1.796E-03 1.350E+00
17 2.247E-02 1.686E+00 18 8.232E-06 1.000E+02 19 3.767E-04 2.588E+01 20 2.443E-05 5.991E+01 21 5.173E-05 4.480E+01
22 2.320E-04 3.261E+01 23 1.687E-05 1.582E+01 24 4.384E-03 2.748E-01 25 1.285E-06 2.131E+01 26 3.212E-03 8.451E-01
27 1.680E-03 1.303E+00
 96  26
 1 1.462E-02 6.856E+00  2 8.480E-07 3.862E+01  3 5.200E-04 6.445E+00  5 6.729E-03 8.782E+00  6 1.567E-02 1.692E+00
 7 9.197E-04 2.123E+00  8 1.229E-03 5.669E+00  9 2.041E-04 1.179E+01 10 2.628E-03 2.782E+00 11 8.372E-03 1.962E+00
12 1.687E-02 8.099E-01 13 1.889E-03 2.019E+00 14 1.037E-04 6.243E+01 15 3.095E-02 2.062E+00 16 1.714E-03 1.228E+00
17 2.167E-02 1.465E+00 18 1.280E-05 9.883E+01 19 3.174E-04 2.180E+01 20 1.000E-04 6.376E+01 21 2.984E-05 4.844E+01
22 1.901E-04 2.621E+01 23 1.757E-05 1.491E+01 24 4.393E-03 3.167E-01 25 1.641E-06 2.658E+01 26 3.625E-03 5.778E-01
27 1.989E-03 1.018E+00
 97  26
 1 3.274E-02 4.108E+00  2 1.626E-06 5.941E+01  3 5.792E-04 6.093E+00  5 6.725E-03 6.808E+00  6 1.457E-02 1.376E+00
 7 8.443E-04 2.486E+00  8 1.074E-03 6.977E+00  9 1.729E-04 1.128E+01 10 2.649E-03 2.609E+00 11 5.967E-03 2.409E+00
12 1.619E-02 6.865E-01 13 2.109E-03 1.828E+00 14 2.656E-04 4.333E+01 15 2.840E-02 2.101E+00 16 1.745E-03 9.342E-01
17 2.013E-02 1.630E+00 18 4.388E-06 1.000E+02 19 3.206E-04 2.651E+01 20 4.163E-05 5.060E+01 21 4.531E-05 4.825E+01
22 1.639E-04 2.706E+01 23 1.932E-05 1.389E+01 24 4.483E-03 2.669E-01 25 1.452E-06 2.153E+01 26 4.951E-03 5.768E-01
27 3.077E-03 8.082E-01
 98  26
 1 3.503E-02 4.369E+00  2 1.965E-06 4.642E+01  3 6.076E-04 5.675E+00  5 4.042E-03 1.181E+01  6 1.384E-02 1.978E+00
 7 7.392E-04 3.562E+00  8 1.020E-03 5.275E+00  9 1.872E-04 1.325E+01 10 3.035E-03 2.396E+00 11 5.354E-03 2.153E+00
12 1.646E-02 7.751E-01 13 2.381E-03 1.648E+00 14 3.066E-04 4.098E+01 15 2.532E-02 2.048E+00 16 1.703E-03 1.264E+00
17 1.922E-02 2.126E+00 18 1.484E-07 1.000E+02 19 4.757E-04 1.891E+01 20 3.014E-05 5.095E+01 21 5.230E-05 3.624E+01
22 2.757E-04 2.184E+01 23 2.037E-05 1.322E+01 24 4.475E-03 2.995E-01 25 7.838E-07 2.190E+01 26 4.937E-03 5.488E-01
27 3.055E-03 7.413E-01
 99  25
 1 3.902E-02 3.606E+00  2 1.577E-06 4.271E+01  3 6.481E-04 6.433E+00  5 4.606E-03 1.220E+01  6 1.349E-02 1.910E+00
 7 6.461E-04 3.738E+00  8 8.974E-04 6.777E+00  9 1.506E-04 1.607E+01 10 3.508E-03 2.652E+00 11 4.789E-03 3.512E+00
12 1.719E-02 7.072E-01 13 2.626E-03 1.721E+00 14 1.138E-04 5.205E+01 15 2.205E-02 1.990E+00 16 1.750E-03 1.374E+00
17 1.927E-02 1.876E+00 19 6.291E-04 2.418E+01 20 1.161E-04 5.027E+01 21 6.275E-05 3.757E+01 22 1.240E-04 2.819E+01
23 2.405E-05 1.072E+01 24 4.431E-03 2.978E-01 25 1.011E-06 2.138E+01 26 4.330E-03 6.542E-01 27 2.512E-03 7.497E-01
100  25
 1 3.637E-02 2.887E+00  2 5.990E-06 3.863E+01  3 8.606E-04 4.318E+00  5 5.039E-03 1.281E+01  6 1.347E-02 2.080E+00
 7 6.447E-04 3.832E+00  8 8.851E-04 5.713E+00  9 1.298E-04 1.603E+01 10 3.780E-03 2.761E+00 11 4.343E-03 2.672E+00
12 1.791E-02 7.577E-01 13 2.942E-03 1.713E+00 14 3.030E-04 3.627E+01 15 1.784E-02 3.322E+00 16 1.730E-03 1.345E+00
17 1.822E-02 1.952E+00 19 5.237E-04 2.358E+01 20 4.031E-05 5.628E+01 21 2.129E-05 4.040E+01 22 1.298E-04 1.938E+01
23 2.774E-05 1.199E+01 24 4.365E-03 3.908E-01 25 3.893E-07 1.971E+01 26 3.393E-03 8.125E-01 27 1.709E-03 1.135E+00
101  25
 1 3.414E-02 3.104E+00  2 3.358E-06 3.953E+01  3 8.710E-04 4.847E+00  5 3.879E-03 1.020E+01  6 1.279E-02 2.026E+00
 7 5.514E-04 4.218E+00  8 7.281E-04 4.822E+00  9 1.253E-04 1.351E+01 10 4.192E-03 2.832E+00 11 3.679E-03 2.190E+00
12 1.781E-02 7.965E-01 13 3.351E-03 1.245E+00 14 4.283E-05 5.998E+01 15 1.329E-02 2.695E+00 16 1.719E-03 1.168E+00
17 1.738E-02 1.801E+00 19 5.927E-04 2.167E+01 20 6.558E-05 6.397E+01 21 1.899E-05 3.583E+01 22 1.090E-04 2.275E+01
23 2.499E-05 1.227E+01 24 4.372E-03 3.749E-01 25 1.189E-06 2.323E+01 26 3.441E-03 7.186E-01 27 1.738E-03 1.009E+00
102  26
 1 2.929E-02 3.781E+00  2 2.932E-06 4.746E+01  3 9.750E-04 3.801E+00  4 4.583E-06 1.000E+02  5 3.827E-03 1.017E+01
 6 1.108E-02 1.899E+00  7 5.139E-04 4.214E+00  8 6.443E-04 5.541E+00  9 1.571E-04 1.473E+01 10 4.722E-03 2.603E+00
11 3.255E-03 2.439E+00 12 1.732E-02 7.963E-01 13 3.606E-03 1.649E+00 14 7.469E-05 6.171E+01 15 1.104E-02 2.955E+00
16 1.738E-03 9.489E-01 17 1.455E-02 1.756E+00 19 8.297E-04 1.971E+01 20 1.153E-04 5.394E+01 21 2.411E-05 5.562E+01
22 1.695E-04 2.331E+01 23 3.293E-05 1.147E+01 24 4.426E-03 3.089E-01 25 6.010E-07 3.456E+01 26 4.413E-03 5.987E-01
27 2.540E-03 7.035E-01
103  25
 1 2.681E-02 4.770E+00  2 2.396E-06 4.844E+01  3 1.107E-03 5.680E+00  5 3.999E-03 1.299E+01  6 9.778E-03 2.149E+00
 7 4.168E-04 4.689E+00  8 6.166E-04 7.928E+00  9 9.176E-05 1.983E+01 10 4.963E-03 2.195E+00 11 2.914E-03 3.093E+00
12 1.653E-02 5.959E-01 13 3.921E-03 1.184E+00 14 1.419E-04 5.656E+01 15 9.225E-03 1.939E+00 16 1.704E-03 1.081E+00
17 1.228E-02 2.009E+00 19 1.023E-03 2.412E+01 20 3.272E-05 4.031E+01 21 9.122E-06 4.590E+01 22 1.093E-04 2.160E+01
23 3.139E-05 9.123E+00 24 4.441E-03 2.701E-01 25 6.235E-07 3.927E+01 26 5.101E-03 4.687E-01 27 3.093E-03 6.497E-01
104  25
 1 2.301E-02 4.713E+00  2 7.705E-06 4.976E+01  3 1.204E-03 3.528E+00  5 2.985E-03 1.566E+01  6 9.357E-03 2.709E+00
 7 3.796E-04 3.613E+00  8 4.529E-04 8.956E+00  9 8.885E-05 1.172E+01 10 5.578E-03 2.369E+00 11 2.359E-03 3.124E+00
12 1.610E-02 7.427E-01 13 4.404E-03 1.515E+00 14 1.549E-04 6.803E+01 15 8.194E-03 3.117E+00 16 1.745E-03 1.398E+00
17 1.047E-02 1.790E+00 19 1.065E-03 1.617E+01 20 6.856E-05 4.545E+01 21 1.700E-05 4.713E+01 22 1.283E-04 2.580E+01
23 3.780E-05 1.129E+01 24 4.441E-03 3.002E-01 25 3.898E-07 3.776E+01 26 5.152E-03 4.822E-01 27 3.106E-03 7.259E-01
105  25
 1 1.840E-02 6.713E+00  2 5.061E-06 3.047E+01  3 1.290E-03 5.854E+00  5 2.701E-03 1.431E+01  6 8.471E-03 2.032E+00
 7 3.839E-04 6.403E+00  8 4.953E-04 5.133E+00  9 9.500E-05 1.144E+01 10 6.643E-03 1.570E+00 11 2.342E-03 3.118E+00
12 1.656E-02 6.264E-01 13 5.011E-03 1.410E+00 14 5.651E-05 5.561E+01 15 7.736E-03 2.371E+00 16 1.716E-03 1.031E+00
17 9.377E-03 2.640E+00 19 1.032E-03 1.408E+01 20 9.657E-05 6.021E+01 21 5.743E-05 5.683E+01 22 1.029E-04 3.280E+01
23 4.221E-05 1.125E+01 24 4.337E-03 3.150E-01 25 5.765E-07 2.678E+01 26 3.865E-03 6.348E-01 27 2.048E-03 7.832E-01
106  26
 1 1.297E-02 5.965E+00  2 6.390E-06 3.116E+01  3 1.352E-03 3.930E+00  5 2.341E-03 1.504E+01  6 6.574E-03 3.675E+00
 7 3.067E-04 4.190E+00  8 4.467E-04 9.336E+00  9 7.118E-05 1.254E+01 10 7.947E-03 2.396E+00 11 2.128E-03 3.245E+00
12 1.595E-02 6.921E-01 13 5.727E-03 1.020E+00 14 5.402E-05 6.655E+01 15 7.418E-03 2.381E+00 16 1.775E-03 1.162E+00
17 7.318E-03 2.674E+00 18 1.278E-06 1.000E+02 19 1.113E-03 1.428E+01 20 4.018E-05 4.838E+01 21 8.269E-06 6.006E+01
22 6.619E-05 3.194E+01 23 4.711E-05 8.565E+00 24 4.327E-03 2.831E-01 25 5.402E-07 3.151E+01 26 3.621E-03 8.352E-01
27 1.767E-03 9.325E-01
107  26
 1 9.762E-03 5.808E+00  2 9.317E-06 2.967E+01  3 1.440E-03 4.002E+00  4 1.903E-06 1.000E+02  5 1.852E-03 1.564E+01
 6 4.860E-03 2.579E+00  7 3.037E-04 5.317E+00  8 3.884E-04 9.052E+00  9 7.020E-05 1.515E+01 10 8.630E-03 1.764E+00
11 1.969E-03 3.880E+00 12 7.869E-03 8.835E-01 13 6.665E-03 1.157E+00 14 9.286E-05 5.397E+01 15 6.593E-03 3.701E+00
16 1.762E-03 1.292E+00 17 6.214E-03 2.405E+00 19 1.314E-03 1.618E+01 20 1.020E-04 4.978E+01 21 1.513E-06 5.928E+01
22 6.491E-05 3.678E+01 23 5.023E-05 6.275E+00 24 4.324E-03 3.781E-01 25 4.966E-07 5.235E+01 26 3.659E-03 7.620E-01
27 1.805E-03 1.125E+00
108  25
 1 9.324E-03 7.551E+00  2 8.735E-06 2.707E+01  3 1.553E-03 3.382E+00  5 1.726E-03 1.734E+01  6 4.142E-03 3.055E+00
 7 2.606E-04 4.238E+00  8 3.616E-04 5.465E+00  9 4.330E-05 1.839E+01 10 1.086E-02 2.462E+00 11 1.507E-03 5.043E+00
12 5.954E-03 9.081E-01 13 1.191E-02 8.076E-01 14 6.123E-05 6.997E+01 15 5.761E-03 3.720E+00 16 1.723E-03 1.108E+00
17 4.481E-03 3.489E+00 19 1.119E-03 1.579E+01 20 2.393E-04 4.346E+01 21 2.126E-05 5.562E+01 22 5.104E-05 5.444E+01
23 4.771E-05 8.203E+00 24 4.275E-03 2.700E-01 25 2.684E-07 4.280E+01 26 5.296E-03 5.123E-01 27 3.216E-03 6.524E-01
109  26
 1 7.800E-03 8.292E+00  2 7.008E-06 3.859E+01  3 1.611E-03 2.800E+00  5 1.332E-03 1.244E+01  6 3.496E-03 4.459E+00
 7 2.312E-04 5.450E+00  8 3.089E-04 9.596E+00  9 6.022E-05 2.167E+01 10 1.561E-02 1.520E+00 11 1.483E-03 3.411E+00
12 5.295E-03 1.346E+00 13 1.218E-02 8.389E-01 14 1.482E-04 5.048E+01 15 5.005E-03 5.160E+00 16 1.755E-03 7.908E-01
17 4.047E-03 4.442E+00 18 4.813E-06 1.000E+02 19 1.822E-03 1.324E+01 20 9.655E-05 4.074E+01 21 1.249E-05 7.274E+01
22 1.087E-04 4.895E+01 23 4.366E-05 7.789E+00 24 4.255E-03 3.484E-01 25 2.480E-07 3.753E+01 26 5.357E-03 5.185E-01
27 3.266E-03 7.034E-01
110  26
 1 6.820E-03 7.629E+00  2 8.830E-06 3.033E+01  3 1.774E-03 3.128E+00  5 1.666E-03 1.650E+01  6 3.229E-03 3.404E+00
 7 2.275E-04 6.924E+00  8 2.830E-04 1.088E+01  9 7.264E-05 2.137E+01 10 2.007E-02 1.521E+00 11 1.381E-03 4.600E+00
12 4.725E-03 1.243E+00 13 1.284E-02 7.756E-01 14 1.012E-04 9.976E+01 15 4.661E-03 4.649E+00 16 1.733E-03 9.541E-01
17 3.650E-03 3.040E+00 18 7.174E-06 1.000E+02 19 1.386E-03 1.465E+01 20 1.367E-04 3.746E+01 21 2.181E-05 4.322E+01
22 7.503E-05 2.831E+01 23 5.232E-05 7.034E+00 24 4.211E-03 2.890E-01 25 2.594E-07 7.201E+01 26 5.019E-03 4.660E-01
27 2.950E-03 6.257E-01
111  25
 1 6.431E-03 7.542E+00  2 7.691E-06 2.346E+01  3 2.000E-03 3.607E+00  5 1.336E-03 1.886E+01  6 3.048E-03 3.272E+00
 7 2.002E-04 6.687E+00  8 2.495E-04 1.122E+01  9 6.525E-05 2.078E+01 10 2.357E-02 1.347E+00 11 1.146E-03 5.444E+00
12 4.527E-03 1.083E+00 13 1.396E-02 9.385E-01 14 3.131E-05 7.784E+01 15 4.502E-03 3.499E+00 16 1.772E-03 1.010E+00
17 3.680E-03 3.820E+00 19 1.837E-03 1.050E+01 20 1.451E-04 3.523E+01 21 6.796E-06 8.194E+01 22 4.314E-05 3.649E+01
23 5.117E-05 6.674E+00 24 4.125E-03 2.997E-01 25 1.377E-07 4.454E+01 26 3.744E-03 5.021E-01 27 1.847E-03 9.320E-01
112  25
 1 5.420E-03 7.138E+00  2 8.656E-06 4.375E+01  3 2.106E-03 3.004E+00  5 1.739E-03 1.731E+01  6 2.744E-03 3.375E+00
 7 2.012E-04 6.531E+00  8 2.102E-04 1.095E+01  9 4.208E-05 3.217E+01 10 2.494E-02 1.388E+00 11 1.185E-03 5.937E+00
12 4.104E-03 1.300E+00 13 1.420E-02 5.689E-01 14 4.276E-05 7.325E+01 15 4.002E-03 4.541E+00 16 1.762E-03 1.332E+00
17 3.041E-03 3.811E+00 19 2.021E-03 1.316E+01 20 2.864E-04 3.636E+01 21 1.576E-05 7.335E+01 22 5.699E-06 4.897E+01
23 5.661E-05 5.562E+00 24 4.110E-03 3.809E-01 25 2.882E-07 4.470E+01 26 3.744E-03 7.432E-01 27 1.833E-03 1.100E+00
113  24
 1 4.811E-03 8.164E+00  2 1.230E-05 3.846E+01  3 2.452E-03 3.355E+00  5 1.552E-03 1.642E+01  6 2.345E-03 3.154E+00
 7 1.801E-04 7.766E+00  8 2.166E-04 7.718E+00  9 2.584E-05 2.575E+01 10 2.513E-02 8.879E-01 11 9.984E-04 4.189E+00
12 3.742E-03 1.404E+00 13 1.372E-02 6.277E-01 15 3.715E-03 4.045E+00 16 1.760E-03 1.285E+00 17 2.891E-03 4.998E+00
19 2.395E-03 1.408E+01 20 1.939E-04 4.055E+01 21 2.309E-05 7.055E+01 22 6.707E-05 4.088E+01 23 6.665E-05 7.903E+00
24 4.184E-03 3.534E-01 25 2.691E-07 4.886E+01 26 4.452E-03 6.425E-01 27 2.447E-03 7.510E-01
114  25
 1 4.585E-03 8.756E+00  2 1.177E-05 2.643E+01  3 2.552E-03 3.835E+00  5 1.262E-03 1.613E+01  6 2.285E-03 4.464E+00
 7 1.480E-04 5.306E+00  8 2.032E-04 1.186E+01  9 5.195E-05 2.210E+01 10 2.449E-02 1.432E+00 11 8.933E-04 7.536E+00
12 3.340E-03 1.026E+00 13 1.320E-02 6.868E-01 14 1.689E-05 9.710E+01 15 3.459E-03 4.350E+00 16 1.755E-03 1.034E+00
17 2.654E-03 2.833E+00 19 2.305E-03 1.167E+01 20 2.071E-04 3.238E+01 21 3.657E-07 1.000E+02 22 2.229E-05 4.774E+01
23 6.938E-05 7.126E+00 24 4.248E-03 3.293E-01 25 1.979E-07 4.966E+01 26 5.469E-03 6.021E-01 27 3.264E-03 7.808E-01
115  25
 1 4.347E-03 1.118E+01  2 7.581E-06 2.466E+01  3 2.717E-03 2.616E+00  5 1.151E-03 2.221E+01  6 1.932E-03 4.780E+00
 7 1.330E-04 7.680E+00  8 2.092E-04 1.081E+01  9 2.405E-05 3.300E+01 10 2.443E-02 1.242E+00 11 8.405E-04 4.370E+00
12 3.047E-03 1.888E+00 13 1.341E-02 8.265E-01 14 1.642E-05 9.049E+01 15 2.826E-03 6.762E+00 16 1.788E-03 9.867E-01
17 2.249E-03 4.793E+00 19 3.048E-03 8.885E+00 20 6.630E-05 6.363E+01 21 3.670E-06 6.713E+01 22 4.301E-05 4.581E+01
23 7.010E-05 6.426E+00 24 4.237E-03 2.913E-01 25 1.881E-07 4.954E+01 26 5.500E-03 4.524E-01 27 3.288E-03 6.320E-01
116  25
 1 3.674E-03 9.222E+00  2 7.216E-06 2.779E+01  3 2.992E-03 3.250E+00  5 1.003E-03 2.491E+01  6 1.965E-03 3.662E+00
 7 1.331E-04 6.641E+00  8 1.825E-04 1.236E+01  9 3.561E-05 2.978E+01 10 2.590E-02 1.055E+00 11 8.169E-04 4.247E+00
12 2.873E-03 1.145E+00 13 1.403E-02 8.065E-01 14 5.587E-07 1.000E+02 15 2.934E-03 3.985E+00 16 1.782E-03 8.096E-01
17 2.107E-03 3.838E+00 19 2.784E-03 8.815E+00 20 2.462E-04 3.394E+01 21 9.458E-06 5.975E+01 22 2.622E-05 4.429E+01
23 7.524E-05 7.007E+00 24 4.191E-03 3.008E-01 25 2.745E-07 3.542E+01 26 4.539E-03 4.976E-01 27 2.440E-03 8.014E-01
117  25
 1 3.474E-03 1.392E+01  2 9.443E-06 2.591E+01  3 6.089E-03 1.390E+00  5 7.471E-04 2.046E+01  6 1.883E-03 3.641E+00
 7 1.128E-04 9.157E+00  8 1.527E-04 1.178E+01  9 1.722E-05 2.375E+01 10 2.588E-02 1.200E+00 11 7.377E-04 7.375E+00
12 2.678E-03 1.655E+00 13 1.426E-02 7.766E-01 14 6.192E-05 7.783E+01 15 2.684E-03 5.649E+00 16 2.085E-03 1.277E+00
17 2.192E-03 5.527E+00 19 3.573E-03 1.042E+01 20 1.814E-04 3.102E+01 21 9.654E-06 5.328E+01 22 3.349E-05 5.063E+01
23 7.798E-05 5.061E+00 24 4.148E-03 3.085E-01 25 3.785E-07 2.654E+01 26 3.870E-03 7.218E-01 27 1.861E-03 9.203E-01
118  25
 1 2.530E-03 1.193E+01  2 8.920E-06 2.788E+01  3 1.336E-02 1.985E+00  5 7.732E-04 2.879E+01  6 1.675E-03 5.162E+00
 7 1.121E-04 9.416E+00  8 1.665E-04 8.996E+00  9 1.765E-05 2.614E+01 10 2.463E-02 8.742E-01 11 6.676E-04 6.298E+00
12 2.445E-03 1.725E+00 13 1.417E-02 9.154E-01 14 5.215E-05 7.996E+01 15 2.604E-03 3.860E+00 16 2.067E-03 1.175E+00
17 1.814E-03 3.694E+00 19 3.559E-03 8.909E+00 20 3.841E-04 3.062E+01 21 5.907E-06 5.814E+01 22 4.150E-05 5.767E+01
23 8.620E-05 5.190E+00 24 4.165E-03 3.666E-01 25 3.365E-07 4.255E+01 26 3.890E-03 5.732E-01 27 1.909E-03 8.623E-01
119  27
 1 2.223E-03 1.304E+01  2 1.440E-05 1.436E+01  3 1.939E-02 1.415E+00  4 7.668E-05 1.000E+02  5 7.631E-04 2.497E+01
 6 1.445E-03 5.777E+00  7 1.091E-04 7.744E+00  8 1.179E-04 1.606E+01  9 2.291E-05 3.480E+01 10 2.166E-02 1.168E+00
11 6.931E-04 7.140E+00 12 2.192E-03 1.182E+00 13 1.310E-02 8.982E-01 14 3.277E-05 6.890E+01 15 2.061E-03 6.800E+00
16 1.970E-03 9.699E-01 17 1.570E-03 4.677E+00 18 1.880E-07 1.000E+02 19 3.782E-03 9.817E+00 20 2.805E-04 2.230E+01
21 1.807E-06 9.734E+01 22 2.123E-05 4.726E+01 23 8.881E-05 5.285E+00 24 4.225E-03 3.051E-01 25 5.701E-07 4.316E+01
26 5.082E-03 5.513E-01 27 2.915E-03 8.471E-01
120  24
 1 2.908E-03 1.435E+01  2 1.916E-05 2.749E+01  3 2.416E-02 1.157E+00  5 7.520E-04 2.007E+01  6 1.396E-03 6.388E+00
 7 8.880E-05 9.736E+00  8 1.206E-04 1.212E+01  9 2.284E-05 3.671E+01 10 2.035E-02 1.186E+00 11 5.033E-04 6.928E+00
12 1.961E-03 2.036E+00 13 1.289E-02 9.210E-01 15 1.820E-03 6.577E+00 16 1.935E-03 1.401E+00 17 1.718E-03 5.656E+00
19 4.628E-03 8.451E+00 20 2.035E-04 2.758E+01 21 7.537E-06 1.000E+02 22 3.242E-05 4.453E+01 23 9.774E-05 4.992E+00
24 4.253E-03 3.000E-01 25 4.562E-07 3.980E+01 26 5.401E-03 4.343E-01 27 3.148E-03 4.847E-01
121  25
 1 2.046E-03 1.447E+01  2 1.814E-05 3.161E+01  3 2.911E-02 8.601E-01  5 7.211E-04 1.724E+01  6 1.247E-03 5.219E+00
 7 8.106E-05 8.489E+00  8 1.043E-04 1.303E+01  9 1.352E-05 3.805E+01 10 1.964E-02 1.415E+00 11 5.524E-04 6.213E+00
12 1.849E-03 1.980E+00 13 1.263E-02 1.225E+00 14 8.796E-05 7.866E+01 15 1.741E-03 5.797E+00 16 1.929E-03 1.283E+00
17 1.587E-03 5.552E+00 19 4.267E-03 8.406E+00 20 1.834E-04 2.282E+01 21 5.127E-06 8.189E+01 22 3.813E-06 9.788E+01
23 1.119E-04 5.213E+00 24 4.276E-03 3.078E-01 25 3.705E-07 3.931E+01 26 5.416E-03 4.965E-01 27 3.119E-03 6.219E-01
122  25
 1 1.693E-03 1.103E+01  2 1.670E-05 1.995E+01  3 3.270E-02 8.131E-01  5 5.286E-04 3.054E+01  6 1.221E-03 4.573E+00
 7 9.153E-05 1.190E+01  8 1.016E-04 1.633E+01  9 2.108E-05 3.595E+01 10 1.961E-02 1.066E+00 11 4.656E-04 6.590E+00
12 1.758E-03 1.876E+00 13 1.340E-02 7.741E-01 15 1.712E-03 5.867E+00 16 1.901E-03 1.217E+00 17 1.598E-03 6.126E+00
18 5.752E-06 1.000E+02 19 5.245E-03 9.395E+00 20 2.332E-04 2.775E+01 21 2.118E-05 9.898E+01 22 6.881E-05 3.858E+01
23 1.223E-04 5.249E+00 24 4.206E-03 3.185E-01 25 9.075E-07 3.305E+01 26 4.099E-03 5.546E-01 27 1.946E-03 9.117E-01
123  25
 1 1.899E-03 1.167E+01  2 1.072E-05 2.250E+01  3 3.335E-02 1.147E+00  5 3.690E-04 5.056E+01  6 1.104E-03 4.567E+00
 7 8.337E-05 9.454E+00  8 1.020E-04 1.615E+01  9 7.085E-06 4.969E+01 10 1.874E-02 1.039E+00 11 4.103E-04 6.194E+00
12 1.623E-03 1.714E+00 13 1.311E-02 9.325E-01 14 5.154E-06 1.000E+02 15 1.560E-03 7.220E+00 16 1.943E-03 8.136E-01
17 1.147E-03 4.903E+00 19 7.027E-03 7.578E+00 20 4.414E-04 2.026E+01 21 2.741E-05 6.552E+01 22 1.367E-05 5.906E+01
23 1.220E-04 4.813E+00 24 4.243E-03 3.861E-01 25 4.639E-07 4.096E+01 26 4.465E-03 5.222E-01 27 2.111E-03 7.948E-01
124  25
 1 1.226E-03 2.171E+01  2 1.862E-05 2.555E+01  3 3.448E-02 1.114E+00  4 1.355E-06 1.000E+02  5 3.525E-04 2.619E+01
 6 9.526E-04 6.773E+00  7 6.885E-05 9.696E+00  8 9.967E-05 1.906E+01  9 1.231E-05 4.952E+01 10 1.721E-02 1.386E+00
11 3.901E-04 7.335E+00 12 1.451E-03 1.601E+00 13 1.264E-02 6.803E-01 15 1.457E-03 5.592E+00 16 1.912E-03 1.096E+00
17 1.041E-03 7.946E+00 19 6.678E-03 8.428E+00 20 3.531E-04 2.988E+01 21 1.689E-06 1.000E+02 22 2.346E-05 6.514E+01
23 1.283E-04 4.069E+00 24 4.254E-03 3.668E-01 25 3.452E-07 4.852E+01 26 4.824E-03 7.491E-01 27 2.444E-03 1.014E+00
125  25
 1 1.364E-03 2.046E+01  2 2.200E-05 1.954E+01  3 3.442E-02 8.209E-01  4 1.465E-06 1.000E+02  5 3.540E-04 3.065E+01
 6 8.449E-04 7.131E+00  7 7.841E-05 9.737E+00  8 6.373E-05 1.357E+01  9 3.018E-06 6.987E+01 10 1.500E-02 1.405E+00
11 3.546E-04 7.780E+00 12 1.236E-03 2.530E+00 13 1.186E-02 1.065E+00 15 1.364E-03 6.151E+00 16 1.941E-03 1.108E+00
17 1.028E-03 7.623E+00 19 8.208E-03 5.801E+00 20 2.460E-04 1.777E+01 21 4.011E-06 7.381E+01 22 1.329E-05 8.264E+01
23 1.389E-04 3.852E+00 24 4.315E-03 2.872E-01 25 2.045E-07 3.865E+01 26 5.956E-03 4.270E-01 27 3.457E-03 4.975E-01
126  25
 1 1.178E-03 1.581E+01  2 2.529E-05 1.440E+01  3 3.355E-02 1.022E+00  5 6.145E-04 3.319E+01  6 8.407E-04 7.168E+00
 7 5.723E-05 1.111E+01  8 9.191E-05 1.976E+01  9 1.045E-05 3.330E+01 10 1.353E-02 1.570E+00 11 3.250E-04 8.862E+00
12 1.260E-03 1.972E+00 13 1.216E-02 9.367E-01 14 1.304E-05 1.000E+02 15 1.089E-03 8.899E+00 16 1.916E-03 8.768E-01
17 9.329E-04 5.829E+00 19 9.632E-03 3.976E+00 20 4.120E-04 1.615E+01 21 2.667E-05 5.631E+01 22 6.926E-06 5.725E+01
23 1.670E-04 3.638E+00 24 4.358E-03 3.028E-01 25 3.150E-07 3.804E+01 26 5.990E-03 5.525E-01 27 3.493E-03 7.201E-01
127  25
 1 1.583E-03 9.851E+00  2 2.636E-05 1.648E+01  3 3.129E-02 1.245E+00  4 1.959E-05 8.289E+01  5 4.820E-04 2.340E+01
 6 6.655E-04 7.092E+00  7 6.396E-05 1.499E+01  8 7.691E-05 1.692E+01  9 1.146E-05 4.061E+01 10 1.207E-02 1.544E+00
11 3.249E-04 6.827E+00 12 1.155E-03 2.405E+00 13 1.195E-02 9.168E-01 14 3.437E-05 1.000E+02 15 1.164E-03 8.583E+00
16 1.900E-03 1.369E+00 17 1.073E-03 6.411E+00 19 1.331E-02 5.273E+00 20 3.913E-04 2.608E+01 21 1.052E-05 6.956E+01
23 1.753E-04 3.853E+00 24 4.273E-03 2.851E-01 25 1.120E-07 7.632E+01 26 5.456E-03 3.767E-01 27 3.017E-03 5.975E-01
128  25
 1 1.008E-03 1.759E+01  2 2.810E-05 2.070E+01  3 2.866E-02 9.748E-01  4 1.014E-05 1.000E+02  5 3.578E-04 2.002E+01
 6 7.333E-04 7.700E+00  7 4.486E-05 1.641E+01  8 5.435E-05 1.835E+01  9 3.912E-06 6.889E+01 10 1.145E-02 1.787E+00
11 2.500E-04 1.002E+01 12 1.084E-03 2.740E+00 13 1.244E-02 7.668E-01 15 1.139E-03 9.105E+00 16 1.923E-03 1.536E+00
17 8.362E-04 7.203E+00 19 1.943E-02 3.356E+00 20 5.301E-04 2.109E+01 21 2.396E-07 1.000E+02 22 3.797E-06 1.000E+02
23 1.854E-04 4.229E+00 24 4.242E-03 3.572E-01 25 1.036E-07 4.416E+01 26 4.644E-03 7.240E-01 27 2.314E-03 7.807E-01
129  25
 1 1.515E-03 1.624E+01  2 3.149E-05 1.896E+01  3 2.483E-02 9.635E-01  4 5.419E-06 1.000E+02  5 5.603E-04 2.403E+01
 6 5.962E-04 9.508E+00  7 4.642E-05 1.941E+01  8 4.965E-05 2.268E+01  9 1.544E-06 7.140E+01 10 1.015E-02 1.633E+00
11 2.474E-04 7.507E+00 12 1.043E-03 2.330E+00 13 1.236E-02 8.874E-01 14 8.618E-06 1.000E+02 15 9.663E-04 8.201E+00
16 1.969E-03 1.247E+00 17 8.426E-04 9.416E+00 19 2.468E-02 3.822E+00 20 5.535E-04 1.613E+01 22 6.380E-07 1.000E+02
23 2.092E-04 3.425E+00 24 4.236E-03 3.616E-01 25 2.695E-07 3.534E+01 26 4.659E-03 5.270E-01 27 2.306E-03 6.328E-01
130  24
 1 1.107E-03 1.766E+01  2 3.146E-05 1.611E+01  3 1.938E-02 1.239E+00  4 2.261E-04 7.140E+01  5 3.188E-04 4.264E+01
 6 5.749E-04 8.295E+00  7 3.453E-05 1.207E+01  8 7.770E-05 1.826E+01  9 5.261E-06 4.696E+01 10 8.332E-03 1.726E+00
11 2.652E-04 9.447E+00 12 8.866E-04 3.331E+00 13 1.219E-02 8.090E-01 15 8.871E-04 1.283E+01 16 2.015E-03 1.028E+00
17 6.273E-04 8.685E+00 19 3.048E-02 5.468E+00 20 4.653E-04 2.438E+01 22 1.178E-05 8.776E+01 23 2.225E-04 4.400E+00
24 4.289E-03 3.188E-01 25 1.726E-07 6.660E+01 26 5.599E-03 5.576E-01 27 3.076E-03 5.615E-01
131  25
 1 8.646E-04 1.933E+01  2 2.030E-05 1.880E+01  3 1.310E-02 1.173E+00  4 2.960E-04 6.353E+01  5 5.440E-04 3.110E+01
 6 4.820E-04 6.113E+00  7 5.342E-05 1.416E+01  8 3.794E-05 2.392E+01  9 2.344E-05 2.862E+01 10 6.210E-03 2.237E+00
11 2.519E-04 7.906E+00 12 7.827E-04 3.354E+00 13 1.233E-02 7.336E-01 14 6.978E-06 1.000E+02 15 7.585E-04 1.011E+01
16 2.004E-03 1.171E+00 17 5.878E-04 8.337E+00 19 3.022E-02 3.939E+00 20 6.528E-04 2.264E+01 22 4.590E-06 9.248E+01
23 2.264E-04 2.936E+00 24 4.301E-03 3.294E-01 25 4.596E-08 7.774E+01 26 6.266E-03 4.546E-01 27 3.668E-03 4.673E-01
132  26
 1 1.050E-03 2.332E+01  2 3.444E-05 1.605E+01  3 5.935E-03 1.754E+00  4 1.479E-05 1.000E+02  5 1.763E-04 2.911E+01
 6 5.540E-04 8.514E+00  7 4.837E-05 1.770E+01  8 5.892E-05 2.417E+01  9 2.941E-06 9.502E+01 10 5.390E-03 1.732E+00
11 2.636E-04 1.249E+01 12 7.714E-04 3.464E+00 13 1.215E-02 6.814E-01 14 1.358E-06 1.000E+02 15 8.723E-04 8.679E+00
16 2.038E-03 9.911E-01 17 7.326E-04 6.456E+00 19 3.843E-02 3.536E+00 20 8.855E-04 1.839E+01 21 3.192E-06 1.000E+02
22 4.409E-05 4.754E+01 23 2.371E-04 3.545E+00 24 4.296E-03 2.540E-01 25 1.300E-07 6.687E+01 26 6.276E-03 3.797E-01
27 3.666E-03 5.463E-01
133  24
 1 9.806E-04 2.192E+01  2 3.930E-05 1.594E+01  3 3.128E-03 3.035E+00  4 4.157E-06 1.000E+02  5 1.866E-04 2.961E+01
 6 5.884E-04 8.463E+00  7 3.700E-05 1.856E+01  8 5.337E-05 1.921E+01  9 9.519E-06 5.414E+01 10 5.359E-03 2.419E+00
11 2.303E-04 1.077E+01 12 7.604E-04 3.296E+00 13 1.274E-02 9.570E-01 15 6.569E-04 1.102E+01 16 1.758E-03 8.553E-01
17 7.412E-04 4.920E+00 19 4.055E-02 2.762E+00 20 8.223E-04 1.722E+01 22 6.974E-07 1.000E+02 23 2.601E-04 2.768E+00
24 4.221E-03 3.129E-01 25 1.458E-08 7.350E+01 26 5.066E-03 4.628E-01 27 2.629E-03 6.013E-01
134  26
 1 9.338E-04 1.975E+01  2 4.034E-05 1.615E+01  3 2.782E-03 2.914E+00  4 4.284E-05 1.000E+02  5 4.885E-04 3.671E+01
 6 4.683E-04 9.801E+00  7 3.844E-05 1.668E+01  8 5.280E-05 2.487E+01  9 8.234E-06 5.702E+01 10 4.949E-03 2.541E+00
11 1.461E-04 1.594E+01 12 6.903E-04 3.429E+00 13 1.236E-02 7.332E-01 14 1.651E-05 1.000E+02 15 6.257E-04 9.342E+00
16 1.761E-03 1.048E+00 17 5.841E-04 7.347E+00 19 3.991E-02 3.229E+00 20 9.201E-04 2.051E+01 21 5.336E-07 1.000E+02
22 1.343E-05 5.380E+01 23 3.110E-04 3.020E+00 24 4.197E-03 3.398E-01 25 6.009E-09 1.000E+02 26 4.799E-03 6.583E-01
27 2.365E-03 7.089E-01
135  24
 1 7.708E-04 1.820E+01  2 4.532E-05 1.754E+01  3 2.518E-03 5.301E+00  4 8.170E-05 1.000E+02  5 2.747E-04 4.788E+01
 6 4.059E-04 1.028E+01  7 3.716E-05 1.430E+01  8 5.923E-05 2.070E+01  9 7.650E-06 7.003E+01 10 4.268E-03 2.147E+00
11 1.720E-04 1.099E+01 12 6.655E-04 2.634E+00 13 1.214E-02 1.021E+00 15 6.915E-04 1.194E+01 16 1.776E-03 1.003E+00
17 4.850E-04 1.073E+01 19 4.319E-02 3.177E+00 20 7.583E-04 1.927E+01 22 8.871E-06 7.828E+01 23 3.281E-04 3.666E+00
24 4.200E-03 3.108E-01 25 4.079E-08 5.739E+01 26 4.862E-03 5.057E-01 27 2.390E-03 8.237E-01
136  24
 1 7.830E-04 2.042E+01  2 4.395E-05 1.977E+01  3 2.346E-03 4.324E+00  5 2.140E-04 3.650E+01  6 4.116E-04 1.280E+01
 7 3.185E-05 1.470E+01  8 5.119E-05 2.490E+01  9 3.868E-06 6.898E+01 10 3.685E-03 2.838E+00 11 1.686E-04 1.197E+01
12 5.802E-04 3.140E+00 13 1.099E-02 1.036E+00 15 4.393E-04 1.047E+01 16 1.742E-03 1.198E+00 17 4.516E-04 1.048E+01
19 3.729E-02 3.813E+00 20 9.033E-04 1.529E+01 21 7.129E-06 1.000E+02 22 4.070E-06 8.562E+01 23 3.446E-04 3.442E+00
24 4.296E-03 3.000E-01 25 1.476E-08 9.589E+01 26 6.372E-03 4.638E-01 27 3.702E-03 5.771E-01
137  23
 1 5.692E-04 2.349E+01  2 5.728E-05 1.466E+01  3 2.120E-03 3.101E+00  5 3.690E-04 4.391E+01  6 3.712E-04 1.056E+01
 7 2.535E-05 2.082E+01  8 1.673E-05 2.916E+01  9 4.530E-06 5.372E+01 10 3.419E-03 2.468E+00 11 1.798E-04 1.284E+01
12 5.446E-04 2.911E+00 13 1.043E-02 8.764E-01 15 4.460E-04 1.006E+01 16 1.779E-03 1.311E+00 17 4.739E-04 1.163E+01
19 3.452E-02 3.074E+00 20 9.783E-04 1.760E+01 22 1.251E-06 7.924E+01 23 3.680E-04 3.438E+00 24 4.284E-03 3.005E-01
25 1.555E-07 5.904E+01 26 6.359E-03 4.068E-01 27 3.676E-03 5.457E-01
138  25
 1 6.292E-04 2.120E+01  2 6.498E-05 1.303E+01  3 1.982E-03 3.290E+00  4 8.553E-05 1.000E+02  5 1.120E-04 4.504E+01
 6 2.723E-04 1.115E+01  7 2.715E-05 1.638E+01  8 2.597E-05 2.908E+01  9 7.419E-06 6.473E+01 10 3.254E-03 2.190E+00
11 1.373E-04 1.607E+01 12 5.063E-04 3.836E+00 13 1.024E-02 8.915E-01 15 4.203E-04 1.508E+01 16 1.753E-03 1.132E+00
17 4.616E-04 9.144E+00 19 3.257E-02 3.516E+00 20 1.058E-03 1.484E+01 21 5.973E-06 1.000E+02 22 7.438E-06 8.731E+01
23 4.068E-04 2.791E+00 24 4.284E-03 3.134E-01 25 3.172E-10 1.000E+02 26 6.121E-03 5.392E-01 27 3.444E-03 6.874E-01
139  24
 1 8.287E-04 2.234E+01  2 6.157E-05 1.199E+01  3 1.903E-03 3.233E+00  4 4.440E-05 9.827E+01  5 2.279E-04 4.416E+01
 6 3.607E-04 9.638E+00  7 3.004E-05 1.897E+01  8 2.791E-05 2.649E+01  9 1.199E-05 7.040E+01 10 2.882E-03 2.943E+00
11 1.567E-04 1.307E+01 12 4.937E-04 4.397E+00 13 1.033E-02 7.056E-01 15 4.367E-04 1.409E+01 16 1.769E-03 1.219E+00
17 3.692E-04 1.281E+01 19 3.108E-02 4.074E+00 20 1.489E-03 1.037E+01 22 1.838E-07 1.000E+02 23 4.721E-04 3.093E+00
24 4.181E-03 2.675E-01 25 3.313E-07 5.728E+01 26 4.812E-03 5.941E-01 27 2.337E-03 8.105E-01
140  24
 1 4.837E-04 3.111E+01  2 6.557E-05 1.339E+01  3 1.586E-03 5.039E+00  4 3.360E-05 9.771E+01  5 1.790E-04 4.485E+01
 6 3.387E-04 9.845E+00  7 2.475E-05 1.764E+01  8 2.455E-05 2.436E+01  9 6.984E-06 5.192E+01 10 2.662E-03 3.454E+00
11 1.208E-04 1.007E+01 12 4.438E-04 4.886E+00 13 9.873E-03 9.104E-01 15 4.336E-04 1.389E+01 16 1.717E-03 9.993E-01
17 4.442E-04 1.264E+01 19 2.594E-02 5.050E+00 20 1.686E-03 1.619E+01 21 4.134E-07 1.000E+02 23 4.826E-04 2.152E+00
24 4.168E-03 3.393E-01 25 6.736E-08 6.837E+01 26 4.781E-03 5.520E-01 27 2.315E-03 7.174E-01
141  25
 1 3.778E-04 3.138E+01  2 7.731E-05 1.091E+01  3 1.399E-03 3.831E+00  4 3.345E-05 7.392E+01  5 8.437E-05 4.743E+01
 6 2.697E-04 1.049E+01  7 2.405E-05 1.292E+01  8 2.807E-05 2.438E+01  9 3.275E-06 5.707E+01 10 2.392E-03 1.809E+00
11 1.190E-04 1.386E+01 12 4.201E-04 3.779E+00 13 9.301E-03 1.030E+00 14 3.163E-06 1.000E+02 15 4.252E-04 1.314E+01
16 1.753E-03 1.222E+00 17 3.070E-04 9.062E+00 19 2.052E-02 5.269E+00 20 1.748E-03 1.674E+01 22 2.426E-06 9.493E+01
23 5.544E-04 2.333E+00 24 4.220E-03 3.174E-01 25 1.618E-08 7.053E+01 26 5.430E-03 5.624E-01 27 2.849E-03 7.201E-01
142  25
 1 4.913E-04 1.859E+01  2 8.003E-05 1.579E+01  3 1.480E-03 4.436E+00  4 5.496E-05 9.131E+01  5 6.594E-05 6.278E+01
 6 1.897E-04 1.320E+01  7 1.770E-05 1.767E+01  8 2.051E-05 3.447E+01  9 5.609E-07 1.000E+02 10 2.320E-03 3.439E+00
11 1.154E-04 1.324E+01 12 3.646E-04 4.772E+00 13 8.216E-03 1.125E+00 15 3.040E-04 2.080E+01 16 1.796E-03 7.329E-01
17 3.364E-04 1.270E+01 19 1.209E-02 5.602E+00 20 1.606E-03 1.592E+01 21 5.340E-06 1.000E+02 22 1.480E-06 1.000E+02
23 5.769E-04 2.608E+00 24 4.258E-03 3.248E-01 25 2.577E-07 7.227E+01 26 6.340E-03 4.229E-01 27 3.642E-03 5.556E-01
143  24
 1 4.205E-04 2.491E+01  2 9.592E-05 1.089E+01  3 1.217E-03 5.339E+00  4 3.242E-04 5.342E+01  5 1.190E-04 4.172E+01
 6 2.068E-04 1.368E+01  7 1.773E-05 2.336E+01  8 2.805E-05 2.730E+01  9 6.033E-06 4.626E+01 10 1.969E-03 3.686E+00
11 1.308E-04 1.513E+01 12 3.715E-04 4.357E+00 13 7.917E-03 9.593E-01 15 2.866E-04 1.282E+01 16 1.778E-03 1.116E+00
17 3.142E-04 1.368E+01 19 8.315E-03 5.835E+00 20 1.759E-03 1.452E+01 22 2.500E-06 9.519E+01 23 6.337E-04 2.127E+00
24 4.250E-03 3.107E-01 25 3.572E-08 1.000E+02 26 6.360E-03 4.446E-01 27 3.631E-03 5.998E-01
144  24
 1 3.750E-04 2.879E+01  2 1.164E-04 1.035E+01  3 1.134E-03 5.117E+00  4 3.892E-05 1.000E+02  5 1.060E-04 5.160E+01
 6 1.656E-04 1.203E+01  7 1.130E-05 3.196E+01  8 1.352E-05 3.382E+01  9 2.918E-06 4.646E+01 10 1.872E-03 3.950E+00
11 8.501E-05 1.651E+01 12 3.065E-04 4.542E+00 13 7.763E-03 7.710E-01 15 2.966E-04 1.178E+01 16 1.787E-03 9.863E-01
17 2.576E-04 1.304E+01 19 7.551E-03 7.414E+00 20 2.464E-03 9.840E+00 22 1.693E-06 8.915E+01 23 7.315E-04 2.497E+00
24 4.201E-03 2.872E-01 25 1.589E-08 1.000E+02 26 5.461E-03 4.690E-01 27 2.843E-03 5.534E-01
145  25
 1 3.796E-04 2.708E+01  2 1.044E-04 9.156E+00  3 1.001E-03 5.018E+00  4 3.148E-05 9.180E+01  5 1.102E-04 4.716E+01
 6 2.040E-04 1.319E+01  7 1.388E-05 2.370E+01  8 1.112E-05 2.902E+01  9 3.790E-06 7.829E+01 10 1.711E-03 3.389E+00
11 1.061E-04 1.272E+01 12 3.015E-04 5.343E+00 13 7.496E-03 9.357E-01 15 2.649E-04 1.974E+01 16 1.768E-03 8.890E-01
17 2.631E-04 8.519E+00 19 7.166E-03 6.142E+00 20 2.179E-03 9.734E+00 21 6.563E-08 1.000E+02 22 6.812E-06 8.976E+01
23 8.118E-04 1.432E+00 24 4.130E-03 2.759E-01 25 2.590E-08 1.000E+02 26 4.765E-03 5.868E-01 27 2.255E-03 6.360E-01
146  23
 1 2.755E-04 3.169E+01  2 1.304E-04 9.395E+00  3 9.475E-04 5.570E+00  4 2.682E-04 5.462E+01  5 7.100E-05 5.692E+01
 6 2.027E-04 1.413E+01  7 1.709E-05 2.262E+01  8 1.775E-05 2.920E+01  9 8.620E-07 1.000E+02 10 1.556E-03 4.186E+00
11 8.838E-05 1.765E+01 12 2.983E-04 4.429E+00 13 7.039E-03 1.290E+00 15 2.756E-04 1.946E+01 16 1.804E-03 1.108E+00
17 2.118E-04 1.186E+01 19 6.741E-03 6.838E+00 20 2.060E-03 1.093E+01 22 3.490E-07 1.000E+02 23 9.089E-04 1.579E+00
24 4.116E-03 3.565E-01 26 4.815E-03 7.730E-01 27 2.275E-03 1.062E+00
147  23
 1 3.442E-04 2.796E+01  2 1.571E-04 7.081E+00  3 9.820E-04 3.947E+00  4 4.196E-04 4.159E+01  5 7.718E-05 5.818E+01
 6 1.570E-04 1.171E+01  7 1.286E-05 2.170E+01  8 2.831E-05 2.549E+01  9 1.358E-07 9.041E+01 10 1.511E-03 3.167E+00
11 6.207E-05 1.572E+01 12 2.713E-04 4.436E+00 13 6.261E-03 1.278E+00 15 2.505E-04 1.302E+01 16 1.790E-03 1.327E+00
17 2.175E-04 1.254E+01 19 5.340E-03 7.649E+00 20 2.907E-03 1.190E+01 23 9.664E-04 2.018E+00 24 4.186E-03 3.313E-01
25 1.712E-08 1.000E+02 26 5.992E-03 4.696E-01 27 3.297E-03 6.446E-01
148  21
 1 2.868E-04 2.642E+01  2 1.617E-04 9.480E+00  3 7.479E-04 6.194E+00  5 3.029E-05 6.377E+01  6 1.365E-04 1.682E+01
 7 1.386E-05 2.334E+01  8 1.490E-05 3.315E+01  9 8.919E-07 8.696E+01 10 1.360E-03 3.635E+00 11 7.010E-05 1.892E+01
12 2.473E-04 6.282E+00 13 5.599E-03 1.356E+00 15 2.379E-04 1.651E+01 16 1.750E-03 1.087E+00 17 1.933E-04 1.270E+01
19 4.311E-03 8.251E+00 20 3.079E-03 8.764E+00 23 1.067E-03 2.100E+00 24 4.186E-03 3.136E-01 26 6.360E-03 5.786E-01
27 3.586E-03 7.095E-01
149  23
 1 2.745E-04 3.476E+01  2 1.741E-04 9.786E+00  3 6.450E-04 6.410E+00  4 1.615E-04 7.339E+01  5 2.841E-06 1.000E+02
 6 9.734E-05 1.441E+01  7 8.413E-06 2.746E+01  8 1.074E-05 2.875E+01 10 1.119E-03 4.116E+00 11 5.261E-05 1.893E+01
12 2.485E-04 5.324E+00 13 5.033E-03 1.118E+00 15 2.413E-04 1.809E+01 16 1.824E-03 7.668E-01 17 2.149E-04 1.256E+01
19 3.651E-03 8.820E+00 20 3.733E-03 1.010E+01 22 7.678E-08 1.000E+02 23 1.159E-03 1.691E+00 24 4.149E-03 3.562E-01
25 7.769E-08 9.821E+01 26 6.320E-03 5.436E-01 27 3.556E-03 7.612E-01
150  24
 1 1.491E-04 3.624E+01  2 1.867E-04 8.474E+00  3 6.696E-04 4.711E+00  4 3.242E-04 4.679E+01  5 4.800E-05 6.133E+01
 6 1.627E-04 1.596E+01  7 1.222E-05 2.411E+01  8 1.241E-05 3.371E+01  9 1.446E-07 1.000E+02 10 1.167E-03 4.077E+00
11 4.990E-05 2.159E+01 12 2.216E-04 6.107E+00 13 4.896E-03 1.170E+00 15 2.125E-04 1.615E+01 16 1.829E-03 1.028E+00
17 1.443E-04 1.461E+01 19 4.344E-03 6.187E+00 20 3.498E-03 9.142E+00 21 9.294E-07 1.000E+02 23 1.385E-03 1.798E+00
24 4.033E-03 3.631E-01 25 3.257E-09 1.000E+02 26 4.787E-03 5.473E-01 27 2.221E-03 7.258E-01
151  23
 1 1.804E-04 3.182E+01  2 2.281E-04 4.774E+00  3 6.555E-04 5.488E+00  4 3.307E-05 9.711E+01  5 1.035E-05 8.599E+01
 6 8.526E-05 1.923E+01  7 9.337E-06 3.416E+01  8 1.116E-05 4.949E+01  9 2.522E-06 6.750E+01 10 9.311E-04 5.253E+00
11 3.813E-05 2.641E+01 12 1.969E-04 3.572E+00 13 4.542E-03 1.645E+00 15 1.802E-04 1.568E+01 16 1.833E-03 1.106E+00
17 1.801E-04 1.543E+01 19 2.901E-03 1.056E+01 20 4.035E-03 8.016E+00 23 1.540E-03 1.308E+00 24 3.985E-03 2.774E-01
25 3.008E-08 8.780E+01 26 4.747E-03 5.583E-01 27 2.170E-03 8.834E-01
152  24
 1 1.271E-04 3.987E+01  2 2.570E-04 5.940E+00  3 6.411E-04 6.818E+00  4 3.637E-04 4.643E+01  5 1.762E-04 5.008E+01
 6 9.507E-05 1.398E+01  7 9.486E-06 3.601E+01  8 1.752E-05 3.161E+01  9 5.823E-06 7.140E+01 10 9.731E-04 5.132E+00
11 4.525E-05 1.860E+01 12 1.823E-04 6.316E+00 13 3.932E-03 1.381E+00 15 1.922E-04 2.395E+01 16 1.841E-03 9.899E-01
17 1.190E-04 1.326E+01 19 2.589E-03 9.739E+00 20 4.092E-03 9.272E+00 21 4.550E-06 1.000E+02 23 1.690E-03 1.087E+00
24 3.961E-03 2.986E-01 25 7.581E-08 1.000E+02 26 5.087E-03 5.469E-01 27 2.459E-03 7.491E-01
153  24
 1 3.649E-04 2.049E+01  2 2.368E-04 5.415E+00  3 5.025E-04 8.900E+00  4 4.011E-04 4.873E+01  5 1.841E-05 5.804E+01
 6 1.232E-04 1.905E+01  7 6.714E-06 2.490E+01  8 1.699E-05 3.634E+01  9 2.574E-06 7.192E+01 10 8.687E-04 5.408E+00
11 6.512E-05 1.751E+01 12 1.759E-04 5.992E+00 13 3.456E-03 1.860E+00 15 1.339E-04 1.825E+01 16 1.851E-03 1.360E+00
17 1.299E-04 1.376E+01 19 2.968E-03 1.286E+01 20 4.886E-03 9.228E+00 22 2.472E-07 1.000E+02 23 1.743E-03 1.195E+00
24 3.976E-03 3.120E-01 25 1.571E-08 1.000E+02 26 6.185E-03 4.438E-01 27 3.423E-03 5.650E-01
154  23
 1 2.716E-04 3.737E+01  2 3.072E-04 5.290E+00  3 4.574E-04 5.822E+00  4 6.825E-05 7.626E+01  5 3.260E-05 6.426E+01
 6 7.189E-05 3.452E+01  7 6.412E-06 2.544E+01  8 1.437E-05 4.712E+01 10 7.272E-04 6.905E+00 11 5.626E-05 2.829E+01
12 1.499E-04 5.651E+00 13 3.027E-03 1.820E+00 14 5.791E-07 1.000E+02 15 1.355E-04 2.021E+01 16 1.886E-03 8.367E-01
17 1.082E-04 1.598E+01 19 2.201E-03 7.923E+00 20 6.102E-03 7.989E+00 23 2.054E-03 1.059E+00 24 3.924E-03 3.246E-01
25 7.615E-08 1.000E+02 26 6.239E-03 5.055E-01 27 3.462E-03 5.836E-01
155  23
 1 1.168E-04 4.110E+01  2 3.719E-04 7.139E+00  3 4.530E-04 9.048E+00  4 3.015E-04 6.114E+01  5 1.916E-05 6.057E+01
 6 1.067E-04 1.561E+01  7 9.636E-06 3.356E+01  8 1.706E-05 3.421E+01  9 5.526E-07 1.000E+02 10 7.637E-04 5.160E+00
11 4.564E-05 2.281E+01 12 1.488E-04 6.375E+00 13 2.662E-03 1.937E+00 15 1.060E-04 2.170E+01 16 1.897E-03 1.089E+00
17 1.247E-04 1.467E+01 19 2.408E-03 1.137E+01 20 6.571E-03 9.440E+00 23 2.337E-03 1.290E+00 24 3.785E-03 2.880E-01
25 3.721E-08 1.000E+02 26 5.366E-03 4.461E-01 27 2.796E-03 6.615E-01
156  23
 1 5.279E-05 6.432E+01  2 3.732E-04 5.997E+00  3 3.865E-04 6.494E+00  4 7.651E-04 3.436E+01  5 4.153E-06 1.000E+02
 6 7.739E-05 2.109E+01  7 8.447E-06 2.854E+01  8 1.625E-05 3.414E+01 10 7.355E-04 4.825E+00 11 3.805E-05 3.037E+01
12 1.255E-04 8.041E+00 13 2.380E-03 1.578E+00 15 1.376E-04 1.944E+01 16 1.939E-03 1.277E+00 17 1.215E-04 2.007E+01
19 2.083E-03 1.778E+01 20 7.677E-03 6.806E+00 21 7.291E-08 1.000E+02 23 2.568E-03 9.733E-01 24 3.650E-03 3.497E-01
25 1.873E-08 1.000E+02 26 4.994E-03 5.527E-01 27 2.193E-03 7.731E-01
157  21
 1 4.385E-05 4.455E+01  2 4.382E-04 4.388E+00  3 3.690E-04 6.520E+00  4 2.054E-04 4.816E+01  5 2.739E-05 7.873E+01
 6 8.877E-05 2.633E+01  7 5.962E-06 3.702E+01  8 1.095E-05 5.440E+01 10 6.180E-04 7.285E+00 11 3.240E-05 2.019E+01
12 1.142E-04 8.747E+00 13 2.007E-03 1.912E+00 15 1.561E-04 2.379E+01 16 2.012E-03 1.011E+00 17 8.508E-05 2.063E+01
19 1.710E-03 1.262E+01 20 8.783E-03 7.144E+00 23 2.969E-03 9.690E-01 24 3.542E-03 2.805E-01 26 5.168E-03 5.875E-01
27 2.253E-03 7.932E-01
158  25
 1 2.090E-04 4.652E+01  2 4.982E-04 4.100E+00  3 2.987E-04 9.196E+00  4 5.691E-04 3.897E+01  5 8.344E-05 6.857E+01
 6 6.008E-05 2.015E+01  7 3.377E-06 3.014E+01  8 6.969E-06 4.564E+01  9 9.504E-07 6.884E+01 10 5.241E-04 6.132E+00
11 2.833E-05 2.378E+01 12 1.100E-04 7.561E+00 13 1.823E-03 1.759E+00 15 8.954E-05 2.756E+01 16 2.097E-03 9.083E-01
17 7.925E-05 2.066E+01 19 1.968E-03 1.420E+01 20 1.013E-02 6.206E+00 21 8.623E-08 1.000E+02 22 6.090E-06 1.000E+02
23 3.412E-03 1.127E+00 24 3.345E-03 3.550E-01 25 3.888E-09 1.000E+02 26 4.658E-03 5.063E-01 27 2.017E-03 5.557E-01
159  21
 1 7.296E-05 5.120E+01  2 6.057E-04 3.087E+00  3 2.774E-04 7.339E+00  4 4.714E-04 3.220E+01  5 5.229E-05 6.479E+01
 6 5.611E-05 2.531E+01  7 3.938E-06 3.526E+01  8 2.405E-06 6.583E+01 10 4.764E-04 6.255E+00 11 4.240E-05 2.816E+01
12 9.986E-05 5.436E+00 13 1.650E-03 2.692E+00 15 6.968E-05 2.573E+01 16 2.297E-03 7.122E-01 17 6.373E-05 2.282E+01
19 1.766E-03 1.666E+01 20 1.142E-02 5.284E+00 23 4.181E-03 1.164E+00 24 2.992E-03 3.590E-01 26 2.793E-03 8.338E-01
27 1.364E-03 1.127E+00
160  22
 1 1.962E-04 3.216E+01  2 6.165E-04 4.747E+00  3 2.556E-04 8.277E+00  4 1.005E-03 3.015E+01  5 4.417E-07 1.000E+02
 6 3.987E-05 2.453E+01  7 3.745E-06 4.410E+01  8 8.131E-06 5.950E+01  9 7.576E-07 1.000E+02 10 3.806E-04 6.602E+00
11 3.408E-05 2.674E+01 12 8.181E-05 9.435E+00 13 1.526E-03 2.274E+00 15 4.145E-05 2.738E+01 16 7.668E-03 5.983E-01
17 9.799E-05 2.671E+01 19 1.134E-03 2.007E+01 20 1.432E-02 4.939E+00 23 4.947E-03 8.189E-01 24 2.735E-03 3.349E-01
26 2.582E-03 8.611E-01 27 1.264E-03 1.236E+00
161  21
 1 1.249E-04 3.381E+01  2 4.472E-04 3.610E+00  3 1.430E-04 9.931E+00  4 2.273E-04 5.334E+01  5 1.526E-07 1.000E+02
 6 3.513E-05 2.800E+01  7 3.459E-06 4.068E+01  8 3.459E-06 4.379E+01 10 3.238E-04 7.124E+00 11 1.474E-05 3.198E+01
12 5.936E-05 8.309E+00 13 1.151E-03 1.998E+00 15 4.939E-05 3.224E+01 16 1.425E-03 1.147E+00 17 4.811E-05 2.579E+01
19 1.050E-03 1.254E+01 20 4.634E-02 2.257E+00 23 1.252E-02 3.653E-01 24 1.036E-03 6.354E-01 26 2.397E-03 6.577E-01
27 1.142E-03 8.204E-01
162  23
 1 1.099E-04 4.002E+01  2 4.744E-04 3.098E+00  3 1.080E-04 9.347E+00  4 2.830E-04 5.946E+01  5 6.983E-06 8.011E+01
 6 3.316E-05 2.414E+01  7 3.079E-06 3.577E+01  8 1.535E-06 5.066E+01  9 1.122E-07 1.000E+02 10 2.553E-04 8.520E+00
11 1.509E-05 3.425E+01 12 5.695E-05 9.622E+00 13 1.023E-03 1.667E+00 15 3.225E-05 2.492E+01 16 1.437E-03 1.204E+00
17 6.707E-05 1.725E+01 19 1.007E-03 1.039E+01 20 6.888E-02 2.309E+00 22 8.215E-08 1.000E+02 23 1.334E-02 3.812E-01
24 8.827E-04 3.929E-01 26 2.397E-03 6.823E-01 27 1.088E-03 1.019E+00
163  23
 1 4.234E-05 5.230E+01  2 5.598E-04 2.933E+00  3 1.433E-04 9.731E+00  4 3.853E-04 3.227E+01  5 8.439E-06 9.649E+01
 6 3.095E-05 2.573E+01  7 3.294E-06 3.413E+01  8 6.626E-06 6.176E+01  9 4.405E-06 9.113E+01 10 2.365E-04 8.686E+00
11 1.131E-05 3.102E+01 12 4.945E-05 6.161E+00 13 9.432E-04 2.425E+00 15 3.788E-05 2.043E+01 16 1.444E-03 9.192E-01
17 4.553E-05 3.324E+01 19 8.184E-04 1.238E+01 20 7.754E-02 2.355E+00 23 1.402E-02 4.197E-01 24 7.754E-04 6.668E-01
25 8.210E-10 1.000E+02 26 2.422E-03 7.213E-01 27 1.059E-03 9.101E-01
164  21
 1 3.904E-05 5.933E+01  2 5.953E-04 2.596E+00  3 1.212E-04 1.117E+01  4 2.636E-04 3.852E+01  5 3.613E-07 1.000E+02
 6 2.181E-05 2.349E+01  7 2.931E-06 3.731E+01  8 2.009E-06 6.141E+01 10 2.006E-04 9.790E+00 11 1.272E-05 4.398E+01
12 4.653E-05 7.007E+00 13 8.410E-04 2.137E+00 15 2.912E-05 4.122E+01 16 1.458E-03 1.119E+00 17 4.209E-05 1.765E+01
19 9.020E-04 1.127E+01 20 7.986E-02 2.163E+00 23 1.441E-02 3.335E-01 24 6.806E-04 6.633E-01 26 2.443E-03 5.869E-01
27 1.028E-03 6.991E-01
165  24
 1 1.332E-05 6.717E+01  2 7.133E-04 2.776E+00  3 1.127E-04 1.118E+01  4 5.172E-04 3.960E+01  5 3.782E-05 9.684E+01
 6 2.735E-05 3.042E+01  7 1.769E-06 3.683E+01  8 6.882E-07 5.448E+01  9 3.475E-06 7.213E+01 10 1.914E-04 7.107E+00
11 6.205E-06 2.675E+01 12 4.341E-05 9.109E+00 13 7.290E-04 2.416E+00 15 4.008E-05 3.978E+01 16 1.439E-03 5.856E-01
17 4.037E-05 1.945E+01 19 6.850E-04 1.699E+01 20 7.607E-02 1.822E+00 22 1.294E-06 1.000E+02 23 1.493E-02 3.600E-01
24 6.043E-04 7.553E-01 25 3.917E-08 6.958E+01 26 2.494E-03 5.828E-01 27 1.022E-03 7.830E-01
166  22
 1 3.800E-05 4.981E+01  2 7.561E-04 2.801E+00  3 9.042E-05 1.648E+01  4 2.821E-04 3.350E+01  5 2.353E-06 1.000E+02
 6 2.443E-05 3.700E+01  7 2.704E-06 4.773E+01  8 1.246E-06 8.527E+01  9 1.619E-06 9.227E+01 10 1.742E-04 7.909E+00
11 6.561E-06 4.851E+01 12 4.038E-05 9.100E+00 13 6.702E-04 2.753E+00 15 2.550E-05 3.355E+01 16 1.435E-03 9.035E-01
17 5.491E-05 1.839E+01 19 5.603E-04 2.038E+01 20 7.221E-02 1.999E+00 23 1.552E-02 3.488E-01 24 5.389E-04 7.350E-01
26 2.573E-03 5.668E-01 27 1.008E-03 6.645E-01
167  22
 1 1.456E-05 8.887E+01  2 8.630E-04 2.655E+00  3 8.690E-05 1.474E+01  4 3.120E-04 3.313E+01  5 1.520E-05 9.935E+01
 6 2.702E-05 2.857E+01  7 1.319E-06 6.765E+01  8 5.638E-06 6.857E+01 10 1.520E-04 5.621E+00 11 2.179E-05 2.305E+01
12 4.215E-05 9.800E+00 13 6.225E-04 2.625E+00 15 2.464E-05 4.001E+01 16 1.422E-03 1.438E+00 17 3.142E-05 2.894E+01
19 3.778E-04 1.937E+01 20 6.332E-02 1.999E+00 22 2.427E-07 1.000E+02 23 1.597E-02 3.646E-01 24 4.781E-04 7.340E-01
26 2.678E-03 5.904E-01 27 1.021E-03 7.922E-01
168  22
 1 8.433E-05 4.827E+01  2 9.825E-04 2.211E+00  3 8.118E-05 1.526E+01  4 3.551E-04 4.607E+01  5 8.880E-06 1.000E+02
 6 1.784E-05 4.551E+01  7 2.751E-06 5.581E+01  8 9.258E-07 1.000E+02  9 1.415E-07 1.000E+02 10 1.487E-04 1.131E+01
11 5.971E-06 2.456E+01 12 3.284E-05 8.977E+00 13 5.690E-04 2.364E+00 15 3.625E-05 3.501E+01 16 2.347E-03 8.580E-01
17 4.579E-05 3.236E+01 19 4.635E-04 1.460E+01 20 5.412E-02 2.380E+00 23 1.659E-02 3.463E-01 24 4.509E-04 6.831E-01
26 2.848E-03 5.246E-01 27 1.035E-03 7.179E-01
169  22
 1 3.315E-05 7.690E+01  2 1.005E-03 2.315E+00  3 9.174E-05 1.326E+01  4 7.823E-04 2.584E+01  5 4.491E-06 1.000E+02
 6 1.632E-05 2.768E+01  7 1.714E-06 6.809E+01  8 5.044E-06 6.965E+01 10 1.307E-04 8.832E+00 11 7.590E-06 2.879E+01
12 3.963E-05 7.505E+00 13 5.247E-04 2.729E+00 15 3.514E-05 4.076E+01 16 1.517E-03 8.403E-01 17 2.816E-05 3.120E+01
19 6.502E-04 1.818E+01 20 3.290E-02 3.019E+00 23 1.835E-02 2.962E-01 24 4.130E-04 6.224E-01 25 1.274E-08 1.000E+02
26 4.441E-03 4.003E-01 27 1.454E-03 5.106E-01
170  20
 1 3.468E-05 6.114E+01  2 1.209E-03 2.585E+00  3 8.563E-05 1.079E+01  4 7.912E-04 2.894E+01  6 7.294E-06 4.200E+01
 7 5.871E-07 4.930E+01  8 1.039E-06 9.580E+01 10 1.247E-04 8.874E+00 11 6.823E-06 3.958E+01 12 2.522E-05 9.410E+00
13 4.777E-04 3.773E+00 15 3.106E-05 2.667E+01 16 1.494E-03 8.839E-01 17 3.018E-05 2.746E+01 19 5.767E-04 1.262E+01
20 2.384E-02 2.622E+00 23 1.887E-02 3.476E-01 24 3.624E-04 1.019E+00 26 4.678E-03 4.412E-01 27 1.496E-03 4.754E-01
171  23
 1 2.908E-05 6.571E+01  2 1.346E-03 2.579E+00  3 7.988E-05 1.295E+01  4 6.334E-04 3.515E+01  5 1.071E-06 1.000E+02
 6 8.835E-06 5.373E+01  7 1.216E-06 6.253E+01  8 1.251E-06 6.884E+01  9 6.436E-08 1.000E+02 10 1.338E-04 9.150E+00
11 1.262E-05 2.884E+01 12 2.171E-05 1.473E+01 13 4.141E-04 3.811E+00 15 5.434E-06 6.059E+01 16 1.439E-03 9.705E-01
17 2.239E-05 3.035E+01 19 3.914E-04 1.932E+01 20 1.334E-02 4.579E+00 22 9.507E-08 1.000E+02 23 1.933E-02 3.574E-01
24 3.197E-04 1.076E+00 26 4.811E-03 4.984E-01 27 1.514E-03 5.397E-01
172  22
 1 5.073E-05 4.798E+01  2 1.558E-03 1.448E+00  3 7.426E-05 1.227E+01  4 1.688E-03 2.133E+01  5 1.806E-05 9.854E+01
 6 2.021E-05 2.948E+01  7 1.930E-06 5.609E+01  8 1.543E-06 5.708E+01  9 1.299E-06 1.000E+02 10 9.181E-05 1.451E+01
11 6.487E-06 3.390E+01 12 2.804E-05 1.333E+01 13 3.669E-04 4.204E+00 15 2.291E-05 4.491E+01 16 1.407E-03 9.478E-01
17 3.010E-05 2.426E+01 19 4.494E-04 2.466E+01 20 1.122E-02 4.743E+00 23 1.944E-02 3.127E-01 24 2.888E-04 1.077E+00
26 4.847E-03 4.228E-01 27 1.508E-03 5.198E-01
173  22
 1 5.998E-05 6.162E+01  2 1.719E-03 1.657E+00  3 7.686E-05 1.377E+01  4 1.278E-03 2.479E+01  5 3.232E-05 1.000E+02
 6 1.295E-05 5.600E+01  7 2.151E-06 5.099E+01  8 2.568E-06 6.773E+01 10 8.365E-05 1.137E+01 11 1.240E-05 3.723E+01
12 2.333E-05 1.639E+01 13 3.322E-04 4.914E+00 15 8.330E-06 3.918E+01 16 1.390E-03 1.222E+00 17 3.038E-05 4.207E+01
19 3.838E-04 2.334E+01 20 1.058E-02 4.547E+00 22 1.212E-06 1.000E+02 23 1.965E-02 3.409E-01 24 2.558E-04 1.053E+00
26 4.969E-03 4.931E-01 27 1.525E-03 5.168E-01
174  20
 1 7.661E-06 1.000E+02  2 1.973E-03 1.434E+00  3 4.107E-05 2.066E+01  4 1.084E-03 2.714E+01  6 4.236E-06 3.822E+01
 7 1.126E-06 5.913E+01  9 4.017E-08 1.000E+02 10 9.039E-05 1.174E+01 11 2.616E-06 5.917E+01 12 2.171E-05 1.218E+01
13 2.847E-04 4.057E+00 15 1.461E-05 4.757E+01 16 1.377E-03 8.561E-01 17 3.349E-05 2.649E+01 19 1.640E-04 2.460E+01
20 8.813E-03 4.512E+00 23 1.974E-02 3.092E-01 24 2.288E-04 1.090E+00 26 5.013E-03 4.223E-01 27 1.526E-03 4.494E-01
175  23
 1 1.543E-05 1.000E+02  2 2.354E-03 1.428E+00  3 6.220E-05 1.530E+01  4 1.936E-03 1.361E+01  5 1.079E-06 1.000E+02
 6 1.436E-05 3.473E+01  7 1.300E-07 5.877E+01  8 8.542E-09 1.000E+02  9 3.787E-08 1.000E+02 10 7.361E-05 1.287E+01
11 3.347E-06 6.569E+01 12 2.014E-05 1.260E+01 13 2.682E-04 3.106E+00 15 6.526E-06 4.141E+01 16 1.385E-03 1.034E+00
17 2.518E-05 4.451E+01 19 1.737E-04 3.459E+01 20 6.790E-03 4.943E+00 22 1.460E-06 1.000E+02 23 2.004E-02 2.811E-01
24 2.081E-04 1.379E+00 26 5.089E-03 4.794E-01 27 1.530E-03 5.089E-01
176  20
 1 2.001E-05 8.686E+01  2 2.581E-03 1.591E+00  3 5.241E-05 1.334E+01  4 2.280E-03 1.534E+01  6 1.008E-05 4.618E+01
 7 2.778E-06 6.287E+01  8 3.257E-08 8.130E+01 10 5.525E-05 1.488E+01 11 2.936E-06 6.443E+01 12 1.859E-05 1.643E+01
13 2.308E-04 3.896E+00 15 1.125E-05 4.833E+01 16 1.352E-03 1.071E+00 17 9.919E-06 3.839E+01 19 1.361E-04 2.201E+01
20 6.637E-03 3.979E+00 23 2.018E-02 3.217E-01 24 1.883E-04 1.183E+00 26 5.173E-03 3.836E-01 27 1.548E-03 4.743E-01
177  19
 2 2.989E-03 1.141E+00  3 3.909E-05 1.812E+01  4 1.629E-03 1.591E+01  6 1.265E-05 4.768E+01  7 1.384E-06 5.568E+01
 8 1.965E-06 5.903E+01 10 5.222E-05 1.500E+01 11 3.452E-06 6.639E+01 12 1.533E-05 1.187E+01 13 2.334E-04 4.176E+00
15 2.503E-05 4.132E+01 16 1.364E-03 9.734E-01 17 9.653E-06 5.056E+01 19 1.167E-04 3.078E+01 20 5.736E-03 5.940E+00
23 2.036E-02 3.193E-01 24 1.708E-04 8.252E-01 26 5.225E-03 4.638E-01 27 1.540E-03 5.456E-01
178  19
 1 4.484E-07 1.000E+02  2 3.357E-03 9.822E-01  3 4.918E-05 1.908E+01  4 2.435E-03 1.582E+01  6 4.750E-06 4.809E+01
 7 2.102E-06 5.774E+01 10 5.225E-05 1.363E+01 11 2.614E-06 5.730E+01 12 1.479E-05 1.553E+01 13 2.031E-04 3.953E+00
15 8.070E-06 6.007E+01 16 1.345E-03 1.052E+00 17 2.038E-05 5.396E+01 19 2.678E-04 2.356E+01 20 5.446E-03 7.623E+00
23 2.031E-02 3.051E-01 24 1.541E-04 1.332E+00 26 5.228E-03 4.070E-01 27 1.527E-03 4.637E-01
179  20
 1 6.985E-05 5.767E+01  2 3.933E-03 1.636E+00  3 4.522E-05 1.939E+01  4 3.495E-03 1.742E+01  6 4.025E-06 6.217E+01
 8 1.269E-06 1.000E+02 10 4.793E-05 2.000E+01 11 8.589E-06 6.814E+01 12 1.097E-05 1.958E+01 13 1.880E-04 3.553E+00
15 3.076E-06 8.914E+01 16 1.344E-03 9.169E-01 17 7.682E-06 4.593E+01 19 1.428E-04 2.858E+01 20 4.125E-03 7.366E+00
23 2.063E-02 3.133E-01 24 1.378E-04 1.173E+00 25 1.164E-08 1.000E+02 26 5.371E-03 4.584E-01 27 1.554E-03 4.787E-01
180  20
 1 1.073E-05 8.988E+01  2 4.517E-03 7.114E-01  3 3.193E-05 1.967E+01  4 3.485E-03 8.955E+00  6 2.688E-06 6.933E+01
 7 1.339E-08 1.000E+02  8 1.655E-08 1.000E+02 10 3.761E-05 1.599E+01 11 3.016E-06 6.179E+01 12 1.020E-05 1.990E+01
13 1.698E-04 4.537E+00 15 1.120E-05 6.456E+01 16 1.334E-03 1.069E+00 17 1.499E-05 4.299E+01 19 1.433E-04 3.959E+01
20 4.400E-03 7.646E+00 23 2.059E-02 2.744E-01 24 1.255E-04 1.779E+00 26 5.410E-03 3.762E-01 27 1.554E-03 4.131E-01
181  18
 1 2.092E-05 9.557E+01  2 5.244E-03 8.957E-01  3 2.886E-05 2.123E+01  4 4.274E-03 1.308E+01  6 3.413E-06 5.256E+01
10 3.358E-05 2.197E+01 11 6.558E-06 6.181E+01 12 1.134E-05 2.728E+01 13 1.332E-04 4.623E+00 15 3.290E-06 8.641E+01
16 1.339E-03 9.704E-01 17 1.985E-06 5.879E+01 19 1.041E-04 2.973E+01 20 2.962E-03 6.735E+00 23 2.083E-02 2.929E-01
24 1.103E-04 1.812E+00 26 5.597E-03 4.120E-01 27 1.572E-03 5.377E-01
182  20
 1 6.995E-07 1.000E+02  2 6.126E-03 8.975E-01  3 2.251E-05 2.500E+01  4 5.711E-03 1.166E+01  6 6.025E-06 7.890E+01
 7 1.943E-06 5.940E+01  8 1.218E-06 8.563E+01 10 2.575E-05 1.408E+01 11 1.185E-06 6.874E+01 12 1.101E-05 1.676E+01
13 1.416E-04 5.457E+00 15 1.070E-05 6.116E+01 16 1.319E-03 7.137E-01 17 6.481E-06 6.723E+01 19 8.204E-05 3.164E+01
20 2.753E-03 8.002E+00 23 2.108E-02 3.384E-01 24 1.040E-04 1.464E+00 26 5.881E-03 4.152E-01 27 1.545E-03 3.740E-01
183  20
 1 3.320E-05 8.600E+01  2 7.595E-03 1.031E+00  3 3.582E-05 2.112E+01  4 7.253E-03 9.127E+00  6 4.071E-06 6.063E+01
 7 7.117E-07 6.802E+01  8 1.492E-06 7.290E+01 10 4.121E-05 2.044E+01 11 2.259E-06 9.960E+01 12 9.892E-06 1.713E+01
13 1.110E-04 6.092E+00 15 5.453E-08 1.000E+02 16 1.303E-03 1.228E+00 17 4.331E-06 4.981E+01 19 1.398E-04 3.274E+01
20 2.395E-03 8.253E+00 23 2.132E-02 3.747E-01 24 9.467E-05 1.746E+00 26 6.287E-03 4.478E-01 27 1.636E-03 4.543E-01
184  23
 1 7.525E-06 1.000E+02  2 1.024E-02 1.032E+00  3 2.007E-05 2.379E+01  4 1.075E-02 6.847E+00  5 7.078E-07 1.000E+02
 6 3.842E-06 6.173E+01  7 4.542E-07 7.832E+01  8 6.678E-09 1.000E+02  9 9.053E-09 1.000E+02 10 3.139E-05 1.744E+01
11 1.116E-06 6.909E+01 12 6.035E-06 2.466E+01 13 1.014E-04 6.914E+00 15 5.980E-06 6.403E+01 16 1.293E-03 1.024E+00
17 5.953E-06 5.305E+01 19 9.237E-05 3.130E+01 20 2.059E-03 8.567E+00 21 1.053E-07 1.000E+02 23 2.149E-02 3.329E-01
24 8.196E-05 1.851E+00 26 6.530E-03 4.183E-01 27 1.690E-03 4.292E-01
185  18
 2 1.345E-02 7.669E-01  3 2.988E-05 1.677E+01  4 1.318E-02 7.367E+00  6 5.292E-06 6.106E+01  7 1.139E-06 5.467E+01
10 2.492E-05 2.456E+01 11 8.747E-07 8.542E+01 12 8.623E-06 2.075E+01 13 8.281E-05 6.142E+00 15 1.058E-05 5.243E+01
16 1.265E-03 7.010E-01 17 1.458E-05 6.291E+01 19 1.088E-04 4.973E+01 20 2.166E-03 1.084E+01 23 2.162E-02 2.886E-01
24 7.366E-05 1.785E+00 26 6.672E-03 3.603E-01 27 1.710E-03 4.300E-01
186  17
 2 1.658E-02 7.475E-01  3 2.519E-05 3.085E+01  4 1.148E-01 3.021E+00  6 1.521E-06 8.749E+01 10 2.195E-05 2.059E+01
11 2.552E-06 9.550E+01 12 7.280E-06 2.525E+01 13 8.720E-05 7.740E+00 15 1.219E-06 1.000E+02 16 1.229E-03 8.837E-01
17 8.132E-06 5.325E+01 19 8.773E-05 4.593E+01 20 1.580E-03 1.139E+01 23 2.164E-02 2.849E-01 24 6.719E-05 2.076E+00
26 6.672E-03 4.047E-01 27 1.697E-03 4.256E-01
187  20
 1 3.678E-05 6.791E+01  2 1.969E-02 5.008E-01  3 2.259E-05 2.209E+01  4 1.204E-01 2.458E+00  5 3.348E-07 1.000E+02
 6 3.458E-06 8.850E+01  8 8.212E-07 1.000E+02  9 1.262E-06 1.000E+02 10 1.287E-05 2.456E+01 11 1.892E-06 8.576E+01
12 7.941E-06 2.542E+01 13 6.403E-05 7.114E+00 16 1.206E-03 1.230E+00 17 5.217E-06 4.625E+01 19 6.536E-05 4.480E+01
20 1.509E-03 1.131E+01 23 2.143E-02 3.149E-01 24 6.110E-05 2.252E+00 26 6.467E-03 4.066E-01 27 1.624E-03 4.267E-01
188  20
 1 1.518E-05 1.000E+02  2 2.333E-02 6.463E-01  3 1.208E-05 2.717E+01  4 1.231E-01 2.837E+00  5 1.349E-05 1.000E+02
 6 3.517E-06 6.780E+01  7 1.230E-08 1.000E+02 10 1.909E-05 2.970E+01 11 3.941E-06 5.437E+01 12 4.152E-06 2.226E+01
13 6.349E-05 8.909E+00 15 3.778E-06 7.375E+01 16 1.199E-03 1.348E+00 17 1.419E-06 8.005E+01 19 3.521E-05 5.910E+01
20 1.531E-03 1.357E+01 23 2.136E-02 2.929E-01 24 5.488E-05 2.461E+00 26 6.246E-03 4.284E-01 27 1.553E-03 5.090E-01
189  19
 1 2.832E-06 9.563E+01  2 2.613E-02 5.940E-01  3 1.723E-05 2.640E+01  4 1.183E-01 2.990E+00  6 2.147E-06 8.365E+01
 7 6.417E-07 1.000E+02 10 1.237E-05 2.682E+01 11 2.082E-06 3.713E+01 12 8.327E-06 2.306E+01 13 5.857E-05 9.109E+00
15 1.292E-05 7.842E+01 16 1.188E-03 1.280E+00 17 1.234E-05 4.087E+01 19 7.633E-05 5.624E+01 20 1.141E-03 1.217E+01
23 2.087E-02 3.182E-01 24 5.006E-05 2.202E+00 26 5.889E-03 4.556E-01 27 1.449E-03 5.244E-01
190  18
 2 2.923E-02 4.528E-01  3 2.408E-05 2.524E+01  4 1.318E-02 7.355E+00  6 1.347E-06 6.197E+01  7 7.823E-07 7.836E+01
10 1.609E-05 2.411E+01 11 9.806E-07 9.947E+01 12 3.091E-06 3.869E+01 13 5.289E-05 9.309E+00 15 3.356E-06 7.110E+01
16 1.267E-03 8.480E-01 17 5.096E-06 7.966E+01 19 7.438E-05 4.704E+01 20 9.657E-04 1.599E+01 23 2.082E-02 2.891E-01
24 4.795E-05 2.285E+00 26 5.694E-03 3.897E-01 27 1.385E-03 4.483E-01
191  18
 2 3.121E-02 5.097E-01  3 2.501E-05 2.731E+01  4 9.852E-03 9.382E+00  6 1.565E-06 8.391E+01  8 7.798E-07 1.000E+02
10 1.597E-05 2.911E+01 11 4.795E-08 7.555E+01 12 2.406E-06 2.850E+01 13 5.314E-05 7.284E+00 15 3.373E-06 1.000E+02
16 1.274E-03 1.227E+00 17 4.476E-06 5.454E+01 19 7.525E-05 4.408E+01 20 9.153E-04 1.291E+01 23 2.073E-02 2.741E-01
24 4.294E-05 2.286E+00 26 5.656E-03 4.338E-01 27 1.378E-03 4.875E-01
192  17
 2 3.255E-02 4.536E-01  3 1.199E-05 4.614E+01  4 6.442E-03 9.421E+00  6 1.620E-06 7.187E+01  7 6.438E-09 1.000E+02
10 1.142E-05 3.006E+01 11 1.844E-07 7.833E+01 12 3.305E-06 3.480E+01 13 4.603E-05 7.516E+00 16 1.259E-03 1.024E+00
17 1.141E-06 1.000E+02 19 9.160E-05 4.203E+01 20 6.002E-04 1.141E+01 23 2.058E-02 2.836E-01 24 3.791E-05 2.892E+00
26 5.614E-03 4.410E-01 27 1.371E-03 5.266E-01
193  17
 1 9.634E-06 1.000E+02  2 3.348E-02 5.447E-01  3 1.803E-05 2.120E+01  4 5.322E-03 7.553E+00  6 4.171E-06 6.652E+01
10 9.831E-06 3.186E+01 11 4.238E-06 7.904E+01 12 4.640E-06 2.556E+01 13 4.524E-05 8.005E+00 16 1.263E-03 1.042E+00
17 3.876E-06 9.860E+01 19 5.345E-05 8.605E+01 20 6.547E-04 1.464E+01 23 2.043E-02 3.542E-01 24 3.496E-05 3.117E+00
26 5.572E-03 4.100E-01 27 1.349E-03 4.066E-01
194  19
 2 3.380E-02 4.131E-01  3 7.576E-06 4.338E+01  4 4.975E-03 8.389E+00  5 3.608E-06 1.000E+02  6 1.554E-07 1.000E+02
 7 4.063E-07 7.812E+01 10 8.048E-06 3.473E+01 11 2.559E-06 7.911E+01 12 4.806E-06 2.918E+01 13 3.838E-05 8.413E+00
15 1.177E-05 6.888E+01 16 1.252E-03 1.261E+00 17 2.981E-06 7.476E+01 19 4.753E-05 5.600E+01 20 5.845E-04 2.055E+01
23 2.023E-02 3.135E-01 24 3.349E-05 3.101E+00 26 5.522E-03 4.041E-01 27 1.341E-03 4.612E-01
195  17
 1 2.969E-07 7.311E+01  2 3.394E-02 4.268E-01  3 1.478E-05 2.795E+01  4 3.822E-03 1.590E+01  6 2.493E-06 1.000E+02
10 6.985E-06 3.135E+01 12 1.639E-06 3.789E+01 13 3.238E-05 1.550E+01 15 3.179E-07 6.965E+01 16 1.278E-03 1.144E+00
17 2.322E-07 1.000E+02 19 5.223E-05 3.955E+01 20 5.196E-04 1.628E+01 23 2.014E-02 3.514E-01 24 3.011E-05 3.127E+00
26 5.485E-03 3.810E-01 27 1.332E-03 3.827E-01
196  18
 1 3.167E-06 1.000E+02  2 3.334E-02 4.834E-01  3 1.460E-05 3.775E+01  4 3.517E-03 1.813E+01  6 8.733E-07 9.849E+01
 8 1.779E-07 1.000E+02 10 7.902E-06 2.667E+01 12 2.623E-06 3.749E+01 13 3.526E-05 1.083E+01 15 1.591E-05 5.717E+01
16 1.276E-03 1.004E+00 17 2.549E-06 1.000E+02 19 3.260E-05 5.884E+01 20 7.140E-04 2.068E+01 23 1.994E-02 2.771E-01
24 2.764E-05 2.908E+00 26 5.486E-03 3.478E-01 27 1.336E-03 3.644E-01
197  18
 2 3.216E-02 5.478E-01  3 1.148E-05 3.107E+01  4 2.385E-03 1.615E+01  6 1.499E-06 8.461E+01  7 1.894E-07 8.023E+01
 8 1.109E-08 1.000E+02 10 1.818E-05 1.821E+01 11 3.170E-07 1.000E+02 12 2.400E-06 4.223E+01 13 2.510E-05 1.091E+01
16 1.292E-03 9.868E-01 17 3.448E-06 5.208E+01 19 2.576E-05 5.842E+01 20 4.542E-04 2.125E+01 23 1.937E-02 3.431E-01
24 2.355E-05 2.420E+00 26 5.359E-03 3.898E-01 27 1.304E-03 3.602E-01
198  18
 1 3.710E-07 1.000E+02  2 3.089E-02 4.475E-01  3 9.959E-06 4.590E+01  4 2.162E-03 1.451E+01  7 5.614E-07 1.000E+02
 9 2.884E-08 1.000E+02 10 2.605E-06 3.540E+01 12 1.416E-06 6.226E+01 13 2.492E-05 1.142E+01 15 4.017E-06 1.000E+02
16 1.291E-03 7.726E-01 17 5.401E-06 7.356E+01 19 9.303E-06 7.191E+01 20 5.302E-04 2.041E+01 23 1.902E-02 2.772E-01
24 2.073E-05 3.880E+00 26 5.365E-03 3.233E-01 27 1.312E-03 3.462E-01
199  15
 2 2.916E-02 3.958E-01  3 7.171E-06 4.151E+01  4 1.810E-03 1.548E+01 10 5.069E-06 3.846E+01 11 2.461E-06 1.000E+02
12 1.677E-06 4.109E+01 13 1.734E-05 1.042E+01 15 8.129E-08 7.529E+01 16 1.275E-03 8.834E-01 19 1.098E-06 1.000E+02
20 3.319E-04 2.559E+01 23 1.851E-02 3.211E-01 24 1.858E-05 4.150E+00 26 5.326E-03 4.077E-01 27 1.307E-03 4.597E-01
200  14
 2 2.712E-02 4.481E-01  3 2.719E-06 6.690E+01  4 2.181E-03 1.914E+01 10 4.612E-06 5.006E+01 11 1.121E-06 1.000E+02
12 4.795E-07 8.232E+01 13 1.527E-05 1.894E+01 16 1.303E-03 1.028E+00 19 1.140E-05 9.310E+01 20 3.735E-04 1.335E+01
23 1.793E-02 3.073E-01 24 1.491E-05 4.075E+00 26 5.277E-03 3.931E-01 27 1.298E-03 4.560E-01
201  17
 2 2.438E-02 5.176E-01  3 1.215E-05 4.613E+01  4 1.159E-03 1.517E+01  6 3.317E-07 8.556E+01 10 1.833E-06 5.111E+01
11 1.166E-08 1.000E+02 12 9.483E-07 5.208E+01 13 1.508E-05 2.202E+01 15 1.366E-06 8.093E+01 16 1.335E-03 1.001E+00
17 3.912E-07 1.000E+02 19 6.349E-06 9.829E+01 20 3.091E-04 2.002E+01 23 1.724E-02 3.000E-01 24 1.296E-05 4.865E+00
26 5.259E-03 3.853E-01 27 1.305E-03 3.720E-01
202  15
 2 2.118E-02 4.936E-01  3 2.149E-06 6.537E+01  4 1.113E-03 2.034E+01  6 1.847E-06 1.000E+02 10 4.443E-06 5.197E+01
11 8.383E-07 1.000E+02 12 4.861E-07 6.752E+01 13 7.637E-06 1.817E+01 16 1.366E-03 9.287E-01 19 5.363E-05 8.256E+01
20 1.367E-04 2.088E+01 23 1.627E-02 3.319E-01 24 1.063E-05 5.158E+00 26 5.143E-03 4.024E-01 27 1.285E-03 4.414E-01
203  14
 2 1.762E-02 5.299E-01  3 1.947E-06 6.774E+01  4 1.285E-03 2.508E+01 10 1.481E-06 7.149E+01 11 7.485E-09 1.000E+02
12 2.476E-07 6.968E+01 13 1.093E-05 2.145E+01 16 1.390E-03 8.729E-01 17 3.539E-07 1.000E+02 20 1.265E-04 2.688E+01
23 1.526E-02 3.170E-01 24 9.351E-06 6.010E+00 26 5.043E-03 3.723E-01 27 1.271E-03 3.654E-01
204  14
 2 1.353E-02 4.758E-01  3 2.136E-06 6.902E+01  4 5.249E-04 3.109E+01  6 2.580E-08 1.000E+02 10 3.167E-06 6.139E+01
12 5.546E-07 4.796E+01 13 1.033E-05 2.314E+01 16 1.435E-03 9.644E-01 19 8.616E-07 9.523E+01 20 2.468E-04 2.742E+01
23 1.394E-02 3.144E-01 24 7.919E-06 4.994E+00 26 4.845E-03 4.452E-01 27 1.233E-03 4.545E-01
205  18
 1 1.897E-06 1.000E+02  2 9.013E-03 7.228E-01  3 1.959E-06 7.274E+01  4 5.132E-04 2.409E+01  6 2.334E-06 1.000E+02
 8 6.104E-07 1.000E+02 10 1.870E-06 4.979E+01 11 4.098E-07 1.000E+02 12 1.810E-07 5.990E+01 13 9.166E-06 1.773E+01
15 7.040E-08 1.000E+02 16 1.508E-03 7.048E-01 17 6.057E-07 1.000E+02 20 1.431E-04 2.488E+01 23 1.238E-02 2.804E-01
24 6.219E-06 5.977E+00 26 4.557E-03 3.217E-01 27 1.178E-03 3.458E-01
206  14
 2 5.276E-03 8.136E-01  3 2.974E-07 1.000E+02  4 5.639E-04 3.421E+01  6 2.469E-08 8.090E+01 10 5.334E-06 4.656E+01
12 4.969E-07 6.094E+01 13 4.545E-06 2.386E+01 16 1.524E-03 7.645E-01 17 4.978E-06 1.000E+02 20 8.035E-05 5.501E+01
23 1.005E-02 2.834E-01 24 4.429E-06 4.301E+00 26 3.768E-03 3.553E-01 27 9.823E-04 3.954E-01
207  14
 2 3.240E-03 6.779E-01  3 1.564E-06 1.000E+02  4 2.078E-04 4.345E+01 10 1.586E-06 5.879E+01 12 4.821E-07 5.401E+01
13 1.535E-06 3.458E+01 15 5.804E-09 1.000E+02 16 1.644E-03 9.511E-01 19 7.829E-08 1.000E+02 20 7.714E-05 2.763E+01
23 6.369E-03 3.400E-01 24 2.900E-06 6.213E+00 26 1.983E-03 5.479E-01 27 4.980E-04 6.104E-01
208  11
 2 1.164E-03 1.280E+00  4 7.425E-05 4.960E+01 10 4.732E-07 9.787E+01 12 5.139E-08 9.636E+01 13 1.299E-06 3.284E+01
16 1.431E-03 4.558E-01 20 1.394E-05 4.366E+01 23 2.061E-03 5.500E-01 24 1.009E-06 1.002E+01 26 3.606E-04 8.171E-01
27 7.862E-05 8.552E-01