
    ORGAN DOSE CONVERSION FACTORS FOR AN ADULT HERMAPHRODITE
    CALCULATED FOR A VARIETY OF CT SCANNERS AND CONDITIONS.
    VALUES ARE GIVEN FOR 208 5 MM SLICES SPANNING THE BODY
    FROM 100 MM BELOW THE BOTTOM OF THE TRUNK TO THE TOP OF THE HEAD.

                     ORGANS OR REGIONS
 1 ADRENALS              10 HEART                  19 THYMUS                   
 2 BRAIN                 11 KIDNEYS                20 THYROID                  
 3 BREASTS               12 LIVER                  21 URINARY BLADDER          
 4 EYE LENSES            13 LUNGS                  22 UTERUS                   
 5 GALL BLADDER          14 OVARIES                23 HEAD REGION              
 6 STOMACH               15 PANCREAS               24 TRUNK REGION             
 7 SMALL INTESTINE       16 SKIN                   25 LEG REGION               
 8 UPPER LARGE INTESTINE 17 SPLEEN                 26 SKELETON                 
 9 LOWER LARGE INTESTINE 18 TESTICLES              27 RED MARROW               

 05 PICKER 1200SX: SHAPED FILTER (LEXAN) FOR BODY IRRADIATION
    FOCUS TO AXIS DISTANCE IS 640 MM
    FAN ANGLE COVERS FULL WIDTH OF TRUNK
    X-RAY SPECTRUM HAS MAXIMUM ENERGY OF 130 KEV
    INITIAL FILTRATION IS 0.7 MM OF ALUMINIUM

    CONVERSION FACTORS AND STATISTICAL UNCERTAINTIES(%) FOR ORGANS IN EACH SLICE
  1  16
 3 1.905E-06 5.485E+01  7 1.903E-05 2.499E+01  8 2.129E-05 3.016E+01  9 3.042E-04 7.286E+00 11 1.608E-06 8.405E+01
12 1.061E-06 7.397E+01 14 1.531E-04 6.195E+01 16 2.089E-03 9.486E-01 17 2.113E-07 1.000E+02 18 1.636E-03 8.412E+00
21 2.521E-04 1.953E+01 22 6.373E-05 3.288E+01 24 7.421E-05 2.435E+00 25 5.642E-03 3.073E-01 26 2.763E-03 7.082E-01
27 2.541E-04 1.194E+00
  2  18
 3 7.559E-07 9.470E+01  6 1.333E-06 8.803E+01  7 2.254E-05 1.756E+01  8 2.078E-05 2.836E+01  9 4.211E-04 6.517E+00
11 4.862E-07 1.000E+02 12 1.548E-06 4.938E+01 13 2.144E-08 1.000E+02 14 1.503E-04 6.852E+01 15 2.124E-06 1.000E+02
16 2.103E-03 9.692E-01 18 2.079E-03 1.105E+01 21 3.112E-04 1.855E+01 22 6.852E-05 2.531E+01 24 8.299E-05 2.202E+00
25 5.687E-03 3.198E-01 26 2.770E-03 8.017E-01 27 2.687E-04 1.200E+00
  3  20
 1 5.916E-07 1.000E+02  3 4.202E-07 1.000E+02  5 2.549E-05 1.000E+02  6 9.767E-07 1.000E+02  7 2.313E-05 1.976E+01
 8 2.311E-05 2.785E+01  9 4.460E-04 8.573E+00 11 4.773E-07 8.963E+01 12 7.346E-08 9.798E+01 13 1.468E-08 1.000E+02
14 6.871E-05 5.422E+01 15 3.094E-08 1.000E+02 16 2.113E-03 8.762E-01 18 1.934E-03 6.994E+00 21 2.739E-04 1.304E+01
22 1.011E-04 1.735E+01 24 9.214E-05 1.998E+00 25 5.732E-03 3.117E-01 26 2.784E-03 7.457E-01 27 2.779E-04 9.550E-01
  4  17
 5 2.658E-07 1.000E+02  6 3.596E-06 1.000E+02  7 2.821E-05 2.170E+01  8 1.637E-05 3.116E+01  9 4.165E-04 6.321E+00
11 1.172E-06 6.482E+01 12 9.654E-07 6.095E+01 14 6.389E-05 6.733E+01 16 2.099E-03 8.863E-01 17 1.701E-06 1.000E+02
18 2.501E-03 5.333E+00 21 2.661E-04 1.924E+01 22 1.136E-04 1.993E+01 24 1.052E-04 1.869E+00 25 5.718E-03 3.327E-01
26 2.764E-03 7.456E-01 27 2.915E-04 1.293E+00
  5  19
 1 1.188E-06 1.000E+02  3 5.406E-06 1.000E+02  6 4.037E-07 1.000E+02  7 3.556E-05 1.460E+01  8 1.518E-05 3.285E+01
 9 5.661E-04 8.698E+00 11 3.143E-06 5.665E+01 12 6.480E-07 5.697E+01 13 4.190E-08 1.000E+02 14 7.310E-05 5.587E+01
15 3.937E-07 1.000E+02 16 2.110E-03 6.923E-01 18 2.428E-03 6.090E+00 21 5.484E-04 9.244E+00 22 1.510E-04 2.368E+01
24 1.205E-04 1.455E+00 25 5.732E-03 2.966E-01 26 2.745E-03 5.976E-01 27 3.014E-04 1.129E+00
  6  17
 6 3.685E-06 7.200E+01  7 3.188E-05 1.171E+01  8 2.514E-05 3.267E+01  9 5.678E-04 6.831E+00 11 1.542E-06 5.101E+01
12 1.272E-06 4.205E+01 14 1.991E-04 4.939E+01 15 6.130E-07 8.937E+01 16 2.099E-03 9.093E-01 17 7.203E-07 1.000E+02
18 2.625E-03 8.919E+00 21 3.803E-04 1.439E+01 22 1.587E-04 2.702E+01 24 1.295E-04 1.462E+00 25 5.710E-03 2.955E-01
26 2.743E-03 7.163E-01 27 3.109E-04 1.354E+00
  7  18
 5 1.963E-05 1.000E+02  6 5.945E-06 5.863E+01  7 4.321E-05 1.374E+01  8 2.537E-05 2.689E+01  9 6.146E-04 7.537E+00
10 2.028E-07 1.000E+02 11 6.215E-06 4.334E+01 12 1.775E-06 4.111E+01 14 1.749E-04 4.074E+01 16 2.115E-03 8.368E-01
17 2.090E-06 5.263E+01 18 3.111E-03 5.563E+00 21 4.410E-04 1.954E+01 22 1.815E-04 2.295E+01 24 1.495E-04 8.995E-01
25 5.733E-03 3.521E-01 26 2.766E-03 7.542E-01 27 3.251E-04 1.243E+00
  8  19
 3 1.678E-06 5.684E+01  6 4.183E-07 1.000E+02  7 4.530E-05 1.069E+01  8 2.669E-05 2.113E+01  9 7.889E-04 7.483E+00
11 2.733E-06 4.908E+01 12 2.753E-06 4.445E+01 13 8.224E-08 1.000E+02 14 1.716E-04 4.496E+01 15 2.205E-07 1.000E+02
16 2.139E-03 9.605E-01 17 7.462E-06 9.034E+01 18 3.194E-03 9.642E+00 21 7.269E-04 1.278E+01 22 1.632E-04 1.998E+01
24 1.685E-04 1.932E+00 25 5.736E-03 3.525E-01 26 2.738E-03 6.832E-01 27 3.285E-04 1.469E+00
  9  19
 3 2.734E-06 7.778E+01  6 1.149E-05 5.869E+01  7 3.715E-05 1.851E+01  8 4.024E-05 1.575E+01  9 9.095E-04 5.903E+00
10 1.755E-08 1.000E+02 11 9.349E-07 8.641E+01 12 1.838E-06 4.243E+01 14 9.803E-05 5.647E+01 15 4.196E-08 1.000E+02
16 2.107E-03 1.026E+00 17 6.312E-06 8.667E+01 18 3.582E-03 6.773E+00 21 7.020E-04 1.054E+01 22 2.835E-04 1.559E+01
24 1.901E-04 1.262E+00 25 5.722E-03 3.726E-01 26 2.724E-03 9.702E-01 27 3.464E-04 1.291E+00
 10  19
 3 1.080E-06 9.801E+01  6 7.832E-06 4.915E+01  7 4.438E-05 1.182E+01  8 4.880E-05 2.030E+01  9 9.319E-04 4.476E+00
11 4.354E-06 4.478E+01 12 2.532E-06 3.142E+01 13 6.035E-07 1.000E+02 14 1.150E-04 4.368E+01 15 1.621E-06 1.000E+02
16 2.121E-03 1.230E+00 17 1.602E-07 1.000E+02 18 3.911E-03 6.826E+00 21 9.233E-04 1.039E+01 22 2.682E-04 2.216E+01
24 2.170E-04 1.454E+00 25 5.718E-03 2.768E-01 26 2.704E-03 7.552E-01 27 3.537E-04 1.403E+00
 11  19
 3 1.346E-05 4.929E+01  5 1.772E-06 1.000E+02  6 8.660E-07 8.546E+01  7 5.805E-05 9.257E+00  8 4.789E-05 1.646E+01
 9 9.387E-04 3.217E+00 11 4.118E-06 5.914E+01 12 1.702E-06 5.272E+01 13 2.623E-08 7.412E+01 14 2.166E-04 4.006E+01
16 2.741E-03 7.952E-01 17 5.566E-06 1.000E+02 18 7.194E-03 4.607E+00 21 7.645E-04 8.203E+00 22 2.068E-04 1.687E+01
24 2.357E-04 1.090E+00 25 5.637E-03 3.134E-01 26 2.614E-03 6.709E-01 27 3.538E-04 1.259E+00
 12  19
 3 3.940E-06 5.861E+01  6 8.150E-06 4.136E+01  7 8.021E-05 1.176E+01  8 5.076E-05 2.294E+01  9 1.094E-03 5.755E+00
11 3.358E-06 6.227E+01 12 2.898E-06 4.074E+01 13 7.575E-07 1.000E+02 14 2.658E-04 4.155E+01 15 6.052E-07 1.000E+02
16 2.353E-03 7.768E-01 17 2.973E-06 9.968E+01 18 2.194E-02 3.619E+00 21 9.477E-04 7.186E+00 22 3.079E-04 1.878E+01
24 2.722E-04 1.428E+00 25 5.603E-03 2.999E-01 26 2.533E-03 8.417E-01 27 3.617E-04 1.294E+00
 13  20
 3 1.509E-06 6.910E+01  6 1.682E-07 8.367E+01  7 6.304E-05 9.151E+00  8 6.269E-05 1.943E+01  9 1.160E-03 5.693E+00
10 2.076E-06 7.318E+01 11 4.239E-06 4.489E+01 12 5.816E-06 3.105E+01 13 4.852E-07 8.494E+01 14 2.317E-04 4.488E+01
15 3.672E-06 9.065E+01 16 2.321E-03 1.270E+00 17 1.170E-06 6.163E+01 18 3.657E-02 2.439E+00 21 1.001E-03 1.009E+01
22 2.901E-04 1.708E+01 24 3.038E-04 1.086E+00 25 5.553E-03 3.058E-01 26 2.528E-03 7.122E-01 27 3.854E-04 1.214E+00
 14  21
 3 5.240E-06 5.326E+01  5 1.821E-05 8.101E+01  6 5.079E-06 3.772E+01  7 8.324E-05 1.043E+01  8 6.398E-05 1.536E+01
 9 1.350E-03 4.384E+00 10 1.012E-06 1.000E+02 11 6.803E-06 4.676E+01 12 2.900E-06 2.284E+01 13 6.932E-07 9.616E+01
14 2.041E-04 3.846E+01 15 6.448E-06 8.823E+01 16 2.293E-03 9.789E-01 17 1.568E-06 6.437E+01 18 4.779E-02 1.924E+00
21 1.240E-03 6.737E+00 22 3.222E-04 1.842E+01 24 3.541E-04 1.147E+00 25 5.491E-03 3.940E-01 26 2.477E-03 8.212E-01
27 4.069E-04 1.545E+00
 15  21
 3 6.521E-06 4.605E+01  5 2.480E-06 1.000E+02  6 4.850E-06 5.157E+01  7 9.023E-05 1.107E+01  8 6.555E-05 1.833E+01
 9 1.659E-03 3.072E+00 10 5.567E-07 1.000E+02 11 2.350E-06 5.256E+01 12 1.935E-06 3.261E+01 13 9.877E-07 6.668E+01
14 4.502E-04 3.499E+01 15 2.269E-08 1.000E+02 16 2.281E-03 1.064E+00 17 5.832E-06 9.881E+01 18 5.224E-02 1.611E+00
21 1.358E-03 7.651E+00 22 4.520E-04 1.638E+01 24 4.033E-04 7.096E-01 25 5.391E-03 3.603E-01 26 2.444E-03 8.152E-01
27 4.289E-04 1.338E+00
 16  21
 1 4.691E-06 1.000E+02  3 6.723E-06 2.955E+01  5 1.032E-05 1.000E+02  6 1.544E-05 4.463E+01  7 1.123E-04 6.844E+00
 8 8.951E-05 1.907E+01  9 1.748E-03 3.666E+00 11 7.738E-06 3.130E+01 12 4.738E-06 2.786E+01 13 6.486E-07 6.988E+01
14 3.467E-04 3.344E+01 15 9.201E-07 7.558E+01 16 2.282E-03 1.083E+00 17 6.108E-06 7.240E+01 18 5.439E-02 1.621E+00
21 1.197E-03 7.677E+00 22 4.473E-04 1.208E+01 24 4.570E-04 8.395E-01 25 5.337E-03 3.228E-01 26 2.454E-03 6.126E-01
27 4.403E-04 1.172E+00
 17  21
 3 9.660E-06 4.402E+01  5 1.816E-06 1.000E+02  6 1.330E-05 4.342E+01  7 1.375E-04 1.108E+01  8 8.672E-05 1.370E+01
 9 1.961E-03 4.710E+00 10 1.140E-08 1.000E+02 11 1.186E-05 4.049E+01 12 4.697E-06 2.459E+01 13 6.870E-07 8.124E+01
14 4.986E-04 2.662E+01 15 9.722E-06 5.157E+01 16 2.276E-03 7.855E-01 17 1.023E-05 6.723E+01 18 5.079E-02 1.811E+00
21 1.562E-03 7.501E+00 22 4.540E-04 1.531E+01 24 5.357E-04 6.507E-01 25 5.170E-03 3.110E-01 26 2.400E-03 7.610E-01
27 4.797E-04 1.268E+00
 18  19
 3 9.325E-06 4.871E+01  6 1.201E-05 6.332E+01  7 1.198E-04 6.649E+00  8 7.451E-05 1.758E+01  9 2.386E-03 3.284E+00
11 7.740E-06 6.182E+01 12 8.626E-06 2.508E+01 13 8.283E-07 5.648E+01 14 3.004E-04 2.848E+01 15 1.836E-06 9.169E+01
16 2.255E-03 1.088E+00 17 1.410E-06 8.144E+01 18 4.316E-02 2.244E+00 21 2.011E-03 6.254E+00 22 5.395E-04 1.017E+01
24 6.214E-04 6.819E-01 25 5.004E-03 3.331E-01 26 2.291E-03 7.256E-01 27 4.933E-04 1.234E+00
 19  22
 3 1.682E-05 3.281E+01  5 1.508E-05 5.543E+01  6 1.451E-05 4.944E+01  7 1.289E-04 8.178E+00  8 1.044E-04 1.382E+01
 9 2.506E-03 3.544E+00 10 2.047E-06 8.372E+01 11 5.349E-06 3.891E+01 12 4.114E-06 3.137E+01 13 3.952E-07 8.062E+01
14 4.610E-04 2.627E+01 15 1.243E-06 6.885E+01 16 2.224E-03 8.489E-01 17 2.733E-07 8.669E+01 18 3.268E-02 2.601E+00
19 1.927E-06 1.000E+02 21 1.990E-03 6.957E+00 22 5.375E-04 1.287E+01 24 7.305E-04 7.578E-01 25 4.780E-03 3.808E-01
26 2.269E-03 9.190E-01 27 5.522E-04 1.537E+00
 20  22
 1 1.188E-06 1.000E+02  3 1.127E-05 3.552E+01  5 3.452E-05 6.725E+01  6 1.758E-05 5.401E+01  7 1.622E-04 7.585E+00
 8 1.196E-04 1.570E+01  9 2.812E-03 3.147E+00 10 1.901E-06 6.399E+01 11 1.308E-05 4.945E+01 12 5.943E-06 2.834E+01
13 7.692E-07 5.822E+01 14 2.521E-04 2.698E+01 15 9.246E-06 9.882E+01 16 2.234E-03 6.990E-01 17 2.638E-06 6.861E+01
18 1.809E-02 4.000E+00 21 2.408E-03 4.059E+00 22 8.163E-04 1.062E+01 24 8.809E-04 5.741E-01 25 4.445E-03 3.488E-01
26 2.154E-03 7.156E-01 27 5.859E-04 1.528E+00
 21  21
 1 7.810E-06 1.000E+02  3 1.582E-06 6.390E+01  6 2.309E-05 4.853E+01  7 1.612E-04 9.049E+00  8 1.367E-04 1.195E+01
 9 3.893E-03 3.404E+00 10 5.653E-07 1.000E+02 11 8.308E-06 4.584E+01 12 7.817E-06 2.366E+01 13 4.405E-07 9.036E+01
14 7.975E-04 2.420E+01 15 5.797E-06 5.295E+01 16 1.929E-03 1.046E+00 17 1.963E-08 7.101E+01 18 9.739E-03 4.616E+00
21 2.564E-03 6.450E+00 22 8.497E-04 7.791E+00 24 2.219E-03 3.409E-01 25 1.828E-03 5.516E-01 26 2.063E-03 7.788E-01
27 9.442E-04 1.244E+00
 22  22
 3 3.312E-06 5.626E+01  5 1.613E-05 6.099E+01  6 1.474E-05 3.891E+01  7 1.821E-04 6.566E+00  8 1.219E-04 1.074E+01
 9 4.317E-03 3.284E+00 10 3.500E-07 1.000E+02 11 1.380E-05 4.216E+01 12 7.474E-06 2.575E+01 13 1.223E-07 9.449E+01
14 8.779E-04 2.334E+01 15 3.866E-06 5.479E+01 16 1.920E-03 9.971E-01 17 4.820E-06 7.709E+01 18 6.861E-03 4.687E+00
19 4.222E-07 1.000E+02 21 3.030E-03 5.356E+00 22 9.287E-04 9.297E+00 24 2.393E-03 3.253E-01 25 1.488E-03 5.999E-01
26 2.019E-03 6.509E-01 27 1.020E-03 8.943E-01
 23  22
 1 1.906E-07 1.000E+02  3 1.761E-07 7.502E+01  5 2.014E-05 1.000E+02  6 6.339E-06 5.293E+01  7 2.110E-04 5.710E+00
 8 1.652E-04 9.712E+00  9 4.626E-03 2.586E+00 10 6.154E-07 1.000E+02 11 1.345E-05 2.905E+01 12 7.117E-06 2.436E+01
13 1.589E-08 8.753E+01 14 1.020E-03 2.567E+01 15 5.108E-06 8.437E+01 16 1.877E-03 1.107E+00 17 1.434E-05 4.448E+01
18 6.291E-03 4.971E+00 21 3.137E-03 5.646E+00 22 9.487E-04 8.881E+00 24 2.487E-03 3.001E-01 25 1.280E-03 7.710E-01
26 1.961E-03 5.880E-01 27 1.086E-03 1.052E+00
 24  21
 1 4.380E-07 1.000E+02  3 1.537E-06 4.783E+01  5 2.729E-05 9.426E+01  6 9.321E-06 3.109E+01  7 2.292E-04 6.702E+00
 8 2.185E-04 1.071E+01  9 5.535E-03 2.402E+00 11 1.305E-05 2.976E+01 12 7.570E-06 2.509E+01 13 1.281E-07 7.816E+01
14 9.186E-04 2.308E+01 15 8.689E-06 7.810E+01 16 1.863E-03 1.312E+00 17 4.725E-06 7.197E+01 18 5.109E-03 5.165E+00
21 3.523E-03 4.479E+00 22 1.003E-03 9.613E+00 24 2.595E-03 2.986E-01 25 1.104E-03 6.872E-01 26 1.914E-03 8.907E-01
27 1.083E-03 1.067E+00
 25  22
 1 1.887E-05 1.000E+02  3 8.286E-06 4.086E+01  5 3.292E-05 8.763E+01  6 1.575E-05 4.422E+01  7 2.480E-04 5.358E+00
 8 2.136E-04 9.041E+00  9 6.294E-03 2.667E+00 10 1.546E-07 1.000E+02 11 2.960E-05 2.725E+01 12 1.163E-05 1.459E+01
13 4.821E-07 9.242E+01 14 9.139E-04 2.970E+01 15 7.835E-06 6.308E+01 16 1.884E-03 1.072E+00 17 4.328E-06 5.073E+01
18 4.562E-03 4.763E+00 21 4.052E-03 6.562E+00 22 1.072E-03 8.474E+00 24 2.669E-03 3.482E-01 25 9.646E-04 7.938E-01
26 1.843E-03 6.452E-01 27 1.089E-03 1.208E+00
 26  21
 1 2.082E-07 1.000E+02  5 3.952E-05 7.340E+01  6 2.039E-05 3.982E+01  7 3.023E-04 6.559E+00  8 2.700E-04 9.769E+00
 9 6.445E-03 3.260E+00 10 9.436E-07 6.911E+01 11 3.759E-05 2.324E+01 12 9.603E-06 2.174E+01 13 3.310E-07 9.856E+01
14 1.239E-03 1.896E+01 15 8.655E-06 4.053E+01 16 1.849E-03 9.953E-01 17 2.681E-05 4.098E+01 18 3.530E-03 5.975E+00
21 4.619E-03 3.543E+00 22 1.285E-03 8.752E+00 24 2.734E-03 3.927E-01 25 8.445E-04 9.127E-01 26 1.866E-03 1.024E+00
27 1.159E-03 1.405E+00
 27  22
 1 8.355E-06 7.617E+01  3 7.268E-06 5.323E+01  5 1.158E-05 9.628E+01  6 1.385E-05 3.166E+01  7 3.301E-04 4.271E+00
 8 2.415E-04 8.678E+00  9 6.806E-03 2.428E+00 10 1.292E-06 9.329E+01 11 1.360E-05 3.883E+01 12 1.252E-05 1.867E+01
13 7.469E-07 6.916E+01 14 9.045E-04 1.763E+01 15 1.189E-05 5.955E+01 16 1.849E-03 8.669E-01 17 1.015E-05 9.340E+01
18 2.921E-03 7.418E+00 21 5.117E-03 3.671E+00 22 1.559E-03 7.618E+00 24 2.776E-03 3.147E-01 25 7.293E-04 1.024E+00
26 1.798E-03 7.960E-01 27 1.181E-03 1.302E+00
 28  23
 3 6.297E-06 5.076E+01  5 7.054E-06 8.980E+01  6 3.165E-05 4.422E+01  7 3.894E-04 6.309E+00  8 2.790E-04 1.005E+01
 9 6.859E-03 3.283E+00 10 4.868E-06 6.153E+01 11 1.845E-05 2.846E+01 12 1.098E-05 2.043E+01 13 8.212E-07 6.166E+01
14 1.673E-03 1.887E+01 15 2.810E-05 4.481E+01 16 1.833E-03 1.112E+00 17 9.211E-06 5.238E+01 18 2.847E-03 7.238E+00
19 5.237E-06 1.000E+02 21 5.976E-03 3.669E+00 22 1.613E-03 7.801E+00 23 4.990E-10 1.000E+02 24 2.823E-03 3.095E-01
25 6.491E-04 9.451E-01 26 1.754E-03 7.266E-01 27 1.175E-03 1.286E+00
 29  22
 1 3.914E-07 1.000E+02  3 3.634E-06 5.741E+01  5 8.267E-06 8.222E+01  6 4.248E-05 2.814E+01  7 3.656E-04 4.368E+00
 8 2.965E-04 7.652E+00  9 6.934E-03 2.730E+00 10 3.312E-06 4.374E+01 11 2.136E-05 2.359E+01 12 1.036E-05 2.043E+01
13 1.579E-06 4.923E+01 14 1.150E-03 1.727E+01 15 8.506E-06 4.518E+01 16 1.848E-03 9.698E-01 17 4.294E-06 3.969E+01
18 2.805E-03 7.305E+00 21 7.519E-03 3.195E+00 22 1.648E-03 6.669E+00 24 2.868E-03 3.191E-01 25 5.692E-04 7.966E-01
26 1.761E-03 5.922E-01 27 1.209E-03 9.870E-01
 30  22
 1 4.334E-06 1.000E+02  3 4.267E-06 5.491E+01  5 3.152E-05 6.518E+01  6 3.060E-05 2.112E+01  7 4.491E-04 4.631E+00
 8 3.689E-04 7.022E+00  9 6.184E-03 2.721E+00 10 3.548E-06 6.632E+01 11 3.453E-05 1.916E+01 12 2.129E-05 1.474E+01
13 3.814E-06 4.211E+01 14 1.305E-03 2.336E+01 15 1.515E-05 5.860E+01 16 1.847E-03 1.111E+00 17 1.345E-05 5.670E+01
18 1.979E-03 8.432E+00 21 1.298E-02 2.501E+00 22 1.899E-03 7.334E+00 24 2.896E-03 3.100E-01 25 5.154E-04 1.257E+00
26 1.743E-03 7.188E-01 27 1.204E-03 9.748E-01
 31  22
 1 1.191E-05 8.145E+01  3 5.536E-06 3.831E+01  5 4.366E-05 5.188E+01  6 3.303E-05 5.130E+01  7 5.373E-04 3.683E+00
 8 4.269E-04 8.409E+00  9 5.898E-03 2.233E+00 10 1.040E-06 5.559E+01 11 4.870E-05 2.532E+01 12 2.214E-05 1.686E+01
13 1.893E-06 3.648E+01 14 1.565E-03 1.272E+01 15 2.347E-05 3.218E+01 16 1.814E-03 9.408E-01 17 1.191E-05 4.625E+01
18 2.130E-03 8.313E+00 21 1.674E-02 2.878E+00 22 2.149E-03 6.415E+00 24 2.935E-03 2.929E-01 25 4.562E-04 1.078E+00
26 1.747E-03 1.005E+00 27 1.233E-03 1.246E+00
 32  23
 1 1.183E-05 1.000E+02  3 2.416E-06 5.655E+01  5 6.907E-06 9.602E+01  6 3.839E-05 2.431E+01  7 5.453E-04 4.443E+00
 8 4.150E-04 4.744E+00  9 6.045E-03 2.975E+00 10 5.090E-06 8.004E+01 11 2.989E-05 2.145E+01 12 2.078E-05 1.603E+01
13 1.752E-06 4.834E+01 14 1.690E-03 1.438E+01 15 1.043E-05 4.631E+01 16 1.807E-03 1.129E+00 17 2.617E-05 4.932E+01
18 1.474E-03 9.642E+00 19 4.180E-07 1.000E+02 21 1.672E-02 2.437E+00 22 2.271E-03 7.643E+00 24 2.952E-03 3.459E-01
25 3.985E-04 1.362E+00 26 1.733E-03 6.461E-01 27 1.244E-03 1.378E+00
 33  23
 1 1.206E-05 1.000E+02  3 2.461E-06 6.957E+01  5 1.790E-05 8.177E+01  6 5.556E-05 2.717E+01  7 5.609E-04 3.892E+00
 8 4.557E-04 5.557E+00  9 5.697E-03 2.126E+00 10 9.660E-07 9.648E+01 11 4.605E-05 1.602E+01 12 2.423E-05 1.302E+01
13 3.169E-06 6.003E+01 14 2.069E-03 1.893E+01 15 2.792E-05 3.795E+01 16 1.794E-03 6.179E-01 17 3.760E-05 3.941E+01
18 1.478E-03 9.802E+00 21 1.777E-02 2.419E+00 22 2.588E-03 5.040E+00 23 1.967E-09 1.000E+02 24 2.984E-03 3.193E-01
25 3.623E-04 1.022E+00 26 1.751E-03 6.796E-01 27 1.270E-03 8.520E-01
 34  22
 1 2.147E-06 1.000E+02  3 1.789E-06 6.671E+01  5 2.931E-06 6.494E+01  6 4.183E-05 2.259E+01  7 6.417E-04 4.917E+00
 8 5.626E-04 6.923E+00  9 5.595E-03 1.799E+00 10 4.363E-06 4.615E+01 11 3.837E-05 2.235E+01 12 3.298E-05 1.484E+01
13 1.325E-06 4.242E+01 14 2.206E-03 1.818E+01 15 1.912E-05 5.440E+01 16 1.798E-03 9.439E-01 17 1.566E-05 4.299E+01
18 1.434E-03 8.956E+00 21 1.894E-02 2.316E+00 22 3.014E-03 4.501E+00 24 2.998E-03 3.007E-01 25 3.263E-04 1.298E+00
26 1.710E-03 8.154E-01 27 1.272E-03 1.159E+00
 35  21
 3 3.247E-06 4.608E+01  5 6.022E-05 9.516E+01  6 5.225E-05 1.816E+01  7 7.508E-04 2.974E+00  8 6.141E-04 6.570E+00
 9 5.387E-03 2.239E+00 10 1.717E-06 6.834E+01 11 5.826E-05 2.224E+01 12 2.981E-05 1.290E+01 13 1.603E-06 3.721E+01
14 2.756E-03 1.587E+01 15 3.462E-05 4.080E+01 16 1.810E-03 9.444E-01 17 1.806E-05 2.778E+01 18 1.096E-03 1.078E+01
21 1.896E-02 2.521E+00 22 3.117E-03 5.814E+00 24 3.016E-03 3.750E-01 25 2.857E-04 1.735E+00 26 1.708E-03 9.813E-01
27 1.264E-03 1.345E+00
 36  22
 1 2.614E-07 1.000E+02  3 5.436E-06 5.178E+01  5 1.274E-04 5.938E+01  6 5.166E-05 1.757E+01  7 7.949E-04 2.760E+00
 8 7.172E-04 5.420E+00  9 5.511E-03 2.752E+00 10 1.526E-06 5.805E+01 11 4.256E-05 2.500E+01 12 3.523E-05 1.160E+01
13 3.429E-06 3.611E+01 14 2.613E-03 1.241E+01 15 3.290E-05 3.662E+01 16 1.779E-03 8.339E-01 17 1.144E-05 4.504E+01
18 1.079E-03 1.181E+01 21 1.922E-02 2.417E+00 22 3.603E-03 5.679E+00 24 3.047E-03 3.006E-01 25 2.582E-04 1.370E+00
26 1.737E-03 9.750E-01 27 1.323E-03 1.235E+00
 37  22
 3 3.345E-06 5.028E+01  5 5.830E-05 7.223E+01  6 5.855E-05 1.567E+01  7 8.697E-04 2.124E+00  8 7.834E-04 5.347E+00
 9 5.520E-03 2.745E+00 10 6.927E-08 1.000E+02 11 7.486E-05 1.408E+01 12 2.871E-05 1.040E+01 13 3.689E-06 3.508E+01
14 2.706E-03 7.570E+00 15 5.430E-05 3.271E+01 16 1.809E-03 9.957E-01 17 2.976E-05 3.994E+01 18 1.135E-03 1.234E+01
19 1.905E-05 1.000E+02 21 2.013E-02 2.670E+00 22 4.182E-03 4.480E+00 24 3.054E-03 3.262E-01 25 2.293E-04 1.700E+00
26 1.730E-03 6.570E-01 27 1.312E-03 7.559E-01
 38  24
 1 2.066E-05 8.736E+01  3 4.857E-06 6.680E+01  5 1.076E-04 7.914E+01  6 5.909E-05 1.576E+01  7 1.007E-03 2.788E+00
 8 8.693E-04 4.763E+00  9 5.534E-03 2.434E+00 10 1.099E-05 8.692E+01 11 6.390E-05 1.862E+01 12 3.824E-05 1.086E+01
13 2.080E-06 2.716E+01 14 3.932E-03 1.123E+01 15 4.370E-05 2.497E+01 16 1.771E-03 1.046E+00 17 3.701E-05 3.338E+01
18 8.869E-04 1.227E+01 19 1.740E-05 6.984E+01 21 1.877E-02 2.452E+00 22 4.473E-03 4.246E+00 23 3.113E-08 1.000E+02
24 3.071E-03 3.346E-01 25 2.101E-04 1.736E+00 26 1.720E-03 5.811E-01 27 1.308E-03 1.033E+00
 39  22
 1 1.931E-05 7.983E+01  3 4.446E-06 4.061E+01  5 1.078E-04 4.343E+01  6 6.428E-05 2.389E+01  7 1.110E-03 2.476E+00
 8 9.533E-04 4.877E+00  9 5.481E-03 2.534E+00 10 3.291E-06 4.199E+01 11 7.610E-05 1.581E+01 12 3.701E-05 8.712E+00
13 1.998E-06 3.923E+01 14 4.067E-03 1.053E+01 15 4.678E-05 3.420E+01 16 1.797E-03 1.116E+00 17 2.999E-05 2.803E+01
18 8.469E-04 1.257E+01 21 1.888E-02 2.929E+00 22 4.954E-03 4.455E+00 24 3.089E-03 2.906E-01 25 1.888E-04 1.850E+00
26 1.735E-03 7.394E-01 27 1.348E-03 1.136E+00
 40  21
 3 6.618E-06 4.578E+01  5 7.197E-05 4.331E+01  6 7.872E-05 1.857E+01  7 1.216E-03 3.028E+00  8 1.091E-03 3.928E+00
 9 5.273E-03 2.391E+00 10 3.967E-06 3.752E+01 11 8.095E-05 1.406E+01 12 5.454E-05 1.301E+01 13 4.859E-06 2.725E+01
14 5.085E-03 1.109E+01 15 4.011E-05 3.912E+01 16 1.784E-03 1.168E+00 17 3.384E-05 2.716E+01 18 8.313E-04 9.154E+00
21 1.825E-02 2.222E+00 22 5.728E-03 3.533E+00 24 3.087E-03 3.130E-01 25 1.657E-04 2.005E+00 26 1.756E-03 7.816E-01
27 1.379E-03 1.035E+00
 41  22
 1 1.437E-05 1.000E+02  3 2.220E-06 6.778E+01  5 2.887E-04 3.098E+01  6 9.658E-05 1.534E+01  7 1.364E-03 2.388E+00
 8 1.171E-03 3.021E+00  9 5.631E-03 3.187E+00 10 6.653E-06 4.834E+01 11 9.545E-05 1.580E+01 12 6.339E-05 9.812E+00
13 5.894E-06 2.583E+01 14 5.444E-03 1.079E+01 15 4.479E-05 2.586E+01 16 1.765E-03 1.207E+00 17 5.976E-05 2.016E+01
18 3.800E-04 1.926E+01 21 1.672E-02 3.118E+00 22 6.200E-03 4.143E+00 24 3.101E-03 3.751E-01 25 1.452E-04 2.104E+00
26 1.767E-03 9.366E-01 27 1.390E-03 1.358E+00
 42  22
 1 9.075E-06 1.000E+02  3 7.035E-06 7.001E+01  5 2.166E-04 3.669E+01  6 1.148E-04 1.449E+01  7 1.439E-03 2.280E+00
 8 1.226E-03 4.047E+00  9 5.712E-03 2.418E+00 10 2.773E-06 3.940E+01 11 8.854E-05 1.868E+01 12 6.314E-05 7.495E+00
13 4.946E-06 3.222E+01 14 5.275E-03 9.767E+00 15 4.797E-05 2.527E+01 16 1.802E-03 1.135E+00 17 4.394E-05 2.350E+01
18 4.328E-04 1.690E+01 21 1.588E-02 1.820E+00 22 6.467E-03 3.797E+00 24 3.109E-03 3.454E-01 25 1.337E-04 1.902E+00
26 1.769E-03 9.159E-01 27 1.388E-03 1.203E+00
 43  23
 1 5.710E-06 5.708E+01  3 2.276E-06 7.344E+01  5 1.407E-04 6.611E+01  6 1.144E-04 1.894E+01  7 1.748E-03 2.500E+00
 8 1.475E-03 4.347E+00  9 5.429E-03 2.662E+00 10 4.692E-06 3.850E+01 11 1.033E-04 1.040E+01 12 6.550E-05 7.642E+00
13 3.614E-06 4.472E+01 14 6.038E-03 6.829E+00 15 4.511E-05 2.926E+01 16 1.772E-03 8.750E-01 17 4.913E-05 2.989E+01
18 5.112E-04 1.637E+01 21 1.220E-02 3.619E+00 22 7.282E-03 4.051E+00 23 2.188E-07 1.000E+02 24 3.123E-03 2.774E-01
25 1.237E-04 2.431E+00 26 1.788E-03 7.296E-01 27 1.428E-03 1.326E+00
 44  22
 3 5.937E-06 5.042E+01  5 1.487E-04 3.315E+01  6 1.430E-04 1.385E+01  7 1.885E-03 1.731E+00  8 1.557E-03 3.705E+00
 9 5.613E-03 1.813E+00 10 5.625E-06 3.021E+01 11 1.296E-04 1.243E+01 12 7.230E-05 7.858E+00 13 3.771E-06 3.282E+01
14 6.508E-03 1.064E+01 15 7.459E-05 2.535E+01 16 1.774E-03 1.137E+00 17 7.069E-05 3.103E+01 18 4.000E-04 1.773E+01
21 7.627E-03 3.909E+00 22 8.594E-03 2.623E+00 23 6.342E-09 8.209E+01 24 3.145E-03 2.898E-01 25 1.062E-04 1.792E+00
26 1.827E-03 7.981E-01 27 1.456E-03 1.166E+00
 45  24
 1 5.055E-07 7.930E+01  3 6.476E-06 5.687E+01  5 1.358E-04 4.411E+01  6 1.124E-04 1.190E+01  7 2.034E-03 1.868E+00
 8 1.926E-03 3.118E+00  9 5.498E-03 2.569E+00 10 5.855E-06 4.585E+01 11 1.337E-04 1.023E+01 12 7.660E-05 8.981E+00
13 3.855E-06 3.316E+01 14 9.038E-03 6.410E+00 15 7.770E-05 2.068E+01 16 1.778E-03 9.694E-01 17 6.670E-05 2.502E+01
18 5.276E-04 1.903E+01 19 1.794E-05 1.000E+02 21 6.031E-03 4.033E+00 22 9.864E-03 3.036E+00 23 1.728E-07 1.000E+02
24 3.157E-03 3.445E-01 25 1.000E-04 2.268E+00 26 1.866E-03 1.032E+00 27 1.502E-03 1.347E+00
 46  23
 1 1.069E-06 6.953E+01  3 5.425E-06 4.456E+01  5 4.379E-04 2.456E+01  6 1.426E-04 1.268E+01  7 2.233E-03 2.048E+00
 8 2.102E-03 3.059E+00  9 5.528E-03 2.845E+00 10 4.196E-06 5.300E+01 11 1.160E-04 1.276E+01 12 8.443E-05 9.005E+00
13 5.162E-06 2.592E+01 14 7.546E-03 7.301E+00 15 8.395E-05 1.851E+01 16 1.770E-03 8.073E-01 17 6.742E-05 3.350E+01
18 4.749E-04 2.239E+01 21 5.476E-03 5.086E+00 22 1.601E-02 2.204E+00 23 7.300E-08 1.000E+02 24 3.159E-03 3.272E-01
25 8.991E-05 2.061E+00 26 1.924E-03 6.844E-01 27 1.580E-03 1.227E+00
 47  23
 1 1.555E-05 9.867E+01  3 4.466E-06 5.856E+01  5 2.380E-04 3.119E+01  6 1.763E-04 1.359E+01  7 2.569E-03 2.065E+00
 8 2.354E-03 2.610E+00  9 5.536E-03 2.773E+00 10 1.205E-05 4.835E+01 11 1.752E-04 1.098E+01 12 1.012E-04 7.375E+00
13 8.274E-06 3.338E+01 14 1.090E-02 9.963E+00 15 1.212E-04 3.213E+01 16 1.743E-03 1.009E+00 17 6.023E-05 2.918E+01
18 2.652E-04 2.435E+01 21 4.713E-03 4.618E+00 22 2.327E-02 2.385E+00 23 3.136E-07 1.000E+02 24 3.160E-03 3.170E-01
25 8.006E-05 2.304E+00 26 1.952E-03 6.083E-01 27 1.598E-03 8.917E-01
 48  22
 1 9.396E-05 6.478E+01  3 3.521E-06 3.492E+01  5 4.185E-04 3.191E+01  6 1.571E-04 1.207E+01  7 2.843E-03 1.642E+00
 8 2.623E-03 3.336E+00  9 5.527E-03 2.831E+00 10 1.103E-05 4.835E+01 11 1.841E-04 8.223E+00 12 1.067E-04 5.264E+00
13 6.992E-06 2.398E+01 14 1.840E-02 5.868E+00 15 1.197E-04 2.646E+01 16 1.753E-03 1.169E+00 17 5.708E-05 1.909E+01
18 3.431E-04 1.800E+01 21 4.247E-03 5.236E+00 22 2.595E-02 1.663E+00 24 3.166E-03 3.206E-01 25 7.286E-05 2.756E+00
26 2.032E-03 6.236E-01 27 1.674E-03 9.954E-01
 49  23
 1 6.760E-05 4.845E+01  3 7.046E-06 4.199E+01  5 6.289E-04 2.913E+01  6 2.147E-04 8.274E+00  7 3.026E-03 1.778E+00
 8 3.242E-03 3.201E+00  9 5.297E-03 2.939E+00 10 2.346E-05 3.170E+01 11 1.793E-04 1.037E+01 12 1.231E-04 7.761E+00
13 9.864E-06 2.073E+01 14 1.866E-02 5.957E+00 15 1.118E-04 3.029E+01 16 1.743E-03 1.316E+00 17 8.034E-05 2.322E+01
18 2.563E-04 2.204E+01 19 3.968E-06 1.000E+02 21 3.452E-03 5.529E+00 22 2.261E-02 2.530E+00 24 3.205E-03 2.983E-01
25 6.527E-05 3.518E+00 26 2.739E-03 6.420E-01 27 2.640E-03 8.571E-01
 50  22
 1 7.971E-05 6.517E+01  3 1.005E-05 4.344E+01  5 3.342E-04 2.904E+01  6 1.845E-04 1.321E+01  7 3.384E-03 1.726E+00
 8 5.048E-03 2.798E+00  9 5.108E-03 2.406E+00 10 1.167E-05 3.138E+01 11 2.129E-04 1.100E+01 12 1.245E-04 8.864E+00
13 1.147E-05 2.039E+01 14 1.899E-02 6.717E+00 15 9.645E-05 1.687E+01 16 1.771E-03 9.929E-01 17 1.145E-04 1.547E+01
18 2.423E-04 1.689E+01 21 2.756E-03 5.785E+00 22 2.011E-02 2.354E+00 24 3.213E-03 3.110E-01 25 5.611E-05 3.078E+00
26 2.843E-03 6.156E-01 27 2.727E-03 5.950E-01
 51  24
 1 4.907E-05 6.114E+01  3 1.333E-05 3.085E+01  5 4.968E-04 2.201E+01  6 2.598E-04 1.281E+01  7 3.763E-03 1.930E+00
 8 5.413E-03 1.238E+00  9 5.282E-03 2.598E+00 10 1.187E-05 4.517E+01 11 2.564E-04 8.089E+00 12 1.426E-04 7.421E+00
13 1.151E-05 2.269E+01 14 1.981E-02 6.532E+00 15 1.083E-04 1.528E+01 16 1.716E-03 9.000E-01 17 1.320E-04 2.191E+01
18 3.659E-04 2.494E+01 19 9.492E-07 1.000E+02 21 2.966E-03 4.544E+00 22 1.396E-02 3.138E+00 23 1.119E-07 6.925E+01
24 3.213E-03 3.225E-01 25 5.013E-05 2.957E+00 26 2.862E-03 6.252E-01 27 2.772E-03 7.377E-01
 52  23
 1 8.782E-05 4.797E+01  3 1.093E-05 2.435E+01  5 4.873E-04 2.997E+01  6 3.016E-04 1.096E+01  7 4.243E-03 1.302E+00
 8 6.057E-03 2.154E+00  9 5.386E-03 2.232E+00 10 2.170E-05 2.687E+01 11 2.256E-04 7.870E+00 12 1.570E-04 6.652E+00
13 8.190E-06 2.440E+01 14 1.689E-02 4.675E+00 15 1.502E-04 1.902E+01 16 1.738E-03 1.130E+00 17 1.268E-04 1.418E+01
18 2.026E-04 2.317E+01 21 2.577E-03 4.417E+00 22 8.999E-03 2.966E+00 23 2.970E-08 1.000E+02 24 3.221E-03 2.947E-01
25 4.455E-05 4.122E+00 26 2.907E-03 6.590E-01 27 2.803E-03 1.037E+00
 53  23
 1 4.762E-05 5.696E+01  3 8.780E-06 3.078E+01  5 4.797E-04 3.037E+01  6 2.629E-04 1.129E+01  7 4.841E-03 1.344E+00
 8 6.212E-03 2.536E+00  9 5.456E-03 2.600E+00 10 2.075E-05 2.448E+01 11 2.884E-04 8.769E+00 12 1.842E-04 5.628E+00
13 1.235E-05 1.903E+01 14 1.481E-02 5.986E+00 15 1.665E-04 1.606E+01 16 1.738E-03 1.070E+00 17 1.843E-04 1.495E+01
18 1.091E-04 2.666E+01 21 2.080E-03 6.367E+00 22 7.878E-03 2.934E+00 23 9.713E-08 1.000E+02 24 3.227E-03 3.055E-01
25 3.930E-05 4.662E+00 26 2.933E-03 5.921E-01 27 2.835E-03 6.693E-01
 54  23
 1 6.962E-05 3.406E+01  3 8.554E-06 4.628E+01  5 5.500E-04 2.865E+01  6 3.132E-04 8.173E+00  7 5.476E-03 1.178E+00
 8 6.326E-03 1.686E+00  9 5.206E-03 2.378E+00 10 1.915E-05 1.961E+01 11 3.495E-04 7.743E+00 12 2.201E-04 4.874E+00
13 1.738E-05 2.032E+01 14 1.148E-02 7.603E+00 15 1.660E-04 1.797E+01 16 1.743E-03 8.947E-01 17 1.724E-04 1.758E+01
18 2.422E-04 2.419E+01 21 2.049E-03 8.232E+00 22 7.079E-03 3.284E+00 23 2.089E-08 1.000E+02 24 3.246E-03 3.188E-01
25 3.612E-05 3.073E+00 26 2.980E-03 6.735E-01 27 2.886E-03 8.789E-01
 55  24
 1 1.894E-04 3.837E+01  3 1.265E-05 2.894E+01  5 6.925E-04 1.996E+01  6 3.466E-04 9.637E+00  7 9.437E-03 1.076E+00
 8 6.698E-03 2.109E+00  9 5.056E-03 3.065E+00 10 1.531E-05 3.022E+01 11 3.821E-04 8.927E+00 12 2.294E-04 4.732E+00
13 1.624E-05 2.159E+01 14 7.410E-03 9.746E+00 15 2.188E-04 1.976E+01 16 1.743E-03 9.291E-01 17 1.222E-04 1.527E+01
18 1.323E-04 2.550E+01 19 2.085E-06 1.000E+02 21 1.795E-03 7.291E+00 22 6.400E-03 3.316E+00 23 2.043E-07 9.903E+01
24 3.243E-03 2.806E-01 25 3.211E-05 4.068E+00 26 2.974E-03 5.945E-01 27 2.859E-03 7.725E-01
 56  23
 1 4.157E-05 5.191E+01  3 6.733E-06 3.684E+01  5 6.369E-04 2.558E+01  6 3.344E-04 7.701E+00  7 1.017E-02 1.319E+00
 8 6.737E-03 1.935E+00  9 5.313E-03 2.191E+00 10 2.176E-05 2.721E+01 11 4.372E-04 5.648E+00 12 2.454E-04 4.688E+00
13 1.738E-05 1.817E+01 14 7.160E-03 7.488E+00 15 2.461E-04 1.731E+01 16 1.764E-03 1.059E+00 17 1.573E-04 1.132E+01
18 1.259E-04 2.519E+01 19 9.545E-06 1.000E+02 21 1.478E-03 7.887E+00 22 5.695E-03 4.209E+00 24 3.229E-03 2.996E-01
25 2.907E-05 4.365E+00 26 2.946E-03 5.764E-01 27 2.813E-03 8.916E-01
 57  23
 1 7.640E-05 4.668E+01  3 1.961E-05 3.411E+01  5 5.437E-04 2.456E+01  6 4.362E-04 7.105E+00  7 1.043E-02 9.086E-01
 8 6.969E-03 2.603E+00  9 4.963E-03 3.144E+00 10 3.100E-05 3.158E+01 11 5.372E-04 6.149E+00 12 2.753E-04 4.088E+00
13 1.560E-05 1.574E+01 14 6.378E-03 7.366E+00 15 2.113E-04 1.278E+01 16 1.733E-03 7.480E-01 17 2.255E-04 1.064E+01
18 2.461E-04 2.843E+01 21 1.484E-03 9.250E+00 22 4.961E-03 3.511E+00 23 2.249E-08 8.995E+01 24 3.239E-03 3.160E-01
25 2.782E-05 5.042E+00 26 2.966E-03 7.274E-01 27 2.844E-03 9.035E-01
 58  24
 1 8.187E-05 5.088E+01  3 1.680E-05 3.186E+01  5 1.186E-03 1.993E+01  6 5.875E-04 5.937E+00  7 1.085E-02 1.149E+00
 8 7.132E-03 1.596E+00  9 4.978E-03 2.355E+00 10 2.764E-05 2.537E+01 11 4.977E-04 8.244E+00 12 3.044E-04 4.234E+00
13 2.303E-05 1.444E+01 14 6.092E-03 9.099E+00 15 2.167E-04 1.362E+01 16 1.685E-03 9.316E-01 17 2.588E-04 1.158E+01
18 1.329E-04 3.394E+01 19 1.001E-05 7.326E+01 21 1.410E-03 7.885E+00 22 4.647E-03 3.873E+00 23 4.664E-07 6.509E+01
24 3.249E-03 3.245E-01 25 2.405E-05 5.190E+00 26 2.976E-03 6.341E-01 27 2.866E-03 7.320E-01
 59  24
 1 1.522E-04 3.901E+01  3 1.802E-05 3.448E+01  5 9.188E-04 1.776E+01  6 5.151E-04 6.459E+00  7 1.133E-02 1.055E+00
 8 7.319E-03 1.895E+00  9 4.933E-03 3.605E+00 10 3.221E-05 2.173E+01 11 5.853E-04 5.359E+00 12 3.303E-04 2.810E+00
13 2.424E-05 1.379E+01 14 5.403E-03 1.155E+01 15 2.317E-04 1.649E+01 16 1.729E-03 1.032E+00 17 2.229E-04 9.966E+00
18 6.110E-05 4.295E+01 19 1.347E-05 1.000E+02 21 1.305E-03 6.532E+00 22 3.996E-03 4.983E+00 23 4.812E-10 1.000E+02
24 3.240E-03 3.222E-01 25 2.305E-05 5.200E+00 26 2.952E-03 6.835E-01 27 2.798E-03 1.021E+00
 60  23
 1 6.889E-05 4.922E+01  3 1.344E-05 3.879E+01  5 1.053E-03 1.868E+01  6 6.587E-04 6.921E+00  7 1.151E-02 1.342E+00
 8 7.868E-03 2.168E+00  9 4.910E-03 3.274E+00 10 3.979E-05 1.733E+01 11 7.031E-04 4.808E+00 12 3.947E-04 4.713E+00
13 2.630E-05 1.688E+01 14 4.646E-03 7.644E+00 15 3.110E-04 1.260E+01 16 1.758E-03 8.812E-01 17 2.810E-04 8.507E+00
18 1.126E-05 5.028E+01 21 1.114E-03 8.883E+00 22 3.759E-03 5.501E+00 23 2.232E-07 1.000E+02 24 3.243E-03 3.088E-01
25 1.880E-05 5.921E+00 26 2.921E-03 5.629E-01 27 2.754E-03 8.050E-01
 61  24
 1 1.179E-04 5.211E+01  3 2.559E-05 2.991E+01  5 1.450E-03 1.310E+01  6 6.696E-04 7.410E+00  7 1.173E-02 9.743E-01
 8 7.764E-03 2.178E+00  9 4.766E-03 2.379E+00 10 3.687E-05 1.546E+01 11 6.841E-04 3.810E+00 12 4.532E-04 2.785E+00
13 2.924E-05 9.414E+00 14 3.474E-03 1.308E+01 15 3.189E-04 1.159E+01 16 1.694E-03 1.237E+00 17 3.767E-04 9.617E+00
18 5.253E-05 4.647E+01 20 6.385E-06 1.000E+02 21 8.929E-04 1.182E+01 22 3.169E-03 4.981E+00 23 1.919E-07 8.538E+01
24 3.248E-03 3.382E-01 25 1.824E-05 5.121E+00 26 2.913E-03 4.822E-01 27 2.753E-03 6.786E-01
 62  24
 1 1.996E-04 3.109E+01  3 6.724E-06 2.548E+01  5 1.482E-03 1.204E+01  6 7.361E-04 5.285E+00  7 1.174E-02 1.052E+00
 8 7.945E-03 2.258E+00  9 4.601E-03 2.654E+00 10 2.937E-05 1.909E+01 11 8.561E-04 5.314E+00 12 5.063E-04 2.900E+00
13 2.915E-05 1.131E+01 14 4.074E-03 1.421E+01 15 4.221E-04 1.277E+01 16 1.725E-03 1.098E+00 17 4.016E-04 8.159E+00
18 1.340E-04 2.885E+01 19 3.973E-05 6.896E+01 21 8.296E-04 9.061E+00 22 3.108E-03 6.315E+00 23 2.382E-07 7.886E+01
24 3.250E-03 3.243E-01 25 1.731E-05 6.749E+00 26 2.871E-03 6.080E-01 27 2.675E-03 8.956E-01
 63  24
 1 1.621E-04 3.274E+01  3 2.850E-05 2.253E+01  5 1.580E-03 1.176E+01  6 8.734E-04 7.003E+00  7 1.181E-02 8.914E-01
 8 8.808E-03 1.882E+00  9 4.492E-03 2.803E+00 10 4.234E-05 1.876E+01 11 1.022E-03 4.032E+00 12 5.682E-04 3.072E+00
13 3.894E-05 1.193E+01 14 2.413E-03 1.846E+01 15 4.291E-04 1.277E+01 16 1.740E-03 1.041E+00 17 4.301E-04 7.184E+00
18 6.939E-05 3.462E+01 19 2.973E-05 8.146E+01 21 6.937E-04 9.080E+00 22 2.891E-03 4.049E+00 23 7.826E-08 7.978E+01
24 3.241E-03 2.971E-01 25 1.389E-05 8.140E+00 26 2.811E-03 7.019E-01 27 2.608E-03 9.822E-01
 64  24
 1 1.611E-04 2.541E+01  3 2.977E-05 1.704E+01  5 1.858E-03 1.370E+01  6 1.051E-03 6.473E+00  7 1.190E-02 1.149E+00
 8 9.059E-03 1.606E+00  9 4.734E-03 3.521E+00 10 3.190E-05 2.105E+01 11 1.071E-03 5.814E+00 12 6.151E-04 2.649E+00
13 4.531E-05 1.310E+01 14 2.645E-03 1.588E+01 15 4.345E-04 9.955E+00 16 1.708E-03 1.049E+00 17 4.420E-04 1.006E+01
18 5.996E-05 4.776E+01 19 6.868E-06 8.755E+01 21 6.915E-04 8.884E+00 22 2.515E-03 5.830E+00 23 6.181E-07 4.359E+01
24 3.241E-03 3.417E-01 25 1.306E-05 6.637E+00 26 2.709E-03 6.101E-01 27 2.467E-03 9.639E-01
 65  24
 1 2.965E-04 3.549E+01  3 3.551E-05 2.967E+01  5 1.594E-03 1.164E+01  6 1.140E-03 4.594E+00  7 1.234E-02 1.211E+00
 8 9.424E-03 1.783E+00  9 4.641E-03 2.383E+00 10 5.987E-05 1.482E+01 11 1.262E-03 5.134E+00 12 6.953E-04 2.839E+00
13 4.463E-05 9.625E+00 14 2.743E-03 1.047E+01 15 5.126E-04 9.205E+00 16 1.730E-03 7.102E-01 17 5.704E-04 8.453E+00
18 5.041E-05 2.945E+01 19 4.376E-05 5.743E+01 21 5.322E-04 1.099E+01 22 2.450E-03 7.925E+00 23 6.484E-07 4.845E+01
24 3.196E-03 2.947E-01 25 1.218E-05 6.860E+00 26 2.005E-03 7.119E-01 27 1.479E-03 9.367E-01
 66  26
 1 2.396E-04 3.816E+01  2 3.611E-09 1.000E+02  3 3.835E-05 2.873E+01  5 2.466E-03 1.216E+01  6 1.208E-03 5.545E+00
 7 1.253E-02 9.701E-01  8 9.734E-03 1.297E+00  9 4.648E-03 3.159E+00 10 6.503E-05 1.471E+01 11 1.488E-03 4.231E+00
12 8.249E-04 1.596E+00 13 5.479E-05 1.003E+01 14 2.984E-03 1.616E+01 15 5.251E-04 7.435E+00 16 1.737E-03 1.052E+00
17 6.115E-04 6.635E+00 18 7.995E-05 3.381E+01 19 1.407E-07 1.000E+02 20 2.571E-06 1.000E+02 21 4.632E-04 1.403E+01
22 2.001E-03 6.639E+00 23 4.261E-07 8.273E+01 24 3.203E-03 3.088E-01 25 1.131E-05 5.886E+00 26 1.917E-03 6.263E-01
27 1.339E-03 9.339E-01
 67  24
 1 3.781E-04 2.785E+01  2 2.473E-07 7.290E+01  3 5.836E-05 1.914E+01  5 2.242E-03 1.153E+01  6 1.348E-03 4.668E+00
 7 1.234E-02 8.386E-01  8 1.056E-02 1.500E+00  9 4.360E-03 2.833E+00 10 8.093E-05 1.093E+01 11 1.630E-03 4.882E+00
12 9.155E-04 2.342E+00 13 5.673E-05 7.032E+00 14 1.858E-03 1.839E+01 15 6.505E-04 6.445E+00 16 1.775E-03 1.282E+00
17 7.286E-04 8.106E+00 18 1.498E-05 9.001E+01 21 5.186E-04 1.270E+01 22 1.829E-03 6.763E+00 23 7.225E-07 4.699E+01
24 3.202E-03 3.353E-01 25 1.026E-05 7.391E+00 26 1.854E-03 9.531E-01 27 1.272E-03 1.300E+00
 68  23
 1 2.483E-04 3.816E+01  3 2.564E-05 2.574E+01  5 2.698E-03 1.224E+01  6 1.429E-03 3.786E+00  7 1.180E-02 8.986E-01
 8 1.100E-02 1.598E+00  9 4.207E-03 3.185E+00 10 1.030E-04 1.425E+01 11 1.911E-03 4.344E+00 12 1.026E-03 2.036E+00
13 6.983E-05 8.613E+00 14 2.438E-03 1.792E+01 15 7.846E-04 8.660E+00 16 1.725E-03 8.416E-01 17 6.943E-04 8.130E+00
18 5.223E-05 6.244E+01 21 5.294E-04 1.027E+01 22 1.686E-03 7.598E+00 23 8.499E-07 4.413E+01 24 3.190E-03 3.077E-01
25 9.861E-06 7.418E+00 26 1.813E-03 7.485E-01 27 1.229E-03 1.143E+00
 69  24
 1 3.955E-04 3.172E+01  3 2.848E-05 2.733E+01  5 3.305E-03 1.233E+01  6 1.761E-03 4.970E+00  7 1.099E-02 8.798E-01
 8 1.765E-02 1.249E+00  9 2.416E-03 4.689E+00 10 9.544E-05 1.216E+01 11 2.077E-03 2.884E+00 12 1.176E-03 1.880E+00
13 6.561E-05 9.589E+00 14 1.275E-03 1.584E+01 15 8.161E-04 9.825E+00 16 1.715E-03 1.175E+00 17 9.272E-04 6.932E+00
18 4.053E-05 3.645E+01 19 9.021E-06 7.778E+01 21 3.996E-04 1.418E+01 22 1.432E-03 1.105E+01 23 7.265E-07 4.289E+01
24 3.204E-03 3.266E-01 25 8.565E-06 1.030E+01 26 1.783E-03 8.026E-01 27 1.156E-03 1.096E+00
 70  26
 1 3.190E-04 2.500E+01  2 1.571E-07 9.126E+01  3 4.010E-05 2.705E+01  5 3.427E-03 1.009E+01  6 2.091E-03 3.440E+00
 7 9.007E-03 1.197E+00  8 1.646E-02 1.237E+00  9 2.000E-03 2.516E+00 10 1.166E-04 1.317E+01 11 2.445E-03 2.097E+00
12 1.321E-03 1.591E+00 13 7.716E-05 6.649E+00 14 1.609E-03 1.383E+01 15 9.180E-04 7.262E+00 16 1.752E-03 1.091E+00
17 1.021E-03 5.924E+00 18 7.495E-05 4.513E+01 19 4.773E-05 5.382E+01 20 2.532E-06 1.000E+02 21 3.892E-04 1.561E+01
22 1.570E-03 8.214E+00 23 7.029E-07 3.707E+01 24 3.184E-03 3.517E-01 25 7.756E-06 8.581E+00 26 1.765E-03 7.335E-01
27 1.117E-03 1.423E+00
 71  25
 1 4.879E-04 2.051E+01  2 5.887E-07 1.000E+02  3 3.945E-05 2.308E+01  5 3.634E-03 7.669E+00  6 2.279E-03 3.006E+00
 7 8.275E-03 1.203E+00  8 1.366E-02 1.380E+00  9 1.750E-03 3.076E+00 10 1.165E-04 1.282E+01 11 2.835E-03 2.618E+00
12 1.529E-03 1.910E+00 13 7.943E-05 5.880E+00 14 1.425E-03 1.872E+01 15 1.052E-03 8.674E+00 16 1.733E-03 9.356E-01
17 1.058E-03 5.765E+00 18 2.512E-05 5.858E+01 19 2.375E-05 9.122E+01 21 2.744E-04 1.769E+01 22 1.240E-03 6.683E+00
23 1.006E-06 3.184E+01 24 3.198E-03 3.258E-01 25 5.344E-06 8.068E+00 26 1.744E-03 8.398E-01 27 1.103E-03 1.157E+00
 72  24
 1 3.292E-04 2.802E+01  3 4.437E-05 2.474E+01  5 4.034E-03 6.484E+00  6 2.481E-03 3.264E+00  7 7.810E-03 1.122E+00
 8 1.337E-02 1.514E+00  9 1.610E-03 4.086E+00 10 9.684E-05 1.541E+01 11 3.230E-03 3.033E+00 12 1.668E-03 1.749E+00
13 1.003E-04 7.065E+00 14 1.495E-03 1.952E+01 15 1.131E-03 4.456E+00 16 1.795E-03 1.030E+00 17 1.123E-03 5.087E+00
18 9.882E-07 8.323E+01 19 1.542E-05 9.763E+01 21 2.548E-04 1.446E+01 22 1.198E-03 8.689E+00 23 6.547E-07 4.518E+01
24 3.187E-03 3.054E-01 25 5.476E-06 7.697E+00 26 1.726E-03 7.964E-01 27 1.075E-03 1.295E+00
 73  24
 1 6.337E-04 2.175E+01  3 4.955E-05 2.245E+01  5 5.277E-03 9.797E+00  6 2.773E-03 2.968E+00  7 7.686E-03 1.071E+00
 8 1.610E-02 1.150E+00  9 1.376E-03 4.702E+00 10 1.367E-04 1.373E+01 11 3.755E-03 2.096E+00 12 1.914E-03 1.593E+00
13 9.989E-05 1.002E+01 14 1.067E-03 1.989E+01 15 1.082E-03 4.899E+00 16 1.781E-03 1.058E+00 17 1.292E-03 4.122E+00
18 1.504E-05 7.326E+01 19 9.783E-06 1.000E+02 21 3.130E-04 1.536E+01 22 9.428E-04 7.800E+00 23 3.781E-07 5.014E+01
24 3.181E-03 3.050E-01 25 5.441E-06 8.587E+00 26 1.709E-03 7.948E-01 27 1.038E-03 1.389E+00
 74  26
 1 6.274E-04 2.309E+01  2 2.556E-07 1.000E+02  3 5.198E-05 1.621E+01  5 4.602E-03 1.115E+01  6 3.465E-03 2.827E+00
 7 8.515E-03 9.957E-01  8 1.614E-02 1.359E+00  9 1.274E-03 5.219E+00 10 1.455E-04 6.442E+00 11 4.398E-03 3.006E+00
12 2.244E-03 1.374E+00 13 1.240E-04 6.791E+00 14 8.946E-04 2.436E+01 15 1.523E-03 6.765E+00 16 1.739E-03 1.077E+00
17 1.458E-03 5.196E+00 18 2.095E-05 9.182E+01 19 3.507E-05 6.811E+01 20 9.987E-08 1.000E+02 21 2.961E-04 1.670E+01
22 9.497E-04 8.330E+00 23 6.598E-07 4.224E+01 24 3.195E-03 2.877E-01 25 4.743E-06 1.234E+01 26 1.699E-03 7.152E-01
27 1.014E-03 1.341E+00
 75  25
 1 5.857E-04 1.676E+01  2 5.346E-07 1.000E+02  3 5.706E-05 1.749E+01  5 6.456E-03 8.571E+00  6 4.407E-03 2.515E+00
 7 4.833E-03 1.615E+00  8 7.444E-03 2.334E+00  9 1.130E-03 4.922E+00 10 2.057E-04 9.611E+00 11 6.046E-03 1.970E+00
12 3.751E-03 1.078E+00 13 1.416E-04 5.797E+00 14 1.314E-03 1.945E+01 15 1.496E-03 7.780E+00 16 1.755E-03 9.595E-01
17 1.782E-03 4.829E+00 18 5.741E-05 5.373E+01 19 2.390E-05 5.502E+01 21 3.307E-04 1.850E+01 22 7.712E-04 8.274E+00
23 2.335E-06 2.518E+01 24 3.192E-03 3.235E-01 25 5.439E-06 1.380E+01 26 1.702E-03 7.867E-01 27 1.015E-03 1.237E+00
 76  24
 1 6.435E-04 1.818E+01  3 6.687E-05 1.449E+01  5 7.737E-03 5.708E+00  6 5.993E-03 2.277E+00  7 4.312E-03 1.522E+00
 8 6.215E-03 1.673E+00  9 9.917E-04 5.371E+00 10 1.996E-04 1.098E+01 11 8.301E-03 1.826E+00 12 4.208E-03 1.101E+00
13 1.553E-04 6.067E+00 14 9.454E-04 1.495E+01 15 1.716E-03 5.087E+00 16 1.773E-03 9.153E-01 17 1.869E-03 3.742E+00
18 9.996E-06 7.334E+01 19 2.577E-06 6.931E+01 21 1.660E-04 2.351E+01 22 6.707E-04 9.768E+00 23 2.204E-06 3.956E+01
24 3.191E-03 3.143E-01 25 4.097E-06 1.447E+01 26 1.702E-03 8.102E-01 27 9.726E-04 1.040E+00
 77  25
 1 9.518E-04 1.597E+01  2 1.140E-06 5.295E+01  3 5.244E-05 1.631E+01  5 1.386E-02 5.952E+00  6 6.822E-03 3.062E+00
 7 3.706E-03 1.285E+00  8 5.610E-03 1.624E+00  9 8.756E-04 5.672E+00 10 1.799E-04 8.388E+00 11 1.089E-02 1.440E+00
12 4.627E-03 9.113E-01 13 1.697E-04 6.854E+00 14 5.573E-04 2.402E+01 15 1.676E-03 7.692E+00 16 1.741E-03 1.322E+00
17 2.249E-03 4.773E+00 18 5.075E-05 6.571E+01 19 9.654E-05 5.361E+01 21 1.710E-04 2.535E+01 22 6.485E-04 1.466E+01
23 2.443E-06 3.592E+01 24 3.185E-03 2.934E-01 25 3.657E-06 1.259E+01 26 1.719E-03 7.656E-01 27 9.876E-04 1.267E+00
 78  26
 1 1.035E-03 1.201E+01  2 3.350E-08 1.000E+02  3 7.449E-05 1.305E+01  5 1.569E-02 4.555E+00  6 7.655E-03 2.249E+00
 7 3.488E-03 1.721E+00  8 4.875E-03 2.249E+00  9 7.869E-04 5.265E+00 10 2.365E-04 7.073E+00 11 1.337E-02 1.496E+00
12 5.084E-03 1.102E+00 13 1.635E-04 4.435E+00 14 7.768E-04 2.810E+01 15 2.029E-03 5.731E+00 16 1.752E-03 1.056E+00
17 2.462E-03 3.834E+00 18 1.869E-05 6.162E+01 19 2.110E-05 7.340E+01 20 3.704E-06 1.000E+02 21 2.357E-04 2.615E+01
22 4.734E-04 1.310E+01 23 1.526E-06 2.899E+01 24 3.188E-03 3.168E-01 25 4.342E-06 1.370E+01 26 1.695E-03 9.129E-01
27 9.519E-04 1.297E+00
 79  24
 1 9.554E-04 1.268E+01  3 8.035E-05 1.266E+01  5 1.573E-02 6.231E+00  6 8.641E-03 2.738E+00  7 3.063E-03 1.077E+00
 8 4.432E-03 2.531E+00  9 6.989E-04 5.335E+00 10 2.570E-04 1.090E+01 11 1.503E-02 1.545E+00 12 5.478E-03 9.740E-01
13 1.904E-04 7.185E+00 14 4.743E-04 3.142E+01 15 2.426E-03 4.620E+00 16 1.759E-03 1.047E+00 17 2.720E-03 4.381E+00
18 1.034E-05 7.351E+01 19 6.392E-06 7.515E+01 21 2.257E-04 1.410E+01 22 5.267E-04 8.016E+00 23 1.672E-06 2.390E+01
24 3.192E-03 3.175E-01 25 3.502E-06 1.290E+01 26 1.748E-03 9.446E-01 27 9.741E-04 1.176E+00
 80  25
 1 9.622E-04 1.431E+01  3 9.057E-05 1.507E+01  5 1.791E-02 5.233E+00  6 9.310E-03 1.905E+00  7 2.702E-03 1.700E+00
 8 3.848E-03 2.890E+00  9 6.073E-04 6.729E+00 10 2.663E-04 6.714E+00 11 1.670E-02 1.072E+00 12 5.935E-03 9.801E-01
13 2.190E-04 4.489E+00 14 4.175E-04 3.184E+01 15 2.584E-03 5.296E+00 16 1.768E-03 1.053E+00 17 3.251E-03 4.134E+00
18 2.807E-05 5.924E+01 19 4.637E-05 4.954E+01 20 1.219E-05 1.000E+02 21 1.755E-04 1.702E+01 22 5.978E-04 1.056E+01
23 1.581E-06 3.635E+01 24 3.182E-03 3.289E-01 25 3.566E-06 1.345E+01 26 1.719E-03 8.601E-01 27 9.529E-04 1.173E+00
 81  26
 1 1.537E-03 6.803E+00  2 1.082E-06 7.059E+01  3 8.941E-05 9.010E+00  5 1.575E-02 5.038E+00  6 1.018E-02 1.974E+00
 7 2.355E-03 2.541E+00  8 3.390E-03 3.363E+00  9 5.208E-04 9.236E+00 10 3.204E-04 6.114E+00 11 1.803E-02 1.183E+00
12 6.392E-03 1.115E+00 13 2.402E-04 3.646E+00 14 4.174E-04 2.493E+01 15 2.880E-03 4.499E+00 16 1.756E-03 1.149E+00
17 3.707E-03 2.857E+00 18 7.957E-06 6.975E+01 19 6.750E-05 3.766E+01 20 1.937E-05 9.825E+01 21 1.297E-04 3.202E+01
22 4.388E-04 1.182E+01 23 2.352E-06 2.765E+01 24 3.197E-03 3.243E-01 25 2.197E-06 1.649E+01 26 1.754E-03 8.664E-01
27 9.590E-04 1.663E+00
 82  25
 1 1.195E-03 1.087E+01  2 2.634E-08 1.000E+02  3 8.734E-05 1.272E+01  5 1.432E-02 6.031E+00  6 1.077E-02 2.267E+00
 7 2.218E-03 1.859E+00  8 2.913E-03 3.151E+00  9 5.270E-04 8.159E+00 10 3.291E-04 7.041E+00 11 1.906E-02 9.295E-01
12 6.923E-03 7.751E-01 13 2.789E-04 3.932E+00 14 3.603E-04 3.322E+01 15 3.047E-03 4.734E+00 16 1.742E-03 1.023E+00
17 4.123E-03 3.759E+00 18 4.038E-05 6.442E+01 19 1.837E-04 6.339E+01 21 1.165E-04 2.505E+01 22 4.152E-04 9.488E+00
23 1.765E-06 2.921E+01 24 3.197E-03 2.889E-01 25 2.771E-06 1.238E+01 26 1.741E-03 7.029E-01 27 9.155E-04 1.137E+00
 83  25
 1 2.044E-03 8.488E+00  2 1.172E-07 8.438E+01  3 1.024E-04 1.109E+01  5 1.530E-02 5.238E+00  6 1.089E-02 1.594E+00
 7 1.991E-03 2.403E+00  8 2.776E-03 2.634E+00  9 4.610E-04 5.703E+00 10 4.029E-04 4.879E+00 11 1.984E-02 1.138E+00
12 7.194E-03 8.470E-01 13 2.737E-04 4.427E+00 14 5.407E-04 2.473E+01 15 3.697E-03 3.827E+00 16 1.760E-03 8.176E-01
17 5.255E-03 2.575E+00 18 4.432E-06 1.000E+02 19 6.562E-05 8.008E+01 21 9.135E-05 3.000E+01 22 2.896E-04 1.662E+01
23 2.599E-06 2.338E+01 24 3.196E-03 3.037E-01 25 2.478E-06 1.373E+01 26 1.784E-03 7.365E-01 27 9.428E-04 1.434E+00
 84  26
 1 2.246E-03 1.044E+01  2 2.283E-07 1.000E+02  3 1.253E-04 1.043E+01  5 1.383E-02 5.777E+00  6 1.183E-02 1.968E+00
 7 1.741E-03 2.157E+00  8 2.460E-03 2.231E+00  9 3.780E-04 7.846E+00 10 4.269E-04 6.121E+00 11 2.075E-02 1.125E+00
12 7.852E-03 9.202E-01 13 3.630E-04 4.533E+00 14 1.877E-04 5.192E+01 15 3.819E-03 4.665E+00 16 1.748E-03 1.036E+00
17 6.959E-03 1.696E+00 18 1.215E-06 1.000E+02 19 7.381E-05 4.456E+01 20 1.665E-05 1.000E+02 21 7.256E-05 2.655E+01
22 2.253E-04 1.590E+01 23 2.941E-06 2.475E+01 24 3.203E-03 2.899E-01 25 1.638E-06 1.772E+01 26 1.798E-03 1.008E+00
27 9.262E-04 1.370E+00
 85  25
 1 2.353E-03 1.137E+01  2 4.318E-07 7.609E+01  3 1.224E-04 1.259E+01  5 1.524E-02 5.571E+00  6 1.190E-02 1.580E+00
 7 1.595E-03 2.574E+00  8 2.224E-03 3.405E+00  9 3.517E-04 8.715E+00 10 4.221E-04 5.883E+00 11 2.060E-02 1.157E+00
12 8.167E-03 8.574E-01 13 3.609E-04 3.977E+00 14 3.639E-04 2.941E+01 15 4.380E-03 3.645E+00 16 1.713E-03 1.317E+00
17 8.559E-03 2.956E+00 18 6.654E-08 1.000E+02 19 8.059E-05 6.091E+01 21 7.141E-05 2.802E+01 22 2.111E-04 1.466E+01
23 2.593E-06 3.065E+01 24 3.202E-03 2.980E-01 25 1.918E-06 2.020E+01 26 1.845E-03 7.052E-01 27 9.484E-04 1.188E+00
 86  24
 1 2.582E-03 9.892E+00  2 1.899E-06 1.000E+02  3 1.425E-04 9.764E+00  5 1.097E-02 8.744E+00  6 1.227E-02 1.934E+00
 7 1.407E-03 1.895E+00  8 2.060E-03 3.327E+00  9 3.241E-04 9.094E+00 10 5.276E-04 7.279E+00 11 2.080E-02 1.375E+00
12 8.581E-03 7.951E-01 13 3.808E-04 3.445E+00 14 3.708E-04 4.458E+01 15 4.901E-03 3.501E+00 16 1.778E-03 9.208E-01
17 9.994E-03 2.550E+00 19 8.910E-05 3.954E+01 21 7.531E-05 3.196E+01 22 3.015E-04 9.869E+00 23 3.881E-06 2.737E+01
24 3.206E-03 3.190E-01 25 1.851E-06 1.586E+01 26 1.865E-03 9.290E-01 27 9.722E-04 2.074E+00
 87  25
 1 3.219E-03 9.401E+00  3 1.377E-04 9.480E+00  5 1.251E-02 7.053E+00  6 1.269E-02 1.137E+00  7 1.376E-03 2.269E+00
 8 1.841E-03 4.134E+00  9 2.845E-04 1.210E+01 10 5.808E-04 5.122E+00 11 2.077E-02 1.026E+00 12 9.069E-03 1.019E+00
13 4.582E-04 3.905E+00 14 3.751E-04 3.178E+01 15 5.486E-03 3.512E+00 16 1.769E-03 7.455E-01 17 1.198E-02 2.118E+00
18 1.834E-05 7.370E+01 19 8.145E-05 3.290E+01 20 3.005E-06 8.732E+01 21 6.220E-05 2.486E+01 22 2.686E-04 2.212E+01
23 2.116E-06 2.233E+01 24 3.224E-03 2.975E-01 25 1.084E-06 2.628E+01 26 1.893E-03 7.173E-01 27 9.579E-04 1.310E+00
 88  25
 1 3.259E-03 7.972E+00  2 1.937E-07 5.961E+01  3 1.610E-04 9.740E+00  5 1.055E-02 6.171E+00  6 1.274E-02 1.747E+00
 7 1.189E-03 2.195E+00  8 1.638E-03 3.083E+00  9 2.261E-04 8.222E+00 10 6.475E-04 6.018E+00 11 1.999E-02 1.145E+00
12 9.443E-03 8.387E-01 13 4.486E-04 3.684E+00 14 4.180E-04 4.200E+01 15 6.436E-03 2.638E+00 16 1.751E-03 1.134E+00
17 1.270E-02 2.410E+00 18 1.259E-05 7.725E+01 19 9.916E-05 3.754E+01 21 2.999E-05 4.693E+01 22 2.216E-04 1.973E+01
23 3.764E-06 2.333E+01 24 3.212E-03 3.514E-01 25 1.222E-06 2.326E+01 26 1.980E-03 8.251E-01 27 9.988E-04 1.334E+00
 89  25
 1 3.231E-03 7.463E+00  2 2.173E-06 9.256E+01  3 1.867E-04 1.329E+01  5 1.035E-02 8.260E+00  6 1.284E-02 1.384E+00
 7 1.015E-03 2.387E+00  8 1.458E-03 3.057E+00  9 2.173E-04 1.051E+01 10 7.049E-04 5.765E+00 11 1.887E-02 9.713E-01
12 9.831E-03 9.848E-01 13 5.336E-04 2.013E+00 14 2.010E-04 4.274E+01 15 8.109E-03 2.905E+00 16 1.724E-03 6.912E-01
17 1.426E-02 2.026E+00 19 1.746E-04 2.693E+01 20 5.841E-06 1.000E+02 21 6.518E-05 3.762E+01 22 1.978E-04 2.188E+01
23 5.852E-06 2.547E+01 24 3.216E-03 3.306E-01 25 5.835E-07 2.311E+01 26 2.026E-03 6.306E-01 27 9.984E-04 1.495E+00
 90  25
 1 3.856E-03 9.714E+00  3 2.018E-04 9.209E+00  5 1.000E-02 6.447E+00  6 1.301E-02 1.621E+00  7 9.017E-04 2.712E+00
 8 1.350E-03 4.126E+00  9 1.871E-04 1.208E+01 10 8.577E-04 4.283E+00 11 1.786E-02 1.269E+00 12 1.016E-02 6.297E-01
13 5.907E-04 2.598E+00 14 2.001E-04 4.191E+01 15 9.082E-03 2.897E+00 16 1.716E-03 1.166E+00 17 1.524E-02 1.588E+00
18 1.464E-05 6.887E+01 19 2.227E-04 3.466E+01 20 1.328E-05 7.202E+01 21 5.122E-05 3.762E+01 22 1.358E-04 2.834E+01
23 5.998E-06 1.866E+01 24 3.229E-03 2.958E-01 25 1.125E-06 2.037E+01 26 2.172E-03 8.578E-01 27 1.068E-03 9.389E-01
 91  26
 1 4.544E-03 6.518E+00  2 9.182E-08 8.654E+01  3 1.710E-04 1.099E+01  5 7.864E-03 6.677E+00  6 1.169E-02 2.279E+00
 7 7.958E-04 3.171E+00  8 1.162E-03 4.913E+00  9 1.441E-04 1.426E+01 10 8.441E-04 4.785E+00 11 1.455E-02 1.469E+00
12 9.709E-03 7.451E-01 13 6.627E-04 2.483E+00 14 2.111E-04 3.968E+01 15 9.814E-03 2.522E+00 16 1.693E-03 9.481E-01
17 1.412E-02 1.855E+00 18 2.431E-06 1.000E+02 19 7.318E-05 4.001E+01 20 9.898E-06 1.000E+02 21 4.537E-05 4.511E+01
22 1.238E-04 2.229E+01 23 5.922E-06 1.770E+01 24 3.318E-03 3.209E-01 25 1.103E-06 2.337E+01 26 3.756E-03 4.966E-01
27 1.909E-03 7.263E-01
 92  26
 1 4.378E-03 7.288E+00  2 9.518E-07 9.915E+01  3 1.887E-04 7.454E+00  5 6.019E-03 1.171E+01  6 1.138E-02 1.958E+00
 7 7.290E-04 3.242E+00  8 9.690E-04 4.158E+00  9 1.619E-04 1.262E+01 10 9.673E-04 4.422E+00 11 1.288E-02 1.330E+00
12 9.646E-03 7.785E-01 13 7.053E-04 2.357E+00 14 1.443E-04 4.044E+01 15 9.623E-03 2.216E+00 16 1.722E-03 1.212E+00
17 1.472E-02 1.922E+00 18 2.830E-05 7.229E+01 19 1.101E-04 4.156E+01 20 1.322E-05 7.708E+01 21 2.509E-05 4.453E+01
22 1.868E-04 2.101E+01 23 6.541E-06 2.562E+01 24 3.318E-03 3.248E-01 25 7.999E-07 3.033E+01 26 4.179E-03 5.724E-01
27 2.147E-03 7.295E-01
 93  25
 1 5.502E-03 7.622E+00  2 2.395E-06 6.220E+01  3 2.370E-04 7.360E+00  5 6.291E-03 8.093E+00  6 1.096E-02 1.695E+00
 7 6.631E-04 2.747E+00  8 9.594E-04 6.207E+00  9 1.368E-04 1.381E+01 10 1.034E-03 3.790E+00 11 1.117E-02 1.320E+00
12 9.978E-03 8.647E-01 13 8.479E-04 2.558E+00 14 8.819E-05 4.675E+01 15 1.076E-02 2.625E+00 16 1.688E-03 1.010E+00
17 1.451E-02 2.114E+00 18 1.092E-05 1.000E+02 19 1.028E-04 2.712E+01 21 2.642E-05 5.894E+01 22 1.370E-04 2.603E+01
23 7.266E-06 1.562E+01 24 3.328E-03 2.938E-01 25 4.800E-07 2.656E+01 26 4.187E-03 4.960E-01 27 2.130E-03 5.841E-01
 94  25
 1 6.604E-03 8.285E+00  2 1.072E-09 1.000E+02  3 2.662E-04 8.082E+00  5 5.714E-03 9.404E+00  6 1.253E-02 1.944E+00
 7 5.831E-04 3.178E+00  8 8.239E-04 5.307E+00  9 1.352E-04 1.424E+01 10 1.235E-03 3.837E+00 11 1.072E-02 1.723E+00
12 1.166E-02 7.482E-01 13 8.956E-04 2.231E+00 14 1.282E-04 5.328E+01 15 1.327E-02 2.428E+00 16 1.707E-03 8.509E-01
17 1.723E-02 1.419E+00 19 1.247E-04 2.809E+01 20 1.473E-05 9.111E+01 21 3.719E-05 4.303E+01 22 1.122E-04 1.834E+01
23 8.555E-06 1.659E+01 24 3.251E-03 3.232E-01 25 5.883E-07 2.396E+01 26 2.379E-03 5.926E-01 27 1.009E-03 7.780E-01
 95  26
 1 7.762E-03 5.049E+00  2 2.255E-06 4.445E+01  3 2.884E-04 7.460E+00  5 5.336E-03 7.763E+00  6 1.216E-02 2.266E+00
 7 5.633E-04 3.220E+00  8 7.633E-04 5.159E+00  9 1.064E-04 1.550E+01 10 1.276E-03 3.696E+00 11 8.393E-03 1.632E+00
12 1.197E-02 8.099E-01 13 1.029E-03 2.156E+00 14 1.167E-04 3.783E+01 15 2.028E-02 2.226E+00 16 1.684E-03 9.224E-01
17 1.692E-02 2.205E+00 18 2.007E-06 7.036E+01 19 1.311E-04 2.724E+01 20 8.692E-06 9.522E+01 21 2.839E-05 4.753E+01
22 1.188E-04 2.418E+01 23 9.071E-06 1.052E+01 24 3.255E-03 3.310E-01 25 7.250E-07 3.287E+01 26 2.372E-03 6.305E-01
27 1.014E-03 1.127E+00
 96  25
 1 9.671E-03 6.759E+00  2 1.589E-06 8.383E+01  3 3.352E-04 5.971E+00  5 4.310E-03 9.012E+00  6 1.195E-02 2.156E+00
 7 4.735E-04 4.780E+00  8 6.243E-04 5.491E+00  9 1.103E-04 2.024E+01 10 1.411E-03 3.599E+00 11 5.689E-03 2.417E+00
12 1.186E-02 7.547E-01 13 1.179E-03 2.241E+00 14 3.794E-04 3.943E+01 15 1.968E-02 2.280E+00 16 1.692E-03 7.694E-01
17 1.628E-02 1.651E+00 19 2.712E-04 3.092E+01 20 3.265E-06 8.910E+01 21 1.733E-05 5.495E+01 22 9.176E-05 2.888E+01
23 8.540E-06 1.359E+01 24 3.280E-03 2.934E-01 25 4.189E-07 4.554E+01 26 2.822E-03 5.706E-01 27 1.258E-03 7.903E-01
 97  25
 1 2.061E-02 4.773E+00  2 5.736E-07 4.209E+01  3 3.426E-04 8.584E+00  5 3.681E-03 1.138E+01  6 1.007E-02 2.068E+00
 7 4.183E-04 3.367E+00  8 5.988E-04 6.056E+00  9 8.924E-05 1.775E+01 10 1.658E-03 3.821E+00 11 3.928E-03 2.010E+00
12 1.082E-02 6.536E-01 13 1.230E-03 2.118E+00 14 1.568E-04 4.808E+01 15 1.679E-02 1.828E+00 16 1.710E-03 7.694E-01
17 1.408E-02 1.417E+00 19 2.567E-04 2.742E+01 20 2.383E-05 6.878E+01 21 3.413E-05 4.806E+01 22 1.167E-04 3.358E+01
23 9.667E-06 1.116E+01 24 3.324E-03 3.028E-01 25 5.789E-07 3.492E+01 26 4.340E-03 4.942E-01 27 2.173E-03 5.779E-01
 98  25
 1 2.282E-02 3.822E+00  2 2.602E-06 6.016E+01  3 3.352E-04 7.443E+00  5 2.914E-03 1.308E+01  6 9.971E-03 2.251E+00
 7 4.087E-04 3.705E+00  8 5.442E-04 5.513E+00  9 9.884E-05 1.377E+01 10 1.720E-03 4.241E+00 11 3.292E-03 2.639E+00
12 1.120E-02 7.381E-01 13 1.352E-03 2.027E+00 14 5.062E-05 4.553E+01 15 1.531E-02 2.186E+00 16 1.700E-03 1.159E+00
17 1.401E-02 2.115E+00 19 4.337E-04 2.142E+01 20 1.774E-05 5.871E+01 21 1.706E-05 4.798E+01 22 7.713E-05 2.243E+01
23 1.073E-05 1.415E+01 24 3.345E-03 3.010E-01 25 2.500E-07 3.775E+01 26 4.384E-03 5.695E-01 27 2.197E-03 7.606E-01
 99  25
 1 2.221E-02 5.074E+00  2 1.604E-06 6.606E+01  3 4.336E-04 6.361E+00  5 2.673E-03 1.181E+01  6 1.003E-02 2.092E+00
 7 3.598E-04 4.096E+00  8 4.681E-04 8.379E+00  9 6.574E-05 1.673E+01 10 1.916E-03 3.433E+00 11 3.024E-03 2.880E+00
12 1.187E-02 7.065E-01 13 1.648E-03 2.158E+00 14 5.707E-05 6.897E+01 15 1.295E-02 2.564E+00 16 1.675E-03 9.298E-01
17 1.364E-02 1.830E+00 19 3.347E-04 2.288E+01 20 7.500E-05 5.216E+01 21 1.490E-05 3.616E+01 22 6.479E-05 3.092E+01
23 1.275E-05 1.251E+01 24 3.303E-03 3.355E-01 25 3.403E-07 5.185E+01 26 3.614E-03 5.362E-01 27 1.709E-03 7.861E-01
100  25
 1 2.403E-02 4.532E+00  2 1.128E-06 6.302E+01  3 4.428E-04 5.096E+00  5 2.468E-03 1.287E+01  6 9.570E-03 1.991E+00
 7 3.153E-04 5.324E+00  8 4.707E-04 7.220E+00  9 6.365E-05 2.007E+01 10 2.336E-03 2.717E+00 11 2.748E-03 2.641E+00
12 1.300E-02 9.431E-01 13 1.910E-03 1.775E+00 14 8.796E-05 6.704E+01 15 1.169E-02 3.284E+00 16 1.753E-03 9.704E-01
17 1.384E-02 1.593E+00 19 4.150E-04 1.967E+01 20 2.513E-05 9.421E+01 21 1.758E-05 9.911E+01 22 5.930E-05 4.308E+01
23 1.468E-05 1.003E+01 24 3.256E-03 2.979E-01 25 4.784E-07 3.249E+01 26 2.477E-03 5.080E-01 27 1.022E-03 9.310E-01
101  25
 1 2.194E-02 3.843E+00  2 1.289E-06 3.588E+01  3 5.312E-04 6.181E+00  5 2.624E-03 1.230E+01  6 9.348E-03 2.075E+00
 7 2.876E-04 5.606E+00  8 4.202E-04 5.405E+00  9 1.040E-04 1.453E+01 10 2.568E-03 3.002E+00 11 2.483E-03 3.530E+00
12 1.292E-02 6.429E-01 13 2.056E-03 1.599E+00 14 9.131E-05 4.084E+01 15 8.043E-03 2.160E+00 16 1.759E-03 1.112E+00
17 1.276E-02 1.626E+00 19 4.664E-04 1.849E+01 20 8.775E-05 4.173E+01 21 2.187E-05 6.394E+01 22 7.062E-05 2.714E+01
23 1.837E-05 1.049E+01 24 3.261E-03 3.363E-01 25 4.982E-07 4.783E+01 26 2.525E-03 7.895E-01 27 1.036E-03 1.169E+00
102  26
 1 2.073E-02 3.776E+00  2 2.218E-06 6.107E+01  3 5.620E-04 5.287E+00  5 1.892E-03 1.732E+01  6 7.933E-03 2.389E+00
 7 2.418E-04 4.376E+00  8 3.451E-04 7.796E+00  9 3.612E-05 2.248E+01 10 2.653E-03 2.489E+00 11 1.975E-03 3.287E+00
12 1.175E-02 9.570E-01 13 2.261E-03 1.231E+00 14 1.030E-06 1.000E+02 15 6.247E-03 2.952E+00 16 1.698E-03 7.580E-01
17 1.076E-02 2.233E+00 18 7.193E-07 1.000E+02 19 6.908E-04 1.596E+01 20 2.245E-05 6.041E+01 21 6.582E-06 7.732E+01
22 5.783E-05 3.892E+01 23 1.695E-05 1.226E+01 24 3.304E-03 3.292E-01 25 4.430E-07 3.425E+01 26 3.710E-03 4.780E-01
27 1.729E-03 5.881E-01
103  25
 1 1.687E-02 3.741E+00  2 1.964E-06 4.439E+01  3 6.042E-04 5.105E+00  5 1.942E-03 9.948E+00  6 6.914E-03 2.707E+00
 7 2.428E-04 4.299E+00  8 3.422E-04 1.019E+01  9 4.506E-05 1.888E+01 10 3.079E-03 3.836E+00 11 1.626E-03 4.361E+00
12 1.098E-02 8.434E-01 13 2.530E-03 1.923E+00 14 4.310E-05 5.738E+01 15 5.220E-03 3.205E+00 16 1.710E-03 8.891E-01
17 9.083E-03 2.001E+00 19 3.327E-04 1.857E+01 20 5.048E-05 5.239E+01 21 1.000E-05 4.422E+01 22 4.525E-05 3.084E+01
23 1.705E-05 8.030E+00 24 3.326E-03 2.999E-01 25 2.713E-07 3.255E+01 26 4.483E-03 5.253E-01 27 2.214E-03 6.712E-01
104  25
 1 1.473E-02 5.054E+00  2 4.582E-06 3.815E+01  3 6.599E-04 4.091E+00  5 1.278E-03 1.652E+01  6 6.085E-03 2.332E+00
 7 1.941E-04 7.066E+00  8 2.996E-04 6.800E+00  9 5.354E-05 1.878E+01 10 3.397E-03 2.286E+00 11 1.588E-03 3.545E+00
12 1.075E-02 7.052E-01 13 2.800E-03 1.425E+00 14 2.509E-05 6.867E+01 15 4.960E-03 3.546E+00 16 1.697E-03 1.174E+00
17 7.526E-03 2.456E+00 19 5.576E-04 2.947E+01 20 9.729E-05 6.673E+01 21 8.825E-06 6.906E+01 22 4.555E-05 4.244E+01
23 2.305E-05 9.145E+00 24 3.319E-03 3.243E-01 25 4.184E-07 5.387E+01 26 4.469E-03 4.886E-01 27 2.201E-03 7.309E-01
105  25
 1 1.098E-02 6.048E+00  2 2.443E-06 4.926E+01  3 8.056E-04 6.428E+00  5 1.442E-03 1.377E+01  6 5.691E-03 2.787E+00
 7 1.832E-04 5.217E+00  8 2.920E-04 7.535E+00  9 5.084E-05 2.916E+01 10 4.200E-03 2.145E+00 11 1.393E-03 3.578E+00
12 1.177E-02 6.954E-01 13 3.440E-03 1.442E+00 14 1.094E-04 6.489E+01 15 5.057E-03 3.534E+00 16 1.741E-03 9.343E-01
17 6.457E-03 2.327E+00 19 7.158E-04 1.604E+01 20 5.205E-05 5.902E+01 21 1.342E-05 5.573E+01 22 2.451E-05 6.302E+01
23 1.987E-05 1.056E+01 24 3.264E-03 3.355E-01 25 2.394E-07 4.439E+01 26 3.022E-03 5.548E-01 27 1.306E-03 7.064E-01
106  26
 1 8.862E-03 4.849E+00  2 3.149E-06 4.373E+01  3 9.549E-04 5.099E+00  5 1.344E-03 1.535E+01  6 4.493E-03 2.995E+00
 7 1.786E-04 7.558E+00  8 2.688E-04 6.082E+00  9 2.787E-05 2.467E+01 10 4.891E-03 2.346E+00 11 1.316E-03 3.849E+00
12 1.137E-02 7.344E-01 13 4.026E-03 1.207E+00 14 1.058E-05 8.832E+01 15 4.489E-03 2.986E+00 16 1.722E-03 1.100E+00
17 4.984E-03 2.856E+00 18 6.207E-06 1.000E+02 19 9.043E-04 1.499E+01 20 4.782E-05 3.483E+01 21 2.232E-06 1.000E+02
22 3.441E-05 3.477E+01 23 2.360E-05 1.007E+01 24 3.224E-03 3.255E-01 25 5.520E-08 5.492E+01 26 2.611E-03 7.231E-01
27 1.051E-03 1.167E+00
107  25
 1 6.306E-03 4.921E+00  2 6.528E-06 3.840E+01  3 9.585E-04 3.815E+00  5 1.393E-03 1.628E+01  6 3.325E-03 3.548E+00
 7 1.521E-04 5.547E+00  8 2.442E-04 7.368E+00  9 2.041E-05 2.668E+01 10 5.413E-03 1.722E+00 11 1.101E-03 4.048E+00
12 5.182E-03 8.634E-01 13 4.821E-03 1.192E+00 14 2.194E-06 1.000E+02 15 4.347E-03 4.189E+00 16 1.708E-03 1.072E+00
17 3.874E-03 2.599E+00 19 7.863E-04 1.118E+01 20 6.429E-05 4.527E+01 21 1.234E-05 5.841E+01 22 1.950E-05 3.177E+01
23 2.529E-05 8.265E+00 24 3.207E-03 3.253E-01 25 2.045E-07 4.820E+01 26 2.679E-03 6.872E-01 27 1.087E-03 9.983E-01
108  24
 1 4.640E-03 6.452E+00  2 6.685E-06 3.732E+01  3 9.679E-04 4.584E+00  5 1.190E-03 1.195E+01  6 2.410E-03 3.754E+00
 7 1.453E-04 6.757E+00  8 1.598E-04 1.409E+01  9 4.030E-05 3.004E+01 10 6.752E-03 2.626E+00 11 8.186E-04 5.422E+00
12 3.757E-03 1.083E+00 13 8.718E-03 1.092E+00 14 2.849E-05 1.000E+02 15 3.180E-03 4.270E+00 16 1.723E-03 8.655E-01
17 2.824E-03 4.607E+00 19 6.397E-04 1.809E+01 20 5.522E-05 5.970E+01 22 5.073E-05 5.190E+01 23 2.317E-05 7.974E+00
24 3.204E-03 2.802E-01 25 4.328E-07 4.428E+01 26 4.574E-03 4.874E-01 27 2.264E-03 6.470E-01
109  26
 1 3.593E-03 6.240E+00  2 2.071E-06 5.311E+01  3 1.030E-03 5.133E+00  5 7.543E-04 1.803E+01  6 2.335E-03 4.355E+00
 7 1.176E-04 6.062E+00  8 1.634E-04 8.318E+00  9 2.366E-05 2.893E+01 10 9.578E-03 1.519E+00 11 8.281E-04 4.722E+00
12 3.283E-03 1.488E+00 13 8.977E-03 9.401E-01 14 1.069E-04 7.001E+01 15 3.066E-03 4.555E+00 16 1.719E-03 1.152E+00
17 2.425E-03 3.707E+00 18 8.684E-06 1.000E+02 19 6.752E-04 1.637E+01 20 2.102E-05 5.075E+01 21 3.539E-06 6.885E+01
22 2.564E-05 5.285E+01 23 2.700E-05 1.052E+01 24 3.200E-03 3.448E-01 25 1.810E-07 4.330E+01 26 4.661E-03 4.264E-01
27 2.293E-03 5.977E-01
110  24
 1 3.698E-03 8.618E+00  2 2.870E-06 4.474E+01  3 1.104E-03 4.585E+00  5 8.297E-04 2.209E+01  6 1.995E-03 4.614E+00
 7 1.130E-04 5.267E+00  8 1.529E-04 1.307E+01  9 2.432E-05 3.156E+01 10 1.255E-02 1.234E+00 11 7.746E-04 5.768E+00
12 3.021E-03 1.530E+00 13 9.627E-03 8.964E-01 15 2.607E-03 4.475E+00 16 1.720E-03 9.523E-01 17 2.244E-03 4.463E+00
19 1.006E-03 1.723E+01 20 5.528E-05 6.982E+01 21 3.496E-06 6.516E+01 22 2.235E-05 5.678E+01 23 2.543E-05 8.396E+00
24 3.174E-03 3.190E-01 25 1.274E-07 4.554E+01 26 4.231E-03 4.783E-01 27 2.024E-03 5.978E-01
111  26
 1 3.747E-03 8.222E+00  2 3.219E-06 3.921E+01  3 1.304E-03 4.802E+00  4 6.242E-07 1.000E+02  5 9.743E-04 1.782E+01
 6 1.878E-03 4.214E+00  7 1.151E-04 7.486E+00  8 1.189E-04 1.487E+01  9 1.436E-05 2.955E+01 10 1.523E-02 1.304E+00
11 6.414E-04 6.136E+00 12 2.936E-03 9.068E-01 13 1.140E-02 6.568E-01 14 3.319E-05 7.496E+01 15 2.386E-03 2.823E+00
16 1.725E-03 9.200E-01 17 2.129E-03 3.875E+00 19 9.585E-04 1.537E+01 20 7.240E-05 3.791E+01 21 1.156E-05 6.904E+01
22 9.151E-06 5.434E+01 23 2.861E-05 1.107E+01 24 3.090E-03 2.888E-01 25 2.496E-07 4.099E+01 26 2.753E-03 5.625E-01
27 1.126E-03 8.480E-01
112  25
 1 2.990E-03 8.001E+00  2 9.068E-06 3.057E+01  3 1.396E-03 4.140E+00  5 5.796E-04 1.945E+01  6 1.728E-03 4.266E+00
 7 9.610E-05 1.095E+01  8 1.120E-04 1.517E+01  9 1.755E-05 3.588E+01 10 1.694E-02 1.531E+00 11 6.221E-04 4.717E+00
12 2.637E-03 1.121E+00 13 1.128E-02 8.038E-01 14 9.527E-05 1.000E+02 15 2.155E-03 5.196E+00 16 1.787E-03 1.005E+00
17 1.966E-03 4.366E+00 19 1.136E-03 1.659E+01 20 6.095E-05 5.239E+01 21 1.630E-05 9.832E+01 22 1.099E-05 6.864E+01
23 3.531E-05 7.243E+00 24 3.089E-03 3.681E-01 25 6.403E-08 4.418E+01 26 2.744E-03 7.533E-01 27 1.115E-03 7.885E-01
113  24
 1 2.775E-03 9.645E+00  2 3.771E-06 3.520E+01  3 1.581E-03 2.648E+00  5 9.503E-04 1.945E+01  6 1.400E-03 4.639E+00
 7 1.093E-04 8.544E+00  8 1.297E-04 1.340E+01  9 1.713E-05 3.679E+01 10 1.656E-02 1.567E+00 11 5.703E-04 6.910E+00
12 2.362E-03 1.513E+00 13 1.065E-02 1.184E+00 14 2.232E-06 1.000E+02 15 2.319E-03 5.356E+00 16 1.729E-03 9.200E-01
17 1.754E-03 4.932E+00 19 1.347E-03 1.092E+01 20 7.733E-05 4.595E+01 22 2.729E-05 5.636E+01 23 3.150E-05 1.102E+01
24 3.146E-03 3.900E-01 25 6.518E-08 7.478E+01 26 3.572E-03 6.192E-01 27 1.593E-03 8.081E-01
114  25
 1 2.498E-03 1.280E+01  2 7.375E-06 3.116E+01  3 1.723E-03 2.870E+00  4 2.391E-04 1.000E+02  5 5.336E-04 2.112E+01
 6 1.331E-03 4.885E+00  7 7.546E-05 1.102E+01  8 1.198E-04 1.350E+01  9 1.452E-05 3.983E+01 10 1.544E-02 1.346E+00
11 5.019E-04 5.992E+00 12 2.025E-03 1.521E+00 13 9.706E-03 7.711E-01 15 1.837E-03 5.890E+00 16 1.690E-03 8.853E-01
17 1.632E-03 5.317E+00 19 1.183E-03 1.212E+01 20 3.762E-05 4.397E+01 21 1.941E-07 1.000E+02 22 1.686E-05 4.417E+01
23 3.235E-05 8.435E+00 24 3.184E-03 2.879E-01 25 8.512E-08 6.417E+01 26 4.698E-03 4.929E-01 27 2.292E-03 5.695E-01
115  26
 1 2.446E-03 1.081E+01  2 5.613E-06 3.444E+01  3 1.916E-03 3.156E+00  4 1.546E-06 1.000E+02  5 4.899E-04 2.157E+01
 6 1.230E-03 5.746E+00  7 7.296E-05 1.150E+01  8 9.505E-05 1.714E+01  9 3.055E-05 3.296E+01 10 1.569E-02 1.457E+00
11 4.376E-04 8.144E+00 12 1.811E-03 1.498E+00 13 9.705E-03 8.783E-01 14 5.529E-06 1.000E+02 15 1.742E-03 4.463E+00
16 1.730E-03 9.313E-01 17 1.414E-03 5.959E+00 19 1.762E-03 9.432E+00 20 1.146E-04 5.174E+01 21 1.685E-05 5.532E+01
22 1.169E-05 4.650E+01 23 3.676E-05 4.747E+00 24 3.201E-03 3.078E-01 25 2.577E-08 7.247E+01 26 4.755E-03 5.181E-01
27 2.318E-03 7.697E-01
116  25
 1 2.091E-03 1.151E+01  2 4.490E-06 3.864E+01  3 2.247E-03 3.215E+00  4 1.098E-05 1.000E+02  5 9.100E-04 1.890E+01
 6 1.120E-03 5.848E+00  7 6.852E-05 9.610E+00  8 8.962E-05 1.226E+01  9 1.423E-05 3.636E+01 10 1.671E-02 1.280E+00
11 4.623E-04 6.883E+00 12 1.747E-03 1.507E+00 13 1.099E-02 9.478E-01 14 1.781E-05 9.439E+01 15 1.597E-03 6.621E+00
16 1.720E-03 1.169E+00 17 1.291E-03 5.093E+00 19 1.820E-03 1.157E+01 20 1.042E-04 4.398E+01 22 1.648E-05 6.684E+01
23 4.334E-05 6.851E+00 24 3.131E-03 3.015E-01 25 1.821E-07 7.426E+01 26 3.566E-03 6.122E-01 27 1.596E-03 9.345E-01
117  24
 1 2.003E-03 9.948E+00  2 7.102E-06 3.118E+01  3 5.012E-03 1.850E+00  5 6.841E-04 2.819E+01  6 1.161E-03 4.908E+00
 7 5.966E-05 1.043E+01  8 7.660E-05 1.460E+01  9 1.014E-05 4.333E+01 10 1.767E-02 1.449E+00 11 3.999E-04 7.015E+00
12 1.641E-03 1.575E+00 13 1.132E-02 6.133E-01 15 1.453E-03 5.584E+00 16 2.057E-03 7.311E-01 17 1.231E-03 5.472E+00
19 1.755E-03 1.254E+01 20 8.614E-05 4.468E+01 21 8.835E-06 1.000E+02 22 1.853E-05 5.031E+01 23 4.941E-05 8.311E+00
24 3.113E-03 3.228E-01 25 7.913E-08 5.101E+01 26 2.821E-03 6.496E-01 27 1.130E-03 1.045E+00
118  26
 1 1.669E-03 1.103E+01  2 5.606E-06 3.495E+01  3 1.244E-02 1.588E+00  4 3.152E-05 1.000E+02  5 6.588E-04 2.050E+01
 6 1.027E-03 5.219E+00  7 5.698E-05 1.130E+01  8 7.063E-05 1.538E+01  9 9.432E-06 4.200E+01 10 1.671E-02 1.068E+00
11 3.412E-04 6.360E+00 12 1.489E-03 2.290E+00 13 1.101E-02 6.668E-01 14 1.467E-06 8.198E+01 15 1.504E-03 7.767E+00
16 2.043E-03 1.034E+00 17 1.071E-03 7.267E+00 19 2.455E-03 1.236E+01 20 1.573E-04 4.176E+01 21 3.471E-06 1.000E+02
22 2.881E-08 1.000E+02 23 4.712E-05 6.013E+00 24 3.111E-03 3.415E-01 25 1.656E-07 4.610E+01 26 2.853E-03 7.266E-01
27 1.132E-03 1.261E+00
119  26
 1 1.584E-03 1.466E+01  2 5.775E-06 3.941E+01  3 1.766E-02 8.776E-01  4 3.173E-05 1.000E+02  5 6.122E-04 3.011E+01
 6 8.626E-04 5.496E+00  7 7.242E-05 1.025E+01  8 7.862E-05 1.182E+01  9 2.126E-05 2.976E+01 10 1.427E-02 1.470E+00
11 3.161E-04 6.623E+00 12 1.329E-03 1.918E+00 13 9.764E-03 9.320E-01 14 1.571E-06 1.000E+02 15 1.381E-03 6.736E+00
16 1.979E-03 9.452E-01 17 9.396E-04 6.738E+00 19 2.086E-03 1.192E+01 20 9.166E-05 3.469E+01 21 3.058E-06 6.055E+01
22 1.189E-05 4.823E+01 23 4.984E-05 5.993E+00 24 3.209E-03 3.108E-01 25 1.001E-08 9.856E+01 26 4.201E-03 4.507E-01
27 1.972E-03 6.238E-01
120  25
 1 1.276E-03 1.683E+01  2 6.844E-06 2.809E+01  3 2.284E-02 1.031E+00  5 2.923E-04 2.886E+01  6 7.332E-04 7.293E+00
 7 5.554E-05 1.520E+01  8 6.699E-05 2.044E+01  9 9.931E-06 3.368E+01 10 1.277E-02 1.406E+00 11 2.951E-04 8.644E+00
12 1.188E-03 2.164E+00 13 9.228E-03 1.040E+00 14 2.709E-05 1.000E+02 15 1.165E-03 8.481E+00 16 1.957E-03 1.113E+00
17 8.022E-04 6.399E+00 19 2.599E-03 8.980E+00 20 7.712E-05 4.005E+01 21 3.853E-06 8.537E+01 22 1.801E-05 5.767E+01
23 4.821E-05 6.525E+00 24 3.235E-03 3.130E-01 25 4.112E-07 3.064E+01 26 4.586E-03 4.833E-01 27 2.195E-03 7.782E-01
121  26
 1 1.212E-03 1.577E+01  2 1.081E-05 3.254E+01  3 2.692E-02 8.576E-01  4 4.492E-05 1.000E+02  5 3.992E-04 2.714E+01
 6 7.127E-04 6.806E+00  7 5.604E-05 1.412E+01  8 8.216E-05 2.414E+01  9 7.691E-06 4.752E+01 10 1.248E-02 1.753E+00
11 2.896E-04 8.894E+00 12 1.086E-03 2.467E+00 13 9.157E-03 1.009E+00 14 6.185E-05 7.482E+01 15 1.160E-03 6.434E+00
16 1.933E-03 8.899E-01 17 8.560E-04 6.240E+00 19 2.877E-03 1.051E+01 20 6.025E-05 3.135E+01 21 7.022E-06 8.153E+01
22 1.617E-06 1.000E+02 23 6.215E-05 5.004E+00 24 3.235E-03 3.106E-01 25 2.878E-07 5.295E+01 26 4.490E-03 3.602E-01
27 2.123E-03 4.992E-01
122  23
 1 1.285E-03 1.495E+01  2 8.268E-06 2.668E+01  3 2.995E-02 9.029E-01  5 3.512E-04 4.290E+01  6 6.665E-04 6.197E+00
 7 4.192E-05 1.384E+01  8 7.593E-05 2.146E+01  9 1.619E-05 4.549E+01 10 1.305E-02 1.164E+00 11 2.445E-04 9.732E+00
12 1.009E-03 2.889E+00 13 1.017E-02 7.712E-01 15 9.795E-04 8.847E+00 16 1.920E-03 8.159E-01 17 7.587E-04 5.125E+00
19 3.366E-03 9.041E+00 20 1.812E-04 3.897E+01 22 7.998E-06 5.282E+01 23 6.190E-05 7.335E+00 24 3.166E-03 3.179E-01
25 4.275E-07 3.510E+01 26 3.098E-03 5.558E-01 27 1.208E-03 7.246E-01
123  26
 1 1.124E-03 1.387E+01  2 9.900E-06 3.164E+01  3 3.079E-02 9.282E-01  4 4.722E-05 1.000E+02  5 4.160E-04 3.511E+01
 6 6.820E-04 6.399E+00  7 3.904E-05 1.229E+01  8 6.051E-05 1.975E+01  9 7.234E-06 4.830E+01 10 1.210E-02 1.337E+00
11 2.613E-04 9.109E+00 12 9.402E-04 2.135E+00 13 9.621E-03 1.033E+00 14 1.950E-05 1.000E+02 15 7.800E-04 8.819E+00
16 1.894E-03 8.147E-01 17 6.833E-04 7.217E+00 19 4.255E-03 6.832E+00 20 1.194E-04 3.586E+01 21 7.594E-06 9.077E+01
22 1.351E-05 5.337E+01 23 6.800E-05 6.297E+00 24 3.193E-03 3.641E-01 25 1.560E-07 3.501E+01 26 3.482E-03 5.482E-01
27 1.317E-03 6.508E-01
124  25
 1 1.047E-03 1.617E+01  2 1.011E-05 2.741E+01  3 3.261E-02 1.056E+00  4 1.031E-04 8.294E+01  5 8.927E-05 4.322E+01
 6 6.436E-04 5.884E+00  7 4.307E-05 1.499E+01  8 5.312E-05 1.848E+01  9 9.901E-06 4.853E+01 10 1.092E-02 1.415E+00
11 2.083E-04 8.890E+00 12 8.596E-04 1.956E+00 13 9.353E-03 9.864E-01 15 9.241E-04 9.065E+00 16 1.893E-03 7.250E-01
17 7.311E-04 7.820E+00 19 4.835E-03 9.860E+00 20 2.087E-04 3.802E+01 21 8.810E-06 9.529E+01 22 2.473E-05 8.407E+01
23 6.956E-05 5.772E+00 24 3.227E-03 3.128E-01 25 5.616E-08 4.451E+01 26 3.833E-03 5.898E-01 27 1.575E-03 7.082E-01
125  26
 1 1.072E-03 1.836E+01  2 1.507E-05 1.865E+01  3 3.185E-02 9.268E-01  4 1.003E-04 1.000E+02  5 2.647E-04 3.495E+01
 6 4.607E-04 7.977E+00  7 3.252E-05 9.865E+00  8 4.160E-05 1.732E+01  9 9.600E-06 4.318E+01 10 9.047E-03 1.381E+00
11 1.791E-04 9.392E+00 12 7.740E-04 3.684E+00 13 8.523E-03 7.521E-01 15 7.431E-04 8.125E+00 16 1.885E-03 9.463E-01
17 6.338E-04 7.450E+00 18 2.719E-06 1.000E+02 19 4.885E-03 7.564E+00 20 2.512E-04 3.448E+01 21 7.634E-06 1.000E+02
22 7.432E-06 9.958E+01 23 7.741E-05 6.647E+00 24 3.290E-03 3.105E-01 25 3.271E-07 3.120E+01 26 5.049E-03 4.870E-01
27 2.391E-03 6.357E-01
126  23
 1 8.124E-04 1.831E+01  2 1.379E-05 2.518E+01  3 3.060E-02 1.217E+00  5 3.110E-04 3.117E+01  6 4.683E-04 6.823E+00
 7 3.340E-05 1.608E+01  8 3.879E-05 2.489E+01  9 7.368E-06 5.469E+01 10 8.201E-03 1.668E+00 11 1.740E-04 1.051E+01
12 7.027E-04 3.035E+00 13 8.254E-03 9.970E-01 15 7.618E-04 8.733E+00 16 1.860E-03 1.266E+00 17 6.007E-04 6.470E+00
19 5.165E-03 8.508E+00 20 2.596E-04 2.261E+01 22 3.545E-05 4.881E+01 23 8.180E-05 5.808E+00 24 3.286E-03 2.988E-01
25 1.571E-07 3.257E+01 26 5.132E-03 4.562E-01 27 2.436E-03 5.887E-01
127  24
 1 4.884E-04 2.271E+01  2 8.853E-06 2.577E+01  3 2.943E-02 9.852E-01  5 1.739E-04 3.497E+01  6 4.273E-04 6.970E+00
 7 3.230E-05 2.075E+01  8 4.258E-05 2.036E+01  9 7.381E-06 6.019E+01 10 7.452E-03 1.552E+00 11 1.819E-04 1.043E+01
12 6.619E-04 2.328E+00 13 8.463E-03 6.895E-01 15 6.892E-04 7.412E+00 16 1.896E-03 9.006E-01 17 5.725E-04 6.759E+00
19 8.960E-03 5.522E+00 20 1.953E-04 3.100E+01 21 1.923E-05 6.903E+01 22 1.934E-06 5.680E+01 23 9.181E-05 4.772E+00
24 3.243E-03 2.851E-01 25 3.646E-07 4.774E+01 26 4.467E-03 5.194E-01 27 2.033E-03 6.749E-01
128  24
 1 8.279E-04 2.094E+01  2 1.093E-05 2.534E+01  3 2.701E-02 1.049E+00  5 2.275E-04 3.682E+01  6 3.986E-04 9.418E+00
 7 2.292E-05 1.515E+01  8 3.377E-05 1.892E+01  9 1.091E-05 7.318E+01 10 6.791E-03 1.672E+00 11 1.645E-04 1.033E+01
12 6.032E-04 3.106E+00 13 9.096E-03 8.031E-01 14 9.465E-07 8.052E+01 15 5.426E-04 7.009E+00 16 1.912E-03 1.315E+00
17 4.971E-04 8.896E+00 19 1.427E-02 5.039E+00 20 3.183E-04 3.472E+01 22 1.240E-05 7.052E+01 23 1.081E-04 4.340E+00
24 3.209E-03 3.178E-01 25 3.711E-07 4.875E+01 26 3.631E-03 5.917E-01 27 1.465E-03 8.781E-01
129  23
 1 6.015E-04 1.606E+01  2 1.296E-05 4.033E+01  3 2.322E-02 1.367E+00  5 3.136E-04 4.884E+01  6 3.378E-04 1.023E+01
 7 2.439E-05 1.981E+01  8 4.450E-05 2.206E+01  9 3.675E-06 5.281E+01 10 6.224E-03 1.497E+00 11 1.691E-04 1.157E+01
12 5.652E-04 2.803E+00 13 9.338E-03 6.309E-01 15 5.089E-04 9.796E+00 16 1.927E-03 1.195E+00 17 4.868E-04 8.252E+00
19 1.809E-02 3.186E+00 20 2.406E-04 3.338E+01 21 6.735E-08 1.000E+02 23 1.126E-04 5.197E+00 24 3.200E-03 3.433E-01
25 2.418E-08 7.941E+01 26 3.600E-03 5.700E-01 27 1.466E-03 1.030E+00
130  23
 1 5.447E-04 2.602E+01  2 1.096E-05 1.753E+01  3 1.809E-02 1.284E+00  5 5.943E-05 4.850E+01  6 3.333E-04 1.083E+01
 7 2.118E-05 1.658E+01  8 4.651E-05 1.828E+01  9 3.963E-06 5.005E+01 10 4.938E-03 2.316E+00 11 1.220E-04 1.316E+01
12 5.154E-04 2.935E+00 13 8.492E-03 7.969E-01 15 4.080E-04 1.120E+01 16 1.957E-03 1.150E+00 17 4.806E-04 1.060E+01
19 1.823E-02 5.327E+00 20 3.034E-04 3.928E+01 22 2.827E-06 9.114E+01 23 1.134E-04 4.183E+00 24 3.238E-03 3.066E-01
25 1.743E-08 7.245E+01 26 4.643E-03 4.913E-01 27 2.095E-03 6.118E-01
131  25
 1 5.495E-04 2.253E+01  2 1.469E-05 1.440E+01  3 1.191E-02 1.092E+00  4 5.068E-05 1.000E+02  5 1.212E-04 4.544E+01
 6 3.375E-04 6.040E+00  7 2.252E-05 1.636E+01  8 3.016E-05 2.304E+01  9 6.674E-06 6.645E+01 10 3.776E-03 2.957E+00
11 1.222E-04 1.129E+01 12 4.677E-04 2.752E+00 13 8.411E-03 8.602E-01 15 5.303E-04 1.085E+01 16 1.985E-03 1.229E+00
17 3.298E-04 1.003E+01 19 2.098E-02 3.411E+00 20 4.895E-04 2.766E+01 21 9.257E-07 1.000E+02 22 7.779E-06 7.231E+01
23 1.269E-04 5.076E+00 24 3.282E-03 3.241E-01 25 2.337E-07 5.505E+01 26 5.401E-03 4.196E-01 27 2.567E-03 4.880E-01
132  24
 1 4.873E-04 1.768E+01  2 1.197E-05 1.857E+01  3 4.854E-03 2.114E+00  5 6.957E-05 5.037E+01  6 2.821E-04 8.927E+00
 7 1.904E-05 2.069E+01  8 1.125E-05 4.005E+01  9 6.882E-06 8.898E+01 10 3.273E-03 2.461E+00 11 1.424E-04 1.137E+01
12 4.469E-04 3.150E+00 13 8.390E-03 9.666E-01 14 5.119E-05 1.000E+02 15 3.606E-04 1.079E+01 16 2.003E-03 1.013E+00
17 3.420E-04 1.103E+01 19 2.314E-02 3.539E+00 20 3.027E-04 2.088E+01 22 6.621E-06 9.247E+01 23 1.329E-04 4.189E+00
24 3.251E-03 3.292E-01 25 8.574E-08 6.019E+01 26 5.415E-03 4.108E-01 27 2.569E-03 5.868E-01
133  25
 1 4.615E-04 2.776E+01  2 1.430E-05 1.570E+01  3 2.257E-03 2.803E+00  4 2.636E-05 1.000E+02  5 1.453E-04 4.502E+01
 6 2.806E-04 1.110E+01  7 1.982E-05 1.570E+01  8 3.742E-05 3.578E+01  9 4.754E-06 6.713E+01 10 3.281E-03 2.922E+00
11 8.822E-05 1.099E+01 12 4.145E-04 2.534E+00 13 9.156E-03 9.878E-01 15 4.046E-04 1.032E+01 16 1.732E-03 1.223E+00
17 3.083E-04 1.172E+01 19 2.918E-02 3.622E+00 20 5.263E-04 2.354E+01 21 1.915E-06 1.000E+02 22 2.764E-07 1.000E+02
23 1.523E-04 3.257E+00 24 3.181E-03 3.807E-01 25 1.391E-08 1.000E+02 26 4.081E-03 5.824E-01 27 1.735E-03 8.914E-01
134  23
 1 4.391E-04 2.160E+01  2 1.715E-05 1.698E+01  3 1.989E-03 2.643E+00  5 1.083E-04 3.690E+01  6 2.508E-04 1.213E+01
 7 1.559E-05 2.256E+01  8 2.681E-05 2.626E+01  9 5.103E-06 8.739E+01 10 2.889E-03 2.449E+00 11 9.277E-05 1.449E+01
12 3.851E-04 4.898E+00 13 9.267E-03 6.425E-01 15 2.706E-04 1.371E+01 16 1.750E-03 6.580E-01 17 2.985E-04 9.399E+00
19 3.101E-02 2.499E+00 20 5.528E-04 1.737E+01 22 1.397E-05 6.041E+01 23 1.676E-04 3.152E+00 24 3.168E-03 3.014E-01
25 7.758E-09 8.876E+01 26 3.710E-03 4.927E-01 27 1.483E-03 7.298E-01
135  24
 1 4.895E-04 1.960E+01  2 2.032E-05 1.769E+01  3 1.960E-03 3.224E+00  5 1.569E-04 4.687E+01  6 2.363E-04 1.248E+01
 7 1.750E-05 1.897E+01  8 2.348E-05 2.858E+01  9 2.222E-08 1.000E+02 10 2.554E-03 2.598E+00 11 9.131E-05 1.703E+01
12 3.482E-04 4.419E+00 13 8.927E-03 1.054E+00 15 3.001E-04 1.363E+01 16 1.723E-03 9.147E-01 17 2.873E-04 8.051E+00
19 3.102E-02 2.844E+00 20 5.956E-04 2.168E+01 21 5.711E-08 1.000E+02 22 1.979E-05 8.943E+01 23 1.770E-04 4.117E+00
24 3.173E-03 2.826E-01 25 3.473E-08 7.105E+01 26 3.756E-03 4.366E-01 27 1.520E-03 6.740E-01
136  22
 1 3.475E-04 2.781E+01  2 2.529E-05 1.795E+01  3 1.577E-03 3.677E+00  5 1.068E-04 5.987E+01  6 2.032E-04 1.245E+01
 7 1.909E-05 2.161E+01  8 1.749E-05 2.658E+01  9 1.065E-05 5.589E+01 10 2.093E-03 3.559E+00 11 9.310E-05 1.660E+01
12 3.111E-04 4.055E+00 13 7.554E-03 8.853E-01 15 2.429E-04 1.269E+01 16 1.723E-03 1.189E+00 17 2.059E-04 1.359E+01
19 2.355E-02 3.919E+00 20 5.016E-04 1.985E+01 22 5.565E-06 9.110E+01 23 1.793E-04 3.121E+00 24 3.244E-03 2.899E-01
26 5.451E-03 4.192E-01 27 2.579E-03 5.150E-01
137  23
 1 2.739E-04 3.019E+01  2 1.890E-05 1.580E+01  3 1.308E-03 3.462E+00  4 4.259E-06 1.000E+02  5 7.125E-05 6.067E+01
 6 2.028E-04 1.330E+01  7 1.213E-05 2.901E+01  8 1.571E-05 4.035E+01  9 4.348E-06 6.964E+01 10 1.983E-03 3.321E+00
11 7.231E-05 1.585E+01 12 2.960E-04 3.853E+00 13 7.129E-03 6.535E-01 15 2.537E-04 1.251E+01 16 1.721E-03 1.130E+00
17 2.716E-04 9.616E+00 19 2.255E-02 3.646E+00 20 6.446E-04 1.705E+01 23 1.975E-04 3.128E+00 24 3.252E-03 3.119E-01
25 2.395E-09 1.000E+02 26 5.544E-03 4.026E-01 27 2.615E-03 5.297E-01
138  25
 1 4.246E-04 2.736E+01  2 3.456E-05 1.796E+01  3 1.294E-03 4.390E+00  4 2.807E-05 1.000E+02  5 8.151E-05 3.645E+01
 6 1.520E-04 1.017E+01  7 1.288E-05 2.496E+01  8 9.779E-06 3.547E+01  9 3.410E-06 6.491E+01 10 1.779E-03 3.091E+00
11 9.932E-05 1.659E+01 12 2.854E-04 3.752E+00 13 7.126E-03 9.868E-01 15 1.623E-04 2.006E+01 16 1.721E-03 1.179E+00
17 2.343E-04 1.319E+01 19 2.343E-02 3.879E+00 20 6.867E-04 1.962E+01 21 4.350E-06 1.000E+02 22 7.082E-06 7.174E+01
23 2.314E-04 2.582E+00 24 3.224E-03 2.925E-01 25 7.675E-08 5.607E+01 26 5.104E-03 4.123E-01 27 2.358E-03 5.594E-01
139  25
 1 3.038E-04 3.304E+01  2 3.227E-05 1.881E+01  3 1.197E-03 3.964E+00  4 1.809E-04 9.365E+01  5 2.167E-04 4.410E+01
 6 1.782E-04 1.480E+01  7 8.450E-06 2.260E+01  8 1.039E-05 3.544E+01  9 6.009E-06 6.545E+01 10 1.586E-03 2.467E+00
11 7.470E-05 2.152E+01 12 2.780E-04 4.603E+00 13 7.448E-03 1.052E+00 15 2.240E-04 1.199E+01 16 1.735E-03 1.020E+00
17 1.940E-04 1.118E+01 19 2.285E-02 4.602E+00 20 6.260E-04 1.798E+01 21 6.508E-07 1.000E+02 22 2.242E-06 9.849E+01
23 2.391E-04 3.861E+00 24 3.168E-03 3.176E-01 25 1.635E-08 1.000E+02 26 3.768E-03 6.452E-01 27 1.496E-03 6.832E-01
140  23
 1 1.222E-04 4.659E+01  2 3.641E-05 1.464E+01  3 1.124E-03 3.611E+00  4 1.695E-05 1.000E+02  5 1.690E-04 4.500E+01
 6 1.344E-04 1.483E+01  7 9.090E-06 2.091E+01  8 1.064E-05 3.152E+01  9 3.149E-06 1.000E+02 10 1.557E-03 3.200E+00
11 7.427E-05 1.391E+01 12 2.447E-04 3.979E+00 13 7.346E-03 9.553E-01 15 2.416E-04 1.229E+01 16 1.756E-03 1.075E+00
17 1.795E-04 1.351E+01 19 1.898E-02 3.103E+00 20 8.066E-04 1.495E+01 22 1.037E-05 7.876E+01 23 2.724E-04 3.616E+00
24 3.183E-03 3.237E-01 26 3.730E-03 5.387E-01 27 1.473E-03 6.669E-01
141  25
 1 1.979E-04 3.322E+01  2 3.725E-05 1.182E+01  3 9.667E-04 3.834E+00  4 3.883E-06 1.000E+02  5 2.721E-05 5.130E+01
 6 1.519E-04 1.546E+01  7 5.482E-06 2.822E+01  8 6.360E-06 4.537E+01  9 3.023E-07 8.608E+01 10 1.397E-03 2.888E+00
11 6.287E-05 1.608E+01 12 2.237E-04 3.695E+00 13 6.494E-03 1.012E+00 14 2.637E-05 1.000E+02 15 1.654E-04 1.270E+01
16 1.723E-03 8.200E-01 17 1.565E-04 1.226E+01 19 1.256E-02 4.625E+00 20 8.539E-04 1.360E+01 21 5.242E-06 1.000E+02
22 3.697E-07 1.000E+02 23 3.081E-04 3.251E+00 24 3.206E-03 3.306E-01 26 4.486E-03 4.793E-01 27 1.932E-03 6.918E-01
142  23
 1 1.303E-04 4.093E+01  2 4.081E-05 1.505E+01  3 8.911E-04 6.120E+00  4 1.964E-04 4.584E+01  5 1.052E-06 7.762E+01
 6 1.356E-04 1.320E+01  7 6.007E-06 3.491E+01  8 1.376E-05 2.523E+01 10 1.206E-03 5.214E+00 11 5.955E-05 2.181E+01
12 2.277E-04 4.881E+00 13 5.644E-03 1.022E+00 15 1.904E-04 1.744E+01 16 1.684E-03 9.204E-01 17 1.118E-04 1.389E+01
19 8.117E-03 5.186E+00 20 9.490E-04 1.633E+01 22 4.362E-06 1.000E+02 23 3.162E-04 2.617E+00 24 3.250E-03 3.097E-01
25 1.583E-10 1.000E+02 26 5.544E-03 4.757E-01 27 2.592E-03 5.784E-01
143  24
 1 1.838E-04 3.068E+01  2 3.655E-05 1.227E+01  3 7.518E-04 4.466E+00  4 5.218E-05 9.926E+01  5 4.636E-05 4.878E+01
 6 1.183E-04 1.421E+01  7 7.211E-06 2.780E+01  8 2.054E-05 3.074E+01  9 3.074E-06 7.405E+01 10 1.109E-03 2.925E+00
11 6.395E-05 2.159E+01 12 1.883E-04 3.890E+00 13 5.355E-03 1.314E+00 15 1.477E-04 1.651E+01 16 1.725E-03 1.244E+00
17 1.728E-04 1.579E+01 19 5.754E-03 5.317E+00 20 1.035E-03 1.416E+01 22 1.662E-05 8.209E+01 23 3.453E-04 2.579E+00
24 3.261E-03 3.489E-01 25 1.194E-09 1.000E+02 26 5.575E-03 5.130E-01 27 2.575E-03 5.729E-01
144  24
 1 1.354E-04 3.186E+01  2 4.863E-05 1.157E+01  3 6.922E-04 4.811E+00  4 8.707E-05 8.100E+01  5 1.694E-05 5.617E+01
 6 1.311E-04 1.476E+01  7 6.310E-06 2.658E+01  8 6.597E-06 4.296E+01  9 4.980E-07 8.979E+01 10 1.097E-03 4.960E+00
11 5.755E-05 1.764E+01 12 1.711E-04 6.626E+00 13 5.320E-03 1.132E+00 15 1.043E-04 1.837E+01 16 1.689E-03 8.957E-01
17 1.731E-04 1.521E+01 19 4.637E-03 7.385E+00 20 1.325E-03 1.529E+01 22 4.396E-07 1.000E+02 23 4.033E-04 2.949E+00
24 3.164E-03 3.010E-01 25 3.513E-08 7.927E+01 26 4.450E-03 5.043E-01 27 1.901E-03 7.582E-01
145  23
 1 1.370E-04 4.099E+01  2 4.902E-05 1.054E+01  3 6.193E-04 5.017E+00  4 4.144E-05 1.000E+02  5 4.108E-05 8.622E+01
 6 1.237E-04 1.698E+01  7 8.189E-06 3.235E+01  8 7.816E-06 4.082E+01  9 4.342E-06 7.612E+01 10 1.006E-03 4.483E+00
11 6.277E-05 1.414E+01 12 1.688E-04 4.251E+00 13 5.227E-03 1.370E+00 15 1.561E-04 2.191E+01 16 1.747E-03 1.092E+00
17 1.482E-04 1.212E+01 19 4.832E-03 6.636E+00 20 1.264E-03 1.259E+01 23 4.281E-04 3.051E+00 24 3.147E-03 3.249E-01
25 1.327E-09 1.000E+02 26 3.714E-03 5.445E-01 27 1.448E-03 8.323E-01
146  23
 1 2.644E-04 2.792E+01  2 5.420E-05 6.930E+00  3 6.225E-04 5.641E+00  4 5.117E-05 1.000E+02  5 6.172E-06 9.513E+01
 6 8.189E-05 2.009E+01  7 1.044E-05 3.687E+01  8 6.772E-06 5.664E+01  9 2.919E-06 6.370E+01 10 9.363E-04 3.552E+00
11 6.475E-05 1.299E+01 12 1.486E-04 5.742E+00 13 4.951E-03 1.295E+00 15 1.186E-04 1.834E+01 16 1.746E-03 8.579E-01
17 1.294E-04 1.605E+01 19 3.800E-03 6.892E+00 20 1.708E-03 1.234E+01 22 5.330E-07 1.000E+02 23 4.988E-04 1.851E+00
24 3.143E-03 3.109E-01 26 3.737E-03 6.034E-01 27 1.460E-03 8.008E-01
147  24
 1 1.618E-04 4.267E+01  2 7.526E-05 1.148E+01  3 4.518E-04 6.489E+00  4 8.922E-06 1.000E+02  5 9.586E-05 4.885E+01
 6 1.168E-04 1.200E+01  7 6.573E-06 3.399E+01  8 6.932E-06 3.254E+01  9 8.852E-08 7.252E+01 10 8.022E-04 4.408E+00
11 3.682E-05 1.896E+01 12 1.708E-04 5.046E+00 13 4.066E-03 1.249E+00 15 1.357E-04 1.664E+01 16 1.712E-03 8.832E-01
17 8.228E-05 1.710E+01 19 2.815E-03 8.082E+00 20 1.781E-03 1.220E+01 22 4.746E-07 1.000E+02 23 5.248E-04 2.134E+00
24 3.188E-03 2.686E-01 25 1.252E-07 9.650E+01 26 5.115E-03 4.288E-01 27 2.301E-03 4.929E-01
148  23
 1 5.605E-05 5.307E+01  2 7.257E-05 9.549E+00  3 4.458E-04 4.475E+00  4 2.136E-04 5.662E+01  5 9.015E-05 6.179E+01
 6 1.045E-04 2.274E+01  7 5.253E-06 2.247E+01  8 1.097E-05 5.466E+01  9 4.946E-06 6.848E+01 10 8.142E-04 4.448E+00
11 4.895E-05 1.531E+01 12 1.409E-04 6.316E+00 13 3.711E-03 1.397E+00 15 1.439E-04 1.703E+01 16 1.734E-03 1.052E+00
17 1.363E-04 1.939E+01 19 2.678E-03 1.073E+01 20 1.655E-03 8.754E+00 23 5.654E-04 2.283E+00 24 3.199E-03 2.952E-01
25 1.846E-07 6.749E+01 26 5.508E-03 3.930E-01 27 2.526E-03 5.543E-01
149  23
 1 1.649E-04 4.829E+01  2 7.393E-05 9.217E+00  3 4.104E-04 8.006E+00  4 3.312E-05 1.000E+02  5 4.332E-05 6.421E+01
 6 4.730E-05 2.217E+01  7 8.980E-06 3.783E+01  8 6.010E-06 5.906E+01  9 4.594E-06 4.977E+01 10 6.827E-04 5.765E+00
11 3.343E-05 1.987E+01 12 1.264E-04 4.126E+00 13 3.408E-03 1.133E+00 15 1.321E-04 2.145E+01 16 1.721E-03 9.920E-01
17 9.710E-05 1.854E+01 19 2.055E-03 1.097E+01 20 2.176E-03 8.995E+00 23 6.578E-04 1.840E+00 24 3.169E-03 2.797E-01
25 2.008E-07 7.256E+01 26 5.410E-03 4.047E-01 27 2.479E-03 6.048E-01
150  21
 1 5.598E-05 5.193E+01  2 1.134E-04 9.341E+00  3 4.531E-04 4.810E+00  4 1.393E-06 1.000E+02  5 2.785E-05 7.079E+01
 6 6.660E-05 2.061E+01  7 6.411E-06 3.330E+01  8 1.153E-05 3.048E+01 10 6.402E-04 5.828E+00 11 4.126E-05 2.229E+01
12 9.891E-05 8.603E+00 13 3.432E-03 1.316E+00 15 9.697E-05 2.673E+01 16 1.774E-03 1.121E+00 17 1.075E-04 1.765E+01
19 2.191E-03 1.071E+01 20 2.795E-03 9.332E+00 23 7.786E-04 1.625E+00 24 3.075E-03 3.173E-01 26 3.720E-03 5.287E-01
27 1.410E-03 8.014E-01
151  25
 1 7.130E-05 5.956E+01  2 1.089E-04 9.286E+00  3 4.397E-04 5.988E+00  4 8.477E-05 7.022E+01  5 5.648E-05 6.221E+01
 6 6.508E-05 1.906E+01  7 6.373E-06 2.650E+01  8 4.291E-06 7.130E+01  9 8.914E-07 8.289E+01 10 6.301E-04 4.629E+00
11 3.152E-05 1.996E+01 12 1.081E-04 6.243E+00 13 2.999E-03 1.363E+00 15 1.262E-04 2.008E+01 16 1.768E-03 8.634E-01
17 8.778E-05 1.359E+01 19 1.916E-03 1.449E+01 20 2.800E-03 1.241E+01 21 4.616E-07 1.000E+02 22 1.431E-07 1.000E+02
23 8.703E-04 1.482E+00 24 3.045E-03 3.172E-01 25 1.452E-09 1.000E+02 26 3.670E-03 6.210E-01 27 1.380E-03 1.014E+00
152  23
 1 1.755E-04 3.567E+01  2 1.193E-04 7.027E+00  3 3.524E-04 6.477E+00  4 3.845E-04 5.933E+01  5 7.869E-05 9.284E+01
 6 5.443E-05 1.823E+01  7 3.807E-06 4.252E+01  8 1.164E-05 3.838E+01  9 4.417E-08 7.658E+01 10 5.418E-04 5.849E+00
11 2.297E-05 3.013E+01 12 9.556E-05 6.617E+00 13 2.622E-03 1.666E+00 15 4.754E-05 2.753E+01 16 1.801E-03 1.090E+00
17 7.362E-05 1.974E+01 19 1.617E-03 1.058E+01 20 2.984E-03 6.843E+00 23 9.432E-04 1.585E+00 24 3.041E-03 2.962E-01
25 6.600E-10 1.000E+02 26 4.055E-03 4.214E-01 27 1.607E-03 6.474E-01
153  24
 1 5.665E-05 7.470E+01  2 1.252E-04 5.315E+00  3 3.005E-04 7.963E+00  4 3.970E-04 4.310E+01  5 3.447E-05 9.261E+01
 6 4.219E-05 1.628E+01  7 5.012E-06 2.940E+01  8 8.841E-06 3.428E+01  9 1.821E-06 5.830E+01 10 4.214E-04 4.100E+00
11 2.033E-05 2.748E+01 12 9.401E-05 6.579E+00 13 2.060E-03 1.890E+00 15 1.190E-04 1.897E+01 16 1.776E-03 9.886E-01
17 7.030E-05 1.512E+01 19 1.442E-03 1.174E+01 20 2.255E-03 1.174E+01 21 1.376E-06 1.000E+02 23 1.014E-03 1.717E+00
24 3.074E-03 3.304E-01 25 1.172E-08 8.020E+01 26 5.405E-03 4.108E-01 27 2.437E-03 4.458E-01
154  22
 1 1.206E-04 4.862E+01  2 1.618E-04 6.045E+00  3 3.047E-04 7.076E+00  4 2.735E-04 4.447E+01  5 1.972E-05 1.000E+02
 6 5.779E-05 2.514E+01  7 2.962E-06 5.987E+01  8 5.913E-06 5.898E+01  9 1.247E-07 1.000E+02 10 4.295E-04 6.220E+00
11 2.793E-05 2.436E+01 12 7.376E-05 9.209E+00 13 1.818E-03 1.314E+00 15 8.031E-05 2.974E+01 16 1.773E-03 9.372E-01
17 6.211E-05 1.918E+01 19 1.223E-03 1.297E+01 20 3.490E-03 7.853E+00 23 1.144E-03 1.561E+00 24 3.028E-03 2.784E-01
26 5.408E-03 3.129E-01 27 2.449E-03 5.159E-01
155  22
 1 1.021E-04 4.966E+01  2 1.609E-04 7.837E+00  3 2.789E-04 9.057E+00  4 5.908E-05 8.770E+01  5 1.688E-05 6.915E+01
 6 4.141E-05 2.284E+01  7 4.931E-06 5.288E+01  8 1.539E-06 6.308E+01 10 3.655E-04 8.555E+00 11 7.980E-06 3.454E+01
12 7.778E-05 9.853E+00 13 1.646E-03 2.108E+00 15 6.253E-05 2.768E+01 16 1.836E-03 1.030E+00 17 4.307E-05 2.901E+01
19 1.302E-03 1.171E+01 20 3.893E-03 6.314E+00 23 1.322E-03 1.184E+00 24 2.919E-03 2.613E-01 25 1.206E-08 1.000E+02
26 4.484E-03 5.351E-01 27 1.919E-03 6.299E-01
156  21
 1 5.714E-05 2.893E+01  2 1.824E-04 7.334E+00  3 2.496E-04 1.022E+01  4 4.558E-04 6.010E+01  5 2.256E-05 1.000E+02
 6 3.441E-05 3.167E+01  7 8.507E-06 3.053E+01  8 1.194E-05 3.388E+01 10 3.480E-04 8.907E+00 11 1.295E-05 2.488E+01
12 7.399E-05 8.174E+00 13 1.427E-03 2.060E+00 15 7.519E-05 2.986E+01 16 1.885E-03 7.490E-01 17 7.161E-05 2.091E+01
19 1.227E-03 1.144E+01 20 4.401E-03 9.819E+00 23 1.552E-03 8.591E-01 24 2.823E-03 3.091E-01 26 3.961E-03 4.482E-01
27 1.407E-03 7.344E-01
157  21
 1 9.185E-05 5.387E+01  2 2.373E-04 4.451E+00  3 2.306E-04 1.027E+01  4 3.862E-04 5.603E+01  6 3.505E-05 2.105E+01
 7 1.922E-06 5.206E+01  8 1.821E-06 4.798E+01  9 2.568E-08 1.000E+02 10 3.518E-04 7.510E+00 11 1.842E-05 2.847E+01
12 5.314E-05 1.011E+01 13 1.300E-03 2.542E+00 15 3.952E-05 3.358E+01 16 1.915E-03 9.480E-01 17 6.227E-05 1.839E+01
19 7.090E-04 1.583E+01 20 5.256E-03 5.038E+00 23 1.795E-03 1.350E+00 24 2.739E-03 3.208E-01 26 4.083E-03 5.958E-01
27 1.427E-03 7.687E-01
158  23
 1 7.311E-05 5.553E+01  2 2.534E-04 5.766E+00  3 1.635E-04 1.372E+01  4 2.143E-04 4.543E+01  5 8.396E-05 4.867E+01
 6 4.345E-05 1.996E+01  7 4.389E-06 3.585E+01  8 3.095E-06 9.751E+01 10 2.567E-04 7.734E+00 11 2.639E-05 3.659E+01
12 5.961E-05 8.558E+00 13 1.152E-03 2.627E+00 14 5.552E-05 1.000E+02 15 6.150E-05 2.284E+01 16 2.008E-03 7.812E-01
17 3.723E-05 2.665E+01 19 7.261E-04 1.573E+01 20 6.377E-03 6.881E+00 22 6.799E-08 1.000E+02 23 2.119E-03 1.103E+00
24 2.619E-03 3.424E-01 26 3.687E-03 5.823E-01 27 1.295E-03 7.888E-01
159  22
 1 8.875E-08 1.000E+02  2 3.199E-04 4.818E+00  3 1.571E-04 7.732E+00  4 4.492E-04 5.208E+01  5 6.091E-05 8.869E+01
 6 2.941E-05 2.656E+01  7 4.282E-06 5.063E+01  8 5.788E-06 4.968E+01 10 2.507E-04 7.912E+00 11 1.823E-05 4.344E+01
12 4.815E-05 8.586E+00 13 1.022E-03 2.171E+00 15 3.371E-05 3.107E+01 16 2.237E-03 7.484E-01 17 1.024E-04 2.733E+01
19 6.830E-04 2.237E+01 20 8.444E-03 6.862E+00 23 2.709E-03 9.487E-01 24 2.344E-03 3.258E-01 25 3.576E-08 1.000E+02
26 1.965E-03 8.064E-01 27 8.267E-04 1.208E+00
160  23
 1 1.756E-06 1.000E+02  2 3.398E-04 3.836E+00  3 1.636E-04 1.363E+01  4 7.143E-04 3.186E+01  5 2.520E-06 1.000E+02
 6 3.935E-05 3.152E+01  7 1.638E-06 4.506E+01  8 2.945E-06 6.546E+01  9 1.503E-08 1.000E+02 10 1.860E-04 1.054E+01
11 1.197E-05 3.867E+01 12 4.050E-05 1.144E+01 13 8.644E-04 1.765E+00 15 1.577E-05 3.870E+01 16 7.088E-03 6.335E-01
17 3.272E-05 3.592E+01 19 7.802E-04 1.259E+01 20 9.048E-03 4.986E+00 23 3.239E-03 8.472E-01 24 2.128E-03 3.674E-01
25 1.273E-08 7.989E+01 26 1.734E-03 8.192E-01 27 7.330E-04 9.123E-01
161  21
 1 1.335E-05 5.371E+01  2 2.200E-04 4.271E+00  3 8.018E-05 8.597E+00  4 1.156E-04 6.669E+01  5 1.949E-05 8.267E+01
 6 1.465E-05 3.100E+01  7 1.877E-06 4.476E+01  8 1.962E-06 5.656E+01 10 1.406E-04 7.423E+00 11 1.276E-05 2.943E+01
12 3.241E-05 8.480E+00 13 6.737E-04 1.666E+00 15 3.657E-05 2.901E+01 16 1.359E-03 9.888E-01 17 1.939E-05 3.135E+01
19 5.276E-04 1.272E+01 20 3.483E-02 2.562E+00 23 9.187E-03 3.911E-01 24 6.627E-04 5.073E-01 26 1.497E-03 7.256E-01
27 6.316E-04 7.081E-01
162  21
 1 2.840E-05 6.313E+01  2 2.234E-04 4.310E+00  3 7.358E-05 1.015E+01  4 7.137E-05 4.313E+01  6 6.768E-06 2.889E+01
 7 7.619E-08 1.000E+02  8 1.235E-06 9.227E+01 10 1.410E-04 6.541E+00 11 9.991E-06 4.410E+01 12 2.935E-05 1.010E+01
13 5.856E-04 2.160E+00 15 2.729E-05 3.353E+01 16 1.394E-03 1.083E+00 17 3.815E-05 2.334E+01 19 5.075E-04 1.525E+01
20 5.148E-02 2.060E+00 23 9.895E-03 3.132E-01 24 5.471E-04 4.754E-01 25 3.894E-08 1.000E+02 26 1.502E-03 5.492E-01
27 6.032E-04 7.033E-01
163  24
 1 7.760E-06 7.165E+01  2 2.854E-04 3.528E+00  3 5.454E-05 1.300E+01  4 1.748E-06 1.000E+02  5 3.304E-06 7.968E+01
 6 2.656E-05 2.667E+01  7 9.012E-07 5.511E+01  8 8.888E-07 7.160E+01  9 1.758E-08 1.000E+02 10 1.060E-04 7.374E+00
11 3.741E-06 4.654E+01 12 3.217E-05 8.227E+00 13 5.441E-04 3.051E+00 15 2.164E-05 3.104E+01 16 1.380E-03 7.763E-01
17 2.216E-05 2.721E+01 19 4.750E-04 1.546E+01 20 6.366E-02 1.927E+00 21 3.349E-06 1.000E+02 23 1.030E-02 3.383E-01
24 4.706E-04 5.291E-01 25 6.199E-09 1.000E+02 26 1.500E-03 7.171E-01 27 5.793E-04 1.019E+00
164  23
 1 9.862E-05 4.361E+01  2 2.881E-04 4.227E+00  3 6.528E-05 1.258E+01  4 2.158E-04 5.676E+01  5 9.178E-06 7.356E+01
 6 6.478E-06 4.280E+01  7 9.535E-07 4.263E+01  8 6.284E-07 7.044E+01 10 1.141E-04 8.429E+00 11 3.424E-06 3.901E+01
12 2.209E-05 1.073E+01 13 4.588E-04 2.102E+00 15 2.906E-05 3.662E+01 16 1.370E-03 1.255E+00 17 2.894E-05 2.314E+01
19 4.862E-04 1.881E+01 20 6.493E-02 1.536E+00 22 1.563E-07 1.000E+02 23 1.070E-02 3.418E-01 24 4.059E-04 7.150E-01
25 2.953E-09 1.000E+02 26 1.544E-03 6.920E-01 27 5.753E-04 6.812E-01
165  20
 1 1.480E-06 8.298E+01  2 3.468E-04 2.691E+00  3 5.495E-05 1.231E+01  4 1.776E-04 5.756E+01  6 1.468E-05 3.087E+01
 7 1.059E-06 7.326E+01  8 5.266E-06 7.458E+01 10 9.770E-05 1.054E+01 11 6.239E-06 3.345E+01 12 2.439E-05 1.058E+01
13 4.205E-04 3.271E+00 15 1.865E-05 3.957E+01 16 1.366E-03 9.737E-01 17 2.671E-05 4.308E+01 19 2.519E-04 1.802E+01
20 6.062E-02 2.240E+00 23 1.100E-02 3.232E-01 24 3.598E-04 5.811E-01 26 1.575E-03 6.223E-01 27 5.674E-04 7.779E-01
166  23
 1 2.697E-05 5.517E+01  2 3.782E-04 2.989E+00  3 4.770E-05 1.462E+01  4 3.122E-04 4.716E+01  6 1.088E-05 4.245E+01
 7 7.512E-07 6.634E+01  8 1.793E-06 5.388E+01  9 1.072E-06 8.543E+01 10 8.102E-05 1.169E+01 11 2.264E-06 4.146E+01
12 1.742E-05 1.054E+01 13 3.670E-04 3.640E+00 15 1.181E-05 4.866E+01 16 1.354E-03 7.683E-01 17 1.764E-05 3.918E+01
19 2.931E-04 1.800E+01 20 5.629E-02 1.822E+00 21 2.605E-06 1.000E+02 22 6.827E-07 1.000E+02 23 1.135E-02 3.353E-01
24 3.187E-04 8.815E-01 26 1.638E-03 6.728E-01 27 5.693E-04 8.537E-01
167  20
 1 1.396E-06 7.610E+01  2 4.127E-04 2.925E+00  3 6.084E-05 1.527E+01  4 2.512E-04 4.438E+01  6 1.374E-05 2.778E+01
 7 9.932E-07 5.080E+01  8 2.879E-07 1.000E+02 10 8.649E-05 1.229E+01 11 4.631E-06 6.017E+01 12 2.235E-05 1.096E+01
13 3.455E-04 2.998E+00 15 2.281E-05 5.791E+01 16 1.341E-03 8.364E-01 17 1.458E-05 3.285E+01 19 2.971E-04 2.255E+01
20 5.150E-02 1.823E+00 23 1.152E-02 3.363E-01 24 2.800E-04 8.297E-01 26 1.682E-03 5.646E-01 27 5.628E-04 5.235E-01
168  21
 1 8.715E-06 1.000E+02  2 4.848E-04 2.722E+00  3 4.374E-05 1.309E+01  4 3.672E-04 3.368E+01  5 5.761E-06 1.000E+02
 6 2.881E-06 3.503E+01  7 6.241E-08 1.000E+02  8 2.262E-07 1.000E+02 10 6.104E-05 1.517E+01 11 7.650E-06 4.613E+01
12 1.746E-05 1.512E+01 13 2.991E-04 3.044E+00 15 1.030E-05 3.969E+01 16 2.231E-03 6.211E-01 17 2.145E-05 3.131E+01
19 2.458E-04 2.306E+01 20 3.840E-02 1.850E+00 23 1.202E-02 3.388E-01 24 2.589E-04 1.001E+00 26 1.839E-03 6.328E-01
27 5.887E-04 7.376E-01
169  21
 1 2.759E-06 9.096E+01  2 5.057E-04 3.387E+00  3 4.969E-05 1.303E+01  4 3.863E-04 3.391E+01  5 7.526E-06 1.000E+02
 6 1.035E-05 3.387E+01  7 8.931E-07 4.756E+01  8 2.291E-06 9.874E+01 10 7.144E-05 9.953E+00 11 2.142E-06 4.746E+01
12 1.665E-05 1.242E+01 13 2.835E-04 2.917E+00 15 7.690E-06 6.538E+01 16 1.466E-03 1.011E+00 17 1.286E-05 2.503E+01
19 2.357E-04 1.608E+01 20 1.826E-02 3.202E+00 23 1.340E-02 3.066E-01 24 2.357E-04 6.083E-01 26 3.206E-03 5.236E-01
27 8.590E-04 5.661E-01
170  20
 1 1.377E-05 7.956E+01  2 5.897E-04 2.680E+00  3 5.452E-05 1.407E+01  4 5.070E-04 2.321E+01  6 3.368E-06 6.373E+01
 7 1.455E-07 5.373E+01  8 4.274E-06 4.836E+01 10 6.848E-05 1.129E+01 11 1.899E-06 5.004E+01 12 1.215E-05 1.402E+01
13 2.600E-04 4.302E+00 15 1.441E-05 4.889E+01 16 1.432E-03 6.828E-01 17 2.278E-05 2.480E+01 19 2.743E-04 1.993E+01
20 1.456E-02 2.548E+00 23 1.373E-02 3.098E-01 24 2.082E-04 1.159E+00 26 3.378E-03 3.889E-01 27 8.873E-04 4.503E-01
171  21
 1 3.422E-07 1.000E+02  2 6.880E-04 2.681E+00  3 4.657E-05 1.820E+01  4 3.695E-04 2.953E+01  6 1.093E-05 3.468E+01
 7 2.327E-07 6.550E+01  8 3.762E-08 1.000E+02 10 4.425E-05 1.405E+01 11 7.701E-07 7.442E+01 12 9.762E-06 1.621E+01
13 2.130E-04 4.669E+00 15 5.867E-06 5.532E+01 16 1.383E-03 1.131E+00 17 2.273E-05 3.854E+01 19 2.004E-04 2.232E+01
20 8.573E-03 3.890E+00 22 1.134E-07 1.000E+02 23 1.403E-02 2.948E-01 24 1.762E-04 8.675E-01 26 3.486E-03 4.318E-01
27 9.004E-04 5.725E-01
172  21
 1 1.162E-05 8.297E+01  2 7.751E-04 2.075E+00  3 4.049E-05 1.720E+01  4 5.883E-04 3.008E+01  5 1.647E-07 1.000E+02
 6 8.071E-06 4.534E+01  7 4.224E-07 6.153E+01  8 1.104E-06 1.000E+02 10 4.656E-05 1.174E+01 11 1.380E-06 5.752E+01
12 9.954E-06 1.776E+01 13 1.948E-04 3.524E+00 15 4.714E-06 7.818E+01 16 1.356E-03 1.025E+00 17 1.607E-06 6.509E+01
19 1.763E-04 2.413E+01 20 6.464E-03 3.963E+00 23 1.415E-02 3.162E-01 24 1.587E-04 1.288E+00 26 3.535E-03 5.162E-01
27 9.062E-04 6.411E-01
173  21
 1 1.168E-05 6.943E+01  2 8.920E-04 2.117E+00  3 4.298E-05 2.227E+01  4 6.878E-04 2.976E+01  5 2.021E-07 1.000E+02
 6 1.007E-05 3.880E+01  7 1.383E-07 8.753E+01  8 1.528E-07 8.440E+01 10 4.444E-05 1.660E+01 11 4.576E-06 6.975E+01
12 1.123E-05 1.541E+01 13 1.746E-04 3.339E+00 15 1.219E-05 5.966E+01 16 1.367E-03 9.186E-01 17 1.193E-05 3.711E+01
19 1.738E-04 2.433E+01 20 6.013E-03 5.623E+00 23 1.436E-02 2.881E-01 24 1.439E-04 9.228E-01 26 3.598E-03 4.924E-01
27 9.110E-04 6.453E-01
174  20
 1 5.156E-06 6.904E+01  2 9.936E-04 2.363E+00  3 3.486E-05 1.719E+01  4 6.797E-04 2.509E+01  6 3.628E-06 8.549E+01
 7 4.473E-07 6.638E+01  8 7.070E-08 1.000E+02 10 3.523E-05 1.398E+01 11 1.571E-06 6.387E+01 12 9.066E-06 1.939E+01
13 1.549E-04 4.251E+00 15 6.479E-06 6.556E+01 16 1.347E-03 7.374E-01 17 1.303E-05 6.105E+01 19 1.656E-04 4.158E+01
20 4.949E-03 4.061E+00 23 1.433E-02 3.282E-01 24 1.251E-04 1.705E+00 26 3.616E-03 4.452E-01 27 9.136E-04 5.211E-01
175  20
 1 2.394E-05 9.849E+01  2 1.179E-03 2.002E+00  3 2.993E-05 2.325E+01  4 1.007E-03 2.184E+01  6 6.193E-06 4.168E+01
 7 1.688E-06 9.607E+01  8 4.883E-07 7.623E+01 10 4.215E-05 1.650E+01 11 7.650E-07 7.365E+01 12 1.160E-05 1.903E+01
13 1.460E-04 4.429E+00 15 1.078E-05 4.800E+01 16 1.361E-03 9.108E-01 17 3.715E-06 5.482E+01 19 1.276E-04 2.233E+01
20 4.262E-03 6.880E+00 23 1.453E-02 2.941E-01 24 1.136E-04 1.506E+00 26 3.678E-03 4.621E-01 27 9.177E-04 6.303E-01
176  19
 1 2.441E-06 1.000E+02  2 1.358E-03 1.376E+00  3 2.960E-05 2.559E+01  4 9.834E-04 1.641E+01  6 1.753E-06 5.819E+01
 8 4.632E-07 8.444E+01 10 3.699E-05 2.126E+01 11 2.078E-06 6.866E+01 12 6.894E-06 2.480E+01 13 1.229E-04 4.737E+00
15 6.104E-06 4.081E+01 16 1.333E-03 1.207E+00 17 5.838E-06 7.810E+01 19 5.439E-05 4.675E+01 20 3.725E-03 5.746E+00
23 1.460E-02 3.237E-01 24 9.989E-05 1.108E+00 26 3.711E-03 4.789E-01 27 9.229E-04 5.561E-01
177  19
 1 2.783E-06 1.000E+02  2 1.445E-03 1.416E+00  3 2.784E-05 2.048E+01  4 1.131E-03 2.188E+01  6 9.435E-06 3.672E+01
 7 5.339E-07 9.975E+01 10 2.878E-05 1.371E+01 11 1.446E-08 1.000E+02 12 6.751E-06 1.847E+01 13 1.007E-04 5.789E+00
15 7.040E-06 4.716E+01 16 1.345E-03 9.097E-01 17 2.070E-05 3.572E+01 19 8.704E-05 4.088E+01 20 2.981E-03 9.633E+00
23 1.460E-02 3.089E-01 24 9.111E-05 1.473E+00 26 3.741E-03 4.474E-01 27 9.228E-04 4.985E-01
178  20
 1 8.881E-06 7.000E+01  2 1.729E-03 1.365E+00  3 1.708E-05 2.371E+01  4 1.810E-03 2.160E+01  6 2.034E-06 5.228E+01
 7 1.319E-07 1.000E+02  8 1.076E-08 1.000E+02 10 1.805E-05 2.321E+01 11 1.934E-06 7.902E+01 12 4.696E-06 2.433E+01
13 1.003E-04 6.682E+00 15 1.760E-06 9.068E+01 16 1.340E-03 1.034E+00 17 3.009E-06 8.369E+01 19 8.354E-05 3.875E+01
20 2.699E-03 7.166E+00 23 1.475E-02 3.210E-01 24 8.240E-05 1.277E+00 26 3.804E-03 4.571E-01 27 9.288E-04 5.314E-01
179  19
 1 7.981E-07 1.000E+02  2 2.060E-03 1.162E+00  3 1.348E-05 2.303E+01  4 1.998E-03 1.375E+01  6 2.979E-06 8.599E+01
 7 4.163E-07 6.888E+01 10 2.746E-05 1.780E+01 11 2.680E-06 6.129E+01 12 6.288E-06 2.130E+01 13 9.010E-05 6.123E+00
15 2.110E-06 9.439E+01 16 1.329E-03 9.427E-01 17 9.388E-06 5.977E+01 19 9.535E-05 3.598E+01 20 2.677E-03 6.189E+00
23 1.481E-02 2.979E-01 24 7.453E-05 1.837E+00 26 3.832E-03 4.749E-01 27 9.258E-04 5.297E-01
180  18
 1 1.588E-05 9.707E+01  2 2.354E-03 1.257E+00  3 1.758E-05 2.150E+01  4 2.550E-03 1.194E+01  6 2.343E-06 5.948E+01
 7 7.098E-07 8.691E+01 10 1.807E-05 1.993E+01 11 2.001E-06 9.199E+01 12 4.195E-06 3.089E+01 13 8.106E-05 5.328E+00
16 1.314E-03 7.214E-01 17 9.293E-06 4.654E+01 19 5.571E-05 4.616E+01 20 1.873E-03 8.460E+00 23 1.488E-02 3.085E-01
24 6.755E-05 1.931E+00 26 3.883E-03 4.157E-01 27 9.286E-04 4.629E-01
181  20
 1 3.073E-06 1.000E+02  2 2.696E-03 8.965E-01  3 1.884E-05 3.418E+01  4 3.117E-03 1.098E+01  6 5.360E-06 6.042E+01
 7 9.204E-08 1.000E+02  8 7.804E-07 9.049E+01 10 2.936E-05 2.188E+01 11 3.098E-07 7.415E+01 12 4.820E-06 2.663E+01
13 7.404E-05 6.011E+00 15 6.020E-07 8.036E+01 16 1.295E-03 7.833E-01 17 6.123E-06 4.245E+01 19 8.637E-05 5.029E+01
20 1.882E-03 8.307E+00 23 1.485E-02 3.167E-01 24 5.720E-05 1.727E+00 26 3.957E-03 4.627E-01 27 9.287E-04 5.064E-01
182  18
 2 3.220E-03 1.462E+00  3 2.145E-05 2.983E+01  4 4.411E-03 1.148E+01  6 2.265E-06 1.000E+02 10 1.189E-05 2.280E+01
11 1.537E-06 6.967E+01 12 5.475E-06 3.163E+01 13 6.387E-05 9.135E+00 15 9.711E-07 1.000E+02 16 1.310E-03 9.719E-01
17 4.908E-06 6.221E+01 19 4.261E-05 3.779E+01 20 1.339E-03 9.271E+00 23 1.497E-02 2.972E-01 24 5.478E-05 2.076E+00
25 1.376E-08 1.000E+02 26 4.052E-03 4.399E-01 27 8.935E-04 5.133E-01
183  17
 2 3.995E-03 8.602E-01  3 1.674E-05 2.800E+01  4 4.942E-03 1.040E+01  6 9.708E-07 1.000E+02  7 3.728E-07 9.149E+01
10 1.270E-05 2.728E+01 12 2.600E-06 3.517E+01 13 5.155E-05 7.685E+00 15 6.742E-06 6.520E+01 16 1.320E-03 1.110E+00
17 2.355E-06 5.412E+01 19 4.522E-05 4.400E+01 20 1.439E-03 9.832E+00 23 1.521E-02 3.303E-01 24 5.026E-05 2.151E+00
26 4.363E-03 4.560E-01 27 9.569E-04 5.181E-01
184  20
 2 5.380E-03 8.932E-01  3 1.743E-05 2.613E+01  4 7.775E-03 7.851E+00  5 6.786E-06 1.000E+02  6 1.308E-06 4.897E+01
 7 5.646E-08 1.000E+02  8 2.145E-08 1.000E+02 10 2.076E-05 2.782E+01 11 3.957E-07 1.000E+02 12 2.492E-06 2.946E+01
13 4.981E-05 7.804E+00 15 1.980E-06 5.970E+01 16 1.290E-03 8.491E-01 17 1.307E-06 5.616E+01 19 7.747E-05 3.764E+01
20 1.140E-03 1.082E+01 23 1.520E-02 3.163E-01 24 4.461E-05 1.607E+00 26 4.520E-03 4.039E-01 27 9.771E-04 4.443E-01
185  18
 2 7.126E-03 8.300E-01  3 2.546E-05 2.905E+01  4 1.248E-02 5.827E+00  6 2.279E-06 9.405E+01  7 1.192E-09 1.000E+02
10 1.226E-05 2.705E+01 11 2.762E-07 1.000E+02 12 1.383E-06 4.624E+01 13 4.969E-05 4.949E+00 15 4.381E-06 8.113E+01
16 1.260E-03 1.072E+00 17 1.379E-08 1.000E+02 19 2.750E-05 4.420E+01 20 9.344E-04 1.107E+01 23 1.531E-02 3.077E-01
24 3.994E-05 2.554E+00 26 4.691E-03 3.907E-01 27 1.008E-03 4.207E-01
186  18
 2 8.935E-03 9.038E-01  3 1.559E-05 2.654E+01  4 1.314E-01 2.099E+00  6 1.315E-06 8.933E+01  7 7.233E-08 1.000E+02
10 1.891E-05 2.091E+01 11 4.824E-07 9.940E+01 12 3.345E-06 2.753E+01 13 3.954E-05 1.002E+01 15 1.976E-07 1.000E+02
16 1.205E-03 8.391E-01 17 5.752E-07 9.877E+01 19 5.355E-05 6.553E+01 20 7.758E-04 1.122E+01 23 1.534E-02 3.583E-01
24 3.630E-05 1.770E+00 26 4.737E-03 4.731E-01 27 1.007E-03 4.962E-01
187  17
 2 1.092E-02 6.869E-01  3 9.945E-06 2.631E+01  4 1.294E-01 2.390E+00  6 2.008E-06 8.470E+01 10 8.719E-06 3.402E+01
11 5.457E-07 7.428E+01 12 2.325E-06 3.054E+01 13 4.099E-05 6.203E+00 15 6.454E-06 6.390E+01 16 1.177E-03 8.593E-01
17 3.934E-06 5.331E+01 19 3.674E-05 4.657E+01 20 6.774E-04 1.380E+01 23 1.534E-02 3.137E-01 24 3.296E-05 2.164E+00
26 4.742E-03 3.396E-01 27 9.963E-04 3.626E-01
188  19
 2 1.328E-02 5.541E-01  3 2.263E-05 2.460E+01  4 1.346E-01 2.408E+00  5 5.196E-06 1.000E+02  6 9.466E-07 9.692E+01
 7 3.326E-08 1.000E+02  8 1.023E-06 1.000E+02 10 7.267E-06 3.715E+01 11 4.458E-09 1.000E+02 12 2.691E-06 2.987E+01
13 2.986E-05 8.253E+00 16 1.183E-03 1.421E+00 17 3.117E-06 5.772E+01 19 9.427E-06 5.280E+01 20 6.819E-04 1.850E+01
23 1.525E-02 3.081E-01 24 3.024E-05 2.646E+00 26 4.594E-03 3.868E-01 27 9.499E-04 4.899E-01
189  17
 1 1.923E-06 8.874E+01  2 1.531E-02 5.330E-01  3 1.232E-05 2.629E+01  4 1.291E-01 2.245E+00  6 1.069E-06 5.960E+01
10 4.400E-06 3.072E+01 11 4.711E-07 1.000E+02 12 2.132E-06 3.165E+01 13 3.192E-05 8.531E+00 16 1.169E-03 7.708E-01
17 2.847E-06 6.845E+01 19 2.257E-05 6.498E+01 20 5.746E-04 1.652E+01 23 1.513E-02 3.044E-01 24 2.733E-05 1.876E+00
26 4.480E-03 3.816E-01 27 9.139E-04 4.183E-01
190  16
 2 1.729E-02 5.905E-01  3 9.898E-06 3.192E+01  4 1.230E-02 5.580E+00  6 2.629E-06 7.529E+01 10 1.607E-06 5.189E+01
12 1.116E-06 4.188E+01 13 2.721E-05 8.029E+00 15 5.742E-07 8.976E+01 16 1.254E-03 1.132E+00 17 6.138E-07 1.000E+02
19 5.028E-06 8.157E+01 20 4.305E-04 1.220E+01 23 1.518E-02 3.191E-01 24 2.348E-05 2.863E+00 26 4.448E-03 4.894E-01
27 8.946E-04 5.680E-01
191  19
 1 3.501E-07 1.000E+02  2 1.857E-02 5.036E-01  3 1.196E-05 2.957E+01  4 7.029E-03 6.487E+00  6 8.794E-07 1.000E+02
 8 2.813E-07 1.000E+02 10 5.342E-06 2.788E+01 11 6.162E-07 9.661E+01 12 1.235E-06 2.819E+01 13 2.165E-05 1.241E+01
15 6.173E-06 5.770E+01 16 1.241E-03 7.784E-01 17 1.605E-06 8.948E+01 19 2.904E-05 4.325E+01 20 2.788E-04 1.600E+01
23 1.512E-02 3.092E-01 24 2.172E-05 3.044E+00 26 4.485E-03 3.580E-01 27 8.980E-04 3.968E-01
192  17
 2 1.986E-02 5.628E-01  3 1.115E-05 3.566E+01  4 5.216E-03 8.925E+00  6 2.759E-06 9.894E+01  7 2.060E-07 1.000E+02
10 5.718E-06 5.484E+01 12 1.724E-06 3.634E+01 13 2.458E-05 1.192E+01 15 9.573E-07 1.000E+02 16 1.251E-03 9.380E-01
17 4.652E-07 1.000E+02 19 2.213E-05 5.021E+01 20 3.576E-04 2.338E+01 23 1.523E-02 2.994E-01 24 2.104E-05 2.651E+00
26 4.566E-03 3.821E-01 27 9.097E-04 4.205E-01
193  19
 2 2.041E-02 5.030E-01  3 6.494E-06 3.131E+01  4 2.718E-03 1.439E+01  6 1.222E-06 1.000E+02  7 1.339E-07 1.000E+02
10 8.725E-06 3.221E+01 11 1.119E-06 1.000E+02 12 1.718E-06 4.136E+01 13 2.674E-05 1.085E+01 15 2.539E-07 7.087E+01
16 1.236E-03 8.703E-01 17 4.568E-07 6.590E+01 19 8.503E-06 7.867E+01 20 3.172E-04 2.249E+01 23 1.509E-02 3.272E-01
24 1.928E-05 3.212E+00 25 7.578E-08 1.000E+02 26 4.553E-03 3.744E-01 27 9.041E-04 3.992E-01
194  18
 2 2.048E-02 5.799E-01  3 6.334E-06 3.251E+01  4 2.893E-03 1.246E+01  6 2.887E-07 1.000E+02  7 1.246E-07 1.000E+02
10 9.773E-06 4.022E+01 11 2.892E-07 1.000E+02 12 2.012E-06 4.297E+01 13 2.242E-05 1.279E+01 15 1.674E-07 5.592E+01
16 1.251E-03 1.176E+00 17 1.193E-06 9.938E+01 19 2.923E-06 7.550E+01 20 3.627E-04 2.033E+01 23 1.492E-02 3.080E-01
24 1.705E-05 2.970E+00 26 4.537E-03 3.958E-01 27 9.008E-04 4.266E-01
195  16
 2 2.060E-02 4.802E-01  3 7.616E-06 3.797E+01  4 2.770E-03 1.494E+01  6 6.914E-09 1.000E+02 10 3.581E-06 3.472E+01
11 1.034E-06 5.988E+01 12 1.337E-06 3.804E+01 13 1.452E-05 2.011E+01 16 1.260E-03 8.996E-01 17 8.180E-07 1.000E+02
19 4.320E-06 9.269E+01 20 3.080E-04 2.415E+01 23 1.489E-02 2.993E-01 24 1.541E-05 4.586E+00 26 4.519E-03 3.764E-01
27 8.950E-04 4.443E-01
196  18
 2 2.032E-02 4.313E-01  3 7.149E-06 4.104E+01  4 1.813E-03 1.603E+01  6 6.527E-07 1.000E+02  7 5.140E-07 1.000E+02
10 1.179E-06 4.419E+01 11 2.453E-07 1.000E+02 12 6.008E-07 5.916E+01 13 1.489E-05 1.577E+01 15 1.999E-06 1.000E+02
16 1.229E-03 1.022E+00 17 1.551E-06 6.888E+01 19 6.632E-06 1.000E+02 20 3.338E-04 2.605E+01 23 1.465E-02 3.195E-01
24 1.332E-05 4.604E+00 26 4.458E-03 3.631E-01 27 8.814E-04 4.296E-01
197  16
 2 1.955E-02 4.683E-01  3 8.721E-06 3.291E+01  4 1.412E-03 1.466E+01  6 5.138E-07 9.533E+01  9 1.311E-08 1.000E+02
10 4.120E-06 4.173E+01 12 3.304E-07 6.097E+01 13 1.650E-05 1.727E+01 16 1.245E-03 1.002E+00 17 1.300E-06 7.779E+01
19 6.247E-06 6.810E+01 20 2.485E-04 2.093E+01 23 1.445E-02 2.780E-01 24 1.350E-05 4.279E+00 26 4.463E-03 3.550E-01
27 8.863E-04 4.003E-01
198  17
 2 1.840E-02 4.938E-01  3 2.206E-06 5.455E+01  4 1.291E-03 2.017E+01  6 1.045E-07 7.209E+01  7 3.699E-07 1.000E+02
10 1.170E-06 6.304E+01 11 4.329E-08 1.000E+02 12 1.752E-06 4.492E+01 13 1.058E-05 1.326E+01 15 1.593E-06 8.224E+01
16 1.248E-03 5.973E-01 17 2.336E-07 1.000E+02 20 2.184E-04 2.841E+01 23 1.399E-02 3.116E-01 24 1.079E-05 3.850E+00
26 4.374E-03 3.314E-01 27 8.684E-04 3.543E-01
199  18
 1 2.485E-07 1.000E+02  2 1.732E-02 5.091E-01  3 4.957E-06 6.641E+01  4 1.194E-03 2.317E+01  7 2.353E-07 1.000E+02
 8 3.144E-06 1.000E+02 10 2.904E-06 6.683E+01 12 1.562E-06 4.278E+01 13 1.096E-05 1.370E+01 15 2.196E-08 1.000E+02
16 1.257E-03 8.726E-01 17 5.012E-09 1.000E+02 19 1.174E-05 6.750E+01 20 1.483E-04 2.432E+01 23 1.364E-02 3.167E-01
24 9.258E-06 4.401E+00 26 4.327E-03 3.529E-01 27 8.601E-04 4.111E-01
200  15
 2 1.590E-02 6.179E-01  3 1.487E-06 4.736E+01  4 9.541E-04 2.219E+01  7 7.099E-09 1.000E+02 10 1.004E-06 6.541E+01
12 8.220E-07 4.286E+01 13 6.612E-06 1.522E+01 16 1.274E-03 9.755E-01 17 1.648E-06 7.619E+01 19 2.329E-06 9.453E+01
20 1.118E-04 2.521E+01 23 1.315E-02 3.120E-01 24 6.359E-06 5.343E+00 26 4.242E-03 3.353E-01 27 8.462E-04 3.988E-01
201  13
 2 1.392E-02 5.222E-01  3 5.840E-07 9.835E+01  4 7.033E-04 2.253E+01 10 8.644E-07 7.741E+01 12 4.247E-07 7.667E+01
13 6.172E-06 2.182E+01 16 1.282E-03 9.718E-01 19 2.550E-06 8.780E+01 20 1.037E-04 3.548E+01 23 1.249E-02 2.877E-01
24 6.457E-06 5.110E+00 26 4.149E-03 3.492E-01 27 8.329E-04 3.881E-01
202  16
 2 1.214E-02 5.340E-01  3 2.164E-06 6.644E+01  4 3.470E-04 2.140E+01  7 2.099E-08 1.000E+02 10 1.276E-06 5.309E+01
11 7.414E-09 1.000E+02 12 1.214E-06 5.009E+01 13 9.106E-06 1.880E+01 14 3.834E-06 1.000E+02 16 1.302E-03 9.124E-01
19 5.936E-06 1.000E+02 20 1.334E-04 3.535E+01 23 1.187E-02 3.041E-01 24 5.305E-06 5.838E+00 26 4.037E-03 3.572E-01
27 8.171E-04 3.845E-01
203  14
 2 9.815E-03 7.520E-01  3 1.509E-06 7.068E+01  4 3.236E-04 4.402E+01  6 5.001E-07 9.598E+01 10 3.020E-07 6.586E+01
12 1.158E-08 1.000E+02 13 4.397E-06 2.139E+01 16 1.330E-03 8.193E-01 17 6.824E-07 9.832E+01 20 9.543E-05 2.994E+01
23 1.091E-02 2.872E-01 24 4.152E-06 7.862E+00 26 3.807E-03 3.274E-01 27 7.772E-04 3.647E-01
204  16
 2 7.352E-03 7.288E-01  3 2.461E-07 8.007E+01  4 2.267E-04 3.429E+01  6 2.178E-07 1.000E+02  7 2.410E-07 1.000E+02
10 8.552E-07 5.246E+01 12 3.883E-07 6.634E+01 13 5.551E-06 2.358E+01 16 1.350E-03 7.517E-01 19 3.893E-06 1.000E+02
20 4.879E-05 3.127E+01 23 9.983E-03 3.003E-01 24 3.397E-06 7.199E+00 25 1.707E-08 1.000E+02 26 3.621E-03 3.455E-01
27 7.488E-04 4.008E-01
205  13
 2 4.853E-03 8.846E-01  3 4.781E-07 5.694E+01  4 2.765E-04 2.715E+01 10 8.606E-08 8.073E+01 11 9.718E-07 1.000E+02
12 3.124E-07 6.774E+01 13 2.142E-06 2.268E+01 16 1.364E-03 5.964E-01 20 4.719E-05 4.020E+01 23 8.700E-03 3.162E-01
24 2.393E-06 6.094E+00 26 3.247E-03 3.669E-01 27 6.825E-04 4.228E-01
206  14
 1 9.966E-08 1.000E+02  2 2.784E-03 8.549E-01  3 7.220E-07 7.905E+01  4 1.716E-04 3.637E+01 10 9.626E-07 7.790E+01
12 4.322E-07 5.609E+01 13 2.636E-06 2.597E+01 15 4.264E-07 1.000E+02 16 1.365E-03 6.764E-01 20 4.608E-05 3.423E+01
23 6.959E-03 3.533E-01 24 1.910E-06 5.995E+00 26 2.584E-03 4.034E-01 27 5.494E-04 4.427E-01
207  13
 2 1.708E-03 1.318E+00  3 3.595E-07 6.539E+01  4 1.547E-04 3.551E+01 10 3.194E-07 8.624E+01 12 2.937E-08 1.000E+02
13 1.758E-06 3.081E+01 16 1.443E-03 6.951E-01 19 8.892E-07 1.000E+02 20 2.494E-05 4.474E+01 23 4.464E-03 3.084E-01
24 1.247E-06 6.382E+00 26 1.353E-03 3.610E-01 27 2.779E-04 4.063E-01
208  11
 2 6.188E-04 1.596E+00  4 1.855E-05 5.354E+01 10 4.569E-07 9.622E+01 12 3.075E-08 1.000E+02 13 6.287E-07 3.247E+01
16 1.237E-03 3.850E-01 20 4.216E-06 6.958E+01 23 1.523E-03 4.509E-01 24 3.972E-07 1.184E+01 26 2.440E-04 8.999E-01
27 4.544E-05 1.016E+00