
    ORGAN DOSE CONVERSION FACTORS FOR AN ADULT HERMAPHRODITE
    CALCULATED FOR A VARIETY OF CT SCANNERS AND CONDITIONS.
    VALUES ARE GIVEN FOR 208 5 MM SLICES SPANNING THE BODY
    FROM 100 MM BELOW THE BOTTOM OF THE TRUNK TO THE TOP OF THE HEAD.

                     ORGANS OR REGIONS
 1 ADRENALS              10 HEART                  19 THYMUS                   
 2 BRAIN                 11 KIDNEYS                20 THYROID                  
 3 BREASTS               12 LIVER                  21 URINARY BLADDER          
 4 EYE LENSES            13 LUNGS                  22 UTERUS                   
 5 GALL BLADDER          14 OVARIES                23 HEAD REGION              
 6 STOMACH               15 PANCREAS               24 TRUNK REGION             
 7 SMALL INTESTINE       16 SKIN                   25 LEG REGION               
 8 UPPER LARGE INTESTINE 17 SPLEEN                 26 SKELETON                 
 9 LOWER LARGE INTESTINE 18 TESTICLES              27 RED MARROW               

 13 PHILIPS TOMOSCAN 305N,310,350: SHAPED FILTER (ALUMINIUM)
    FOCUS TO AXIS DISTANCE IS 487 MM
    FAN ANGLE DOES NOT COVER FULL WIDTH OF TRUNK
    X-RAY SPECTRUM HAS MAXIMUM ENERGY OF 120 KEV
    INITIAL FILTRATION IS 3.5 MM OF ALUMINIUM

    CONVERSION FACTORS AND STATISTICAL UNCERTAINTIES(%) FOR ORGANS IN EACH SLICE
  1  15
 6 2.010E-07 1.000E+02  7 2.453E-05 1.452E+01  8 3.323E-05 2.746E+01  9 4.132E-04 9.297E+00 11 2.252E-06 1.000E+02
12 1.374E-06 6.235E+01 14 4.437E-05 9.161E+01 16 1.855E-03 1.118E+00 18 2.232E-03 7.138E+00 21 3.170E-04 1.154E+01
22 7.558E-05 2.442E+01 24 9.359E-05 2.967E+00 25 5.940E-03 3.014E-01 26 3.292E-03 7.234E-01 27 3.129E-04 1.129E+00
  2  17
 6 3.359E-06 6.893E+01  7 3.253E-05 1.264E+01  8 2.826E-05 3.086E+01  9 4.708E-04 7.526E+00 10 1.652E-08 1.000E+02
11 2.926E-06 8.892E+01 12 1.869E-06 5.683E+01 14 1.193E-04 4.512E+01 15 8.640E-07 1.000E+02 16 1.834E-03 9.353E-01
18 2.541E-03 8.366E+00 21 4.282E-04 1.600E+01 22 1.208E-04 1.536E+01 24 1.028E-04 1.701E+00 25 5.938E-03 2.618E-01
26 3.269E-03 5.157E-01 27 3.287E-04 1.182E+00
  3  17
 6 4.061E-06 7.347E+01  7 3.367E-05 1.565E+01  8 2.453E-05 2.232E+01  9 6.007E-04 7.176E+00 11 3.361E-06 5.255E+01
12 2.962E-06 3.788E+01 14 2.744E-04 3.869E+01 15 3.992E-08 1.000E+02 16 1.831E-03 1.011E+00 17 5.883E-07 7.193E+01
18 2.687E-03 6.576E+00 21 4.534E-04 1.339E+01 22 1.192E-04 2.710E+01 24 1.194E-04 2.175E+00 25 5.960E-03 3.232E-01
26 3.317E-03 6.809E-01 27 3.439E-04 1.054E+00
  4  16
 5 1.807E-05 1.000E+02  6 2.861E-06 6.932E+01  7 4.111E-05 1.257E+01  8 2.365E-05 3.178E+01  9 6.181E-04 6.402E+00
12 1.310E-06 4.181E+01 14 4.517E-05 4.296E+01 16 1.855E-03 1.238E+00 17 1.224E-06 1.000E+02 18 2.999E-03 9.905E+00
21 6.102E-04 1.241E+01 22 1.427E-04 2.548E+01 24 1.356E-04 1.905E+00 25 5.925E-03 3.854E-01 26 3.208E-03 5.397E-01
27 3.486E-04 1.066E+00
  5  19
 3 2.568E-07 1.000E+02  5 3.102E-05 1.000E+02  6 9.233E-06 7.633E+01  7 5.136E-05 1.114E+01  8 4.402E-05 2.796E+01
 9 6.670E-04 5.395E+00 11 8.702E-07 5.672E+01 12 2.168E-06 6.057E+01 14 5.136E-06 4.441E+01 15 3.119E-06 1.000E+02
16 1.876E-03 9.217E-01 17 4.207E-06 9.063E+01 18 3.131E-03 8.850E+00 21 5.336E-04 9.985E+00 22 2.324E-04 2.047E+01
24 1.493E-04 1.580E+00 25 5.979E-03 3.119E-01 26 3.241E-03 6.594E-01 27 3.597E-04 1.174E+00
  6  20
 3 6.880E-06 6.677E+01  6 8.330E-06 4.953E+01  7 4.816E-05 1.136E+01  8 4.301E-05 3.233E+01  9 8.509E-04 6.762E+00
10 1.448E-06 7.204E+01 11 1.330E-06 7.283E+01 12 9.628E-07 5.730E+01 13 4.048E-07 9.911E+01 14 4.864E-05 8.240E+01
15 3.134E-06 8.956E+01 16 1.869E-03 1.057E+00 17 2.166E-06 6.232E+01 18 3.524E-03 6.910E+00 21 6.217E-04 1.480E+01
22 1.961E-04 1.683E+01 24 1.709E-04 1.656E+00 25 5.948E-03 3.326E-01 26 3.248E-03 8.290E-01 27 3.814E-04 1.430E+00
  7  17
 3 8.847E-07 8.207E+01  6 2.027E-07 7.336E+01  7 5.661E-05 1.251E+01  8 4.077E-05 2.012E+01  9 9.227E-04 5.316E+00
11 5.105E-06 1.000E+02 12 2.262E-06 3.750E+01 14 1.293E-04 4.860E+01 15 2.417E-06 8.071E+01 16 1.895E-03 1.284E+00
18 4.243E-03 7.657E+00 21 8.568E-04 1.035E+01 22 2.053E-04 1.740E+01 24 1.943E-04 1.675E+00 25 5.938E-03 2.872E-01
26 3.251E-03 7.640E-01 27 4.005E-04 1.604E+00
  8  21
 3 1.078E-06 1.000E+02  5 1.119E-06 1.000E+02  6 1.750E-05 4.549E+01  7 5.190E-05 1.938E+01  8 3.150E-05 2.672E+01
 9 9.278E-04 5.292E+00 10 3.878E-07 1.000E+02 11 4.893E-06 6.712E+01 12 8.100E-07 3.214E+01 13 4.236E-09 1.000E+02
14 2.700E-04 3.508E+01 15 2.016E-06 9.482E+01 16 1.841E-03 1.292E+00 17 8.918E-07 1.000E+02 18 4.323E-03 6.356E+00
21 7.332E-04 9.866E+00 22 3.352E-04 1.889E+01 24 2.061E-04 1.691E+00 25 5.916E-03 3.007E-01 26 3.230E-03 6.737E-01
27 3.941E-04 1.014E+00
  9  20
 3 5.790E-06 6.070E+01  5 5.830E-05 1.000E+02  6 6.873E-06 6.250E+01  7 5.964E-05 9.142E+00  8 4.738E-05 2.304E+01
 9 1.043E-03 5.918E+00 11 8.229E-06 6.642E+01 12 2.259E-06 4.142E+01 13 4.607E-09 1.000E+02 14 2.735E-04 3.947E+01
15 3.998E-06 7.997E+01 16 1.855E-03 8.635E-01 17 1.045E-07 1.000E+02 18 4.438E-03 5.289E+00 21 8.513E-04 1.188E+01
22 2.233E-04 1.616E+01 24 2.342E-04 1.198E+00 25 5.886E-03 2.949E-01 26 3.208E-03 8.636E-01 27 4.181E-04 1.308E+00
 10  20
 3 1.295E-05 8.150E+01  5 7.880E-07 1.000E+02  6 6.428E-06 6.966E+01  7 7.009E-05 1.130E+01  8 6.577E-05 1.507E+01
 9 1.207E-03 5.495E+00 11 7.897E-06 4.255E+01 12 2.891E-06 4.075E+01 13 1.816E-06 7.151E+01 14 2.462E-04 4.719E+01
15 2.674E-07 1.000E+02 16 1.873E-03 1.244E+00 17 9.274E-07 9.517E+01 18 4.815E-03 5.721E+00 21 9.346E-04 7.504E+00
22 3.257E-04 1.916E+01 24 2.675E-04 1.139E+00 25 5.842E-03 2.926E-01 26 3.178E-03 5.130E-01 27 4.365E-04 9.234E-01
 11  21
 3 4.243E-06 6.674E+01  5 2.087E-06 1.000E+02  6 6.274E-07 7.442E+01  7 7.584E-05 8.318E+00  8 6.137E-05 1.736E+01
 9 1.307E-03 6.630E+00 10 6.207E-06 6.896E+01 11 5.933E-06 4.887E+01 12 5.488E-06 2.046E+01 13 3.635E-09 1.000E+02
14 2.125E-04 3.686E+01 15 3.497E-07 1.000E+02 16 2.463E-03 1.211E+00 17 2.827E-06 1.000E+02 18 9.406E-03 5.080E+00
21 1.110E-03 9.226E+00 22 3.605E-04 1.143E+01 24 2.933E-04 9.490E-01 25 5.774E-03 3.743E-01 26 3.086E-03 6.387E-01
27 4.441E-04 1.249E+00
 12  20
 3 1.741E-06 8.494E+01  5 7.046E-05 7.197E+01  6 1.213E-05 4.262E+01  7 9.153E-05 9.231E+00  8 8.960E-05 1.452E+01
 9 1.647E-03 3.606E+00 11 8.189E-07 8.476E+01 12 2.906E-06 3.177E+01 13 1.123E-06 8.996E+01 14 2.734E-04 3.668E+01
15 8.479E-06 9.428E+01 16 2.029E-03 1.255E+00 17 3.286E-07 6.915E+01 18 2.375E-02 3.034E+00 21 1.197E-03 8.765E+00
22 3.247E-04 1.727E+01 24 3.428E-04 9.930E-01 25 5.708E-03 2.763E-01 26 2.973E-03 6.177E-01 27 4.546E-04 1.222E+00
 13  21
 3 1.155E-06 9.358E+01  5 5.934E-06 1.000E+02  6 5.548E-07 7.444E+01  7 8.972E-05 1.046E+01  8 6.075E-05 2.840E+01
 9 1.744E-03 4.594E+00 10 1.437E-06 8.152E+01 11 1.307E-05 4.903E+01 12 3.786E-06 3.614E+01 13 8.881E-07 7.070E+01
14 2.824E-04 3.979E+01 15 2.927E-06 8.645E+01 16 2.000E-03 1.217E+00 17 2.218E-06 5.892E+01 18 3.980E-02 2.943E+00
21 1.604E-03 7.086E+00 22 4.715E-04 1.100E+01 24 3.745E-04 1.063E+00 25 5.650E-03 3.866E-01 26 2.915E-03 7.538E-01
27 4.626E-04 1.725E+00
 14  21
 3 6.707E-06 5.489E+01  5 4.324E-07 1.000E+02  6 1.987E-06 8.200E+01  7 1.126E-04 9.409E+00  8 6.725E-05 1.995E+01
 9 1.832E-03 4.367E+00 10 1.191E-06 7.779E+01 11 5.383E-06 4.274E+01 12 3.273E-06 3.055E+01 13 1.386E-06 9.679E+01
14 3.682E-04 3.143E+01 15 6.939E-06 7.373E+01 16 2.004E-03 9.134E-01 17 1.084E-06 8.977E+01 18 4.871E-02 2.605E+00
21 1.522E-03 7.827E+00 22 4.557E-04 1.534E+01 24 4.306E-04 6.515E-01 25 5.566E-03 3.354E-01 26 2.895E-03 7.470E-01
27 4.813E-04 1.234E+00
 15  19
 3 1.180E-06 8.143E+01  6 4.073E-06 5.790E+01  7 1.113E-04 1.096E+01  8 8.502E-05 1.795E+01  9 1.971E-03 3.444E+00
11 7.773E-06 3.947E+01 12 2.088E-06 3.344E+01 13 1.437E-06 7.219E+01 14 3.319E-04 4.317E+01 15 1.444E-05 6.924E+01
16 1.949E-03 1.078E+00 17 3.840E-06 6.379E+01 18 5.572E-02 2.356E+00 21 1.781E-03 5.387E+00 22 4.406E-04 1.258E+01
24 4.803E-04 9.681E-01 25 5.464E-03 3.927E-01 26 2.826E-03 8.129E-01 27 5.062E-04 1.080E+00
 16  19
 3 5.226E-06 4.853E+01  6 2.450E-06 5.132E+01  7 1.254E-04 8.854E+00  8 9.946E-05 1.209E+01  9 2.315E-03 4.344E+00
11 2.175E-05 5.232E+01 12 5.016E-06 2.340E+01 13 4.132E-08 1.000E+02 14 3.870E-04 3.699E+01 15 8.811E-06 4.294E+01
16 1.942E-03 9.400E-01 17 2.258E-06 5.479E+01 18 5.618E-02 2.132E+00 21 1.912E-03 7.795E+00 22 6.427E-04 1.124E+01
24 5.489E-04 9.636E-01 25 5.356E-03 3.047E-01 26 2.798E-03 5.997E-01 27 5.462E-04 1.160E+00
 17  21
 3 4.191E-06 4.915E+01  5 2.855E-07 1.000E+02  6 2.514E-06 5.774E+01  7 1.323E-04 5.718E+00  8 1.134E-04 1.435E+01
 9 2.443E-03 3.655E+00 10 3.773E-08 1.000E+02 11 6.743E-06 2.664E+01 12 1.173E-05 2.368E+01 13 1.101E-07 7.651E+01
14 4.177E-04 3.031E+01 15 3.955E-06 7.906E+01 16 1.968E-03 9.026E-01 17 1.990E-08 1.000E+02 18 5.415E-02 1.635E+00
21 1.850E-03 8.967E+00 22 5.392E-04 1.230E+01 24 6.190E-04 5.295E-01 25 5.207E-03 2.869E-01 26 2.750E-03 5.996E-01
27 5.658E-04 1.074E+00
 18  21
 3 6.236E-06 5.432E+01  5 9.661E-07 1.000E+02  6 1.674E-05 4.241E+01  7 1.774E-04 4.757E+00  8 1.565E-04 1.167E+01
 9 3.070E-03 3.376E+00 10 1.282E-06 9.074E+01 11 7.919E-06 3.325E+01 12 1.093E-05 1.947E+01 13 4.663E-07 7.620E+01
14 5.474E-04 2.381E+01 15 2.419E-06 8.099E+01 16 1.914E-03 1.005E+00 17 3.187E-06 6.573E+01 18 4.560E-02 2.162E+00
21 2.282E-03 7.939E+00 22 7.363E-04 9.062E+00 24 7.220E-04 6.747E-01 25 5.015E-03 2.966E-01 26 2.682E-03 7.246E-01
27 6.036E-04 1.563E+00
 19  21
 3 1.033E-05 4.682E+01  5 1.635E-05 7.494E+01  6 1.466E-05 4.464E+01  7 1.824E-04 7.502E+00  8 1.171E-04 1.649E+01
 9 3.175E-03 3.998E+00 10 1.285E-07 1.000E+02 11 3.993E-06 4.515E+01 12 7.393E-06 2.341E+01 13 1.472E-06 5.242E+01
14 4.969E-04 2.799E+01 15 1.562E-05 5.087E+01 16 1.924E-03 1.089E+00 17 8.142E-06 6.531E+01 18 3.536E-02 2.641E+00
21 2.932E-03 5.520E+00 22 8.165E-04 1.233E+01 24 8.341E-04 6.211E-01 25 4.787E-03 3.427E-01 26 2.577E-03 9.206E-01
27 6.437E-04 9.594E-01
 20  21
 3 3.985E-06 5.060E+01  5 3.803E-05 6.867E+01  6 1.995E-05 4.003E+01  7 1.881E-04 5.491E+00  8 1.755E-04 8.547E+00
 9 3.661E-03 2.851E+00 10 1.424E-06 6.870E+01 11 1.207E-05 2.724E+01 12 1.369E-05 2.010E+01 13 1.816E-06 7.382E+01
14 7.677E-04 2.385E+01 15 3.238E-06 1.000E+02 16 1.875E-03 1.002E+00 17 1.713E-05 5.486E+01 18 1.844E-02 2.617E+00
21 2.784E-03 5.204E+00 22 9.104E-04 1.178E+01 24 9.938E-04 5.468E-01 25 4.439E-03 3.281E-01 26 2.464E-03 8.194E-01
27 7.132E-04 1.371E+00
 21  21
 3 1.492E-06 5.855E+01  5 5.065E-07 1.000E+02  6 8.991E-06 5.022E+01  7 2.295E-04 5.658E+00  8 1.470E-04 1.073E+01
 9 5.244E-03 4.136E+00 10 8.600E-07 1.000E+02 11 2.585E-05 2.885E+01 12 8.246E-06 2.217E+01 13 7.587E-07 7.241E+01
14 5.250E-04 2.509E+01 15 9.050E-06 8.498E+01 16 1.613E-03 8.540E-01 17 1.341E-05 4.733E+01 18 1.102E-02 3.852E+00
21 3.291E-03 5.623E+00 22 1.004E-03 9.804E+00 24 2.238E-03 3.345E-01 25 2.033E-03 5.867E-01 26 2.200E-03 6.817E-01
27 1.091E-03 1.197E+00
 22  21
 3 5.214E-06 7.575E+01  5 2.086E-07 1.000E+02  6 2.650E-05 4.681E+01  7 2.619E-04 4.859E+00  8 2.108E-04 1.028E+01
 9 5.581E-03 2.643E+00 10 8.792E-09 1.000E+02 11 1.484E-05 4.106E+01 12 1.094E-05 1.787E+01 13 9.207E-07 5.436E+01
14 6.807E-04 2.719E+01 15 6.407E-07 7.735E+01 16 1.580E-03 9.212E-01 17 6.205E-06 7.236E+01 18 8.574E-03 4.372E+00
21 3.877E-03 6.568E+00 22 9.466E-04 8.389E+00 24 2.413E-03 2.917E-01 25 1.727E-03 6.238E-01 26 2.140E-03 6.650E-01
27 1.160E-03 1.384E+00
 23  20
 3 1.410E-06 9.614E+01  5 5.875E-05 5.508E+01  6 2.556E-05 4.557E+01  7 2.752E-04 6.909E+00  8 2.038E-04 1.021E+01
 9 6.230E-03 2.682E+00 11 2.346E-05 4.619E+01 12 9.854E-06 1.805E+01 13 6.766E-07 6.425E+01 14 7.852E-04 2.715E+01
15 9.659E-06 5.742E+01 16 1.551E-03 9.771E-01 17 2.703E-06 5.011E+01 18 6.875E-03 5.050E+00 21 3.881E-03 5.089E+00
22 1.216E-03 7.198E+00 24 2.525E-03 3.168E-01 25 1.497E-03 7.565E-01 26 2.099E-03 8.520E-01 27 1.205E-03 1.209E+00
 24  21
 3 8.447E-07 1.000E+02  5 3.923E-06 6.049E+01  6 3.982E-05 2.653E+01  7 3.169E-04 5.870E+00  8 2.361E-04 7.340E+00
 9 7.700E-03 2.935E+00 10 4.699E-06 5.665E+01 11 1.983E-05 3.032E+01 12 8.855E-06 1.797E+01 13 3.854E-07 4.921E+01
14 1.202E-03 2.532E+01 15 6.497E-06 5.366E+01 16 1.515E-03 9.560E-01 17 1.188E-05 4.693E+01 18 5.998E-03 5.462E+00
21 4.863E-03 3.876E+00 22 1.225E-03 7.704E+00 24 2.629E-03 2.891E-01 25 1.286E-03 8.021E-01 26 2.032E-03 7.800E-01
27 1.262E-03 1.520E+00
 25  21
 3 4.389E-06 5.996E+01  5 2.863E-05 1.000E+02  6 3.167E-05 3.376E+01  7 3.300E-04 3.949E+00  8 2.876E-04 7.184E+00
 9 8.188E-03 1.869E+00 10 2.934E-06 7.006E+01 11 1.796E-05 2.930E+01 12 1.269E-05 2.164E+01 13 1.693E-06 5.098E+01
14 1.472E-03 1.568E+01 15 4.480E-05 5.364E+01 16 1.528E-03 1.083E+00 17 6.398E-06 7.188E+01 18 5.687E-03 5.824E+00
21 5.759E-03 4.343E+00 22 1.716E-03 9.553E+00 24 2.718E-03 3.238E-01 25 1.154E-03 8.191E-01 26 1.994E-03 6.972E-01
27 1.297E-03 1.090E+00
 26  21
 3 2.040E-06 6.925E+01  5 7.556E-05 6.055E+01  6 1.594E-05 2.881E+01  7 3.611E-04 5.148E+00  8 3.116E-04 1.085E+01
 9 8.477E-03 2.062E+00 10 1.707E-06 9.034E+01 11 2.791E-05 3.679E+01 12 1.807E-05 1.881E+01 13 8.894E-07 4.791E+01
14 1.293E-03 1.610E+01 15 3.434E-06 6.427E+01 16 1.515E-03 1.172E+00 17 5.152E-06 7.048E+01 18 4.655E-03 4.724E+00
21 5.751E-03 4.613E+00 22 1.775E-03 9.790E+00 24 2.776E-03 3.151E-01 25 1.025E-03 7.982E-01 26 1.943E-03 7.894E-01
27 1.310E-03 1.116E+00
 27  21
 3 2.958E-06 5.278E+01  5 3.510E-05 5.476E+01  6 1.698E-05 3.458E+01  7 4.051E-04 4.313E+00  8 3.244E-04 1.150E+01
 9 9.092E-03 1.899E+00 10 1.576E-06 7.471E+01 11 3.465E-05 2.694E+01 12 1.493E-05 2.420E+01 13 1.019E-06 5.787E+01
14 1.551E-03 2.120E+01 15 6.474E-06 9.679E+01 16 1.489E-03 8.714E-01 17 7.204E-06 6.207E+01 18 4.083E-03 6.904E+00
21 6.868E-03 3.532E+00 22 1.851E-03 6.173E+00 24 2.838E-03 3.024E-01 25 8.807E-04 6.656E-01 26 1.900E-03 7.389E-01
27 1.331E-03 1.280E+00
 28  22
 1 3.178E-05 1.000E+02  3 3.649E-06 4.633E+01  5 3.318E-05 7.019E+01  6 2.129E-05 3.248E+01  7 4.239E-04 4.736E+00
 8 3.588E-04 8.185E+00  9 8.860E-03 3.036E+00 10 4.818E-06 8.203E+01 11 3.074E-05 3.480E+01 12 1.765E-05 2.417E+01
13 1.523E-06 4.240E+01 14 1.485E-03 2.239E+01 15 1.884E-05 3.827E+01 16 1.470E-03 9.600E-01 17 8.113E-06 6.339E+01
18 3.556E-03 6.585E+00 21 7.708E-03 3.620E+00 22 2.156E-03 4.872E+00 24 2.906E-03 3.316E-01 25 7.884E-04 9.815E-01
26 1.865E-03 6.195E-01 27 1.358E-03 9.204E-01
 29  22
 3 2.413E-06 6.943E+01  5 2.712E-05 7.310E+01  6 3.808E-05 3.236E+01  7 5.324E-04 4.392E+00  8 3.805E-04 6.328E+00
 9 8.899E-03 2.017E+00 10 1.310E-06 6.930E+01 11 2.769E-05 2.637E+01 12 1.608E-05 1.196E+01 13 3.377E-06 4.743E+01
14 1.629E-03 1.814E+01 15 1.308E-05 5.160E+01 16 1.499E-03 9.451E-01 17 6.628E-06 4.970E+01 18 2.880E-03 8.030E+00
19 1.170E-05 1.000E+02 21 9.580E-03 3.251E+00 22 2.521E-03 7.145E+00 24 2.947E-03 2.819E-01 25 7.008E-04 9.540E-01
26 1.853E-03 8.763E-01 27 1.392E-03 1.420E+00
 30  22
 1 1.002E-06 1.000E+02  3 6.019E-06 6.399E+01  5 1.142E-04 4.587E+01  6 2.696E-05 2.099E+01  7 5.937E-04 3.042E+00
 8 4.975E-04 6.030E+00  9 8.067E-03 2.383E+00 10 1.268E-06 6.885E+01 11 4.031E-05 2.347E+01 12 1.588E-05 1.589E+01
13 1.780E-06 4.333E+01 14 2.543E-03 1.507E+01 15 2.580E-05 5.703E+01 16 1.463E-03 1.166E+00 17 1.702E-05 4.603E+01
18 2.755E-03 6.179E+00 21 1.567E-02 4.290E+00 22 2.645E-03 5.779E+00 24 2.981E-03 2.919E-01 25 6.290E-04 9.071E-01
26 1.834E-03 9.998E-01 27 1.417E-03 1.323E+00
 31  22
 1 1.856E-05 9.424E+01  3 2.459E-06 5.782E+01  5 2.402E-05 5.936E+01  6 2.889E-05 3.179E+01  7 6.606E-04 3.221E+00
 8 5.584E-04 5.528E+00  9 7.774E-03 2.449E+00 10 7.443E-06 4.711E+01 11 4.590E-05 2.002E+01 12 2.135E-05 1.578E+01
13 2.865E-06 3.784E+01 14 2.575E-03 1.900E+01 15 1.007E-05 4.695E+01 16 1.449E-03 1.386E+00 17 2.577E-05 3.760E+01
18 2.412E-03 8.076E+00 21 2.069E-02 3.583E+00 22 2.676E-03 6.809E+00 24 3.027E-03 2.984E-01 25 5.627E-04 1.325E+00
26 1.825E-03 8.882E-01 27 1.448E-03 9.096E-01
 32  22
 3 3.356E-06 4.716E+01  5 8.957E-05 7.553E+01  6 3.811E-05 2.006E+01  7 7.357E-04 3.507E+00  8 5.447E-04 5.622E+00
 9 6.801E-03 2.225E+00 10 2.969E-06 4.375E+01 11 4.626E-05 2.037E+01 12 2.601E-05 1.013E+01 13 1.627E-06 3.951E+01
14 1.836E-03 1.782E+01 15 2.317E-05 5.154E+01 16 1.432E-03 9.087E-01 17 1.258E-05 3.996E+01 18 2.079E-03 1.285E+01
21 2.314E-02 3.144E+00 22 3.387E-03 4.734E+00 23 5.958E-08 1.000E+02 24 3.039E-03 3.219E-01 25 5.011E-04 9.423E-01
26 1.803E-03 8.580E-01 27 1.446E-03 1.070E+00
 33  22
 1 2.121E-05 9.236E+01  3 2.466E-06 4.607E+01  5 1.360E-04 4.919E+01  6 4.350E-05 3.586E+01  7 7.419E-04 2.976E+00
 8 6.240E-04 7.461E+00  9 7.158E-03 2.523E+00 10 4.391E-06 4.940E+01 11 5.562E-05 1.453E+01 12 2.925E-05 1.396E+01
13 1.467E-06 5.795E+01 14 2.366E-03 1.920E+01 15 3.747E-05 3.423E+01 16 1.436E-03 1.671E+00 17 3.030E-05 4.841E+01
18 2.235E-03 1.065E+01 21 2.306E-02 2.935E+00 22 3.696E-03 6.087E+00 24 3.087E-03 3.232E-01 25 4.456E-04 1.024E+00
26 1.803E-03 6.813E-01 27 1.493E-03 1.079E+00
 34  21
 3 1.642E-05 4.247E+01  5 1.106E-04 5.686E+01  6 7.421E-05 1.975E+01  7 8.355E-04 4.904E+00  8 7.434E-04 5.358E+00
 9 6.791E-03 1.624E+00 10 3.771E-06 4.786E+01 11 6.045E-05 1.903E+01 12 3.617E-05 1.324E+01 13 2.016E-06 6.728E+01
14 2.540E-03 1.093E+01 15 1.595E-05 4.001E+01 16 1.418E-03 1.328E+00 17 2.240E-05 3.809E+01 18 1.846E-03 6.580E+00
21 2.277E-02 3.007E+00 22 3.620E-03 4.275E+00 24 3.099E-03 2.707E-01 25 4.060E-04 1.151E+00 26 1.783E-03 7.834E-01
27 1.488E-03 1.077E+00
 35  22
 3 8.863E-06 3.493E+01  5 1.831E-04 4.255E+01  6 6.092E-05 2.558E+01  7 9.558E-04 2.824E+00  8 7.435E-04 5.644E+00
 9 6.806E-03 2.769E+00 10 4.095E-06 5.190E+01 11 7.101E-05 1.125E+01 12 4.042E-05 9.928E+00 13 2.496E-06 3.108E+01
14 3.332E-03 1.368E+01 15 4.469E-05 3.468E+01 16 1.437E-03 1.485E+00 17 4.053E-05 4.248E+01 18 1.441E-03 1.148E+01
21 2.253E-02 2.279E+00 22 4.298E-03 5.028E+00 23 1.154E-07 7.412E+01 24 3.106E-03 2.609E-01 25 3.641E-04 1.479E+00
26 1.777E-03 7.560E-01 27 1.489E-03 9.229E-01
 36  23
 1 2.133E-06 1.000E+02  3 7.013E-06 6.168E+01  5 2.642E-04 3.938E+01  6 4.644E-05 2.128E+01  7 1.076E-03 2.617E+00
 8 9.241E-04 4.640E+00  9 6.880E-03 2.425E+00 10 4.054E-06 5.532E+01 11 7.213E-05 1.445E+01 12 4.354E-05 1.302E+01
13 5.620E-06 4.325E+01 14 3.907E-03 1.228E+01 15 3.758E-05 3.676E+01 16 1.422E-03 8.410E-01 17 2.838E-05 3.933E+01
18 1.423E-03 8.928E+00 21 2.272E-02 1.869E+00 22 4.488E-03 4.007E+00 23 3.126E-08 1.000E+02 24 3.145E-03 3.054E-01
25 3.342E-04 1.364E+00 26 1.804E-03 7.812E-01 27 1.522E-03 1.100E+00
 37  22
 1 8.172E-05 5.907E+01  3 5.514E-06 5.746E+01  5 1.239E-04 4.187E+01  6 6.894E-05 1.849E+01  7 1.178E-03 2.186E+00
 8 9.964E-04 4.748E+00  9 6.748E-03 2.931E+00 10 2.917E-06 5.738E+01 11 9.967E-05 1.647E+01 12 4.535E-05 1.064E+01
13 2.383E-06 4.885E+01 14 4.756E-03 1.293E+01 15 3.243E-05 3.337E+01 16 1.366E-03 1.335E+00 17 3.041E-05 4.258E+01
18 1.269E-03 1.039E+01 21 2.327E-02 2.637E+00 22 5.109E-03 4.574E+00 24 3.160E-03 3.372E-01 25 2.813E-04 1.868E+00
26 1.774E-03 9.648E-01 27 1.539E-03 1.356E+00
 38  24
 1 6.529E-06 5.412E+01  3 7.214E-06 6.294E+01  5 6.280E-05 4.900E+01  6 6.183E-05 2.070E+01  7 1.284E-03 2.709E+00
 8 1.135E-03 5.842E+00  9 6.664E-03 2.418E+00 10 1.153E-06 7.454E+01 11 9.529E-05 1.747E+01 12 5.645E-05 1.309E+01
13 1.962E-06 4.398E+01 14 4.912E-03 1.281E+01 15 3.866E-05 5.139E+01 16 1.406E-03 1.478E+00 17 3.272E-05 3.150E+01
18 7.573E-04 1.226E+01 19 9.080E-08 1.000E+02 21 2.399E-02 2.598E+00 22 6.117E-03 4.067E+00 23 1.551E-08 1.000E+02
24 3.197E-03 3.318E-01 25 2.615E-04 1.472E+00 26 1.816E-03 7.625E-01 27 1.574E-03 1.226E+00
 39  22
 1 6.205E-05 9.110E+01  3 9.336E-06 4.730E+01  5 3.825E-04 3.599E+01  6 1.007E-04 1.819E+01  7 1.453E-03 2.858E+00
 8 1.182E-03 5.072E+00  9 7.009E-03 2.357E+00 10 5.383E-06 5.710E+01 11 9.969E-05 1.594E+01 12 5.658E-05 8.823E+00
13 5.649E-06 3.430E+01 14 4.789E-03 7.115E+00 15 6.138E-05 2.885E+01 16 1.418E-03 1.225E+00 17 3.307E-05 2.806E+01
18 1.012E-03 1.292E+01 21 2.274E-02 2.756E+00 22 5.947E-03 3.659E+00 24 3.188E-03 3.196E-01 25 2.395E-04 1.613E+00
26 1.794E-03 7.819E-01 27 1.579E-03 7.717E-01
 40  22
 1 3.595E-05 6.347E+01  3 7.831E-06 5.019E+01  5 2.636E-04 4.451E+01  6 1.196E-04 1.756E+01  7 1.494E-03 2.145E+00
 8 1.231E-03 5.740E+00  9 6.720E-03 2.530E+00 10 6.115E-06 3.886E+01 11 1.003E-04 1.720E+01 12 5.197E-05 1.024E+01
13 5.643E-06 3.159E+01 14 5.531E-03 8.367E+00 15 8.100E-05 3.124E+01 16 1.426E-03 1.026E+00 17 8.349E-05 2.095E+01
18 6.167E-04 1.515E+01 21 2.189E-02 3.338E+00 22 7.335E-03 4.305E+00 24 3.210E-03 3.871E-01 25 2.119E-04 1.990E+00
26 1.814E-03 1.051E+00 27 1.600E-03 1.752E+00
 41  22
 1 1.674E-05 7.601E+01  3 6.224E-06 3.207E+01  5 5.957E-04 3.187E+01  6 1.129E-04 1.530E+01  7 1.752E-03 2.056E+00
 8 1.491E-03 4.994E+00  9 6.474E-03 2.342E+00 10 7.209E-06 4.372E+01 11 1.051E-04 1.040E+01 12 6.163E-05 9.499E+00
13 3.903E-06 3.649E+01 14 6.389E-03 1.143E+01 15 5.100E-05 3.473E+01 16 1.411E-03 1.247E+00 17 5.384E-05 2.241E+01
18 8.049E-04 1.062E+01 21 2.181E-02 2.895E+00 22 7.806E-03 4.109E+00 24 3.218E-03 3.068E-01 25 1.856E-04 1.940E+00
26 1.806E-03 9.428E-01 27 1.619E-03 1.298E+00
 42  23
 1 4.248E-06 8.202E+01  3 1.086E-05 4.017E+01  5 2.263E-04 3.794E+01  6 1.228E-04 1.702E+01  7 1.963E-03 2.148E+00
 8 1.587E-03 3.494E+00  9 6.895E-03 2.442E+00 10 1.336E-05 3.406E+01 11 1.397E-04 1.384E+01 12 8.085E-05 8.283E+00
13 4.444E-06 2.767E+01 14 6.887E-03 1.230E+01 15 7.254E-05 3.086E+01 16 1.395E-03 1.151E+00 17 7.057E-05 1.673E+01
18 8.638E-04 1.040E+01 21 2.097E-02 2.866E+00 22 8.740E-03 4.219E+00 23 5.791E-09 1.000E+02 24 3.245E-03 3.456E-01
25 1.778E-04 2.218E+00 26 1.843E-03 6.315E-01 27 1.654E-03 9.382E-01
 43  24
 1 9.731E-05 6.319E+01  3 1.016E-05 7.041E+01  5 2.407E-04 4.052E+01  6 1.761E-04 1.242E+01  7 2.193E-03 1.678E+00
 8 1.797E-03 2.908E+00  9 6.762E-03 2.786E+00 10 6.090E-06 4.086E+01 11 1.475E-04 1.393E+01 12 9.110E-05 7.467E+00
13 5.683E-06 2.148E+01 14 7.155E-03 9.929E+00 15 1.313E-04 2.046E+01 16 1.391E-03 9.718E-01 17 6.684E-05 2.563E+01
18 7.803E-04 1.139E+01 19 1.469E-05 1.000E+02 21 1.606E-02 2.808E+00 22 9.936E-03 3.403E+00 23 6.548E-09 1.000E+02
24 3.252E-03 2.793E-01 25 1.546E-04 2.383E+00 26 1.845E-03 7.937E-01 27 1.672E-03 1.065E+00
 44  24
 1 1.227E-04 5.998E+01  3 8.444E-06 4.665E+01  5 3.782E-04 3.004E+01  6 1.319E-04 1.294E+01  7 2.375E-03 1.877E+00
 8 2.032E-03 3.298E+00  9 6.822E-03 2.441E+00 10 1.062E-05 4.189E+01 11 1.626E-04 8.711E+00 12 8.354E-05 8.317E+00
13 7.503E-06 2.389E+01 14 8.764E-03 1.130E+01 15 1.019E-04 2.731E+01 16 1.377E-03 9.619E-01 17 7.619E-05 3.077E+01
18 6.169E-04 1.718E+01 20 2.948E-06 1.000E+02 21 9.133E-03 2.708E+00 22 1.143E-02 2.985E+00 23 5.494E-08 1.000E+02
24 3.249E-03 3.158E-01 25 1.422E-04 2.788E+00 26 1.875E-03 8.900E-01 27 1.684E-03 1.241E+00
 45  22
 1 5.213E-05 5.531E+01  3 8.683E-06 3.573E+01  5 3.631E-04 3.061E+01  6 1.538E-04 1.494E+01  7 2.677E-03 1.479E+00
 8 2.237E-03 3.816E+00  9 6.450E-03 3.678E+00 10 1.005E-05 2.960E+01 11 1.916E-04 1.003E+01 12 1.152E-04 6.465E+00
13 4.293E-06 4.161E+01 14 1.064E-02 8.391E+00 15 1.098E-04 1.946E+01 16 1.409E-03 8.911E-01 17 8.040E-05 1.609E+01
18 4.668E-04 1.849E+01 21 7.984E-03 3.858E+00 22 1.307E-02 2.553E+00 24 3.280E-03 2.945E-01 25 1.258E-04 2.598E+00
26 1.937E-03 7.046E-01 27 1.777E-03 9.317E-01
 46  24
 1 1.818E-05 8.194E+01  2 5.206E-07 1.000E+02  3 1.306E-05 3.266E+01  5 3.344E-04 2.054E+01  6 2.012E-04 1.053E+01
 7 3.031E-03 2.057E+00  8 2.630E-03 3.173E+00  9 6.611E-03 2.941E+00 10 4.929E-06 4.273E+01 11 1.872E-04 1.341E+01
12 1.193E-04 6.583E+00 13 4.642E-06 2.078E+01 14 9.427E-03 8.523E+00 15 1.877E-04 2.156E+01 16 1.376E-03 1.063E+00
17 9.127E-05 1.566E+01 18 4.753E-04 1.390E+01 21 6.920E-03 3.472E+00 22 2.071E-02 2.405E+00 23 4.978E-07 5.574E+01
24 3.282E-03 3.193E-01 25 1.209E-04 2.065E+00 26 1.984E-03 6.679E-01 27 1.840E-03 9.276E-01
 47  25
 1 1.087E-04 5.018E+01  2 7.355E-08 1.000E+02  3 1.147E-05 4.359E+01  5 5.782E-04 2.440E+01  6 2.129E-04 1.539E+01
 7 3.297E-03 1.761E+00  8 2.896E-03 3.104E+00  9 6.472E-03 2.440E+00 10 1.490E-05 3.028E+01 11 2.335E-04 9.882E+00
12 1.192E-04 8.106E+00 13 1.226E-05 1.965E+01 14 1.427E-02 8.938E+00 15 1.449E-04 2.038E+01 16 1.387E-03 1.156E+00
17 1.036E-04 1.694E+01 18 3.857E-04 2.183E+01 19 1.694E-07 1.000E+02 21 6.432E-03 4.597E+00 22 3.000E-02 2.153E+00
23 2.966E-07 1.000E+02 24 3.291E-03 2.839E-01 25 9.907E-05 2.971E+00 26 2.015E-03 5.502E-01 27 1.882E-03 9.266E-01
 48  24
 1 9.790E-05 4.001E+01  3 8.116E-06 4.056E+01  5 7.231E-04 2.918E+01  6 2.216E-04 1.078E+01  7 3.640E-03 1.411E+00
 8 3.245E-03 3.712E+00  9 6.479E-03 2.873E+00 10 1.291E-05 4.067E+01 11 2.460E-04 7.128E+00 12 1.302E-04 7.380E+00
13 1.098E-05 2.274E+01 14 2.289E-02 7.906E+00 15 1.842E-04 1.796E+01 16 1.393E-03 1.165E+00 17 8.022E-05 1.352E+01
18 5.397E-04 2.045E+01 19 2.956E-06 1.000E+02 21 5.492E-03 5.072E+00 22 3.469E-02 2.192E+00 23 1.170E-08 1.000E+02
24 3.314E-03 2.872E-01 25 9.280E-05 2.732E+00 26 2.136E-03 7.855E-01 27 2.037E-03 7.404E-01
 49  24
 1 1.312E-04 5.334E+01  3 1.623E-05 4.132E+01  5 5.223E-04 2.151E+01  6 2.204E-04 1.410E+01  7 3.856E-03 1.622E+00
 8 3.791E-03 4.195E+00  9 6.213E-03 3.012E+00 10 2.339E-05 2.589E+01 11 2.661E-04 7.318E+00 12 1.503E-04 5.157E+00
13 1.073E-05 1.927E+01 14 2.123E-02 5.677E+00 15 1.840E-04 1.942E+01 16 1.397E-03 1.018E+00 17 1.755E-04 1.375E+01
18 4.419E-04 1.888E+01 20 9.929E-06 1.000E+02 21 4.485E-03 3.318E+00 22 3.235E-02 2.074E+00 23 1.975E-07 7.316E+01
24 3.363E-03 3.000E-01 25 8.729E-05 3.392E+00 26 2.893E-03 7.168E-01 27 3.102E-03 8.839E-01
 50  23
 1 2.324E-05 5.689E+01  3 5.210E-06 6.163E+01  5 6.538E-04 2.386E+01  6 2.606E-04 1.166E+01  7 4.392E-03 1.685E+00
 8 6.076E-03 2.150E+00  9 6.074E-03 2.360E+00 10 1.852E-05 2.938E+01 11 3.007E-04 1.093E+01 12 1.692E-04 6.115E+00
13 1.066E-05 2.505E+01 14 2.704E-02 5.814E+00 15 1.292E-04 1.695E+01 16 1.344E-03 1.277E+00 17 1.002E-04 1.379E+01
18 2.289E-04 2.268E+01 21 4.372E-03 6.122E+00 22 2.914E-02 2.543E+00 23 8.922E-08 1.000E+02 24 3.371E-03 3.373E-01
25 6.829E-05 2.481E+00 26 2.966E-03 6.207E-01 27 3.216E-03 6.142E-01
 51  24
 1 1.344E-04 4.361E+01  2 2.560E-07 1.000E+02  3 1.261E-05 3.151E+01  5 5.440E-04 3.961E+01  6 2.655E-04 1.040E+01
 7 4.937E-03 1.735E+00  8 6.593E-03 1.776E+00  9 6.238E-03 2.055E+00 10 1.210E-05 2.897E+01 11 2.804E-04 8.675E+00
12 1.983E-04 4.669E+00 13 1.568E-05 1.922E+01 14 2.645E-02 4.447E+00 15 2.010E-04 1.500E+01 16 1.361E-03 8.903E-01
17 1.487E-04 1.274E+01 18 1.607E-04 2.095E+01 21 3.799E-03 4.697E+00 22 1.998E-02 2.453E+00 23 2.548E-07 9.733E+01
24 3.379E-03 3.705E-01 25 6.563E-05 3.345E+00 26 3.027E-03 7.254E-01 27 3.277E-03 7.662E-01
 52  24
 1 1.606E-04 6.896E+01  2 3.161E-08 1.000E+02  3 3.013E-06 4.658E+01  5 5.690E-04 2.749E+01  6 4.123E-04 9.973E+00
 7 5.561E-03 1.588E+00  8 6.712E-03 1.813E+00  9 6.215E-03 2.899E+00 10 3.456E-05 3.115E+01 11 3.771E-04 7.213E+00
12 1.861E-04 4.711E+00 13 1.219E-05 1.523E+01 14 2.333E-02 3.894E+00 15 2.013E-04 1.721E+01 16 1.364E-03 8.418E-01
17 2.322E-04 1.140E+01 18 2.395E-04 2.631E+01 21 3.400E-03 6.097E+00 22 1.215E-02 2.525E+00 23 2.787E-07 8.942E+01
24 3.367E-03 3.003E-01 25 5.797E-05 3.162E+00 26 3.049E-03 6.853E-01 27 3.314E-03 8.131E-01
 53  23
 1 4.455E-05 7.750E+01  3 1.767E-05 3.370E+01  5 7.238E-04 2.682E+01  6 3.561E-04 1.239E+01  7 6.086E-03 1.309E+00
 8 6.855E-03 2.076E+00  9 6.007E-03 3.357E+00 10 2.795E-05 3.156E+01 11 3.988E-04 6.664E+00 12 2.406E-04 4.599E+00
13 1.312E-05 1.542E+01 14 2.036E-02 7.663E+00 15 2.356E-04 1.864E+01 16 1.347E-03 1.143E+00 17 2.368E-04 1.372E+01
18 3.032E-04 2.074E+01 21 2.972E-03 5.347E+00 22 1.050E-02 4.489E+00 23 2.150E-07 1.000E+02 24 3.374E-03 3.382E-01
25 5.482E-05 4.091E+00 26 3.051E-03 6.058E-01 27 3.317E-03 8.529E-01
 54  23
 1 1.203E-04 4.332E+01  3 1.356E-05 3.722E+01  5 6.857E-04 2.481E+01  6 3.759E-04 7.631E+00  7 7.209E-03 1.059E+00
 8 7.245E-03 2.026E+00  9 6.308E-03 1.862E+00 10 1.683E-05 2.066E+01 11 4.259E-04 6.275E+00 12 2.603E-04 3.954E+00
13 1.855E-05 1.613E+01 14 1.386E-02 6.556E+00 15 2.924E-04 1.412E+01 16 1.337E-03 1.183E+00 17 2.103E-04 1.255E+01
18 2.543E-04 1.304E+01 21 2.910E-03 6.281E+00 22 9.877E-03 3.385E+00 23 2.057E-07 1.000E+02 24 3.396E-03 3.817E-01
25 4.816E-05 2.116E+00 26 3.122E-03 7.962E-01 27 3.377E-03 9.293E-01
 55  24
 1 1.153E-04 4.221E+01  3 2.471E-05 4.221E+01  5 7.569E-04 2.006E+01  6 4.671E-04 8.095E+00  7 1.194E-02 1.151E+00
 8 7.890E-03 1.679E+00  9 6.114E-03 2.330E+00 10 4.564E-05 3.339E+01 11 5.000E-04 6.875E+00 12 2.891E-04 5.710E+00
13 2.940E-05 1.233E+01 14 1.136E-02 5.852E+00 15 2.366E-04 1.614E+01 16 1.379E-03 1.228E+00 17 2.300E-04 9.517E+00
18 1.434E-04 3.099E+01 19 2.004E-05 8.981E+01 21 2.370E-03 5.890E+00 22 7.935E-03 3.290E+00 23 1.149E-08 1.000E+02
24 3.399E-03 3.221E-01 25 4.233E-05 3.969E+00 26 3.119E-03 6.596E-01 27 3.384E-03 7.431E-01
 56  24
 1 1.737E-04 4.055E+01  2 3.927E-08 1.000E+02  3 2.941E-05 3.218E+01  5 1.504E-03 2.179E+01  6 5.365E-04 9.136E+00
 7 1.271E-02 1.145E+00  8 7.896E-03 2.355E+00  9 5.837E-03 2.577E+00 10 2.278E-05 2.390E+01 11 6.061E-04 6.939E+00
12 3.231E-04 3.611E+00 13 3.322E-05 1.421E+01 14 7.409E-03 9.874E+00 15 2.600E-04 2.227E+01 16 1.341E-03 1.277E+00
17 2.924E-04 1.019E+01 18 1.528E-04 2.414E+01 21 2.336E-03 4.883E+00 22 7.472E-03 3.306E+00 23 9.751E-08 8.885E+01
24 3.383E-03 3.170E-01 25 4.017E-05 4.298E+00 26 3.090E-03 6.582E-01 27 3.339E-03 8.535E-01
 57  23
 1 8.682E-05 4.171E+01  3 1.731E-05 3.282E+01  5 1.014E-03 1.548E+01  6 5.445E-04 6.598E+00  7 1.358E-02 7.762E-01
 8 8.201E-03 2.343E+00  9 5.659E-03 2.557E+00 10 2.973E-05 2.127E+01 11 5.467E-04 6.799E+00 12 3.705E-04 4.174E+00
13 3.026E-05 1.334E+01 14 7.611E-03 9.368E+00 15 2.198E-04 1.412E+01 16 1.336E-03 1.250E+00 17 2.313E-04 1.526E+01
18 1.770E-04 2.472E+01 21 1.931E-03 6.572E+00 22 7.169E-03 4.252E+00 23 4.683E-09 1.000E+02 24 3.405E-03 2.813E-01
25 3.279E-05 4.809E+00 26 3.121E-03 6.562E-01 27 3.405E-03 7.450E-01
 58  23
 1 5.568E-05 4.774E+01  3 1.946E-05 4.000E+01  5 1.454E-03 1.874E+01  6 5.782E-04 7.180E+00  7 1.409E-02 6.635E-01
 8 8.597E-03 2.138E+00  9 6.089E-03 2.379E+00 10 2.593E-05 1.755E+01 11 6.974E-04 8.287E+00 12 4.221E-04 3.289E+00
13 3.175E-05 1.726E+01 14 6.886E-03 8.875E+00 15 2.934E-04 1.155E+01 16 1.378E-03 1.459E+00 17 2.584E-04 1.570E+01
18 1.667E-04 2.742E+01 21 1.675E-03 6.295E+00 22 6.202E-03 2.940E+00 23 5.854E-08 7.598E+01 24 3.396E-03 2.535E-01
25 3.208E-05 3.031E+00 26 3.115E-03 5.305E-01 27 3.361E-03 6.027E-01
 59  23
 1 1.137E-04 4.249E+01  3 8.972E-06 3.686E+01  5 1.817E-03 1.365E+01  6 6.860E-04 7.564E+00  7 1.422E-02 1.029E+00
 8 8.554E-03 1.554E+00  9 5.577E-03 3.058E+00 10 2.808E-05 1.376E+01 11 7.433E-04 4.884E+00 12 4.172E-04 3.228E+00
13 3.040E-05 9.514E+00 14 5.924E-03 9.765E+00 15 4.095E-04 1.319E+01 16 1.344E-03 1.008E+00 17 3.508E-04 9.627E+00
18 9.197E-05 3.002E+01 21 1.481E-03 6.705E+00 22 5.212E-03 4.712E+00 23 1.044E-08 1.000E+02 24 3.377E-03 2.804E-01
25 2.903E-05 5.807E+00 26 3.097E-03 4.946E-01 27 3.321E-03 6.339E-01
 60  24
 1 3.551E-04 3.632E+01  3 2.278E-05 2.620E+01  5 1.154E-03 2.078E+01  6 7.781E-04 7.439E+00  7 1.460E-02 1.234E+00
 8 9.179E-03 2.019E+00  9 5.406E-03 2.558E+00 10 5.036E-05 1.733E+01 11 8.934E-04 4.548E+00 12 4.802E-04 3.191E+00
13 3.754E-05 1.293E+01 14 5.365E-03 7.685E+00 15 4.765E-04 1.309E+01 16 1.373E-03 1.110E+00 17 3.847E-04 9.765E+00
18 1.369E-04 3.430E+01 19 3.903E-05 1.000E+02 21 1.248E-03 1.097E+01 22 5.150E-03 5.447E+00 23 3.640E-07 6.905E+01
24 3.411E-03 2.960E-01 25 2.460E-05 6.842E+00 26 3.068E-03 5.964E-01 27 3.277E-03 8.933E-01
 61  25
 1 1.440E-04 3.072E+01  3 1.029E-05 3.925E+01  5 2.001E-03 1.091E+01  6 8.724E-04 5.160E+00  7 1.464E-02 1.108E+00
 8 9.260E-03 2.228E+00  9 5.414E-03 2.447E+00 10 4.787E-05 1.962E+01 11 9.386E-04 4.496E+00 12 5.583E-04 2.954E+00
13 3.770E-05 1.096E+01 14 4.702E-03 1.060E+01 15 4.210E-04 1.267E+01 16 1.349E-03 1.232E+00 17 3.689E-04 1.068E+01
18 5.521E-05 3.930E+01 19 1.260E-06 1.000E+02 20 9.205E-06 1.000E+02 21 1.194E-03 1.038E+01 22 4.698E-03 3.939E+00
23 6.294E-08 9.772E+01 24 3.393E-03 3.449E-01 25 2.208E-05 5.946E+00 26 3.056E-03 7.856E-01 27 3.242E-03 9.394E-01
 62  24
 1 2.228E-04 1.947E+01  3 2.237E-05 2.378E+01  5 1.813E-03 1.468E+01  6 1.053E-03 5.685E+00  7 1.494E-02 7.851E-01
 8 9.793E-03 2.038E+00  9 5.274E-03 2.312E+00 10 6.188E-05 1.630E+01 11 1.107E-03 5.319E+00 12 6.180E-04 3.077E+00
13 4.501E-05 7.957E+00 14 4.740E-03 9.724E+00 15 5.743E-04 8.667E+00 16 1.362E-03 1.383E+00 17 4.524E-04 7.704E+00
18 1.141E-04 3.160E+01 19 1.166E-05 1.000E+02 21 1.203E-03 9.539E+00 22 3.615E-03 4.631E+00 23 2.789E-07 6.664E+01
24 3.410E-03 2.517E-01 25 2.074E-05 4.899E+00 26 3.041E-03 7.105E-01 27 3.200E-03 1.006E+00
 63  24
 1 1.080E-04 3.777E+01  3 2.816E-05 2.785E+01  5 1.845E-03 1.301E+01  6 1.069E-03 4.433E+00  7 1.494E-02 7.714E-01
 8 1.010E-02 1.341E+00  9 5.332E-03 2.654E+00 10 5.718E-05 1.980E+01 11 1.326E-03 4.913E+00 12 6.977E-04 2.844E+00
13 5.014E-05 1.026E+01 14 3.743E-03 1.074E+01 15 5.694E-04 8.811E+00 16 1.340E-03 1.093E+00 17 5.017E-04 1.020E+01
18 4.440E-05 3.836E+01 19 2.501E-05 7.121E+01 21 1.239E-03 1.023E+01 22 3.606E-03 5.457E+00 23 4.948E-07 4.788E+01
24 3.402E-03 3.299E-01 25 1.847E-05 4.769E+00 26 2.991E-03 5.876E-01 27 3.167E-03 8.163E-01
 64  24
 1 3.155E-04 2.140E+01  2 7.169E-07 1.000E+02  3 2.260E-05 3.289E+01  5 2.670E-03 1.133E+01  6 1.160E-03 6.448E+00
 7 1.512E-02 8.825E-01  8 1.039E-02 1.923E+00  9 5.274E-03 1.820E+00 10 1.016E-04 1.579E+01 11 1.526E-03 3.890E+00
12 7.707E-04 2.711E+00 13 5.876E-05 6.797E+00 14 3.586E-03 1.137E+01 15 7.063E-04 9.069E+00 16 1.362E-03 1.119E+00
17 5.860E-04 6.806E+00 18 6.034E-05 3.445E+01 21 9.713E-04 9.091E+00 22 3.064E-03 6.334E+00 23 1.671E-06 3.749E+01
24 3.406E-03 2.887E-01 25 1.913E-05 6.540E+00 26 2.862E-03 5.221E-01 27 2.979E-03 7.442E-01
 65  24
 1 2.893E-04 2.394E+01  3 3.102E-05 2.707E+01  5 2.761E-03 1.358E+01  6 1.302E-03 5.352E+00  7 1.579E-02 1.087E+00
 8 1.121E-02 1.644E+00  9 5.554E-03 3.589E+00 10 1.012E-04 1.287E+01 11 1.633E-03 3.512E+00 12 8.804E-04 2.875E+00
13 5.483E-05 8.442E+00 14 3.216E-03 1.499E+01 15 6.861E-04 1.098E+01 16 1.372E-03 1.328E+00 17 7.906E-04 8.321E+00
18 3.387E-05 3.842E+01 19 8.674E-06 7.837E+01 21 8.624E-04 1.187E+01 22 3.250E-03 6.846E+00 23 7.808E-07 3.768E+01
24 3.364E-03 3.614E-01 25 1.578E-05 7.650E+00 26 2.155E-03 8.723E-01 27 1.867E-03 1.121E+00
 66  25
 1 5.589E-04 2.743E+01  2 3.494E-08 1.000E+02  3 2.630E-05 2.085E+01  5 2.120E-03 1.151E+01  6 1.614E-03 3.053E+00
 7 1.568E-02 8.715E-01  8 1.172E-02 1.957E+00  9 4.871E-03 2.561E+00 10 8.530E-05 1.877E+01 11 1.733E-03 3.963E+00
12 9.477E-04 3.201E+00 13 7.234E-05 7.280E+00 14 2.922E-03 1.517E+01 15 7.838E-04 9.156E+00 16 1.380E-03 1.018E+00
17 7.333E-04 4.349E+00 18 9.620E-05 3.058E+01 19 8.205E-06 1.000E+02 21 7.618E-04 1.010E+01 22 2.999E-03 7.074E+00
23 6.891E-07 5.466E+01 24 3.355E-03 2.961E-01 25 1.401E-05 6.894E+00 26 2.078E-03 8.567E-01 27 1.742E-03 1.249E+00
 67  24
 1 5.857E-04 2.985E+01  3 3.777E-05 1.363E+01  5 3.535E-03 1.004E+01  6 1.763E-03 4.951E+00  7 1.514E-02 8.789E-01
 8 1.206E-02 1.524E+00  9 5.026E-03 2.790E+00 10 9.574E-05 1.541E+01 11 2.093E-03 4.511E+00 12 1.073E-03 2.177E+00
13 7.933E-05 8.836E+00 14 2.654E-03 1.730E+01 15 8.980E-04 9.087E+00 16 1.371E-03 1.445E+00 17 7.919E-04 8.056E+00
18 7.950E-05 3.009E+01 19 5.806E-07 1.000E+02 21 6.522E-04 1.270E+01 22 2.712E-03 6.379E+00 23 1.659E-07 9.105E+01
24 3.348E-03 2.914E-01 25 1.345E-05 7.161E+00 26 2.012E-03 7.468E-01 27 1.640E-03 1.057E+00
 68  24
 1 6.048E-04 2.345E+01  3 4.076E-05 2.561E+01  5 3.466E-03 7.800E+00  6 1.934E-03 3.898E+00  7 1.470E-02 9.067E-01
 8 1.308E-02 1.510E+00  9 4.605E-03 2.193E+00 10 1.196E-04 1.271E+01 11 2.189E-03 3.272E+00 12 1.205E-03 1.974E+00
13 7.992E-05 6.602E+00 14 2.480E-03 1.529E+01 15 1.107E-03 8.833E+00 16 1.367E-03 1.242E+00 17 9.688E-04 5.298E+00
18 5.191E-05 3.809E+01 19 3.672E-06 1.000E+02 21 6.125E-04 1.201E+01 22 2.028E-03 5.902E+00 23 6.682E-07 7.338E+01
24 3.342E-03 3.132E-01 25 1.152E-05 8.189E+00 26 1.945E-03 8.174E-01 27 1.559E-03 1.090E+00
 69  24
 1 6.345E-04 2.924E+01  3 3.241E-05 2.311E+01  5 4.364E-03 1.006E+01  6 2.153E-03 3.902E+00  7 1.356E-02 8.254E-01
 8 2.111E-02 1.119E+00  9 2.806E-03 3.460E+00 10 1.382E-04 1.172E+01 11 2.640E-03 3.323E+00 12 1.357E-03 2.149E+00
13 9.446E-05 9.003E+00 14 2.704E-03 1.055E+01 15 1.102E-03 6.935E+00 16 1.385E-03 1.495E+00 17 9.334E-04 6.743E+00
18 9.337E-05 4.268E+01 19 1.076E-06 1.000E+02 21 6.045E-04 9.847E+00 22 2.333E-03 5.226E+00 23 5.278E-07 4.311E+01
24 3.363E-03 3.026E-01 25 1.085E-05 8.155E+00 26 1.934E-03 1.055E+00 27 1.524E-03 1.202E+00
 70  25
 1 7.081E-04 1.796E+01  3 2.879E-05 2.079E+01  5 4.659E-03 1.144E+01  6 2.528E-03 4.622E+00  7 1.145E-02 8.337E-01
 8 1.964E-02 1.596E+00  9 2.320E-03 4.883E+00 10 1.090E-04 1.018E+01 11 2.994E-03 2.535E+00 12 1.542E-03 1.289E+00
13 9.683E-05 9.176E+00 14 2.349E-03 1.461E+01 15 1.238E-03 7.451E+00 16 1.366E-03 1.223E+00 17 1.251E-03 5.690E+00
18 9.496E-06 8.777E+01 19 2.956E-05 5.283E+01 20 4.932E-06 1.000E+02 21 5.077E-04 1.268E+01 22 1.807E-03 6.146E+00
23 1.236E-06 4.963E+01 24 3.352E-03 3.333E-01 25 1.140E-05 8.116E+00 26 1.904E-03 6.885E-01 27 1.478E-03 1.063E+00
 71  24
 1 5.158E-04 2.250E+01  3 6.850E-05 1.829E+01  5 4.436E-03 1.411E+01  6 2.690E-03 4.157E+00  7 1.021E-02 1.004E+00
 8 1.601E-02 1.055E+00  9 2.107E-03 3.769E+00 10 1.620E-04 1.361E+01 11 3.304E-03 1.932E+00 12 1.732E-03 1.794E+00
13 1.245E-04 4.821E+00 14 1.994E-03 1.968E+01 15 1.465E-03 6.828E+00 16 1.354E-03 1.042E+00 17 1.265E-03 5.993E+00
18 3.869E-05 5.101E+01 20 8.374E-06 1.000E+02 21 4.928E-04 1.183E+01 22 1.392E-03 8.302E+00 23 6.340E-07 3.492E+01
24 3.341E-03 3.043E-01 25 8.355E-06 1.133E+01 26 1.879E-03 7.053E-01 27 1.440E-03 1.184E+00
 72  25
 1 8.009E-04 2.392E+01  2 2.859E-07 1.000E+02  3 5.009E-05 1.748E+01  5 6.028E-03 1.178E+01  6 3.239E-03 4.072E+00
 7 9.390E-03 7.918E-01  8 1.618E-02 1.149E+00  9 1.863E-03 3.509E+00 10 1.528E-04 1.255E+01 11 3.726E-03 2.151E+00
12 1.922E-03 1.541E+00 13 1.100E-04 6.661E+00 14 1.601E-03 1.755E+01 15 1.319E-03 7.832E+00 16 1.363E-03 1.357E+00
17 1.503E-03 6.629E+00 18 1.863E-05 6.762E+01 19 2.737E-05 7.069E+01 21 4.001E-04 1.318E+01 22 1.554E-03 5.788E+00
23 2.149E-06 3.554E+01 24 3.330E-03 2.923E-01 25 8.094E-06 8.878E+00 26 1.854E-03 7.626E-01 27 1.392E-03 1.248E+00
 73  24
 1 6.096E-04 1.887E+01  3 5.917E-05 2.586E+01  5 6.423E-03 8.293E+00  6 3.567E-03 2.899E+00  7 9.732E-03 1.089E+00
 8 1.910E-02 1.545E+00  9 1.667E-03 4.209E+00 10 2.051E-04 9.357E+00 11 4.555E-03 2.179E+00 12 2.190E-03 1.104E+00
13 1.291E-04 7.199E+00 14 1.220E-03 2.031E+01 15 1.721E-03 8.262E+00 16 1.377E-03 1.213E+00 17 1.586E-03 5.908E+00
18 5.164E-05 5.027E+01 19 4.446E-05 6.312E+01 21 3.686E-04 1.744E+01 22 1.118E-03 6.478E+00 23 5.631E-07 4.614E+01
24 3.328E-03 2.885E-01 25 7.024E-06 5.115E+00 26 1.828E-03 7.855E-01 27 1.364E-03 1.301E+00
 74  24
 1 8.443E-04 1.354E+01  3 6.117E-05 1.975E+01  5 6.906E-03 7.722E+00  6 4.069E-03 3.107E+00  7 1.035E-02 8.259E-01
 8 2.017E-02 1.336E+00  9 1.406E-03 4.348E+00 10 1.929E-04 9.086E+00 11 4.984E-03 2.517E+00 12 2.517E-03 1.435E+00
13 1.670E-04 5.146E+00 14 9.765E-04 2.057E+01 15 1.763E-03 5.912E+00 16 1.335E-03 1.217E+00 17 1.820E-03 5.597E+00
18 5.362E-07 1.000E+02 19 6.828E-06 9.462E+01 21 4.047E-04 1.322E+01 22 1.268E-03 7.473E+00 23 5.994E-07 5.189E+01
24 3.336E-03 3.332E-01 25 7.577E-06 9.995E+00 26 1.826E-03 8.191E-01 27 1.331E-03 1.092E+00
 75  25
 1 7.792E-04 1.802E+01  3 5.335E-05 1.932E+01  5 8.063E-03 5.259E+00  6 5.158E-03 2.724E+00  7 5.960E-03 1.012E+00
 8 9.188E-03 1.633E+00  9 1.320E-03 5.912E+00 10 2.056E-04 1.137E+01 11 6.927E-03 1.586E+00 12 3.863E-03 1.524E+00
13 1.574E-04 7.088E+00 14 1.537E-03 1.346E+01 15 1.835E-03 6.817E+00 16 1.369E-03 1.204E+00 17 1.886E-03 4.115E+00
18 7.970E-05 5.139E+01 19 5.994E-05 4.199E+01 20 2.594E-06 1.000E+02 21 2.504E-04 1.906E+01 22 9.642E-04 8.271E+00
23 1.365E-06 4.069E+01 24 3.327E-03 2.864E-01 25 5.590E-06 1.129E+01 26 1.829E-03 7.840E-01 27 1.307E-03 1.085E+00
 76  25
 1 9.021E-04 1.926E+01  2 7.168E-07 9.040E+01  3 7.315E-05 1.912E+01  5 9.399E-03 8.741E+00  6 6.879E-03 2.456E+00
 7 5.281E-03 1.296E+00  8 8.172E-03 2.603E+00  9 1.202E-03 3.873E+00 10 2.271E-04 9.508E+00 11 9.698E-03 1.574E+00
12 4.421E-03 1.126E+00 13 1.988E-04 5.913E+00 14 1.243E-03 2.164E+01 15 2.395E-03 7.399E+00 16 1.378E-03 1.134E+00
17 2.281E-03 3.644E+00 18 1.827E-05 4.801E+01 19 2.206E-05 5.092E+01 21 2.676E-04 1.778E+01 22 1.046E-03 8.642E+00
23 4.163E-06 3.045E+01 24 3.348E-03 3.129E-01 25 5.218E-06 9.694E+00 26 1.818E-03 8.395E-01 27 1.279E-03 1.000E+00
 77  24
 1 1.376E-03 1.565E+01  3 7.546E-05 1.555E+01  5 1.824E-02 3.674E+00  6 8.026E-03 2.272E+00  7 4.696E-03 1.638E+00
 8 6.884E-03 2.255E+00  9 1.049E-03 5.360E+00 10 3.207E-04 8.883E+00 11 1.213E-02 1.341E+00 12 4.853E-03 1.042E+00
13 1.990E-04 5.385E+00 14 1.239E-03 2.513E+01 15 2.577E-03 6.083E+00 16 1.361E-03 7.808E-01 17 2.407E-03 3.905E+00
18 4.115E-05 6.418E+01 19 6.689E-06 6.696E+01 21 2.473E-04 1.487E+01 22 9.206E-04 1.019E+01 23 7.717E-07 3.348E+01
24 3.335E-03 2.756E-01 25 4.902E-06 1.207E+01 26 1.833E-03 7.018E-01 27 1.294E-03 1.134E+00
 78  24
 1 1.198E-03 1.819E+01  3 8.273E-05 1.831E+01  5 1.838E-02 6.293E+00  6 8.910E-03 2.701E+00  7 4.170E-03 9.961E-01
 8 5.939E-03 1.948E+00  9 1.003E-03 4.510E+00 10 2.868E-04 6.896E+00 11 1.473E-02 1.316E+00 12 5.307E-03 9.187E-01
13 2.322E-04 5.577E+00 14 8.527E-04 3.349E+01 15 2.917E-03 5.887E+00 16 1.381E-03 9.745E-01 17 3.023E-03 3.735E+00
18 3.713E-05 3.893E+01 19 4.324E-05 5.450E+01 21 1.694E-04 2.215E+01 22 7.663E-04 1.209E+01 23 2.762E-06 2.856E+01
24 3.348E-03 2.708E-01 25 4.160E-06 9.994E+00 26 1.866E-03 1.071E+00 27 1.324E-03 1.436E+00
 79  25
 1 1.542E-03 1.533E+01  3 7.489E-05 1.655E+01  5 1.839E-02 4.047E+00  6 9.381E-03 2.081E+00  7 3.694E-03 1.598E+00
 8 5.325E-03 2.494E+00  9 8.784E-04 5.460E+00 10 3.283E-04 1.041E+01 11 1.642E-02 1.055E+00 12 5.894E-03 9.274E-01
13 2.514E-04 5.352E+00 14 8.652E-04 2.841E+01 15 3.118E-03 4.244E+00 16 1.369E-03 1.111E+00 17 3.108E-03 3.837E+00
18 1.340E-05 6.453E+01 19 3.080E-05 6.079E+01 20 2.147E-05 7.293E+01 21 2.274E-04 1.820E+01 22 6.343E-04 1.253E+01
23 1.851E-06 2.385E+01 24 3.352E-03 2.874E-01 25 4.092E-06 9.894E+00 26 1.853E-03 8.146E-01 27 1.294E-03 1.178E+00
 80  26
 1 1.737E-03 1.238E+01  2 3.177E-07 7.835E+01  3 8.245E-05 1.477E+01  5 1.671E-02 4.559E+00  6 1.012E-02 2.015E+00
 7 3.456E-03 1.251E+00  8 5.023E-03 2.236E+00  9 7.233E-04 7.155E+00 10 3.341E-04 6.692E+00 11 1.774E-02 1.355E+00
12 6.377E-03 9.914E-01 13 2.679E-04 5.280E+00 14 8.533E-04 2.350E+01 15 3.631E-03 3.397E+00 16 1.364E-03 1.216E+00
17 3.509E-03 3.578E+00 18 1.263E-05 7.267E+01 19 1.062E-04 7.421E+01 20 1.906E-06 1.000E+02 21 1.738E-04 2.275E+01
22 5.603E-04 1.056E+01 23 3.653E-06 2.487E+01 24 3.351E-03 2.991E-01 25 3.281E-06 1.394E+01 26 1.857E-03 8.020E-01
27 1.277E-03 1.117E+00
 81  25
 1 1.533E-03 1.802E+01  3 1.219E-04 9.776E+00  5 1.952E-02 6.964E+00  6 1.042E-02 2.365E+00  7 3.063E-03 1.110E+00
 8 4.295E-03 2.853E+00  9 7.035E-04 6.195E+00 10 3.735E-04 5.690E+00 11 1.941E-02 1.853E+00 12 6.788E-03 9.818E-01
13 3.186E-04 4.799E+00 14 9.254E-04 3.406E+01 15 3.730E-03 4.374E+00 16 1.347E-03 9.992E-01 17 4.140E-03 3.485E+00
18 3.144E-05 5.454E+01 19 5.132E-05 7.680E+01 20 2.552E-06 8.484E+01 21 1.412E-04 2.097E+01 22 5.778E-04 1.319E+01
23 2.597E-06 3.650E+01 24 3.353E-03 3.961E-01 25 3.480E-06 1.727E+01 26 1.874E-03 1.036E+00 27 1.284E-03 1.493E+00
 82  25
 1 2.041E-03 1.620E+01  2 1.363E-06 7.728E+01  3 1.292E-04 1.199E+01  5 1.980E-02 6.251E+00  6 1.173E-02 2.012E+00
 7 2.693E-03 2.080E+00  8 3.853E-03 2.678E+00  9 6.104E-04 7.014E+00 10 4.337E-04 7.773E+00 11 2.096E-02 1.448E+00
12 7.313E-03 6.632E-01 13 3.307E-04 4.353E+00 14 4.707E-04 4.724E+01 15 4.045E-03 3.579E+00 16 1.348E-03 1.245E+00
17 4.557E-03 2.691E+00 19 1.017E-04 3.812E+01 20 3.271E-05 5.245E+01 21 1.278E-04 2.623E+01 22 4.013E-04 1.133E+01
23 5.074E-06 1.741E+01 24 3.350E-03 2.438E-01 25 3.196E-06 1.432E+01 26 1.858E-03 7.215E-01 27 1.233E-03 1.299E+00
 83  26
 1 2.238E-03 1.082E+01  2 7.614E-08 8.522E+01  3 1.278E-04 1.181E+01  5 2.023E-02 6.168E+00  6 1.204E-02 1.753E+00
 7 2.475E-03 2.175E+00  8 3.314E-03 3.104E+00  9 6.077E-04 8.337E+00 10 4.649E-04 5.992E+00 11 2.146E-02 1.640E+00
12 7.847E-03 9.662E-01 13 3.800E-04 3.188E+00 14 6.295E-04 3.320E+01 15 4.705E-03 3.897E+00 16 1.369E-03 1.521E+00
17 5.715E-03 3.006E+00 18 2.215E-05 6.829E+01 19 6.105E-05 4.227E+01 20 1.228E-06 1.000E+02 21 9.191E-05 2.536E+01
22 3.963E-04 1.354E+01 23 4.172E-06 2.080E+01 24 3.344E-03 3.469E-01 25 3.063E-06 1.049E+01 26 1.878E-03 9.678E-01
27 1.247E-03 1.542E+00
 84  26
 1 2.471E-03 8.784E+00  2 1.431E-07 9.640E+01  3 1.467E-04 1.115E+01  5 1.695E-02 4.192E+00  6 1.272E-02 1.550E+00
 7 2.270E-03 1.612E+00  8 3.063E-03 2.681E+00  9 5.022E-04 7.081E+00 10 5.160E-04 5.779E+00 11 2.258E-02 9.463E-01
12 8.294E-03 1.035E+00 13 4.199E-04 4.394E+00 14 4.726E-04 2.931E+01 15 4.935E-03 4.327E+00 16 1.369E-03 1.546E+00
17 7.409E-03 2.482E+00 18 6.329E-06 8.597E+01 19 9.323E-05 3.106E+01 20 1.015E-05 1.000E+02 21 8.777E-05 3.766E+01
22 4.262E-04 1.454E+01 23 3.392E-06 3.512E+01 24 3.356E-03 3.170E-01 25 2.618E-06 1.455E+01 26 1.915E-03 8.123E-01
27 1.256E-03 1.205E+00
 85  25
 1 2.747E-03 1.004E+01  3 1.492E-04 1.073E+01  5 1.685E-02 5.879E+00  6 1.301E-02 1.768E+00  7 1.965E-03 1.428E+00
 8 2.789E-03 3.414E+00  9 4.719E-04 7.485E+00 10 5.772E-04 5.598E+00 11 2.257E-02 1.532E+00 12 8.799E-03 8.270E-01
13 4.432E-04 3.999E+00 14 4.003E-04 2.867E+01 15 5.643E-03 2.829E+00 16 1.367E-03 8.818E-01 17 8.665E-03 1.992E+00
18 1.502E-05 7.000E+01 19 8.722E-05 4.250E+01 20 3.365E-07 1.000E+02 21 9.164E-05 2.593E+01 22 4.711E-04 1.450E+01
23 5.327E-06 2.503E+01 24 3.359E-03 2.959E-01 25 2.062E-06 1.503E+01 26 1.962E-03 9.351E-01 27 1.264E-03 1.423E+00
 86  25
 1 2.651E-03 1.067E+01  2 9.416E-08 1.000E+02  3 1.590E-04 1.093E+01  5 1.653E-02 5.359E+00  6 1.346E-02 1.666E+00
 7 1.796E-03 1.775E+00  8 2.580E-03 3.283E+00  9 4.124E-04 1.127E+01 10 6.787E-04 5.041E+00 11 2.255E-02 1.178E+00
12 9.254E-03 8.315E-01 13 4.965E-04 2.726E+00 14 2.820E-04 5.122E+01 15 6.071E-03 3.807E+00 16 1.360E-03 1.042E+00
17 1.046E-02 2.195E+00 18 1.657E-05 6.405E+01 19 1.230E-04 4.050E+01 21 1.297E-04 2.684E+01 22 3.022E-04 1.457E+01
23 3.875E-06 1.872E+01 24 3.363E-03 2.925E-01 25 1.837E-06 1.555E+01 26 1.990E-03 7.262E-01 27 1.274E-03 1.283E+00
 87  26
 1 3.187E-03 9.703E+00  2 1.598E-06 5.239E+01  3 1.341E-04 1.220E+01  5 1.644E-02 6.216E+00  6 1.355E-02 1.499E+00
 7 1.600E-03 2.272E+00  8 2.359E-03 3.313E+00  9 3.686E-04 1.004E+01 10 6.981E-04 5.407E+00 11 2.220E-02 1.851E+00
12 9.587E-03 7.767E-01 13 5.752E-04 3.062E+00 14 7.815E-04 3.528E+01 15 7.209E-03 2.255E+00 16 1.351E-03 1.075E+00
17 1.224E-02 1.962E+00 18 1.427E-05 1.000E+02 19 1.419E-04 3.358E+01 20 4.279E-06 1.000E+02 21 7.772E-05 2.183E+01
22 3.209E-04 2.006E+01 23 6.655E-06 1.754E+01 24 3.347E-03 3.239E-01 25 1.659E-06 1.568E+01 26 2.006E-03 8.780E-01
27 1.236E-03 1.187E+00
 88  25
 1 3.831E-03 9.934E+00  2 1.898E-07 7.359E+01  3 1.996E-04 7.561E+00  5 1.313E-02 7.039E+00  6 1.393E-02 1.562E+00
 7 1.449E-03 2.580E+00  8 1.977E-03 3.367E+00  9 3.561E-04 1.119E+01 10 8.380E-04 5.546E+00 11 2.108E-02 1.053E+00
12 1.003E-02 8.411E-01 13 6.291E-04 3.203E+00 14 2.990E-04 3.657E+01 15 8.715E-03 3.169E+00 16 1.396E-03 1.141E+00
17 1.303E-02 1.915E+00 19 1.515E-04 3.765E+01 20 9.861E-06 5.582E+01 21 6.466E-05 2.875E+01 22 2.186E-04 1.693E+01
23 5.567E-06 1.485E+01 24 3.360E-03 3.049E-01 25 1.442E-06 2.164E+01 26 2.061E-03 5.786E-01 27 1.286E-03 1.051E+00
 89  26
 1 3.838E-03 1.036E+01  2 2.162E-07 9.323E+01  3 2.039E-04 1.024E+01  5 1.360E-02 5.402E+00  6 1.426E-02 1.822E+00
 7 1.334E-03 2.317E+00  8 1.826E-03 3.411E+00  9 3.111E-04 8.395E+00 10 8.159E-04 4.892E+00 11 2.055E-02 9.978E-01
12 1.075E-02 7.647E-01 13 7.047E-04 3.024E+00 14 1.751E-04 5.401E+01 15 1.069E-02 3.576E+00 16 1.340E-03 1.268E+00
17 1.441E-02 2.223E+00 18 7.264E-06 1.000E+02 19 2.532E-04 4.014E+01 20 8.327E-07 7.421E+01 21 1.206E-04 2.881E+01
22 1.960E-04 2.563E+01 23 4.699E-06 2.298E+01 24 3.378E-03 3.295E-01 25 1.218E-06 2.596E+01 26 2.114E-03 1.027E+00
27 1.283E-03 1.232E+00
 90  25
 1 5.675E-03 8.786E+00  2 9.194E-07 7.505E+01  3 2.162E-04 1.213E+01  5 1.268E-02 6.842E+00  6 1.420E-02 1.757E+00
 7 1.218E-03 2.502E+00  8 1.625E-03 5.082E+00  9 2.090E-04 9.667E+00 10 9.837E-04 5.004E+00 11 1.914E-02 1.569E+00
12 1.093E-02 8.960E-01 13 7.568E-04 2.474E+00 14 4.211E-04 3.922E+01 15 1.159E-02 2.752E+00 16 1.389E-03 1.143E+00
17 1.566E-02 1.855E+00 19 1.380E-04 3.462E+01 20 2.445E-05 5.498E+01 21 8.990E-05 2.827E+01 22 1.783E-04 2.297E+01
23 7.911E-06 1.610E+01 24 3.387E-03 3.307E-01 25 1.381E-06 1.937E+01 26 2.237E-03 6.108E-01 27 1.349E-03 1.266E+00
 91  26
 1 5.278E-03 1.098E+01  2 1.409E-07 8.060E+01  3 2.748E-04 8.689E+00  5 1.005E-02 7.638E+00  6 1.333E-02 1.951E+00
 7 1.045E-03 2.479E+00  8 1.427E-03 4.354E+00  9 2.414E-04 1.058E+01 10 1.038E-03 3.601E+00 11 1.682E-02 1.518E+00
12 1.074E-02 7.890E-01 13 7.977E-04 2.494E+00 14 3.098E-04 3.938E+01 15 1.219E-02 2.303E+00 16 1.331E-03 1.317E+00
17 1.483E-02 1.905E+00 18 8.380E-07 7.045E+01 19 2.153E-04 4.776E+01 20 1.265E-05 1.000E+02 21 5.533E-05 3.604E+01
22 1.756E-04 1.484E+01 23 6.544E-06 1.876E+01 24 3.449E-03 3.054E-01 25 1.401E-06 2.536E+01 26 3.516E-03 6.008E-01
27 2.126E-03 7.128E-01
 92  26
 1 6.900E-03 1.135E+01  2 2.778E-06 5.031E+01  3 2.445E-04 1.007E+01  5 9.233E-03 7.041E+00  6 1.250E-02 2.250E+00
 7 9.008E-04 2.607E+00  8 1.335E-03 4.719E+00  9 1.877E-04 1.571E+01 10 1.136E-03 3.687E+00 11 1.458E-02 1.438E+00
12 1.092E-02 6.972E-01 13 8.588E-04 2.770E+00 14 2.726E-04 7.062E+01 15 1.304E-02 2.828E+00 16 1.330E-03 9.004E-01
17 1.522E-02 1.847E+00 18 5.284E-07 1.000E+02 19 8.913E-05 3.765E+01 20 3.124E-05 4.760E+01 21 5.947E-05 4.142E+01
22 2.078E-04 1.587E+01 23 8.428E-06 1.738E+01 24 3.464E-03 2.979E-01 25 1.021E-06 2.521E+01 26 3.887E-03 6.093E-01
27 2.344E-03 7.415E-01
 93  25
 1 7.505E-03 5.655E+00  2 5.981E-07 9.661E+01  3 3.083E-04 7.130E+00  5 8.804E-03 7.799E+00  6 1.271E-02 2.456E+00
 7 8.064E-04 2.823E+00  8 1.161E-03 4.757E+00  9 1.961E-04 1.250E+01 10 1.305E-03 4.524E+00 11 1.304E-02 1.244E+00
12 1.119E-02 8.343E-01 13 1.006E-03 2.373E+00 14 3.715E-04 4.862E+01 15 1.390E-02 2.473E+00 16 1.372E-03 1.220E+00
17 1.562E-02 1.958E+00 18 5.699E-07 1.000E+02 19 2.473E-04 3.488E+01 21 5.063E-05 3.600E+01 22 1.254E-04 2.046E+01
23 7.105E-06 1.869E+01 24 3.478E-03 3.050E-01 25 7.861E-07 2.018E+01 26 3.900E-03 3.851E-01 27 2.317E-03 4.696E-01
 94  25
 1 8.406E-03 7.749E+00  2 1.526E-06 4.938E+01  3 3.026E-04 8.284E+00  5 8.170E-03 9.715E+00  6 1.342E-02 2.513E+00
 7 7.937E-04 2.843E+00  8 1.043E-03 4.717E+00  9 1.599E-04 1.006E+01 10 1.465E-03 3.764E+00 11 1.205E-02 1.627E+00
12 1.262E-02 7.701E-01 13 1.141E-03 2.674E+00 14 1.964E-04 4.183E+01 15 1.644E-02 2.719E+00 16 1.338E-03 1.054E+00
17 1.708E-02 1.682E+00 19 1.382E-04 3.581E+01 20 3.040E-05 9.898E+01 21 5.635E-05 5.519E+01 22 1.604E-04 1.885E+01
23 9.673E-06 1.470E+01 24 3.398E-03 3.327E-01 25 1.430E-06 2.289E+01 26 2.461E-03 9.225E-01 27 1.254E-03 1.334E+00
 95  26
 1 1.118E-02 6.313E+00  2 5.821E-07 6.133E+01  3 3.324E-04 8.164E+00  5 6.460E-03 7.673E+00  6 1.373E-02 1.598E+00
 7 7.475E-04 3.824E+00  8 9.234E-04 6.029E+00  9 1.721E-04 1.192E+01 10 1.769E-03 4.586E+00 11 9.439E-03 1.649E+00
12 1.292E-02 7.100E-01 13 1.297E-03 2.497E+00 14 2.705E-04 3.978E+01 15 2.431E-02 2.254E+00 16 1.365E-03 1.011E+00
17 1.723E-02 1.588E+00 18 2.147E-05 1.000E+02 19 2.478E-04 2.759E+01 20 2.406E-05 9.683E+01 21 4.080E-05 5.077E+01
22 1.232E-04 2.623E+01 23 9.890E-06 1.423E+01 24 3.405E-03 3.346E-01 25 9.978E-07 3.063E+01 26 2.469E-03 6.877E-01
27 1.245E-03 9.505E-01
 96  25
 1 1.152E-02 4.155E+00  2 1.456E-06 5.988E+01  3 3.770E-04 6.828E+00  5 5.706E-03 7.794E+00  6 1.317E-02 2.308E+00
 7 6.310E-04 3.048E+00  8 8.955E-04 4.851E+00  9 1.375E-04 1.356E+01 10 1.867E-03 3.372E+00 11 6.890E-03 2.348E+00
12 1.316E-02 7.514E-01 13 1.390E-03 2.189E+00 14 1.087E-04 4.338E+01 15 2.426E-02 2.794E+00 16 1.365E-03 1.108E+00
17 1.689E-02 1.393E+00 19 2.602E-04 2.822E+01 20 4.264E-05 4.323E+01 21 5.241E-05 4.398E+01 22 8.845E-05 2.334E+01
23 1.256E-05 1.265E+01 24 3.434E-03 3.217E-01 25 7.199E-07 2.402E+01 26 2.823E-03 6.641E-01 27 1.482E-03 8.973E-01
 97  25
 1 2.846E-02 4.265E+00  2 8.362E-07 4.600E+01  3 3.926E-04 6.584E+00  5 4.653E-03 8.218E+00  6 1.137E-02 2.122E+00
 7 5.433E-04 5.114E+00  8 7.856E-04 5.934E+00  9 1.129E-04 1.658E+01 10 2.000E-03 3.814E+00 11 4.699E-03 1.946E+00
12 1.241E-02 6.212E-01 13 1.474E-03 2.303E+00 14 2.469E-05 7.498E+01 15 2.207E-02 2.350E+00 16 1.347E-03 1.200E+00
17 1.545E-02 1.285E+00 19 4.817E-04 1.907E+01 20 1.488E-05 7.275E+01 21 7.310E-05 3.255E+01 22 1.298E-04 2.520E+01
23 8.422E-06 1.610E+01 24 3.473E-03 3.528E-01 25 6.802E-07 2.564E+01 26 4.048E-03 5.208E-01 27 2.366E-03 6.911E-01
 98  26
 1 2.491E-02 3.615E+00  2 1.485E-06 5.759E+01  3 4.364E-04 7.349E+00  5 4.312E-03 1.128E+01  6 1.086E-02 1.857E+00
 7 4.950E-04 4.956E+00  8 6.389E-04 5.245E+00  9 1.014E-04 1.589E+01 10 2.249E-03 3.203E+00 11 4.134E-03 2.920E+00
12 1.265E-02 9.744E-01 13 1.751E-03 1.657E+00 14 7.577E-05 5.379E+01 15 1.881E-02 1.927E+00 16 1.330E-03 1.243E+00
17 1.483E-02 2.560E+00 18 5.817E-06 1.000E+02 19 2.477E-04 2.881E+01 20 7.189E-06 5.908E+01 21 5.428E-05 4.052E+01
22 1.169E-04 3.091E+01 23 1.765E-05 1.196E+01 24 3.478E-03 3.273E-01 25 5.707E-07 2.165E+01 26 4.065E-03 4.682E-01
27 2.358E-03 6.227E-01
 99  25
 1 2.986E-02 4.251E+00  2 1.909E-06 5.693E+01  3 5.265E-04 7.004E+00  5 3.751E-03 9.096E+00  6 1.108E-02 2.366E+00
 7 4.501E-04 2.852E+00  8 6.298E-04 6.181E+00  9 1.176E-04 1.542E+01 10 2.647E-03 2.335E+00 11 3.571E-03 3.068E+00
12 1.311E-02 6.426E-01 13 1.942E-03 1.854E+00 14 8.652E-05 4.420E+01 15 1.660E-02 2.039E+00 16 1.341E-03 1.242E+00
17 1.448E-02 1.713E+00 19 3.709E-04 2.060E+01 20 2.722E-05 5.394E+01 21 4.162E-05 3.892E+01 22 9.968E-05 2.525E+01
23 1.754E-05 1.090E+01 24 3.439E-03 3.009E-01 25 6.520E-07 3.384E+01 26 3.458E-03 6.199E-01 27 1.912E-03 6.771E-01
100  26
 1 3.083E-02 3.683E+00  2 3.881E-06 8.003E+01  3 5.971E-04 7.060E+00  5 3.736E-03 1.283E+01  6 1.077E-02 2.512E+00
 7 4.173E-04 3.442E+00  8 5.457E-04 6.016E+00  9 1.071E-04 1.677E+01 10 2.921E-03 3.569E+00 11 3.382E-03 3.135E+00
12 1.426E-02 7.924E-01 13 2.223E-03 1.363E+00 14 1.659E-04 4.795E+01 15 1.453E-02 2.761E+00 16 1.348E-03 1.279E+00
17 1.436E-02 1.426E+00 18 2.360E-06 6.910E+01 19 4.091E-04 3.226E+01 20 9.627E-05 5.317E+01 21 3.826E-05 4.825E+01
22 6.876E-05 3.391E+01 23 2.070E-05 1.026E+01 24 3.409E-03 2.749E-01 25 9.802E-07 1.848E+01 26 2.616E-03 6.927E-01
27 1.281E-03 9.878E-01
101  26
 1 2.620E-02 3.026E+00  2 2.021E-06 5.155E+01  3 6.309E-04 6.264E+00  5 3.418E-03 1.109E+01  6 9.916E-03 2.047E+00
 7 3.516E-04 4.664E+00  8 5.218E-04 6.007E+00  9 7.472E-05 1.980E+01 10 3.140E-03 2.569E+00 11 2.964E-03 4.023E+00
12 1.423E-02 7.741E-01 13 2.429E-03 1.069E+00 14 1.300E-04 4.422E+01 15 1.042E-02 3.694E+00 16 1.348E-03 1.144E+00
17 1.332E-02 1.874E+00 18 3.699E-06 8.935E+01 19 3.323E-04 2.674E+01 20 9.327E-05 4.471E+01 21 1.295E-05 6.081E+01
22 5.956E-05 3.073E+01 23 2.395E-05 1.080E+01 24 3.391E-03 3.277E-01 25 7.685E-07 3.507E+01 26 2.630E-03 7.161E-01
27 1.272E-03 9.252E-01
102  25
 1 2.326E-02 3.820E+00  2 1.756E-06 4.159E+01  3 6.373E-04 6.474E+00  5 2.450E-03 9.037E+00  6 9.086E-03 2.364E+00
 7 3.286E-04 4.881E+00  8 4.328E-04 1.003E+01  9 6.436E-05 2.000E+01 10 3.620E-03 2.599E+00 11 2.597E-03 3.374E+00
12 1.367E-02 5.625E-01 13 2.677E-03 1.775E+00 14 5.720E-05 6.887E+01 15 8.475E-03 2.918E+00 16 1.343E-03 1.418E+00
17 1.139E-02 1.986E+00 19 7.049E-04 2.226E+01 20 1.150E-04 4.681E+01 21 9.780E-06 5.195E+01 22 8.851E-05 3.073E+01
23 2.046E-05 7.527E+00 24 3.450E-03 3.584E-01 25 5.833E-07 3.536E+01 26 3.553E-03 6.263E-01 27 1.946E-03 7.719E-01
103  25
 1 2.171E-02 4.574E+00  2 1.657E-06 4.029E+01  3 7.328E-04 4.470E+00  5 2.383E-03 1.338E+01  6 7.869E-03 2.170E+00
 7 2.854E-04 5.922E+00  8 3.798E-04 9.952E+00  9 8.184E-05 2.030E+01 10 3.780E-03 2.475E+00 11 2.106E-03 3.963E+00
12 1.283E-02 6.834E-01 13 2.871E-03 1.653E+00 14 1.771E-04 5.729E+01 15 6.748E-03 4.338E+00 16 1.322E-03 1.421E+00
17 9.244E-03 2.137E+00 19 6.015E-04 2.049E+01 20 8.021E-06 9.275E+01 21 1.528E-05 6.664E+01 22 7.822E-05 3.720E+01
23 2.295E-05 9.150E+00 24 3.460E-03 3.022E-01 25 4.008E-07 3.953E+01 26 4.159E-03 5.886E-01 27 2.371E-03 7.376E-01
104  25
 1 1.586E-02 6.321E+00  2 3.099E-06 4.263E+01  3 7.689E-04 5.746E+00  5 2.049E-03 1.747E+01  6 7.185E-03 2.556E+00
 7 2.717E-04 5.487E+00  8 3.674E-04 7.087E+00  9 5.976E-05 2.145E+01 10 4.277E-03 2.625E+00 11 1.937E-03 4.302E+00
12 1.244E-02 1.024E+00 13 3.351E-03 9.530E-01 14 2.181E-05 4.848E+01 15 6.786E-03 2.637E+00 16 1.360E-03 1.294E+00
17 8.041E-03 2.261E+00 19 6.615E-04 2.193E+01 20 5.658E-05 4.755E+01 21 2.699E-05 4.795E+01 22 3.929E-05 3.826E+01
23 2.659E-05 8.090E+00 24 3.464E-03 3.575E-01 25 4.175E-07 4.017E+01 26 4.214E-03 6.367E-01 27 2.379E-03 7.329E-01
105  26
 1 1.550E-02 6.288E+00  2 2.152E-06 4.052E+01  3 9.000E-04 6.773E+00  5 2.491E-03 1.311E+01  6 6.589E-03 2.895E+00
 7 2.629E-04 3.420E+00  8 3.638E-04 6.909E+00  9 7.975E-05 2.353E+01 10 5.224E-03 2.461E+00 11 1.732E-03 4.851E+00
12 1.310E-02 6.899E-01 13 3.902E-03 1.350E+00 14 4.270E-05 8.046E+01 15 5.941E-03 3.753E+00 16 1.410E-03 1.282E+00
17 7.040E-03 2.195E+00 18 4.193E-08 1.000E+02 19 6.410E-04 1.986E+01 20 7.732E-05 4.681E+01 21 1.200E-05 7.417E+01
22 6.165E-05 4.722E+01 23 2.224E-05 9.089E+00 24 3.395E-03 3.235E-01 25 2.422E-07 4.293E+01 26 3.016E-03 7.728E-01
27 1.516E-03 7.576E-01
106  26
 1 1.198E-02 6.271E+00  2 2.939E-06 3.215E+01  3 9.946E-04 4.609E+00  4 3.563E-05 1.000E+02  5 1.980E-03 1.177E+01
 6 4.964E-03 2.886E+00  7 2.355E-04 6.673E+00  8 3.239E-04 8.926E+00  9 6.182E-05 2.411E+01 10 5.851E-03 2.884E+00
11 1.628E-03 4.341E+00 12 1.271E-02 6.892E-01 13 4.575E-03 1.355E+00 14 4.333E-05 6.521E+01 15 5.222E-03 4.516E+00
16 1.341E-03 1.079E+00 17 5.550E-03 3.602E+00 19 9.551E-04 1.292E+01 20 5.338E-05 6.189E+01 21 2.164E-05 5.188E+01
22 2.534E-05 4.903E+01 23 3.360E-05 8.759E+00 24 3.376E-03 2.788E-01 25 3.034E-07 5.881E+01 26 2.768E-03 6.788E-01
27 1.335E-03 1.055E+00
107  25
 1 7.237E-03 7.013E+00  2 2.296E-06 3.882E+01  3 1.215E-03 3.021E+00  5 1.436E-03 2.243E+01  6 3.911E-03 3.707E+00
 7 2.090E-04 5.955E+00  8 2.647E-04 8.214E+00  9 6.126E-05 2.360E+01 10 7.000E-03 1.612E+00 11 1.482E-03 3.225E+00
12 6.053E-03 1.188E+00 13 5.270E-03 1.222E+00 14 5.441E-05 9.272E+01 15 5.421E-03 3.309E+00 16 1.358E-03 1.279E+00
17 4.236E-03 3.774E+00 19 1.076E-03 1.328E+01 20 1.129E-04 5.666E+01 21 2.149E-06 9.503E+01 22 1.148E-05 4.394E+01
23 2.878E-05 9.699E+00 24 3.351E-03 3.301E-01 25 1.197E-07 4.462E+01 26 2.786E-03 6.984E-01 27 1.337E-03 1.187E+00
108  25
 1 7.194E-03 6.139E+00  2 6.504E-06 2.542E+01  3 1.114E-03 5.604E+00  5 9.724E-04 2.021E+01  6 2.948E-03 3.071E+00
 7 1.674E-04 7.127E+00  8 2.187E-04 1.187E+01  9 6.283E-05 2.714E+01 10 8.062E-03 1.749E+00 11 1.107E-03 4.642E+00
12 4.441E-03 1.273E+00 13 9.321E-03 9.830E-01 14 2.481E-05 1.000E+02 15 4.225E-03 3.635E+00 16 1.330E-03 1.431E+00
17 3.265E-03 2.957E+00 19 7.295E-04 1.582E+01 20 7.186E-05 3.744E+01 21 7.166E-06 1.000E+02 22 5.817E-05 4.137E+01
23 3.009E-05 7.349E+00 24 3.326E-03 3.594E-01 25 1.697E-07 6.073E+01 26 4.310E-03 5.854E-01 27 2.456E-03 7.697E-01
109  26
 1 5.924E-03 5.429E+00  2 5.414E-06 3.247E+01  3 1.212E-03 3.694E+00  5 1.066E-03 2.393E+01  6 2.673E-03 3.157E+00
 7 1.615E-04 6.520E+00  8 1.824E-04 5.808E+00  9 2.563E-05 2.603E+01 10 1.255E-02 1.360E+00 11 1.044E-03 4.898E+00
12 3.983E-03 1.266E+00 13 9.794E-03 1.048E+00 14 1.653E-05 8.702E+01 15 4.078E-03 6.106E+00 16 1.356E-03 9.824E-01
17 2.969E-03 3.514E+00 18 4.718E-07 1.000E+02 19 1.125E-03 1.229E+01 20 1.085E-04 4.029E+01 21 1.529E-05 7.833E+01
22 4.458E-05 4.398E+01 23 3.548E-05 7.001E+00 24 3.320E-03 2.892E-01 25 2.972E-07 5.006E+01 26 4.319E-03 5.296E-01
27 2.450E-03 6.067E-01
110  25
 1 5.563E-03 9.582E+00  2 5.130E-06 4.532E+01  3 1.283E-03 3.589E+00  5 1.081E-03 1.442E+01  6 2.424E-03 3.239E+00
 7 1.630E-04 8.359E+00  8 2.039E-04 1.117E+01  9 4.177E-05 3.434E+01 10 1.557E-02 1.469E+00 11 8.981E-04 5.837E+00
12 3.664E-03 1.178E+00 13 1.028E-02 9.557E-01 14 3.158E-05 6.479E+01 15 3.701E-03 4.462E+00 16 1.346E-03 1.511E+00
17 2.618E-03 4.275E+00 19 1.039E-03 1.257E+01 20 5.881E-05 5.513E+01 21 1.238E-05 1.000E+02 22 4.063E-05 4.370E+01
23 3.765E-05 7.833E+00 24 3.283E-03 3.730E-01 25 9.522E-08 4.779E+01 26 4.030E-03 4.102E-01 27 2.258E-03 5.360E-01
111  26
 1 4.678E-03 9.314E+00  2 3.135E-06 3.598E+01  3 1.382E-03 4.821E+00  4 4.628E-07 1.000E+02  5 1.214E-03 3.010E+01
 6 2.433E-03 2.963E+00  7 1.423E-04 8.541E+00  8 2.071E-04 9.032E+00  9 1.781E-05 3.973E+01 10 1.894E-02 1.259E+00
11 9.116E-04 5.095E+00 12 3.417E-03 1.133E+00 13 1.129E-02 7.746E-01 14 1.959E-04 6.404E+01 15 3.571E-03 4.202E+00
16 1.352E-03 1.241E+00 17 2.466E-03 2.842E+00 19 1.423E-03 1.386E+01 20 1.194E-04 3.933E+01 21 1.495E-05 6.487E+01
22 3.993E-05 4.753E+01 23 3.427E-05 6.258E+00 24 3.229E-03 3.303E-01 25 4.341E-08 4.609E+01 26 2.896E-03 7.775E-01
27 1.389E-03 1.117E+00
112  25
 1 4.015E-03 9.233E+00  2 1.501E-06 5.742E+01  3 1.720E-03 3.814E+00  5 9.950E-04 1.631E+01  6 2.013E-03 5.046E+00
 7 1.318E-04 8.190E+00  8 1.874E-04 1.108E+01  9 1.661E-05 3.738E+01 10 2.045E-02 1.182E+00 11 8.113E-04 3.572E+00
12 3.070E-03 1.474E+00 13 1.163E-02 8.015E-01 14 2.335E-05 1.000E+02 15 3.145E-03 4.943E+00 16 1.380E-03 1.009E+00
17 2.285E-03 4.211E+00 19 1.665E-03 1.433E+01 20 7.266E-05 4.168E+01 21 1.730E-06 1.000E+02 22 1.898E-05 4.864E+01
23 3.480E-05 5.973E+00 24 3.207E-03 3.309E-01 25 1.611E-07 8.183E+01 26 2.854E-03 7.280E-01 27 1.360E-03 1.128E+00
113  27
 1 3.800E-03 9.951E+00  2 7.549E-06 3.894E+01  3 1.682E-03 3.254E+00  4 3.103E-05 1.000E+02  5 6.880E-04 1.510E+01
 6 1.761E-03 3.550E+00  7 1.161E-04 8.754E+00  8 1.358E-04 1.245E+01  9 3.566E-05 3.473E+01 10 2.055E-02 1.126E+00
11 7.560E-04 6.726E+00 12 2.723E-03 1.509E+00 13 1.079E-02 7.170E-01 14 4.809E-06 7.221E+01 15 2.895E-03 4.590E+00
16 1.388E-03 8.826E-01 17 2.273E-03 4.547E+00 18 2.186E-07 1.000E+02 19 1.716E-03 1.167E+01 20 1.085E-04 4.452E+01
21 2.271E-05 7.810E+01 22 2.689E-05 4.142E+01 23 4.645E-05 8.015E+00 24 3.230E-03 3.136E-01 25 2.236E-07 5.145E+01
26 3.454E-03 5.792E-01 27 1.803E-03 6.650E-01
114  24
 1 3.695E-03 1.072E+01  2 7.287E-06 3.867E+01  3 1.818E-03 3.511E+00  5 7.600E-04 1.944E+01  6 1.815E-03 4.508E+00
 7 1.071E-04 9.391E+00  8 1.423E-04 1.208E+01  9 1.689E-05 3.717E+01 10 1.946E-02 1.583E+00 11 6.730E-04 6.111E+00
12 2.478E-03 1.645E+00 13 1.051E-02 8.220E-01 14 3.327E-05 1.000E+02 15 2.450E-03 5.235E+00 16 1.384E-03 7.675E-01
17 1.826E-03 4.463E+00 19 1.852E-03 8.537E+00 20 1.160E-04 4.306E+01 22 1.470E-06 7.259E+01 23 4.686E-05 6.411E+00
24 3.304E-03 3.048E-01 25 8.372E-08 7.150E+01 26 4.407E-03 5.380E-01 27 2.465E-03 6.822E-01
115  25
 1 3.114E-03 1.010E+01  2 4.994E-06 3.767E+01  3 2.283E-03 3.214E+00  5 7.929E-04 1.999E+01  6 1.461E-03 6.051E+00
 7 8.790E-05 9.219E+00  8 1.358E-04 1.796E+01  9 1.355E-05 3.186E+01 10 1.940E-02 1.434E+00 11 6.286E-04 6.394E+00
12 2.275E-03 1.013E+00 13 1.071E-02 9.021E-01 14 2.229E-06 8.981E+01 15 2.473E-03 6.044E+00 16 1.398E-03 9.672E-01
17 1.657E-03 4.779E+00 19 2.200E-03 1.344E+01 20 1.675E-04 3.702E+01 21 2.130E-06 1.000E+02 22 1.734E-05 7.054E+01
23 4.595E-05 4.574E+00 24 3.339E-03 3.091E-01 25 7.908E-08 5.471E+01 26 4.484E-03 4.855E-01 27 2.515E-03 6.104E-01
116  25
 1 2.624E-03 9.860E+00  2 7.095E-06 3.190E+01  3 2.579E-03 2.953E+00  5 7.908E-04 2.374E+01  6 1.510E-03 4.211E+00
 7 9.722E-05 1.016E+01  8 1.120E-04 1.486E+01  9 8.435E-06 4.001E+01 10 2.098E-02 1.158E+00 11 5.893E-04 6.801E+00
12 2.011E-03 1.218E+00 13 1.131E-02 7.631E-01 14 1.150E-05 1.000E+02 15 2.100E-03 6.729E+00 16 1.370E-03 1.085E+00
17 1.697E-03 5.039E+00 19 2.539E-03 1.126E+01 20 1.313E-04 2.931E+01 21 3.345E-07 1.000E+02 22 4.225E-05 4.086E+01
23 5.090E-05 7.360E+00 24 3.268E-03 3.010E-01 25 1.240E-07 6.646E+01 26 3.544E-03 5.356E-01 27 1.829E-03 8.147E-01
117  25
 1 2.461E-03 1.034E+01  2 4.325E-06 4.391E+01  3 4.757E-03 2.312E+00  5 5.309E-04 2.269E+01  6 1.282E-03 5.633E+00
 7 7.687E-05 9.356E+00  8 8.281E-05 1.523E+01  9 6.465E-06 4.549E+01 10 2.082E-02 1.177E+00 11 5.119E-04 5.717E+00
12 2.004E-03 1.771E+00 13 1.160E-02 8.547E-01 14 2.782E-05 9.091E+01 15 1.906E-03 3.934E+00 16 1.619E-03 1.309E+00
17 1.377E-03 5.680E+00 19 2.481E-03 9.694E+00 20 2.178E-04 3.924E+01 21 9.342E-06 7.778E+01 22 3.957E-05 4.964E+01
23 5.338E-05 6.686E+00 24 3.225E-03 3.464E-01 25 1.327E-07 5.117E+01 26 2.917E-03 7.352E-01 27 1.385E-03 1.053E+00
118  25
 1 2.240E-03 1.259E+01  2 2.419E-06 2.917E+01  3 1.044E-02 1.737E+00  4 2.067E-05 1.000E+02  5 6.745E-04 1.955E+01
 6 1.226E-03 5.113E+00  7 7.307E-05 9.713E+00  8 1.110E-04 1.392E+01  9 1.305E-05 3.618E+01 10 2.004E-02 1.242E+00
11 4.483E-04 5.657E+00 12 1.823E-03 2.323E+00 13 1.129E-02 8.336E-01 14 8.805E-05 1.000E+02 15 1.849E-03 7.259E+00
16 1.568E-03 1.426E+00 17 1.451E-03 7.571E+00 19 2.806E-03 1.166E+01 20 1.876E-04 3.009E+01 22 2.399E-05 3.970E+01
23 5.718E-05 7.046E+00 24 3.217E-03 2.872E-01 25 1.478E-07 6.897E+01 26 2.944E-03 6.755E-01 27 1.380E-03 1.138E+00
119  25
 1 1.700E-03 1.336E+01  2 8.692E-06 2.886E+01  3 1.505E-02 1.269E+00  4 1.052E-05 1.000E+02  5 5.347E-04 2.689E+01
 6 1.170E-03 4.979E+00  7 6.826E-05 1.010E+01  8 8.493E-05 1.617E+01  9 1.477E-05 4.765E+01 10 1.754E-02 9.707E-01
11 4.508E-04 8.286E+00 12 1.587E-03 1.956E+00 13 1.057E-02 9.518E-01 14 1.587E-05 7.237E+01 15 1.633E-03 7.338E+00
16 1.533E-03 9.695E-01 17 1.216E-03 3.998E+00 19 2.966E-03 1.091E+01 20 2.354E-04 2.941E+01 22 2.430E-06 8.919E+01
23 6.717E-05 6.425E+00 24 3.306E-03 3.460E-01 25 2.563E-07 5.870E+01 26 4.070E-03 5.160E-01 27 2.210E-03 7.873E-01
120  25
 1 1.449E-03 1.308E+01  2 6.755E-06 2.366E+01  3 1.873E-02 1.363E+00  5 5.568E-04 2.324E+01  6 9.832E-04 7.656E+00
 7 7.114E-05 1.094E+01  8 8.962E-05 1.568E+01  9 9.217E-06 4.743E+01 10 1.645E-02 1.016E+00 11 3.305E-04 8.682E+00
12 1.430E-03 2.268E+00 13 1.024E-02 7.722E-01 14 6.016E-05 9.914E+01 15 1.389E-03 8.186E+00 16 1.531E-03 1.442E+00
17 1.135E-03 6.791E+00 19 3.653E-03 1.006E+01 20 3.455E-04 3.205E+01 21 1.456E-07 1.000E+02 22 1.037E-05 7.180E+01
23 7.124E-05 5.141E+00 24 3.319E-03 2.791E-01 25 2.244E-07 4.080E+01 26 4.380E-03 4.721E-01 27 2.400E-03 6.222E-01
121  25
 1 1.301E-03 1.591E+01  2 5.496E-06 2.967E+01  3 2.172E-02 9.196E-01  5 5.217E-04 2.507E+01  6 8.972E-04 6.650E+00
 7 6.033E-05 1.134E+01  8 7.758E-05 1.556E+01  9 1.144E-05 3.518E+01 10 1.551E-02 1.856E+00 11 3.695E-04 5.846E+00
12 1.333E-03 2.370E+00 13 9.925E-03 8.370E-01 14 7.349E-06 1.000E+02 15 1.281E-03 6.597E+00 16 1.493E-03 1.281E+00
17 1.105E-03 7.485E+00 19 3.672E-03 8.874E+00 20 1.777E-04 3.216E+01 21 1.853E-06 9.687E+01 22 1.713E-05 4.415E+01
23 7.151E-05 5.785E+00 24 3.326E-03 3.758E-01 25 4.109E-07 4.229E+01 26 4.333E-03 5.672E-01 27 2.364E-03 6.915E-01
122  24
 1 1.592E-03 1.344E+01  2 1.094E-05 2.477E+01  3 2.463E-02 1.056E+00  5 4.464E-04 3.660E+01  6 8.352E-04 5.655E+00
 7 5.681E-05 1.412E+01  8 6.510E-05 1.396E+01  9 1.539E-05 3.163E+01 10 1.589E-02 2.078E+00 11 3.092E-04 8.880E+00
12 1.277E-03 2.348E+00 13 1.054E-02 8.517E-01 15 1.309E-03 7.693E+00 16 1.514E-03 9.580E-01 17 9.398E-04 7.017E+00
19 4.116E-03 9.064E+00 20 2.992E-04 3.100E+01 21 5.319E-06 7.570E+01 22 2.069E-05 8.051E+01 23 7.666E-05 7.633E+00
24 3.249E-03 3.188E-01 25 1.614E-07 3.726E+01 26 3.156E-03 7.035E-01 27 1.448E-03 8.912E-01
123  25
 1 1.253E-03 1.008E+01  2 5.069E-06 3.206E+01  3 2.605E-02 1.041E+00  4 3.159E-05 1.000E+02  5 4.518E-04 3.073E+01
 6 7.282E-04 6.500E+00  7 5.721E-05 1.185E+01  8 8.361E-05 1.823E+01  9 1.613E-05 3.093E+01 10 1.477E-02 1.064E+00
11 3.406E-04 7.770E+00 12 1.165E-03 2.242E+00 13 1.023E-02 6.887E-01 15 1.027E-03 8.805E+00 16 1.480E-03 1.273E+00
17 9.262E-04 8.703E+00 19 4.794E-03 5.931E+00 20 1.434E-04 4.171E+01 21 2.034E-05 7.465E+01 22 3.351E-05 5.360E+01
23 8.123E-05 4.237E+00 24 3.285E-03 3.120E-01 25 2.363E-07 5.765E+01 26 3.471E-03 5.783E-01 27 1.559E-03 7.682E-01
124  25
 1 1.122E-03 1.632E+01  2 1.404E-05 2.755E+01  3 2.620E-02 8.337E-01  4 3.712E-05 7.925E+01  5 3.312E-04 2.998E+01
 6 8.180E-04 8.321E+00  7 5.191E-05 1.328E+01  8 9.127E-05 1.627E+01  9 8.621E-06 4.657E+01 10 1.337E-02 1.790E+00
11 2.777E-04 6.251E+00 12 1.068E-03 1.909E+00 13 1.015E-02 8.589E-01 14 2.452E-05 1.000E+02 15 1.129E-03 8.332E+00
16 1.473E-03 1.063E+00 17 8.225E-04 7.285E+00 19 5.824E-03 7.130E+00 20 2.286E-04 1.955E+01 22 1.068E-06 7.075E+01
23 9.756E-05 3.545E+00 24 3.282E-03 4.260E-01 25 1.600E-07 5.489E+01 26 3.726E-03 7.663E-01 27 1.808E-03 1.042E+00
125  24
 1 8.746E-04 1.177E+01  2 1.202E-05 1.718E+01  3 2.665E-02 1.200E+00  4 3.230E-05 1.000E+02  5 2.897E-04 3.228E+01
 6 5.735E-04 7.309E+00  7 3.860E-05 1.392E+01  8 4.024E-05 1.792E+01  9 7.233E-06 6.168E+01 10 1.180E-02 1.954E+00
11 2.196E-04 1.003E+01 12 9.591E-04 2.743E+00 13 9.356E-03 1.065E+00 15 1.025E-03 8.111E+00 16 1.461E-03 1.238E+00
17 7.385E-04 6.638E+00 19 6.367E-03 8.922E+00 20 4.780E-04 2.889E+01 22 3.295E-06 9.080E+01 23 9.535E-05 6.016E+00
24 3.374E-03 3.536E-01 25 1.705E-07 7.573E+01 26 4.777E-03 6.497E-01 27 2.588E-03 7.526E-01
126  24
 1 8.798E-04 1.363E+01  2 1.360E-05 2.390E+01  3 2.577E-02 1.683E+00  4 1.400E-04 1.000E+02  5 2.731E-04 3.304E+01
 6 5.548E-04 1.032E+01  7 3.438E-05 1.163E+01  8 7.292E-05 2.329E+01  9 8.409E-07 5.752E+01 10 1.041E-02 1.497E+00
11 2.665E-04 1.192E+01 12 8.907E-04 4.524E+00 13 9.133E-03 9.152E-01 15 8.132E-04 1.039E+01 16 1.461E-03 1.006E+00
17 6.707E-04 7.354E+00 19 6.979E-03 7.202E+00 20 2.873E-04 2.324E+01 22 6.766E-06 1.000E+02 23 1.071E-04 4.134E+00
24 3.358E-03 3.014E-01 25 6.721E-08 6.411E+01 26 4.818E-03 6.458E-01 27 2.595E-03 6.957E-01
127  24
 1 1.060E-03 1.619E+01  2 1.182E-05 2.615E+01  3 2.442E-02 1.190E+00  5 1.560E-04 4.990E+01  6 5.862E-04 8.399E+00
 7 4.002E-05 1.756E+01  8 4.017E-05 2.702E+01  9 1.992E-05 4.444E+01 10 9.527E-03 1.478E+00 11 1.810E-04 1.004E+01
12 8.314E-04 2.493E+00 13 9.394E-03 9.851E-01 15 8.018E-04 1.054E+01 16 1.501E-03 1.134E+00 17 6.318E-04 8.819E+00
19 1.070E-02 6.432E+00 20 2.943E-04 3.185E+01 21 1.976E-06 5.529E+01 22 7.146E-06 7.641E+01 23 1.177E-04 2.957E+00
24 3.328E-03 3.422E-01 25 1.855E-07 4.819E+01 26 4.297E-03 5.641E-01 27 2.221E-03 7.993E-01
128  26
 1 7.503E-04 2.213E+01  2 1.478E-05 3.308E+01  3 2.193E-02 9.500E-01  4 1.073E-06 1.000E+02  5 3.481E-04 3.303E+01
 6 4.970E-04 8.501E+00  7 3.829E-05 1.311E+01  8 5.317E-05 2.093E+01  9 6.802E-06 5.828E+01 10 8.783E-03 1.853E+00
11 1.943E-04 9.719E+00 12 7.377E-04 3.491E+00 13 9.792E-03 7.983E-01 14 1.175E-06 1.000E+02 15 8.159E-04 8.085E+00
16 1.472E-03 1.133E+00 17 6.685E-04 1.068E+01 19 1.606E-02 4.785E+00 20 3.281E-04 2.617E+01 21 7.307E-06 9.899E+01
22 1.068E-05 7.042E+01 23 1.229E-04 3.841E+00 24 3.267E-03 3.215E-01 25 2.286E-07 4.843E+01 26 3.538E-03 5.597E-01
27 1.665E-03 9.562E-01
129  23
 1 8.388E-04 1.923E+01  2 1.392E-05 2.313E+01  3 1.901E-02 1.129E+00  5 2.220E-04 3.506E+01  6 4.763E-04 9.248E+00
 7 3.369E-05 1.491E+01  8 4.780E-05 1.842E+01  9 4.077E-06 5.489E+01 10 7.897E-03 1.667E+00 11 1.636E-04 1.607E+01
12 7.485E-04 3.625E+00 13 9.940E-03 1.008E+00 15 5.421E-04 1.059E+01 16 1.528E-03 1.162E+00 17 5.422E-04 8.582E+00
19 2.078E-02 4.124E+00 20 2.900E-04 2.277E+01 22 9.814E-06 8.112E+01 23 1.425E-04 4.345E+00 24 3.272E-03 2.869E-01
25 1.323E-07 3.779E+01 26 3.573E-03 5.343E-01 27 1.688E-03 8.119E-01
130  25
 1 7.490E-04 2.106E+01  2 1.982E-05 1.994E+01  3 1.519E-02 1.421E+00  4 5.612E-07 1.000E+02  5 3.007E-04 3.780E+01
 6 3.901E-04 9.454E+00  7 2.662E-05 1.696E+01  8 2.946E-05 2.184E+01  9 5.470E-06 5.522E+01 10 6.697E-03 2.144E+00
11 1.783E-04 9.228E+00 12 6.304E-04 4.131E+00 13 9.318E-03 9.950E-01 15 6.106E-04 1.139E+01 16 1.567E-03 1.315E+00
17 5.785E-04 7.217E+00 19 2.472E-02 4.538E+00 20 4.996E-04 2.705E+01 21 3.243E-07 1.000E+02 22 6.830E-06 9.242E+01
23 1.506E-04 4.084E+00 24 3.329E-03 2.946E-01 25 8.608E-08 6.185E+01 26 4.444E-03 4.849E-01 27 2.305E-03 5.963E-01
131  25
 1 4.799E-04 2.225E+01  2 2.243E-05 2.096E+01  3 9.845E-03 1.323E+00  4 4.783E-05 9.752E+01  5 3.325E-04 4.057E+01
 6 3.980E-04 8.301E+00  7 3.047E-05 1.673E+01  8 5.974E-05 2.699E+01  9 4.132E-06 5.180E+01 10 4.898E-03 2.313E+00
11 1.582E-04 1.304E+01 12 6.070E-04 3.545E+00 13 9.538E-03 8.371E-01 14 4.641E-07 1.000E+02 15 6.343E-04 1.403E+01
16 1.548E-03 7.520E-01 17 5.136E-04 9.380E+00 19 2.584E-02 3.866E+00 20 4.664E-04 2.239E+01 22 2.094E-06 9.797E+01
23 1.534E-04 4.105E+00 24 3.373E-03 2.963E-01 25 2.574E-07 5.208E+01 26 5.058E-03 5.835E-01 27 2.735E-03 6.558E-01
132  25
 1 4.894E-04 1.796E+01  2 1.916E-05 1.277E+01  3 4.737E-03 2.079E+00  4 1.030E-04 1.000E+02  5 1.961E-04 3.871E+01
 6 3.599E-04 1.041E+01  7 2.407E-05 1.724E+01  8 3.308E-05 1.899E+01  9 3.946E-07 5.755E+01 10 4.399E-03 2.425E+00
11 1.611E-04 1.216E+01 12 5.661E-04 2.951E+00 13 9.484E-03 8.148E-01 15 5.228E-04 9.833E+00 16 1.595E-03 1.259E+00
17 3.716E-04 1.094E+01 19 2.877E-02 3.525E+00 20 4.383E-04 2.354E+01 21 2.804E-06 1.000E+02 22 1.608E-05 7.136E+01
23 1.718E-04 4.216E+00 24 3.377E-03 2.450E-01 25 1.457E-07 5.460E+01 26 5.117E-03 4.366E-01 27 2.776E-03 5.745E-01
133  23
 1 7.236E-04 1.858E+01  2 2.358E-05 1.384E+01  3 2.415E-03 3.153E+00  5 6.358E-05 5.829E+01  6 3.447E-04 7.819E+00
 7 2.842E-05 1.309E+01  8 2.357E-05 2.288E+01  9 9.738E-06 7.083E+01 10 3.976E-03 2.169E+00 11 1.564E-04 1.071E+01
12 5.345E-04 3.340E+00 13 1.001E-02 8.449E-01 15 5.488E-04 1.308E+01 16 1.386E-03 1.371E+00 17 4.176E-04 8.616E+00
19 3.396E-02 3.830E+00 20 6.370E-04 1.777E+01 22 2.862E-07 1.000E+02 23 1.983E-04 3.274E+00 24 3.295E-03 2.827E-01
25 1.105E-08 1.000E+02 26 4.000E-03 4.771E-01 27 1.956E-03 7.832E-01
134  24
 1 5.408E-04 2.484E+01  2 3.460E-05 1.169E+01  3 2.162E-03 3.909E+00  4 5.702E-05 1.000E+02  5 1.985E-04 5.496E+01
 6 3.078E-04 8.933E+00  7 2.771E-05 1.893E+01  8 2.827E-05 2.696E+01  9 4.606E-06 7.216E+01 10 3.743E-03 2.181E+00
11 1.423E-04 9.436E+00 12 5.032E-04 2.919E+00 13 9.890E-03 7.230E-01 15 4.821E-04 1.265E+01 16 1.398E-03 1.241E+00
17 4.522E-04 6.633E+00 19 3.642E-02 3.213E+00 20 5.256E-04 2.511E+01 21 5.606E-07 1.000E+02 22 3.159E-05 7.004E+01
23 2.126E-04 3.316E+00 24 3.265E-03 2.986E-01 26 3.690E-03 6.610E-01 27 1.717E-03 7.929E-01
135  24
 1 6.142E-04 1.695E+01  2 2.384E-05 1.762E+01  3 1.976E-03 3.954E+00  5 1.948E-04 4.634E+01  6 3.186E-04 1.006E+01
 7 1.849E-05 2.261E+01  8 1.891E-05 3.288E+01  9 9.684E-07 9.404E+01 10 3.322E-03 2.941E+00 11 1.359E-04 1.354E+01
12 4.401E-04 3.701E+00 13 9.469E-03 9.408E-01 15 4.031E-04 8.424E+00 16 1.346E-03 1.305E+00 17 3.881E-04 1.235E+01
19 3.619E-02 3.187E+00 20 5.456E-04 1.835E+01 21 2.808E-06 1.000E+02 22 1.547E-06 9.856E+01 23 2.337E-04 2.921E+00
24 3.261E-03 2.878E-01 25 7.785E-08 7.012E+01 26 3.701E-03 5.462E-01 27 1.726E-03 7.864E-01
136  23
 1 4.948E-04 2.204E+01  2 3.015E-05 2.196E+01  3 1.698E-03 3.643E+00  5 2.820E-04 3.088E+01  6 2.969E-04 1.231E+01
 7 2.506E-05 1.956E+01  8 1.951E-05 3.296E+01  9 1.116E-05 5.719E+01 10 2.797E-03 2.879E+00 11 1.020E-04 1.452E+01
12 4.142E-04 2.612E+00 13 8.468E-03 9.510E-01 15 3.389E-04 1.036E+01 16 1.369E-03 1.331E+00 17 3.245E-04 6.935E+00
19 2.723E-02 4.630E+00 20 7.201E-04 1.483E+01 22 8.235E-07 1.000E+02 23 2.260E-04 3.101E+00 24 3.353E-03 3.130E-01
25 1.119E-08 1.000E+02 26 5.093E-03 4.393E-01 27 2.743E-03 5.546E-01
137  25
 1 4.625E-04 2.204E+01  2 2.335E-05 1.444E+01  3 1.588E-03 2.959E+00  4 1.674E-04 9.274E+01  5 1.262E-05 7.991E+01
 6 2.643E-04 1.058E+01  7 2.266E-05 1.917E+01  8 1.348E-05 2.272E+01  9 5.983E-06 6.198E+01 10 2.472E-03 2.696E+00
11 1.154E-04 1.249E+01 12 4.001E-04 3.834E+00 13 8.162E-03 1.092E+00 15 3.136E-04 1.648E+01 16 1.367E-03 9.289E-01
17 3.220E-04 1.487E+01 19 3.064E-02 4.817E+00 20 7.537E-04 2.246E+01 21 3.606E-08 1.000E+02 22 3.676E-07 1.000E+02
23 2.450E-04 3.066E+00 24 3.346E-03 3.198E-01 25 1.198E-07 7.791E+01 26 5.170E-03 4.305E-01 27 2.786E-03 4.577E-01
138  23
 1 3.836E-04 2.373E+01  2 3.027E-05 1.576E+01  3 1.492E-03 3.747E+00  4 2.177E-06 1.000E+02  5 6.000E-05 4.626E+01
 6 2.082E-04 1.329E+01  7 2.100E-05 2.271E+01  8 3.003E-05 3.498E+01  9 1.024E-05 4.478E+01 10 2.284E-03 3.632E+00
11 9.296E-05 1.460E+01 12 3.453E-04 3.948E+00 13 7.945E-03 8.081E-01 15 3.457E-04 1.253E+01 16 1.388E-03 1.387E+00
17 2.934E-04 9.774E+00 19 2.713E-02 3.001E+00 20 9.172E-04 1.441E+01 22 2.338E-05 1.000E+02 23 2.842E-04 2.813E+00
24 3.331E-03 3.172E-01 26 4.818E-03 4.375E-01 27 2.540E-03 5.451E-01
139  24
 1 2.735E-04 2.342E+01  2 3.938E-05 1.238E+01  3 1.336E-03 3.278E+00  4 2.226E-04 6.915E+01  5 1.276E-04 3.775E+01
 6 1.826E-04 8.740E+00  7 1.204E-05 1.372E+01  8 2.070E-05 2.725E+01  9 2.473E-07 1.000E+02 10 2.154E-03 2.476E+00
11 1.061E-04 1.895E+01 12 3.357E-04 3.612E+00 13 8.092E-03 8.925E-01 15 2.717E-04 1.264E+01 16 1.383E-03 1.148E+00
17 2.959E-04 1.622E+01 19 2.532E-02 3.826E+00 20 1.224E-03 1.785E+01 22 8.364E-07 1.000E+02 23 3.297E-04 2.776E+00
24 3.261E-03 3.572E-01 25 3.341E-08 1.000E+02 26 3.719E-03 5.958E-01 27 1.713E-03 8.425E-01
140  24
 1 3.709E-04 2.119E+01  2 3.926E-05 1.693E+01  3 1.172E-03 4.288E+00  4 6.344E-05 7.859E+01  5 8.748E-05 6.055E+01
 6 2.008E-04 1.374E+01  7 1.786E-05 1.906E+01  8 1.627E-05 2.588E+01  9 3.426E-07 1.000E+02 10 2.199E-03 2.686E+00
11 9.739E-05 1.301E+01 12 3.157E-04 4.191E+00 13 7.798E-03 8.973E-01 15 2.894E-04 1.181E+01 16 1.381E-03 1.005E+00
17 2.791E-04 1.472E+01 19 2.100E-02 5.041E+00 20 1.230E-03 1.701E+01 22 1.249E-05 4.905E+01 23 3.661E-04 2.492E+00
24 3.272E-03 2.995E-01 25 1.381E-08 9.707E+01 26 3.673E-03 4.625E-01 27 1.669E-03 5.530E-01
141  25
 1 2.106E-04 2.633E+01  2 4.482E-05 1.811E+01  3 1.047E-03 5.569E+00  5 6.516E-05 4.460E+01  6 1.514E-04 1.726E+01
 7 1.459E-05 2.368E+01  8 1.644E-05 2.860E+01  9 2.325E-06 6.994E+01 10 1.834E-03 3.220E+00 11 7.325E-05 1.605E+01
12 2.987E-04 5.195E+00 13 7.146E-03 1.119E+00 14 3.853E-06 1.000E+02 15 2.728E-04 1.340E+01 16 1.374E-03 1.306E+00
17 2.945E-04 1.190E+01 19 1.615E-02 4.499E+00 20 1.066E-03 1.223E+01 21 5.432E-06 7.093E+01 22 3.506E-06 8.608E+01
23 3.939E-04 2.214E+00 24 3.283E-03 3.109E-01 25 5.413E-08 8.527E+01 26 4.278E-03 5.573E-01 27 2.113E-03 7.162E-01
142  24
 1 4.018E-04 4.088E+01  2 5.764E-05 1.125E+01  3 9.457E-04 4.116E+00  4 1.271E-04 1.000E+02  5 1.205E-04 5.122E+01
 6 1.416E-04 1.365E+01  7 2.476E-05 1.894E+01  8 1.595E-05 3.520E+01  9 3.745E-06 7.278E+01 10 1.633E-03 4.134E+00
11 5.966E-05 1.513E+01 12 2.805E-04 3.799E+00 13 6.535E-03 1.221E+00 15 2.337E-04 1.723E+01 16 1.362E-03 1.148E+00
17 2.226E-04 1.137E+01 19 9.499E-03 4.815E+00 20 1.359E-03 2.007E+01 22 2.004E-06 7.895E+01 23 4.081E-04 2.204E+00
24 3.349E-03 3.273E-01 25 2.056E-07 8.094E+01 26 5.158E-03 5.629E-01 27 2.749E-03 6.443E-01
143  22
 1 3.596E-04 3.163E+01  2 6.802E-05 9.891E+00  3 9.553E-04 3.909E+00  4 4.036E-04 6.769E+01  5 5.532E-05 6.239E+01
 6 1.454E-04 1.475E+01  7 1.480E-05 2.626E+01  8 1.664E-05 2.580E+01  9 5.027E-08 1.000E+02 10 1.396E-03 4.597E+00
11 6.987E-05 1.494E+01 12 2.324E-04 4.285E+00 13 6.077E-03 9.330E-01 15 1.944E-04 9.780E+00 16 1.375E-03 1.153E+00
17 1.846E-04 1.477E+01 19 7.082E-03 5.644E+00 20 1.345E-03 1.635E+01 23 4.744E-04 2.540E+00 24 3.330E-03 2.951E-01
26 5.144E-03 3.945E-01 27 2.714E-03 6.110E-01
144  24
 1 4.125E-04 2.461E+01  2 6.322E-05 1.098E+01  3 8.512E-04 4.727E+00  4 1.063E-05 1.000E+02  5 6.154E-05 7.653E+01
 6 1.199E-04 1.601E+01  7 6.630E-06 2.157E+01  8 1.779E-05 2.587E+01 10 1.367E-03 3.240E+00 11 5.940E-05 1.712E+01
12 2.583E-04 4.650E+00 13 6.149E-03 8.946E-01 15 1.992E-04 1.208E+01 16 1.397E-03 1.138E+00 17 2.017E-04 1.450E+01
19 6.225E-03 6.095E+00 20 1.633E-03 1.355E+01 21 2.005E-06 1.000E+02 22 2.527E-07 1.000E+02 23 5.120E-04 2.204E+00
24 3.275E-03 3.128E-01 25 4.802E-08 8.668E+01 26 4.272E-03 6.255E-01 27 2.111E-03 7.317E-01
145  24
 1 2.204E-04 2.839E+01  2 5.919E-05 1.300E+01  3 7.895E-04 4.543E+00  4 9.626E-06 1.000E+02  5 3.954E-05 7.799E+01
 6 1.249E-04 1.806E+01  7 5.967E-06 3.378E+01  8 9.361E-06 3.127E+01  9 1.031E-06 9.146E+01 10 1.316E-03 4.892E+00
11 7.295E-05 2.406E+01 12 2.079E-04 4.916E+00 13 5.981E-03 1.069E+00 14 4.251E-06 1.000E+02 15 1.507E-04 1.888E+01
16 1.376E-03 1.408E+00 17 1.878E-04 1.246E+01 19 5.211E-03 8.750E+00 20 2.025E-03 1.157E+01 22 4.208E-08 1.000E+02
23 5.870E-04 2.146E+00 24 3.236E-03 3.099E-01 26 3.660E-03 7.378E-01 27 1.657E-03 8.791E-01
146  22
 1 3.140E-04 2.459E+01  2 8.594E-05 8.996E+00  3 7.926E-04 5.850E+00  4 2.459E-04 8.605E+01  5 2.509E-04 4.260E+01
 6 1.489E-04 1.292E+01  7 1.051E-05 2.175E+01  8 1.183E-05 4.795E+01 10 1.201E-03 4.635E+00 11 4.662E-05 1.464E+01
12 1.948E-04 4.520E+00 13 5.433E-03 1.266E+00 14 2.104E-06 1.000E+02 15 1.981E-04 1.506E+01 16 1.383E-03 1.197E+00
17 1.963E-04 1.806E+01 19 3.895E-03 7.618E+00 20 1.611E-03 8.255E+00 23 6.445E-04 2.525E+00 24 3.205E-03 2.894E-01
26 3.676E-03 5.793E-01 27 1.653E-03 6.098E-01
147  23
 1 3.054E-04 3.496E+01  2 7.998E-05 1.060E+01  3 6.083E-04 6.994E+00  4 7.061E-06 7.804E+01  5 7.107E-05 9.661E+01
 6 8.098E-05 1.384E+01  7 7.458E-06 2.523E+01  8 4.681E-06 3.821E+01  9 7.918E-09 1.000E+02 10 1.061E-03 4.625E+00
11 6.280E-05 2.592E+01 12 1.982E-04 5.197E+00 13 4.702E-03 1.217E+00 15 1.822E-04 1.653E+01 16 1.355E-03 9.709E-01
17 1.670E-04 1.565E+01 19 4.163E-03 7.249E+00 20 1.925E-03 1.428E+01 23 6.878E-04 1.857E+00 24 3.258E-03 3.552E-01
25 1.355E-08 1.000E+02 26 4.768E-03 4.897E-01 27 2.427E-03 5.370E-01
148  25
 1 9.189E-05 5.347E+01  2 1.057E-04 9.919E+00  3 5.626E-04 7.475E+00  4 1.088E-04 7.493E+01  5 8.878E-06 8.173E+01
 6 1.061E-04 2.018E+01  7 1.005E-05 3.352E+01  8 1.195E-05 4.808E+01  9 2.306E-08 1.000E+02 10 9.535E-04 4.774E+00
11 4.214E-05 2.159E+01 12 1.516E-04 6.503E+00 13 4.219E-03 1.120E+00 14 5.719E-05 1.000E+02 15 1.239E-04 1.913E+01
16 1.363E-03 1.031E+00 17 1.890E-04 1.456E+01 19 3.450E-03 8.511E+00 20 1.962E-03 1.254E+01 22 1.497E-05 9.640E+01
23 7.180E-04 1.606E+00 24 3.257E-03 3.063E-01 25 2.486E-08 1.000E+02 26 5.058E-03 3.350E-01 27 2.660E-03 5.059E-01
149  24
 1 2.530E-04 2.425E+01  2 1.139E-04 7.842E+00  3 5.435E-04 7.676E+00  4 1.688E-04 7.009E+01  5 2.663E-04 3.476E+01
 6 1.187E-04 1.940E+01  7 7.043E-06 3.388E+01  8 5.984E-06 4.266E+01  9 1.241E-06 6.935E+01 10 7.976E-04 5.844E+00
11 3.910E-05 1.873E+01 12 1.535E-04 5.663E+00 13 3.992E-03 1.302E+00 14 1.332E-05 1.000E+02 15 1.372E-04 2.209E+01
16 1.389E-03 1.057E+00 17 1.287E-04 1.541E+01 19 2.934E-03 9.408E+00 20 2.720E-03 9.600E+00 22 1.308E-06 9.740E+01
23 8.510E-04 2.320E+00 24 3.243E-03 3.763E-01 26 5.055E-03 5.013E-01 27 2.636E-03 6.223E-01
150  24
 1 1.400E-04 4.177E+01  2 1.161E-04 9.642E+00  3 4.378E-04 6.413E+00  4 2.183E-04 5.029E+01  5 4.989E-05 5.669E+01
 6 5.521E-05 2.010E+01  7 6.464E-06 3.344E+01  8 4.103E-06 6.167E+01  9 2.469E-07 9.458E+01 10 7.896E-04 6.633E+00
11 5.036E-05 2.548E+01 12 1.356E-04 5.222E+00 13 3.935E-03 1.490E+00 14 3.939E-06 1.000E+02 15 1.011E-04 1.691E+01
16 1.415E-03 9.756E-01 17 1.115E-04 1.904E+01 19 2.655E-03 1.057E+01 20 3.077E-03 6.349E+00 23 9.866E-04 1.798E+00
24 3.156E-03 3.166E-01 25 3.445E-10 1.000E+02 26 3.685E-03 4.958E-01 27 1.634E-03 8.159E-01
151  22
 1 1.943E-04 3.648E+01  2 1.349E-04 8.123E+00  3 5.064E-04 6.945E+00  4 5.455E-05 8.138E+01  5 6.267E-05 6.667E+01
 6 8.579E-05 1.750E+01  7 5.348E-06 3.138E+01  8 6.247E-06 3.987E+01 10 8.117E-04 4.528E+00 11 5.284E-05 1.971E+01
12 1.570E-04 7.920E+00 13 3.420E-03 7.986E-01 15 1.339E-04 1.962E+01 16 1.420E-03 1.181E+00 17 9.346E-05 1.682E+01
19 2.627E-03 1.071E+01 20 3.711E-03 8.726E+00 23 1.110E-03 1.531E+00 24 3.116E-03 3.108E-01 25 6.966E-08 6.891E+01
26 3.619E-03 6.213E-01 27 1.586E-03 8.317E-01
152  26
 1 2.605E-04 2.982E+01  2 1.746E-04 7.664E+00  3 4.647E-04 5.064E+00  4 5.133E-05 7.617E+01  5 3.609E-05 7.182E+01
 6 7.504E-05 2.319E+01  7 9.665E-06 2.683E+01  8 8.195E-06 5.248E+01  9 2.179E-06 9.152E+01 10 6.439E-04 6.426E+00
11 2.054E-05 2.691E+01 12 1.319E-04 5.767E+00 13 3.056E-03 1.240E+00 14 1.778E-05 1.000E+02 15 1.119E-04 2.134E+01
16 1.420E-03 1.113E+00 17 8.210E-05 2.871E+01 19 2.160E-03 1.465E+01 20 3.578E-03 6.520E+00 21 7.525E-06 9.640E+01
22 1.581E-07 1.000E+02 23 1.185E-03 1.889E+00 24 3.092E-03 4.028E-01 25 3.472E-09 9.389E+01 26 3.897E-03 4.413E-01
27 1.770E-03 6.085E-01
153  23
 1 2.993E-04 2.713E+01  2 1.745E-04 7.330E+00  3 3.245E-04 6.419E+00  4 1.096E-04 6.789E+01  5 2.921E-05 5.809E+01
 6 8.005E-05 1.852E+01  7 2.647E-06 3.371E+01  8 2.878E-06 8.581E+01  9 1.466E-06 1.000E+02 10 5.524E-04 7.295E+00
11 2.654E-05 2.464E+01 12 1.146E-04 7.991E+00 13 2.520E-03 1.889E+00 15 6.069E-05 2.122E+01 16 1.449E-03 9.777E-01
17 7.625E-05 2.088E+01 19 1.958E-03 1.150E+01 20 4.271E-03 6.492E+00 23 1.308E-03 1.810E+00 24 3.131E-03 2.843E-01
25 1.181E-07 5.944E+01 26 5.031E-03 3.366E-01 27 2.586E-03 4.059E-01
154  22
 1 1.014E-04 5.759E+01  2 2.022E-04 6.994E+00  3 3.412E-04 7.764E+00  4 1.390E-04 4.813E+01  5 3.755E-06 1.000E+02
 6 6.542E-05 2.413E+01  7 5.669E-06 3.570E+01  8 6.820E-06 4.489E+01 10 5.531E-04 5.289E+00 11 2.977E-05 1.967E+01
12 1.017E-04 1.066E+01 13 2.283E-03 1.474E+00 15 4.257E-05 2.892E+01 16 1.460E-03 1.122E+00 17 1.130E-04 1.655E+01
19 1.726E-03 1.552E+01 20 4.506E-03 9.524E+00 22 7.561E-08 1.000E+02 23 1.463E-03 1.632E+00 24 3.075E-03 3.358E-01
26 4.979E-03 5.119E-01 27 2.571E-03 7.066E-01
155  22
 1 1.800E-04 3.074E+01  2 2.392E-04 5.744E+00  3 2.827E-04 6.915E+00  4 4.280E-04 3.401E+01  5 3.187E-05 6.471E+01
 6 6.426E-05 2.535E+01  7 4.378E-06 4.370E+01  8 6.585E-06 6.458E+01  9 5.091E-07 1.000E+02 10 4.787E-04 8.220E+00
11 3.675E-05 2.732E+01 12 9.910E-05 8.393E+00 13 1.961E-03 2.390E+00 15 8.164E-05 1.591E+01 16 1.500E-03 9.322E-01
17 1.053E-04 2.085E+01 19 1.557E-03 1.480E+01 20 5.252E-03 7.166E+00 23 1.734E-03 1.045E+00 24 2.966E-03 3.321E-01
26 4.279E-03 4.791E-01 27 2.082E-03 5.983E-01
156  22
 1 2.017E-05 6.228E+01  2 2.658E-04 5.544E+00  3 3.064E-04 8.509E+00  4 7.457E-04 3.321E+01  6 6.135E-05 1.834E+01
 7 3.292E-06 4.435E+01  8 2.945E-06 8.268E+01  9 1.579E-06 1.000E+02 10 3.717E-04 9.342E+00 11 2.147E-05 2.189E+01
12 8.389E-05 9.150E+00 13 1.735E-03 1.820E+00 15 5.644E-05 2.405E+01 16 1.544E-03 8.532E-01 17 7.861E-05 2.072E+01
19 1.810E-03 1.369E+01 20 5.923E-03 4.697E+00 23 1.996E-03 1.317E+00 24 2.876E-03 3.067E-01 25 4.185E-08 1.000E+02
26 3.970E-03 5.300E-01 27 1.633E-03 7.372E-01
157  23
 1 1.576E-04 4.623E+01  2 2.999E-04 5.745E+00  3 2.459E-04 1.026E+01  4 2.104E-04 4.933E+01  5 3.923E-05 7.588E+01
 6 3.798E-05 2.430E+01  7 5.289E-06 3.215E+01  8 6.992E-06 4.576E+01  9 1.169E-07 6.293E+01 10 4.018E-04 8.355E+00
11 3.294E-05 2.921E+01 12 7.748E-05 7.348E+00 13 1.521E-03 2.136E+00 15 6.283E-05 2.746E+01 16 1.607E-03 1.074E+00
17 6.561E-05 2.753E+01 19 1.186E-03 1.614E+01 20 6.847E-03 6.159E+00 23 2.287E-03 1.027E+00 24 2.786E-03 2.688E-01
25 2.309E-10 1.000E+02 26 4.133E-03 5.782E-01 27 1.677E-03 7.996E-01
158  22
 1 1.492E-04 4.643E+01  2 3.831E-04 4.393E+00  3 2.286E-04 7.016E+00  4 5.439E-04 3.897E+01  5 2.227E-05 9.548E+01
 6 2.825E-05 2.665E+01  7 3.562E-06 4.208E+01  8 1.167E-05 6.714E+01  9 6.741E-07 9.823E+01 10 3.325E-04 6.782E+00
11 1.979E-05 3.323E+01 12 6.923E-05 8.197E+00 13 1.323E-03 2.265E+00 15 7.232E-05 3.126E+01 16 1.601E-03 1.336E+00
17 7.026E-05 1.818E+01 19 1.042E-03 2.000E+01 20 7.427E-03 5.262E+00 23 2.630E-03 9.844E-01 24 2.632E-03 3.438E-01
26 3.710E-03 5.566E-01 27 1.501E-03 8.192E-01
159  22
 1 1.062E-04 4.444E+01  2 4.009E-04 4.910E+00  3 2.128E-04 9.725E+00  4 3.452E-04 5.523E+01  5 9.989E-06 7.532E+01
 6 6.012E-05 2.395E+01  7 2.415E-06 3.436E+01  8 1.050E-05 3.749E+01  9 1.819E-06 1.000E+02 10 3.167E-04 4.449E+00
11 1.716E-05 2.521E+01 12 6.861E-05 9.531E+00 13 1.283E-03 2.619E+00 15 5.546E-05 3.035E+01 16 1.797E-03 7.609E-01
17 7.274E-05 2.103E+01 19 8.944E-04 1.481E+01 20 1.038E-02 5.966E+00 23 3.208E-03 8.735E-01 24 2.358E-03 3.610E-01
26 2.200E-03 8.728E-01 27 1.005E-03 9.074E-01
160  22
 1 7.429E-05 4.226E+01  2 4.266E-04 4.598E+00  3 1.891E-04 9.872E+00  4 6.800E-04 3.237E+01  6 3.847E-05 3.646E+01
 7 3.816E-06 5.180E+01  8 6.037E-06 6.020E+01 10 2.945E-04 9.077E+00 11 5.540E-06 4.301E+01 12 6.653E-05 1.205E+01
13 1.040E-03 2.968E+00 15 4.357E-05 3.508E+01 16 5.990E-03 6.369E-01 17 4.341E-05 3.600E+01 19 1.012E-03 1.595E+01
20 1.263E-02 5.470E+00 21 4.045E-07 1.000E+02 23 3.867E-03 9.323E-01 24 2.153E-03 3.501E-01 25 1.201E-08 1.000E+02
26 2.034E-03 3.845E-01 27 9.352E-04 6.558E-01
161  22
 1 8.390E-05 4.082E+01  2 3.057E-04 4.120E+00  3 1.078E-04 9.766E+00  4 1.738E-04 5.359E+01  5 3.296E-06 1.000E+02
 6 2.445E-05 2.066E+01  7 2.100E-06 3.289E+01  8 4.056E-06 8.217E+01  9 6.496E-08 1.000E+02 10 2.258E-04 7.769E+00
11 6.120E-06 2.948E+01 12 4.930E-05 9.799E+00 13 9.119E-04 2.150E+00 15 4.181E-05 3.530E+01 16 1.259E-03 6.976E-01
17 4.376E-05 2.153E+01 19 7.572E-04 1.337E+01 20 4.069E-02 2.175E+00 23 1.058E-02 3.485E-01 24 8.475E-04 4.456E-01
26 1.949E-03 6.953E-01 27 8.482E-04 8.304E-01
162  20
 1 3.515E-05 4.987E+01  2 3.634E-04 3.609E+00  3 9.839E-05 1.012E+01  4 4.064E-04 3.005E+01  6 1.926E-05 3.192E+01
 7 1.917E-06 4.438E+01  8 3.201E-06 5.517E+01 10 1.895E-04 9.571E+00 11 7.999E-06 6.283E+01 12 3.902E-05 7.741E+00
13 8.012E-04 2.694E+00 15 1.307E-05 4.311E+01 16 1.265E-03 9.529E-01 17 2.432E-05 2.613E+01 19 6.489E-04 1.643E+01
20 6.000E-02 2.139E+00 23 1.142E-02 2.984E-01 24 7.127E-04 5.922E-01 26 1.962E-03 6.141E-01 27 8.083E-04 6.527E-01
163  21
 1 2.092E-05 7.604E+01  2 3.922E-04 4.022E+00  3 9.715E-05 1.009E+01  4 2.823E-04 4.962E+01  6 2.509E-05 2.492E+01
 7 4.427E-07 4.475E+01  8 1.920E-06 6.323E+01 10 1.737E-04 6.519E+00 11 1.385E-05 2.613E+01 12 4.080E-05 8.663E+00
13 7.363E-04 1.562E+00 15 4.666E-05 3.594E+01 16 1.305E-03 1.090E+00 17 2.524E-05 3.450E+01 19 5.572E-04 1.482E+01
20 7.123E-02 1.887E+00 23 1.199E-02 3.030E-01 24 6.172E-04 5.950E-01 25 1.799E-09 1.000E+02 26 1.979E-03 5.618E-01
27 7.839E-04 6.685E-01
164  20
 1 1.860E-05 6.796E+01  2 4.490E-04 3.697E+00  3 9.047E-05 1.139E+01  4 1.345E-04 7.091E+01  6 1.716E-05 2.804E+01
 7 1.463E-06 4.850E+01  8 2.196E-06 6.763E+01 10 1.581E-04 7.880E+00 11 1.240E-05 2.898E+01 12 3.568E-05 1.078E+01
13 6.560E-04 2.284E+00 15 3.395E-05 4.604E+01 16 1.270E-03 9.254E-01 17 3.173E-05 2.221E+01 19 6.369E-04 2.276E+01
20 7.128E-02 1.284E+00 23 1.248E-02 3.254E-01 24 5.406E-04 5.716E-01 26 2.046E-03 5.127E-01 27 7.861E-04 7.470E-01
165  21
 1 1.515E-05 8.470E+01  2 4.694E-04 3.070E+00  3 8.502E-05 1.451E+01  4 1.513E-04 4.345E+01  5 6.727E-07 1.000E+02
 6 1.010E-05 3.240E+01  7 1.651E-07 5.756E+01  8 2.740E-07 1.000E+02 10 1.260E-04 8.755E+00 11 5.345E-06 3.848E+01
12 2.822E-05 1.037E+01 13 5.757E-04 1.867E+00 15 2.232E-05 3.001E+01 16 1.285E-03 1.081E+00 17 4.072E-05 2.993E+01
19 5.118E-04 1.759E+01 20 6.700E-02 1.562E+00 23 1.285E-02 3.143E-01 24 4.747E-04 6.266E-01 26 2.059E-03 6.675E-01
27 7.578E-04 7.171E-01
166  23
 1 2.533E-05 4.743E+01  2 5.438E-04 2.684E+00  3 6.762E-05 1.329E+01  4 3.659E-04 3.516E+01  5 5.085E-06 9.636E+01
 6 1.314E-05 2.538E+01  7 1.435E-06 6.362E+01  8 1.085E-06 7.098E+01  9 7.682E-09 1.000E+02 10 1.271E-04 7.768E+00
11 6.826E-06 4.567E+01 12 2.428E-05 9.296E+00 13 5.050E-04 2.543E+00 15 6.084E-06 4.981E+01 16 1.280E-03 7.545E-01
17 2.838E-05 2.246E+01 19 3.517E-04 1.550E+01 20 6.360E-02 1.875E+00 23 1.328E-02 3.173E-01 24 4.244E-04 6.726E-01
25 7.658E-09 1.000E+02 26 2.154E-03 6.390E-01 27 7.751E-04 8.047E-01
167  21
 1 5.983E-05 8.474E+01  2 6.528E-04 2.908E+00  3 6.806E-05 1.234E+01  4 3.268E-04 3.302E+01  6 2.324E-05 2.682E+01
 7 7.117E-07 6.766E+01  8 3.352E-06 6.799E+01  9 2.106E-06 1.000E+02 10 1.189E-04 9.708E+00 11 5.350E-06 5.167E+01
12 2.620E-05 8.713E+00 13 4.637E-04 2.818E+00 15 2.404E-05 4.319E+01 16 1.251E-03 1.025E+00 17 3.602E-05 2.742E+01
19 4.204E-04 2.333E+01 20 5.952E-02 1.629E+00 23 1.357E-02 3.097E-01 24 3.794E-04 7.727E-01 26 2.218E-03 6.286E-01
27 7.687E-04 8.114E-01
168  20
 2 6.924E-04 2.560E+00  3 5.232E-05 1.765E+01  4 3.662E-04 3.268E+01  5 3.404E-05 9.232E+01  6 1.752E-05 3.915E+01
 7 5.307E-07 5.057E+01  8 1.222E-06 6.744E+01 10 1.133E-04 1.108E+01 11 1.451E-06 8.153E+01 12 2.224E-05 1.298E+01
13 4.251E-04 2.992E+00 15 1.220E-05 5.367E+01 16 2.076E-03 9.185E-01 17 2.707E-05 2.103E+01 19 3.159E-04 2.195E+01
20 4.757E-02 2.856E+00 23 1.424E-02 3.520E-01 24 3.499E-04 9.044E-01 26 2.416E-03 6.850E-01 27 7.994E-04 6.959E-01
169  22
 1 2.321E-05 5.662E+01  2 7.044E-04 3.109E+00  3 7.939E-05 1.594E+01  4 6.923E-04 3.725E+01  6 1.150E-05 4.681E+01
 7 1.654E-06 6.266E+01  8 4.805E-06 7.630E+01  9 4.855E-07 1.000E+02 10 8.259E-05 1.030E+01 11 4.191E-06 6.797E+01
12 2.091E-05 1.306E+01 13 3.832E-04 3.974E+00 15 6.600E-06 5.828E+01 16 1.349E-03 1.207E+00 17 2.166E-05 3.173E+01
19 4.595E-04 1.551E+01 20 2.653E-02 2.768E+00 22 8.274E-06 1.000E+02 23 1.553E-02 3.134E-01 24 3.127E-04 9.471E-01
26 3.829E-03 5.093E-01 27 1.105E-03 6.745E-01
170  20
 1 1.276E-05 6.559E+01  2 8.165E-04 2.917E+00  3 6.836E-05 1.485E+01  4 4.122E-04 3.306E+01  6 1.119E-05 4.258E+01
 7 2.545E-07 5.914E+01  8 4.861E-07 8.680E+01 10 8.711E-05 1.231E+01 11 6.164E-06 3.711E+01 12 2.240E-05 1.774E+01
13 3.477E-04 3.001E+00 15 1.662E-05 6.431E+01 16 1.301E-03 7.404E-01 17 1.710E-05 3.439E+01 19 4.426E-04 1.598E+01
20 1.873E-02 4.502E+00 23 1.600E-02 3.036E-01 24 2.751E-04 9.862E-01 26 4.035E-03 4.618E-01 27 1.142E-03 5.037E-01
171  21
 1 3.810E-05 5.871E+01  2 9.759E-04 1.828E+00  3 4.477E-05 1.476E+01  4 7.314E-04 3.532E+01  5 1.335E-05 1.000E+02
 6 7.143E-06 2.958E+01  7 1.033E-06 5.795E+01 10 6.282E-05 1.081E+01 11 2.887E-06 5.421E+01 12 1.881E-05 1.384E+01
13 2.861E-04 3.547E+00 15 1.851E-05 3.413E+01 16 1.272E-03 1.060E+00 17 1.820E-05 2.943E+01 19 2.570E-04 1.917E+01
20 1.120E-02 4.123E+00 23 1.626E-02 2.581E-01 24 2.413E-04 8.794E-01 25 1.359E-09 1.000E+02 26 4.155E-03 4.077E-01
27 1.155E-03 5.132E-01
172  18
 2 1.076E-03 2.566E+00  3 4.015E-05 1.193E+01  4 1.000E-03 2.390E+01  6 3.935E-06 6.685E+01  7 6.227E-07 6.818E+01
10 5.383E-05 1.549E+01 11 1.663E-06 5.014E+01 12 1.457E-05 1.291E+01 13 2.699E-04 4.473E+00 15 4.704E-06 4.691E+01
16 1.228E-03 1.121E+00 17 2.038E-05 3.743E+01 19 2.840E-04 2.183E+01 20 9.049E-03 3.125E+00 23 1.653E-02 3.225E-01
24 2.125E-04 1.280E+00 26 4.253E-03 5.037E-01 27 1.169E-03 5.060E-01
173  19
 2 1.300E-03 1.412E+00  3 5.050E-05 1.321E+01  4 6.395E-04 2.579E+01  6 1.199E-05 4.117E+01  7 8.820E-08 1.000E+02
 8 3.861E-07 1.000E+02 10 5.026E-05 1.712E+01 11 2.527E-06 6.670E+01 12 1.053E-05 1.616E+01 13 2.275E-04 4.999E+00
15 5.456E-06 3.786E+01 16 1.222E-03 1.094E+00 17 1.068E-05 3.637E+01 19 1.564E-04 2.383E+01 20 8.628E-03 5.255E+00
23 1.677E-02 2.886E-01 24 1.879E-04 8.797E-01 26 4.334E-03 5.039E-01 27 1.177E-03 5.728E-01
174  20
 2 1.433E-03 1.806E+00  3 3.548E-05 1.587E+01  4 4.922E-04 2.281E+01  5 4.283E-06 1.000E+02  6 6.572E-06 6.896E+01
 7 4.056E-07 7.337E+01  8 1.041E-06 7.896E+01 10 6.084E-05 1.063E+01 11 4.157E-06 5.933E+01 12 1.012E-05 1.927E+01
13 2.018E-04 3.073E+00 15 2.772E-06 5.279E+01 16 1.216E-03 9.659E-01 17 8.444E-06 4.541E+01 19 2.238E-04 3.021E+01
20 6.853E-03 4.988E+00 23 1.696E-02 3.186E-01 24 1.718E-04 9.305E-01 26 4.398E-03 4.479E-01 27 1.187E-03 5.412E-01
175  21
 1 1.646E-05 7.678E+01  2 1.656E-03 1.186E+00  3 3.849E-05 2.267E+01  4 8.789E-04 3.182E+01  5 2.597E-06 6.087E+01
 6 9.208E-06 6.214E+01  7 5.182E-09 1.000E+02  8 2.814E-07 1.000E+02 10 5.279E-05 1.494E+01 11 3.239E-06 7.309E+01
12 1.394E-05 1.351E+01 13 1.812E-04 4.224E+00 15 5.416E-06 4.554E+01 16 1.205E-03 1.139E+00 17 8.049E-06 4.277E+01
19 1.869E-04 2.398E+01 20 5.630E-03 5.265E+00 23 1.689E-02 3.078E-01 24 1.498E-04 1.265E+00 26 4.385E-03 4.509E-01
27 1.167E-03 5.208E-01
176  21
 1 1.041E-05 7.862E+01  2 1.874E-03 1.588E+00  3 3.815E-05 2.172E+01  4 1.608E-03 1.681E+01  6 9.104E-06 5.106E+01
 7 2.222E-06 6.526E+01  8 2.378E-06 1.000E+02  9 4.503E-07 1.000E+02 10 3.685E-05 1.178E+01 11 4.527E-07 8.511E+01
12 8.409E-06 2.261E+01 13 1.706E-04 5.322E+00 15 1.313E-05 4.258E+01 16 1.202E-03 9.320E-01 17 6.416E-06 5.620E+01
19 1.586E-04 3.372E+01 20 4.837E-03 5.005E+00 23 1.714E-02 2.768E-01 24 1.397E-04 1.424E+00 26 4.514E-03 3.971E-01
27 1.199E-03 4.355E-01
177  19
 2 2.134E-03 1.963E+00  3 5.179E-05 1.369E+01  4 1.493E-03 1.974E+01  5 1.644E-07 1.000E+02  6 9.152E-06 4.804E+01
 7 1.470E-07 1.000E+02 10 4.921E-05 1.469E+01 11 4.512E-06 6.369E+01 12 9.428E-06 2.073E+01 13 1.636E-04 4.911E+00
15 1.745E-05 5.631E+01 16 1.196E-03 8.979E-01 17 6.263E-06 5.803E+01 19 1.197E-04 3.349E+01 20 4.207E-03 6.387E+00
23 1.719E-02 3.500E-01 24 1.247E-04 1.490E+00 26 4.507E-03 4.548E-01 27 1.185E-03 4.417E-01
178  20
 2 2.405E-03 1.119E+00  3 3.190E-05 2.126E+01  4 2.107E-03 1.419E+01  6 1.910E-06 5.472E+01  7 3.618E-06 5.381E+01
 8 9.419E-07 9.672E+01  9 4.635E-08 1.000E+02 10 3.698E-05 2.113E+01 11 5.740E-07 9.121E+01 12 6.016E-06 1.918E+01
13 1.388E-04 4.765E+00 15 8.856E-06 4.836E+01 16 1.213E-03 1.207E+00 17 3.078E-06 5.970E+01 19 9.523E-05 3.908E+01
20 3.876E-03 5.023E+00 23 1.729E-02 3.410E-01 24 1.137E-04 1.266E+00 26 4.569E-03 5.482E-01 27 1.185E-03 5.766E-01
179  20
 1 8.568E-06 9.165E+01  2 2.877E-03 1.058E+00  3 3.845E-05 1.985E+01  4 1.612E-03 1.336E+01  6 7.231E-06 7.169E+01
 7 5.107E-07 5.188E+01  8 1.419E-06 6.665E+01 10 3.071E-05 1.771E+01 11 4.943E-06 6.842E+01 12 8.447E-06 2.082E+01
13 1.349E-04 5.454E+00 15 7.067E-06 4.269E+01 16 1.143E-03 1.211E+00 17 8.608E-07 6.073E+01 19 1.090E-04 3.404E+01
20 2.950E-03 9.150E+00 23 1.735E-02 3.350E-01 24 1.013E-04 1.517E+00 26 4.616E-03 4.840E-01 27 1.189E-03 5.429E-01
180  19
 2 3.314E-03 1.068E+00  3 1.688E-05 2.066E+01  4 2.938E-03 1.117E+01  6 6.738E-06 5.883E+01  7 6.755E-08 6.097E+01
 8 3.794E-07 1.000E+02 10 2.702E-05 1.994E+01 11 4.741E-07 8.781E+01 12 7.426E-06 2.682E+01 13 1.144E-04 5.666E+00
15 1.119E-06 9.267E+01 16 1.166E-03 1.055E+00 17 5.414E-06 5.353E+01 19 4.366E-05 3.543E+01 20 2.774E-03 6.714E+00
23 1.747E-02 3.281E-01 24 9.096E-05 1.249E+00 26 4.700E-03 4.138E-01 27 1.196E-03 4.913E-01
181  21
 2 3.832E-03 1.104E+00  3 1.733E-05 2.633E+01  4 3.781E-03 7.753E+00  5 1.630E-05 1.000E+02  6 1.276E-05 4.202E+01
 7 3.001E-07 8.004E+01  8 1.300E-07 1.000E+02 10 2.724E-05 1.618E+01 11 2.550E-06 7.865E+01 12 4.873E-06 2.134E+01
13 9.492E-05 5.490E+00 15 1.207E-05 4.974E+01 16 1.157E-03 1.156E+00 17 5.864E-06 5.965E+01 19 5.158E-05 3.568E+01
20 2.707E-03 7.378E+00 23 1.758E-02 2.919E-01 24 8.428E-05 1.473E+00 25 3.516E-08 1.000E+02 26 4.855E-03 4.527E-01
27 1.221E-03 5.780E-01
182  18
 1 3.299E-06 7.162E+01  2 4.535E-03 1.446E+00  3 2.147E-05 2.799E+01  4 4.149E-03 1.324E+01  6 1.336E-06 7.905E+01
10 2.139E-05 2.343E+01 11 1.140E-06 6.681E+01 12 4.789E-06 2.471E+01 13 8.425E-05 5.931E+00 15 2.845E-06 1.000E+02
16 1.141E-03 1.125E+00 17 4.730E-06 6.262E+01 19 4.327E-05 3.824E+01 20 2.014E-03 8.180E+00 23 1.776E-02 3.072E-01
24 7.471E-05 1.916E+00 26 5.031E-03 4.129E-01 27 1.175E-03 4.987E-01
183  20
 1 1.520E-05 1.000E+02  2 5.608E-03 8.744E-01  3 1.289E-05 3.718E+01  4 5.371E-03 9.227E+00  6 2.687E-06 6.617E+01
 7 3.605E-07 1.000E+02  8 1.282E-06 1.000E+02 10 2.743E-05 2.429E+01 11 6.869E-07 1.000E+02 12 5.729E-06 2.411E+01
13 8.269E-05 8.945E+00 15 2.864E-06 7.319E+01 16 1.140E-03 1.180E+00 17 1.090E-05 5.955E+01 19 3.411E-05 5.843E+01
20 1.610E-03 8.299E+00 23 1.794E-02 2.923E-01 24 6.731E-05 2.186E+00 26 5.387E-03 3.681E-01 27 1.246E-03 3.868E-01
184  18
 1 7.459E-07 1.000E+02  2 7.635E-03 9.953E-01  3 2.808E-05 2.222E+01  4 7.983E-03 7.001E+00  6 2.106E-06 7.866E+01
10 1.962E-05 1.627E+01 11 1.821E-06 1.000E+02 12 6.443E-06 2.800E+01 13 7.554E-05 7.380E+00 15 7.928E-06 5.442E+01
16 1.134E-03 1.090E+00 17 1.049E-06 8.977E+01 19 9.789E-05 3.430E+01 20 1.492E-03 9.031E+00 23 1.799E-02 2.857E-01
24 6.123E-05 2.153E+00 26 5.570E-03 3.903E-01 27 1.279E-03 4.084E-01
185  17
 2 9.910E-03 8.885E-01  3 1.357E-05 3.280E+01  4 1.306E-02 6.991E+00  6 1.142E-06 7.523E+01 10 1.183E-05 2.542E+01
11 3.128E-06 7.187E+01 12 3.683E-06 2.670E+01 13 6.546E-05 8.070E+00 15 2.590E-06 6.884E+01 16 1.135E-03 9.781E-01
17 3.046E-06 6.060E+01 19 2.321E-05 6.540E+01 20 1.416E-03 1.079E+01 23 1.815E-02 3.201E-01 24 5.330E-05 2.506E+00
26 5.782E-03 4.176E-01 27 1.315E-03 4.201E-01
186  16
 2 1.236E-02 7.657E-01  3 1.333E-05 2.524E+01  4 1.027E-01 2.291E+00  6 1.754E-06 9.669E+01 10 2.209E-05 2.999E+01
11 1.365E-06 7.482E+01 12 4.196E-06 3.077E+01 13 5.717E-05 6.980E+00 16 1.066E-03 1.086E+00 17 1.079E-06 1.000E+02
19 3.359E-05 7.737E+01 20 1.141E-03 1.135E+01 23 1.822E-02 2.716E-01 24 4.935E-05 2.082E+00 26 5.811E-03 3.364E-01
27 1.315E-03 4.038E-01
187  17
 2 1.522E-02 5.065E-01  3 1.831E-05 2.521E+01  4 1.097E-01 3.051E+00  6 1.020E-06 6.214E+01  8 8.342E-07 1.000E+02
10 8.079E-06 3.916E+01 11 1.298E-07 1.000E+02 12 2.793E-06 2.656E+01 13 5.696E-05 7.756E+00 16 1.070E-03 1.402E+00
17 1.426E-06 7.628E+01 19 1.615E-04 4.046E+01 20 9.190E-04 1.156E+01 23 1.821E-02 3.275E-01 24 4.485E-05 1.890E+00
26 5.689E-03 4.695E-01 27 1.270E-03 5.381E-01
188  18
 1 1.491E-07 1.000E+02  2 1.799E-02 5.700E-01  3 1.863E-05 2.160E+01  4 1.120E-01 1.889E+00  6 1.433E-06 1.000E+02
10 1.356E-05 2.744E+01 11 2.981E-06 5.234E+01 12 1.955E-06 3.172E+01 13 4.876E-05 7.795E+00 15 1.313E-06 6.937E+01
16 1.041E-03 1.225E+00 17 2.001E-06 9.716E+01 19 4.209E-05 3.913E+01 20 7.358E-04 1.213E+01 23 1.796E-02 3.467E-01
24 3.938E-05 2.041E+00 26 5.453E-03 3.731E-01 27 1.204E-03 4.106E-01
189  16
 2 2.097E-02 4.427E-01  3 1.242E-05 3.722E+01  4 1.137E-01 1.799E+00 10 4.438E-06 4.652E+01 12 2.602E-06 3.210E+01
13 4.314E-05 8.982E+00 15 9.881E-08 1.000E+02 16 1.058E-03 1.451E+00 17 2.435E-08 1.000E+02 19 7.895E-06 5.282E+01
20 6.859E-04 1.343E+01 23 1.788E-02 2.757E-01 24 3.538E-05 3.089E+00 25 2.636E-08 1.000E+02 26 5.249E-03 4.629E-01
27 1.144E-03 5.202E-01
190  19
 2 2.315E-02 4.598E-01  3 1.009E-05 3.515E+01  4 1.306E-02 7.160E+00  6 1.787E-06 7.661E+01  7 2.507E-07 1.000E+02
 8 7.537E-07 1.000E+02 10 4.636E-06 4.770E+01 11 3.202E-08 1.000E+02 12 2.371E-06 3.447E+01 13 3.612E-05 1.247E+01
14 1.133E-06 1.000E+02 16 1.094E-03 1.062E+00 17 1.171E-06 9.599E+01 19 2.837E-05 5.044E+01 20 5.967E-04 1.080E+01
23 1.770E-02 2.838E-01 24 3.232E-05 3.230E+00 26 5.078E-03 3.765E-01 27 1.097E-03 4.734E-01
191  18
 2 2.492E-02 5.650E-01  3 2.125E-05 2.192E+01  4 1.016E-02 6.955E+00  6 2.041E-06 1.000E+02  7 3.351E-08 1.000E+02
10 6.428E-06 3.338E+01 11 1.120E-06 9.120E+01 12 1.646E-06 3.823E+01 13 3.124E-05 7.803E+00 15 1.076E-06 1.000E+02
16 1.114E-03 1.129E+00 17 1.620E-06 6.920E+01 19 1.141E-05 7.018E+01 20 5.550E-04 1.809E+01 23 1.776E-02 3.419E-01
24 3.175E-05 2.954E+00 26 5.099E-03 3.716E-01 27 1.103E-03 4.577E-01
192  18
 2 2.619E-02 4.165E-01  3 1.207E-05 2.766E+01  4 6.446E-03 1.263E+01  6 1.545E-06 1.000E+02  7 2.750E-08 1.000E+02
10 1.112E-05 2.286E+01 11 6.045E-07 9.853E+01 12 2.685E-06 3.442E+01 13 3.701E-05 9.598E+00 15 3.971E-07 6.579E+01
16 1.101E-03 9.292E-01 17 2.388E-06 6.133E+01 19 7.359E-06 8.807E+01 20 3.813E-04 2.476E+01 23 1.769E-02 3.043E-01
24 2.934E-05 3.414E+00 26 5.095E-03 3.177E-01 27 1.098E-03 3.374E-01
193  17
 2 2.699E-02 4.743E-01  3 1.020E-05 3.056E+01  4 4.119E-03 9.950E+00  6 3.549E-07 9.616E+01 10 7.390E-06 3.114E+01
11 2.582E-07 1.000E+02 12 2.088E-06 3.178E+01 13 2.169E-05 8.298E+00 15 4.950E-06 1.000E+02 16 1.100E-03 1.262E+00
17 2.471E-06 7.193E+01 19 4.878E-05 7.699E+01 20 5.615E-04 1.580E+01 23 1.752E-02 3.234E-01 24 2.535E-05 3.364E+00
26 5.038E-03 4.311E-01 27 1.085E-03 4.768E-01
194  15
 2 2.747E-02 4.458E-01  3 1.051E-05 4.115E+01  4 3.867E-03 1.631E+01  6 8.001E-07 6.225E+01 10 6.964E-06 3.761E+01
11 4.726E-07 1.000E+02 12 1.141E-06 4.263E+01 13 1.924E-05 1.324E+01 16 1.105E-03 1.181E+00 19 6.555E-07 1.000E+02
20 3.725E-04 1.712E+01 23 1.748E-02 3.194E-01 24 2.359E-05 2.569E+00 26 5.023E-03 4.186E-01 27 1.082E-03 4.590E-01
195  18
 2 2.721E-02 3.797E-01  3 1.247E-05 4.342E+01  4 3.232E-03 1.357E+01  6 2.885E-07 1.000E+02  7 5.111E-07 6.922E+01
 9 1.784E-08 1.000E+02 10 4.867E-06 3.730E+01 11 5.648E-07 9.267E+01 12 1.479E-06 3.606E+01 13 2.568E-05 9.940E+00
16 1.125E-03 7.965E-01 17 2.014E-07 1.000E+02 19 5.046E-07 8.359E+01 20 4.535E-04 1.959E+01 23 1.724E-02 3.025E-01
24 2.122E-05 3.039E+00 26 4.963E-03 2.915E-01 27 1.068E-03 2.948E-01
196  15
 2 2.668E-02 4.902E-01  3 1.172E-05 3.392E+01  4 2.050E-03 1.540E+01  6 1.223E-06 8.917E+01  7 4.141E-07 1.000E+02
10 5.517E-06 4.119E+01 12 6.927E-07 3.693E+01 13 2.402E-05 1.507E+01 16 1.134E-03 1.063E+00 19 2.115E-06 1.000E+02
20 3.683E-04 1.441E+01 23 1.706E-02 2.862E-01 24 1.981E-05 3.680E+00 26 4.946E-03 3.785E-01 27 1.064E-03 3.716E-01
197  15
 2 2.608E-02 4.761E-01  3 6.713E-06 4.123E+01  4 2.369E-03 1.560E+01  6 3.290E-07 9.511E+01 10 4.690E-06 5.296E+01
12 3.333E-07 4.736E+01 13 1.702E-05 1.491E+01 16 1.095E-03 1.007E+00 17 3.996E-07 1.000E+02 19 3.451E-07 7.279E+01
20 2.660E-04 1.696E+01 23 1.678E-02 3.153E-01 24 1.704E-05 2.479E+00 26 4.906E-03 4.401E-01 27 1.055E-03 4.595E-01
198  14
 2 2.483E-02 5.171E-01  3 8.773E-06 4.839E+01  4 2.053E-03 1.995E+01 10 5.832E-06 4.655E+01 12 4.830E-07 8.143E+01
13 1.141E-05 1.276E+01 16 1.127E-03 1.515E+00 17 1.648E-08 1.000E+02 19 2.575E-06 1.000E+02 20 2.458E-04 1.819E+01
23 1.644E-02 2.833E-01 24 1.471E-05 3.670E+00 26 4.889E-03 3.407E-01 27 1.056E-03 4.198E-01
199  16
 2 2.330E-02 5.928E-01  3 9.162E-06 3.675E+01  4 1.077E-03 1.976E+01  6 6.213E-07 1.000E+02 10 2.157E-06 5.009E+01
12 4.056E-07 4.791E+01 13 1.525E-05 1.300E+01 15 8.364E-08 1.000E+02 16 1.138E-03 7.206E-01 17 6.245E-07 1.000E+02
19 5.168E-06 1.000E+02 20 2.675E-04 3.196E+01 23 1.593E-02 3.202E-01 24 1.324E-05 4.530E+00 26 4.815E-03 3.895E-01
27 1.039E-03 4.570E-01
200  14
 2 2.152E-02 5.988E-01  3 7.226E-06 3.637E+01  4 1.411E-03 1.888E+01 10 3.173E-06 4.424E+01 11 5.182E-08 1.000E+02
12 7.051E-07 4.070E+01 13 1.221E-05 1.669E+01 16 1.149E-03 9.480E-01 19 9.505E-06 1.000E+02 20 2.917E-04 2.293E+01
23 1.550E-02 2.971E-01 24 1.077E-05 3.934E+00 26 4.822E-03 3.757E-01 27 1.045E-03 4.512E-01
201  14
 2 1.929E-02 4.655E-01  3 3.489E-06 7.446E+01  4 1.117E-03 1.765E+01  6 1.261E-07 1.000E+02 10 2.124E-06 4.885E+01
12 7.882E-07 5.598E+01 13 6.882E-06 2.043E+01 16 1.206E-03 1.018E+00 19 4.513E-05 4.926E+01 20 1.680E-04 3.146E+01
23 1.492E-02 2.836E-01 24 8.684E-06 3.803E+00 26 4.776E-03 3.757E-01 27 1.039E-03 3.993E-01
202  14
 2 1.660E-02 5.292E-01  3 2.385E-06 9.975E+01  4 5.374E-04 3.521E+01 10 3.150E-06 5.088E+01 11 1.406E-06 1.000E+02
12 3.112E-07 5.711E+01 13 7.062E-06 1.854E+01 16 1.222E-03 1.213E+00 19 3.049E-06 6.840E+01 20 1.613E-04 3.527E+01
23 1.408E-02 3.013E-01 24 8.167E-06 4.318E+00 26 4.665E-03 3.543E-01 27 1.019E-03 4.043E-01
203  15
 2 1.389E-02 5.828E-01  3 2.712E-07 7.973E+01  4 4.476E-04 2.583E+01 10 1.211E-06 4.533E+01 11 3.754E-07 1.000E+02
12 5.877E-07 5.192E+01 13 9.578E-06 1.509E+01 16 1.229E-03 1.049E+00 17 3.061E-08 1.000E+02 19 1.819E-05 9.963E+01
20 8.555E-05 4.427E+01 23 1.335E-02 2.580E-01 24 7.080E-06 5.066E+00 26 4.618E-03 3.858E-01 27 1.014E-03 4.396E-01
204  14
 2 1.061E-02 6.752E-01  3 2.168E-06 4.118E+01  4 6.101E-04 3.000E+01  6 4.114E-07 1.000E+02 10 8.145E-07 5.787E+01
12 8.635E-08 8.433E+01 13 4.212E-06 2.186E+01 16 1.305E-03 9.070E-01 19 9.346E-08 1.000E+02 20 6.115E-05 2.668E+01
23 1.226E-02 3.361E-01 24 4.956E-06 4.849E+00 26 4.423E-03 3.371E-01 27 9.814E-04 3.836E-01
205  11
 2 6.847E-03 6.539E-01  3 2.881E-07 7.118E+01  4 4.689E-04 3.382E+01 10 1.063E-06 9.611E+01 13 3.010E-06 2.350E+01
16 1.313E-03 9.024E-01 20 1.001E-04 3.500E+01 23 1.077E-02 3.045E-01 24 3.738E-06 6.140E+00 26 4.094E-03 3.244E-01
27 9.169E-04 3.585E-01
206  14
 2 4.176E-03 6.769E-01  3 1.310E-07 1.000E+02  4 2.961E-04 3.612E+01  7 7.403E-09 1.000E+02 11 7.339E-07 1.000E+02
12 5.147E-07 5.873E+01 13 2.773E-06 2.615E+01 16 1.404E-03 7.038E-01 17 4.140E-07 1.000E+02 20 5.695E-05 2.882E+01
23 8.914E-03 3.550E-01 24 2.907E-06 7.928E+00 26 3.393E-03 4.406E-01 27 7.652E-04 4.754E-01
207  12
 2 2.524E-03 8.527E-01  3 4.691E-07 6.898E+01  4 1.444E-04 2.993E+01 10 3.205E-07 1.000E+02 13 1.750E-06 3.637E+01
15 7.419E-07 1.000E+02 16 1.505E-03 6.808E-01 20 4.118E-05 5.403E+01 23 5.590E-03 3.121E-01 24 1.711E-06 5.988E+00
26 1.762E-03 3.824E-01 27 3.823E-04 3.855E-01
208  13
 2 9.141E-04 1.412E+00  3 4.181E-08 1.000E+02  4 1.615E-05 4.689E+01 10 1.327E-07 6.977E+01 12 6.957E-08 7.918E+01
13 4.265E-07 3.111E+01 16 1.358E-03 5.186E-01 19 5.005E-06 1.000E+02 20 7.333E-06 8.533E+01 23 1.870E-03 5.908E-01
24 5.118E-07 7.415E+00 26 3.283E-04 8.920E-01 27 6.372E-05 9.937E-01