
    ORGAN DOSE CONVERSION FACTORS FOR AN ADULT HERMAPHRODITE
    CALCULATED FOR A VARIETY OF CT SCANNERS AND CONDITIONS.
    VALUES ARE GIVEN FOR 208 5 MM SLICES SPANNING THE BODY
    FROM 100 MM BELOW THE BOTTOM OF THE TRUNK TO THE TOP OF THE HEAD.

                     ORGANS OR REGIONS
 1 ADRENALS              10 HEART                  19 THYMUS                   
 2 BRAIN                 11 KIDNEYS                20 THYROID                  
 3 BREASTS               12 LIVER                  21 URINARY BLADDER          
 4 EYE LENSES            13 LUNGS                  22 UTERUS                   
 5 GALL BLADDER          14 OVARIES                23 HEAD REGION              
 6 STOMACH               15 PANCREAS               24 TRUNK REGION             
 7 SMALL INTESTINE       16 SKIN                   25 LEG REGION               
 8 UPPER LARGE INTESTINE 17 SPLEEN                 26 SKELETON                 
 9 LOWER LARGE INTESTINE 18 TESTICLES              27 RED MARROW               

 15 PHILIPS TOMOSCAN 310,350: SHAPED FILTER (ALUMINIUM)
    FOCUS TO AXIS DISTANCE IS 608 MM
    FAN ANGLE COVERS FULL WIDTH OF TRUNK
    X-RAY SPECTRUM HAS MAXIMUM ENERGY OF 120 KEV
    INITIAL FILTRATION IS 3.5 MM OF ALUMINIUM

    CONVERSION FACTORS AND STATISTICAL UNCERTAINTIES(%) FOR ORGANS IN EACH SLICE
  1  18
 3 5.796E-07 1.000E+02  6 1.707E-07 1.000E+02  7 2.771E-05 2.172E+01  8 2.269E-05 3.180E+01  9 4.982E-04 7.325E+00
10 8.803E-07 1.000E+02 11 5.588E-06 4.050E+01 12 3.409E-06 4.891E+01 14 1.809E-04 5.161E+01 16 2.064E-03 1.077E+00
17 6.907E-07 1.000E+02 18 2.824E-03 7.658E+00 21 3.370E-04 1.442E+01 22 1.859E-04 2.442E+01 24 1.030E-04 1.375E+00
25 6.568E-03 3.854E-01 26 3.604E-03 6.791E-01 27 3.419E-04 1.197E+00
  2  18
 3 2.619E-08 1.000E+02  6 4.561E-07 1.000E+02  7 3.227E-05 1.533E+01  8 3.729E-05 3.512E+01  9 4.180E-04 9.589E+00
10 4.517E-07 1.000E+02 11 8.484E-06 5.863E+01 12 1.375E-06 4.104E+01 13 1.053E-07 1.000E+02 14 1.538E-04 5.581E+01
16 2.063E-03 1.158E+00 18 2.635E-03 7.303E+00 21 3.744E-04 1.411E+01 22 1.239E-04 2.589E+01 24 1.157E-04 1.962E+00
25 6.563E-03 3.541E-01 26 3.545E-03 7.999E-01 27 3.525E-04 1.407E+00
  3  19
 3 2.941E-07 1.000E+02  5 3.814E-05 7.108E+01  6 5.969E-06 7.953E+01  7 3.552E-05 1.719E+01  8 2.995E-05 2.802E+01
 9 5.787E-04 8.412E+00 10 1.761E-06 7.928E+01 11 2.319E-06 6.773E+01 12 1.126E-06 6.721E+01 13 3.239E-07 9.504E+01
14 1.657E-04 4.743E+01 16 2.076E-03 1.223E+00 18 3.016E-03 6.397E+00 21 3.992E-04 1.605E+01 22 1.293E-04 2.818E+01
24 1.261E-04 2.225E+00 25 6.592E-03 3.410E-01 26 3.584E-03 7.492E-01 27 3.674E-04 1.289E+00
  4  17
 3 1.558E-06 7.343E+01  6 1.223E-06 1.000E+02  7 3.657E-05 1.302E+01  8 2.462E-05 2.841E+01  9 6.155E-04 7.521E+00
11 1.559E-06 1.000E+02 12 2.793E-06 4.825E+01 14 1.643E-04 4.414E+01 16 2.090E-03 8.847E-01 17 1.320E-06 1.000E+02
18 3.422E-03 7.898E+00 21 5.804E-04 8.286E+00 22 2.124E-04 2.584E+01 24 1.505E-04 1.184E+00 25 6.616E-03 3.695E-01
26 3.584E-03 8.494E-01 27 3.890E-04 1.070E+00
  5  19
 3 5.342E-07 1.000E+02  5 4.402E-05 1.000E+02  6 4.891E-07 8.176E+01  7 4.375E-05 1.012E+01  8 4.212E-05 1.879E+01
 9 7.130E-04 6.831E+00 11 4.495E-06 5.730E+01 12 2.628E-06 5.093E+01 14 5.972E-05 5.435E+01 15 8.991E-07 9.642E+01
16 2.045E-03 1.145E+00 17 4.796E-06 1.000E+02 18 3.427E-03 7.249E+00 21 6.797E-04 1.284E+01 22 2.258E-04 2.029E+01
24 1.649E-04 1.379E+00 25 6.617E-03 3.304E-01 26 3.592E-03 6.490E-01 27 4.004E-04 1.160E+00
  6  19
 3 1.897E-07 1.000E+02  6 4.584E-06 6.689E+01  7 5.894E-05 1.176E+01  8 3.052E-05 2.075E+01  9 8.467E-04 6.844E+00
11 1.052E-06 5.729E+01 12 1.780E-06 3.932E+01 13 6.939E-07 7.500E+01 14 8.498E-05 6.661E+01 15 6.696E-06 1.000E+02
16 2.066E-03 9.132E-01 17 1.192E-06 7.037E+01 18 3.763E-03 6.694E+00 21 6.476E-04 9.950E+00 22 1.569E-04 2.428E+01
24 1.828E-04 1.627E+00 25 6.608E-03 3.720E-01 26 3.548E-03 7.976E-01 27 4.129E-04 1.061E+00
  7  20
 5 6.846E-06 1.000E+02  6 8.769E-06 5.368E+01  7 6.359E-05 9.205E+00  8 5.725E-05 2.615E+01  9 8.879E-04 7.333E+00
10 5.133E-07 1.000E+02 11 1.095E-06 6.790E+01 12 3.015E-06 4.227E+01 13 2.013E-08 1.000E+02 14 3.805E-04 3.988E+01
15 3.240E-06 1.000E+02 16 2.108E-03 7.829E-01 17 2.956E-06 9.658E+01 18 4.016E-03 6.670E+00 21 6.385E-04 1.165E+01
22 2.552E-04 1.319E+01 24 2.058E-04 1.613E+00 25 6.639E-03 3.766E-01 26 3.596E-03 7.076E-01 27 4.372E-04 1.311E+00
  8  18
 3 1.617E-06 8.158E+01  5 9.688E-07 1.000E+02  6 1.178E-06 8.384E+01  7 6.237E-05 9.596E+00  8 3.746E-05 2.358E+01
 9 1.038E-03 4.768E+00 11 3.164E-06 6.684E+01 12 1.316E-06 3.598E+01 13 4.924E-07 1.000E+02 14 9.635E-05 4.809E+01
16 2.103E-03 1.060E+00 18 4.894E-03 6.512E+00 21 6.611E-04 1.076E+01 22 2.748E-04 2.161E+01 24 2.242E-04 1.241E+00
25 6.603E-03 3.119E-01 26 3.545E-03 8.489E-01 27 4.355E-04 1.277E+00
  9  18
 3 4.961E-06 9.086E+01  6 1.196E-06 6.571E+01  7 7.577E-05 1.079E+01  8 4.513E-05 2.349E+01  9 1.119E-03 6.418E+00
11 7.600E-06 6.626E+01 12 2.621E-06 3.912E+01 13 1.173E-07 9.348E+01 14 2.206E-04 4.790E+01 16 2.124E-03 1.182E+00
17 3.572E-08 1.000E+02 18 4.993E-03 6.102E+00 21 6.937E-04 1.216E+01 22 3.023E-04 1.782E+01 24 2.549E-04 1.463E+00
25 6.565E-03 3.252E-01 26 3.514E-03 7.645E-01 27 4.590E-04 9.223E-01
 10  21
 3 4.848E-06 6.884E+01  5 2.001E-05 1.000E+02  6 3.454E-06 1.000E+02  7 5.635E-05 1.373E+01  8 7.471E-05 2.129E+01
 9 1.251E-03 5.956E+00 10 2.000E-07 1.000E+02 11 7.551E-06 4.264E+01 12 2.699E-06 3.588E+01 13 1.303E-06 9.962E+01
14 2.139E-04 5.840E+01 15 6.292E-06 1.000E+02 16 2.153E-03 1.234E+00 17 3.193E-06 1.000E+02 18 5.849E-03 7.422E+00
21 1.128E-03 9.774E+00 22 3.291E-04 1.990E+01 24 2.853E-04 1.269E+00 25 6.521E-03 3.027E-01 26 3.458E-03 9.414E-01
27 4.639E-04 1.098E+00
 11  19
 5 2.097E-06 1.000E+02  6 4.271E-06 5.154E+01  7 8.510E-05 8.478E+00  8 6.473E-05 1.768E+01  9 1.293E-03 5.480E+00
10 5.733E-07 1.000E+02 11 5.345E-06 5.024E+01 12 2.548E-06 3.018E+01 13 8.115E-09 1.000E+02 14 8.444E-05 4.860E+01
15 4.622E-06 1.000E+02 16 2.762E-03 7.230E-01 18 9.447E-03 4.419E+00 21 1.146E-03 6.121E+00 22 3.059E-04 2.049E+01
24 3.220E-04 1.169E+00 25 6.480E-03 2.867E-01 26 3.403E-03 8.189E-01 27 4.760E-04 1.221E+00
 12  18
 3 4.142E-06 6.014E+01  6 5.590E-07 6.124E+01  7 8.084E-05 8.501E+00  8 5.695E-05 1.377E+01  9 1.405E-03 3.496E+00
11 8.561E-06 3.695E+01 12 2.384E-06 4.461E+01 13 1.033E-07 1.000E+02 14 2.509E-04 3.462E+01 15 1.569E-06 6.965E+01
16 2.294E-03 8.473E-01 18 2.355E-02 3.489E+00 21 1.140E-03 9.676E+00 22 3.328E-04 1.828E+01 24 3.699E-04 1.148E+00
25 6.395E-03 3.395E-01 26 3.242E-03 8.144E-01 27 4.718E-04 1.138E+00
 13  22
 1 1.544E-05 1.000E+02  3 7.865E-06 6.027E+01  5 1.953E-06 1.000E+02  6 5.653E-06 5.464E+01  7 1.060E-04 1.164E+01
 8 9.893E-05 1.364E+01  9 1.674E-03 4.014E+00 10 7.358E-09 1.000E+02 11 9.546E-06 4.006E+01 12 4.455E-06 2.930E+01
13 5.270E-07 6.083E+01 14 3.007E-04 3.270E+01 15 8.329E-06 9.912E+01 16 2.301E-03 8.870E-01 17 5.327E-06 7.812E+01
18 3.988E-02 2.582E+00 21 1.428E-03 7.763E+00 22 3.258E-04 1.428E+01 24 4.194E-04 9.448E-01 25 6.324E-03 3.186E-01
26 3.222E-03 6.494E-01 27 5.117E-04 1.068E+00
 14  19
 3 5.126E-06 4.872E+01  6 1.598E-06 7.802E+01  7 1.452E-04 1.047E+01  8 9.000E-05 1.344E+01  9 1.791E-03 5.588E+00
11 9.488E-06 3.237E+01 12 7.041E-06 3.759E+01 13 6.993E-07 9.892E+01 14 6.340E-04 3.295E+01 15 1.291E-05 7.235E+01
16 2.283E-03 1.200E+00 17 2.232E-06 8.420E+01 18 5.289E-02 2.364E+00 21 1.839E-03 9.296E+00 22 4.519E-04 1.590E+01
24 4.762E-04 8.053E-01 25 6.237E-03 3.009E-01 26 3.194E-03 7.973E-01 27 5.455E-04 1.247E+00
 15  19
 3 1.051E-05 6.712E+01  6 9.948E-06 6.219E+01  7 1.357E-04 1.212E+01  8 1.245E-04 1.427E+01  9 2.180E-03 4.280E+00
11 1.009E-05 3.960E+01 12 5.081E-06 2.548E+01 13 3.710E-08 1.000E+02 14 7.139E-04 3.061E+01 15 6.679E-06 6.107E+01
16 2.250E-03 1.056E+00 17 2.292E-06 8.766E+01 18 5.845E-02 1.792E+00 21 1.585E-03 9.127E+00 22 6.025E-04 1.445E+01
24 5.364E-04 8.769E-01 25 6.168E-03 3.489E-01 26 3.158E-03 6.761E-01 27 5.590E-04 1.105E+00
 16  20
 1 6.023E-06 7.685E+01  3 1.015E-05 4.746E+01  5 1.166E-06 1.000E+02  6 1.107E-05 4.864E+01  7 1.457E-04 8.017E+00
 8 1.100E-04 1.570E+01  9 2.435E-03 3.522E+00 11 5.715E-06 4.874E+01 12 6.505E-06 2.601E+01 14 5.335E-04 3.243E+01
15 9.408E-06 6.523E+01 16 2.220E-03 9.881E-01 17 5.064E-08 7.938E+01 18 5.878E-02 2.177E+00 21 1.899E-03 8.371E+00
22 4.758E-04 9.999E+00 24 5.992E-04 1.027E+00 25 6.046E-03 3.865E-01 26 3.122E-03 6.958E-01 27 5.790E-04 1.030E+00
 17  21
 3 5.417E-06 4.598E+01  5 4.084E-05 6.927E+01  6 1.430E-05 4.571E+01  7 1.707E-04 8.676E+00  8 1.095E-04 1.398E+01
 9 2.703E-03 3.333E+00 10 3.753E-07 1.000E+02 11 1.206E-05 3.427E+01 12 8.634E-06 3.506E+01 13 5.408E-09 1.000E+02
14 5.007E-04 3.516E+01 15 6.418E-06 1.000E+02 16 2.276E-03 7.123E-01 17 1.575E-06 7.184E+01 18 5.578E-02 1.760E+00
21 2.213E-03 7.765E+00 22 6.063E-04 8.713E+00 24 6.945E-04 6.927E-01 25 5.888E-03 3.361E-01 26 3.036E-03 5.813E-01
27 6.250E-04 1.208E+00
 18  20
 3 1.339E-05 5.186E+01  5 1.549E-06 1.000E+02  6 9.598E-06 7.380E+01  7 1.865E-04 6.159E+00  8 1.122E-04 1.644E+01
 9 2.912E-03 3.173E+00 10 2.726E-06 8.708E+01 11 1.293E-05 5.350E+01 12 8.311E-06 3.710E+01 13 6.249E-07 5.030E+01
14 8.110E-04 2.553E+01 16 2.223E-03 1.095E+00 17 3.699E-06 9.385E+01 18 4.592E-02 1.900E+00 21 2.323E-03 6.674E+00
22 7.624E-04 1.110E+01 24 8.010E-04 7.225E-01 25 5.701E-03 3.299E-01 26 2.988E-03 8.936E-01 27 6.751E-04 1.369E+00
 19  20
 3 8.556E-06 3.761E+01  6 1.503E-05 3.804E+01  7 2.006E-04 6.872E+00  8 1.361E-04 1.361E+01  9 3.259E-03 4.238E+00
10 1.051E-06 9.638E+01 11 1.772E-05 3.624E+01 12 1.181E-05 2.359E+01 13 1.071E-06 7.415E+01 14 4.157E-04 2.849E+01
15 5.060E-06 9.688E+01 16 2.225E-03 9.015E-01 17 1.353E-05 5.321E+01 18 3.523E-02 3.156E+00 21 2.688E-03 7.359E+00
22 6.465E-04 1.057E+01 24 9.210E-04 7.883E-01 25 5.379E-03 3.076E-01 26 2.839E-03 8.256E-01 27 7.286E-04 1.170E+00
 20  22
 3 2.437E-06 5.885E+01  5 8.515E-05 6.048E+01  6 9.408E-06 6.839E+01  7 2.384E-04 6.042E+00  8 1.561E-04 1.251E+01
 9 3.980E-03 2.567E+00 10 2.512E-06 6.621E+01 11 1.982E-05 4.105E+01 12 1.199E-05 2.483E+01 13 1.141E-06 4.632E+01
14 1.101E-03 2.708E+01 15 3.391E-06 6.897E+01 16 2.221E-03 1.033E+00 17 1.029E-05 5.074E+01 18 2.120E-02 3.605E+00
19 8.934E-06 1.000E+02 21 3.154E-03 4.254E+00 22 9.917E-04 1.061E+01 24 1.097E-03 4.855E-01 25 5.014E-03 3.583E-01
26 2.742E-03 8.689E-01 27 7.893E-04 1.403E+00
 21  23
 1 4.876E-06 1.000E+02  3 1.719E-06 8.252E+01  5 2.314E-05 1.000E+02  6 1.401E-05 3.703E+01  7 2.349E-04 6.285E+00
 8 2.293E-04 1.038E+01  9 5.136E-03 3.218E+00 10 4.033E-08 1.000E+02 11 1.281E-05 2.906E+01 12 8.416E-06 2.471E+01
13 6.702E-07 4.823E+01 14 9.159E-04 2.306E+01 15 6.776E-06 8.363E+01 16 1.798E-03 1.073E+00 17 1.114E-05 5.605E+01
18 1.114E-02 4.794E+00 21 3.578E-03 4.456E+00 22 1.017E-03 8.476E+00 23 1.142E-08 1.000E+02 24 2.504E-03 3.931E-01
25 2.287E-03 5.987E-01 26 2.533E-03 7.905E-01 27 1.220E-03 1.053E+00
 22  21
 3 3.493E-06 9.052E+01  5 1.173E-05 6.968E+01  6 1.716E-05 4.609E+01  7 2.877E-04 4.362E+00  8 2.583E-04 9.855E+00
 9 5.920E-03 2.504E+00 10 7.359E-07 1.000E+02 11 2.958E-05 2.388E+01 12 1.071E-05 2.552E+01 13 7.075E-08 1.000E+02
14 7.503E-04 2.525E+01 15 5.900E-06 9.872E+01 16 1.846E-03 8.736E-01 17 1.043E-05 5.241E+01 18 9.116E-03 4.521E+00
21 3.790E-03 4.904E+00 22 1.110E-03 1.139E+01 24 2.713E-03 3.314E-01 25 1.905E-03 5.124E-01 26 2.480E-03 6.912E-01
27 1.300E-03 1.171E+00
 23  22
 1 1.266E-06 1.000E+02  3 5.139E-06 7.159E+01  5 5.571E-05 6.150E+01  6 2.346E-05 2.684E+01  7 2.950E-04 6.265E+00
 8 2.078E-04 9.042E+00  9 6.645E-03 2.579E+00 10 1.758E-07 7.038E+01 11 2.327E-05 2.769E+01 12 1.195E-05 2.000E+01
13 1.006E-07 4.665E+01 14 1.150E-03 2.527E+01 15 5.770E-06 6.290E+01 16 1.814E-03 1.101E+00 17 1.358E-05 5.030E+01
18 7.357E-03 5.144E+00 21 5.019E-03 5.135E+00 22 1.175E-03 8.925E+00 24 2.840E-03 3.268E-01 25 1.650E-03 5.750E-01
26 2.353E-03 7.410E-01 27 1.315E-03 1.296E+00
 24  21
 3 3.752E-07 6.899E+01  5 5.551E-05 7.275E+01  6 1.412E-05 4.389E+01  7 3.602E-04 5.642E+00  8 2.755E-04 8.179E+00
 9 7.873E-03 2.195E+00 10 1.166E-06 9.882E+01 11 2.851E-05 3.014E+01 12 1.331E-05 1.648E+01 13 1.315E-06 6.375E+01
14 1.097E-03 2.251E+01 15 1.872E-06 5.506E+01 16 1.767E-03 1.023E+00 17 9.898E-06 5.370E+01 18 6.182E-03 5.233E+00
21 5.047E-03 5.483E+00 22 1.573E-03 9.421E+00 24 2.939E-03 3.547E-01 25 1.440E-03 7.494E-01 26 2.316E-03 6.614E-01
27 1.385E-03 8.058E-01
 25  21
 3 6.006E-06 7.010E+01  5 1.721E-05 6.052E+01  6 1.373E-05 3.838E+01  7 3.775E-04 5.180E+00  8 2.661E-04 1.058E+01
 9 8.876E-03 3.205E+00 10 1.600E-06 6.896E+01 11 2.217E-05 3.186E+01 12 1.365E-05 1.788E+01 13 1.363E-06 5.363E+01
14 7.558E-04 3.394E+01 15 4.389E-06 9.278E+01 16 1.780E-03 1.021E+00 17 7.017E-06 5.180E+01 18 5.647E-03 7.551E+00
21 5.490E-03 4.317E+00 22 1.568E-03 6.908E+00 24 3.040E-03 3.429E-01 25 1.260E-03 9.201E-01 26 2.272E-03 8.021E-01
27 1.426E-03 7.296E-01
 26  21
 3 1.238E-06 1.000E+02  5 3.359E-05 7.555E+01  6 2.806E-05 2.472E+01  7 3.896E-04 5.713E+00  8 3.438E-04 8.140E+00
 9 9.215E-03 2.144E+00 10 4.726E-07 1.000E+02 11 2.771E-05 2.821E+01 12 2.323E-05 1.824E+01 13 1.002E-06 4.785E+01
14 1.325E-03 1.789E+01 15 3.364E-05 4.634E+01 16 1.788E-03 1.428E+00 17 4.798E-06 5.533E+01 18 4.410E-03 6.899E+00
21 6.855E-03 5.002E+00 22 1.872E-03 7.430E+00 24 3.114E-03 3.320E-01 25 1.116E-03 7.940E-01 26 2.229E-03 8.116E-01
27 1.446E-03 1.211E+00
 27  20
 3 1.721E-06 6.029E+01  5 1.330E-04 4.572E+01  6 3.227E-05 2.489E+01  7 4.464E-04 4.146E+00  8 4.027E-04 6.661E+00
 9 9.533E-03 2.413E+00 11 2.603E-05 1.603E+01 12 1.551E-05 1.724E+01 13 7.202E-07 6.761E+01 14 1.739E-03 1.774E+01
15 6.993E-06 9.020E+01 16 1.744E-03 9.876E-01 17 9.872E-06 4.507E+01 18 4.248E-03 5.737E+00 21 7.429E-03 4.229E+00
22 2.004E-03 8.409E+00 24 3.187E-03 3.409E-01 25 9.916E-04 7.131E-01 26 2.201E-03 7.099E-01 27 1.490E-03 1.226E+00
 28  23
 1 2.845E-05 1.000E+02  3 5.600E-06 6.716E+01  5 5.684E-05 5.145E+01  6 3.883E-05 2.647E+01  7 5.342E-04 3.585E+00
 8 3.565E-04 7.219E+00  9 9.963E-03 2.274E+00 10 3.774E-06 6.571E+01 11 4.500E-05 1.978E+01 12 1.987E-05 1.597E+01
13 2.313E-06 5.217E+01 14 2.010E-03 1.857E+01 15 1.844E-05 4.710E+01 16 1.721E-03 1.203E+00 17 7.401E-06 7.974E+01
18 4.036E-03 6.601E+00 21 8.545E-03 3.197E+00 22 1.994E-03 7.816E+00 23 1.291E-08 1.000E+02 24 3.259E-03 3.034E-01
25 8.811E-04 8.552E-01 26 2.174E-03 7.234E-01 27 1.530E-03 1.089E+00
 29  22
 1 7.588E-06 1.000E+02  3 6.855E-06 8.213E+01  5 8.866E-05 4.988E+01  6 4.905E-05 2.753E+01  7 5.500E-04 3.328E+00
 8 4.964E-04 6.456E+00  9 1.007E-02 2.574E+00 10 1.353E-06 8.836E+01 11 4.588E-05 1.909E+01 12 2.729E-05 1.152E+01
13 2.321E-06 7.902E+01 14 2.224E-03 1.777E+01 15 2.337E-05 4.276E+01 16 1.704E-03 1.316E+00 17 1.413E-05 3.585E+01
18 3.151E-03 9.176E+00 21 1.014E-02 3.597E+00 22 2.433E-03 4.371E+00 24 3.313E-03 3.121E-01 25 7.808E-04 9.720E-01
26 2.131E-03 8.987E-01 27 1.545E-03 9.713E-01
 30  23
 1 5.655E-06 1.000E+02  3 1.817E-06 9.303E+01  5 8.424E-05 6.316E+01  6 2.549E-05 2.354E+01  7 6.337E-04 4.717E+00
 8 4.564E-04 8.391E+00  9 8.303E-03 2.349E+00 10 1.509E-06 8.094E+01 11 3.062E-05 2.368E+01 12 2.411E-05 1.259E+01
13 1.371E-06 3.679E+01 14 2.061E-03 1.189E+01 15 1.639E-05 3.756E+01 16 1.700E-03 9.771E-01 17 2.593E-05 3.402E+01
18 2.534E-03 9.745E+00 19 7.346E-07 1.000E+02 21 1.712E-02 3.543E+00 22 2.762E-03 7.253E+00 24 3.332E-03 3.370E-01
25 6.925E-04 1.050E+00 26 2.105E-03 8.633E-01 27 1.582E-03 1.095E+00
 31  21
 3 2.577E-06 4.896E+01  5 4.941E-05 6.544E+01  6 5.988E-05 2.822E+01  7 6.855E-04 2.875E+00  8 5.253E-04 5.191E+00
 9 7.879E-03 2.957E+00 10 1.367E-06 1.000E+02 11 3.969E-05 2.380E+01 12 2.837E-05 1.383E+01 13 1.762E-06 5.388E+01
14 2.379E-03 1.516E+01 15 3.003E-05 2.999E+01 16 1.713E-03 1.021E+00 17 1.427E-05 3.531E+01 18 2.677E-03 7.117E+00
21 2.170E-02 2.471E+00 22 3.137E-03 7.367E+00 24 3.381E-03 3.310E-01 25 6.254E-04 8.794E-01 26 2.082E-03 7.993E-01
27 1.559E-03 1.248E+00
 32  24
 1 3.276E-06 1.000E+02  2 4.607E-07 1.000E+02  3 3.490E-07 1.000E+02  5 7.316E-05 5.821E+01  6 5.713E-05 2.302E+01
 7 7.671E-04 3.594E+00  8 6.235E-04 6.372E+00  9 7.950E-03 2.552E+00 10 5.808E-06 5.366E+01 11 3.663E-05 2.317E+01
12 2.832E-05 1.614E+01 13 2.426E-06 7.480E+01 14 1.906E-03 1.544E+01 15 2.047E-05 3.364E+01 16 1.709E-03 1.396E+00
17 1.987E-05 4.943E+01 18 2.329E-03 7.253E+00 21 2.251E-02 2.540E+00 22 3.244E-03 4.879E+00 23 2.484E-07 1.000E+02
24 3.447E-03 3.374E-01 25 5.574E-04 9.658E-01 26 2.103E-03 9.281E-01 27 1.627E-03 1.389E+00
 33  21
 3 6.193E-06 5.036E+01  5 1.607E-04 4.820E+01  6 5.389E-05 1.934E+01  7 8.177E-04 4.019E+00  8 6.804E-04 5.778E+00
 9 7.897E-03 2.025E+00 10 8.857E-06 4.897E+01 11 6.083E-05 1.849E+01 12 3.100E-05 1.542E+01 13 5.450E-06 3.663E+01
14 3.252E-03 1.541E+01 15 3.837E-05 2.976E+01 16 1.677E-03 1.197E+00 17 2.849E-05 3.116E+01 18 2.465E-03 9.150E+00
21 2.385E-02 2.691E+00 22 3.751E-03 5.422E+00 24 3.441E-03 3.095E-01 25 4.956E-04 1.458E+00 26 2.056E-03 7.221E-01
27 1.597E-03 1.016E+00
 34  23
 1 1.090E-05 1.000E+02  3 3.418E-06 7.589E+01  5 1.641E-04 5.678E+01  6 6.422E-05 1.625E+01  7 9.345E-04 3.646E+00
 8 6.702E-04 5.092E+00  9 7.242E-03 3.003E+00 10 7.702E-06 6.367E+01 11 4.907E-05 2.257E+01 12 3.543E-05 1.315E+01
13 3.946E-06 3.798E+01 14 2.890E-03 1.062E+01 15 2.512E-05 3.839E+01 16 1.663E-03 9.709E-01 17 2.236E-05 4.672E+01
18 2.056E-03 7.734E+00 21 2.412E-02 2.818E+00 22 4.193E-03 4.189E+00 23 2.612E-07 1.000E+02 24 3.473E-03 2.828E-01
25 4.545E-04 1.184E+00 26 2.073E-03 7.052E-01 27 1.644E-03 8.439E-01
 35  22
 1 6.993E-06 8.894E+01  3 5.049E-06 5.979E+01  5 1.055E-04 6.122E+01  6 7.099E-05 2.821E+01  7 1.077E-03 3.499E+00
 8 8.919E-04 6.079E+00  9 7.519E-03 2.768E+00 10 1.859E-06 8.239E+01 11 6.858E-05 2.281E+01 12 4.217E-05 1.135E+01
13 2.054E-06 5.470E+01 14 4.168E-03 1.065E+01 15 2.747E-05 2.762E+01 16 1.656E-03 9.433E-01 17 2.643E-05 3.308E+01
18 1.797E-03 8.494E+00 21 2.334E-02 2.597E+00 22 4.515E-03 4.853E+00 24 3.489E-03 2.854E-01 25 3.975E-04 1.494E+00
26 2.051E-03 6.519E-01 27 1.656E-03 7.754E-01
 36  23
 1 1.226E-05 6.728E+01  3 6.382E-06 6.061E+01  5 1.802E-04 5.785E+01  6 7.761E-05 1.937E+01  7 1.193E-03 2.657E+00
 8 1.013E-03 5.544E+00  9 7.162E-03 2.125E+00 10 3.379E-06 4.375E+01 11 7.410E-05 2.203E+01 12 4.853E-05 1.185E+01
13 2.684E-06 3.087E+01 14 3.812E-03 1.072E+01 15 3.010E-05 4.655E+01 16 1.682E-03 9.317E-01 17 3.437E-05 2.379E+01
18 1.364E-03 1.014E+01 21 2.461E-02 2.237E+00 22 5.282E-03 4.693E+00 23 1.507E-07 1.000E+02 24 3.525E-03 3.504E-01
25 3.581E-04 1.752E+00 26 2.064E-03 6.229E-01 27 1.681E-03 1.016E+00
 37  23
 1 7.569E-06 1.000E+02  3 7.556E-06 6.293E+01  5 9.557E-05 4.635E+01  6 1.103E-04 2.066E+01  7 1.292E-03 2.441E+00
 8 1.003E-03 5.943E+00  9 7.077E-03 2.586E+00 10 2.947E-06 5.171E+01 11 8.987E-05 2.206E+01 12 5.176E-05 1.057E+01
13 4.901E-06 3.378E+01 14 5.054E-03 1.432E+01 15 3.899E-05 2.521E+01 16 1.661E-03 1.075E+00 17 6.037E-05 2.365E+01
18 1.208E-03 1.193E+01 21 2.496E-02 3.198E+00 22 5.408E-03 4.751E+00 23 1.214E-07 1.000E+02 24 3.564E-03 3.419E-01
25 3.119E-04 1.717E+00 26 2.046E-03 8.365E-01 27 1.700E-03 1.173E+00
 38  23
 1 3.588E-05 6.491E+01  3 5.891E-06 6.035E+01  5 2.196E-04 4.945E+01  6 8.356E-05 1.832E+01  7 1.414E-03 2.636E+00
 8 1.087E-03 5.754E+00  9 7.418E-03 2.338E+00 10 3.781E-06 4.107E+01 11 1.073E-04 1.370E+01 12 5.992E-05 9.778E+00
13 2.994E-06 5.269E+01 14 5.084E-03 1.008E+01 15 3.057E-05 4.154E+01 16 1.664E-03 1.091E+00 17 3.631E-05 2.157E+01
18 9.331E-04 1.383E+01 21 2.318E-02 2.556E+00 22 6.407E-03 3.898E+00 23 1.841E-07 1.000E+02 24 3.561E-03 3.184E-01
25 2.850E-04 1.187E+00 26 2.075E-03 9.461E-01 27 1.734E-03 1.380E+00
 39  22
 1 2.815E-05 6.953E+01  3 7.263E-06 4.283E+01  5 1.478E-04 4.120E+01  6 1.154E-04 1.566E+01  7 1.513E-03 2.472E+00
 8 1.314E-03 4.610E+00  9 7.322E-03 2.756E+00 10 8.864E-08 6.975E+01 11 8.035E-05 1.245E+01 12 5.146E-05 1.132E+01
13 3.660E-06 3.442E+01 14 5.579E-03 9.247E+00 15 8.146E-05 3.706E+01 16 1.634E-03 8.973E-01 17 6.019E-05 2.686E+01
18 1.093E-03 1.367E+01 21 2.338E-02 2.291E+00 22 6.949E-03 2.897E+00 24 3.561E-03 3.005E-01 25 2.649E-04 1.859E+00
26 2.082E-03 7.553E-01 27 1.734E-03 1.069E+00
 40  22
 1 4.606E-06 1.000E+02  3 3.653E-06 8.090E+01  5 8.194E-05 5.521E+01  6 1.134E-04 1.299E+01  7 1.776E-03 2.331E+00
 8 1.454E-03 3.422E+00  9 7.341E-03 2.779E+00 10 5.105E-06 4.504E+01 11 1.090E-04 1.854E+01 12 5.566E-05 8.047E+00
13 5.903E-06 3.769E+01 14 6.238E-03 1.034E+01 15 8.292E-05 2.845E+01 16 1.642E-03 1.303E+00 17 8.480E-05 2.012E+01
18 8.676E-04 1.357E+01 21 2.316E-02 2.858E+00 22 7.561E-03 3.741E+00 24 3.607E-03 3.133E-01 25 2.403E-04 1.437E+00
26 2.107E-03 8.133E-01 27 1.792E-03 1.168E+00
 41  23
 1 4.490E-05 9.455E+01  3 8.441E-06 5.507E+01  5 3.079E-04 5.028E+01  6 1.243E-04 2.056E+01  7 1.873E-03 2.865E+00
 8 1.535E-03 4.115E+00  9 7.414E-03 2.788E+00 10 8.963E-06 5.338E+01 11 1.213E-04 1.435E+01 12 8.210E-05 8.183E+00
13 7.550E-06 2.379E+01 14 7.010E-03 8.915E+00 15 7.982E-05 3.416E+01 16 1.684E-03 1.032E+00 17 7.138E-05 2.685E+01
18 8.812E-04 1.240E+01 21 2.226E-02 2.365E+00 22 8.769E-03 4.084E+00 23 4.702E-09 1.000E+02 24 3.620E-03 3.187E-01
25 2.043E-04 1.860E+00 26 2.130E-03 7.585E-01 27 1.827E-03 1.128E+00
 42  24
 1 1.224E-05 1.000E+02  3 1.116E-05 4.891E+01  5 1.818E-04 3.944E+01  6 1.085E-04 1.445E+01  7 2.152E-03 2.092E+00
 8 1.893E-03 3.428E+00  9 7.420E-03 3.299E+00 10 1.029E-05 2.829E+01 11 1.775E-04 1.380E+01 12 8.173E-05 5.640E+00
13 9.836E-06 3.429E+01 14 6.831E-03 9.411E+00 15 4.702E-05 3.120E+01 16 1.681E-03 1.215E+00 17 6.369E-05 1.821E+01
18 8.531E-04 1.618E+01 20 4.946E-07 1.000E+02 21 2.132E-02 2.540E+00 22 9.620E-03 3.591E+00 23 2.444E-07 7.835E+01
24 3.623E-03 3.377E-01 25 1.888E-04 1.773E+00 26 2.127E-03 6.959E-01 27 1.815E-03 8.491E-01
 43  23
 1 5.258E-05 7.926E+01  3 5.470E-06 6.958E+01  5 3.767E-04 3.645E+01  6 1.610E-04 1.037E+01  7 2.340E-03 2.398E+00
 8 1.977E-03 4.823E+00  9 7.162E-03 2.747E+00 10 1.249E-05 4.706E+01 11 1.738E-04 1.499E+01 12 1.025E-04 6.902E+00
13 4.260E-06 2.881E+01 14 8.897E-03 8.602E+00 15 6.919E-05 2.822E+01 16 1.631E-03 1.367E+00 17 5.669E-05 2.520E+01
18 9.197E-04 1.232E+01 21 1.663E-02 3.757E+00 22 1.085E-02 2.525E+00 23 4.641E-08 1.000E+02 24 3.644E-03 3.223E-01
25 1.736E-04 1.690E+00 26 2.164E-03 8.478E-01 27 1.877E-03 1.218E+00
 44  23
 1 6.283E-06 9.242E+01  3 8.158E-06 5.580E+01  5 3.284E-04 3.243E+01  6 1.558E-04 2.218E+01  7 2.657E-03 2.108E+00
 8 2.324E-03 2.897E+00  9 7.341E-03 2.398E+00 10 8.973E-06 4.186E+01 11 1.584E-04 1.022E+01 12 1.046E-04 6.322E+00
13 9.420E-06 2.711E+01 14 8.432E-03 8.529E+00 15 8.274E-05 2.909E+01 16 1.625E-03 8.138E-01 17 8.963E-05 2.075E+01
18 5.701E-04 7.149E+00 21 1.018E-02 3.072E+00 22 1.239E-02 4.518E+00 23 3.355E-07 1.000E+02 24 3.659E-03 3.339E-01
25 1.523E-04 2.663E+00 26 2.180E-03 9.413E-01 27 1.890E-03 1.006E+00
 45  25
 1 1.064E-04 5.269E+01  2 5.114E-09 1.000E+02  3 8.425E-06 3.610E+01  5 3.657E-04 4.079E+01  6 1.641E-04 1.286E+01
 7 2.904E-03 1.925E+00  8 2.444E-03 4.090E+00  9 7.267E-03 3.134E+00 10 1.329E-05 3.665E+01 11 1.333E-04 1.027E+01
12 1.179E-04 7.830E+00 13 5.874E-06 2.670E+01 14 1.111E-02 7.362E+00 15 9.402E-05 2.366E+01 16 1.640E-03 1.222E+00
17 7.839E-05 2.065E+01 18 5.184E-04 1.644E+01 20 3.641E-06 1.000E+02 21 8.116E-03 3.826E+00 22 1.282E-02 2.153E+00
23 8.498E-08 5.340E+01 24 3.655E-03 3.231E-01 25 1.369E-04 1.857E+00 26 2.204E-03 6.984E-01 27 1.925E-03 9.326E-01
 46  24
 1 1.009E-06 7.357E+01  3 7.626E-06 5.122E+01  5 3.668E-04 3.246E+01  6 1.900E-04 1.391E+01  7 3.216E-03 1.541E+00
 8 2.803E-03 2.340E+00  9 7.203E-03 3.318E+00 10 1.072E-05 3.497E+01 11 2.327E-04 1.164E+01 12 1.285E-04 7.670E+00
13 1.129E-05 2.088E+01 14 1.130E-02 7.035E+00 15 1.153E-04 2.330E+01 16 1.621E-03 1.254E+00 17 5.770E-05 1.844E+01
18 5.058E-04 1.659E+01 19 5.116E-06 1.000E+02 21 7.009E-03 4.861E+00 22 2.151E-02 2.550E+00 23 5.517E-08 9.494E+01
24 3.688E-03 3.339E-01 25 1.229E-04 2.354E+00 26 2.264E-03 4.956E-01 27 1.995E-03 6.685E-01
 47  23
 1 5.271E-05 5.039E+01  3 5.401E-06 5.002E+01  5 4.208E-04 3.272E+01  6 2.272E-04 9.521E+00  7 3.556E-03 1.507E+00
 8 3.145E-03 3.018E+00  9 7.024E-03 2.840E+00 10 1.093E-05 3.353E+01 11 2.190E-04 7.453E+00 12 1.484E-04 5.679E+00
13 8.608E-06 3.235E+01 14 1.550E-02 8.322E+00 15 1.106E-04 2.102E+01 16 1.660E-03 1.034E+00 17 8.992E-05 1.800E+01
18 5.130E-04 1.845E+01 21 6.618E-03 3.408E+00 22 3.042E-02 2.180E+00 23 3.309E-07 7.105E+01 24 3.692E-03 3.224E-01
25 1.124E-04 2.411E+00 26 2.343E-03 6.008E-01 27 2.092E-03 8.196E-01
 48  23
 1 8.408E-05 6.322E+01  3 1.901E-05 5.794E+01  5 6.661E-04 2.503E+01  6 2.234E-04 1.148E+01  7 3.939E-03 1.706E+00
 8 3.583E-03 2.303E+00  9 7.025E-03 2.111E+00 10 2.117E-05 2.997E+01 11 2.221E-04 9.204E+00 12 1.551E-04 7.190E+00
13 1.745E-05 2.218E+01 14 2.479E-02 5.473E+00 15 1.632E-04 1.822E+01 16 1.653E-03 1.099E+00 17 1.343E-04 1.362E+01
18 3.217E-04 1.378E+01 21 5.971E-03 3.065E+00 22 3.526E-02 1.389E+00 23 5.726E-07 9.209E+01 24 3.708E-03 3.075E-01
25 1.028E-04 2.471E+00 26 2.455E-03 7.782E-01 27 2.206E-03 9.323E-01
 49  22
 1 2.126E-05 5.603E+01  3 9.282E-06 3.637E+01  5 4.107E-04 3.112E+01  6 2.091E-04 1.310E+01  7 4.262E-03 1.886E+00
 8 4.405E-03 2.351E+00  9 7.009E-03 2.289E+00 10 1.503E-05 3.276E+01 11 2.490E-04 6.784E+00 12 1.693E-04 5.063E+00
13 9.115E-06 2.432E+01 14 2.458E-02 6.881E+00 15 1.430E-04 1.531E+01 16 1.599E-03 1.454E+00 17 1.111E-04 1.703E+01
18 2.544E-04 2.406E+01 21 5.162E-03 5.075E+00 22 3.277E-02 2.881E+00 24 3.754E-03 3.471E-01 25 9.394E-05 2.197E+00
26 3.261E-03 6.088E-01 27 3.371E-03 7.398E-01
 50  23
 1 7.952E-05 5.482E+01  3 1.303E-05 3.543E+01  5 5.817E-04 2.811E+01  6 2.449E-04 8.854E+00  7 4.759E-03 1.077E+00
 8 6.318E-03 2.729E+00  9 6.974E-03 2.147E+00 10 1.238E-05 2.699E+01 11 2.948E-04 6.879E+00 12 1.890E-04 4.675E+00
13 2.261E-05 1.990E+01 14 2.892E-02 4.888E+00 15 1.469E-04 2.071E+01 16 1.638E-03 1.551E+00 17 1.275E-04 1.777E+01
18 2.867E-04 2.069E+01 21 4.311E-03 5.019E+00 22 2.857E-02 1.388E+00 23 4.585E-07 9.903E+01 24 3.772E-03 3.316E-01
25 8.347E-05 2.832E+00 26 3.378E-03 7.038E-01 27 3.520E-03 9.460E-01
 51  24
 1 5.804E-05 5.209E+01  3 9.269E-06 5.638E+01  5 8.089E-04 2.255E+01  6 2.748E-04 9.575E+00  7 5.225E-03 1.279E+00
 8 7.162E-03 1.935E+00  9 6.879E-03 2.982E+00 10 2.030E-05 3.976E+01 11 3.675E-04 6.403E+00 12 2.211E-04 4.632E+00
13 1.454E-05 2.165E+01 14 2.644E-02 4.713E+00 15 1.977E-04 1.936E+01 16 1.595E-03 1.170E+00 17 1.925E-04 1.394E+01
18 2.406E-04 2.553E+01 19 5.925E-06 8.921E+01 21 3.789E-03 6.669E+00 22 2.007E-02 2.209E+00 23 1.545E-07 9.958E+01
24 3.792E-03 3.001E-01 25 7.136E-05 2.739E+00 26 3.440E-03 6.326E-01 27 3.583E-03 7.421E-01
 52  23
 1 1.272E-04 4.317E+01  3 6.235E-06 2.957E+01  5 4.461E-04 3.041E+01  6 3.622E-04 9.737E+00  7 5.905E-03 1.330E+00
 8 7.458E-03 2.167E+00  9 6.629E-03 2.377E+00 10 2.978E-05 3.530E+01 11 3.681E-04 6.847E+00 12 2.261E-04 5.124E+00
13 1.796E-05 1.808E+01 14 2.489E-02 4.720E+00 15 2.115E-04 1.989E+01 16 1.595E-03 9.254E-01 17 1.406E-04 1.818E+01
18 2.448E-04 2.958E+01 21 3.424E-03 8.200E+00 22 1.237E-02 3.105E+00 23 3.474E-07 9.885E+01 24 3.776E-03 3.415E-01
25 6.395E-05 2.218E+00 26 3.460E-03 6.077E-01 27 3.608E-03 7.949E-01
 53  23
 1 7.980E-05 4.804E+01  3 1.067E-05 3.579E+01  5 5.142E-04 2.561E+01  6 3.973E-04 8.566E+00  7 6.620E-03 1.218E+00
 8 7.601E-03 2.471E+00  9 6.687E-03 2.562E+00 10 2.558E-05 2.018E+01 11 4.271E-04 7.412E+00 12 2.341E-04 4.241E+00
13 2.075E-05 1.553E+01 14 2.142E-02 4.962E+00 15 2.852E-04 2.058E+01 16 1.599E-03 1.125E+00 17 2.356E-04 1.279E+01
18 2.075E-04 2.431E+01 21 3.254E-03 4.720E+00 22 1.121E-02 3.132E+00 23 2.661E-09 1.000E+02 24 3.787E-03 3.689E-01
25 5.895E-05 4.239E+00 26 3.502E-03 5.449E-01 27 3.653E-03 8.496E-01
 54  23
 1 1.910E-04 6.091E+01  3 2.372E-05 3.209E+01  5 1.196E-03 1.703E+01  6 4.192E-04 1.064E+01  7 7.732E-03 1.047E+00
 8 8.142E-03 2.275E+00  9 6.767E-03 2.410E+00 10 2.114E-05 2.800E+01 11 4.827E-04 4.513E+00 12 3.041E-04 4.181E+00
13 2.220E-05 1.316E+01 14 1.433E-02 6.257E+00 15 3.115E-04 1.448E+01 16 1.603E-03 1.149E+00 17 3.084E-04 1.289E+01
18 2.790E-04 2.332E+01 21 2.655E-03 5.080E+00 22 1.012E-02 3.810E+00 23 4.382E-07 5.369E+01 24 3.779E-03 3.261E-01
25 5.497E-05 3.667E+00 26 3.497E-03 7.183E-01 27 3.665E-03 9.009E-01
 55  24
 1 1.010E-04 6.293E+01  2 2.437E-07 1.000E+02  3 8.959E-06 3.478E+01  5 8.723E-04 1.852E+01  6 4.722E-04 8.525E+00
 7 1.277E-02 1.046E+00  8 8.740E-03 1.906E+00  9 6.471E-03 1.988E+00 10 2.584E-05 2.481E+01 11 5.225E-04 7.523E+00
12 2.781E-04 4.898E+00 13 1.921E-05 2.007E+01 14 1.000E-02 9.061E+00 15 2.629E-04 2.167E+01 16 1.606E-03 1.039E+00
17 2.480E-04 1.225E+01 18 1.086E-04 3.251E+01 21 2.450E-03 7.919E+00 22 8.017E-03 4.410E+00 23 3.474E-07 9.702E+01
24 3.795E-03 2.976E-01 25 4.830E-05 3.885E+00 26 3.551E-03 5.621E-01 27 3.695E-03 7.829E-01
 56  24
 1 1.027E-04 3.547E+01  3 1.646E-05 3.409E+01  5 1.633E-03 1.860E+01  6 6.097E-04 7.830E+00  7 1.384E-02 9.684E-01
 8 8.585E-03 1.498E+00  9 6.674E-03 2.947E+00 10 2.957E-05 1.851E+01 11 6.395E-04 5.631E+00 12 3.260E-04 3.756E+00
13 2.280E-05 1.624E+01 14 1.001E-02 7.714E+00 15 3.218E-04 1.419E+01 16 1.608E-03 9.844E-01 17 3.303E-04 1.567E+01
18 2.028E-04 2.343E+01 19 1.954E-05 9.752E+01 21 2.181E-03 6.064E+00 22 8.241E-03 3.396E+00 23 1.802E-07 7.656E+01
24 3.808E-03 3.407E-01 25 4.315E-05 2.556E+00 26 3.533E-03 6.379E-01 27 3.683E-03 9.963E-01
 57  24
 1 1.906E-04 3.966E+01  3 1.933E-05 3.452E+01  5 1.255E-03 1.514E+01  6 5.410E-04 6.791E+00  7 1.421E-02 8.709E-01
 8 9.037E-03 1.739E+00  9 6.380E-03 2.424E+00 10 4.707E-05 2.470E+01 11 6.520E-04 4.626E+00 12 3.641E-04 2.784E+00
13 2.714E-05 1.276E+01 14 8.570E-03 8.237E+00 15 3.317E-04 1.449E+01 16 1.594E-03 1.118E+00 17 2.942E-04 9.595E+00
18 2.296E-04 3.290E+01 19 1.655E-06 8.962E+01 21 2.072E-03 8.869E+00 22 7.495E-03 3.970E+00 23 1.089E-07 7.850E+01
24 3.800E-03 2.999E-01 25 3.861E-05 3.813E+00 26 3.514E-03 5.015E-01 27 3.671E-03 6.677E-01
 58  25
 1 1.174E-04 4.561E+01  3 2.110E-05 2.914E+01  5 1.459E-03 1.869E+01  6 7.266E-04 7.823E+00  7 1.485E-02 1.009E+00
 8 9.448E-03 1.788E+00  9 6.403E-03 3.060E+00 10 3.356E-05 2.671E+01 11 7.907E-04 4.343E+00 12 4.558E-04 4.246E+00
13 3.197E-05 1.072E+01 14 6.815E-03 9.469E+00 15 3.398E-04 1.637E+01 16 1.593E-03 1.132E+00 17 4.072E-04 8.868E+00
18 1.432E-04 3.677E+01 19 5.736E-07 8.128E+01 20 3.733E-06 1.000E+02 21 2.147E-03 7.167E+00 22 6.418E-03 4.847E+00
23 2.175E-07 7.756E+01 24 3.812E-03 3.442E-01 25 3.338E-05 4.548E+00 26 3.532E-03 6.687E-01 27 3.658E-03 8.611E-01
 59  24
 1 2.447E-04 3.964E+01  3 1.482E-05 3.856E+01  5 1.900E-03 1.403E+01  6 7.447E-04 7.853E+00  7 1.498E-02 9.585E-01
 8 9.726E-03 2.016E+00  9 6.419E-03 2.252E+00 10 4.500E-05 2.359E+01 11 7.715E-04 4.668E+00 12 4.939E-04 3.383E+00
13 3.769E-05 1.582E+01 14 6.848E-03 9.798E+00 15 3.853E-04 1.181E+01 16 1.607E-03 1.018E+00 17 3.820E-04 1.252E+01
18 9.826E-05 2.819E+01 19 1.299E-06 9.223E+01 21 1.670E-03 7.102E+00 22 6.233E-03 3.788E+00 23 5.194E-08 7.220E+01
24 3.817E-03 2.754E-01 25 2.976E-05 4.656E+00 26 3.521E-03 5.507E-01 27 3.655E-03 7.714E-01
 60  24
 1 1.517E-04 4.372E+01  3 2.696E-05 2.149E+01  5 1.709E-03 1.733E+01  6 8.844E-04 6.910E+00  7 1.536E-02 1.188E+00
 8 9.700E-03 1.402E+00  9 6.361E-03 2.823E+00 10 4.678E-05 2.744E+01 11 9.970E-04 4.220E+00 12 5.183E-04 3.487E+00
13 3.976E-05 1.429E+01 14 5.998E-03 1.119E+01 15 4.075E-04 1.165E+01 16 1.602E-03 1.215E+00 17 4.113E-04 9.742E+00
18 1.118E-04 2.631E+01 19 1.439E-05 8.874E+01 21 1.495E-03 7.910E+00 22 4.859E-03 5.529E+00 23 6.900E-08 5.489E+01
24 3.815E-03 2.969E-01 25 2.902E-05 5.811E+00 26 3.508E-03 5.250E-01 27 3.620E-03 5.738E-01
 61  24
 1 2.259E-04 3.018E+01  3 4.101E-05 3.582E+01  5 1.509E-03 1.356E+01  6 9.380E-04 5.923E+00  7 1.557E-02 9.031E-01
 8 1.041E-02 1.718E+00  9 6.370E-03 3.117E+00 10 6.688E-05 2.306E+01 11 1.064E-03 3.954E+00 12 5.826E-04 3.250E+00
13 4.485E-05 1.612E+01 14 5.298E-03 1.089E+01 15 5.210E-04 1.111E+01 16 1.591E-03 1.128E+00 17 4.030E-04 9.752E+00
18 1.177E-04 4.126E+01 19 8.812E-06 1.000E+02 21 1.306E-03 9.092E+00 22 5.262E-03 3.717E+00 23 2.185E-08 7.536E+01
24 3.799E-03 3.552E-01 25 2.461E-05 5.246E+00 26 3.452E-03 7.035E-01 27 3.528E-03 7.289E-01
 62  24
 1 1.629E-04 2.878E+01  3 3.351E-05 3.393E+01  5 1.627E-03 1.585E+01  6 1.062E-03 5.177E+00  7 1.584E-02 9.034E-01
 8 1.011E-02 1.525E+00  9 5.695E-03 2.534E+00 10 5.812E-05 1.865E+01 11 1.279E-03 5.085E+00 12 6.895E-04 3.522E+00
13 4.785E-05 8.677E+00 14 4.726E-03 1.105E+01 15 5.774E-04 8.235E+00 16 1.613E-03 1.180E+00 17 4.885E-04 9.267E+00
18 1.168E-04 3.456E+01 19 1.236E-05 1.000E+02 21 1.427E-03 7.351E+00 22 4.246E-03 5.952E+00 23 4.355E-07 5.438E+01
24 3.813E-03 3.054E-01 25 2.680E-05 6.700E+00 26 3.410E-03 7.662E-01 27 3.453E-03 9.660E-01
 63  24
 1 2.733E-04 3.931E+01  3 3.866E-05 3.059E+01  5 2.219E-03 1.410E+01  6 1.246E-03 5.383E+00  7 1.580E-02 7.701E-01
 8 1.077E-02 1.884E+00  9 6.281E-03 2.478E+00 10 8.596E-05 1.562E+01 11 1.354E-03 5.280E+00 12 7.313E-04 2.426E+00
13 5.352E-05 1.074E+01 14 4.211E-03 1.390E+01 15 6.237E-04 1.488E+01 16 1.618E-03 1.086E+00 17 6.142E-04 9.790E+00
18 7.238E-05 4.983E+01 19 3.826E-06 1.000E+02 21 1.179E-03 6.768E+00 22 3.758E-03 7.163E+00 23 4.644E-07 5.356E+01
24 3.802E-03 2.999E-01 25 2.120E-05 5.312E+00 26 3.329E-03 6.929E-01 27 3.366E-03 8.678E-01
 64  25
 1 3.161E-04 2.545E+01  2 5.277E-08 9.306E+01  3 4.411E-05 3.985E+01  5 2.070E-03 1.345E+01  6 1.330E-03 5.670E+00
 7 1.616E-02 6.238E-01  8 1.116E-02 1.579E+00  9 5.930E-03 2.937E+00 10 7.687E-05 1.974E+01 11 1.593E-03 2.717E+00
12 8.665E-04 3.055E+00 13 6.064E-05 1.226E+01 14 4.111E-03 1.246E+01 15 7.940E-04 8.633E+00 16 1.618E-03 8.659E-01
17 5.798E-04 6.417E+00 18 1.159E-04 3.976E+01 19 1.365E-05 5.749E+01 21 8.135E-04 1.080E+01 22 3.290E-03 5.484E+00
23 8.244E-07 4.560E+01 24 3.805E-03 3.366E-01 25 1.741E-05 6.735E+00 26 3.236E-03 7.706E-01 27 3.221E-03 9.910E-01
 65  24
 1 2.760E-04 2.530E+01  3 3.942E-05 1.956E+01  5 2.731E-03 1.307E+01  6 1.364E-03 5.206E+00  7 1.686E-02 1.006E+00
 8 1.194E-02 1.977E+00  9 6.003E-03 3.093E+00 10 9.784E-05 2.073E+01 11 1.790E-03 4.893E+00 12 1.010E-03 1.491E+00
13 6.673E-05 9.813E+00 14 3.910E-03 1.275E+01 15 7.480E-04 8.218E+00 16 1.641E-03 1.217E+00 17 7.532E-04 7.425E+00
18 4.794E-05 4.713E+01 19 1.549E-05 7.177E+01 21 8.038E-04 1.224E+01 22 3.209E-03 6.996E+00 23 7.149E-07 5.955E+01
24 3.779E-03 3.286E-01 25 1.461E-05 7.070E+00 26 2.432E-03 6.562E-01 27 1.993E-03 9.012E-01
 66  25
 1 4.815E-04 2.322E+01  2 9.015E-07 1.000E+02  3 2.983E-05 2.387E+01  5 3.238E-03 9.592E+00  6 1.516E-03 5.430E+00
 7 1.642E-02 8.124E-01  8 1.255E-02 1.890E+00  9 5.805E-03 2.364E+00 10 7.641E-05 1.241E+01 11 2.020E-03 3.624E+00
12 1.036E-03 2.048E+00 13 8.475E-05 1.039E+01 14 4.291E-03 1.341E+01 15 6.882E-04 8.349E+00 16 1.606E-03 1.083E+00
17 8.215E-04 8.400E+00 18 6.826E-05 3.430E+01 19 1.629E-05 6.289E+01 21 9.313E-04 7.341E+00 22 2.767E-03 5.763E+00
23 1.498E-06 4.981E+01 24 3.749E-03 2.928E-01 25 1.559E-05 9.135E+00 26 2.328E-03 7.384E-01 27 1.839E-03 1.193E+00
 67  25
 1 3.383E-04 2.902E+01  3 4.649E-05 2.252E+01  5 3.246E-03 1.300E+01  6 1.970E-03 4.983E+00  7 1.599E-02 8.568E-01
 8 1.329E-02 1.883E+00  9 5.493E-03 1.986E+00 10 9.727E-05 1.310E+01 11 2.143E-03 3.032E+00 12 1.227E-03 2.865E+00
13 9.087E-05 7.203E+00 14 3.066E-03 1.118E+01 15 9.125E-04 1.125E+01 16 1.623E-03 1.009E+00 17 8.407E-04 6.305E+00
18 8.944E-05 4.532E+01 19 4.543E-05 7.002E+01 20 6.638E-07 1.000E+02 21 7.338E-04 9.964E+00 22 2.888E-03 5.546E+00
23 7.565E-07 4.637E+01 24 3.745E-03 3.410E-01 25 1.396E-05 7.938E+00 26 2.255E-03 5.484E-01 27 1.725E-03 1.163E+00
 68  23
 1 4.584E-04 2.623E+01  3 5.635E-05 2.416E+01  5 3.704E-03 1.136E+01  6 2.057E-03 3.169E+00  7 1.561E-02 7.642E-01
 8 1.420E-02 1.830E+00  9 5.236E-03 3.341E+00 10 1.069E-04 1.608E+01 11 2.460E-03 3.542E+00 12 1.330E-03 2.106E+00
13 7.611E-05 9.228E+00 14 2.478E-03 1.527E+01 15 1.009E-03 9.060E+00 16 1.578E-03 1.306E+00 17 1.075E-03 6.846E+00
18 2.145E-05 6.572E+01 21 7.596E-04 1.094E+01 22 2.559E-03 6.143E+00 23 1.388E-06 3.752E+01 24 3.742E-03 3.760E-01
25 1.304E-05 6.307E+00 26 2.217E-03 9.356E-01 27 1.671E-03 1.476E+00
 69  24
 1 6.539E-04 2.236E+01  3 5.157E-05 1.978E+01  5 4.735E-03 9.312E+00  6 2.304E-03 4.224E+00  7 1.407E-02 1.311E+00
 8 2.248E-02 1.344E+00  9 3.078E-03 3.428E+00 10 1.229E-04 1.096E+01 11 2.777E-03 3.036E+00 12 1.524E-03 2.091E+00
13 1.095E-04 5.671E+00 14 2.511E-03 1.603E+01 15 1.134E-03 8.852E+00 16 1.619E-03 1.135E+00 17 1.043E-03 6.243E+00
18 7.837E-05 5.283E+01 19 5.358E-05 6.442E+01 21 6.843E-04 1.014E+01 22 1.957E-03 5.962E+00 23 1.650E-06 3.602E+01
24 3.746E-03 3.332E-01 25 1.034E-05 6.858E+00 26 2.197E-03 8.487E-01 27 1.609E-03 1.151E+00
 70  26
 1 4.786E-04 2.368E+01  2 1.381E-07 1.000E+02  3 3.726E-05 2.097E+01  5 5.296E-03 1.021E+01  6 2.542E-03 4.324E+00
 7 1.223E-02 1.037E+00  8 2.182E-02 9.668E-01  9 2.659E-03 3.974E+00 10 1.333E-04 1.330E+01 11 3.189E-03 3.341E+00
12 1.754E-03 1.580E+00 13 1.134E-04 7.226E+00 14 2.425E-03 1.617E+01 15 1.211E-03 6.400E+00 16 1.645E-03 7.904E-01
17 1.388E-03 5.587E+00 18 1.636E-05 5.842E+01 19 1.701E-05 9.706E+01 20 4.241E-07 1.000E+02 21 4.859E-04 1.462E+01
22 1.699E-03 6.113E+00 23 1.395E-06 2.575E+01 24 3.770E-03 3.090E-01 25 1.093E-05 6.776E+00 26 2.161E-03 8.208E-01
27 1.530E-03 1.155E+00
 71  26
 1 6.481E-04 2.000E+01  2 3.740E-07 1.000E+02  3 5.282E-05 1.891E+01  5 5.259E-03 8.640E+00  6 2.711E-03 3.051E+00
 7 1.095E-02 1.201E+00  8 1.768E-02 1.400E+00  9 2.189E-03 4.252E+00 10 1.898E-04 1.084E+01 11 3.684E-03 3.477E+00
12 1.895E-03 1.801E+00 13 1.306E-04 6.800E+00 14 1.946E-03 1.821E+01 15 1.365E-03 6.967E+00 16 1.619E-03 1.199E+00
17 1.497E-03 5.499E+00 18 6.406E-05 4.316E+01 19 2.733E-05 6.676E+01 20 1.364E-05 6.937E+01 21 4.209E-04 1.540E+01
22 1.664E-03 7.733E+00 23 2.225E-06 3.908E+01 24 3.731E-03 3.792E-01 25 9.017E-06 1.105E+01 26 2.125E-03 1.150E+00
27 1.499E-03 1.250E+00
 72  24
 1 9.580E-04 2.014E+01  3 5.167E-05 1.604E+01  5 5.702E-03 8.283E+00  6 3.238E-03 3.554E+00  7 1.034E-02 9.696E-01
 8 1.754E-02 1.372E+00  9 1.980E-03 4.895E+00 10 1.731E-04 9.895E+00 11 4.002E-03 2.285E+00 12 2.256E-03 1.371E+00
13 1.313E-04 7.732E+00 14 1.888E-03 1.913E+01 15 1.653E-03 5.724E+00 16 1.591E-03 1.045E+00 17 1.636E-03 4.907E+00
18 6.270E-05 4.613E+01 19 7.040E-06 6.895E+01 21 3.852E-04 1.836E+01 22 1.736E-03 8.377E+00 23 1.779E-06 4.451E+01
24 3.726E-03 3.037E-01 25 7.620E-06 9.998E+00 26 2.109E-03 1.125E+00 27 1.469E-03 1.779E+00
 73  26
 1 7.689E-04 1.882E+01  2 1.979E-08 1.000E+02  3 4.973E-05 1.469E+01  5 6.988E-03 7.964E+00  6 3.821E-03 3.174E+00
 7 1.027E-02 7.326E-01  8 2.030E-02 1.605E+00  9 1.846E-03 4.061E+00 10 2.291E-04 8.498E+00 11 4.938E-03 2.119E+00
12 2.489E-03 1.504E+00 13 1.541E-04 6.449E+00 14 1.554E-03 2.000E+01 15 1.675E-03 5.720E+00 16 1.613E-03 1.420E+00
17 1.803E-03 3.930E+00 18 8.583E-05 6.924E+01 19 3.134E-06 1.000E+02 20 2.913E-05 7.101E+01 21 5.000E-04 1.669E+01
22 1.456E-03 8.487E+00 23 1.877E-06 3.315E+01 24 3.719E-03 2.885E-01 25 6.641E-06 1.095E+01 26 2.089E-03 7.371E-01
27 1.443E-03 1.213E+00
 74  26
 1 1.333E-03 1.407E+01  2 8.565E-08 1.000E+02  3 5.304E-05 1.612E+01  5 6.570E-03 9.023E+00  6 4.164E-03 2.763E+00
 7 1.099E-02 7.238E-01  8 2.105E-02 1.429E+00  9 1.604E-03 4.882E+00 10 1.908E-04 1.037E+01 11 5.544E-03 2.406E+00
12 2.889E-03 1.835E+00 13 1.804E-04 7.325E+00 14 1.061E-03 1.560E+01 15 1.630E-03 4.523E+00 16 1.622E-03 9.833E-01
17 2.130E-03 4.335E+00 18 3.217E-05 6.422E+01 19 1.400E-04 5.233E+01 20 1.387E-05 9.592E+01 21 3.182E-04 1.780E+01
22 1.211E-03 7.522E+00 23 7.534E-07 4.048E+01 24 3.729E-03 3.440E-01 25 8.036E-06 9.914E+00 26 2.090E-03 9.263E-01
27 1.428E-03 1.590E+00
 75  25
 1 7.655E-04 2.038E+01  2 1.231E-07 1.000E+02  3 9.906E-05 1.407E+01  5 7.367E-03 7.280E+00  6 6.222E-03 3.385E+00
 7 6.511E-03 1.118E+00  8 9.741E-03 1.666E+00  9 1.447E-03 4.741E+00 10 2.501E-04 7.659E+00 11 7.253E-03 2.416E+00
12 4.532E-03 1.177E+00 13 1.843E-04 6.460E+00 14 1.959E-03 1.470E+01 15 2.114E-03 4.266E+00 16 1.629E-03 1.094E+00
17 2.178E-03 5.475E+00 18 2.646E-05 4.680E+01 19 1.664E-05 6.063E+01 21 3.562E-04 1.734E+01 22 1.107E-03 9.073E+00
23 1.801E-06 3.286E+01 24 3.734E-03 3.297E-01 25 6.494E-06 1.018E+01 26 2.090E-03 8.944E-01 27 1.400E-03 1.395E+00
 76  24
 1 1.088E-03 1.160E+01  3 1.101E-04 1.409E+01  5 1.101E-02 7.861E+00  6 7.546E-03 2.119E+00  7 5.801E-03 1.109E+00
 8 8.675E-03 2.098E+00  9 1.298E-03 4.441E+00 10 2.799E-04 7.504E+00 11 1.026E-02 1.801E+00 12 5.125E-03 1.154E+00
13 2.155E-04 4.631E+00 14 1.333E-03 2.141E+01 15 2.442E-03 4.527E+00 16 1.630E-03 9.225E-01 17 2.365E-03 4.196E+00
18 4.454E-05 7.323E+01 19 8.378E-05 8.473E+01 21 2.423E-04 1.903E+01 22 1.071E-03 9.934E+00 23 3.115E-06 2.215E+01
24 3.753E-03 3.125E-01 25 4.493E-06 9.461E+00 26 2.047E-03 6.422E-01 27 1.362E-03 1.294E+00
 77  26
 1 1.263E-03 1.348E+01  2 2.334E-06 8.059E+01  3 1.128E-04 9.998E+00  5 1.831E-02 5.246E+00  6 8.878E-03 2.370E+00
 7 5.082E-03 1.375E+00  8 7.352E-03 1.702E+00  9 1.165E-03 4.863E+00 10 2.982E-04 9.482E+00 11 1.311E-02 1.505E+00
12 5.629E-03 1.202E+00 13 2.229E-04 4.130E+00 14 1.030E-03 3.784E+01 15 2.650E-03 4.782E+00 16 1.632E-03 1.002E+00
17 2.735E-03 4.049E+00 18 2.830E-05 6.614E+01 19 2.128E-05 5.504E+01 20 2.530E-05 1.000E+02 21 2.954E-04 1.851E+01
22 1.055E-03 9.951E+00 23 3.121E-06 3.176E+01 24 3.726E-03 2.878E-01 25 5.648E-06 1.177E+01 26 2.060E-03 8.856E-01
27 1.338E-03 1.382E+00
 78  25
 1 1.317E-03 1.392E+01  2 1.087E-07 1.000E+02  3 9.281E-05 1.180E+01  5 1.699E-02 7.521E+00  6 9.485E-03 2.219E+00
 7 4.469E-03 1.552E+00  8 6.574E-03 2.479E+00  9 1.067E-03 5.912E+00 10 3.445E-04 6.188E+00 11 1.571E-02 1.132E+00
12 6.073E-03 1.234E+00 13 2.284E-04 5.523E+00 14 8.213E-04 2.440E+01 15 3.108E-03 5.275E+00 16 1.662E-03 1.268E+00
17 3.331E-03 3.870E+00 18 1.328E-05 6.256E+01 19 1.115E-07 1.000E+02 21 1.997E-04 2.691E+01 22 8.757E-04 8.116E+00
23 2.715E-06 2.243E+01 24 3.745E-03 3.748E-01 25 5.602E-06 1.375E+01 26 2.065E-03 9.180E-01 27 1.341E-03 1.435E+00
 79  25
 1 1.739E-03 1.655E+01  2 6.029E-07 6.051E+01  3 9.671E-05 1.806E+01  5 2.000E-02 6.393E+00  6 1.035E-02 2.218E+00
 7 4.096E-03 1.401E+00  8 5.646E-03 2.720E+00  9 9.064E-04 6.123E+00 10 3.117E-04 6.046E+00 11 1.801E-02 1.042E+00
12 6.785E-03 1.387E+00 13 2.939E-04 5.391E+00 14 8.368E-04 2.337E+01 15 3.218E-03 5.072E+00 16 1.629E-03 1.079E+00
17 3.766E-03 4.056E+00 18 9.760E-06 8.952E+01 19 2.106E-04 4.995E+01 21 2.138E-04 2.208E+01 22 7.982E-04 1.128E+01
23 1.814E-06 2.811E+01 24 3.748E-03 3.549E-01 25 3.777E-06 1.310E+01 26 2.117E-03 9.193E-01 27 1.373E-03 1.340E+00
 80  26
 1 1.868E-03 1.343E+01  2 6.985E-07 9.837E+01  3 1.105E-04 1.586E+01  5 2.100E-02 4.595E+00  6 1.127E-02 2.306E+00
 7 3.701E-03 1.838E+00  8 5.229E-03 3.241E+00  9 8.994E-04 6.759E+00 10 3.935E-04 7.517E+00 11 1.971E-02 1.354E+00
12 7.213E-03 1.117E+00 13 3.260E-04 3.289E+00 14 6.234E-04 2.004E+01 15 3.474E-03 4.921E+00 16 1.632E-03 1.234E+00
17 4.287E-03 2.784E+00 18 1.149E-05 7.456E+01 19 6.005E-05 6.429E+01 20 1.485E-06 8.836E+01 21 1.991E-04 1.810E+01
22 5.661E-04 9.358E+00 23 3.204E-06 2.654E+01 24 3.733E-03 2.937E-01 25 4.275E-06 1.292E+01 26 2.084E-03 6.019E-01
27 1.311E-03 1.090E+00
 81  24
 1 1.821E-03 1.003E+01  3 1.222E-04 1.606E+01  5 2.108E-02 5.237E+00  6 1.205E-02 1.768E+00  7 3.333E-03 1.480E+00
 8 4.904E-03 2.135E+00  9 7.894E-04 7.119E+00 10 4.228E-04 5.904E+00 11 2.065E-02 9.103E-01 12 7.711E-03 1.128E+00
13 3.258E-04 4.069E+00 14 8.244E-04 1.878E+01 15 3.882E-03 4.200E+00 16 1.625E-03 1.310E+00 17 4.250E-03 2.312E+00
18 1.406E-05 5.065E+01 19 5.545E-05 5.624E+01 21 2.659E-04 2.321E+01 22 6.516E-04 1.146E+01 23 4.524E-06 3.995E+01
24 3.741E-03 2.824E-01 25 4.610E-06 1.197E+01 26 2.108E-03 8.847E-01 27 1.304E-03 1.424E+00
 82  25
 1 1.926E-03 9.859E+00  2 6.957E-07 9.463E+01  3 1.422E-04 1.413E+01  5 2.306E-02 4.940E+00  6 1.265E-02 2.336E+00
 7 2.926E-03 1.955E+00  8 4.251E-03 3.044E+00  9 6.468E-04 4.720E+00 10 4.726E-04 6.142E+00 11 2.271E-02 1.093E+00
12 8.223E-03 8.066E-01 13 3.863E-04 4.144E+00 14 6.368E-04 2.051E+01 15 4.639E-03 5.272E+00 16 1.639E-03 1.192E+00
17 5.408E-03 2.914E+00 18 5.065E-06 7.383E+01 19 1.358E-04 4.091E+01 21 1.799E-04 2.251E+01 22 6.187E-04 1.193E+01
23 3.872E-06 2.700E+01 24 3.730E-03 3.365E-01 25 3.484E-06 1.066E+01 26 2.114E-03 8.155E-01 27 1.286E-03 1.145E+00
 83  25
 1 2.492E-03 1.748E+01  2 9.571E-08 7.195E+01  3 1.368E-04 1.585E+01  5 2.069E-02 4.322E+00  6 1.361E-02 2.101E+00
 7 2.689E-03 1.803E+00  8 3.542E-03 1.982E+00  9 5.606E-04 6.672E+00 10 5.269E-04 5.151E+00 11 2.359E-02 1.143E+00
12 8.870E-03 8.289E-01 13 3.884E-04 4.906E+00 14 8.262E-04 3.329E+01 15 5.185E-03 4.011E+00 16 1.639E-03 8.896E-01
17 6.318E-03 2.480E+00 18 1.278E-05 5.572E+01 19 9.966E-05 4.313E+01 21 1.239E-04 2.169E+01 22 5.389E-04 1.091E+01
23 2.849E-06 2.189E+01 24 3.755E-03 3.388E-01 25 3.278E-06 1.468E+01 26 2.163E-03 7.089E-01 27 1.333E-03 1.439E+00
 84  25
 1 2.150E-03 9.724E+00  3 1.254E-04 1.194E+01  5 2.028E-02 5.415E+00  6 1.365E-02 2.076E+00  7 2.458E-03 1.999E+00
 8 3.473E-03 2.417E+00  9 4.860E-04 8.028E+00 10 5.562E-04 6.274E+00 11 2.366E-02 1.229E+00 12 9.392E-03 1.190E+00
13 4.424E-04 3.893E+00 14 5.324E-04 4.356E+01 15 5.677E-03 2.501E+00 16 1.604E-03 1.247E+00 17 8.446E-03 1.610E+00
18 3.156E-06 1.000E+02 19 1.272E-04 3.184E+01 20 2.966E-06 1.000E+02 21 1.229E-04 2.424E+01 22 4.837E-04 1.149E+01
23 2.529E-06 2.738E+01 24 3.737E-03 3.027E-01 25 3.112E-06 1.666E+01 26 2.156E-03 9.022E-01 27 1.292E-03 1.330E+00
 85  26
 1 2.273E-03 1.152E+01  2 9.178E-08 1.000E+02  3 1.846E-04 8.074E+00  5 1.767E-02 5.179E+00  6 1.451E-02 2.003E+00
 7 2.238E-03 1.864E+00  8 3.173E-03 2.764E+00  9 4.790E-04 9.606E+00 10 6.584E-04 6.675E+00 11 2.429E-02 9.298E-01
12 9.829E-03 8.212E-01 13 4.947E-04 4.383E+00 14 3.811E-04 3.355E+01 15 6.045E-03 3.000E+00 16 1.602E-03 1.200E+00
17 1.007E-02 2.069E+00 18 4.533E-06 1.000E+02 19 2.398E-04 4.773E+01 20 1.221E-05 9.622E+01 21 1.001E-04 3.496E+01
22 3.932E-04 1.011E+01 23 3.171E-06 2.749E+01 24 3.754E-03 2.879E-01 25 2.736E-06 1.254E+01 26 2.213E-03 9.276E-01
27 1.317E-03 1.674E+00
 86  26
 1 2.948E-03 9.179E+00  2 3.392E-06 6.334E+01  3 1.847E-04 1.498E+01  5 1.824E-02 5.641E+00  6 1.477E-02 1.892E+00
 7 1.994E-03 1.734E+00  8 2.658E-03 3.508E+00  9 3.613E-04 1.038E+01 10 6.246E-04 5.878E+00 11 2.470E-02 1.292E+00
12 1.042E-02 7.284E-01 13 5.685E-04 3.497E+00 14 1.570E-04 3.937E+01 15 6.543E-03 3.779E+00 16 1.606E-03 1.020E+00
17 1.177E-02 2.144E+00 18 2.777E-06 9.669E+01 19 9.964E-05 4.087E+01 20 1.045E-07 1.000E+02 21 7.159E-05 3.759E+01
22 4.669E-04 1.478E+01 23 6.770E-06 1.909E+01 24 3.770E-03 3.253E-01 25 1.788E-06 1.870E+01 26 2.274E-03 9.311E-01
27 1.348E-03 1.609E+00
 87  26
 1 3.512E-03 1.140E+01  2 6.865E-08 1.000E+02  3 1.540E-04 9.308E+00  5 1.791E-02 6.929E+00  6 1.527E-02 1.567E+00
 7 1.736E-03 2.267E+00  8 2.392E-03 2.832E+00  9 3.234E-04 9.565E+00 10 7.995E-04 5.459E+00 11 2.393E-02 1.393E+00
12 1.091E-02 8.850E-01 13 5.876E-04 3.401E+00 14 3.157E-04 3.771E+01 15 7.548E-03 3.344E+00 16 1.601E-03 8.644E-01
17 1.416E-02 2.002E+00 18 5.032E-06 7.945E+01 19 6.236E-05 6.884E+01 20 1.566E-06 9.381E+01 21 1.002E-04 2.847E+01
22 3.570E-04 1.736E+01 23 3.767E-06 2.501E+01 24 3.762E-03 3.029E-01 25 2.976E-06 1.677E+01 26 2.294E-03 6.975E-01
27 1.338E-03 1.355E+00
 88  26
 1 3.712E-03 8.279E+00  2 1.139E-06 9.973E+01  3 2.043E-04 1.243E+01  5 1.468E-02 7.156E+00  6 1.576E-02 2.030E+00
 7 1.596E-03 2.331E+00  8 2.120E-03 3.707E+00  9 3.238E-04 1.200E+01 10 8.878E-04 5.093E+00 11 2.327E-02 1.373E+00
12 1.144E-02 9.111E-01 13 6.884E-04 2.721E+00 14 1.998E-04 5.987E+01 15 8.891E-03 3.393E+00 16 1.660E-03 1.100E+00
17 1.546E-02 1.784E+00 18 4.587E-06 1.000E+02 19 1.122E-04 4.125E+01 20 1.430E-05 7.432E+01 21 6.366E-05 3.666E+01
22 4.231E-04 2.481E+01 23 5.932E-06 1.838E+01 24 3.773E-03 3.410E-01 25 1.402E-06 1.694E+01 26 2.367E-03 6.599E-01
27 1.361E-03 1.102E+00
 89  26
 1 4.769E-03 8.244E+00  2 8.123E-07 9.862E+01  3 2.021E-04 9.176E+00  5 1.400E-02 7.000E+00  6 1.507E-02 2.211E+00
 7 1.431E-03 3.025E+00  8 2.047E-03 3.994E+00  9 3.151E-04 1.009E+01 10 9.365E-04 4.315E+00 11 2.199E-02 1.301E+00
12 1.180E-02 8.135E-01 13 7.725E-04 2.308E+00 14 2.997E-04 3.476E+01 15 1.054E-02 2.953E+00 16 1.605E-03 1.188E+00
17 1.572E-02 2.014E+00 18 6.933E-06 1.000E+02 19 1.651E-04 4.081E+01 20 2.488E-05 6.000E+01 21 5.467E-05 3.120E+01
22 2.964E-04 1.688E+01 23 9.125E-06 1.352E+01 24 3.772E-03 3.108E-01 25 1.881E-06 1.789E+01 26 2.457E-03 7.454E-01
27 1.385E-03 1.494E+00
 90  25
 1 5.202E-03 7.495E+00  2 5.277E-07 7.485E+01  3 2.332E-04 9.921E+00  5 1.253E-02 4.245E+00  6 1.620E-02 1.602E+00
 7 1.222E-03 2.821E+00  8 1.771E-03 5.131E+00  9 2.909E-04 1.429E+01 10 1.066E-03 3.186E+00 11 2.106E-02 1.526E+00
12 1.223E-02 6.972E-01 13 8.607E-04 3.945E+00 14 3.994E-04 4.227E+01 15 1.291E-02 2.752E+00 16 1.622E-03 1.271E+00
17 1.743E-02 2.159E+00 19 2.290E-04 3.727E+01 20 2.763E-05 7.253E+01 21 6.007E-05 3.110E+01 22 3.060E-04 1.555E+01
23 8.036E-06 1.470E+01 24 3.787E-03 3.116E-01 25 1.830E-06 2.227E+01 26 2.561E-03 7.103E-01 27 1.416E-03 1.254E+00
 91  26
 1 6.225E-03 8.041E+00  2 3.382E-06 7.470E+01  3 2.525E-04 8.924E+00  5 1.064E-02 5.813E+00  6 1.479E-02 2.116E+00
 7 1.115E-03 2.684E+00  8 1.469E-03 5.783E+00  9 2.288E-04 1.150E+01 10 1.169E-03 3.874E+00 11 1.832E-02 1.173E+00
12 1.182E-02 8.310E-01 13 8.565E-04 2.880E+00 14 3.418E-04 3.065E+01 15 1.290E-02 3.462E+00 16 1.588E-03 1.144E+00
17 1.686E-02 1.954E+00 18 2.282E-05 1.000E+02 19 3.097E-04 2.325E+01 20 2.629E-06 1.000E+02 21 4.481E-05 3.300E+01
22 2.561E-04 1.511E+01 23 9.460E-06 2.132E+01 24 3.877E-03 3.090E-01 25 1.727E-06 1.981E+01 26 4.038E-03 4.897E-01
27 2.332E-03 5.947E-01
 92  25
 1 6.183E-03 7.567E+00  2 7.086E-07 7.408E+01  3 2.849E-04 1.118E+01  5 1.070E-02 8.151E+00  6 1.393E-02 1.916E+00
 7 9.758E-04 3.422E+00  8 1.362E-03 4.334E+00  9 2.356E-04 9.064E+00 10 1.231E-03 4.140E+00 11 1.621E-02 1.587E+00
12 1.220E-02 7.220E-01 13 1.002E-03 2.139E+00 14 2.907E-04 4.119E+01 15 1.403E-02 2.451E+00 16 1.600E-03 9.515E-01
17 1.759E-02 1.825E+00 19 1.628E-04 2.495E+01 20 2.051E-05 7.000E+01 21 5.518E-05 3.605E+01 22 1.584E-04 1.757E+01
23 8.443E-06 1.929E+01 24 3.906E-03 2.692E-01 25 1.334E-06 1.922E+01 26 4.444E-03 4.373E-01 27 2.552E-03 6.363E-01
 93  25
 1 8.144E-03 6.546E+00  2 1.924E-06 8.264E+01  3 3.268E-04 7.768E+00  5 8.722E-03 7.938E+00  6 1.400E-02 1.289E+00
 7 8.814E-04 3.547E+00  8 1.109E-03 3.741E+00  9 1.829E-04 1.330E+01 10 1.436E-03 2.677E+00 11 1.386E-02 1.728E+00
12 1.260E-02 9.304E-01 13 1.097E-03 2.706E+00 14 3.164E-04 2.790E+01 15 1.495E-02 2.165E+00 16 1.569E-03 9.944E-01
17 1.776E-02 2.507E+00 18 1.515E-05 1.000E+02 19 2.946E-04 2.578E+01 21 7.783E-05 3.146E+01 22 1.788E-04 1.979E+01
23 1.133E-05 1.745E+01 24 3.886E-03 2.960E-01 25 8.710E-07 2.358E+01 26 4.447E-03 5.155E-01 27 2.538E-03 6.707E-01
 94  25
 1 9.188E-03 5.648E+00  2 5.962E-07 7.668E+01  3 4.336E-04 8.254E+00  5 9.359E-03 8.731E+00  6 1.526E-02 1.445E+00
 7 8.310E-04 3.047E+00  8 1.118E-03 3.874E+00  9 1.473E-04 1.342E+01 10 1.608E-03 3.297E+00 11 1.292E-02 1.599E+00
12 1.391E-02 5.912E-01 13 1.305E-03 2.288E+00 14 2.611E-04 3.822E+01 15 1.725E-02 2.512E+00 16 1.595E-03 1.376E+00
17 1.987E-02 1.580E+00 19 2.568E-04 3.151E+01 20 2.149E-05 7.637E+01 21 5.447E-05 3.236E+01 22 1.574E-04 2.564E+01
23 9.119E-06 1.581E+01 24 3.813E-03 3.238E-01 25 1.010E-06 3.345E+01 26 2.859E-03 8.291E-01 27 1.400E-03 1.229E+00
 95  25
 1 9.975E-03 7.362E+00  2 1.774E-06 5.971E+01  3 4.463E-04 9.972E+00  5 6.986E-03 7.715E+00  6 1.438E-02 1.769E+00
 7 7.424E-04 4.516E+00  8 1.064E-03 5.525E+00  9 1.997E-04 1.326E+01 10 1.813E-03 3.055E+00 11 1.045E-02 1.683E+00
12 1.433E-02 7.412E-01 13 1.412E-03 1.958E+00 14 1.814E-04 6.542E+01 15 2.671E-02 1.765E+00 16 1.593E-03 1.067E+00
17 2.000E-02 1.136E+00 19 2.993E-04 2.136E+01 20 3.937E-05 6.605E+01 21 9.047E-05 2.957E+01 22 1.573E-04 2.145E+01
23 1.231E-05 1.105E+01 24 3.821E-03 3.530E-01 25 9.050E-07 3.589E+01 26 2.878E-03 5.702E-01 27 1.349E-03 8.335E-01
 96  26
 1 1.314E-02 5.417E+00  2 3.403E-06 6.270E+01  3 4.338E-04 6.711E+00  5 5.884E-03 1.026E+01  6 1.443E-02 1.773E+00
 7 6.451E-04 4.256E+00  8 9.137E-04 5.054E+00  9 1.169E-04 9.404E+00 10 2.044E-03 3.831E+00 11 7.411E-03 2.031E+00
12 1.449E-02 9.841E-01 13 1.501E-03 1.754E+00 14 3.174E-04 3.672E+01 15 2.673E-02 2.157E+00 16 1.620E-03 7.413E-01
17 1.970E-02 2.109E+00 18 3.423E-06 9.223E+01 19 3.561E-04 3.862E+01 20 7.756E-05 4.999E+01 21 4.390E-05 3.680E+01
22 1.728E-04 2.527E+01 23 1.414E-05 1.427E+01 24 3.846E-03 3.403E-01 25 9.745E-07 2.794E+01 26 3.242E-03 8.522E-01
27 1.617E-03 1.037E+00
 97  25
 1 2.698E-02 3.515E+00  2 1.602E-06 4.232E+01  3 4.604E-04 5.630E+00  5 5.460E-03 1.479E+01  6 1.268E-02 2.104E+00
 7 6.023E-04 3.642E+00  8 8.000E-04 5.465E+00  9 1.132E-04 1.086E+01 10 2.084E-03 2.729E+00 11 4.954E-03 2.183E+00
12 1.381E-02 7.779E-01 13 1.637E-03 2.240E+00 14 1.435E-04 6.261E+01 15 2.358E-02 1.954E+00 16 1.564E-03 9.970E-01
17 1.762E-02 1.687E+00 19 3.411E-04 2.514E+01 20 4.703E-05 6.007E+01 21 3.328E-05 4.582E+01 22 1.765E-04 3.044E+01
23 1.513E-05 1.169E+01 24 3.904E-03 3.291E-01 25 7.170E-07 2.884E+01 26 4.584E-03 4.330E-01 27 2.555E-03 6.626E-01
 98  26
 1 2.972E-02 3.543E+00  2 4.949E-07 5.403E+01  3 4.879E-04 5.337E+00  5 4.902E-03 1.041E+01  6 1.209E-02 1.344E+00
 7 5.359E-04 3.597E+00  8 7.362E-04 6.190E+00  9 1.016E-04 1.943E+01 10 2.316E-03 3.241E+00 11 4.275E-03 2.285E+00
12 1.401E-02 6.975E-01 13 1.891E-03 2.223E+00 14 7.493E-05 4.247E+01 15 2.056E-02 2.171E+00 16 1.559E-03 1.360E+00
17 1.631E-02 1.848E+00 18 8.101E-06 7.742E+01 19 3.271E-04 2.860E+01 20 3.123E-05 7.517E+01 21 1.991E-05 4.834E+01
22 1.796E-04 1.812E+01 23 1.554E-05 1.238E+01 24 3.903E-03 3.530E-01 25 8.557E-07 2.503E+01 26 4.653E-03 6.007E-01
27 2.590E-03 7.800E-01
 99  26
 1 2.997E-02 3.834E+00  2 2.625E-06 4.663E+01  3 5.941E-04 5.147E+00  5 4.153E-03 9.425E+00  6 1.207E-02 2.288E+00
 7 5.227E-04 5.051E+00  8 6.698E-04 6.684E+00  9 1.004E-04 1.468E+01 10 2.741E-03 3.398E+00 11 4.019E-03 2.645E+00
12 1.448E-02 6.901E-01 13 2.103E-03 1.888E+00 14 1.498E-04 4.877E+01 15 1.807E-02 2.404E+00 16 1.583E-03 1.157E+00
17 1.672E-02 1.329E+00 18 1.963E-05 8.729E+01 19 3.047E-04 2.043E+01 20 6.453E-05 5.619E+01 21 7.005E-05 4.615E+01
22 9.121E-05 2.543E+01 23 1.687E-05 1.218E+01 24 3.867E-03 3.397E-01 25 7.017E-07 2.325E+01 26 4.029E-03 4.902E-01
27 2.120E-03 6.492E-01
100  25
 1 3.158E-02 3.009E+00  2 2.227E-06 4.076E+01  3 5.971E-04 5.763E+00  5 3.991E-03 1.061E+01  6 1.169E-02 2.566E+00
 7 4.689E-04 3.769E+00  8 6.250E-04 5.480E+00  9 1.068E-04 1.502E+01 10 3.079E-03 2.640E+00 11 3.611E-03 3.078E+00
12 1.552E-02 7.875E-01 13 2.478E-03 1.921E+00 14 6.368E-05 6.702E+01 15 1.475E-02 1.798E+00 16 1.594E-03 9.769E-01
17 1.626E-02 1.502E+00 19 6.304E-04 1.517E+01 20 5.007E-05 8.155E+01 21 1.220E-05 7.129E+01 22 5.570E-05 3.904E+01
23 1.915E-05 1.518E+01 24 3.809E-03 3.297E-01 25 7.076E-07 4.279E+01 26 3.007E-03 5.656E-01 27 1.391E-03 7.817E-01
101  25
 1 3.113E-02 5.096E+00  2 1.022E-06 4.810E+01  3 6.606E-04 5.468E+00  5 3.253E-03 9.739E+00  6 1.114E-02 1.511E+00
 7 4.089E-04 5.723E+00  8 6.191E-04 6.861E+00  9 8.377E-05 2.043E+01 10 3.443E-03 2.910E+00 11 3.130E-03 3.057E+00
12 1.563E-02 6.752E-01 13 2.819E-03 1.671E+00 14 1.330E-04 4.734E+01 15 1.024E-02 2.271E+00 16 1.624E-03 9.892E-01
17 1.476E-02 1.235E+00 19 5.119E-04 2.197E+01 20 9.636E-05 3.956E+01 21 1.702E-05 5.137E+01 22 4.582E-05 3.171E+01
23 2.008E-05 6.377E+00 24 3.787E-03 3.496E-01 25 5.192E-07 2.726E+01 26 2.962E-03 7.076E-01 27 1.345E-03 1.176E+00
102  25
 1 2.685E-02 3.916E+00  2 3.428E-06 4.456E+01  3 7.675E-04 4.517E+00  5 2.430E-03 1.471E+01  6 9.687E-03 3.208E+00
 7 3.571E-04 4.383E+00  8 4.572E-04 5.860E+00  9 6.609E-05 2.242E+01 10 3.732E-03 2.086E+00 11 2.665E-03 5.080E+00
12 1.461E-02 7.184E-01 13 2.929E-03 1.321E+00 14 1.482E-04 4.626E+01 15 8.697E-03 3.814E+00 16 1.608E-03 1.090E+00
17 1.249E-02 2.259E+00 19 4.691E-04 2.166E+01 20 5.525E-05 6.197E+01 21 1.154E-05 6.833E+01 22 6.650E-05 2.834E+01
23 2.466E-05 1.161E+01 24 3.823E-03 3.602E-01 25 6.881E-07 2.595E+01 26 4.030E-03 5.853E-01 27 2.104E-03 6.442E-01
103  26
 1 2.150E-02 4.429E+00  2 3.225E-06 7.215E+01  3 8.052E-04 5.835E+00  5 2.095E-03 9.460E+00  6 8.643E-03 2.643E+00
 7 3.203E-04 4.843E+00  8 4.133E-04 6.449E+00  9 9.359E-05 1.851E+01 10 3.964E-03 2.051E+00 11 2.229E-03 3.661E+00
12 1.398E-02 7.719E-01 13 3.181E-03 1.746E+00 14 2.775E-04 6.118E+01 15 7.883E-03 3.134E+00 16 1.595E-03 1.216E+00
17 1.118E-02 2.427E+00 18 2.675E-07 1.000E+02 19 5.428E-04 2.304E+01 20 2.718E-05 6.585E+01 21 1.259E-05 5.479E+01
22 7.943E-05 3.165E+01 23 2.181E-05 1.281E+01 24 3.883E-03 2.992E-01 25 4.528E-07 4.080E+01 26 4.814E-03 4.694E-01
27 2.644E-03 7.267E-01
104  25
 1 1.699E-02 5.079E+00  2 2.978E-06 5.034E+01  3 8.719E-04 5.423E+00  5 2.091E-03 1.413E+01  6 8.000E-03 2.294E+00
 7 2.898E-04 7.422E+00  8 3.767E-04 4.358E+00  9 7.204E-05 2.170E+01 10 4.583E-03 2.144E+00 11 1.990E-03 2.635E+00
12 1.373E-02 7.777E-01 13 3.698E-03 1.019E+00 14 8.525E-05 5.262E+01 15 6.969E-03 3.834E+00 16 1.589E-03 1.030E+00
17 9.377E-03 1.918E+00 19 6.379E-04 1.930E+01 20 2.622E-05 5.698E+01 21 1.571E-05 5.473E+01 22 7.442E-05 4.455E+01
23 2.349E-05 1.185E+01 24 3.883E-03 2.683E-01 25 3.762E-07 3.715E+01 26 4.812E-03 5.363E-01 27 2.646E-03 7.067E-01
105  25
 1 1.400E-02 4.642E+00  2 4.608E-06 4.560E+01  3 9.401E-04 4.127E+00  5 2.102E-03 1.605E+01  6 7.050E-03 2.262E+00
 7 2.668E-04 4.628E+00  8 4.294E-04 8.036E+00  9 5.122E-05 2.834E+01 10 5.525E-03 2.354E+00 11 1.920E-03 2.998E+00
12 1.433E-02 6.147E-01 13 4.480E-03 1.278E+00 14 1.051E-05 9.657E+01 15 6.750E-03 3.405E+00 16 1.605E-03 1.216E+00
17 8.064E-03 2.422E+00 19 1.070E-03 1.496E+01 20 1.228E-04 4.098E+01 21 3.193E-05 5.702E+01 22 2.809E-05 4.158E+01
23 3.286E-05 7.741E+00 24 3.798E-03 2.860E-01 25 3.337E-07 4.301E+01 26 3.486E-03 5.696E-01 27 1.658E-03 8.088E-01
106  25
 1 1.167E-02 3.954E+00  2 4.139E-06 3.961E+01  3 1.120E-03 4.416E+00  5 2.043E-03 8.933E+00  6 5.641E-03 2.016E+00
 7 2.519E-04 5.791E+00  8 2.923E-04 8.616E+00  9 5.757E-05 1.873E+01 10 6.262E-03 2.434E+00 11 1.626E-03 3.837E+00
12 1.381E-02 6.772E-01 13 5.060E-03 1.176E+00 14 7.831E-05 5.663E+01 15 6.226E-03 3.252E+00 16 1.621E-03 1.188E+00
17 6.321E-03 3.454E+00 19 9.058E-04 2.271E+01 20 6.390E-05 5.111E+01 21 1.885E-05 6.680E+01 22 2.221E-05 4.894E+01
23 2.966E-05 1.109E+01 24 3.772E-03 3.638E-01 25 2.992E-07 4.420E+01 26 3.127E-03 7.092E-01 27 1.410E-03 9.703E-01
107  26
 1 8.127E-03 7.700E+00  2 6.850E-06 3.848E+01  3 1.221E-03 4.410E+00  5 1.739E-03 1.570E+01  6 4.110E-03 2.402E+00
 7 2.191E-04 6.108E+00  8 2.744E-04 1.009E+01  9 6.648E-05 2.225E+01 10 7.383E-03 2.457E+00 11 1.542E-03 4.501E+00
12 6.653E-03 1.009E+00 13 5.862E-03 1.028E+00 14 3.060E-05 9.822E+01 15 5.354E-03 3.455E+00 16 1.614E-03 1.265E+00
17 4.885E-03 3.315E+00 18 5.726E-06 1.000E+02 19 9.041E-04 1.688E+01 20 7.452E-05 7.572E+01 21 2.683E-05 4.840E+01
22 3.932E-06 3.688E+01 23 3.883E-05 7.185E+00 24 3.754E-03 3.015E-01 25 2.226E-07 4.800E+01 26 3.178E-03 5.607E-01
27 1.435E-03 8.755E-01
108  24
 1 5.944E-03 6.995E+00  2 7.326E-06 5.115E+01  3 1.235E-03 3.485E+00  5 1.631E-03 2.029E+01  6 3.411E-03 3.805E+00
 7 1.968E-04 4.690E+00  8 2.690E-04 9.068E+00  9 6.818E-05 2.461E+01 10 8.951E-03 1.712E+00 11 1.188E-03 4.033E+00
12 5.050E-03 1.116E+00 13 1.021E-02 8.133E-01 15 4.537E-03 3.765E+00 16 1.601E-03 7.974E-01 17 3.455E-03 3.130E+00
19 1.405E-03 1.449E+01 20 2.078E-05 7.004E+01 21 2.380E-05 4.753E+01 22 2.870E-05 3.909E+01 23 2.990E-05 8.483E+00
24 3.724E-03 3.330E-01 25 3.463E-07 4.458E+01 26 4.932E-03 4.428E-01 27 2.704E-03 4.693E-01
109  25
 1 7.003E-03 6.112E+00  2 3.138E-06 4.905E+01  3 1.367E-03 4.461E+00  5 1.320E-03 1.398E+01  6 2.863E-03 3.828E+00
 7 1.641E-04 6.455E+00  8 1.843E-04 1.074E+01  9 3.667E-05 3.097E+01 10 1.285E-02 1.559E+00 11 1.048E-03 4.258E+00
12 4.344E-03 1.419E+00 13 1.083E-02 8.513E-01 14 6.584E-05 5.985E+01 15 4.075E-03 3.452E+00 16 1.605E-03 7.448E-01
17 3.394E-03 2.959E+00 19 9.805E-04 1.386E+01 20 6.517E-05 6.185E+01 21 3.458E-06 6.816E+01 22 3.423E-05 4.314E+01
23 3.119E-05 1.052E+01 24 3.725E-03 3.450E-01 25 1.865E-07 4.948E+01 26 5.039E-03 5.684E-01 27 2.772E-03 7.741E-01
110  25
 1 5.509E-03 9.001E+00  2 8.256E-06 2.848E+01  3 1.411E-03 3.964E+00  5 1.291E-03 1.825E+01  6 2.742E-03 3.284E+00
 7 1.476E-04 7.889E+00  8 2.258E-04 8.880E+00  9 4.276E-05 2.760E+01 10 1.642E-02 1.408E+00 11 9.801E-04 5.905E+00
12 3.951E-03 9.021E-01 13 1.152E-02 7.977E-01 14 5.057E-05 6.922E+01 15 3.629E-03 3.572E+00 16 1.630E-03 9.818E-01
17 2.916E-03 3.847E+00 19 1.242E-03 1.567E+01 20 1.051E-04 4.008E+01 21 1.641E-05 4.604E+01 22 3.937E-05 4.458E+01
23 3.364E-05 1.018E+01 24 3.696E-03 3.036E-01 25 2.765E-07 5.538E+01 26 4.655E-03 4.595E-01 27 2.480E-03 6.766E-01
111  25
 1 5.472E-03 8.015E+00  2 8.232E-06 3.088E+01  3 1.679E-03 4.193E+00  5 1.056E-03 1.596E+01  6 2.535E-03 2.681E+00
 7 1.422E-04 9.421E+00  8 1.902E-04 1.057E+01  9 4.130E-05 2.260E+01 10 1.991E-02 1.377E+00 11 8.828E-04 6.197E+00
12 3.759E-03 1.150E+00 13 1.266E-02 8.447E-01 14 9.204E-05 9.869E+01 15 3.449E-03 5.388E+00 16 1.623E-03 1.057E+00
17 2.675E-03 4.298E+00 19 1.610E-03 8.872E+00 20 1.504E-04 3.180E+01 21 1.061E-05 6.843E+01 22 2.975E-05 4.719E+01
23 3.518E-05 7.409E+00 24 3.594E-03 2.664E-01 25 4.161E-07 4.351E+01 26 3.265E-03 4.811E-01 27 1.480E-03 5.389E-01
112  24
 1 3.891E-03 1.109E+01  2 7.734E-06 3.534E+01  3 1.722E-03 3.107E+00  5 1.184E-03 1.426E+01  6 2.426E-03 5.007E+00
 7 1.273E-04 6.545E+00  8 1.758E-04 1.629E+01  9 5.213E-05 2.163E+01 10 2.135E-02 1.553E+00 11 8.640E-04 6.979E+00
12 3.461E-03 1.024E+00 13 1.262E-02 8.120E-01 14 3.880E-05 1.000E+02 15 3.542E-03 6.071E+00 16 1.613E-03 1.516E+00
17 2.477E-03 3.593E+00 19 1.449E-03 7.907E+00 20 1.286E-04 5.829E+01 22 1.762E-05 6.142E+01 23 4.205E-05 6.828E+00
24 3.579E-03 3.659E-01 25 3.287E-07 5.496E+01 26 3.279E-03 7.732E-01 27 1.468E-03 1.044E+00
113  25
 1 4.484E-03 1.044E+01  2 4.895E-06 2.580E+01  3 2.046E-03 3.785E+00  4 1.544E-05 7.681E+01  5 9.581E-04 2.092E+01
 6 2.072E-03 3.856E+00  7 1.020E-04 8.808E+00  8 1.868E-04 9.691E+00  9 3.158E-05 2.947E+01 10 2.151E-02 1.535E+00
11 7.767E-04 6.109E+00 12 3.031E-03 1.251E+00 13 1.226E-02 1.092E+00 15 3.000E-03 5.233E+00 16 1.633E-03 1.314E+00
17 2.296E-03 4.434E+00 19 1.715E-03 1.088E+01 20 6.876E-05 4.471E+01 21 5.183E-06 4.820E+01 22 2.968E-05 5.058E+01
23 5.279E-05 8.821E+00 24 3.644E-03 3.419E-01 25 2.617E-07 4.932E+01 26 4.019E-03 4.751E-01 27 2.003E-03 5.598E-01
114  26
 1 3.142E-03 1.189E+01  2 4.810E-06 3.634E+01  3 2.176E-03 3.513E+00  4 6.882E-05 1.000E+02  5 9.037E-04 2.388E+01
 6 1.603E-03 4.531E+00  7 1.026E-04 8.968E+00  8 1.669E-04 1.644E+01  9 2.402E-05 2.684E+01 10 2.063E-02 1.418E+00
11 6.054E-04 6.771E+00 12 2.689E-03 1.582E+00 13 1.178E-02 8.286E-01 14 3.998E-05 6.880E+01 15 2.777E-03 6.355E+00
16 1.629E-03 1.307E+00 17 2.091E-03 4.217E+00 19 2.085E-03 1.186E+01 20 5.500E-05 5.768E+01 21 1.329E-05 7.318E+01
22 1.849E-05 5.669E+01 23 5.124E-05 7.103E+00 24 3.718E-03 3.302E-01 25 3.146E-08 7.159E+01 26 5.062E-03 4.291E-01
27 2.731E-03 5.985E-01
115  26
 1 2.916E-03 7.684E+00  2 3.877E-06 2.917E+01  3 2.450E-03 3.323E+00  4 2.719E-05 1.000E+02  5 8.197E-04 2.378E+01
 6 1.620E-03 4.562E+00  7 1.078E-04 9.128E+00  8 1.192E-04 2.033E+01  9 5.293E-06 4.425E+01 10 2.027E-02 1.424E+00
11 6.418E-04 5.643E+00 12 2.472E-03 1.629E+00 13 1.166E-02 1.034E+00 14 5.657E-06 1.000E+02 15 2.313E-03 5.971E+00
16 1.618E-03 1.179E+00 17 1.797E-03 3.936E+00 19 1.947E-03 1.491E+01 20 1.735E-04 3.121E+01 21 4.562E-08 1.000E+02
22 8.033E-05 6.116E+01 23 5.238E-05 6.169E+00 24 3.719E-03 2.828E-01 25 7.881E-08 6.384E+01 26 5.096E-03 3.930E-01
27 2.743E-03 6.106E-01
116  25
 1 2.700E-03 7.806E+00  2 1.174E-05 2.341E+01  3 2.835E-03 3.188E+00  5 8.888E-04 2.439E+01  6 1.683E-03 4.739E+00
 7 9.471E-05 7.367E+00  8 1.360E-04 1.266E+01  9 1.163E-05 3.957E+01 10 2.192E-02 1.214E+00 11 6.127E-04 6.212E+00
12 2.383E-03 1.657E+00 13 1.255E-02 9.391E-01 14 6.916E-05 7.886E+01 15 2.487E-03 5.849E+00 16 1.651E-03 9.761E-01
17 1.935E-03 4.520E+00 19 2.517E-03 9.894E+00 20 1.278E-04 3.114E+01 21 7.966E-06 9.488E+01 22 1.696E-05 3.849E+01
23 5.060E-05 7.825E+00 24 3.669E-03 3.894E-01 25 7.614E-08 7.966E+01 26 4.081E-03 5.286E-01 27 2.022E-03 7.233E-01
117  25
 1 2.599E-03 1.183E+01  2 4.659E-06 2.723E+01  3 5.382E-03 1.921E+00  5 7.706E-04 3.152E+01  6 1.493E-03 4.409E+00
 7 9.130E-05 7.889E+00  8 9.416E-05 1.455E+01  9 1.714E-05 3.593E+01 10 2.197E-02 1.115E+00 11 5.119E-04 5.658E+00
12 2.181E-03 2.191E+00 13 1.310E-02 8.770E-01 14 6.065E-06 1.000E+02 15 2.082E-03 6.726E+00 16 1.863E-03 1.118E+00
17 1.638E-03 5.088E+00 19 2.907E-03 9.127E+00 20 8.528E-05 4.563E+01 21 5.417E-06 9.908E+01 22 1.084E-05 4.615E+01
23 5.620E-05 5.270E+00 24 3.600E-03 3.517E-01 25 2.213E-07 4.005E+01 26 3.324E-03 8.443E-01 27 1.471E-03 1.087E+00
118  25
 1 2.257E-03 1.116E+01  2 7.911E-06 3.758E+01  3 1.224E-02 1.423E+00  5 6.049E-04 1.880E+01  6 1.393E-03 5.075E+00
 7 8.628E-05 9.043E+00  8 1.106E-04 1.194E+01  9 2.403E-05 3.022E+01 10 2.149E-02 1.452E+00 11 5.507E-04 6.385E+00
12 1.987E-03 1.641E+00 13 1.267E-02 6.398E-01 14 1.777E-04 1.000E+02 15 2.079E-03 5.595E+00 16 1.868E-03 9.540E-01
17 1.455E-03 4.133E+00 19 2.289E-03 1.090E+01 20 9.137E-05 3.995E+01 21 3.586E-08 1.000E+02 22 9.883E-06 6.352E+01
23 6.406E-05 7.581E+00 24 3.640E-03 2.918E-01 25 2.812E-07 3.868E+01 26 3.435E-03 5.454E-01 27 1.526E-03 9.605E-01
119  25
 1 2.352E-03 1.430E+01  2 4.301E-06 3.597E+01  3 1.750E-02 1.038E+00  5 3.750E-04 3.108E+01  6 1.202E-03 6.797E+00
 7 8.302E-05 9.768E+00  8 9.583E-05 1.674E+01  9 3.151E-05 3.248E+01 10 1.848E-02 1.313E+00 11 4.355E-04 5.803E+00
12 1.769E-03 2.235E+00 13 1.145E-02 1.005E+00 14 1.858E-06 1.000E+02 15 1.493E-03 6.855E+00 16 1.845E-03 8.533E-01
17 1.336E-03 5.213E+00 19 2.965E-03 1.280E+01 20 3.736E-04 2.944E+01 21 7.445E-06 7.315E+01 22 1.414E-05 7.459E+01
23 6.462E-05 5.701E+00 24 3.695E-03 3.263E-01 25 5.411E-07 3.396E+01 26 4.663E-03 5.984E-01 27 2.401E-03 6.656E-01
120  24
 1 1.888E-03 1.182E+01  2 9.850E-06 2.393E+01  3 2.257E-02 1.110E+00  5 3.673E-04 2.555E+01  6 1.141E-03 5.746E+00
 7 6.993E-05 9.649E+00  8 9.548E-05 1.401E+01  9 8.582E-06 6.588E+01 10 1.741E-02 1.518E+00 11 4.196E-04 6.061E+00
12 1.567E-03 1.935E+00 13 1.121E-02 9.506E-01 14 1.869E-05 1.000E+02 15 1.643E-03 7.040E+00 16 1.829E-03 9.182E-01
17 1.267E-03 4.967E+00 19 3.410E-03 6.538E+00 20 1.962E-04 2.422E+01 22 3.690E-06 9.891E+01 23 7.197E-05 5.180E+00
24 3.755E-03 3.387E-01 25 3.555E-07 3.023E+01 26 5.023E-03 4.550E-01 27 2.662E-03 6.941E-01
121  25
 1 1.733E-03 1.353E+01  2 1.256E-05 2.100E+01  3 2.537E-02 1.254E+00  5 4.786E-04 2.549E+01  6 9.297E-04 6.107E+00
 7 7.511E-05 1.016E+01  8 9.152E-05 1.576E+01  9 1.656E-05 3.317E+01 10 1.620E-02 1.053E+00 11 3.877E-04 8.773E+00
12 1.457E-03 2.287E+00 13 1.135E-02 8.850E-01 14 7.591E-05 1.000E+02 15 1.333E-03 7.775E+00 16 1.764E-03 9.771E-01
17 1.244E-03 6.999E+00 19 3.910E-03 8.930E+00 20 3.187E-04 3.167E+01 21 1.164E-05 9.390E+01 22 1.251E-05 7.067E+01
23 8.416E-05 5.864E+00 24 3.749E-03 3.119E-01 25 3.619E-07 3.950E+01 26 5.014E-03 5.713E-01 27 2.620E-03 7.415E-01
122  26
 1 1.500E-03 1.353E+01  2 1.678E-05 2.252E+01  3 2.934E-02 1.217E+00  4 2.687E-04 1.000E+02  5 5.501E-04 3.119E+01
 6 8.954E-04 5.584E+00  7 4.744E-05 1.697E+01  8 6.901E-05 1.468E+01  9 9.842E-06 2.927E+01 10 1.674E-02 1.551E+00
11 3.596E-04 8.824E+00 12 1.376E-03 2.802E+00 13 1.182E-02 6.163E-01 14 4.574E-05 1.000E+02 15 1.392E-03 5.410E+00
16 1.771E-03 1.139E+00 17 1.114E-03 5.656E+00 19 4.448E-03 8.585E+00 20 3.008E-04 3.290E+01 21 5.363E-07 9.165E+01
22 2.871E-07 1.000E+02 23 1.047E-04 6.126E+00 24 3.675E-03 3.419E-01 25 1.918E-07 3.768E+01 26 3.653E-03 6.392E-01
27 1.603E-03 9.205E-01
123  24
 1 1.367E-03 1.498E+01  2 1.357E-05 2.893E+01  3 3.063E-02 1.192E+00  5 4.177E-04 2.720E+01  6 8.259E-04 7.017E+00
 7 5.523E-05 1.006E+01  8 5.729E-05 1.880E+01  9 1.990E-05 3.404E+01 10 1.565E-02 1.502E+00 11 3.239E-04 8.709E+00
12 1.301E-03 2.465E+00 13 1.143E-02 7.721E-01 14 3.003E-06 1.000E+02 15 1.256E-03 7.306E+00 16 1.730E-03 1.102E+00
17 1.039E-03 6.791E+00 19 5.304E-03 6.471E+00 20 3.171E-04 3.294E+01 22 4.189E-05 4.005E+01 23 9.011E-05 4.698E+00
24 3.708E-03 3.016E-01 25 1.467E-07 4.101E+01 26 4.024E-03 6.861E-01 27 1.699E-03 1.081E+00
124  24
 1 1.266E-03 1.339E+01  2 2.041E-05 2.058E+01  3 3.148E-02 9.926E-01  5 3.985E-04 2.513E+01  6 7.903E-04 6.895E+00
 7 4.661E-05 1.197E+01  8 6.018E-05 1.362E+01  9 2.158E-05 4.180E+01 10 1.443E-02 1.762E+00 11 3.299E-04 1.259E+01
12 1.180E-03 2.868E+00 13 1.127E-02 9.623E-01 14 3.452E-06 7.984E+01 15 1.225E-03 7.208E+00 16 1.739E-03 9.727E-01
17 9.781E-04 6.340E+00 19 5.679E-03 8.669E+00 20 4.032E-04 3.073E+01 22 8.288E-07 9.530E+01 23 1.024E-04 4.738E+00
24 3.721E-03 3.770E-01 25 1.273E-07 4.686E+01 26 4.331E-03 5.679E-01 27 1.983E-03 6.974E-01
125  25
 1 1.086E-03 1.808E+01  2 9.677E-06 2.567E+01  3 3.111E-02 1.141E+00  4 3.398E-06 1.000E+02  5 4.664E-04 2.920E+01
 6 7.224E-04 9.473E+00  7 4.758E-05 1.486E+01  8 6.582E-05 1.672E+01  9 8.348E-06 4.011E+01 10 1.215E-02 1.790E+00
11 2.931E-04 1.062E+01 12 1.061E-03 1.496E+00 13 1.033E-02 1.036E+00 14 2.143E-05 1.000E+02 15 1.097E-03 9.996E+00
16 1.722E-03 9.072E-01 17 7.946E-04 7.350E+00 19 6.893E-03 6.937E+00 20 3.989E-04 2.638E+01 22 5.570E-06 7.037E+01
23 9.951E-05 4.249E+00 24 3.796E-03 2.960E-01 25 4.081E-07 4.507E+01 26 5.523E-03 4.414E-01 27 2.886E-03 5.388E-01
126  25
 1 1.441E-03 1.257E+01  2 1.259E-05 2.302E+01  3 3.058E-02 9.680E-01  5 4.070E-04 3.160E+01  6 5.883E-04 8.287E+00
 7 3.982E-05 9.842E+00  8 3.239E-05 2.322E+01  9 9.593E-06 5.647E+01 10 1.106E-02 1.674E+00 11 2.643E-04 8.780E+00
12 9.187E-04 3.222E+00 13 1.036E-02 1.097E+00 14 2.151E-05 1.000E+02 15 9.801E-04 1.081E+01 16 1.693E-03 1.155E+00
17 7.390E-04 9.194E+00 19 7.134E-03 4.957E+00 20 4.438E-04 1.485E+01 21 6.813E-06 6.946E+01 22 1.861E-05 8.098E+01
23 1.177E-04 5.694E+00 24 3.797E-03 3.143E-01 25 2.781E-07 4.568E+01 26 5.551E-03 4.528E-01 27 2.887E-03 6.841E-01
127  24
 1 8.813E-04 1.710E+01  2 1.856E-05 2.065E+01  3 2.888E-02 1.094E+00  4 1.442E-04 6.949E+01  5 3.918E-04 3.775E+01
 6 5.856E-04 6.204E+00  7 3.695E-05 1.125E+01  8 4.921E-05 1.914E+01  9 1.467E-05 4.738E+01 10 9.632E-03 1.349E+00
11 2.209E-04 5.731E+00 12 9.479E-04 2.513E+00 13 1.047E-02 9.308E-01 15 9.112E-04 1.039E+01 16 1.760E-03 7.065E-01
17 6.843E-04 8.379E+00 19 1.199E-02 5.163E+00 20 3.013E-04 2.811E+01 22 1.793E-06 1.000E+02 23 1.186E-04 4.604E+00
24 3.751E-03 3.329E-01 25 2.151E-07 5.759E+01 26 5.006E-03 4.869E-01 27 2.502E-03 6.555E-01
128  24
 1 1.134E-03 1.726E+01  2 1.481E-05 1.888E+01  3 2.556E-02 9.851E-01  5 1.170E-04 6.947E+01  6 5.879E-04 6.560E+00
 7 3.237E-05 1.878E+01  8 7.268E-05 1.805E+01  9 8.578E-06 4.587E+01 10 9.144E-03 1.803E+00 11 2.194E-04 1.404E+01
12 8.260E-04 2.522E+00 13 1.107E-02 7.803E-01 15 7.161E-04 8.728E+00 16 1.791E-03 9.638E-01 17 5.645E-04 7.958E+00
19 1.639E-02 4.131E+00 20 4.089E-04 1.867E+01 21 1.206E-07 1.000E+02 22 1.940E-05 5.448E+01 23 1.413E-04 6.139E+00
24 3.710E-03 3.578E-01 25 2.692E-07 3.716E+01 26 4.157E-03 5.794E-01 27 1.869E-03 8.520E-01
129  26
 1 7.898E-04 1.416E+01  2 2.133E-05 2.031E+01  3 2.253E-02 1.340E+00  4 1.600E-04 1.000E+02  5 3.292E-04 3.645E+01
 6 4.635E-04 1.029E+01  7 3.551E-05 1.341E+01  8 3.099E-05 2.367E+01  9 6.682E-06 5.378E+01 10 8.474E-03 2.118E+00
11 1.920E-04 9.204E+00 12 8.007E-04 3.028E+00 13 1.091E-02 9.088E-01 14 8.218E-07 1.000E+02 15 7.446E-04 1.003E+01
16 1.813E-03 9.038E-01 17 6.292E-04 9.417E+00 19 2.188E-02 4.372E+00 20 3.491E-04 2.981E+01 21 1.772E-06 6.925E+01
22 6.091E-07 1.000E+02 23 1.514E-04 5.468E+00 24 3.693E-03 3.806E-01 25 2.966E-07 5.039E+01 26 4.139E-03 5.595E-01
27 1.859E-03 6.356E-01
130  25
 1 7.963E-04 1.985E+01  2 1.874E-05 2.064E+01  3 1.767E-02 9.862E-01  5 2.893E-04 4.394E+01  6 4.818E-04 8.047E+00
 7 2.729E-05 2.339E+01  8 3.061E-05 2.377E+01  9 6.635E-06 5.539E+01 10 7.141E-03 1.729E+00 11 1.811E-04 1.144E+01
12 7.003E-04 2.554E+00 13 1.049E-02 8.619E-01 14 2.781E-06 1.000E+02 15 6.631E-04 1.020E+01 16 1.832E-03 1.146E+00
17 6.097E-04 7.659E+00 19 2.406E-02 3.391E+00 20 7.675E-04 2.044E+01 21 2.908E-07 1.000E+02 22 1.256E-05 7.629E+01
23 1.628E-04 4.126E+00 24 3.759E-03 3.666E-01 25 3.787E-08 7.503E+01 26 5.124E-03 6.531E-01 27 2.549E-03 7.242E-01
131  24
 1 8.495E-04 1.792E+01  2 1.957E-05 2.853E+01  3 1.211E-02 1.077E+00  5 2.325E-04 3.198E+01  6 3.810E-04 1.159E+01
 7 3.405E-05 1.849E+01  8 3.928E-05 2.003E+01  9 4.958E-06 4.689E+01 10 5.039E-03 1.982E+00 11 1.714E-04 9.021E+00
12 6.575E-04 3.381E+00 13 1.030E-02 9.239E-01 14 2.184E-06 1.000E+02 15 5.582E-04 8.833E+00 16 1.852E-03 1.036E+00
17 5.182E-04 1.154E+01 19 2.647E-02 4.369E+00 20 6.026E-04 2.089E+01 22 2.700E-05 6.582E+01 23 1.658E-04 5.350E+00
24 3.775E-03 3.632E-01 25 8.388E-08 6.741E+01 26 5.817E-03 4.702E-01 27 3.051E-03 6.348E-01
132  24
 1 7.002E-04 2.286E+01  2 2.236E-05 1.295E+01  3 5.516E-03 2.301E+00  5 6.600E-05 4.149E+01  6 3.438E-04 1.176E+01
 7 3.853E-05 1.385E+01  8 4.440E-05 2.384E+01  9 8.943E-06 3.786E+01 10 4.562E-03 2.298E+00 11 1.651E-04 1.238E+01
12 6.215E-04 2.679E+00 13 1.040E-02 8.806E-01 15 5.960E-04 1.018E+01 16 1.835E-03 1.008E+00 17 4.579E-04 8.280E+00
19 3.085E-02 4.231E+00 20 4.295E-04 2.510E+01 21 1.376E-07 1.000E+02 22 8.747E-06 8.824E+01 23 1.756E-04 3.332E+00
24 3.795E-03 3.006E-01 25 8.373E-08 5.751E+01 26 5.931E-03 4.129E-01 27 3.125E-03 4.855E-01
133  23
 1 7.772E-04 2.079E+01  2 2.445E-05 1.671E+01  3 2.665E-03 2.504E+00  5 1.662E-04 5.168E+01  6 3.130E-04 7.081E+00
 7 2.050E-05 2.108E+01  8 2.773E-05 2.196E+01  9 9.636E-06 6.858E+01 10 4.211E-03 2.167E+00 11 1.269E-04 1.182E+01
12 5.644E-04 4.244E+00 13 1.107E-02 8.441E-01 15 5.745E-04 1.323E+01 16 1.658E-03 1.069E+00 17 4.680E-04 9.217E+00
19 3.572E-02 4.303E+00 20 7.269E-04 2.187E+01 21 4.528E-07 1.000E+02 23 2.110E-04 3.224E+00 24 3.689E-03 3.153E-01
25 6.488E-08 7.581E+01 26 4.592E-03 4.643E-01 27 2.144E-03 5.155E-01
134  25
 1 6.326E-04 2.475E+01  2 3.144E-05 2.114E+01  3 2.477E-03 2.671E+00  4 2.294E-06 1.000E+02  5 1.945E-04 3.527E+01
 6 3.548E-04 1.067E+01  7 1.554E-05 1.507E+01  8 3.878E-05 2.805E+01  9 1.040E-05 6.303E+01 10 3.847E-03 2.297E+00
11 1.723E-04 1.362E+01 12 5.489E-04 3.021E+00 13 1.088E-02 8.339E-01 14 5.854E-06 1.000E+02 15 5.493E-04 1.276E+01
16 1.620E-03 1.012E+00 17 5.873E-04 1.018E+01 19 3.714E-02 3.646E+00 20 3.575E-04 2.116E+01 21 2.304E-06 1.000E+02
23 2.159E-04 4.392E+00 24 3.680E-03 3.112E-01 25 1.924E-08 9.872E+01 26 4.262E-03 5.408E-01 27 1.906E-03 6.414E-01
135  24
 1 5.084E-04 2.483E+01  2 3.072E-05 1.653E+01  3 2.238E-03 2.756E+00  4 3.014E-04 6.904E+01  5 2.336E-04 3.617E+01
 6 2.955E-04 1.037E+01  7 2.124E-05 1.487E+01  8 3.390E-05 2.629E+01  9 4.039E-06 5.548E+01 10 3.630E-03 2.265E+00
11 1.201E-04 1.369E+01 12 4.878E-04 3.686E+00 13 1.053E-02 6.238E-01 15 4.404E-04 1.375E+01 16 1.620E-03 1.304E+00
17 4.234E-04 1.184E+01 19 4.023E-02 2.967E+00 20 7.438E-04 1.945E+01 22 7.251E-06 1.000E+02 23 2.462E-04 3.720E+00
24 3.685E-03 3.182E-01 25 2.043E-07 6.025E+01 26 4.347E-03 5.817E-01 27 1.957E-03 7.805E-01
136  25
 1 5.694E-04 2.127E+01  2 3.572E-05 1.953E+01  3 2.025E-03 3.265E+00  4 2.297E-04 9.358E+01  5 1.982E-04 3.245E+01
 6 2.315E-04 9.989E+00  7 2.185E-05 1.532E+01  8 3.423E-05 2.427E+01  9 3.150E-06 6.882E+01 10 3.059E-03 1.910E+00
11 1.308E-04 1.578E+01 12 4.695E-04 4.101E+00 13 9.602E-03 7.546E-01 15 5.160E-04 1.216E+01 16 1.620E-03 1.025E+00
17 3.545E-04 8.210E+00 19 3.330E-02 3.141E+00 20 7.555E-04 1.865E+01 21 1.303E-05 5.469E+01 22 6.584E-06 6.584E+01
23 2.550E-04 4.172E+00 24 3.796E-03 3.255E-01 25 2.528E-08 8.305E+01 26 5.904E-03 5.195E-01 27 3.080E-03 6.511E-01
137  24
 1 3.030E-04 3.095E+01  2 3.154E-05 1.298E+01  3 1.808E-03 2.667E+00  4 1.188E-04 9.590E+01  5 1.011E-04 5.501E+01
 6 2.316E-04 1.812E+01  7 1.652E-05 2.027E+01  8 2.133E-05 3.225E+01  9 9.777E-06 5.757E+01 10 2.856E-03 3.273E+00
11 9.537E-05 1.773E+01 12 3.819E-04 3.609E+00 13 9.040E-03 9.220E-01 15 3.540E-04 9.465E+00 16 1.627E-03 1.126E+00
17 3.242E-04 1.294E+01 19 3.010E-02 4.674E+00 20 9.074E-04 1.799E+01 22 5.578E-06 9.361E+01 23 2.921E-04 3.527E+00
24 3.777E-03 3.097E-01 25 8.940E-08 6.445E+01 26 5.982E-03 3.983E-01 27 3.127E-03 5.307E-01
138  23
 1 4.357E-04 2.599E+01  2 3.708E-05 1.088E+01  3 1.592E-03 4.120E+00  4 2.918E-05 9.490E+01  5 1.144E-04 4.059E+01
 6 2.678E-04 1.403E+01  7 1.723E-05 2.335E+01  8 1.427E-05 3.763E+01  9 3.282E-06 1.000E+02 10 2.385E-03 3.432E+00
11 1.199E-04 1.942E+01 12 3.994E-04 4.039E+00 13 8.640E-03 1.180E+00 15 2.970E-04 1.069E+01 16 1.587E-03 9.011E-01
17 3.736E-04 1.085E+01 19 2.769E-02 4.295E+00 20 8.592E-04 2.369E+01 23 3.169E-04 4.042E+00 24 3.750E-03 3.208E-01
25 8.953E-09 1.000E+02 26 5.647E-03 3.826E-01 27 2.879E-03 4.930E-01
139  23
 1 4.429E-04 2.095E+01  2 4.314E-05 1.029E+01  3 1.440E-03 3.816E+00  4 6.119E-05 8.535E+01  5 1.837E-04 4.469E+01
 6 2.408E-04 8.252E+00  7 2.053E-05 1.944E+01  8 3.766E-05 2.251E+01  9 1.012E-05 5.431E+01 10 2.387E-03 2.821E+00
11 1.033E-04 1.359E+01 12 3.751E-04 3.348E+00 13 9.051E-03 1.076E+00 15 4.079E-04 1.659E+01 16 1.618E-03 9.799E-01
17 2.782E-04 1.197E+01 19 2.817E-02 2.353E+00 20 1.202E-03 1.683E+01 23 3.442E-04 3.626E+00 24 3.667E-03 2.881E-01
25 1.364E-07 6.437E+01 26 4.303E-03 5.024E-01 27 1.904E-03 6.602E-01
140  24
 1 2.624E-04 2.352E+01  2 4.906E-05 1.469E+01  3 1.324E-03 3.815E+00  4 8.300E-05 7.410E+01  5 1.770E-04 6.332E+01
 6 2.017E-04 1.207E+01  7 1.117E-05 2.758E+01  8 3.192E-05 3.292E+01  9 3.072E-06 8.828E+01 10 2.133E-03 3.608E+00
11 8.830E-05 1.786E+01 12 3.593E-04 3.037E+00 13 8.725E-03 1.180E+00 15 3.325E-04 1.543E+01 16 1.611E-03 1.117E+00
17 2.853E-04 1.242E+01 19 2.235E-02 3.989E+00 20 1.134E-03 1.578E+01 22 3.921E-06 7.860E+01 23 3.977E-04 3.070E+00
24 3.643E-03 3.010E-01 25 8.950E-08 9.078E+01 26 4.243E-03 4.708E-01 27 1.859E-03 6.924E-01
141  23
 1 3.916E-04 2.625E+01  2 5.509E-05 8.715E+00  3 1.232E-03 5.034E+00  4 4.392E-05 1.000E+02  5 2.475E-05 7.641E+01
 6 2.449E-04 1.022E+01  7 1.068E-05 2.758E+01  8 1.632E-05 2.752E+01  9 2.159E-06 6.951E+01 10 1.898E-03 2.963E+00
11 1.045E-04 1.535E+01 12 3.098E-04 4.526E+00 13 8.051E-03 7.696E-01 15 2.281E-04 1.336E+01 16 1.639E-03 9.138E-01
17 2.852E-04 1.226E+01 19 1.561E-02 5.349E+00 20 1.109E-03 1.305E+01 22 9.094E-06 8.216E+01 23 4.073E-04 2.507E+00
24 3.706E-03 3.098E-01 26 4.950E-03 4.366E-01 27 2.356E-03 6.543E-01
142  23
 1 2.042E-04 2.736E+01  2 4.477E-05 1.094E+01  3 1.128E-03 4.073E+00  4 1.238E-04 7.604E+01  5 8.764E-05 4.644E+01
 6 1.797E-04 1.480E+01  7 9.204E-06 2.201E+01  8 1.264E-05 3.195E+01  9 4.088E-08 1.000E+02 10 1.722E-03 2.499E+00
11 7.984E-05 1.761E+01 12 2.864E-04 4.116E+00 13 7.210E-03 1.148E+00 15 1.982E-04 1.914E+01 16 1.608E-03 9.756E-01
17 2.230E-04 1.227E+01 19 1.107E-02 5.444E+00 20 1.534E-03 1.281E+01 23 4.502E-04 2.767E+00 24 3.756E-03 3.677E-01
25 2.776E-09 1.000E+02 26 5.959E-03 5.280E-01 27 3.095E-03 5.855E-01
143  23
 1 2.995E-04 3.628E+01  2 5.531E-05 1.126E+01  3 9.883E-04 5.714E+00  4 1.357E-04 1.000E+02  5 8.517E-05 5.154E+01
 6 1.788E-04 1.164E+01  7 1.682E-05 1.733E+01  8 1.396E-05 4.948E+01  9 7.046E-06 4.996E+01 10 1.491E-03 2.714E+00
11 8.376E-05 1.466E+01 12 2.859E-04 4.173E+00 13 6.924E-03 1.048E+00 15 2.249E-04 1.566E+01 16 1.611E-03 1.115E+00
17 2.336E-04 1.579E+01 19 7.214E-03 8.070E+00 20 1.143E-03 1.353E+01 23 4.796E-04 2.755E+00 24 3.769E-03 2.987E-01
25 5.279E-08 1.000E+02 26 5.912E-03 5.459E-01 27 3.047E-03 6.315E-01
144  25
 1 2.547E-04 2.485E+01  2 6.673E-05 9.592E+00  3 9.271E-04 3.869E+00  4 1.352E-04 9.935E+01  5 2.162E-05 8.012E+01
 6 1.828E-04 1.471E+01  7 1.135E-05 3.325E+01  8 1.329E-05 4.018E+01  9 1.122E-06 8.448E+01 10 1.391E-03 3.860E+00
11 7.095E-05 2.392E+01 12 2.457E-04 5.146E+00 13 6.582E-03 9.607E-01 15 2.236E-04 1.943E+01 16 1.601E-03 9.889E-01
17 2.168E-04 1.272E+01 19 6.918E-03 7.568E+00 20 1.501E-03 1.272E+01 21 4.553E-06 1.000E+02 22 6.675E-06 1.000E+02
23 5.576E-04 2.060E+00 24 3.682E-03 3.041E-01 25 6.007E-09 6.883E+01 26 4.973E-03 5.091E-01 27 2.340E-03 5.538E-01
145  23
 1 1.694E-04 3.040E+01  2 9.061E-05 1.246E+01  3 9.227E-04 3.509E+00  4 1.136E-04 5.636E+01  5 7.752E-05 6.069E+01
 6 9.964E-05 1.155E+01  7 1.136E-05 3.531E+01  8 3.718E-06 5.858E+01 10 1.401E-03 4.674E+00 11 8.310E-05 1.484E+01
12 2.525E-04 4.480E+00 13 6.446E-03 1.169E+00 15 2.271E-04 1.492E+01 16 1.602E-03 8.467E-01 17 2.060E-04 1.436E+01
19 5.436E-03 9.419E+00 20 1.614E-03 9.784E+00 21 4.246E-06 1.000E+02 23 6.293E-04 1.909E+00 24 3.624E-03 3.509E-01
25 1.777E-08 1.000E+02 26 4.279E-03 5.589E-01 27 1.849E-03 7.130E-01
146  24
 1 2.787E-04 3.218E+01  2 8.305E-05 7.045E+00  3 7.996E-04 5.736E+00  4 2.416E-04 7.463E+01  5 1.500E-04 6.297E+01
 6 1.343E-04 1.387E+01  7 5.749E-06 3.046E+01  8 1.802E-06 4.518E+01  9 7.667E-07 1.000E+02 10 1.356E-03 3.807E+00
11 5.535E-05 1.715E+01 12 2.473E-04 5.351E+00 13 6.072E-03 1.182E+00 15 2.144E-04 1.942E+01 16 1.646E-03 6.282E-01
17 1.953E-04 1.380E+01 19 5.223E-03 6.963E+00 20 1.995E-03 1.340E+01 21 8.009E-08 1.000E+02 22 1.738E-06 1.000E+02
23 6.993E-04 2.412E+00 24 3.628E-03 3.337E-01 26 4.261E-03 5.865E-01 27 1.827E-03 8.088E-01
147  24
 1 2.779E-04 3.437E+01  2 9.960E-05 8.541E+00  3 6.863E-04 6.051E+00  4 4.969E-05 6.445E+01  5 3.227E-05 1.000E+02
 6 1.614E-04 1.226E+01  7 7.338E-06 3.054E+01  8 1.329E-05 3.562E+01  9 2.571E-07 1.000E+02 10 1.136E-03 4.424E+00
11 4.908E-05 1.886E+01 12 2.041E-04 4.750E+00 13 5.252E-03 1.341E+00 15 1.331E-04 2.103E+01 16 1.620E-03 1.313E+00
17 1.733E-04 1.494E+01 19 3.821E-03 6.750E+00 20 1.750E-03 1.460E+01 22 2.513E-05 1.000E+02 23 7.314E-04 2.270E+00
24 3.679E-03 3.247E-01 25 6.505E-08 9.650E+01 26 5.557E-03 3.791E-01 27 2.767E-03 5.088E-01
148  24
 1 1.692E-04 3.710E+01  2 1.171E-04 9.439E+00  3 6.422E-04 5.716E+00  4 4.097E-05 1.000E+02  5 2.263E-05 5.981E+01
 6 9.859E-05 1.990E+01  7 1.244E-05 2.805E+01  8 7.678E-06 3.846E+01  9 6.876E-08 1.000E+02 10 9.452E-04 2.976E+00
11 7.122E-05 1.609E+01 12 1.795E-04 4.051E+00 13 4.751E-03 1.342E+00 15 1.452E-04 2.066E+01 16 1.621E-03 9.454E-01
17 1.572E-04 1.294E+01 19 3.791E-03 9.070E+00 20 2.209E-03 1.621E+01 22 3.152E-07 1.000E+02 23 8.060E-04 1.847E+00
24 3.695E-03 2.995E-01 25 2.753E-08 1.000E+02 26 5.931E-03 3.974E-01 27 3.021E-03 5.273E-01
149  23
 1 2.343E-04 4.226E+01  2 1.187E-04 8.991E+00  3 5.816E-04 5.098E+00  4 1.868E-04 8.703E+01  5 3.710E-05 9.220E+01
 6 9.962E-05 1.780E+01  7 1.410E-05 1.837E+01  8 9.580E-06 3.954E+01  9 9.740E-06 5.911E+01 10 9.230E-04 4.459E+00
11 4.210E-05 1.924E+01 12 1.683E-04 6.765E+00 13 4.334E-03 1.518E+00 15 1.275E-04 2.400E+01 16 1.598E-03 1.351E+00
17 1.178E-04 1.637E+01 19 3.759E-03 9.684E+00 20 2.713E-03 8.758E+00 23 9.199E-04 1.470E+00 24 3.671E-03 3.209E-01
25 3.029E-08 1.000E+02 26 5.857E-03 3.228E-01 27 2.953E-03 4.679E-01
150  24
 1 1.744E-04 4.206E+01  2 1.254E-04 9.116E+00  3 5.125E-04 7.836E+00  4 3.461E-04 5.783E+01  5 4.238E-05 6.265E+01
 6 1.019E-04 1.741E+01  7 6.457E-06 3.109E+01  8 3.319E-06 4.579E+01  9 6.631E-07 1.000E+02 10 8.763E-04 5.358E+00
11 5.345E-05 1.827E+01 12 1.792E-04 6.858E+00 13 4.193E-03 1.335E+00 15 1.750E-04 1.722E+01 16 1.679E-03 1.078E+00
17 9.606E-05 1.644E+01 19 2.966E-03 7.218E+00 20 3.147E-03 1.044E+01 22 3.008E-07 1.000E+02 23 1.081E-03 1.738E+00
24 3.545E-03 3.045E-01 25 8.489E-10 1.000E+02 26 4.247E-03 5.416E-01 27 1.791E-03 5.380E-01
151  23
 1 1.828E-04 3.066E+01  2 1.662E-04 5.483E+00  3 4.788E-04 6.799E+00  4 7.763E-04 5.413E+01  5 2.727E-05 6.902E+01
 6 1.330E-04 2.246E+01  7 4.431E-06 3.911E+01  8 6.223E-06 5.397E+01  9 9.494E-07 6.396E+01 10 8.741E-04 4.497E+00
11 2.993E-05 1.803E+01 12 1.480E-04 5.626E+00 13 3.838E-03 1.589E+00 15 1.388E-04 2.636E+01 16 1.686E-03 1.011E+00
17 1.376E-04 1.428E+01 19 2.767E-03 1.239E+01 20 3.344E-03 9.815E+00 22 1.442E-06 1.000E+02 23 1.200E-03 1.512E+00
24 3.528E-03 3.333E-01 26 4.224E-03 6.273E-01 27 1.758E-03 9.107E-01
152  23
 1 1.431E-04 4.024E+01  2 1.838E-04 7.439E+00  3 4.144E-04 6.393E+00  4 1.044E-04 5.523E+01  5 4.419E-05 6.502E+01
 6 1.185E-04 2.074E+01  7 5.970E-06 3.729E+01  8 1.190E-05 3.319E+01  9 8.490E-07 8.046E+01 10 7.404E-04 4.523E+00
11 3.594E-05 1.963E+01 12 1.522E-04 6.719E+00 13 3.417E-03 1.613E+00 15 1.239E-04 1.840E+01 16 1.682E-03 1.112E+00
17 9.400E-05 1.475E+01 19 2.343E-03 1.356E+01 20 3.564E-03 9.611E+00 23 1.305E-03 1.234E+00 24 3.500E-03 3.085E-01
25 9.995E-08 6.921E+01 26 4.516E-03 3.911E-01 27 1.994E-03 5.443E-01
153  23
 1 6.940E-05 4.533E+01  2 1.881E-04 7.141E+00  3 3.969E-04 8.351E+00  4 4.491E-04 4.790E+01  5 9.056E-05 9.405E+01
 6 8.398E-05 1.934E+01  7 4.008E-06 3.218E+01  8 8.487E-06 4.842E+01  9 1.126E-06 9.610E+01 10 6.346E-04 6.060E+00
11 2.462E-05 2.789E+01 12 1.251E-04 5.221E+00 13 2.787E-03 1.634E+00 15 1.026E-04 2.451E+01 16 1.670E-03 1.290E+00
17 1.117E-04 1.666E+01 19 2.401E-03 1.305E+01 20 4.159E-03 8.279E+00 22 5.501E-07 1.000E+02 23 1.414E-03 1.330E+00
24 3.521E-03 3.226E-01 26 5.825E-03 4.041E-01 27 2.911E-03 4.530E-01
154  21
 1 1.101E-04 4.721E+01  2 2.348E-04 6.625E+00  3 3.352E-04 9.059E+00  4 2.923E-04 5.716E+01  5 2.949E-05 7.853E+01
 6 7.376E-05 2.070E+01  7 5.783E-06 3.489E+01  8 7.743E-06 5.254E+01 10 5.841E-04 5.305E+00 11 3.169E-05 2.088E+01
12 1.105E-04 7.006E+00 13 2.485E-03 1.837E+00 15 1.247E-04 1.656E+01 16 1.691E-03 1.441E+00 17 7.688E-05 2.298E+01
19 2.143E-03 1.230E+01 20 5.182E-03 8.028E+00 23 1.628E-03 1.050E+00 24 3.476E-03 3.027E-01 26 5.797E-03 3.433E-01
27 2.879E-03 4.580E-01
155  23
 1 8.908E-05 3.268E+01  2 2.478E-04 6.466E+00  3 3.852E-04 8.085E+00  4 7.092E-05 6.748E+01  5 3.470E-05 9.165E+01
 6 9.038E-05 2.166E+01  7 6.068E-06 3.347E+01  8 4.516E-06 4.569E+01  9 8.651E-07 1.000E+02 10 5.235E-04 6.575E+00
11 3.131E-05 2.667E+01 12 1.103E-04 6.992E+00 13 2.143E-03 2.361E+00 15 1.013E-04 1.941E+01 16 1.768E-03 1.005E+00
17 7.264E-05 2.434E+01 19 1.474E-03 1.246E+01 20 5.336E-03 8.608E+00 21 4.874E-08 1.000E+02 23 1.880E-03 1.287E+00
24 3.346E-03 3.731E-01 26 4.973E-03 4.406E-01 27 2.322E-03 6.332E-01
156  22
 1 2.177E-05 6.420E+01  2 2.758E-04 6.024E+00  3 3.746E-04 7.450E+00  4 3.233E-04 5.263E+01  5 4.926E-06 8.153E+01
 6 4.686E-05 2.365E+01  7 4.441E-06 4.585E+01  8 1.947E-06 9.732E+01 10 5.251E-04 5.424E+00 11 2.648E-05 3.645E+01
12 9.397E-05 8.113E+00 13 1.878E-03 1.903E+00 15 1.005E-04 2.753E+01 16 1.795E-03 1.434E+00 17 6.776E-05 2.709E+01
19 1.355E-03 1.079E+01 20 7.143E-03 6.758E+00 23 2.144E-03 1.111E+00 24 3.241E-03 3.346E-01 25 2.401E-08 1.000E+02
26 4.540E-03 4.825E-01 27 1.787E-03 5.730E-01
157  23
 1 2.371E-04 4.018E+01  2 3.311E-04 6.265E+00  3 2.205E-04 8.302E+00  4 1.603E-04 3.978E+01  5 1.188E-06 1.000E+02
 6 4.857E-05 2.632E+01  7 3.355E-06 3.476E+01  8 3.898E-06 6.022E+01 10 4.473E-04 6.873E+00 11 3.491E-05 2.090E+01
12 9.809E-05 1.088E+01 13 1.636E-03 2.202E+00 15 6.488E-05 3.349E+01 16 1.866E-03 7.670E-01 17 4.859E-05 2.814E+01
19 1.404E-03 1.268E+01 20 5.907E-03 9.878E+00 22 6.340E-06 1.000E+02 23 2.438E-03 1.026E+00 24 3.145E-03 3.382E-01
25 6.762E-08 7.161E+01 26 4.716E-03 5.572E-01 27 1.849E-03 7.223E-01
158  23
 1 7.674E-06 5.854E+01  2 3.658E-04 3.865E+00  3 2.306E-04 9.347E+00  4 6.460E-04 4.586E+01  5 2.562E-05 1.000E+02
 6 3.837E-05 2.850E+01  7 2.911E-06 4.408E+01  8 8.473E-06 4.949E+01  9 1.407E-07 1.000E+02 10 2.991E-04 8.411E+00
11 2.291E-05 3.337E+01 12 7.598E-05 1.030E+01 13 1.439E-03 2.060E+00 15 7.615E-05 3.101E+01 16 1.928E-03 8.564E-01
17 1.015E-04 2.381E+01 19 9.951E-04 2.041E+01 20 7.502E-03 6.337E+00 23 2.844E-03 9.130E-01 24 2.954E-03 3.223E-01
25 4.511E-08 1.000E+02 26 4.226E-03 6.680E-01 27 1.634E-03 7.987E-01
159  23
 1 7.317E-05 5.946E+01  2 4.257E-04 4.235E+00  3 2.408E-04 1.093E+01  4 3.501E-04 7.006E+01  5 3.922E-06 1.000E+02
 6 3.805E-05 2.375E+01  7 3.764E-06 4.418E+01  8 5.052E-07 8.369E+01 10 3.411E-04 8.070E+00 11 1.403E-05 4.542E+01
12 7.989E-05 1.109E+01 13 1.383E-03 2.619E+00 15 3.767E-05 4.776E+01 16 2.107E-03 9.630E-01 17 6.247E-05 2.033E+01
19 1.366E-03 1.499E+01 20 9.259E-03 6.041E+00 22 4.068E-07 1.000E+02 23 3.408E-03 8.433E-01 24 2.657E-03 4.004E-01
25 9.726E-10 1.000E+02 26 2.447E-03 6.080E-01 27 1.095E-03 1.035E+00
160  21
 1 9.057E-05 5.388E+01  2 5.458E-04 4.472E+00  3 2.198E-04 1.024E+01  4 3.579E-04 4.519E+01  6 6.921E-05 3.086E+01
 7 3.253E-06 6.834E+01  8 1.700E-06 4.918E+01  9 2.595E-06 1.000E+02 10 2.949E-04 7.503E+00 11 3.107E-05 3.849E+01
12 7.068E-05 1.203E+01 13 1.176E-03 3.427E+00 15 5.633E-05 2.891E+01 16 7.046E-03 5.671E-01 17 3.147E-05 2.188E+01
19 8.350E-04 1.397E+01 20 1.297E-02 4.592E+00 23 4.183E-03 8.561E-01 24 2.414E-03 3.906E-01 26 2.239E-03 8.215E-01
27 9.928E-04 1.223E+00
161  20
 1 5.418E-05 6.180E+01  2 3.094E-04 4.504E+00  3 1.200E-04 1.167E+01  4 9.574E-05 4.434E+01  6 1.996E-05 3.334E+01
 7 1.236E-06 4.479E+01  8 6.718E-06 4.958E+01 10 1.908E-04 6.870E+00 11 9.794E-06 2.887E+01 12 4.450E-05 7.964E+00
13 9.291E-04 2.035E+00 15 3.130E-05 2.984E+01 16 1.347E-03 1.004E+00 17 4.170E-05 1.865E+01 19 8.855E-04 1.470E+01
20 4.088E-02 3.311E+00 23 1.104E-02 3.646E-01 24 8.754E-04 4.696E-01 26 2.028E-03 6.430E-01 27 8.844E-04 7.601E-01
162  21
 1 4.926E-05 6.510E+01  2 3.375E-04 3.601E+00  3 9.413E-05 1.055E+01  4 2.852E-04 4.496E+01  5 3.882E-05 6.582E+01
 6 2.178E-05 3.474E+01  7 3.560E-06 3.272E+01  8 4.154E-06 5.721E+01 10 1.926E-04 7.517E+00 11 1.330E-05 3.246E+01
12 5.025E-05 1.114E+01 13 8.489E-04 1.949E+00 15 5.037E-05 2.366E+01 16 1.387E-03 9.741E-01 17 3.547E-05 1.799E+01
19 7.454E-04 1.438E+01 20 6.201E-02 2.117E+00 23 1.192E-02 2.986E-01 24 7.403E-04 5.597E-01 26 2.052E-03 5.985E-01
27 8.460E-04 6.639E-01
163  21
 1 2.936E-05 4.412E+01  2 3.778E-04 4.545E+00  3 1.046E-04 1.264E+01  4 4.456E-04 4.108E+01  6 1.957E-05 3.147E+01
 7 1.105E-06 3.567E+01  8 9.976E-07 8.355E+01  9 9.158E-09 1.000E+02 10 1.877E-04 5.333E+00 11 1.174E-05 2.285E+01
12 3.415E-05 8.800E+00 13 7.275E-04 1.834E+00 15 2.995E-05 3.379E+01 16 1.339E-03 9.696E-01 17 2.341E-05 2.481E+01
19 8.001E-04 1.162E+01 20 7.442E-02 1.575E+00 23 1.253E-02 3.792E-01 24 6.409E-04 4.973E-01 26 2.093E-03 6.137E-01
27 8.326E-04 6.229E-01
164  21
 1 7.211E-06 7.113E+01  2 4.280E-04 3.065E+00  3 8.536E-05 9.875E+00  4 1.769E-04 4.553E+01  5 5.673E-06 1.000E+02
 6 2.926E-05 2.675E+01  7 6.019E-07 4.458E+01  8 4.030E-06 7.070E+01 10 1.665E-04 9.621E+00 11 7.091E-06 3.787E+01
12 2.831E-05 1.053E+01 13 6.962E-04 2.334E+00 15 3.321E-05 3.323E+01 16 1.377E-03 8.773E-01 17 3.142E-05 2.449E+01
19 5.366E-04 1.401E+01 20 7.469E-02 1.638E+00 23 1.288E-02 3.244E-01 24 5.572E-04 7.230E-01 26 2.058E-03 7.784E-01
27 7.869E-04 9.647E-01
165  21
 1 1.653E-05 9.955E+01  2 4.647E-04 3.264E+00  3 8.918E-05 1.506E+01  4 2.201E-04 3.766E+01  5 9.229E-06 6.952E+01
 6 8.822E-06 4.017E+01  7 9.064E-07 5.648E+01  8 5.390E-07 7.417E+01 10 1.529E-04 1.211E+01 11 1.203E-05 4.089E+01
12 3.394E-05 1.006E+01 13 5.914E-04 2.863E+00 15 2.805E-05 4.179E+01 16 1.382E-03 6.696E-01 17 2.841E-05 2.196E+01
19 5.570E-04 1.872E+01 20 7.107E-02 2.108E+00 23 1.344E-02 3.722E-01 24 4.987E-04 6.307E-01 26 2.154E-03 6.344E-01
27 7.960E-04 6.833E-01
166  22
 1 1.569E-05 9.704E+01  2 5.587E-04 2.459E+00  3 7.985E-05 9.043E+00  4 1.373E-04 4.968E+01  5 1.113E-05 1.000E+02
 6 1.957E-05 3.224E+01  7 1.282E-06 4.599E+01  8 1.137E-06 1.000E+02  9 2.530E-08 1.000E+02 10 1.343E-04 1.010E+01
11 8.253E-06 6.114E+01 12 2.791E-05 1.189E+01 13 5.633E-04 2.051E+00 15 1.518E-05 3.278E+01 16 1.372E-03 8.941E-01
17 2.433E-05 2.210E+01 19 5.549E-04 1.639E+01 20 6.508E-02 2.370E+00 23 1.382E-02 3.195E-01 24 4.398E-04 7.469E-01
26 2.214E-03 7.104E-01 27 7.882E-04 7.639E-01
167  22
 1 1.784E-05 6.728E+01  2 6.090E-04 2.700E+00  3 5.793E-05 1.111E+01  4 3.487E-04 4.486E+01  5 1.324E-05 1.000E+02
 6 1.651E-05 3.382E+01  7 1.438E-06 5.522E+01  8 1.320E-06 6.260E+01 10 1.095E-04 9.807E+00 11 3.303E-06 5.845E+01
12 2.200E-05 1.041E+01 13 4.512E-04 3.020E+00 15 2.193E-05 3.885E+01 16 1.368E-03 9.419E-01 17 1.819E-05 3.624E+01
19 3.934E-04 1.956E+01 20 5.967E-02 1.635E+00 23 1.417E-02 3.398E-01 24 3.884E-04 7.719E-01 25 2.136E-08 1.000E+02
26 2.312E-03 6.492E-01 27 7.960E-04 8.009E-01
168  21
 1 9.480E-05 5.757E+01  2 7.284E-04 2.826E+00  3 6.425E-05 1.148E+01  4 2.830E-04 3.886E+01  5 9.595E-06 9.334E+01
 6 1.596E-05 3.720E+01  7 2.109E-06 4.955E+01  8 5.053E-07 7.410E+01 10 1.241E-04 9.273E+00 11 9.287E-06 3.299E+01
12 2.500E-05 1.060E+01 13 4.483E-04 2.192E+00 15 1.161E-05 4.719E+01 16 2.253E-03 8.210E-01 17 1.971E-05 3.109E+01
19 4.320E-04 2.055E+01 20 4.857E-02 2.174E+00 23 1.474E-02 3.394E-01 24 3.587E-04 9.077E-01 26 2.479E-03 7.252E-01
27 8.163E-04 8.107E-01
169  22
 1 1.022E-07 1.000E+02  2 7.562E-04 2.901E+00  3 5.537E-05 1.677E+01  4 5.634E-04 3.175E+01  5 1.354E-07 1.000E+02
 6 9.528E-06 2.910E+01  7 1.277E-07 7.552E+01  8 1.286E-06 1.000E+02 10 1.014E-04 1.244E+01 11 5.515E-06 4.663E+01
12 2.111E-05 1.692E+01 13 4.012E-04 3.465E+00 15 1.773E-05 4.736E+01 16 1.447E-03 9.450E-01 17 1.551E-05 3.642E+01
19 4.807E-04 1.892E+01 20 2.746E-02 3.536E+00 23 1.635E-02 3.054E-01 24 3.278E-04 9.941E-01 25 1.050E-08 1.000E+02
26 4.031E-03 5.478E-01 27 1.161E-03 7.104E-01
170  20
 1 6.295E-07 6.911E+01  2 8.947E-04 2.275E+00  3 4.211E-05 1.404E+01  4 6.426E-04 2.135E+01  6 1.533E-05 5.691E+01
 7 9.462E-07 5.398E+01  8 4.356E-07 9.523E+01 10 8.850E-05 1.109E+01 11 1.633E-06 5.467E+01 12 2.245E-05 1.430E+01
13 3.573E-04 3.737E+00 15 8.526E-06 5.684E+01 16 1.401E-03 7.826E-01 17 1.551E-05 3.385E+01 19 3.615E-04 1.893E+01
20 1.866E-02 3.379E+00 23 1.665E-02 3.063E-01 24 2.839E-04 8.963E-01 26 4.198E-03 4.514E-01 27 1.184E-03 5.418E-01
171  22
 1 3.053E-05 6.783E+01  2 9.893E-04 2.348E+00  3 6.410E-05 1.657E+01  4 4.103E-04 3.828E+01  5 2.310E-05 9.714E+01
 6 1.875E-05 3.476E+01  7 1.630E-06 5.044E+01  8 2.574E-08 1.000E+02  9 2.550E-06 1.000E+02 10 7.971E-05 1.031E+01
11 3.920E-06 6.113E+01 12 2.026E-05 1.557E+01 13 2.901E-04 4.906E+00 15 1.286E-05 5.036E+01 16 1.360E-03 1.276E+00
17 2.188E-05 2.369E+01 19 2.272E-04 2.270E+01 20 1.239E-02 3.419E+00 23 1.719E-02 3.661E-01 24 2.519E-04 9.289E-01
26 4.402E-03 4.238E-01 27 1.219E-03 4.429E-01
172  21
 1 2.362E-05 9.175E+01  2 1.135E-03 2.464E+00  3 5.331E-05 1.533E+01  4 6.274E-04 2.823E+01  5 3.547E-06 1.000E+02
 6 3.700E-06 6.179E+01  7 9.468E-07 5.221E+01  8 7.937E-06 6.529E+01 10 8.057E-05 1.383E+01 11 5.410E-06 4.552E+01
12 1.827E-05 1.392E+01 13 2.776E-04 4.014E+00 15 3.277E-05 4.091E+01 16 1.347E-03 9.062E-01 17 1.549E-05 2.340E+01
19 1.862E-04 1.608E+01 20 9.269E-03 3.527E+00 23 1.725E-02 3.252E-01 24 2.250E-04 7.764E-01 26 4.439E-03 4.505E-01
27 1.208E-03 5.283E-01
173  21
 1 1.442E-05 1.000E+02  2 1.295E-03 1.626E+00  3 5.776E-05 1.625E+01  4 9.873E-04 2.972E+01  5 8.252E-06 1.000E+02
 6 5.929E-06 3.873E+01  7 6.239E-07 6.571E+01  8 7.224E-08 6.237E+01 10 6.345E-05 1.544E+01 11 3.888E-06 6.600E+01
12 1.434E-05 1.452E+01 13 2.463E-04 5.024E+00 15 2.498E-05 4.151E+01 16 1.323E-03 1.005E+00 17 7.378E-06 4.548E+01
19 3.317E-04 1.915E+01 20 8.924E-03 5.732E+00 23 1.749E-02 3.346E-01 24 1.998E-04 1.314E+00 26 4.513E-03 5.392E-01
27 1.222E-03 5.999E-01
174  21
 1 8.432E-06 8.653E+01  2 1.466E-03 1.638E+00  3 5.047E-05 1.888E+01  4 1.080E-03 2.436E+01  5 2.780E-06 6.883E+01
 6 9.928E-06 4.628E+01  7 8.734E-07 5.156E+01  8 8.760E-08 7.064E+01 10 6.479E-05 1.401E+01 11 3.389E-06 5.343E+01
12 1.747E-05 1.455E+01 13 2.113E-04 3.829E+00 15 1.113E-05 6.160E+01 16 1.317E-03 1.137E+00 17 1.540E-05 3.701E+01
19 2.091E-04 1.916E+01 20 7.262E-03 4.966E+00 23 1.763E-02 3.125E-01 24 1.758E-04 1.104E+00 26 4.590E-03 3.352E-01
27 1.223E-03 3.430E-01
175  20
 1 6.758E-06 9.474E+01  2 1.675E-03 2.039E+00  3 3.450E-05 2.152E+01  4 1.178E-03 2.723E+01  6 1.324E-05 4.602E+01
 7 1.345E-06 5.948E+01  8 3.035E-06 5.547E+01 10 5.639E-05 1.352E+01 11 7.843E-06 6.258E+01 12 1.472E-05 1.467E+01
13 1.925E-04 3.645E+00 15 1.739E-05 6.103E+01 16 1.326E-03 1.061E+00 17 1.620E-05 3.444E+01 19 1.874E-04 3.002E+01
20 6.390E-03 4.045E+00 23 1.778E-02 3.418E-01 24 1.614E-04 1.209E+00 26 4.614E-03 5.065E-01 27 1.225E-03 5.253E-01
176  20
 2 1.861E-03 1.283E+00  3 3.688E-05 2.058E+01  4 1.090E-03 2.446E+01  5 7.616E-07 1.000E+02  6 3.153E-06 6.808E+01
 7 3.713E-07 6.330E+01 10 5.496E-05 1.543E+01 11 4.876E-06 4.609E+01 12 1.279E-05 1.800E+01 13 1.637E-04 4.876E+00
15 5.487E-06 4.629E+01 16 1.315E-03 9.948E-01 17 1.051E-05 4.601E+01 19 7.647E-05 3.335E+01 20 5.770E-03 5.975E+00
22 2.754E-06 1.000E+02 23 1.793E-02 3.205E-01 24 1.414E-04 1.086E+00 26 4.695E-03 4.225E-01 27 1.238E-03 4.885E-01
177  21
 1 7.668E-06 1.000E+02  2 2.263E-03 1.677E+00  3 3.243E-05 2.181E+01  4 1.030E-03 1.665E+01  5 3.874E-05 7.243E+01
 6 5.657E-06 4.330E+01  7 1.529E-07 1.000E+02  8 1.666E-06 5.314E+01 10 4.410E-05 1.730E+01 11 2.317E-06 3.976E+01
12 9.088E-06 1.644E+01 13 1.642E-04 4.917E+00 15 7.877E-06 4.057E+01 16 1.315E-03 8.973E-01 17 1.807E-05 3.389E+01
19 1.282E-04 2.691E+01 20 5.249E-03 5.247E+00 23 1.809E-02 2.887E-01 24 1.283E-04 1.381E+00 26 4.748E-03 3.900E-01
27 1.239E-03 4.659E-01
178  20
 1 1.947E-05 1.000E+02  2 2.596E-03 1.320E+00  3 3.205E-05 1.949E+01  4 2.049E-03 1.388E+01  6 4.639E-06 5.902E+01
 7 2.513E-07 7.930E+01  8 6.575E-07 7.047E+01 10 3.876E-05 1.546E+01 11 2.133E-06 6.364E+01 12 8.821E-06 1.758E+01
13 1.447E-04 6.620E+00 15 9.390E-06 6.242E+01 16 1.279E-03 1.151E+00 17 2.865E-06 4.538E+01 19 1.196E-04 3.833E+01
20 4.058E-03 6.567E+00 23 1.821E-02 3.534E-01 24 1.154E-04 1.827E+00 26 4.798E-03 5.790E-01 27 1.239E-03 6.324E-01
179  21
 1 3.054E-06 1.000E+02  2 2.893E-03 1.224E+00  3 2.373E-05 2.229E+01  4 2.179E-03 1.312E+01  6 3.010E-07 8.986E+01
 7 1.027E-06 8.572E+01  8 1.113E-07 9.236E+01 10 3.938E-05 1.975E+01 11 1.477E-06 7.155E+01 12 1.041E-05 2.115E+01
13 1.270E-04 3.261E+00 15 1.055E-05 4.231E+01 16 1.283E-03 1.106E+00 17 1.627E-05 4.609E+01 19 1.343E-04 3.497E+01
20 3.773E-03 6.539E+00 23 1.819E-02 3.549E-01 24 1.055E-04 1.630E+00 25 3.456E-10 1.000E+02 26 4.847E-03 5.581E-01
27 1.236E-03 6.516E-01
180  19
 2 3.434E-03 1.066E+00  3 2.507E-05 3.015E+01  4 3.099E-03 7.700E+00  6 3.155E-06 5.700E+01  7 9.030E-08 1.000E+02
 8 6.348E-07 6.383E+01 10 2.361E-05 2.117E+01 11 1.902E-06 5.298E+01 12 7.232E-06 2.037E+01 13 1.097E-04 6.829E+00
15 5.536E-06 9.855E+01 16 1.273E-03 8.606E-01 17 5.292E-06 5.830E+01 19 7.315E-05 4.240E+01 20 2.834E-03 7.547E+00
23 1.827E-02 3.208E-01 24 9.391E-05 1.745E+00 26 4.891E-03 4.253E-01 27 1.240E-03 4.494E-01
181  19
 1 1.352E-05 1.000E+02  2 3.971E-03 1.413E+00  3 2.057E-05 3.048E+01  4 3.230E-03 1.079E+01  6 8.057E-07 1.000E+02
 8 8.077E-07 1.000E+02 10 2.452E-05 2.512E+01 11 6.982E-07 7.312E+01 12 6.924E-06 2.053E+01 13 1.081E-04 5.146E+00
15 2.108E-06 1.000E+02 16 1.254E-03 1.049E+00 17 4.543E-06 5.479E+01 19 9.146E-05 5.188E+01 20 2.922E-03 8.510E+00
23 1.831E-02 3.311E-01 24 8.756E-05 1.533E+00 26 5.021E-03 4.705E-01 27 1.248E-03 5.391E-01
182  18
 1 3.179E-05 9.534E+01  2 4.731E-03 1.299E+00  3 2.186E-05 2.092E+01  4 4.662E-03 1.053E+01  6 2.935E-06 6.605E+01
10 1.946E-05 1.480E+01 11 1.378E-06 1.000E+02 12 4.902E-06 2.837E+01 13 9.382E-05 5.667E+00 15 1.613E-06 7.168E+01
16 1.261E-03 8.461E-01 17 6.428E-06 5.841E+01 19 4.315E-05 5.430E+01 20 2.335E-03 6.837E+00 23 1.852E-02 3.244E-01
24 7.765E-05 2.115E+00 26 5.222E-03 4.060E-01 27 1.213E-03 5.014E-01
183  18
 2 5.707E-03 9.440E-01  3 3.008E-05 2.318E+01  4 5.726E-03 1.016E+01  6 3.396E-06 8.633E+01  7 1.490E-07 1.000E+02
10 3.099E-05 2.675E+01 11 1.709E-08 1.000E+02 12 8.300E-06 1.881E+01 13 7.987E-05 7.897E+00 15 9.824E-07 9.823E+01
16 1.237E-03 1.017E+00 17 9.945E-06 6.608E+01 19 7.156E-05 3.275E+01 20 1.781E-03 9.152E+00 23 1.871E-02 3.320E-01
24 6.872E-05 1.763E+00 26 5.588E-03 3.983E-01 27 1.287E-03 4.380E-01
184  21
 1 9.945E-06 9.793E+01  2 7.838E-03 9.437E-01  3 1.854E-05 2.304E+01  4 7.617E-03 7.195E+00  5 7.312E-06 1.000E+02
 6 3.259E-06 5.356E+01  7 8.286E-07 1.000E+02  8 1.368E-06 1.000E+02 10 1.457E-05 2.322E+01 11 3.445E-06 8.873E+01
12 5.231E-06 2.022E+01 13 6.550E-05 9.498E+00 15 5.072E-06 7.891E+01 16 1.240E-03 9.723E-01 17 7.479E-06 8.528E+01
19 3.734E-05 4.934E+01 20 1.481E-03 9.665E+00 23 1.899E-02 3.625E-01 24 6.001E-05 2.063E+00 26 5.860E-03 4.481E-01
27 1.337E-03 4.464E-01
185  19
 1 3.549E-06 7.684E+01  2 1.018E-02 8.233E-01  3 1.538E-05 2.266E+01  4 1.382E-02 6.946E+00  6 1.699E-06 9.455E+01
 7 3.338E-07 1.000E+02 10 7.556E-06 2.637E+01 11 1.104E-06 8.650E+01 12 3.278E-06 3.048E+01 13 6.406E-05 7.766E+00
15 2.978E-06 9.598E+01 16 1.218E-03 9.740E-01 17 2.848E-06 5.901E+01 19 6.549E-05 3.818E+01 20 1.446E-03 8.708E+00
23 1.903E-02 3.232E-01 24 5.471E-05 1.901E+00 26 6.001E-03 4.017E-01 27 1.358E-03 4.394E-01
186  18
 1 3.205E-07 1.000E+02  2 1.281E-02 8.342E-01  3 2.085E-05 2.312E+01  4 1.200E-01 2.499E+00  6 3.891E-06 5.355E+01
10 1.377E-05 2.610E+01 11 1.115E-06 6.983E+01 12 3.251E-06 3.658E+01 13 5.270E-05 8.636E+00 15 2.973E-06 7.718E+01
16 1.139E-03 9.993E-01 17 5.837E-06 6.359E+01 19 6.245E-05 5.411E+01 20 1.199E-03 1.045E+01 23 1.906E-02 3.266E-01
24 4.867E-05 1.483E+00 26 6.050E-03 4.298E-01 27 1.356E-03 4.812E-01
187  18
 2 1.565E-02 5.127E-01  3 1.578E-05 3.845E+01  4 1.204E-01 2.338E+00  6 1.488E-07 1.000E+02  8 1.168E-08 1.000E+02
10 1.181E-05 2.118E+01 11 1.209E-06 1.000E+02 12 2.936E-06 2.523E+01 13 6.629E-05 7.185E+00 15 4.397E-07 9.600E+01
16 1.137E-03 9.000E-01 17 1.013E-05 6.319E+01 19 1.161E-05 7.204E+01 20 7.043E-04 1.698E+01 23 1.894E-02 2.970E-01
24 4.493E-05 2.071E+00 26 5.908E-03 3.859E-01 27 1.310E-03 3.862E-01
188  20
 1 6.999E-06 1.000E+02  2 1.856E-02 5.371E-01  3 2.201E-05 4.161E+01  4 1.224E-01 2.504E+00  6 4.701E-06 4.868E+01
 7 7.657E-08 1.000E+02  8 2.974E-08 1.000E+02 10 9.111E-06 4.278E+01 11 1.309E-06 6.938E+01 12 4.441E-06 5.217E+01
13 5.204E-05 6.498E+00 15 6.476E-06 7.999E+01 16 1.122E-03 7.780E-01 17 1.055E-06 1.000E+02 19 1.796E-05 5.065E+01
20 9.648E-04 1.415E+01 23 1.884E-02 3.246E-01 24 4.084E-05 1.916E+00 26 5.731E-03 4.254E-01 27 1.257E-03 4.676E-01
189  20
 1 2.597E-07 1.000E+02  2 2.125E-02 6.271E-01  3 1.257E-05 3.245E+01  4 1.158E-01 2.886E+00  6 4.496E-06 5.372E+01
 8 7.264E-09 1.000E+02 10 7.446E-06 2.391E+01 12 4.099E-06 3.011E+01 13 4.091E-05 9.957E+00 15 1.945E-06 1.000E+02
16 1.128E-03 8.565E-01 17 2.458E-07 1.000E+02 19 2.559E-05 5.801E+01 20 7.474E-04 1.458E+01 22 4.292E-06 1.000E+02
23 1.867E-02 3.456E-01 24 3.778E-05 3.009E+00 25 6.053E-09 1.000E+02 26 5.507E-03 4.200E-01 27 1.195E-03 5.246E-01
190  17
 1 8.138E-07 1.000E+02  2 2.414E-02 4.658E-01  3 1.669E-05 2.669E+01  4 1.352E-02 5.778E+00  6 6.959E-09 1.000E+02
10 5.860E-06 2.146E+01 11 1.658E-06 8.511E+01 12 2.184E-06 3.150E+01 13 3.491E-05 1.177E+01 16 1.196E-03 8.988E-01
17 2.471E-06 9.830E+01 19 2.261E-05 4.110E+01 20 6.480E-04 1.393E+01 23 1.865E-02 3.105E-01 24 3.398E-05 2.267E+00
26 5.360E-03 3.314E-01 27 1.156E-03 3.523E-01
191  18
 1 4.946E-07 1.000E+02  2 2.580E-02 5.682E-01  3 1.782E-05 2.748E+01  4 8.369E-03 8.930E+00  7 4.534E-07 1.000E+02
10 8.930E-06 2.403E+01 11 3.831E-06 6.891E+01 12 4.563E-06 4.154E+01 13 2.984E-05 8.878E+00 15 5.839E-06 1.000E+02
16 1.229E-03 1.068E+00 17 7.759E-06 6.231E+01 19 1.444E-05 5.376E+01 20 6.969E-04 1.646E+01 23 1.859E-02 3.228E-01
24 3.142E-05 2.406E+00 26 5.339E-03 3.726E-01 27 1.146E-03 4.071E-01
192  17
 2 2.690E-02 5.380E-01  3 1.796E-05 3.012E+01  4 7.365E-03 7.323E+00  6 1.787E-06 8.902E+01  7 1.074E-08 8.620E+01
10 6.076E-06 5.598E+01 12 2.238E-06 3.567E+01 13 2.857E-05 1.079E+01 15 1.832E-06 7.262E+01 16 1.189E-03 1.450E+00
17 2.249E-08 1.000E+02 19 1.972E-05 7.937E+01 20 5.111E-04 2.106E+01 23 1.852E-02 3.258E-01 24 2.911E-05 3.039E+00
26 5.379E-03 4.349E-01 27 1.154E-03 4.491E-01
193  17
 1 3.575E-07 7.519E+01  2 2.784E-02 5.056E-01  3 4.544E-06 3.974E+01  4 4.950E-03 1.153E+01  6 1.918E-06 6.803E+01
10 7.405E-06 3.451E+01 12 3.761E-06 3.566E+01 13 3.079E-05 7.811E+00 15 6.775E-07 1.000E+02 16 1.188E-03 9.090E-01
17 2.076E-06 6.905E+01 19 1.751E-05 7.207E+01 20 3.269E-04 1.441E+01 23 1.836E-02 2.991E-01 24 2.579E-05 3.517E+00
26 5.316E-03 3.631E-01 27 1.138E-03 4.358E-01
194  15
 2 2.827E-02 5.465E-01  3 1.893E-05 3.229E+01  4 4.056E-03 1.614E+01  7 9.933E-08 1.000E+02 10 7.025E-06 2.744E+01
12 2.661E-06 4.068E+01 13 2.388E-05 1.167E+01 16 1.217E-03 1.163E+00 17 2.130E-06 6.772E+01 19 1.621E-05 6.409E+01
20 3.979E-04 2.919E+01 23 1.842E-02 3.077E-01 24 2.477E-05 3.123E+00 26 5.361E-03 4.017E-01 27 1.148E-03 4.423E-01
195  17
 2 2.807E-02 5.020E-01  3 9.488E-06 3.163E+01  4 2.452E-03 1.564E+01  6 1.626E-06 1.000E+02 10 7.897E-06 3.372E+01
11 3.989E-07 7.570E+01 12 1.908E-06 5.267E+01 13 1.989E-05 1.307E+01 15 4.553E-06 1.000E+02 16 1.188E-03 1.168E+00
17 5.336E-06 8.248E+01 19 1.269E-05 6.098E+01 20 4.289E-04 1.715E+01 23 1.813E-02 3.317E-01 24 2.181E-05 3.839E+00
26 5.281E-03 4.237E-01 27 1.128E-03 4.631E-01
196  18
 1 4.860E-06 1.000E+02  2 2.759E-02 4.282E-01  3 1.480E-05 3.013E+01  4 2.851E-03 1.528E+01  6 4.839E-07 1.000E+02
10 9.473E-06 2.922E+01 11 2.742E-07 1.000E+02 12 2.446E-06 3.845E+01 13 2.280E-05 9.854E+00 15 4.948E-06 8.072E+01
16 1.204E-03 1.323E+00 17 6.609E-07 1.000E+02 19 5.152E-06 8.451E+01 20 4.036E-04 2.108E+01 23 1.793E-02 3.334E-01
24 1.986E-05 3.271E+00 26 5.247E-03 3.933E-01 27 1.126E-03 4.247E-01
197  15
 2 2.664E-02 5.133E-01  3 6.890E-06 3.884E+01  4 2.205E-03 1.388E+01 10 5.978E-06 5.353E+01 11 1.681E-08 1.000E+02
12 9.470E-07 6.470E+01 13 1.850E-05 1.276E+01 16 1.198E-03 1.024E+00 17 1.131E-06 1.000E+02 19 9.894E-06 1.000E+02
20 2.744E-04 3.241E+01 23 1.754E-02 2.743E-01 24 1.728E-05 2.931E+00 26 5.190E-03 4.318E-01 27 1.110E-03 4.987E-01
198  13
 2 2.566E-02 5.542E-01  3 9.807E-06 5.335E+01  4 2.281E-03 1.971E+01 10 5.242E-06 4.873E+01 12 8.260E-07 5.067E+01
13 1.336E-05 1.221E+01 15 7.837E-07 1.000E+02 16 1.219E-03 8.205E-01 20 1.843E-04 1.680E+01 23 1.721E-02 3.229E-01
24 1.454E-05 4.198E+00 26 5.152E-03 4.042E-01 27 1.103E-03 4.487E-01
199  15
 2 2.395E-02 5.422E-01  3 2.713E-06 5.112E+01  4 1.123E-03 2.356E+01 10 2.491E-06 4.305E+01 12 1.662E-06 4.160E+01
13 1.583E-05 1.626E+01 15 3.044E-07 9.575E+01 16 1.237E-03 1.114E+00 17 5.807E-07 1.000E+02 19 2.228E-05 9.491E+01
20 2.700E-04 2.732E+01 23 1.673E-02 2.891E-01 24 1.336E-05 3.763E+00 26 5.103E-03 3.071E-01 27 1.096E-03 3.172E-01
200  13
 2 2.208E-02 4.842E-01  3 4.698E-06 4.282E+01  4 1.325E-03 1.870E+01 10 3.529E-06 5.769E+01 12 5.706E-07 5.991E+01
13 1.162E-05 1.845E+01 16 1.215E-03 8.033E-01 17 7.464E-07 1.000E+02 20 1.718E-04 2.668E+01 23 1.613E-02 2.834E-01
24 1.093E-05 4.359E+00 26 5.046E-03 3.384E-01 27 1.084E-03 3.941E-01
201  16
 1 1.810E-05 1.000E+02  2 1.965E-02 6.150E-01  3 2.751E-06 5.953E+01  4 1.272E-03 2.562E+01 10 6.950E-06 8.352E+01
11 7.989E-07 1.000E+02 12 1.528E-06 3.739E+01 13 1.167E-05 1.444E+01 16 1.276E-03 1.228E+00 17 1.119E-06 1.000E+02
19 3.855E-06 9.873E+01 20 1.616E-04 2.136E+01 23 1.538E-02 3.412E-01 24 9.178E-06 4.934E+00 26 4.938E-03 3.807E-01
27 1.069E-03 4.210E-01
202  14
 2 1.687E-02 6.126E-01  3 6.689E-06 5.792E+01  4 6.299E-04 2.218E+01 10 3.355E-06 3.104E+01 12 1.639E-06 4.122E+01
13 9.117E-06 1.759E+01 15 2.546E-06 1.000E+02 16 1.287E-03 8.083E-01 19 1.062E-05 1.000E+02 20 1.502E-04 3.134E+01
23 1.461E-02 3.520E-01 24 8.571E-06 3.780E+00 26 4.881E-03 3.904E-01 27 1.061E-03 4.236E-01
203  13
 2 1.418E-02 3.819E-01  3 1.526E-06 9.981E+01  4 5.863E-04 1.846E+01 10 1.620E-06 9.469E+01 12 8.577E-07 5.353E+01
13 6.405E-06 2.296E+01 16 1.298E-03 9.543E-01 19 6.782E-08 1.000E+02 20 1.081E-04 3.120E+01 23 1.373E-02 2.970E-01
24 6.120E-06 5.704E+00 26 4.737E-03 3.431E-01 27 1.036E-03 3.528E-01
204  14
 2 1.082E-02 6.292E-01  3 2.525E-06 7.982E+01  4 4.018E-04 2.884E+01 10 9.548E-07 6.358E+01 12 2.652E-07 6.966E+01
13 5.083E-06 2.125E+01 16 1.369E-03 8.441E-01 17 1.787E-07 1.000E+02 19 4.578E-06 1.000E+02 20 9.145E-05 3.619E+01
23 1.252E-02 2.949E-01 24 4.973E-06 6.287E+00 26 4.498E-03 3.832E-01 27 9.927E-04 4.219E-01
205  14
 2 7.157E-03 6.222E-01  3 8.398E-07 5.441E+01  4 2.851E-04 2.637E+01  6 1.865E-08 1.000E+02 10 1.276E-06 6.689E+01
12 6.269E-08 8.258E+01 13 3.835E-06 2.244E+01 16 1.397E-03 8.340E-01 17 7.413E-07 1.000E+02 20 7.574E-05 3.842E+01
23 1.107E-02 2.946E-01 24 3.609E-06 7.200E+00 26 4.166E-03 3.221E-01 27 9.317E-04 3.296E-01
206  14
 2 4.166E-03 9.978E-01  3 1.161E-06 5.669E+01  4 2.392E-04 3.332E+01  7 1.199E-07 1.000E+02 10 1.217E-06 5.158E+01
11 1.238E-08 1.000E+02 13 2.993E-06 2.207E+01 15 7.603E-07 1.000E+02 16 1.440E-03 5.076E-01 20 9.426E-05 2.794E+01
23 8.959E-03 3.783E-01 24 2.781E-06 5.504E+00 26 3.404E-03 4.090E-01 27 7.662E-04 4.123E-01
207  14
 2 2.559E-03 1.213E+00  3 9.544E-08 7.339E+01  4 2.398E-04 3.509E+01  7 1.227E-07 1.000E+02 12 1.509E-07 9.124E+01
13 2.068E-06 1.964E+01 16 1.542E-03 5.833E-01 17 2.432E-07 1.000E+02 19 1.198E-06 8.213E+01 20 2.309E-05 3.462E+01
23 5.690E-03 2.863E-01 24 1.950E-06 7.074E+00 26 1.794E-03 3.219E-01 27 3.912E-04 3.829E-01
208  13
 2 9.158E-04 1.134E+00  3 2.438E-07 1.000E+02  4 1.298E-05 9.134E+01 10 2.081E-07 7.820E+01 12 2.583E-08 7.998E+01
13 5.141E-07 3.927E+01 15 2.598E-07 1.000E+02 16 1.355E-03 4.302E-01 20 2.771E-05 3.487E+01 23 1.871E-03 3.938E-01
24 7.189E-07 1.033E+01 26 3.301E-04 6.247E-01 27 6.413E-05 6.438E-01