
    ORGAN DOSE CONVERSION FACTORS FOR AN ADULT HERMAPHRODITE
    CALCULATED FOR A VARIETY OF CT SCANNERS AND CONDITIONS.
    VALUES ARE GIVEN FOR 208 5 MM SLICES SPANNING THE BODY
    FROM 100 MM BELOW THE BOTTOM OF THE TRUNK TO THE TOP OF THE HEAD.

                     ORGANS OR REGIONS
 1 ADRENALS              10 HEART                  19 THYMUS                   
 2 BRAIN                 11 KIDNEYS                20 THYROID                  
 3 BREASTS               12 LIVER                  21 URINARY BLADDER          
 4 EYE LENSES            13 LUNGS                  22 UTERUS                   
 5 GALL BLADDER          14 OVARIES                23 HEAD REGION              
 6 STOMACH               15 PANCREAS               24 TRUNK REGION             
 7 SMALL INTESTINE       16 SKIN                   25 LEG REGION               
 8 UPPER LARGE INTESTINE 17 SPLEEN                 26 SKELETON                 
 9 LOWER LARGE INTESTINE 18 TESTICLES              27 RED MARROW               

 20 PHILIPS TOMOSCAN TX: SHAPED FILTER (ALUMINIUM)
    FOCUS TO AXIS DISTANCE IS 606 MM
    FAN ANGLE COVERS FULL WIDTH OF TRUNK
    X-RAY SPECTRUM HAS MAXIMUM ENERGY OF 100 KEV
    INITIAL FILTRATION IS 1.4 MM OF ALUMINIUM AND 0.1 MM OF COPPER

    CONVERSION FACTORS AND STATISTICAL UNCERTAINTIES(%) FOR ORGANS IN EACH SLICE
  1  15
 3 6.780E-07 1.000E+02  7 2.006E-05 1.959E+01  8 1.068E-05 3.042E+01  9 4.870E-04 8.508E+00 11 1.254E-07 1.000E+02
12 9.361E-07 7.306E+01 14 5.466E-06 9.307E+01 16 1.967E-03 1.136E+00 18 2.539E-03 9.463E+00 21 3.533E-04 1.600E+01
22 7.824E-05 3.724E+01 24 9.860E-05 1.784E+00 25 6.375E-03 3.535E-01 26 3.569E-03 7.741E-01 27 3.181E-04 9.160E-01
  2  17
 6 2.723E-07 1.000E+02  7 2.432E-05 1.905E+01  8 1.313E-05 3.217E+01  9 4.948E-04 1.156E+01 11 7.283E-07 1.000E+02
12 2.336E-06 6.347E+01 13 7.151E-09 1.000E+02 14 8.041E-05 6.785E+01 15 1.366E-07 1.000E+02 16 1.939E-03 1.053E+00
18 2.662E-03 6.032E+00 21 5.078E-04 1.587E+01 22 1.503E-04 2.603E+01 24 9.955E-05 1.672E+00 25 6.358E-03 3.397E-01
26 3.538E-03 6.215E-01 27 3.235E-04 6.294E-01
  3  18
 3 8.918E-07 1.000E+02  6 2.036E-07 8.052E+01  7 2.833E-05 1.736E+01  8 2.836E-05 3.087E+01  9 5.809E-04 7.267E+00
11 7.036E-07 1.000E+02 12 3.361E-07 5.103E+01 14 1.060E-04 6.364E+01 15 7.284E-07 1.000E+02 16 1.962E-03 1.135E+00
17 2.410E-06 1.000E+02 18 3.169E-03 8.695E+00 21 4.586E-04 1.153E+01 22 1.504E-04 1.827E+01 24 1.167E-04 1.652E+00
25 6.370E-03 3.140E-01 26 3.551E-03 7.347E-01 27 3.456E-04 1.016E+00
  4  16
 3 6.159E-07 1.000E+02  6 2.928E-06 9.908E+01  7 3.349E-05 1.833E+01  8 2.869E-05 3.290E+01  9 6.437E-04 4.761E+00
11 1.598E-06 9.718E+01 12 5.902E-07 7.619E+01 14 3.228E-05 8.186E+01 16 1.934E-03 7.399E-01 18 2.811E-03 9.358E+00
21 3.914E-04 1.285E+01 22 1.884E-04 2.567E+01 24 1.363E-04 1.634E+00 25 6.349E-03 3.683E-01 26 3.556E-03 7.824E-01
27 3.594E-04 1.343E+00
  5  18
 3 4.649E-07 1.000E+02  5 1.130E-06 1.000E+02  6 5.621E-07 5.918E+01  7 3.070E-05 1.390E+01  8 4.471E-05 3.292E+01
 9 6.323E-04 5.573E+00 11 6.627E-06 5.612E+01 12 5.476E-07 5.105E+01 13 8.378E-08 6.964E+01 14 2.206E-04 3.947E+01
16 1.931E-03 9.293E-01 18 3.712E-03 7.649E+00 21 4.999E-04 1.497E+01 22 6.475E-05 2.623E+01 24 1.454E-04 1.655E+00
25 6.340E-03 3.800E-01 26 3.527E-03 6.575E-01 27 3.611E-04 7.999E-01
  6  16
 6 9.170E-06 8.071E+01  7 3.706E-05 1.270E+01  8 2.840E-05 2.661E+01  9 7.880E-04 7.603E+00 11 5.104E-07 6.291E+01
12 3.692E-06 5.683E+01 14 1.019E-04 5.934E+01 15 1.666E-06 1.000E+02 16 1.928E-03 1.117E+00 18 4.157E-03 7.121E+00
21 5.406E-04 1.309E+01 22 1.850E-04 2.533E+01 24 1.672E-04 1.551E+00 25 6.354E-03 3.605E-01 26 3.515E-03 9.235E-01
27 3.805E-04 1.446E+00
  7  19
 3 5.242E-07 1.000E+02  5 1.091E-05 1.000E+02  6 2.213E-06 7.798E+01  7 4.515E-05 1.544E+01  8 3.082E-05 3.549E+01
 9 9.001E-04 4.572E+00 11 9.859E-07 8.384E+01 12 2.122E-06 5.324E+01 13 2.556E-07 1.000E+02 14 1.397E-04 4.064E+01
16 1.979E-03 8.375E-01 17 1.236E-06 1.000E+02 18 4.054E-03 5.543E+00 21 7.313E-04 1.197E+01 22 2.209E-04 1.757E+01
24 1.879E-04 1.751E+00 25 6.373E-03 3.588E-01 26 3.509E-03 6.504E-01 27 3.889E-04 9.844E-01
  8  18
 5 7.323E-05 1.000E+02  6 1.582E-06 9.826E+01  7 6.364E-05 1.114E+01  8 4.800E-05 1.957E+01  9 1.021E-03 6.074E+00
11 1.899E-06 9.630E+01 12 1.145E-06 4.440E+01 13 3.000E-09 1.000E+02 14 2.398E-04 3.719E+01 15 1.214E-07 1.000E+02
16 1.973E-03 1.458E+00 18 4.300E-03 5.329E+00 21 9.630E-04 1.151E+01 22 3.062E-04 2.087E+01 24 2.164E-04 1.351E+00
25 6.358E-03 3.022E-01 26 3.484E-03 6.008E-01 27 4.019E-04 8.218E-01
  9  20
 3 1.992E-06 7.475E+01  5 2.306E-07 1.000E+02  6 9.281E-06 5.540E+01  7 6.131E-05 1.102E+01  8 4.129E-05 1.857E+01
 9 1.061E-03 5.912E+00 11 1.955E-06 5.144E+01 12 2.977E-06 3.396E+01 13 2.636E-07 1.000E+02 14 8.879E-05 8.438E+01
15 3.419E-06 1.000E+02 16 1.964E-03 9.041E-01 17 4.778E-06 7.356E+01 18 5.225E-03 7.475E+00 21 9.550E-04 1.347E+01
22 2.767E-04 1.368E+01 24 2.427E-04 1.051E+00 25 6.308E-03 3.104E-01 26 3.506E-03 5.765E-01 27 4.231E-04 1.164E+00
 10  18
 3 1.440E-06 7.567E+01  6 1.692E-05 7.498E+01  7 6.036E-05 1.060E+01  8 4.619E-05 2.152E+01  9 1.124E-03 6.165E+00
11 2.393E-06 5.034E+01 12 6.406E-07 5.121E+01 14 1.386E-04 4.095E+01 15 1.619E-06 1.000E+02 16 1.956E-03 1.069E+00
17 9.989E-07 1.000E+02 18 5.146E-03 9.291E+00 21 8.155E-04 1.289E+01 22 2.393E-04 2.068E+01 24 2.678E-04 1.326E+00
25 6.260E-03 4.151E-01 26 3.436E-03 8.142E-01 27 4.333E-04 1.253E+00
 11  17
 6 7.077E-07 1.000E+02  7 7.094E-05 9.182E+00  8 8.865E-05 2.025E+01  9 1.305E-03 5.259E+00 11 1.083E-05 4.949E+01
12 3.418E-06 5.857E+01 14 1.277E-04 4.360E+01 15 8.384E-07 1.000E+02 16 2.616E-03 1.119E+00 17 2.386E-06 1.000E+02
18 9.432E-03 4.674E+00 21 1.080E-03 8.495E+00 22 3.940E-04 1.515E+01 24 3.009E-04 9.925E-01 25 6.187E-03 3.937E-01
26 3.325E-03 6.993E-01 27 4.365E-04 1.001E+00
 12  21
 1 1.124E-05 1.000E+02  3 6.581E-07 6.935E+01  6 9.573E-06 6.612E+01  7 7.071E-05 1.036E+01  8 3.932E-05 3.002E+01
 9 1.461E-03 4.763E+00 10 4.518E-07 1.000E+02 11 9.805E-07 6.173E+01 12 2.898E-06 3.674E+01 13 3.101E-09 1.000E+02
14 4.666E-04 4.720E+01 15 2.018E-06 7.020E+01 16 2.143E-03 9.698E-01 17 1.855E-06 8.792E+01 18 2.499E-02 2.544E+00
21 1.126E-03 7.696E+00 22 3.815E-04 1.766E+01 24 3.406E-04 1.017E+00 25 6.136E-03 3.418E-01 26 3.267E-03 7.442E-01
27 4.487E-04 1.307E+00
 13  20
 3 3.723E-06 6.033E+01  6 4.543E-06 6.649E+01  7 8.924E-05 1.165E+01  8 7.876E-05 1.314E+01  9 1.486E-03 7.739E+00
10 2.657E-08 1.000E+02 11 5.721E-06 5.544E+01 12 3.383E-06 3.182E+01 13 1.151E-07 1.000E+02 14 2.097E-04 4.166E+01
15 4.499E-06 9.672E+01 16 2.124E-03 1.312E+00 17 1.786E-06 9.267E+01 18 4.230E-02 2.744E+00 21 1.381E-03 9.048E+00
22 4.500E-04 1.173E+01 24 3.911E-04 1.085E+00 25 6.039E-03 3.192E-01 26 3.162E-03 7.759E-01 27 4.692E-04 1.182E+00
 14  21
 3 5.262E-06 4.158E+01  5 1.947E-05 1.000E+02  6 6.138E-06 6.269E+01  7 1.013E-04 9.430E+00  8 5.430E-05 1.867E+01
 9 1.827E-03 5.954E+00 10 8.632E-07 1.000E+02 11 2.059E-06 4.310E+01 12 5.637E-06 3.164E+01 13 6.274E-07 7.873E+01
14 2.625E-04 4.322E+01 15 8.269E-06 1.000E+02 16 2.113E-03 1.174E+00 17 9.874E-07 1.000E+02 18 5.264E-02 1.899E+00
21 1.376E-03 1.209E+01 22 4.737E-04 1.303E+01 24 4.461E-04 1.287E+00 25 5.945E-03 3.701E-01 26 3.151E-03 8.211E-01
27 4.894E-04 1.532E+00
 15  21
 3 2.793E-06 5.415E+01  5 6.286E-06 1.000E+02  6 1.207E-05 5.196E+01  7 1.096E-04 8.754E+00  8 8.813E-05 1.811E+01
 9 2.215E-03 4.386E+00 11 5.662E-06 4.471E+01 12 4.383E-06 3.243E+01 13 1.562E-06 7.038E+01 14 3.818E-04 4.088E+01
15 4.861E-06 7.700E+01 16 2.063E-03 1.034E+00 17 5.597E-06 6.910E+01 18 5.891E-02 2.291E+00 21 1.749E-03 9.117E+00
22 5.572E-04 1.234E+01 23 2.955E-07 1.000E+02 24 5.078E-04 6.872E-01 25 5.878E-03 3.654E-01 26 3.112E-03 6.527E-01
27 5.155E-04 1.155E+00
 16  20
 3 1.751E-06 6.157E+01  5 1.123E-05 1.000E+02  6 1.165E-05 4.787E+01  7 1.140E-04 9.613E+00  8 7.904E-05 1.427E+01
 9 2.383E-03 3.725E+00 11 1.587E-05 2.859E+01 12 5.378E-06 3.236E+01 13 2.072E-08 1.000E+02 14 4.837E-04 2.900E+01
15 3.151E-06 6.796E+01 16 2.090E-03 1.189E+00 17 2.148E-06 5.959E+01 18 6.032E-02 2.581E+00 21 2.042E-03 7.143E+00
22 5.997E-04 1.253E+01 24 5.679E-04 8.406E-01 25 5.746E-03 3.670E-01 26 3.065E-03 8.039E-01 27 5.294E-04 1.382E+00
 17  20
 3 4.023E-06 4.856E+01  6 1.056E-05 5.244E+01  7 1.401E-04 6.022E+00  8 1.244E-04 1.419E+01  9 2.955E-03 4.752E+00
10 2.277E-07 1.000E+02 11 1.690E-05 4.775E+01 12 8.046E-06 2.753E+01 13 2.924E-07 4.545E+01 14 5.204E-04 3.104E+01
15 2.354E-05 8.238E+01 16 2.051E-03 8.829E-01 17 7.476E-06 4.907E+01 18 5.736E-02 1.375E+00 21 2.123E-03 7.486E+00
22 7.210E-04 1.054E+01 24 6.662E-04 9.691E-01 25 5.599E-03 3.881E-01 26 2.994E-03 7.913E-01 27 5.899E-04 1.181E+00
 18  21
 3 1.305E-05 4.552E+01  5 1.265E-05 5.902E+01  6 8.168E-06 5.007E+01  7 1.577E-04 6.462E+00  8 1.015E-04 1.552E+01
 9 2.812E-03 3.506E+00 10 1.920E-06 9.264E+01 11 1.411E-05 4.256E+01 12 6.189E-06 4.984E+01 13 3.074E-07 7.249E+01
14 7.146E-04 2.477E+01 15 7.324E-06 9.894E+01 16 2.098E-03 9.327E-01 17 6.675E-06 6.821E+01 18 4.759E-02 2.885E+00
21 2.469E-03 5.741E+00 22 7.260E-04 9.802E+00 24 7.646E-04 8.647E-01 25 5.364E-03 4.513E-01 26 2.882E-03 9.183E-01
27 6.157E-04 1.753E+00
 19  20
 3 1.051E-05 3.663E+01  5 9.230E-07 1.000E+02  6 9.283E-06 5.346E+01  7 1.657E-04 6.276E+00  8 1.157E-04 1.677E+01
 9 3.282E-03 3.462E+00 11 1.026E-05 3.058E+01 12 6.758E-06 2.389E+01 13 6.138E-09 1.000E+02 14 7.000E-04 2.244E+01
15 1.517E-06 6.509E+01 16 2.018E-03 9.251E-01 17 2.563E-06 5.729E+01 18 3.559E-02 3.242E+00 21 2.889E-03 4.312E+00
22 6.947E-04 1.541E+01 24 8.717E-04 6.536E-01 25 5.120E-03 3.652E-01 26 2.796E-03 6.880E-01 27 6.611E-04 1.446E+00
 20  21
 3 1.198E-05 4.049E+01  5 8.895E-06 9.115E+01  6 1.359E-05 3.541E+01  7 1.752E-04 6.741E+00  8 1.228E-04 1.681E+01
 9 4.111E-03 3.458E+00 10 7.468E-08 1.000E+02 11 1.499E-05 5.003E+01 12 7.606E-06 2.148E+01 13 5.652E-08 6.394E+01
14 3.890E-04 4.059E+01 15 3.679E-06 4.851E+01 16 2.021E-03 8.407E-01 17 5.393E-06 5.552E+01 18 2.093E-02 3.327E+00
21 3.241E-03 7.293E+00 22 9.260E-04 9.951E+00 24 1.053E-03 6.429E-01 25 4.766E-03 4.436E-01 26 2.663E-03 9.019E-01
27 7.030E-04 1.200E+00
 21  21
 3 7.955E-07 1.000E+02  5 1.364E-04 8.059E+01  6 2.085E-05 4.103E+01  7 2.012E-04 6.966E+00  8 1.954E-04 1.098E+01
 9 5.388E-03 3.286E+00 10 2.317E-06 7.140E+01 11 1.622E-05 2.919E+01 12 5.679E-06 3.282E+01 13 1.699E-06 6.924E+01
14 9.414E-04 2.200E+01 15 1.536E-05 7.093E+01 16 1.690E-03 1.004E+00 17 7.088E-06 5.120E+01 18 1.219E-02 3.887E+00
21 3.621E-03 5.444E+00 22 8.258E-04 8.151E+00 24 2.364E-03 3.462E-01 25 2.189E-03 3.333E-01 26 2.413E-03 7.528E-01
27 1.111E-03 1.181E+00
 22  22
 1 1.956E-05 1.000E+02  3 1.147E-06 1.000E+02  5 7.469E-05 6.142E+01  6 4.993E-06 5.822E+01  7 2.279E-04 6.938E+00
 8 1.646E-04 1.278E+01  9 6.212E-03 2.643E+00 10 2.765E-07 7.927E+01 11 2.559E-05 3.094E+01 12 6.745E-06 2.314E+01
13 1.477E-07 8.599E+01 14 8.457E-04 2.708E+01 15 3.295E-06 7.001E+01 16 1.657E-03 9.902E-01 17 4.189E-06 7.549E+01
18 8.349E-03 5.010E+00 21 3.963E-03 4.414E+00 22 1.175E-03 1.107E+01 24 2.572E-03 3.258E-01 25 1.817E-03 7.166E-01
26 2.351E-03 8.828E-01 27 1.209E-03 1.416E+00
 23  20
 3 2.200E-06 5.381E+01  5 1.129E-05 1.000E+02  6 1.295E-05 4.262E+01  7 2.461E-04 5.208E+00  8 2.365E-04 1.264E+01
 9 6.609E-03 2.229E+00 11 2.155E-05 3.184E+01 12 8.558E-06 2.446E+01 13 1.215E-06 4.531E+01 14 9.614E-04 2.071E+01
15 3.521E-06 6.719E+01 16 1.658E-03 1.199E+00 17 6.216E-06 4.428E+01 18 7.958E-03 4.604E+00 21 4.695E-03 4.528E+00
22 1.213E-03 6.922E+00 24 2.690E-03 3.241E-01 25 1.567E-03 6.282E-01 26 2.244E-03 8.586E-01 27 1.240E-03 1.250E+00
 24  21
 3 1.310E-06 9.667E+01  5 3.232E-05 8.212E+01  6 2.043E-05 5.222E+01  7 2.970E-04 4.437E+00  8 2.536E-04 7.490E+00
 9 7.377E-03 1.995E+00 11 1.698E-05 2.659E+01 12 8.620E-06 2.143E+01 13 1.783E-06 3.678E+01 14 1.158E-03 2.347E+01
15 3.959E-06 9.769E+01 16 1.640E-03 1.207E+00 17 7.386E-06 5.719E+01 18 6.729E-03 4.914E+00 21 4.924E-03 3.719E+00
22 1.592E-03 8.356E+00 23 1.382E-08 1.000E+02 24 2.794E-03 3.166E-01 25 1.371E-03 8.747E-01 26 2.209E-03 9.681E-01
27 1.301E-03 1.522E+00
 25  22
 1 9.279E-06 1.000E+02  3 5.307E-06 5.712E+01  5 8.046E-05 6.125E+01  6 1.930E-05 2.754E+01  7 3.475E-04 6.263E+00
 8 2.969E-04 9.259E+00  9 8.728E-03 2.890E+00 10 9.764E-09 1.000E+02 11 2.074E-05 4.194E+01 12 1.399E-05 1.555E+01
13 1.512E-06 7.394E+01 14 1.110E-03 2.292E+01 15 7.114E-06 6.147E+01 16 1.628E-03 1.160E+00 17 2.949E-06 7.626E+01
18 5.175E-03 6.295E+00 21 5.980E-03 4.203E+00 22 1.403E-03 8.396E+00 24 2.897E-03 3.690E-01 25 1.195E-03 6.040E-01
26 2.155E-03 1.016E+00 27 1.337E-03 1.716E+00
 26  22
 3 6.511E-06 6.591E+01  5 2.375E-05 5.337E+01  6 3.311E-05 3.713E+01  7 3.919E-04 5.046E+00  8 2.825E-04 1.102E+01
 9 8.801E-03 2.091E+00 10 4.883E-07 9.872E+01 11 1.443E-05 2.963E+01 12 1.301E-05 2.073E+01 13 1.322E-06 4.671E+01
14 1.336E-03 2.671E+01 15 5.297E-06 5.759E+01 16 1.627E-03 9.741E-01 17 2.527E-05 5.087E+01 18 4.855E-03 7.291E+00
21 6.319E-03 4.652E+00 22 1.782E-03 5.740E+00 23 5.591E-08 1.000E+02 24 2.980E-03 3.275E-01 25 1.056E-03 7.209E-01
26 2.112E-03 6.468E-01 27 1.374E-03 1.084E+00
 27  22
 1 1.764E-05 1.000E+02  3 5.096E-06 7.281E+01  5 2.310E-04 4.902E+01  6 2.404E-05 3.112E+01  7 3.942E-04 4.033E+00
 8 3.560E-04 1.060E+01  9 9.187E-03 2.318E+00 10 3.658E-07 6.621E+01 11 2.591E-05 2.423E+01 12 1.476E-05 2.076E+01
13 1.134E-06 3.903E+01 14 2.006E-03 1.852E+01 15 2.103E-06 6.791E+01 16 1.597E-03 1.008E+00 17 1.502E-05 3.380E+01
18 3.604E-03 4.657E+00 21 7.130E-03 4.511E+00 22 1.896E-03 7.531E+00 24 3.033E-03 3.716E-01 25 9.288E-04 8.102E-01
26 2.077E-03 6.855E-01 27 1.395E-03 6.990E-01
 28  22
 1 2.119E-06 1.000E+02  3 8.605E-07 7.173E+01  5 6.926E-05 7.626E+01  6 1.690E-05 3.719E+01  7 4.787E-04 5.616E+00
 8 3.581E-04 8.216E+00  9 9.071E-03 2.433E+00 10 3.653E-06 6.021E+01 11 3.863E-05 2.325E+01 12 1.409E-05 2.247E+01
13 2.093E-06 4.150E+01 14 1.051E-03 2.107E+01 15 1.948E-05 4.744E+01 16 1.609E-03 1.019E+00 17 1.969E-06 5.980E+01
18 3.560E-03 6.706E+00 21 8.390E-03 2.567E+00 22 2.023E-03 8.093E+00 24 3.097E-03 3.336E-01 25 8.285E-04 7.137E-01
26 2.043E-03 9.711E-01 27 1.418E-03 1.308E+00
 29  20
 3 1.025E-06 1.000E+02  6 4.171E-05 1.877E+01  7 5.131E-04 3.743E+00  8 4.289E-04 7.897E+00  9 9.318E-03 1.512E+00
10 5.968E-08 1.000E+02 11 3.258E-05 2.359E+01 12 1.715E-05 1.932E+01 13 8.396E-07 6.610E+01 14 2.324E-03 1.609E+01
15 9.887E-06 7.273E+01 16 1.574E-03 1.258E+00 17 1.666E-05 4.803E+01 18 3.584E-03 8.629E+00 21 9.884E-03 3.833E+00
22 2.386E-03 9.223E+00 24 3.159E-03 3.283E-01 25 7.330E-04 1.021E+00 26 2.023E-03 6.891E-01 27 1.448E-03 1.130E+00
 30  20
 3 4.812E-07 8.486E+01  5 1.833E-05 5.811E+01  6 2.200E-05 5.025E+01  7 5.627E-04 2.690E+00  8 3.992E-04 1.019E+01
 9 8.520E-03 2.295E+00 11 3.328E-05 2.575E+01 12 2.221E-05 2.067E+01 13 9.651E-07 7.433E+01 14 1.249E-03 2.201E+01
15 1.570E-05 3.769E+01 16 1.575E-03 8.019E-01 17 1.753E-05 3.871E+01 18 2.719E-03 8.182E+00 21 1.716E-02 2.928E+00
22 2.855E-03 4.158E+00 24 3.198E-03 3.444E-01 25 6.529E-04 1.004E+00 26 2.004E-03 9.414E-01 27 1.468E-03 1.150E+00
 31  23
 1 2.299E-05 9.067E+01  3 2.999E-06 7.068E+01  5 6.705E-05 5.988E+01  6 2.307E-05 4.731E+01  7 6.683E-04 4.444E+00
 8 5.052E-04 6.718E+00  9 8.290E-03 2.257E+00 10 5.751E-06 7.420E+01 11 6.008E-05 1.940E+01 12 2.664E-05 1.492E+01
13 6.905E-07 7.668E+01 14 2.355E-03 1.599E+01 15 6.736E-06 7.725E+01 16 1.518E-03 1.164E+00 17 1.551E-05 3.488E+01
18 2.386E-03 9.967E+00 21 2.172E-02 3.228E+00 22 2.622E-03 8.184E+00 23 2.229E-08 1.000E+02 24 3.236E-03 3.792E-01
25 5.847E-04 1.116E+00 26 1.996E-03 8.144E-01 27 1.498E-03 1.213E+00
 32  22
 1 3.196E-05 7.018E+01  3 1.925E-06 6.486E+01  5 6.463E-05 5.749E+01  6 3.215E-05 3.085E+01  7 6.887E-04 3.279E+00
 8 4.724E-04 8.533E+00  9 7.743E-03 3.049E+00 10 2.024E-07 1.000E+02 11 3.811E-05 2.247E+01 12 2.300E-05 2.269E+01
13 2.863E-06 3.492E+01 14 2.622E-03 1.447E+01 15 5.203E-05 4.094E+01 16 1.528E-03 1.044E+00 17 3.760E-05 3.382E+01
18 2.544E-03 9.424E+00 21 2.320E-02 2.662E+00 22 3.344E-03 5.257E+00 24 3.251E-03 3.649E-01 25 5.178E-04 1.067E+00
26 1.946E-03 9.195E-01 27 1.480E-03 1.206E+00
 33  23
 1 1.380E-05 1.000E+02  3 4.956E-06 9.151E+01  5 1.224E-04 4.459E+01  6 5.761E-05 2.879E+01  7 7.999E-04 2.978E+00
 8 6.209E-04 7.005E+00  9 7.489E-03 2.742E+00 10 2.614E-06 8.831E+01 11 6.169E-05 1.922E+01 12 2.316E-05 1.399E+01
13 8.184E-08 1.000E+02 14 2.462E-03 1.910E+01 15 2.987E-05 6.114E+01 16 1.569E-03 1.092E+00 17 1.355E-05 3.761E+01
18 2.017E-03 1.146E+01 19 8.586E-07 1.000E+02 21 2.447E-02 2.765E+00 22 3.547E-03 4.420E+00 24 3.294E-03 3.268E-01
25 4.590E-04 1.217E+00 26 1.971E-03 7.612E-01 27 1.538E-03 1.218E+00
 34  22
 1 1.811E-06 1.000E+02  3 7.401E-07 8.398E+01  5 8.617E-05 4.790E+01  6 3.017E-05 3.290E+01  7 8.692E-04 2.485E+00
 8 6.985E-04 6.466E+00  9 7.357E-03 2.521E+00 10 7.141E-07 1.000E+02 11 5.773E-05 2.124E+01 12 3.008E-05 1.703E+01
13 8.549E-07 4.770E+01 14 2.543E-03 1.660E+01 15 2.081E-05 4.107E+01 16 1.536E-03 1.165E+00 17 9.790E-06 4.252E+01
18 1.399E-03 1.006E+01 21 2.340E-02 2.733E+00 22 3.912E-03 6.469E+00 24 3.318E-03 3.618E-01 25 4.138E-04 1.561E+00
26 1.939E-03 7.936E-01 27 1.514E-03 9.678E-01
 35  22
 1 5.218E-05 7.026E+01  3 7.352E-06 4.273E+01  5 6.459E-05 8.659E+01  6 6.152E-05 2.064E+01  7 1.012E-03 3.340E+00
 8 7.786E-04 5.084E+00  9 7.449E-03 2.678E+00 10 2.212E-06 8.998E+01 11 7.172E-05 2.199E+01 12 3.023E-05 1.122E+01
13 9.152E-07 7.025E+01 14 3.160E-03 1.438E+01 15 2.528E-05 4.943E+01 16 1.542E-03 9.692E-01 17 3.295E-05 3.182E+01
18 1.598E-03 1.402E+01 21 2.572E-02 2.212E+00 22 4.397E-03 2.826E+00 24 3.347E-03 3.784E-01 25 3.656E-04 1.722E+00
26 1.930E-03 7.298E-01 27 1.535E-03 1.088E+00
 36  23
 1 2.265E-05 6.888E+01  3 2.765E-06 5.396E+01  5 2.118E-04 5.514E+01  6 4.405E-05 2.460E+01  7 1.049E-03 3.102E+00
 8 8.860E-04 4.768E+00  9 7.113E-03 2.907E+00 10 3.848E-06 6.303E+01 11 6.278E-05 1.718E+01 12 3.517E-05 1.209E+01
13 3.785E-06 4.503E+01 14 3.713E-03 1.148E+01 15 4.087E-05 5.332E+01 16 1.547E-03 1.186E+00 17 3.513E-05 2.676E+01
18 1.423E-03 7.513E+00 21 2.413E-02 3.117E+00 22 5.165E-03 4.914E+00 23 2.153E-07 1.000E+02 24 3.365E-03 4.027E-01
25 3.297E-04 1.612E+00 26 1.965E-03 8.906E-01 27 1.590E-03 1.120E+00
 37  22
 1 8.353E-06 9.715E+01  3 6.082E-06 4.408E+01  5 7.145E-05 6.228E+01  6 1.029E-04 2.223E+01  7 1.206E-03 3.213E+00
 8 9.655E-04 6.521E+00  9 6.862E-03 2.512E+00 10 3.452E-06 5.063E+01 11 1.141E-04 1.242E+01 12 3.866E-05 1.486E+01
13 2.776E-06 4.349E+01 14 4.920E-03 9.869E+00 15 6.669E-05 3.803E+01 16 1.544E-03 6.550E-01 17 3.878E-05 4.270E+01
18 1.198E-03 1.483E+01 21 2.370E-02 2.784E+00 22 5.593E-03 5.473E+00 24 3.381E-03 3.470E-01 25 2.901E-04 1.626E+00
26 1.959E-03 8.876E-01 27 1.612E-03 1.242E+00
 38  22
 1 2.181E-05 8.006E+01  3 2.597E-06 4.192E+01  5 3.038E-04 3.559E+01  6 5.689E-05 1.641E+01  7 1.277E-03 2.836E+00
 8 1.068E-03 4.070E+00  9 7.127E-03 2.741E+00 10 8.550E-06 7.679E+01 11 8.308E-05 1.380E+01 12 4.211E-05 9.509E+00
13 3.382E-06 3.121E+01 14 3.616E-03 9.033E+00 15 5.967E-05 2.844E+01 16 1.530E-03 1.068E+00 17 3.317E-05 3.076E+01
18 1.182E-03 1.322E+01 21 2.437E-02 2.269E+00 22 5.968E-03 5.713E+00 24 3.404E-03 3.279E-01 25 2.694E-04 1.438E+00
26 1.965E-03 7.358E-01 27 1.602E-03 1.134E+00
 39  23
 1 1.206E-05 7.587E+01  3 5.933E-06 5.161E+01  5 1.978E-04 3.654E+01  6 1.106E-04 1.469E+01  7 1.409E-03 2.888E+00
 8 1.165E-03 5.541E+00  9 7.238E-03 2.204E+00 10 2.565E-06 6.335E+01 11 9.089E-05 1.473E+01 12 4.318E-05 1.224E+01
13 4.076E-06 3.913E+01 14 5.333E-03 1.387E+01 15 4.114E-05 2.929E+01 16 1.513E-03 1.307E+00 17 3.870E-05 2.814E+01
18 8.397E-04 1.306E+01 21 2.463E-02 2.792E+00 22 6.721E-03 3.596E+00 23 2.496E-07 1.000E+02 24 3.402E-03 2.974E-01
25 2.362E-04 1.217E+00 26 1.957E-03 7.924E-01 27 1.618E-03 1.194E+00
 40  22
 1 1.640E-07 1.000E+02  3 1.294E-05 5.463E+01  5 1.531E-04 4.926E+01  6 1.119E-04 2.021E+01  7 1.673E-03 1.719E+00
 8 1.341E-03 5.003E+00  9 7.137E-03 2.381E+00 10 5.138E-06 6.414E+01 11 1.129E-04 1.639E+01 12 6.130E-05 8.471E+00
13 2.952E-06 4.479E+01 14 7.076E-03 8.527E+00 15 4.395E-05 3.136E+01 16 1.487E-03 1.253E+00 17 3.096E-05 2.844E+01
18 7.870E-04 1.604E+01 21 2.358E-02 2.171E+00 22 7.969E-03 2.667E+00 24 3.431E-03 3.860E-01 25 2.116E-04 1.989E+00
26 1.960E-03 7.507E-01 27 1.610E-03 1.035E+00
 41  22
 1 6.621E-05 5.479E+01  3 1.452E-05 4.620E+01  5 7.693E-05 5.756E+01  6 1.078E-04 1.630E+01  7 1.902E-03 2.024E+00
 8 1.628E-03 4.411E+00  9 7.463E-03 2.082E+00 10 4.543E-06 6.007E+01 11 1.170E-04 1.301E+01 12 7.568E-05 1.010E+01
13 6.299E-06 2.867E+01 14 6.934E-03 1.170E+01 15 3.593E-05 3.857E+01 16 1.496E-03 1.280E+00 17 4.942E-05 3.427E+01
18 7.160E-04 1.717E+01 21 2.182E-02 2.552E+00 22 7.953E-03 3.689E+00 24 3.467E-03 3.454E-01 25 1.899E-04 2.852E+00
26 1.999E-03 7.906E-01 27 1.688E-03 1.053E+00
 42  21
 3 1.782E-05 4.761E+01  5 1.136E-04 3.783E+01  6 1.280E-04 1.661E+01  7 2.078E-03 2.276E+00  8 1.737E-03 3.205E+00
 9 7.211E-03 2.360E+00 10 2.298E-05 3.351E+01 11 1.376E-04 1.522E+01 12 5.656E-05 1.430E+01 13 6.605E-06 2.647E+01
14 7.581E-03 8.783E+00 15 4.964E-05 3.993E+01 16 1.514E-03 9.678E-01 17 5.123E-05 2.572E+01 18 1.012E-03 8.660E+00
21 2.208E-02 2.468E+00 22 9.270E-03 3.358E+00 24 3.480E-03 3.775E-01 25 1.733E-04 1.998E+00 26 2.019E-03 7.445E-01
27 1.697E-03 1.236E+00
 43  23
 1 6.714E-05 6.973E+01  3 3.883E-06 4.950E+01  5 2.846E-04 2.730E+01  6 1.681E-04 1.434E+01  7 2.228E-03 1.862E+00
 8 2.021E-03 3.524E+00  9 7.229E-03 2.423E+00 10 1.312E-05 4.110E+01 11 1.402E-04 1.223E+01 12 7.098E-05 7.855E+00
13 4.113E-06 4.203E+01 14 8.023E-03 1.001E+01 15 8.876E-05 2.224E+01 16 1.484E-03 1.208E+00 17 8.533E-05 2.385E+01
18 6.313E-04 1.777E+01 21 1.724E-02 2.859E+00 22 1.089E-02 3.612E+00 23 8.441E-08 1.000E+02 24 3.493E-03 2.995E-01
25 1.573E-04 2.559E+00 26 2.067E-03 8.282E-01 27 1.787E-03 1.068E+00
 44  24
 1 1.190E-04 8.271E+01  3 3.435E-06 5.205E+01  5 3.891E-04 3.827E+01  6 2.181E-04 1.575E+01  7 2.497E-03 2.404E+00
 8 2.041E-03 3.959E+00  9 7.234E-03 3.195E+00 10 1.405E-05 3.297E+01 11 1.650E-04 1.203E+01 12 9.530E-05 6.953E+00
13 4.779E-06 3.544E+01 14 7.809E-03 8.411E+00 15 1.021E-04 2.697E+01 16 1.492E-03 1.586E+00 17 6.562E-05 2.569E+01
18 5.556E-04 1.814E+01 19 4.738E-06 1.000E+02 21 1.048E-02 4.194E+00 22 1.196E-02 3.756E+00 23 4.987E-09 1.000E+02
24 3.492E-03 3.345E-01 25 1.409E-04 2.219E+00 26 2.073E-03 8.100E-01 27 1.789E-03 9.899E-01
 45  24
 1 4.131E-05 9.943E+01  3 4.906E-06 3.807E+01  5 4.192E-04 2.705E+01  6 1.927E-04 1.527E+01  7 2.682E-03 1.772E+00
 8 2.352E-03 2.984E+00  9 7.061E-03 2.759E+00 10 6.515E-06 3.557E+01 11 1.763E-04 1.100E+01 12 1.044E-04 8.117E+00
13 1.002E-05 1.919E+01 14 9.258E-03 1.018E+01 15 8.931E-05 2.193E+01 16 1.506E-03 1.277E+00 17 5.568E-05 2.249E+01
18 5.316E-04 1.659E+01 20 7.585E-05 1.000E+02 21 7.973E-03 4.390E+00 22 1.347E-02 2.986E+00 23 3.442E-07 9.834E+01
24 3.508E-03 3.532E-01 25 1.213E-04 1.917E+00 26 2.130E-03 9.637E-01 27 1.839E-03 1.355E+00
 46  23
 1 1.683E-05 7.203E+01  3 1.997E-06 6.175E+01  5 1.677E-04 3.849E+01  6 2.321E-04 1.196E+01  7 3.095E-03 2.043E+00
 8 2.611E-03 4.142E+00  9 7.040E-03 2.197E+00 10 3.260E-06 3.982E+01 11 2.027E-04 1.519E+01 12 1.002E-04 8.663E+00
13 8.148E-06 2.350E+01 14 1.237E-02 7.832E+00 15 1.571E-04 2.390E+01 16 1.479E-03 1.059E+00 17 9.464E-05 1.984E+01
18 5.803E-04 1.929E+01 21 7.378E-03 3.732E+00 22 2.228E-02 2.336E+00 23 2.933E-09 1.000E+02 24 3.496E-03 3.222E-01
25 1.097E-04 2.505E+00 26 2.169E-03 8.087E-01 27 1.917E-03 9.874E-01
 47  23
 1 6.939E-05 4.081E+01  3 1.455E-05 4.389E+01  5 2.392E-04 3.195E+01  6 2.120E-04 1.135E+01  7 3.436E-03 2.066E+00
 8 2.944E-03 2.608E+00  9 6.941E-03 2.379E+00 10 1.257E-05 3.978E+01 11 2.004E-04 8.186E+00 12 1.179E-04 5.383E+00
13 8.693E-06 2.357E+01 14 1.561E-02 6.892E+00 15 1.341E-04 2.077E+01 16 1.508E-03 1.331E+00 17 9.064E-05 1.812E+01
18 4.423E-04 1.536E+01 19 1.635E-06 1.000E+02 21 6.189E-03 4.056E+00 22 3.118E-02 2.255E+00 24 3.516E-03 3.495E-01
25 9.906E-05 2.527E+00 26 2.240E-03 6.808E-01 27 1.967E-03 1.050E+00
 48  24
 1 8.285E-05 6.939E+01  3 1.739E-05 4.139E+01  5 3.991E-04 3.220E+01  6 2.421E-04 9.729E+00  7 3.774E-03 2.039E+00
 8 3.279E-03 3.202E+00  9 6.932E-03 2.320E+00 10 9.518E-06 3.684E+01 11 2.207E-04 9.635E+00 12 1.335E-04 7.423E+00
13 7.765E-06 2.847E+01 14 2.014E-02 7.318E+00 15 1.466E-04 2.422E+01 16 1.499E-03 1.236E+00 17 8.765E-05 1.839E+01
18 3.599E-04 2.497E+01 19 3.782E-06 1.000E+02 21 5.984E-03 3.699E+00 22 3.608E-02 1.560E+00 23 1.994E-07 9.467E+01
24 3.531E-03 3.155E-01 25 9.486E-05 3.435E+00 26 2.313E-03 5.905E-01 27 2.066E-03 6.409E-01
 49  22
 1 1.903E-05 1.000E+02  3 9.535E-07 5.224E+01  5 5.569E-04 2.021E+01  6 2.291E-04 9.312E+00  7 4.137E-03 1.610E+00
 8 4.104E-03 2.857E+00  9 6.392E-03 2.425E+00 10 1.072E-05 2.436E+01 11 2.300E-04 7.100E+00 12 1.370E-04 6.529E+00
13 9.626E-06 2.555E+01 14 2.318E-02 5.766E+00 15 1.011E-04 2.184E+01 16 1.489E-03 9.049E-01 17 1.491E-04 1.902E+01
18 2.966E-04 2.120E+01 21 5.047E-03 4.777E+00 22 3.275E-02 2.276E+00 24 3.569E-03 3.274E-01 25 7.656E-05 2.925E+00
26 3.153E-03 6.143E-01 27 3.195E-03 7.083E-01
 50  23
 1 7.819E-05 8.042E+01  3 1.837E-05 4.397E+01  5 6.161E-04 2.491E+01  6 2.348E-04 1.083E+01  7 4.701E-03 1.424E+00
 8 5.944E-03 2.573E+00  9 6.791E-03 2.732E+00 10 8.154E-06 4.059E+01 11 2.879E-04 9.475E+00 12 1.674E-04 6.326E+00
13 1.151E-05 1.986E+01 14 2.816E-02 4.354E+00 15 1.917E-04 2.261E+01 16 1.474E-03 1.109E+00 17 1.512E-04 1.559E+01
18 2.890E-04 2.329E+01 19 1.499E-06 1.000E+02 21 4.171E-03 4.968E+00 22 2.848E-02 2.090E+00 24 3.598E-03 3.293E-01
25 7.518E-05 2.499E+00 26 3.308E-03 8.025E-01 27 3.392E-03 9.949E-01
 51  23
 1 2.961E-05 7.327E+01  3 8.799E-06 3.746E+01  5 3.860E-04 2.662E+01  6 2.457E-04 1.244E+01  7 5.092E-03 1.380E+00
 8 6.526E-03 2.329E+00  9 6.338E-03 2.252E+00 10 1.359E-05 2.549E+01 11 3.343E-04 9.170E+00 12 1.748E-04 6.852E+00
13 1.183E-05 2.384E+01 14 2.438E-02 6.148E+00 15 1.722E-04 1.708E+01 16 1.483E-03 1.428E+00 17 1.283E-04 1.490E+01
18 2.745E-04 1.436E+01 21 3.846E-03 5.394E+00 22 2.010E-02 2.593E+00 23 1.803E-07 7.140E+01 24 3.601E-03 3.299E-01
25 6.545E-05 3.415E+00 26 3.368E-03 7.288E-01 27 3.442E-03 8.046E-01
 52  23
 1 4.435E-05 4.964E+01  3 8.937E-06 3.378E+01  5 8.308E-04 1.820E+01  6 3.794E-04 8.183E+00  7 5.636E-03 1.275E+00
 8 7.056E-03 2.608E+00  9 6.628E-03 2.633E+00 10 1.442E-05 4.189E+01 11 3.424E-04 7.161E+00 12 2.001E-04 5.192E+00
13 1.513E-05 1.878E+01 14 2.578E-02 5.985E+00 15 1.104E-04 2.136E+01 16 1.485E-03 8.565E-01 17 1.244E-04 1.082E+01
18 2.686E-04 2.489E+01 21 3.038E-03 6.653E+00 22 1.293E-02 1.989E+00 23 2.973E-07 6.016E+01 24 3.610E-03 3.646E-01
25 5.633E-05 3.191E+00 26 3.413E-03 6.796E-01 27 3.506E-03 7.398E-01
 53  24
 1 1.105E-04 4.634E+01  3 1.881E-05 3.428E+01  5 8.217E-04 2.635E+01  6 3.819E-04 1.129E+01  7 6.451E-03 1.302E+00
 8 7.401E-03 2.070E+00  9 6.227E-03 2.628E+00 10 1.922E-05 3.582E+01 11 3.526E-04 1.022E+01 12 1.996E-04 5.458E+00
13 1.169E-05 2.596E+01 14 2.122E-02 6.255E+00 15 2.156E-04 1.347E+01 16 1.476E-03 1.183E+00 17 1.425E-04 1.764E+01
18 2.300E-04 2.540E+01 19 5.366E-06 1.000E+02 21 3.328E-03 6.908E+00 22 1.173E-02 3.726E+00 23 3.918E-08 8.928E+01
24 3.610E-03 2.791E-01 25 5.095E-05 3.988E+00 26 3.406E-03 5.955E-01 27 3.486E-03 7.741E-01
 54  24
 1 6.498E-05 8.664E+01  3 6.996E-06 3.870E+01  5 8.220E-04 2.230E+01  6 4.297E-04 8.235E+00  7 7.334E-03 1.291E+00
 8 8.075E-03 1.800E+00  9 6.221E-03 2.182E+00 10 3.947E-05 3.055E+01 11 5.078E-04 7.280E+00 12 2.413E-04 5.637E+00
13 1.536E-05 2.215E+01 14 1.551E-02 7.557E+00 15 2.310E-04 1.520E+01 16 1.461E-03 1.377E+00 17 1.786E-04 1.603E+01
18 1.242E-04 2.251E+01 19 6.483E-07 1.000E+02 21 2.798E-03 7.007E+00 22 9.402E-03 3.572E+00 23 2.211E-09 6.889E+01
24 3.618E-03 3.141E-01 25 4.329E-05 3.510E+00 26 3.443E-03 8.427E-01 27 3.512E-03 1.082E+00
 55  24
 1 1.565E-04 3.443E+01  3 6.850E-06 4.238E+01  5 1.043E-03 1.914E+01  6 4.389E-04 8.093E+00  7 1.224E-02 8.524E-01
 8 8.118E-03 2.182E+00  9 6.259E-03 2.728E+00 10 2.880E-05 3.598E+01 11 4.834E-04 5.479E+00 12 2.887E-04 4.810E+00
13 1.608E-05 1.918E+01 14 9.537E-03 9.530E+00 15 2.912E-04 1.343E+01 16 1.481E-03 1.555E+00 17 2.357E-04 1.427E+01
18 2.586E-04 2.221E+01 19 1.797E-05 1.000E+02 21 2.463E-03 5.568E+00 22 8.193E-03 3.046E+00 23 8.455E-08 9.463E+01
24 3.625E-03 3.663E-01 25 4.169E-05 3.804E+00 26 3.490E-03 6.956E-01 27 3.581E-03 8.159E-01
 56  23
 1 6.327E-05 5.376E+01  3 1.088E-05 4.522E+01  5 1.069E-03 1.647E+01  6 4.856E-04 1.011E+01  7 1.333E-02 9.838E-01
 8 8.736E-03 1.688E+00  9 6.310E-03 2.774E+00 10 2.452E-05 2.817E+01 11 5.960E-04 8.120E+00 12 3.036E-04 4.129E+00
13 1.780E-05 1.634E+01 14 1.048E-02 7.874E+00 15 2.631E-04 1.677E+01 16 1.476E-03 9.950E-01 17 2.206E-04 1.430E+01
18 1.427E-04 3.098E+01 21 1.992E-03 6.504E+00 22 8.081E-03 3.046E+00 23 2.710E-07 7.003E+01 24 3.625E-03 3.473E-01
25 3.532E-05 4.484E+00 26 3.433E-03 6.135E-01 27 3.487E-03 9.957E-01
 57  24
 1 1.579E-04 3.645E+01  3 2.265E-05 3.090E+01  5 1.237E-03 1.974E+01  6 5.863E-04 7.253E+00  7 1.411E-02 1.061E+00
 8 8.494E-03 2.445E+00  9 6.456E-03 2.371E+00 10 3.852E-05 1.951E+01 11 6.412E-04 6.874E+00 12 3.366E-04 4.504E+00
13 3.305E-05 1.036E+01 14 7.898E-03 8.288E+00 15 2.902E-04 1.350E+01 16 1.471E-03 1.613E+00 17 2.849E-04 1.029E+01
18 1.668E-04 2.736E+01 19 1.692E-05 9.845E+01 21 1.913E-03 8.834E+00 22 7.376E-03 3.822E+00 23 4.375E-09 1.000E+02
24 3.631E-03 3.710E-01 25 3.648E-05 3.408E+00 26 3.467E-03 5.893E-01 27 3.544E-03 6.889E-01
 58  23
 1 1.242E-04 4.752E+01  3 5.497E-06 4.647E+01  5 1.464E-03 2.198E+01  6 5.673E-04 8.074E+00  7 1.466E-02 1.149E+00
 8 9.244E-03 1.456E+00  9 6.209E-03 3.083E+00 10 2.434E-05 2.319E+01 11 7.629E-04 5.102E+00 12 3.895E-04 4.211E+00
13 2.917E-05 1.281E+01 14 6.496E-03 1.050E+01 15 3.926E-04 2.023E+01 16 1.482E-03 8.505E-01 17 3.231E-04 1.153E+01
18 7.909E-05 2.893E+01 21 1.269E-03 8.714E+00 22 6.506E-03 4.369E+00 23 2.261E-07 9.815E+01 24 3.627E-03 3.726E-01
25 2.914E-05 4.854E+00 26 3.447E-03 6.578E-01 27 3.502E-03 8.965E-01
 59  23
 1 6.625E-05 6.880E+01  3 1.017E-05 4.679E+01  5 1.370E-03 1.351E+01  6 7.124E-04 7.333E+00  7 1.501E-02 1.080E+00
 8 9.363E-03 2.205E+00  9 6.063E-03 3.240E+00 10 4.110E-05 1.874E+01 11 8.437E-04 7.130E+00 12 4.425E-04 3.978E+00
13 2.883E-05 1.370E+01 14 7.258E-03 8.480E+00 15 4.257E-04 1.499E+01 16 1.479E-03 1.188E+00 17 2.950E-04 1.221E+01
18 1.244E-04 3.899E+01 21 1.747E-03 8.797E+00 22 5.853E-03 4.012E+00 23 1.910E-07 8.350E+01 24 3.632E-03 3.680E-01
25 2.551E-05 4.374E+00 26 3.457E-03 6.742E-01 27 3.515E-03 7.682E-01
 60  26
 1 1.144E-04 5.270E+01  2 1.308E-09 1.000E+02  3 1.335E-05 2.188E+01  5 1.757E-03 1.366E+01  6 7.214E-04 5.701E+00
 7 1.546E-02 8.982E-01  8 9.631E-03 2.199E+00  9 6.039E-03 2.865E+00 10 5.229E-05 1.723E+01 11 9.125E-04 6.194E+00
12 5.139E-04 4.341E+00 13 3.156E-05 1.142E+01 14 4.076E-03 1.007E+01 15 4.408E-04 1.183E+01 16 1.450E-03 1.189E+00
17 3.235E-04 1.206E+01 18 5.653E-05 3.446E+01 19 7.789E-06 1.000E+02 20 2.285E-06 1.000E+02 21 1.409E-03 8.431E+00
22 5.283E-03 4.798E+00 23 7.091E-08 5.798E+01 24 3.647E-03 3.272E-01 25 2.389E-05 6.885E+00 26 3.439E-03 7.378E-01
27 3.458E-03 9.396E-01
 61  23
 1 1.450E-04 3.050E+01  3 1.458E-05 4.353E+01  5 1.701E-03 1.305E+01  6 9.062E-04 6.529E+00  7 1.541E-02 7.980E-01
 8 9.783E-03 1.529E+00  9 6.123E-03 3.053E+00 10 7.303E-05 1.990E+01 11 1.003E-03 5.499E+00 12 5.549E-04 3.166E+00
13 3.137E-05 1.482E+01 14 5.241E-03 1.268E+01 15 3.768E-04 1.197E+01 16 1.452E-03 1.150E+00 17 4.328E-04 8.745E+00
18 6.487E-05 3.682E+01 21 1.277E-03 8.612E+00 22 4.968E-03 3.295E+00 23 3.046E-07 9.545E+01 24 3.647E-03 3.499E-01
25 2.013E-05 7.586E+00 26 3.420E-03 6.611E-01 27 3.427E-03 9.134E-01
 62  24
 1 1.662E-04 5.826E+01  3 2.868E-05 3.782E+01  5 1.647E-03 1.168E+01  6 1.041E-03 6.513E+00  7 1.538E-02 8.360E-01
 8 9.946E-03 2.056E+00  9 5.823E-03 2.796E+00 10 5.742E-05 1.614E+01 11 1.085E-03 5.736E+00 12 5.990E-04 2.455E+00
13 4.213E-05 1.413E+01 14 4.794E-03 1.303E+01 15 4.243E-04 7.994E+00 16 1.474E-03 1.115E+00 17 4.476E-04 7.685E+00
18 6.933E-05 5.006E+01 19 1.342E-05 6.911E+01 21 1.028E-03 9.796E+00 22 4.137E-03 5.857E+00 23 7.847E-07 5.168E+01
24 3.613E-03 3.229E-01 25 1.734E-05 7.544E+00 26 3.331E-03 8.679E-01 27 3.335E-03 9.989E-01
 63  23
 1 2.285E-04 3.339E+01  3 2.807E-05 2.985E+01  5 2.033E-03 1.269E+01  6 1.074E-03 6.685E+00  7 1.565E-02 8.430E-01
 8 1.081E-02 1.573E+00  9 6.039E-03 2.618E+00 10 7.715E-05 1.453E+01 11 1.227E-03 4.268E+00 12 7.164E-04 3.202E+00
13 4.519E-05 9.118E+00 14 4.428E-03 9.506E+00 15 4.932E-04 1.082E+01 16 1.483E-03 1.369E+00 17 5.923E-04 9.103E+00
18 2.439E-05 7.223E+01 21 7.346E-04 1.032E+01 22 4.144E-03 3.778E+00 23 4.272E-07 5.902E+01 24 3.640E-03 3.629E-01
25 1.733E-05 4.465E+00 26 3.329E-03 5.873E-01 27 3.280E-03 7.275E-01
 64  24
 1 2.986E-04 4.137E+01  3 2.888E-05 2.608E+01  5 2.736E-03 1.077E+01  6 1.197E-03 4.802E+00  7 1.568E-02 7.631E-01
 8 1.078E-02 1.942E+00  9 5.476E-03 4.050E+00 10 5.347E-05 2.093E+01 11 1.472E-03 4.271E+00 12 7.564E-04 3.650E+00
13 5.685E-05 1.213E+01 14 3.432E-03 1.210E+01 15 5.751E-04 1.317E+01 16 1.461E-03 1.384E+00 17 6.145E-04 9.632E+00
18 7.149E-05 4.143E+01 19 1.106E-05 9.773E+01 21 1.004E-03 8.671E+00 22 3.246E-03 6.120E+00 23 1.702E-07 8.784E+01
24 3.615E-03 3.649E-01 25 1.532E-05 4.913E+00 26 3.160E-03 8.749E-01 27 3.085E-03 9.242E-01
 65  24
 1 3.203E-04 2.716E+01  3 3.073E-05 2.240E+01  5 2.055E-03 1.014E+01  6 1.353E-03 4.905E+00  7 1.640E-02 9.036E-01
 8 1.146E-02 1.630E+00  9 5.682E-03 2.261E+00 10 7.742E-05 1.937E+01 11 1.664E-03 2.753E+00 12 8.657E-04 2.458E+00
13 5.544E-05 1.122E+01 14 3.274E-03 1.394E+01 15 6.878E-04 9.137E+00 16 1.467E-03 1.059E+00 17 6.437E-04 8.477E+00
18 8.242E-05 4.247E+01 19 1.176E-06 6.959E+01 21 8.521E-04 1.201E+01 22 3.034E-03 6.215E+00 23 1.376E-07 9.397E+01
24 3.553E-03 3.636E-01 25 1.821E-05 6.573E+00 26 2.326E-03 7.217E-01 27 1.878E-03 1.234E+00
 66  24
 1 3.076E-04 2.846E+01  3 2.836E-05 2.550E+01  5 2.878E-03 1.020E+01  6 1.641E-03 5.100E+00  7 1.619E-02 1.219E+00
 8 1.255E-02 1.616E+00  9 5.315E-03 3.249E+00 10 9.454E-05 1.396E+01 11 2.053E-03 3.976E+00 12 9.934E-04 2.488E+00
13 7.244E-05 9.694E+00 14 3.965E-03 1.174E+01 15 7.741E-04 7.856E+00 16 1.454E-03 1.457E+00 17 8.421E-04 9.776E+00
18 2.465E-05 7.111E+01 19 1.589E-05 9.559E+01 21 8.051E-04 1.373E+01 22 2.944E-03 5.788E+00 23 5.132E-07 8.507E+01
24 3.578E-03 3.585E-01 25 1.222E-05 8.179E+00 26 2.218E-03 5.586E-01 27 1.742E-03 9.534E-01
 67  25
 1 3.428E-04 2.445E+01  3 1.927E-05 4.500E+01  5 3.998E-03 1.372E+01  6 1.992E-03 4.140E+00  7 1.586E-02 1.148E+00
 8 1.328E-02 1.824E+00  9 5.434E-03 3.602E+00 10 1.002E-04 1.131E+01 11 2.150E-03 3.448E+00 12 1.141E-03 3.211E+00
13 6.862E-05 1.213E+01 14 3.045E-03 1.181E+01 15 8.531E-04 8.185E+00 16 1.491E-03 1.120E+00 17 8.266E-04 7.618E+00
18 1.105E-05 7.303E+01 19 6.035E-05 9.601E+01 20 1.610E-06 1.000E+02 21 6.607E-04 1.200E+01 22 2.422E-03 4.093E+00
23 1.434E-07 4.295E+01 24 3.568E-03 3.256E-01 25 1.075E-05 9.649E+00 26 2.163E-03 7.471E-01 27 1.669E-03 1.043E+00
 68  24
 1 3.196E-04 2.136E+01  3 4.346E-05 2.585E+01  5 3.017E-03 1.124E+01  6 1.886E-03 4.036E+00  7 1.540E-02 8.975E-01
 8 1.373E-02 1.986E+00  9 4.871E-03 2.449E+00 10 1.040E-04 9.827E+00 11 2.510E-03 3.348E+00 12 1.187E-03 1.866E+00
13 7.137E-05 9.283E+00 14 2.392E-03 1.528E+01 15 9.799E-04 9.780E+00 16 1.501E-03 1.256E+00 17 1.066E-03 5.483E+00
18 4.177E-05 3.740E+01 19 2.064E-06 6.886E+01 21 5.602E-04 1.641E+01 22 2.295E-03 7.182E+00 23 9.675E-10 1.000E+02
24 3.545E-03 4.006E-01 25 9.363E-06 9.538E+00 26 2.081E-03 1.146E+00 27 1.566E-03 1.675E+00
 69  25
 1 6.523E-04 2.054E+01  2 2.932E-08 1.000E+02  3 2.603E-05 2.081E+01  5 5.069E-03 8.953E+00  6 2.345E-03 3.551E+00
 7 1.403E-02 8.762E-01  8 2.254E-02 1.294E+00  9 2.984E-03 3.938E+00 10 9.672E-05 1.590E+01 11 2.909E-03 2.739E+00
12 1.447E-03 1.613E+00 13 7.622E-05 9.438E+00 14 2.372E-03 1.583E+01 15 1.252E-03 6.852E+00 16 1.498E-03 1.052E+00
17 1.083E-03 6.788E+00 18 4.225E-05 5.856E+01 19 2.073E-05 1.000E+02 21 6.944E-04 1.005E+01 22 2.074E-03 7.512E+00
23 1.054E-06 6.960E+01 24 3.555E-03 3.234E-01 25 8.664E-06 8.279E+00 26 2.066E-03 9.550E-01 27 1.521E-03 1.302E+00
 70  25
 1 4.250E-04 2.520E+01  3 3.906E-05 2.161E+01  5 4.619E-03 1.056E+01  6 2.498E-03 4.148E+00  7 1.212E-02 9.904E-01
 8 2.101E-02 1.358E+00  9 2.472E-03 3.904E+00 10 1.463E-04 1.363E+01 11 3.112E-03 2.758E+00 12 1.617E-03 1.757E+00
13 1.082E-04 8.999E+00 14 2.091E-03 1.772E+01 15 1.209E-03 6.868E+00 16 1.496E-03 8.388E-01 17 1.114E-03 6.948E+00
18 1.594E-05 4.452E+01 19 1.091E-05 6.930E+01 20 2.820E-05 1.000E+02 21 5.174E-04 1.425E+01 22 2.160E-03 6.395E+00
23 1.311E-06 4.685E+01 24 3.565E-03 3.594E-01 25 8.782E-06 8.519E+00 26 2.048E-03 8.647E-01 27 1.480E-03 1.315E+00
 71  25
 1 6.322E-04 2.535E+01  3 5.340E-05 1.920E+01  5 5.330E-03 7.566E+00  6 3.018E-03 3.670E+00  7 1.078E-02 1.101E+00
 8 1.740E-02 1.757E+00  9 2.163E-03 4.713E+00 10 1.717E-04 9.178E+00 11 3.497E-03 2.989E+00 12 1.831E-03 1.993E+00
13 9.444E-05 6.980E+00 14 1.235E-03 1.430E+01 15 1.292E-03 8.096E+00 16 1.468E-03 1.027E+00 17 1.475E-03 6.353E+00
18 5.638E-05 3.793E+01 19 8.139E-06 1.000E+02 20 2.213E-07 1.000E+02 21 4.338E-04 1.332E+01 22 1.791E-03 7.589E+00
23 4.381E-07 4.608E+01 24 3.580E-03 3.134E-01 25 8.101E-06 1.037E+01 26 2.032E-03 6.506E-01 27 1.435E-03 9.987E-01
 72  24
 1 6.344E-04 1.858E+01  3 5.489E-05 1.822E+01  5 6.131E-03 6.294E+00  6 3.168E-03 3.577E+00  7 1.012E-02 1.016E+00
 8 1.723E-02 1.607E+00  9 2.041E-03 4.515E+00 10 1.545E-04 1.174E+01 11 3.977E-03 3.168E+00 12 2.033E-03 1.448E+00
13 1.273E-04 5.563E+00 14 1.280E-03 1.969E+01 15 1.672E-03 8.523E+00 16 1.476E-03 1.017E+00 17 1.502E-03 5.349E+00
18 1.349E-05 7.434E+01 19 5.892E-05 6.894E+01 21 4.576E-04 1.708E+01 22 1.618E-03 7.164E+00 23 9.782E-07 4.308E+01
24 3.544E-03 4.066E-01 25 7.880E-06 1.239E+01 26 2.017E-03 9.034E-01 27 1.423E-03 1.117E+00
 73  23
 1 6.318E-04 1.769E+01  3 2.859E-05 1.828E+01  5 6.747E-03 1.062E+01  6 3.574E-03 2.408E+00  7 1.005E-02 1.048E+00
 8 2.002E-02 1.367E+00  9 1.753E-03 5.237E+00 10 1.755E-04 1.131E+01 11 4.884E-03 2.368E+00 12 2.366E-03 1.469E+00
13 1.430E-04 5.925E+00 14 1.364E-03 1.718E+01 15 1.768E-03 5.911E+00 16 1.517E-03 1.326E+00 17 1.711E-03 5.234E+00
18 6.086E-06 5.693E+01 21 3.011E-04 1.366E+01 22 1.492E-03 1.090E+01 23 1.374E-06 4.408E+01 24 3.568E-03 3.940E-01
25 7.672E-06 1.191E+01 26 2.009E-03 1.267E+00 27 1.408E-03 1.849E+00
 74  25
 1 6.552E-04 1.503E+01  3 6.071E-05 1.258E+01  5 8.507E-03 6.550E+00  6 4.097E-03 3.623E+00  7 1.084E-02 1.071E+00
 8 2.117E-02 1.461E+00  9 1.549E-03 6.255E+00 10 1.881E-04 1.327E+01 11 5.361E-03 2.142E+00 12 2.707E-03 1.891E+00
13 1.580E-04 5.377E+00 14 1.355E-03 1.671E+01 15 1.952E-03 5.538E+00 16 1.490E-03 9.867E-01 17 1.975E-03 4.998E+00
18 1.475E-05 5.460E+01 19 6.124E-05 4.567E+01 20 1.592E-05 1.000E+02 21 3.848E-04 1.986E+01 22 1.190E-03 9.522E+00
23 7.984E-07 5.739E+01 24 3.571E-03 3.142E-01 25 3.920E-06 1.281E+01 26 1.995E-03 9.107E-01 27 1.376E-03 1.041E+00
 75  25
 1 8.192E-04 1.987E+01  3 8.456E-05 1.492E+01  5 8.854E-03 6.846E+00  6 5.524E-03 3.112E+00  7 6.346E-03 1.276E+00
 8 9.500E-03 2.348E+00  9 1.361E-03 4.648E+00 10 1.731E-04 8.853E+00 11 7.639E-03 1.829E+00 12 4.151E-03 1.174E+00
13 1.638E-04 6.591E+00 14 1.627E-03 1.412E+01 15 2.015E-03 4.813E+00 16 1.502E-03 1.155E+00 17 2.043E-03 5.580E+00
18 1.814E-05 6.036E+01 19 8.423E-05 4.654E+01 20 5.935E-06 1.000E+02 21 4.005E-04 1.746E+01 22 1.056E-03 7.951E+00
23 1.615E-06 5.817E+01 24 3.549E-03 3.077E-01 25 5.238E-06 1.188E+01 26 1.979E-03 1.187E+00 27 1.331E-03 1.427E+00
 76  25
 1 9.561E-04 2.062E+01  2 8.648E-08 8.665E+01  3 7.763E-05 1.631E+01  5 1.056E-02 6.571E+00  6 7.516E-03 2.291E+00
 7 5.800E-03 9.157E-01  8 8.218E-03 1.968E+00  9 1.213E-03 5.119E+00 10 2.183E-04 1.298E+01 11 1.037E-02 2.022E+00
12 4.667E-03 1.099E+00 13 1.956E-04 5.055E+00 14 1.468E-03 2.027E+01 15 2.287E-03 5.914E+00 16 1.483E-03 1.306E+00
17 2.341E-03 4.213E+00 18 9.840E-06 7.729E+01 19 4.112E-05 5.653E+01 21 2.847E-04 1.782E+01 22 1.095E-03 7.468E+00
23 2.218E-06 3.095E+01 24 3.567E-03 3.587E-01 25 4.598E-06 8.206E+00 26 1.964E-03 1.106E+00 27 1.311E-03 1.408E+00
 77  26
 1 1.287E-03 1.402E+01  2 3.652E-08 1.000E+02  3 5.785E-05 1.397E+01  5 1.879E-02 5.563E+00  6 8.327E-03 1.740E+00
 7 4.946E-03 1.619E+00  8 7.265E-03 2.100E+00  9 1.068E-03 7.120E+00 10 2.488E-04 1.053E+01 11 1.293E-02 1.321E+00
12 5.179E-03 1.034E+00 13 1.898E-04 5.070E+00 14 1.069E-03 2.402E+01 15 2.651E-03 4.767E+00 16 1.481E-03 1.224E+00
17 2.691E-03 4.472E+00 18 5.159E-05 5.490E+01 19 4.162E-05 7.450E+01 20 1.182E-07 1.000E+02 21 3.171E-04 1.291E+01
22 8.866E-04 1.120E+01 23 3.282E-06 2.604E+01 24 3.556E-03 3.511E-01 25 4.496E-06 1.095E+01 26 1.982E-03 1.252E+00
27 1.320E-03 1.508E+00
 78  24
 1 1.206E-03 1.696E+01  3 8.386E-05 1.918E+01  5 1.904E-02 6.891E+00  6 9.203E-03 1.949E+00  7 4.412E-03 1.588E+00
 8 6.202E-03 1.707E+00  9 8.824E-04 5.548E+00 10 3.185E-04 1.051E+01 11 1.604E-02 1.279E+00 12 5.720E-03 9.538E-01
13 2.284E-04 5.249E+00 14 7.993E-04 2.725E+01 15 2.782E-03 6.092E+00 16 1.512E-03 1.161E+00 17 3.002E-03 3.321E+00
18 1.789E-06 9.064E+01 19 4.317E-05 5.244E+01 21 2.408E-04 1.983E+01 22 9.617E-04 1.148E+01 23 6.692E-07 3.974E+01
24 3.554E-03 3.237E-01 25 4.054E-06 1.273E+01 26 1.966E-03 1.005E+00 27 1.297E-03 1.540E+00
 79  24
 1 1.542E-03 1.493E+01  3 1.046E-04 1.559E+01  5 2.044E-02 5.715E+00  6 9.989E-03 1.736E+00  7 4.051E-03 1.181E+00
 8 5.821E-03 2.170E+00  9 7.399E-04 6.265E+00 10 3.086E-04 9.714E+00 11 1.779E-02 1.125E+00 12 6.333E-03 1.085E+00
13 2.550E-04 5.538E+00 14 5.265E-04 2.730E+01 15 3.023E-03 4.962E+00 16 1.517E-03 1.059E+00 17 3.278E-03 3.533E+00
18 1.524E-05 5.847E+01 19 1.070E-04 7.125E+01 21 2.855E-04 1.646E+01 22 8.105E-04 9.713E+00 23 3.314E-06 2.684E+01
24 3.567E-03 4.027E-01 25 3.530E-06 1.724E+01 26 1.959E-03 9.532E-01 27 1.249E-03 1.416E+00
 80  26
 1 1.470E-03 1.615E+01  2 1.183E-07 1.000E+02  3 9.863E-05 2.099E+01  5 2.138E-02 5.433E+00  6 1.098E-02 2.244E+00
 7 3.608E-03 1.928E+00  8 5.138E-03 2.546E+00  9 7.490E-04 6.601E+00 10 3.916E-04 9.236E+00 11 1.923E-02 1.710E+00
12 6.841E-03 1.019E+00 13 2.483E-04 5.180E+00 14 7.685E-04 2.855E+01 15 3.289E-03 4.439E+00 16 1.468E-03 1.214E+00
17 3.768E-03 3.673E+00 18 7.021E-06 7.752E+01 19 1.240E-04 4.852E+01 20 8.705E-06 1.000E+02 21 1.591E-04 2.118E+01
22 5.644E-04 1.170E+01 23 9.090E-07 3.153E+01 24 3.564E-03 3.964E-01 25 2.794E-06 1.474E+01 26 2.000E-03 1.221E+00
27 1.286E-03 1.724E+00
 81  24
 1 2.225E-03 1.240E+01  2 3.989E-08 1.000E+02  3 1.259E-04 1.368E+01  5 2.080E-02 5.830E+00  6 1.194E-02 2.219E+00
 7 3.143E-03 1.893E+00  8 4.433E-03 2.795E+00  9 7.460E-04 6.697E+00 10 3.481E-04 9.540E+00 11 2.206E-02 1.236E+00
12 7.267E-03 8.745E-01 13 2.868E-04 3.920E+00 14 7.182E-04 2.159E+01 15 3.690E-03 4.803E+00 16 1.465E-03 1.022E+00
17 4.227E-03 2.912E+00 19 1.349E-05 6.534E+01 21 1.209E-04 3.031E+01 22 6.485E-04 1.134E+01 23 2.871E-06 3.128E+01
24 3.572E-03 3.393E-01 25 3.935E-06 1.446E+01 26 2.030E-03 8.506E-01 27 1.284E-03 1.111E+00
 82  25
 1 2.583E-03 1.256E+01  2 1.304E-06 1.000E+02  3 1.285E-04 1.162E+01  5 2.002E-02 4.456E+00  6 1.282E-02 1.816E+00
 7 2.885E-03 1.925E+00  8 4.211E-03 3.018E+00  9 6.174E-04 7.194E+00 10 4.098E-04 7.937E+00 11 2.243E-02 1.215E+00
12 7.790E-03 1.130E+00 13 3.359E-04 4.497E+00 14 5.700E-04 2.354E+01 15 4.260E-03 4.097E+00 16 1.490E-03 1.148E+00
17 5.052E-03 3.685E+00 18 2.534E-05 9.654E+01 19 1.700E-04 6.334E+01 21 1.325E-04 4.630E+01 22 4.411E-04 1.510E+01
23 2.748E-06 2.821E+01 24 3.583E-03 3.429E-01 25 2.494E-06 1.484E+01 26 2.059E-03 1.032E+00 27 1.284E-03 1.197E+00
 83  25
 1 2.374E-03 1.648E+01  2 7.297E-09 1.000E+02  3 1.483E-04 1.339E+01  5 1.867E-02 3.692E+00  6 1.349E-02 1.896E+00
 7 2.499E-03 1.816E+00  8 3.558E-03 3.012E+00  9 5.912E-04 6.509E+00 10 5.350E-04 7.265E+00 11 2.330E-02 1.219E+00
12 8.358E-03 1.205E+00 13 3.700E-04 4.690E+00 14 7.464E-04 2.726E+01 15 4.558E-03 3.613E+00 16 1.488E-03 1.045E+00
17 6.365E-03 2.581E+00 19 1.242E-05 4.975E+01 20 1.219E-06 1.000E+02 21 1.632E-04 2.878E+01 22 5.340E-04 1.096E+01
23 3.672E-06 2.704E+01 24 3.577E-03 3.243E-01 25 2.675E-06 1.569E+01 26 2.057E-03 8.824E-01 27 1.271E-03 1.553E+00
 84  25
 1 2.005E-03 1.095E+01  2 9.115E-07 9.969E+01  3 1.788E-04 1.477E+01  5 2.033E-02 4.611E+00  6 1.360E-02 1.817E+00
 7 2.239E-03 2.159E+00  8 3.053E-03 3.409E+00  9 5.072E-04 8.032E+00 10 5.419E-04 3.686E+00 11 2.402E-02 1.341E+00
12 8.807E-03 1.172E+00 13 4.139E-04 3.934E+00 14 5.161E-04 3.415E+01 15 5.090E-03 4.123E+00 16 1.491E-03 1.088E+00
17 8.025E-03 2.194E+00 18 2.997E-06 1.000E+02 19 5.259E-05 5.377E+01 21 1.222E-04 2.325E+01 22 3.131E-04 1.585E+01
23 2.811E-06 4.171E+01 24 3.567E-03 3.891E-01 25 2.379E-06 1.827E+01 26 2.069E-03 9.327E-01 27 1.270E-03 1.238E+00
 85  24
 1 2.887E-03 1.091E+01  3 1.431E-04 1.221E+01  5 1.846E-02 6.751E+00  6 1.419E-02 2.005E+00  7 2.064E-03 1.481E+00
 8 2.909E-03 2.769E+00  9 4.867E-04 8.764E+00 10 6.636E-04 4.102E+00 11 2.367E-02 8.665E-01 12 9.325E-03 8.327E-01
13 4.801E-04 3.790E+00 14 2.646E-04 3.100E+01 15 5.856E-03 3.208E+00 16 1.503E-03 1.013E+00 17 9.540E-03 2.393E+00
18 2.213E-05 6.006E+01 19 1.039E-04 4.271E+01 21 1.369E-04 2.378E+01 22 4.098E-04 1.392E+01 23 3.692E-06 2.619E+01
24 3.582E-03 2.973E-01 25 2.018E-06 1.806E+01 26 2.093E-03 7.714E-01 27 1.270E-03 1.453E+00
 86  25
 1 2.587E-03 1.069E+01  2 2.373E-09 1.000E+02  3 1.749E-04 1.081E+01  5 1.838E-02 6.230E+00  6 1.448E-02 1.173E+00
 7 1.884E-03 1.900E+00  8 2.578E-03 3.557E+00  9 4.579E-04 9.364E+00 10 6.596E-04 4.446E+00 11 2.473E-02 1.248E+00
12 9.901E-03 1.026E+00 13 4.719E-04 3.180E+00 14 4.310E-04 2.525E+01 15 6.381E-03 5.025E+00 16 1.468E-03 1.041E+00
17 1.170E-02 1.828E+00 19 1.061E-04 5.105E+01 20 5.113E-06 9.728E+01 21 1.003E-04 2.984E+01 22 3.643E-04 1.664E+01
23 5.745E-06 2.777E+01 24 3.599E-03 3.248E-01 25 1.283E-06 2.182E+01 26 2.133E-03 9.548E-01 27 1.290E-03 1.493E+00
 87  26
 1 3.591E-03 1.063E+01  2 9.218E-09 1.000E+02  3 1.863E-04 1.284E+01  5 1.555E-02 5.440E+00  6 1.475E-02 1.440E+00
 7 1.623E-03 2.805E+00  8 2.337E-03 3.885E+00  9 3.150E-04 1.140E+01 10 7.455E-04 7.148E+00 11 2.379E-02 1.501E+00
12 1.040E-02 8.077E-01 13 6.090E-04 3.603E+00 14 2.842E-04 3.414E+01 15 7.103E-03 3.240E+00 16 1.469E-03 1.148E+00
17 1.313E-02 1.807E+00 18 1.027E-07 1.000E+02 19 1.170E-04 3.569E+01 20 1.416E-05 1.000E+02 21 9.745E-05 3.241E+01
22 2.769E-04 1.660E+01 23 3.999E-06 2.518E+01 24 3.595E-03 3.354E-01 25 1.795E-06 2.289E+01 26 2.204E-03 9.298E-01
27 1.318E-03 1.221E+00
 88  25
 1 3.860E-03 9.183E+00  3 1.736E-04 1.187E+01  5 1.475E-02 7.849E+00  6 1.499E-02 2.169E+00  7 1.509E-03 2.086E+00
 8 2.000E-03 2.713E+00  9 4.086E-04 6.957E+00 10 7.110E-04 6.254E+00 11 2.334E-02 1.623E+00 12 1.079E-02 7.811E-01
13 6.151E-04 2.588E+00 14 6.057E-04 4.643E+01 15 8.799E-03 2.481E+00 16 1.460E-03 1.020E+00 17 1.410E-02 2.697E+00
18 3.240E-06 9.817E+01 19 1.002E-04 3.758E+01 20 2.150E-05 9.667E+01 21 6.677E-05 4.701E+01 22 3.583E-04 2.078E+01
23 4.092E-06 2.128E+01 24 3.573E-03 3.480E-01 25 1.257E-06 2.348E+01 26 2.210E-03 7.461E-01 27 1.273E-03 1.142E+00
 89  26
 1 5.087E-03 1.053E+01  2 2.880E-06 7.094E+01  3 2.377E-04 9.005E+00  5 1.375E-02 6.961E+00  6 1.531E-02 1.929E+00
 7 1.393E-03 3.018E+00  8 1.826E-03 5.093E+00  9 3.143E-04 9.193E+00 10 9.379E-04 3.427E+00 11 2.297E-02 9.212E-01
12 1.125E-02 8.681E-01 13 6.846E-04 2.541E+00 14 3.821E-04 4.456E+01 15 1.070E-02 3.218E+00 16 1.458E-03 1.631E+00
17 1.509E-02 2.037E+00 18 1.027E-05 1.000E+02 19 1.369E-04 4.161E+01 20 1.250E-06 1.000E+02 21 5.108E-05 2.512E+01
22 2.436E-04 1.732E+01 23 5.839E-06 2.115E+01 24 3.619E-03 3.112E-01 25 1.601E-06 1.907E+01 26 2.347E-03 7.596E-01
27 1.362E-03 9.320E-01
 90  24
 1 4.595E-03 6.515E+00  2 1.032E-06 8.102E+01  3 1.893E-04 1.095E+01  5 1.148E-02 7.268E+00  6 1.586E-02 1.286E+00
 7 1.239E-03 2.895E+00  8 1.722E-03 3.889E+00  9 3.061E-04 9.169E+00 10 9.916E-04 3.954E+00 11 2.096E-02 1.425E+00
12 1.176E-02 7.968E-01 13 7.915E-04 2.845E+00 14 3.783E-04 3.253E+01 15 1.265E-02 2.558E+00 16 1.496E-03 1.157E+00
17 1.684E-02 1.866E+00 19 7.276E-05 5.837E+01 21 4.492E-05 3.178E+01 22 3.269E-04 2.679E+01 23 6.301E-06 1.457E+01
24 3.620E-03 3.395E-01 25 9.210E-07 2.177E+01 26 2.435E-03 6.140E-01 27 1.365E-03 1.024E+00
 91  26
 1 6.103E-03 8.245E+00  2 1.996E-06 9.460E+01  3 1.853E-04 8.799E+00  5 1.106E-02 7.459E+00  6 1.413E-02 1.328E+00
 7 1.001E-03 2.979E+00  8 1.439E-03 5.060E+00  9 2.185E-04 1.349E+01 10 1.041E-03 4.773E+00 11 1.820E-02 1.198E+00
12 1.137E-02 7.824E-01 13 8.204E-04 3.751E+00 14 1.264E-04 4.405E+01 15 1.251E-02 2.324E+00 16 1.456E-03 1.111E+00
17 1.620E-02 2.236E+00 18 3.969E-06 1.000E+02 19 1.414E-04 2.898E+01 20 1.030E-05 8.282E+01 21 4.267E-05 3.669E+01
22 1.859E-04 1.834E+01 23 5.038E-06 2.266E+01 24 3.680E-03 3.114E-01 25 9.417E-07 2.872E+01 26 3.836E-03 4.344E-01
27 2.169E-03 6.452E-01
 92  26
 1 5.655E-03 5.635E+00  2 4.320E-07 1.000E+02  3 2.923E-04 8.473E+00  5 9.579E-03 6.721E+00  6 1.399E-02 1.406E+00
 7 9.569E-04 2.954E+00  8 1.278E-03 4.140E+00  9 2.331E-04 8.816E+00 10 1.296E-03 4.294E+00 11 1.628E-02 1.574E+00
12 1.160E-02 8.487E-01 13 9.700E-04 2.994E+00 14 2.060E-04 5.150E+01 15 1.393E-02 2.149E+00 16 1.451E-03 1.282E+00
17 1.676E-02 1.408E+00 18 6.919E-06 7.123E+01 19 2.065E-04 3.334E+01 20 1.317E-04 5.398E+01 21 1.350E-05 4.411E+01
22 1.382E-04 2.474E+01 23 7.160E-06 1.410E+01 24 3.711E-03 3.587E-01 25 1.094E-06 2.320E+01 26 4.306E-03 5.699E-01
27 2.422E-03 6.546E-01
 93  25
 1 7.383E-03 1.120E+01  2 3.572E-06 9.032E+01  3 2.847E-04 9.401E+00  5 7.947E-03 9.379E+00  6 1.343E-02 1.663E+00
 7 8.021E-04 3.629E+00  8 1.112E-03 4.680E+00  9 1.721E-04 1.310E+01 10 1.421E-03 3.644E+00 11 1.400E-02 1.442E+00
12 1.176E-02 7.754E-01 13 9.741E-04 3.307E+00 14 1.232E-04 5.483E+01 15 1.519E-02 2.399E+00 16 1.455E-03 1.196E+00
17 1.698E-02 2.144E+00 19 1.602E-04 3.414E+01 20 5.674E-07 1.000E+02 21 5.864E-05 4.656E+01 22 1.541E-04 2.160E+01
23 7.480E-06 2.267E+01 24 3.691E-03 3.274E-01 25 6.810E-07 2.457E+01 26 4.312E-03 5.186E-01 27 2.427E-03 8.544E-01
 94  25
 1 8.459E-03 6.500E+00  2 2.034E-06 5.541E+01  3 2.721E-04 8.363E+00  5 8.986E-03 7.891E+00  6 1.439E-02 1.735E+00
 7 7.805E-04 2.602E+00  8 1.152E-03 4.689E+00  9 1.408E-04 1.269E+01 10 1.518E-03 3.783E+00 11 1.320E-02 2.004E+00
12 1.367E-02 6.880E-01 13 1.205E-03 2.648E+00 14 1.759E-04 5.419E+01 15 1.690E-02 2.364E+00 16 1.458E-03 1.275E+00
17 1.912E-02 1.911E+00 19 1.623E-04 2.638E+01 20 3.955E-06 6.608E+01 21 2.208E-05 5.300E+01 22 1.770E-04 2.749E+01
23 8.794E-06 1.623E+01 24 3.663E-03 3.251E-01 25 6.185E-07 2.901E+01 26 2.709E-03 7.891E-01 27 1.323E-03 1.286E+00
 95  26
 1 1.229E-02 5.902E+00  2 2.837E-07 5.840E+01  3 3.347E-04 8.865E+00  5 6.573E-03 8.889E+00  6 1.473E-02 1.624E+00
 7 6.827E-04 3.712E+00  8 9.532E-04 5.935E+00  9 1.606E-04 1.223E+01 10 1.841E-03 4.007E+00 11 1.032E-02 1.542E+00
12 1.395E-02 8.043E-01 13 1.359E-03 2.350E+00 14 4.950E-04 4.200E+01 15 2.637E-02 2.024E+00 16 1.476E-03 1.071E+00
17 1.902E-02 1.766E+00 18 1.098E-05 9.879E+01 19 4.357E-04 4.140E+01 20 7.114E-06 9.376E+01 21 4.568E-05 5.265E+01
22 1.462E-04 2.845E+01 23 1.060E-05 1.566E+01 24 3.647E-03 3.407E-01 25 6.444E-07 3.381E+01 26 2.684E-03 6.739E-01
27 1.274E-03 9.295E-01
 96  25
 1 1.208E-02 6.082E+00  2 2.433E-06 4.802E+01  3 4.206E-04 8.308E+00  5 5.663E-03 7.277E+00  6 1.400E-02 1.964E+00
 7 6.099E-04 3.279E+00  8 9.092E-04 5.618E+00  9 1.201E-04 1.410E+01 10 1.866E-03 3.189E+00 11 7.395E-03 1.810E+00
12 1.402E-02 9.290E-01 13 1.448E-03 2.162E+00 14 2.069E-04 7.712E+01 15 2.575E-02 2.510E+00 16 1.412E-03 1.384E+00
17 1.808E-02 2.082E+00 19 2.509E-04 2.857E+01 20 4.117E-05 6.415E+01 21 2.842E-05 3.445E+01 22 9.731E-05 3.220E+01
23 1.361E-05 1.466E+01 24 3.642E-03 3.281E-01 25 4.032E-07 3.305E+01 26 3.086E-03 6.232E-01 27 1.523E-03 9.273E-01
 97  25
 1 2.890E-02 4.152E+00  2 5.376E-07 7.893E+01  3 4.010E-04 5.725E+00  5 4.637E-03 1.370E+01  6 1.211E-02 1.594E+00
 7 5.073E-04 5.304E+00  8 7.641E-04 5.093E+00  9 1.078E-04 1.522E+01 10 2.047E-03 3.481E+00 11 4.948E-03 2.079E+00
12 1.324E-02 8.028E-01 13 1.610E-03 2.473E+00 14 6.977E-05 5.167E+01 15 2.148E-02 2.011E+00 16 1.424E-03 9.973E-01
17 1.641E-02 1.421E+00 19 3.040E-04 3.204E+01 20 1.704E-04 8.387E+01 21 2.475E-05 4.975E+01 22 8.141E-05 2.931E+01
23 1.153E-05 1.593E+01 24 3.714E-03 3.597E-01 25 1.041E-06 3.404E+01 26 4.457E-03 5.730E-01 27 2.428E-03 7.008E-01
 98  26
 1 2.757E-02 3.252E+00  2 1.213E-06 6.457E+01  3 4.410E-04 7.906E+00  4 1.236E-05 1.000E+02  5 3.776E-03 1.011E+01
 6 1.191E-02 2.373E+00  7 4.451E-04 4.491E+00  8 6.083E-04 6.778E+00  9 9.939E-05 1.739E+01 10 2.220E-03 3.223E+00
11 4.256E-03 2.619E+00 12 1.350E-02 8.692E-01 13 1.735E-03 2.317E+00 14 3.614E-05 4.714E+01 15 2.014E-02 1.591E+00
16 1.437E-03 1.176E+00 17 1.642E-02 1.704E+00 19 4.122E-04 3.892E+01 20 2.222E-06 1.000E+02 21 1.689E-05 7.316E+01
22 1.225E-04 2.642E+01 23 1.295E-05 1.710E+01 24 3.715E-03 3.480E-01 25 6.608E-07 4.303E+01 26 4.484E-03 4.860E-01
27 2.447E-03 6.792E-01
 99  25
 1 3.178E-02 4.534E+00  2 2.947E-07 9.130E+01  3 4.992E-04 6.772E+00  5 3.842E-03 1.193E+01  6 1.197E-02 2.559E+00
 7 4.509E-04 4.745E+00  8 6.584E-04 6.586E+00  9 1.015E-04 1.706E+01 10 2.521E-03 3.065E+00 11 3.825E-03 2.381E+00
12 1.423E-02 7.032E-01 13 1.996E-03 2.031E+00 14 5.842E-05 8.532E+01 15 1.748E-02 2.232E+00 16 1.443E-03 1.487E+00
17 1.566E-02 1.289E+00 19 3.006E-04 3.451E+01 20 6.798E-05 7.038E+01 21 2.850E-06 6.112E+01 22 9.807E-05 2.484E+01
23 1.376E-05 1.367E+01 24 3.681E-03 3.292E-01 25 5.363E-07 3.027E+01 26 3.802E-03 7.259E-01 27 1.954E-03 8.578E-01
100  26
 1 3.005E-02 4.018E+00  2 1.220E-06 5.474E+01  3 5.719E-04 7.292E+00  5 3.140E-03 1.121E+01  6 1.174E-02 1.754E+00
 7 4.307E-04 4.508E+00  8 5.831E-04 6.386E+00  9 7.435E-05 1.970E+01 10 3.077E-03 2.510E+00 11 3.485E-03 2.352E+00
12 1.529E-02 7.446E-01 13 2.358E-03 1.656E+00 14 2.310E-04 4.795E+01 15 1.461E-02 3.267E+00 16 1.431E-03 9.089E-01
17 1.569E-02 2.239E+00 18 4.590E-06 1.000E+02 19 4.641E-04 2.812E+01 20 2.591E-06 7.360E+01 21 2.702E-05 5.464E+01
22 6.460E-05 4.018E+01 23 1.044E-05 1.332E+01 24 3.628E-03 3.325E-01 25 2.053E-07 3.008E+01 26 2.820E-03 6.087E-01
27 1.290E-03 1.004E+00
101  25
 1 3.089E-02 4.199E+00  2 2.790E-06 3.868E+01  3 6.335E-04 4.874E+00  5 3.756E-03 1.041E+01  6 1.077E-02 2.318E+00
 7 3.815E-04 4.618E+00  8 5.262E-04 8.177E+00  9 9.418E-05 1.784E+01 10 3.443E-03 3.635E+00 11 3.039E-03 3.377E+00
12 1.517E-02 8.395E-01 13 2.587E-03 1.344E+00 14 6.213E-07 1.000E+02 15 1.126E-02 3.317E+00 16 1.459E-03 1.146E+00
17 1.398E-02 1.700E+00 18 3.038E-06 1.000E+02 19 5.236E-04 2.240E+01 21 3.801E-05 4.335E+01 22 8.486E-05 2.273E+01
23 1.850E-05 1.131E+01 24 3.613E-03 3.644E-01 25 1.880E-07 3.313E+01 26 2.860E-03 8.516E-01 27 1.320E-03 1.228E+00
102  26
 1 2.668E-02 5.015E+00  2 1.549E-06 5.225E+01  3 6.571E-04 6.221E+00  4 2.398E-06 1.000E+02  5 2.390E-03 1.337E+01
 6 9.373E-03 1.697E+00  7 3.263E-04 6.075E+00  8 4.612E-04 9.449E+00  9 6.558E-05 1.698E+01 10 3.688E-03 2.188E+00
11 2.620E-03 2.830E+00 12 1.434E-02 6.071E-01 13 2.830E-03 1.634E+00 14 1.823E-04 5.498E+01 15 8.685E-03 3.656E+00
16 1.436E-03 9.392E-01 17 1.204E-02 2.340E+00 19 6.224E-04 2.229E+01 20 1.028E-05 6.954E+01 21 7.558E-06 6.012E+01
22 5.044E-05 3.358E+01 23 1.964E-05 1.019E+01 24 3.677E-03 3.304E-01 25 1.531E-07 4.383E+01 26 3.899E-03 6.701E-01
27 1.991E-03 7.079E-01
103  25
 1 2.181E-02 4.256E+00  2 1.214E-06 6.641E+01  3 7.656E-04 6.101E+00  5 2.363E-03 8.501E+00  6 8.599E-03 2.376E+00
 7 2.775E-04 5.924E+00  8 3.981E-04 9.324E+00  9 7.731E-05 2.305E+01 10 4.147E-03 2.671E+00 11 2.222E-03 3.357E+00
12 1.378E-02 1.024E+00 13 3.162E-03 1.511E+00 14 5.403E-05 8.964E+01 15 7.755E-03 3.311E+00 16 1.434E-03 9.408E-01
17 1.022E-02 1.660E+00 19 6.887E-04 1.817E+01 20 9.672E-05 5.033E+01 21 1.870E-05 5.646E+01 22 5.459E-05 3.475E+01
23 2.332E-05 7.561E+00 24 3.725E-03 3.904E-01 25 1.752E-07 6.089E+01 26 4.626E-03 5.603E-01 27 2.483E-03 7.560E-01
104  25
 1 1.773E-02 4.820E+00  2 3.781E-06 5.366E+01  3 7.795E-04 5.836E+00  5 2.101E-03 1.238E+01  6 7.831E-03 2.259E+00
 7 2.460E-04 5.341E+00  8 3.966E-04 8.235E+00  9 3.854E-05 2.155E+01 10 4.703E-03 2.488E+00 11 1.993E-03 3.332E+00
12 1.313E-02 7.843E-01 13 3.571E-03 1.556E+00 14 1.006E-05 7.944E+01 15 6.937E-03 3.303E+00 16 1.445E-03 1.288E+00
17 8.201E-03 3.005E+00 19 7.779E-04 1.016E+01 20 2.753E-05 6.922E+01 21 9.257E-06 8.854E+01 22 5.166E-05 2.294E+01
23 2.322E-05 9.417E+00 24 3.700E-03 3.567E-01 25 3.712E-07 3.861E+01 26 4.650E-03 6.561E-01 27 2.494E-03 7.116E-01
105  25
 1 1.642E-02 5.425E+00  2 2.999E-06 6.123E+01  3 9.999E-04 5.773E+00  5 2.000E-03 1.531E+01  6 7.155E-03 2.542E+00
 7 2.299E-04 6.287E+00  8 3.530E-04 5.988E+00  9 6.979E-05 1.839E+01 10 5.656E-03 2.301E+00 11 1.829E-03 3.620E+00
12 1.382E-02 8.078E-01 13 4.187E-03 1.524E+00 14 8.622E-05 8.399E+01 15 6.418E-03 4.453E+00 16 1.471E-03 1.192E+00
17 7.451E-03 2.735E+00 19 6.505E-04 2.538E+01 20 9.506E-05 4.197E+01 21 3.846E-06 6.976E+01 22 8.042E-05 3.826E+01
23 3.047E-05 8.073E+00 24 3.621E-03 3.294E-01 25 1.179E-07 5.939E+01 26 3.301E-03 6.132E-01 27 1.573E-03 7.084E-01
106  25
 1 1.172E-02 5.636E+00  2 2.988E-06 4.103E+01  3 1.047E-03 5.475E+00  5 2.274E-03 1.401E+01  6 5.357E-03 3.558E+00
 7 2.036E-04 6.206E+00  8 3.067E-04 9.270E+00  9 3.176E-05 2.251E+01 10 6.240E-03 1.910E+00 11 1.576E-03 3.584E+00
12 1.336E-02 8.595E-01 13 4.857E-03 1.055E+00 14 9.128E-06 6.315E+01 15 5.875E-03 3.335E+00 16 1.481E-03 9.452E-01
17 5.855E-03 2.720E+00 19 7.283E-04 1.638E+01 20 2.908E-05 6.890E+01 21 1.042E-05 6.397E+01 22 1.371E-05 3.162E+01
23 2.692E-05 7.066E+00 24 3.571E-03 3.791E-01 25 2.505E-07 5.050E+01 26 2.946E-03 7.103E-01 27 1.320E-03 8.310E-01
107  25
 1 7.875E-03 6.131E+00  2 4.323E-06 3.579E+01  3 1.141E-03 4.288E+00  5 1.141E-03 1.791E+01  6 3.854E-03 3.021E+00
 7 1.823E-04 7.198E+00  8 2.920E-04 7.901E+00  9 5.224E-05 2.585E+01 10 7.255E-03 1.798E+00 11 1.478E-03 3.796E+00
12 6.457E-03 1.114E+00 13 5.820E-03 1.152E+00 14 8.764E-06 1.000E+02 15 5.214E-03 3.634E+00 16 1.499E-03 1.163E+00
17 4.567E-03 3.135E+00 19 9.937E-04 1.481E+01 20 1.944E-04 7.623E+01 21 7.558E-06 4.556E+01 22 1.967E-05 5.262E+01
23 2.759E-05 1.143E+01 24 3.602E-03 3.556E-01 25 1.131E-07 3.909E+01 26 3.092E-03 6.025E-01 27 1.398E-03 7.786E-01
108  25
 1 6.433E-03 6.287E+00  2 2.823E-06 4.552E+01  3 1.196E-03 5.259E+00  5 1.083E-03 1.995E+01  6 3.269E-03 3.603E+00
 7 1.549E-04 7.197E+00  8 2.024E-04 1.079E+01  9 2.859E-05 3.289E+01 10 8.946E-03 2.157E+00 11 1.156E-03 5.185E+00
12 4.836E-03 1.386E+00 13 9.988E-03 7.573E-01 14 5.077E-05 9.805E+01 15 4.419E-03 4.255E+00 16 1.438E-03 8.614E-01
17 3.455E-03 2.521E+00 19 8.172E-04 1.315E+01 20 1.523E-04 3.134E+01 21 1.965E-07 6.910E+01 22 2.927E-05 4.667E+01
23 2.758E-05 9.612E+00 24 3.565E-03 3.583E-01 25 6.231E-08 5.810E+01 26 4.797E-03 6.730E-01 27 2.565E-03 7.390E-01
109  25
 1 6.481E-03 8.041E+00  2 1.081E-06 4.924E+01  3 1.245E-03 4.063E+00  5 1.472E-03 1.916E+01  6 2.766E-03 4.236E+00
 7 1.437E-04 8.297E+00  8 2.367E-04 1.354E+01  9 3.152E-05 2.562E+01 10 1.281E-02 1.778E+00 11 9.734E-04 5.723E+00
12 4.287E-03 1.116E+00 13 1.049E-02 1.073E+00 14 2.896E-05 7.036E+01 15 3.888E-03 3.746E+00 16 1.473E-03 1.334E+00
17 2.913E-03 4.482E+00 19 1.243E-03 2.296E+01 20 1.227E-04 4.165E+01 21 2.006E-05 7.510E+01 22 7.110E-05 4.759E+01
23 2.738E-05 9.178E+00 24 3.550E-03 3.336E-01 25 3.319E-08 7.023E+01 26 4.827E-03 4.354E-01 27 2.579E-03 4.917E-01
110  25
 1 5.440E-03 1.051E+01  2 3.708E-06 3.504E+01  3 1.320E-03 2.551E+00  5 1.066E-03 2.062E+01  6 2.515E-03 4.491E+00
 7 1.236E-04 6.800E+00  8 1.768E-04 1.257E+01  9 3.863E-05 2.887E+01 10 1.669E-02 1.278E+00 11 8.520E-04 6.463E+00
12 3.815E-03 1.268E+00 13 1.118E-02 8.556E-01 14 4.007E-05 1.000E+02 15 3.625E-03 5.853E+00 16 1.463E-03 1.335E+00
17 2.526E-03 4.303E+00 19 1.035E-03 1.564E+01 20 5.040E-05 7.690E+01 21 5.642E-06 9.067E+01 22 4.873E-05 6.076E+01
23 2.623E-05 1.113E+01 24 3.541E-03 3.321E-01 25 1.546E-07 4.187E+01 26 4.516E-03 5.716E-01 27 2.368E-03 7.233E-01
111  25
 1 4.233E-03 8.158E+00  2 2.892E-06 5.844E+01  3 1.581E-03 3.055E+00  5 1.203E-03 2.785E+01  6 2.527E-03 3.401E+00
 7 1.364E-04 5.148E+00  8 1.623E-04 1.253E+01  9 2.603E-05 2.293E+01 10 2.000E-02 1.199E+00 11 9.021E-04 6.830E+00
12 3.677E-03 1.261E+00 13 1.228E-02 7.012E-01 14 1.960E-05 7.100E+01 15 3.401E-03 5.069E+00 16 1.511E-03 1.304E+00
17 2.748E-03 3.839E+00 19 1.616E-03 1.157E+01 20 1.252E-04 4.048E+01 21 3.018E-05 9.739E+01 22 6.466E-06 6.426E+01
23 3.356E-05 8.631E+00 24 3.436E-03 3.054E-01 25 8.185E-08 6.025E+01 26 3.105E-03 6.602E-01 27 1.398E-03 8.066E-01
112  25
 1 5.057E-03 8.968E+00  2 4.717E-06 3.751E+01  3 1.686E-03 3.992E+00  5 9.198E-04 1.773E+01  6 2.346E-03 3.726E+00
 7 8.973E-05 1.014E+01  8 1.699E-04 1.082E+01  9 2.460E-05 4.255E+01 10 2.152E-02 1.262E+00 11 8.168E-04 5.633E+00
12 3.294E-03 1.697E+00 13 1.252E-02 9.796E-01 14 9.302E-05 6.357E+01 15 3.474E-03 4.902E+00 16 1.493E-03 1.048E+00
17 2.366E-03 3.701E+00 19 1.414E-03 1.192E+01 20 5.202E-05 6.755E+01 21 3.212E-07 1.000E+02 22 2.170E-05 4.918E+01
23 4.247E-05 7.923E+00 24 3.429E-03 3.881E-01 25 4.754E-08 8.677E+01 26 3.086E-03 6.694E-01 27 1.372E-03 9.637E-01
113  25
 1 3.466E-03 9.954E+00  2 4.599E-06 3.102E+01  3 1.806E-03 3.582E+00  5 8.165E-04 1.499E+01  6 1.993E-03 3.835E+00
 7 1.303E-04 1.005E+01  8 1.409E-04 1.340E+01  9 1.729E-05 2.800E+01 10 2.149E-02 1.139E+00 11 7.566E-04 5.425E+00
12 2.981E-03 2.015E+00 13 1.193E-02 7.772E-01 14 5.630E-06 1.000E+02 15 2.712E-03 5.092E+00 16 1.524E-03 1.093E+00
17 2.089E-03 3.476E+00 19 1.550E-03 9.392E+00 20 4.282E-05 5.724E+01 21 1.936E-07 1.000E+02 22 1.724E-05 6.437E+01
23 3.953E-05 6.161E+00 24 3.467E-03 3.489E-01 25 2.015E-07 4.710E+01 26 3.800E-03 6.880E-01 27 1.851E-03 8.999E-01
114  24
 1 3.194E-03 1.242E+01  2 1.259E-06 4.608E+01  3 2.165E-03 4.223E+00  5 4.930E-04 1.639E+01  6 1.670E-03 4.401E+00
 7 8.721E-05 1.094E+01  8 1.308E-04 1.673E+01  9 1.282E-05 3.392E+01 10 2.064E-02 1.276E+00 11 6.392E-04 5.764E+00
12 2.616E-03 1.826E+00 13 1.135E-02 1.000E+00 14 5.982E-05 7.981E+01 15 3.038E-03 6.123E+00 16 1.487E-03 1.346E+00
17 1.905E-03 5.225E+00 19 1.503E-03 9.935E+00 20 5.268E-05 5.676E+01 22 1.896E-05 4.574E+01 23 3.565E-05 6.926E+00
24 3.568E-03 3.252E-01 25 3.765E-07 5.322E+01 26 4.937E-03 3.488E-01 27 2.607E-03 4.020E-01
115  24
 1 3.219E-03 1.116E+01  2 6.178E-06 4.108E+01  3 2.197E-03 2.663E+00  5 8.231E-04 2.075E+01  6 1.634E-03 5.270E+00
 7 8.374E-05 1.017E+01  8 1.245E-04 1.335E+01  9 1.752E-05 3.675E+01 10 2.009E-02 1.420E+00 11 6.004E-04 5.995E+00
12 2.442E-03 1.653E+00 13 1.163E-02 7.460E-01 15 2.419E-03 5.853E+00 16 1.459E-03 1.295E+00 17 1.543E-03 5.916E+00
19 2.056E-03 1.392E+01 20 1.080E-04 4.333E+01 21 1.030E-05 7.083E+01 22 2.020E-05 4.466E+01 23 4.366E-05 7.406E+00
24 3.562E-03 2.967E-01 25 2.553E-08 8.160E+01 26 4.915E-03 3.936E-01 27 2.579E-03 4.788E-01
116  24
 1 2.318E-03 1.297E+01  2 9.357E-06 2.818E+01  3 2.678E-03 3.133E+00  4 9.209E-05 8.188E+01  5 5.128E-04 3.164E+01
 6 1.471E-03 5.937E+00  7 7.675E-05 1.207E+01  8 9.896E-05 1.563E+01  9 5.614E-06 7.523E+01 10 2.143E-02 1.484E+00
11 5.139E-04 6.516E+00 12 2.210E-03 2.119E+00 13 1.214E-02 6.347E-01 15 2.257E-03 6.284E+00 16 1.469E-03 9.876E-01
17 1.599E-03 5.989E+00 19 2.612E-03 1.126E+01 20 8.051E-05 3.692E+01 22 1.100E-05 5.377E+01 23 4.405E-05 8.666E+00
24 3.477E-03 4.312E-01 25 1.034E-07 8.644E+01 26 3.874E-03 6.313E-01 27 1.881E-03 7.383E-01
117  25
 1 2.713E-03 7.666E+00  2 3.574E-06 5.137E+01  3 5.000E-03 3.016E+00  5 7.967E-04 2.845E+01  6 1.415E-03 4.305E+00
 7 8.307E-05 1.007E+01  8 8.820E-05 1.692E+01  9 2.397E-05 4.319E+01 10 2.284E-02 1.315E+00 11 4.856E-04 4.934E+00
12 2.052E-03 1.625E+00 13 1.247E-02 1.007E+00 14 4.267E-05 1.000E+02 15 1.885E-03 5.273E+00 16 1.733E-03 1.182E+00
17 1.539E-03 5.938E+00 19 2.914E-03 1.019E+01 20 1.302E-04 2.638E+01 21 7.328E-07 1.000E+02 22 2.919E-05 8.517E+01
23 4.353E-05 7.522E+00 24 3.444E-03 3.992E-01 25 1.526E-07 6.875E+01 26 3.193E-03 7.088E-01 27 1.416E-03 9.480E-01
118  25
 1 2.340E-03 1.161E+01  2 3.618E-06 5.390E+01  3 1.088E-02 1.310E+00  5 5.427E-04 1.779E+01  6 1.249E-03 6.941E+00
 7 7.199E-05 1.051E+01  8 1.132E-04 1.460E+01  9 2.324E-05 3.007E+01 10 2.121E-02 1.113E+00 11 4.829E-04 6.595E+00
12 1.880E-03 1.986E+00 13 1.234E-02 8.760E-01 14 1.783E-05 1.000E+02 15 2.042E-03 6.733E+00 16 1.694E-03 1.160E+00
17 1.341E-03 7.196E+00 19 3.039E-03 9.469E+00 20 7.622E-05 4.392E+01 21 1.788E-06 6.939E+01 22 3.895E-06 8.657E+01
23 5.699E-05 4.787E+00 24 3.465E-03 3.699E-01 25 1.666E-07 3.876E+01 26 3.260E-03 6.983E-01 27 1.451E-03 9.734E-01
119  26
 1 1.958E-03 1.236E+01  2 7.954E-06 3.166E+01  3 1.599E-02 1.418E+00  5 4.320E-04 2.772E+01  6 1.148E-03 6.361E+00
 7 5.376E-05 1.139E+01  8 7.582E-05 1.635E+01  9 1.829E-05 6.370E+01 10 1.873E-02 1.212E+00 11 4.734E-04 6.640E+00
12 1.736E-03 1.867E+00 13 1.114E-02 8.157E-01 14 5.966E-07 1.000E+02 15 1.627E-03 5.910E+00 16 1.643E-03 1.266E+00
17 1.268E-03 6.845E+00 18 4.405E-07 1.000E+02 19 3.345E-03 9.967E+00 20 1.289E-04 4.385E+01 21 4.478E-06 1.000E+02
22 1.607E-06 5.309E+01 23 5.982E-05 6.625E+00 24 3.527E-03 3.459E-01 25 7.011E-08 5.465E+01 26 4.495E-03 6.664E-01
27 2.282E-03 7.734E-01
120  24
 1 1.906E-03 1.407E+01  2 7.266E-06 3.384E+01  3 1.981E-02 1.393E+00  5 4.095E-04 3.188E+01  6 9.892E-04 4.314E+00
 7 5.491E-05 9.067E+00  8 7.308E-05 1.623E+01  9 1.148E-05 3.855E+01 10 1.729E-02 1.468E+00 11 4.081E-04 8.807E+00
12 1.498E-03 2.139E+00 13 1.094E-02 7.992E-01 14 2.990E-05 9.804E+01 15 1.386E-03 6.624E+00 16 1.598E-03 8.881E-01
17 1.115E-03 7.004E+00 19 3.218E-03 1.069E+01 20 1.444E-04 5.643E+01 22 1.125E-05 6.456E+01 23 6.963E-05 4.226E+00
24 3.545E-03 3.428E-01 25 2.065E-07 4.549E+01 26 4.823E-03 6.146E-01 27 2.477E-03 7.555E-01
121  26
 1 1.332E-03 1.531E+01  2 8.607E-06 2.427E+01  3 2.280E-02 1.260E+00  4 1.680E-05 1.000E+02  5 3.291E-04 3.107E+01
 6 8.317E-04 5.893E+00  7 5.386E-05 1.056E+01  8 6.916E-05 2.028E+01  9 2.025E-05 4.963E+01 10 1.643E-02 1.340E+00
11 3.330E-04 6.960E+00 12 1.348E-03 2.525E+00 13 1.068E-02 8.323E-01 14 2.557E-05 9.608E+01 15 1.499E-03 7.789E+00
16 1.598E-03 1.006E+00 17 1.117E-03 6.823E+00 19 4.393E-03 7.311E+00 20 1.912E-04 3.085E+01 21 8.908E-07 1.000E+02
22 8.796E-06 5.344E+01 23 7.003E-05 6.206E+00 24 3.560E-03 3.463E-01 25 3.189E-07 4.554E+01 26 4.791E-03 4.542E-01
27 2.475E-03 5.634E-01
122  25
 1 1.527E-03 9.383E+00  2 1.136E-05 2.949E+01  3 2.535E-02 1.279E+00  5 4.016E-04 2.679E+01  6 7.403E-04 7.800E+00
 7 5.687E-05 1.305E+01  8 7.554E-05 2.197E+01  9 1.262E-05 3.398E+01 10 1.722E-02 1.248E+00 11 3.241E-04 1.050E+01
12 1.346E-03 2.489E+00 13 1.152E-02 6.938E-01 14 2.364E-06 1.000E+02 15 1.266E-03 8.373E+00 16 1.624E-03 1.175E+00
17 1.093E-03 8.819E+00 18 1.965E-07 1.000E+02 19 3.828E-03 8.650E+00 20 2.095E-04 3.536E+01 22 3.624E-07 7.172E+01
23 7.544E-05 5.971E+00 24 3.481E-03 3.776E-01 25 4.860E-07 4.283E+01 26 3.418E-03 5.982E-01 27 1.486E-03 8.121E-01
123  25
 1 9.943E-04 1.317E+01  2 9.827E-06 2.700E+01  3 2.683E-02 9.605E-01  5 3.438E-04 2.122E+01  6 8.361E-04 5.974E+00
 7 5.461E-05 1.342E+01  8 7.595E-05 1.529E+01  9 1.141E-05 5.091E+01 10 1.616E-02 1.282E+00 11 2.887E-04 9.181E+00
12 1.210E-03 2.316E+00 13 1.114E-02 6.835E-01 15 1.097E-03 7.619E+00 16 1.577E-03 9.781E-01 17 9.215E-04 8.223E+00
18 6.183E-06 1.000E+02 19 4.482E-03 4.904E+00 20 1.979E-04 2.958E+01 21 7.702E-07 1.000E+02 22 7.656E-06 5.799E+01
23 8.671E-05 6.936E+00 24 3.504E-03 3.177E-01 25 4.317E-07 3.979E+01 26 3.731E-03 6.486E-01 27 1.570E-03 8.360E-01
124  25
 1 1.367E-03 1.738E+01  2 1.286E-05 2.734E+01  3 2.759E-02 1.190E+00  4 1.365E-04 9.781E+01  5 3.568E-04 3.038E+01
 6 6.565E-04 7.171E+00  7 3.263E-05 1.328E+01  8 6.071E-05 2.296E+01  9 2.204E-06 5.145E+01 10 1.421E-02 1.482E+00
11 2.633E-04 8.093E+00 12 1.135E-03 2.158E+00 13 1.076E-02 8.658E-01 15 1.150E-03 7.048E+00 16 1.574E-03 1.039E+00
17 7.966E-04 7.320E+00 19 5.335E-03 5.959E+00 20 3.164E-04 3.890E+01 21 2.026E-05 7.696E+01 22 6.614E-08 1.000E+02
23 8.472E-05 4.262E+00 24 3.513E-03 3.821E-01 25 2.585E-07 4.089E+01 26 4.102E-03 6.513E-01 27 1.840E-03 8.029E-01
125  24
 1 1.094E-03 1.506E+01  2 1.957E-05 2.621E+01  3 2.708E-02 9.791E-01  4 6.871E-05 1.000E+02  5 3.638E-04 3.284E+01
 6 6.905E-04 8.504E+00  7 4.985E-05 1.165E+01  8 4.196E-05 2.282E+01  9 1.074E-05 4.369E+01 10 1.233E-02 1.538E+00
11 2.556E-04 1.177E+01 12 9.678E-04 2.840E+00 13 1.015E-02 8.504E-01 15 1.039E-03 7.193E+00 16 1.549E-03 1.286E+00
17 8.177E-04 8.846E+00 19 6.180E-03 6.425E+00 20 2.210E-04 4.628E+01 22 6.765E-06 1.000E+02 23 9.229E-05 4.933E+00
24 3.600E-03 3.411E-01 25 4.491E-07 3.178E+01 26 5.252E-03 5.415E-01 27 2.664E-03 6.265E-01
126  25
 1 1.464E-03 1.386E+01  2 1.199E-05 2.290E+01  3 2.606E-02 1.169E+00  4 7.798E-05 9.554E+01  5 2.469E-04 3.082E+01
 6 5.864E-04 8.435E+00  7 3.641E-05 1.549E+01  8 4.944E-05 1.555E+01  9 1.660E-05 6.173E+01 10 1.116E-02 1.754E+00
11 2.376E-04 1.019E+01 12 8.456E-04 2.266E+00 13 9.843E-03 1.438E+00 14 6.753E-06 1.000E+02 15 9.140E-04 8.236E+00
16 1.547E-03 1.117E+00 17 6.641E-04 9.636E+00 19 6.936E-03 7.410E+00 20 1.725E-04 3.255E+01 22 9.879E-07 1.000E+02
23 9.795E-05 6.222E+00 24 3.612E-03 4.071E-01 25 3.458E-07 3.783E+01 26 5.332E-03 4.209E-01 27 2.716E-03 6.213E-01
127  25
 1 9.920E-04 1.481E+01  2 1.233E-05 1.715E+01  3 2.493E-02 7.948E-01  4 6.542E-05 1.000E+02  5 2.656E-04 3.748E+01
 6 6.080E-04 9.054E+00  7 3.309E-05 1.116E+01  8 6.211E-05 2.274E+01  9 9.875E-06 3.931E+01 10 1.014E-02 1.646E+00
11 1.915E-04 1.021E+01 12 8.877E-04 3.454E+00 13 1.019E-02 1.079E+00 15 7.513E-04 9.949E+00 16 1.564E-03 1.357E+00
17 6.867E-04 7.492E+00 19 1.068E-02 5.989E+00 20 1.548E-04 3.106E+01 21 3.322E-06 1.000E+02 22 4.370E-07 8.959E+01
23 9.940E-05 4.161E+00 24 3.588E-03 3.345E-01 25 3.156E-07 4.761E+01 26 4.833E-03 4.501E-01 27 2.361E-03 5.814E-01
128  25
 1 6.999E-04 2.198E+01  2 1.575E-05 2.166E+01  3 2.310E-02 1.188E+00  4 8.193E-05 1.000E+02  5 3.462E-04 4.690E+01
 6 4.630E-04 9.635E+00  7 2.705E-05 1.410E+01  8 4.601E-05 2.985E+01  9 5.387E-06 4.832E+01 10 8.984E-03 1.581E+00
11 2.103E-04 1.110E+01 12 7.836E-04 2.989E+00 13 1.062E-02 1.019E+00 15 7.068E-04 7.815E+00 16 1.618E-03 1.054E+00
17 5.516E-04 6.776E+00 19 1.651E-02 6.383E+00 20 1.835E-04 3.205E+01 21 3.596E-06 1.000E+02 22 1.042E-05 9.036E+01
23 1.272E-04 5.313E+00 24 3.499E-03 3.320E-01 25 3.644E-07 4.741E+01 26 3.904E-03 6.303E-01 27 1.730E-03 9.233E-01
129  24
 1 9.820E-04 2.195E+01  2 1.797E-05 2.315E+01  3 1.975E-02 1.090E+00  4 7.085E-05 9.523E+01  5 1.634E-04 4.326E+01
 6 5.401E-04 1.121E+01  7 2.682E-05 1.303E+01  8 4.053E-05 2.091E+01  9 6.392E-06 6.075E+01 10 8.222E-03 1.907E+00
11 1.897E-04 1.026E+01 12 7.444E-04 3.405E+00 13 1.065E-02 1.054E+00 15 7.062E-04 1.603E+01 16 1.646E-03 9.443E-01
17 5.564E-04 8.345E+00 19 2.270E-02 5.387E+00 20 5.378E-04 1.617E+01 22 1.623E-05 6.885E+01 23 1.427E-04 4.965E+00
24 3.508E-03 3.475E-01 25 2.067E-07 5.179E+01 26 3.920E-03 5.397E-01 27 1.739E-03 6.176E-01
130  24
 1 6.511E-04 2.546E+01  2 1.449E-05 1.612E+01  3 1.586E-02 1.048E+00  5 4.985E-04 3.931E+01  6 4.328E-04 8.858E+00
 7 3.701E-05 1.794E+01  8 3.039E-05 2.792E+01  9 3.760E-06 5.465E+01 10 6.771E-03 2.575E+00 11 1.748E-04 8.419E+00
12 6.874E-04 3.612E+00 13 1.017E-02 7.195E-01 14 6.000E-05 1.000E+02 15 8.125E-04 1.033E+01 16 1.657E-03 1.334E+00
17 6.318E-04 7.419E+00 19 2.500E-02 3.779E+00 20 3.970E-04 1.751E+01 22 1.574E-05 9.737E+01 23 1.425E-04 4.963E+00
24 3.587E-03 2.754E-01 25 1.022E-07 5.504E+01 26 4.863E-03 5.504E-01 27 2.365E-03 6.391E-01
131  26
 1 8.570E-04 1.816E+01  2 1.610E-05 2.003E+01  3 1.089E-02 1.913E+00  5 2.121E-04 2.803E+01  6 3.768E-04 8.704E+00
 7 3.534E-05 1.571E+01  8 4.117E-05 2.255E+01  9 6.601E-06 5.187E+01 10 4.921E-03 2.624E+00 11 1.209E-04 1.381E+01
12 5.767E-04 3.086E+00 13 1.019E-02 8.984E-01 14 3.983E-05 1.000E+02 15 6.334E-04 1.014E+01 16 1.701E-03 1.174E+00
17 5.241E-04 6.513E+00 18 1.012E-07 1.000E+02 19 2.871E-02 4.244E+00 20 4.084E-04 1.912E+01 21 2.623E-07 6.884E+01
22 1.304E-05 8.668E+01 23 1.467E-04 4.401E+00 24 3.621E-03 3.256E-01 25 6.032E-08 6.865E+01 26 5.589E-03 5.242E-01
27 2.850E-03 6.221E-01
132  23
 1 4.439E-04 2.770E+01  2 1.721E-05 2.128E+01  3 4.798E-03 2.972E+00  5 9.392E-05 3.950E+01  6 3.809E-04 9.313E+00
 7 2.693E-05 2.016E+01  8 3.651E-05 2.336E+01  9 3.646E-06 9.062E+01 10 4.371E-03 2.953E+00 11 1.401E-04 1.094E+01
12 5.971E-04 3.273E+00 13 1.025E-02 1.132E+00 15 6.256E-04 8.930E+00 16 1.696E-03 1.187E+00 17 4.763E-04 1.292E+01
19 3.095E-02 3.648E+00 20 3.039E-04 1.924E+01 22 2.744E-06 9.654E+01 23 1.589E-04 3.649E+00 24 3.609E-03 3.514E-01
25 1.203E-10 1.000E+02 26 5.628E-03 5.629E-01 27 2.866E-03 6.559E-01
133  23
 1 5.413E-04 1.966E+01  2 2.375E-05 1.917E+01  3 2.628E-03 3.473E+00  5 2.519E-04 3.644E+01  6 3.903E-04 9.268E+00
 7 2.012E-05 2.573E+01  8 3.250E-05 1.754E+01  9 4.084E-06 6.719E+01 10 4.127E-03 2.746E+00 11 1.318E-04 1.119E+01
12 5.657E-04 3.830E+00 13 1.084E-02 8.645E-01 15 5.272E-04 1.154E+01 16 1.505E-03 1.271E+00 17 4.412E-04 9.170E+00
19 3.402E-02 4.176E+00 20 5.754E-04 1.764E+01 22 4.653E-06 1.000E+02 23 1.779E-04 3.922E+00 24 3.519E-03 3.983E-01
25 7.663E-09 1.000E+02 26 4.355E-03 5.625E-01 27 1.985E-03 7.474E-01
134  24
 1 5.351E-04 2.027E+01  2 2.609E-05 1.293E+01  3 2.417E-03 2.943E+00  5 1.665E-04 5.583E+01  6 3.381E-04 9.054E+00
 7 2.186E-05 1.840E+01  8 3.087E-05 2.948E+01  9 4.412E-06 6.781E+01 10 3.852E-03 2.463E+00 11 1.487E-04 1.341E+01
12 5.231E-04 4.687E+00 13 1.084E-02 1.032E+00 15 5.336E-04 1.202E+01 16 1.478E-03 1.417E+00 17 4.685E-04 1.255E+01
19 3.916E-02 4.136E+00 20 7.387E-04 1.824E+01 21 2.435E-07 1.000E+02 22 1.844E-07 1.000E+02 23 1.987E-04 3.146E+00
24 3.517E-03 2.955E-01 25 2.784E-08 1.000E+02 26 4.015E-03 5.546E-01 27 1.752E-03 7.612E-01
135  24
 1 6.226E-04 1.725E+01  2 2.472E-05 1.743E+01  3 2.162E-03 2.726E+00  4 2.362E-05 1.000E+02  5 1.446E-04 4.868E+01
 6 3.189E-04 1.317E+01  7 2.130E-05 2.031E+01  8 3.485E-05 3.209E+01  9 5.848E-06 7.885E+01 10 3.361E-03 2.935E+00
11 1.360E-04 1.092E+01 12 4.699E-04 4.515E+00 13 1.037E-02 1.167E+00 15 3.591E-04 1.319E+01 16 1.476E-03 1.181E+00
17 3.840E-04 9.624E+00 19 3.790E-02 4.318E+00 20 6.162E-04 2.163E+01 22 4.910E-06 9.492E+01 23 2.106E-04 2.428E+00
24 3.510E-03 3.888E-01 25 2.178E-08 7.962E+01 26 4.045E-03 6.525E-01 27 1.765E-03 9.733E-01
136  24
 1 3.231E-04 2.368E+01  2 2.410E-05 1.235E+01  3 1.983E-03 4.075E+00  5 8.921E-05 5.518E+01  6 2.199E-04 1.268E+01
 7 1.698E-05 2.139E+01  8 2.086E-05 3.182E+01  9 2.218E-06 9.791E+01 10 2.938E-03 2.251E+00 11 1.337E-04 1.456E+01
12 4.280E-04 3.811E+00 13 9.115E-03 8.392E-01 14 3.321E-06 1.000E+02 15 4.293E-04 1.346E+01 16 1.464E-03 1.614E+00
17 3.578E-04 7.209E+00 19 3.525E-02 4.504E+00 20 6.697E-04 1.825E+01 22 8.391E-07 1.000E+02 23 2.209E-04 4.176E+00
24 3.612E-03 3.295E-01 25 1.001E-09 1.000E+02 26 5.682E-03 4.275E-01 27 2.879E-03 5.023E-01
137  24
 1 2.045E-04 2.733E+01  2 2.642E-05 1.784E+01  3 1.621E-03 4.165E+00  4 8.001E-05 1.000E+02  5 1.708E-04 3.700E+01
 6 2.353E-04 7.091E+00  7 1.653E-05 2.288E+01  8 3.163E-05 2.704E+01  9 7.065E-06 9.704E+01 10 2.730E-03 3.360E+00
11 8.550E-05 1.350E+01 12 4.175E-04 4.882E+00 13 8.923E-03 8.269E-01 15 4.123E-04 1.283E+01 16 1.456E-03 9.555E-01
17 3.228E-04 1.177E+01 19 3.119E-02 3.229E+00 20 5.308E-04 2.054E+01 22 8.415E-08 1.000E+02 23 2.515E-04 3.725E+00
24 3.603E-03 3.193E-01 25 1.942E-09 1.000E+02 26 5.691E-03 5.808E-01 27 2.877E-03 7.702E-01
138  22
 1 2.972E-04 2.526E+01  2 3.593E-05 1.278E+01  3 1.411E-03 4.107E+00  5 1.727E-04 4.551E+01  6 1.987E-04 1.227E+01
 7 1.263E-05 2.865E+01  8 1.446E-05 3.439E+01  9 1.785E-07 1.000E+02 10 2.426E-03 4.027E+00 11 1.063E-04 1.437E+01
12 3.374E-04 5.415E+00 13 8.669E-03 8.739E-01 15 2.558E-04 1.392E+01 16 1.460E-03 1.199E+00 17 2.616E-04 9.900E+00
19 2.792E-02 4.430E+00 20 7.406E-04 1.712E+01 23 2.740E-04 3.374E+00 24 3.588E-03 3.678E-01 25 9.570E-08 7.031E+01
26 5.336E-03 6.039E-01 27 2.641E-03 7.209E-01
139  22
 1 2.631E-04 2.319E+01  2 2.833E-05 1.398E+01  3 1.471E-03 4.371E+00  5 1.351E-04 4.466E+01  6 1.833E-04 9.617E+00
 7 1.477E-05 2.650E+01  8 1.394E-05 5.560E+01  9 2.930E-06 9.584E+01 10 2.267E-03 2.859E+00 11 9.646E-05 2.156E+01
12 3.431E-04 4.857E+00 13 8.925E-03 8.482E-01 15 3.555E-04 1.382E+01 16 1.507E-03 1.351E+00 17 2.791E-04 1.259E+01
19 2.680E-02 3.000E+00 20 1.061E-03 1.565E+01 22 5.260E-06 1.000E+02 23 3.135E-04 2.955E+00 24 3.496E-03 3.274E-01
26 4.018E-03 4.995E-01 27 1.749E-03 6.679E-01
140  22
 1 3.732E-04 3.752E+01  2 4.530E-05 1.238E+01  3 1.238E-03 5.102E+00  5 1.907E-04 3.551E+01  6 2.182E-04 1.053E+01
 7 1.510E-05 2.121E+01  8 2.557E-05 3.054E+01  9 2.226E-06 6.878E+01 10 2.085E-03 4.318E+00 11 9.169E-05 1.660E+01
12 3.232E-04 3.404E+00 13 8.539E-03 1.087E+00 15 2.834E-04 1.905E+01 16 1.469E-03 1.730E+00 17 2.004E-04 1.597E+01
19 2.325E-02 3.679E+00 20 8.329E-04 1.934E+01 22 2.659E-06 8.374E+01 23 3.593E-04 2.443E+00 24 3.498E-03 3.693E-01
26 4.026E-03 5.965E-01 27 1.743E-03 7.791E-01
141  25
 1 1.599E-04 2.280E+01  2 4.242E-05 1.215E+01  3 1.044E-03 5.042E+00  4 1.341E-05 1.000E+02  5 1.668E-04 3.351E+01
 6 1.626E-04 1.279E+01  7 9.678E-06 2.939E+01  8 1.446E-05 3.237E+01  9 6.372E-06 5.506E+01 10 1.807E-03 3.662E+00
11 7.295E-05 1.441E+01 12 3.193E-04 4.280E+00 13 7.807E-03 7.904E-01 14 3.673E-05 1.000E+02 15 2.774E-04 1.866E+01
16 1.509E-03 1.100E+00 17 2.143E-04 1.336E+01 19 1.702E-02 3.807E+00 20 1.196E-03 1.052E+01 22 5.141E-06 6.916E+01
23 3.695E-04 2.594E+00 24 3.530E-03 3.667E-01 25 4.805E-08 9.760E+01 26 4.656E-03 6.120E-01 27 2.161E-03 7.859E-01
142  23
 1 3.101E-04 4.510E+01  2 5.236E-05 9.459E+00  3 1.069E-03 3.806E+00  4 5.508E-06 9.224E+01  5 1.955E-04 6.529E+01
 6 1.925E-04 1.352E+01  7 1.036E-05 2.518E+01  8 1.448E-05 3.914E+01  9 3.680E-08 1.000E+02 10 1.622E-03 4.072E+00
11 6.869E-05 1.433E+01 12 2.680E-04 5.612E+00 13 6.978E-03 9.031E-01 15 2.214E-04 1.354E+01 16 1.446E-03 1.130E+00
17 2.254E-04 1.056E+01 19 1.062E-02 5.783E+00 20 1.193E-03 1.865E+01 23 4.201E-04 1.937E+00 24 3.618E-03 3.412E-01
25 3.030E-08 1.000E+02 26 5.730E-03 4.818E-01 27 2.872E-03 5.055E-01
143  22
 1 4.282E-04 2.373E+01  2 5.897E-05 1.100E+01  3 9.655E-04 4.992E+00  4 3.134E-05 6.942E+01  5 8.581E-05 4.148E+01
 6 1.569E-04 1.089E+01  7 8.849E-06 2.777E+01  8 9.988E-06 3.317E+01 10 1.531E-03 4.020E+00 11 4.578E-05 2.361E+01
12 2.580E-04 3.897E+00 13 6.574E-03 1.428E+00 15 2.154E-04 1.446E+01 16 1.469E-03 1.338E+00 17 2.506E-04 1.523E+01
19 7.387E-03 6.452E+00 20 1.490E-03 1.580E+01 23 4.318E-04 2.811E+00 24 3.585E-03 3.424E-01 25 9.295E-09 7.718E+01
26 5.689E-03 5.250E-01 27 2.845E-03 6.672E-01
144  23
 1 2.431E-04 2.972E+01  2 5.140E-05 1.244E+01  3 8.327E-04 4.612E+00  4 9.922E-05 9.174E+01  5 9.512E-05 5.154E+01
 6 1.296E-04 1.900E+01  7 1.137E-05 2.302E+01  8 1.649E-05 3.475E+01  9 8.715E-08 6.883E+01 10 1.492E-03 4.115E+00
11 4.396E-05 1.494E+01 12 2.331E-04 4.731E+00 13 6.587E-03 9.042E-01 15 2.567E-04 1.275E+01 16 1.470E-03 1.046E+00
17 2.077E-04 1.230E+01 19 5.762E-03 6.735E+00 20 1.636E-03 9.398E+00 23 5.175E-04 2.321E+00 24 3.515E-03 2.903E-01
25 3.761E-09 1.000E+02 26 4.702E-03 4.840E-01 27 2.167E-03 5.131E-01
145  23
 1 2.535E-04 2.435E+01  2 6.411E-05 1.102E+01  3 8.392E-04 4.677E+00  4 2.519E-04 4.951E+01  5 1.348E-05 6.020E+01
 6 9.968E-05 1.688E+01  7 9.130E-06 3.856E+01  8 2.101E-05 4.983E+01  9 3.119E-06 5.990E+01 10 1.296E-03 4.061E+00
11 4.064E-05 1.793E+01 12 2.299E-04 5.794E+00 13 6.269E-03 1.369E+00 15 2.096E-04 1.857E+01 16 1.512E-03 1.621E+00
17 1.832E-04 1.384E+01 19 6.459E-03 8.609E+00 20 2.080E-03 1.042E+01 23 5.958E-04 2.180E+00 24 3.468E-03 3.670E-01
25 7.842E-08 8.135E+01 26 3.995E-03 7.497E-01 27 1.692E-03 9.137E-01
146  23
 1 3.431E-04 3.268E+01  2 6.656E-05 1.283E+01  3 7.375E-04 6.328E+00  4 2.107E-05 1.000E+02  5 1.385E-04 5.883E+01
 6 1.070E-04 1.746E+01  7 4.346E-06 3.463E+01  8 1.231E-05 5.645E+01  9 4.044E-07 7.309E+01 10 1.153E-03 4.471E+00
11 4.868E-05 2.285E+01 12 1.935E-04 5.064E+00 13 5.972E-03 1.242E+00 15 1.276E-04 2.471E+01 16 1.491E-03 1.012E+00
17 1.796E-04 1.302E+01 19 4.865E-03 8.364E+00 20 2.033E-03 8.957E+00 22 4.120E-07 1.000E+02 23 6.506E-04 2.502E+00
24 3.474E-03 3.852E-01 26 4.057E-03 6.879E-01 27 1.719E-03 6.633E-01
147  21
 1 1.840E-04 2.750E+01  2 8.230E-05 1.053E+01  3 5.972E-04 5.050E+00  4 2.661E-04 5.002E+01  5 7.403E-05 6.734E+01
 6 9.516E-05 2.074E+01  7 4.529E-06 3.367E+01  8 5.081E-06 8.007E+01 10 1.016E-03 5.262E+00 11 4.692E-05 1.736E+01
12 1.761E-04 5.592E+00 13 5.168E-03 1.285E+00 15 1.469E-04 1.841E+01 16 1.493E-03 1.116E+00 17 1.494E-04 1.319E+01
19 5.141E-03 5.504E+00 20 2.044E-03 1.265E+01 23 6.968E-04 2.504E+00 24 3.523E-03 3.487E-01 26 5.305E-03 5.567E-01
27 2.564E-03 6.694E-01
148  24
 1 1.529E-04 3.607E+01  2 8.131E-05 9.167E+00  3 5.726E-04 5.808E+00  4 1.828E-05 6.905E+01  5 1.889E-05 4.862E+01
 6 9.198E-05 1.664E+01  7 9.641E-06 3.480E+01  8 1.431E-05 3.376E+01  9 3.191E-06 8.243E+01 10 8.340E-04 5.257E+00
11 5.587E-05 1.794E+01 12 1.600E-04 5.690E+00 13 4.503E-03 1.032E+00 14 1.434E-06 1.000E+02 15 1.400E-04 2.505E+01
16 1.511E-03 1.318E+00 17 1.225E-04 1.344E+01 19 3.935E-03 8.052E+00 20 2.605E-03 1.263E+01 23 7.437E-04 1.831E+00
24 3.514E-03 3.449E-01 25 2.497E-09 1.000E+02 26 5.618E-03 4.904E-01 27 2.777E-03 5.584E-01
149  21
 1 1.066E-04 3.996E+01  2 1.017E-04 7.464E+00  3 5.394E-04 9.326E+00  4 2.753E-04 5.838E+01  6 7.954E-05 1.372E+01
 7 5.365E-06 3.874E+01  8 3.233E-06 5.637E+01  9 3.603E-06 6.126E+01 10 8.099E-04 4.800E+00 11 2.533E-05 2.035E+01
12 1.478E-04 5.072E+00 13 4.251E-03 1.318E+00 15 8.157E-05 2.378E+01 16 1.487E-03 1.151E+00 17 1.307E-04 1.394E+01
19 3.139E-03 1.002E+01 20 2.453E-03 1.224E+01 23 8.611E-04 1.890E+00 24 3.498E-03 3.466E-01 26 5.597E-03 4.862E-01
27 2.748E-03 6.524E-01
150  23
 1 1.043E-04 4.538E+01  2 9.862E-05 8.574E+00  3 5.530E-04 6.216E+00  4 3.262E-04 7.758E+01  5 3.130E-05 8.593E+01
 6 6.326E-05 1.796E+01  7 7.008E-06 5.332E+01  8 1.200E-05 5.660E+01  9 9.049E-08 1.000E+02 10 8.205E-04 4.901E+00
11 2.879E-05 2.350E+01 12 1.541E-04 8.441E+00 13 4.112E-03 1.715E+00 15 1.187E-04 2.000E+01 16 1.531E-03 1.383E+00
17 1.330E-04 1.934E+01 19 3.057E-03 7.753E+00 20 2.855E-03 8.194E+00 22 4.573E-07 7.094E+01 23 1.010E-03 1.128E+00
24 3.386E-03 3.537E-01 26 3.995E-03 6.716E-01 27 1.643E-03 8.873E-01
151  22
 1 2.326E-04 4.008E+01  2 1.257E-04 8.763E+00  3 4.909E-04 6.557E+00  4 1.712E-04 9.134E+01  5 8.709E-06 6.888E+01
 6 7.225E-05 1.863E+01  7 6.478E-06 3.227E+01  8 2.854E-06 6.632E+01  9 6.318E-08 1.000E+02 10 7.015E-04 6.248E+00
11 3.788E-05 2.364E+01 12 1.394E-04 5.830E+00 13 3.745E-03 1.372E+00 15 1.353E-04 1.779E+01 16 1.498E-03 1.068E+00
17 1.531E-04 1.463E+01 19 3.059E-03 8.281E+00 20 3.350E-03 8.258E+00 23 1.106E-03 1.628E+00 24 3.334E-03 3.442E-01
26 3.922E-03 4.392E-01 27 1.603E-03 6.929E-01
152  21
 1 9.632E-05 4.327E+01  2 1.287E-04 9.098E+00  3 3.931E-04 6.278E+00  4 2.344E-04 8.161E+01  5 3.980E-05 6.487E+01
 6 9.556E-05 1.919E+01  7 3.599E-06 6.055E+01  8 6.660E-08 1.000E+02 10 6.087E-04 4.351E+00 11 2.999E-05 3.351E+01
12 1.066E-04 8.061E+00 13 3.235E-03 1.294E+00 15 6.444E-05 1.712E+01 16 1.549E-03 1.064E+00 17 9.081E-05 2.390E+01
19 2.258E-03 1.234E+01 20 3.387E-03 9.990E+00 23 1.249E-03 1.197E+00 24 3.334E-03 3.830E-01 26 4.281E-03 7.990E-01
27 1.847E-03 9.193E-01
153  24
 1 1.792E-04 4.442E+01  2 1.472E-04 7.722E+00  3 3.769E-04 7.479E+00  4 5.330E-05 7.082E+01  5 5.946E-05 1.000E+02
 6 6.815E-05 1.901E+01  7 4.043E-06 3.512E+01  8 9.850E-06 5.025E+01  9 1.091E-07 1.000E+02 10 6.504E-04 5.449E+00
11 2.122E-05 2.414E+01 12 1.029E-04 7.381E+00 13 2.767E-03 1.880E+00 15 5.145E-05 2.268E+01 16 1.538E-03 1.082E+00
17 1.064E-04 1.796E+01 19 1.842E-03 1.120E+01 20 4.195E-03 8.509E+00 22 4.961E-06 1.000E+02 23 1.360E-03 1.701E+00
24 3.386E-03 3.647E-01 25 2.171E-08 1.000E+02 26 5.593E-03 4.965E-01 27 2.709E-03 6.238E-01
154  21
 1 6.306E-05 6.021E+01  2 1.656E-04 8.198E+00  3 3.107E-04 9.023E+00  4 2.270E-04 6.201E+01  6 8.785E-05 1.943E+01
 7 6.583E-07 5.447E+01  8 3.471E-06 5.812E+01 10 5.057E-04 6.182E+00 11 1.672E-05 2.372E+01 12 1.069E-04 1.135E+01
13 2.367E-03 1.908E+00 15 8.705E-05 2.100E+01 16 1.573E-03 8.818E-01 17 8.890E-05 2.044E+01 19 1.677E-03 1.047E+01
20 5.343E-03 5.525E+00 23 1.519E-03 1.526E+00 24 3.301E-03 3.373E-01 25 4.516E-08 9.085E+01 26 5.509E-03 5.019E-01
27 2.669E-03 6.073E-01
155  21
 1 2.920E-05 6.928E+01  2 2.062E-04 6.052E+00  3 3.423E-04 7.891E+00  4 2.332E-04 4.439E+01  5 7.748E-05 7.924E+01
 6 5.898E-05 2.097E+01  7 6.003E-06 3.294E+01  8 3.016E-06 5.268E+01 10 4.801E-04 7.168E+00 11 3.136E-05 2.263E+01
12 1.040E-04 8.368E+00 13 2.055E-03 1.298E+00 15 9.251E-05 3.098E+01 16 1.583E-03 1.462E+00 17 1.005E-04 1.764E+01
19 1.696E-03 1.116E+01 20 5.722E-03 5.709E+00 23 1.816E-03 1.410E+00 24 3.186E-03 3.178E-01 26 4.723E-03 5.758E-01
27 2.147E-03 7.387E-01
156  22
 1 2.820E-05 4.553E+01  2 2.519E-04 5.191E+00  3 3.281E-04 8.014E+00  4 5.696E-04 3.873E+01  5 5.477E-05 9.863E+01
 6 4.001E-05 2.124E+01  7 3.254E-06 3.303E+01  8 1.622E-05 4.715E+01  9 7.256E-08 1.000E+02 10 4.417E-04 7.959E+00
11 1.311E-05 3.865E+01 12 8.186E-05 1.014E+01 13 1.882E-03 2.587E+00 15 7.076E-05 2.583E+01 16 1.663E-03 1.163E+00
17 6.417E-05 2.124E+01 19 1.121E-03 1.906E+01 20 5.853E-03 8.250E+00 23 2.037E-03 1.438E+00 24 3.088E-03 3.488E-01
26 4.343E-03 5.538E-01 27 1.673E-03 6.741E-01
157  22
 1 1.030E-04 4.727E+01  2 2.787E-04 4.538E+00  3 2.931E-04 9.898E+00  4 7.836E-04 3.455E+01  5 3.364E-07 1.000E+02
 6 4.505E-05 1.894E+01  7 2.609E-06 4.213E+01  8 9.726E-06 5.062E+01 10 3.911E-04 5.978E+00 11 1.970E-05 2.743E+01
12 7.273E-05 1.015E+01 13 1.652E-03 2.259E+00 15 8.919E-05 2.554E+01 16 1.684E-03 1.095E+00 17 8.936E-05 2.321E+01
19 1.249E-03 1.662E+01 20 6.921E-03 6.705E+00 23 2.351E-03 1.021E+00 24 2.999E-03 3.936E-01 25 2.583E-09 1.000E+02
26 4.521E-03 6.243E-01 27 1.701E-03 8.406E-01
158  21
 1 8.510E-05 5.760E+01  2 3.500E-04 4.461E+00  3 2.178E-04 1.078E+01  4 9.350E-04 4.798E+01  6 5.937E-05 2.482E+01
 7 4.127E-06 5.286E+01  8 7.381E-06 4.855E+01  9 4.963E-06 5.887E+01 10 3.296E-04 8.050E+00 11 1.224E-05 3.623E+01
12 5.234E-05 1.448E+01 13 1.417E-03 2.034E+00 15 5.613E-05 3.357E+01 16 1.808E-03 1.004E+00 17 5.371E-05 2.763E+01
19 9.700E-04 1.684E+01 20 8.244E-03 7.657E+00 23 2.793E-03 1.132E+00 24 2.811E-03 3.129E-01 26 4.055E-03 5.601E-01
27 1.515E-03 9.210E-01
159  22
 1 3.842E-05 6.401E+01  2 3.646E-04 4.611E+00  3 1.964E-04 9.385E+00  4 6.820E-04 4.379E+01  5 2.534E-05 7.439E+01
 6 4.133E-05 2.218E+01  7 6.422E-06 5.405E+01  8 3.941E-06 6.601E+01 10 2.881E-04 8.008E+00 11 1.683E-05 2.761E+01
12 8.002E-05 1.008E+01 13 1.323E-03 2.737E+00 15 7.001E-05 3.413E+01 16 1.975E-03 1.118E+00 17 5.219E-05 2.603E+01
19 1.195E-03 1.619E+01 20 1.247E-02 3.788E+00 21 1.997E-06 1.000E+02 23 3.468E-03 9.313E-01 24 2.546E-03 4.301E-01
26 2.440E-03 8.693E-01 27 1.043E-03 9.792E-01
160  22
 1 1.286E-04 4.187E+01  2 4.389E-04 4.709E+00  3 1.991E-04 1.035E+01  4 8.972E-04 3.212E+01  6 1.591E-05 4.225E+01
 7 4.851E-06 4.473E+01  8 1.687E-06 6.936E+01  9 1.504E-06 7.040E+01 10 2.804E-04 1.053E+01 11 1.229E-05 5.173E+01
12 6.844E-05 9.567E+00 13 1.158E-03 2.430E+00 15 5.484E-05 3.529E+01 16 6.462E-03 4.708E-01 17 6.719E-05 2.169E+01
19 1.096E-03 1.740E+01 20 1.129E-02 5.450E+00 23 4.136E-03 9.949E-01 24 2.283E-03 3.946E-01 25 1.219E-10 1.000E+02
26 2.181E-03 9.204E-01 27 9.315E-04 9.434E-01
161  23
 1 3.328E-05 4.769E+01  2 2.939E-04 4.565E+00  3 1.327E-04 9.214E+00  4 1.111E-04 8.603E+01  6 2.586E-05 3.251E+01
 7 1.099E-06 4.013E+01  8 4.081E-06 6.092E+01  9 3.731E-08 1.000E+02 10 1.767E-04 5.991E+00 11 1.098E-05 3.970E+01
12 4.641E-05 9.211E+00 13 9.710E-04 2.334E+00 14 5.665E-07 1.000E+02 15 3.336E-05 2.693E+01 16 1.386E-03 7.698E-01
17 4.072E-05 2.467E+01 19 7.590E-04 1.896E+01 20 4.280E-02 2.666E+00 22 1.887E-06 1.000E+02 23 1.136E-02 4.043E-01
24 9.055E-04 4.392E-01 26 2.120E-03 7.468E-01 27 8.699E-04 7.979E-01
162  21
 1 3.223E-05 7.994E+01  2 3.212E-04 3.779E+00  3 9.991E-05 1.547E+01  4 1.369E-04 6.612E+01  5 1.991E-07 1.000E+02
 6 2.603E-05 2.842E+01  7 1.108E-06 4.040E+01  8 3.033E-06 5.845E+01 10 1.727E-04 7.767E+00 11 1.190E-05 2.935E+01
12 3.739E-05 7.861E+00 13 8.406E-04 2.557E+00 15 4.981E-05 2.811E+01 16 1.412E-03 8.139E-01 17 3.389E-05 2.355E+01
19 5.810E-04 1.536E+01 20 6.319E-02 2.042E+00 23 1.218E-02 3.087E-01 24 7.554E-04 5.503E-01 26 2.115E-03 5.663E-01
27 8.240E-04 6.708E-01
163  22
 1 5.149E-05 6.874E+01  2 3.677E-04 3.805E+00  3 9.748E-05 1.358E+01  4 1.593E-04 4.922E+01  5 1.353E-05 7.714E+01
 6 3.013E-05 2.804E+01  7 1.375E-06 6.123E+01  8 3.248E-06 6.997E+01  9 1.083E-07 1.000E+02 10 1.398E-04 7.082E+00
11 1.590E-05 4.012E+01 12 3.532E-05 1.122E+01 13 7.530E-04 2.067E+00 15 2.319E-05 2.797E+01 16 1.408E-03 9.459E-01
17 1.901E-05 2.150E+01 19 8.463E-04 1.430E+01 20 7.740E-02 2.449E+00 23 1.287E-02 3.726E-01 24 6.492E-04 5.669E-01
26 2.153E-03 5.318E-01 27 8.068E-04 5.644E-01
164  21
 1 1.888E-05 7.128E+01  2 4.080E-04 3.527E+00  3 7.499E-05 1.346E+01  4 2.661E-04 4.679E+01  5 6.372E-06 9.633E+01
 6 1.390E-05 3.159E+01  7 2.425E-07 7.032E+01  8 3.491E-06 7.411E+01 10 1.716E-04 1.083E+01 11 1.142E-05 3.670E+01
12 3.326E-05 1.042E+01 13 6.668E-04 2.127E+00 15 1.593E-05 6.082E+01 16 1.431E-03 8.141E-01 17 4.127E-05 3.666E+01
19 5.677E-04 1.354E+01 20 7.659E-02 1.649E+00 23 1.337E-02 3.434E-01 24 5.758E-04 6.359E-01 26 2.203E-03 6.300E-01
27 7.946E-04 7.395E-01
165  20
 1 1.926E-05 9.498E+01  2 4.759E-04 3.362E+00  3 5.950E-05 1.339E+01  4 2.211E-04 4.363E+01  6 8.660E-06 2.744E+01
 7 7.789E-08 4.520E+01  8 1.170E-08 1.000E+02 10 1.271E-04 9.219E+00 11 8.572E-06 3.726E+01 12 3.226E-05 1.003E+01
13 5.788E-04 3.244E+00 15 2.769E-05 3.938E+01 16 1.392E-03 9.585E-01 17 3.012E-05 3.652E+01 19 6.189E-04 2.532E+01
20 7.409E-02 1.652E+00 23 1.374E-02 3.613E-01 24 4.993E-04 8.123E-01 26 2.220E-03 8.200E-01 27 7.705E-04 9.651E-01
166  21
 1 3.173E-05 7.085E+01  2 5.103E-04 3.134E+00  3 6.221E-05 1.408E+01  4 3.281E-04 3.589E+01  5 1.571E-05 9.855E+01
 6 1.091E-05 4.546E+01  7 1.181E-06 6.281E+01  8 2.802E-07 1.000E+02 10 1.101E-04 1.080E+01 11 5.972E-06 3.142E+01
12 3.087E-05 8.364E+00 13 5.203E-04 3.166E+00 15 2.283E-05 3.920E+01 16 1.395E-03 1.069E+00 17 1.562E-05 2.982E+01
19 4.612E-04 1.438E+01 20 6.679E-02 1.832E+00 23 1.417E-02 3.295E-01 24 4.487E-04 6.208E-01 26 2.318E-03 5.050E-01
27 7.803E-04 6.048E-01
167  21
 1 2.999E-05 7.018E+01  2 6.066E-04 2.787E+00  3 5.662E-05 1.175E+01  4 2.810E-04 4.030E+01  6 1.881E-05 3.362E+01
 7 9.535E-07 3.734E+01  8 1.320E-06 6.207E+01 10 1.045E-04 8.237E+00 11 7.532E-06 3.377E+01 12 2.305E-05 1.062E+01
13 4.884E-04 3.002E+00 15 2.207E-05 3.526E+01 16 1.396E-03 8.363E-01 17 1.851E-05 3.821E+01 19 3.860E-04 1.845E+01
20 6.179E-02 1.957E+00 23 1.453E-02 2.850E-01 24 3.960E-04 8.397E-01 25 9.262E-09 1.000E+02 26 2.385E-03 5.734E-01
27 7.802E-04 8.329E-01
168  22
 1 2.714E-05 7.560E+01  2 6.576E-04 2.098E+00  3 6.446E-05 1.477E+01  4 4.548E-04 4.052E+01  5 9.839E-06 1.000E+02
 6 8.027E-06 3.863E+01  7 7.514E-07 4.524E+01  8 1.990E-06 6.896E+01  9 8.161E-07 1.000E+02 10 9.879E-05 8.918E+00
11 4.093E-06 4.295E+01 12 1.815E-05 1.276E+01 13 4.439E-04 3.720E+00 15 1.026E-05 7.838E+01 16 2.302E-03 8.783E-01
17 1.721E-05 3.788E+01 19 4.132E-04 1.907E+01 20 4.836E-02 1.803E+00 23 1.517E-02 3.081E-01 24 3.691E-04 8.544E-01
26 2.596E-03 5.709E-01 27 8.055E-04 6.804E-01
169  21
 1 4.542E-05 5.538E+01  2 7.334E-04 2.423E+00  3 6.679E-05 1.062E+01  4 5.607E-04 3.085E+01  5 2.101E-05 1.000E+02
 6 5.201E-06 5.749E+01  7 3.021E-06 4.041E+01  8 1.115E-06 9.228E+01 10 1.106E-04 9.095E+00 11 3.595E-06 7.159E+01
12 2.163E-05 1.411E+01 13 3.927E-04 3.493E+00 15 8.582E-06 3.701E+01 16 1.483E-03 8.829E-01 17 1.348E-05 3.453E+01
19 3.731E-04 2.040E+01 20 2.667E-02 3.185E+00 23 1.687E-02 2.970E-01 24 3.319E-04 8.191E-01 26 4.293E-03 4.264E-01
27 1.164E-03 4.529E-01
170  20
 1 2.662E-05 5.062E+01  2 8.172E-04 2.004E+00  3 7.110E-05 1.417E+01  4 3.601E-04 3.019E+01  6 4.554E-06 6.582E+01
 7 6.775E-07 8.966E+01  8 1.576E-06 6.521E+01 10 7.889E-05 1.617E+01 11 4.325E-06 4.359E+01 12 2.407E-05 1.426E+01
13 3.502E-04 3.813E+00 15 1.051E-05 6.143E+01 16 1.410E-03 1.005E+00 17 1.359E-05 2.786E+01 19 3.180E-04 2.094E+01
20 1.853E-02 3.913E+00 23 1.736E-02 3.227E-01 24 2.832E-04 8.331E-01 26 4.487E-03 4.253E-01 27 1.186E-03 4.968E-01
171  20
 1 2.300E-07 1.000E+02  2 9.577E-04 1.997E+00  3 4.947E-05 1.799E+01  4 9.435E-04 3.026E+01  6 6.905E-06 4.894E+01
 7 1.643E-06 7.159E+01  8 3.788E-06 6.562E+01 10 5.950E-05 1.061E+01 11 2.671E-06 3.921E+01 12 2.021E-05 1.483E+01
13 3.185E-04 3.775E+00 15 1.312E-05 4.021E+01 16 1.404E-03 9.386E-01 17 1.983E-05 4.035E+01 19 2.634E-04 1.857E+01
20 1.286E-02 4.330E+00 23 1.770E-02 3.169E-01 24 2.534E-04 1.069E+00 26 4.585E-03 4.074E-01 27 1.191E-03 4.977E-01
172  19
 2 1.073E-03 2.293E+00  3 5.057E-05 2.591E+01  4 7.483E-04 2.373E+01  6 1.127E-05 4.876E+01  7 1.065E-06 4.620E+01
 8 3.378E-07 1.000E+02 10 7.060E-05 1.274E+01 11 6.180E-06 4.582E+01 12 1.459E-05 1.692E+01 13 2.726E-04 3.620E+00
15 6.664E-06 6.183E+01 16 1.368E-03 7.996E-01 17 1.240E-05 5.188E+01 19 1.900E-04 1.617E+01 20 9.429E-03 5.348E+00
23 1.800E-02 3.014E-01 24 2.210E-04 1.233E+00 26 4.717E-03 3.786E-01 27 1.209E-03 4.321E-01
173  21
 1 2.723E-05 1.000E+02  2 1.291E-03 2.587E+00  3 3.157E-05 2.431E+01  4 1.103E-03 2.399E+01  5 1.049E-06 1.000E+02
 6 1.007E-05 3.682E+01  7 6.897E-07 9.936E+01  8 1.484E-06 9.970E+01 10 5.149E-05 1.935E+01 11 1.865E-06 4.891E+01
12 1.644E-05 1.611E+01 13 2.448E-04 4.196E+00 15 9.364E-06 5.289E+01 16 1.357E-03 8.436E-01 17 9.863E-06 3.269E+01
19 2.177E-04 2.106E+01 20 7.559E-03 3.619E+00 23 1.810E-02 3.431E-01 24 1.954E-04 1.102E+00 26 4.749E-03 4.746E-01
27 1.211E-03 4.948E-01
174  20
 1 6.950E-06 1.000E+02  2 1.413E-03 2.397E+00  3 4.277E-05 2.058E+01  4 8.942E-04 2.816E+01  6 6.494E-06 3.853E+01
 7 1.649E-07 1.000E+02  8 5.338E-08 1.000E+02 10 4.922E-05 2.094E+01 11 1.318E-06 5.273E+01 12 1.403E-05 1.494E+01
13 2.218E-04 3.916E+00 15 1.061E-05 5.869E+01 16 1.345E-03 9.078E-01 17 1.329E-05 4.069E+01 19 1.389E-04 2.704E+01
20 7.319E-03 4.706E+00 23 1.828E-02 2.963E-01 24 1.765E-04 1.462E+00 26 4.810E-03 4.000E-01 27 1.213E-03 4.084E-01
175  18
 2 1.658E-03 2.231E+00  3 3.901E-05 2.179E+01  4 1.316E-03 3.012E+01  6 5.496E-06 4.562E+01  7 5.717E-08 9.534E+01
10 4.118E-05 2.002E+01 11 2.151E-06 6.440E+01 12 1.204E-05 1.739E+01 13 1.919E-04 4.923E+00 15 7.309E-06 6.403E+01
16 1.334E-03 1.007E+00 17 1.264E-05 7.761E+01 19 2.429E-04 2.526E+01 20 5.492E-03 5.507E+00 23 1.833E-02 3.203E-01
24 1.562E-04 1.691E+00 26 4.860E-03 4.992E-01 27 1.215E-03 6.470E-01
176  19
 2 1.893E-03 1.870E+00  3 2.776E-05 1.776E+01  4 1.194E-03 1.992E+01  6 2.338E-06 4.952E+01  7 7.187E-07 8.091E+01
 8 9.580E-07 9.237E+01 10 6.471E-05 1.083E+01 11 3.897E-06 6.129E+01 12 1.013E-05 2.237E+01 13 1.735E-04 5.513E+00
15 1.486E-05 5.596E+01 16 1.327E-03 6.743E-01 17 9.176E-06 5.966E+01 19 9.275E-05 3.210E+01 20 5.055E-03 5.056E+00
23 1.860E-02 2.995E-01 24 1.426E-04 1.339E+00 26 4.948E-03 3.767E-01 27 1.228E-03 4.796E-01
177  21
 2 2.152E-03 1.361E+00  3 3.220E-05 2.133E+01  4 1.610E-03 2.295E+01  5 1.271E-05 1.000E+02  6 2.028E-06 7.278E+01
 7 1.521E-06 7.505E+01  8 1.568E-06 8.356E+01  9 5.712E-07 1.000E+02 10 4.414E-05 1.704E+01 11 3.052E-06 4.963E+01
12 9.420E-06 1.860E+01 13 1.515E-04 4.499E+00 15 7.534E-07 6.788E+01 16 1.312E-03 1.047E+00 17 8.201E-06 4.728E+01
19 1.311E-04 3.141E+01 20 3.918E-03 6.091E+00 23 1.858E-02 3.201E-01 24 1.295E-04 9.714E-01 26 4.984E-03 5.125E-01
27 1.230E-03 5.382E-01
178  19
 1 4.290E-05 8.962E+01  2 2.502E-03 1.923E+00  3 2.585E-05 2.440E+01  4 2.212E-03 1.882E+01  6 2.915E-06 4.975E+01
 7 8.870E-09 1.000E+02 10 3.313E-05 1.888E+01 11 2.466E-06 5.473E+01 12 6.586E-06 1.842E+01 13 1.390E-04 5.171E+00
15 1.708E-05 7.289E+01 16 1.304E-03 9.075E-01 17 8.942E-06 4.156E+01 19 1.002E-04 3.328E+01 20 4.194E-03 7.148E+00
23 1.873E-02 3.366E-01 24 1.142E-04 1.786E+00 26 5.062E-03 4.639E-01 27 1.237E-03 4.821E-01
179  20
 1 1.441E-06 1.000E+02  2 2.843E-03 1.332E+00  3 2.556E-05 2.889E+01  4 2.298E-03 1.542E+01  6 4.863E-06 6.520E+01
 7 2.408E-08 1.000E+02  8 1.003E-07 1.000E+02 10 2.362E-05 2.236E+01 11 1.106E-06 5.953E+01 12 9.768E-06 1.993E+01
13 1.186E-04 4.214E+00 15 3.142E-06 9.222E+01 16 1.325E-03 9.459E-01 17 3.058E-07 6.901E+01 19 1.007E-04 3.614E+01
20 3.270E-03 5.366E+00 23 1.878E-02 3.088E-01 24 1.031E-04 1.964E+00 26 5.113E-03 4.553E-01 27 1.236E-03 4.888E-01
180  20
 1 1.024E-06 8.320E+01  2 3.353E-03 1.200E+00  3 1.965E-05 2.070E+01  4 2.152E-03 1.405E+01  6 2.096E-06 1.000E+02
 7 4.497E-08 7.533E+01  9 2.343E-07 1.000E+02 10 2.953E-05 2.313E+01 11 1.746E-06 5.633E+01 12 6.626E-06 1.447E+01
13 1.071E-04 4.746E+00 15 1.079E-05 6.963E+01 16 1.303E-03 1.215E+00 17 2.636E-06 6.739E+01 19 1.401E-04 3.740E+01
20 2.833E-03 8.332E+00 23 1.890E-02 2.895E-01 24 9.216E-05 1.395E+00 26 5.178E-03 4.087E-01 27 1.236E-03 3.846E-01
181  19
 1 3.722E-05 9.701E+01  2 3.960E-03 1.202E+00  3 3.089E-05 2.080E+01  4 3.617E-03 1.455E+01  6 3.798E-06 6.136E+01
 8 2.762E-08 1.000E+02 10 1.876E-05 2.357E+01 11 3.911E-07 8.317E+01 12 6.865E-06 1.934E+01 13 9.809E-05 7.438E+00
15 2.391E-06 6.808E+01 16 1.288E-03 7.383E-01 17 9.042E-06 6.422E+01 19 5.114E-05 4.574E+01 20 2.678E-03 8.001E+00
23 1.912E-02 3.130E-01 24 8.436E-05 1.521E+00 26 5.380E-03 4.450E-01 27 1.268E-03 4.605E-01
182  20
 1 8.067E-06 1.000E+02  2 4.792E-03 8.477E-01  3 2.753E-05 1.872E+01  4 4.181E-03 1.088E+01  5 1.832E-05 1.000E+02
 6 2.434E-06 6.907E+01  7 1.783E-07 1.000E+02 10 1.393E-05 2.030E+01 11 3.364E-06 7.026E+01 12 6.397E-06 2.392E+01
13 9.122E-05 7.164E+00 15 7.736E-06 5.626E+01 16 1.290E-03 9.674E-01 17 8.404E-06 6.811E+01 19 1.274E-04 2.820E+01
20 2.334E-03 7.488E+00 23 1.933E-02 3.336E-01 24 7.567E-05 2.117E+00 26 5.552E-03 4.417E-01 27 1.213E-03 4.527E-01
183  19
 2 5.747E-03 1.113E+00  3 2.510E-05 1.956E+01  4 5.631E-03 1.023E+01  5 8.014E-07 1.000E+02  6 2.844E-06 6.726E+01
 7 1.115E-08 1.000E+02 10 1.952E-05 3.558E+01 11 1.052E-06 7.260E+01 12 4.130E-06 2.808E+01 13 7.774E-05 5.638E+00
15 8.758E-06 7.924E+01 16 1.275E-03 9.552E-01 17 5.086E-06 7.109E+01 19 4.679E-05 4.132E+01 20 1.673E-03 1.026E+01
23 1.942E-02 2.886E-01 24 6.744E-05 2.371E+00 26 5.897E-03 3.045E-01 27 1.274E-03 2.922E-01
184  21
 1 1.172E-05 1.000E+02  2 7.791E-03 7.505E-01  3 3.686E-05 2.288E+01  4 8.584E-03 9.170E+00  5 3.049E-06 1.000E+02
 6 2.349E-06 7.984E+01  7 2.983E-08 1.000E+02  8 7.938E-07 1.000E+02 10 2.342E-05 2.893E+01 11 1.093E-06 1.000E+02
12 6.464E-06 3.448E+01 13 7.659E-05 6.302E+00 15 3.109E-07 7.180E+01 16 1.244E-03 9.581E-01 17 2.106E-06 6.453E+01
19 6.082E-05 6.681E+01 20 1.384E-03 1.012E+01 23 1.957E-02 3.175E-01 24 6.154E-05 1.950E+00 26 6.163E-03 3.331E-01
27 1.322E-03 3.886E-01
185  19
 2 1.012E-02 1.123E+00  3 1.163E-05 2.725E+01  4 1.281E-02 9.107E+00  5 4.282E-07 1.000E+02  6 3.728E-06 6.836E+01
 7 2.960E-07 1.000E+02 10 1.395E-05 3.198E+01 11 4.422E-07 9.366E+01 12 3.665E-06 3.895E+01 13 5.940E-05 6.379E+00
15 5.213E-06 1.000E+02 16 1.241E-03 1.254E+00 17 4.015E-06 7.328E+01 19 2.058E-05 5.986E+01 20 1.519E-03 1.121E+01
23 1.984E-02 3.102E-01 24 5.370E-05 2.167E+00 26 6.405E-03 3.623E-01 27 1.365E-03 4.004E-01
186  19
 1 7.336E-06 1.000E+02  2 1.260E-02 6.952E-01  3 1.592E-05 3.335E+01  4 1.211E-01 2.072E+00  6 3.206E-08 1.000E+02
 7 1.876E-08 9.188E+01 10 1.551E-05 3.141E+01 11 5.097E-08 1.000E+02 12 3.252E-06 5.896E+01 13 4.727E-05 1.076E+01
15 6.448E-07 1.000E+02 16 1.165E-03 9.490E-01 17 3.546E-06 9.182E+01 19 5.580E-05 3.236E+01 20 1.021E-03 1.109E+01
23 1.967E-02 2.835E-01 24 4.627E-05 2.642E+00 26 6.376E-03 3.740E-01 27 1.347E-03 3.695E-01
187  18
 1 2.353E-06 1.000E+02  2 1.556E-02 6.208E-01  3 1.284E-05 2.632E+01  4 1.226E-01 2.422E+00  6 9.032E-07 8.128E+01
10 1.233E-05 3.382E+01 11 1.199E-06 6.754E+01 12 3.661E-06 2.625E+01 13 5.000E-05 7.444E+00 15 1.998E-07 7.213E+01
16 1.156E-03 1.022E+00 17 2.244E-06 5.515E+01 19 3.355E-05 4.749E+01 20 1.263E-03 1.124E+01 23 1.965E-02 3.053E-01
24 4.284E-05 2.350E+00 26 6.259E-03 3.530E-01 27 1.309E-03 4.044E-01
188  17
 1 1.599E-06 1.000E+02  2 1.883E-02 6.023E-01  3 1.791E-05 2.898E+01  4 1.208E-01 2.174E+00  6 8.485E-06 6.992E+01
 7 3.210E-07 1.000E+02 10 1.230E-05 2.566E+01 12 3.422E-06 2.716E+01 13 5.090E-05 8.454E+00 16 1.172E-03 1.025E+00
17 7.748E-06 6.141E+01 19 7.529E-06 8.075E+01 20 7.696E-04 1.483E+01 23 1.948E-02 3.064E-01 24 3.988E-05 2.819E+00
26 6.014E-03 3.420E-01 27 1.247E-03 3.847E-01
189  18
 1 6.250E-06 1.000E+02  2 2.147E-02 5.373E-01  3 1.692E-05 2.479E+01  4 1.159E-01 1.965E+00  6 2.435E-06 7.095E+01
10 8.669E-06 3.208E+01 11 1.702E-06 6.021E+01 12 2.228E-06 2.379E+01 13 3.963E-05 9.205E+00 15 5.189E-06 7.769E+01
16 1.178E-03 8.185E-01 17 5.729E-06 5.496E+01 19 4.849E-06 8.623E+01 20 6.777E-04 1.905E+01 23 1.936E-02 3.148E-01
24 3.561E-05 2.841E+00 26 5.821E-03 4.095E-01 27 1.196E-03 4.745E-01
190  17
 2 2.451E-02 5.540E-01  3 1.436E-05 3.737E+01  4 1.384E-02 6.344E+00  6 8.923E-08 6.885E+01 10 8.928E-06 3.578E+01
11 1.394E-06 1.000E+02 12 2.086E-06 4.034E+01 13 4.156E-05 9.642E+00 15 1.783E-07 8.310E+01 16 1.204E-03 8.318E-01
17 1.798E-07 8.374E+01 19 1.321E-05 7.902E+01 20 6.295E-04 1.190E+01 23 1.937E-02 2.968E-01 24 3.448E-05 2.345E+00
26 5.677E-03 3.584E-01 27 1.158E-03 3.776E-01
191  17
 2 2.623E-02 3.769E-01  3 6.264E-06 3.268E+01  4 9.776E-03 6.925E+00  6 6.486E-07 6.679E+01 10 8.325E-06 4.232E+01
11 1.400E-06 8.178E+01 12 1.992E-06 2.716E+01 13 3.526E-05 9.657E+00 15 3.504E-07 7.160E+01 16 1.236E-03 8.845E-01
17 1.501E-06 6.678E+01 19 1.244E-05 1.000E+02 20 5.531E-04 1.344E+01 23 1.930E-02 3.042E-01 24 3.039E-05 3.916E+00
26 5.668E-03 4.145E-01 27 1.151E-03 4.464E-01
192  16
 2 2.739E-02 4.956E-01  3 1.145E-05 2.619E+01  4 6.671E-03 7.244E+00  6 8.719E-08 1.000E+02 10 7.719E-06 2.574E+01
12 2.009E-06 4.804E+01 13 2.036E-05 8.532E+00 15 1.901E-08 1.000E+02 16 1.196E-03 9.593E-01 17 2.150E-06 1.000E+02
19 2.353E-05 4.811E+01 20 3.793E-04 1.344E+01 23 1.923E-02 2.968E-01 24 2.837E-05 2.390E+00 26 5.692E-03 3.871E-01
27 1.156E-03 4.337E-01
193  17
 2 2.846E-02 4.059E-01  3 1.028E-05 3.973E+01  4 5.043E-03 1.149E+01  6 1.426E-07 1.000E+02  7 3.515E-07 1.000E+02
10 6.184E-06 4.533E+01 12 1.286E-06 3.011E+01 13 2.220E-05 1.116E+01 15 3.172E-06 8.438E+01 16 1.225E-03 8.404E-01
17 4.401E-08 1.000E+02 19 1.476E-05 8.524E+01 20 3.805E-04 2.172E+01 23 1.917E-02 2.824E-01 24 2.517E-05 2.951E+00
26 5.663E-03 3.659E-01 27 1.149E-03 3.990E-01
194  17
 2 2.871E-02 4.798E-01  3 1.037E-05 3.805E+01  4 3.821E-03 1.133E+01  6 1.412E-06 7.384E+01  7 2.462E-07 7.097E+01
 8 2.369E-06 7.148E+01 10 4.698E-06 5.553E+01 12 2.203E-06 3.908E+01 13 2.818E-05 1.187E+01 15 2.372E-08 1.000E+02
16 1.211E-03 9.354E-01 17 3.001E-06 6.905E+01 20 2.913E-04 2.141E+01 23 1.911E-02 3.143E-01 24 2.258E-05 3.996E+00
26 5.674E-03 4.139E-01 27 1.150E-03 4.481E-01
195  17
 1 9.661E-08 1.000E+02  2 2.845E-02 4.183E-01  3 1.138E-05 4.374E+01  4 2.732E-03 1.946E+01  6 1.467E-07 1.000E+02
10 4.144E-06 6.383E+01 11 1.042E-06 5.470E+01 12 1.109E-06 4.344E+01 13 2.652E-05 1.224E+01 16 1.219E-03 9.116E-01
17 1.144E-08 1.000E+02 19 7.573E-06 1.000E+02 20 2.990E-04 2.127E+01 23 1.871E-02 3.092E-01 24 2.268E-05 3.071E+00
26 5.538E-03 3.638E-01 27 1.123E-03 3.798E-01
196  14
 2 2.815E-02 4.385E-01  3 2.506E-06 5.670E+01  4 3.157E-03 1.224E+01 10 6.096E-06 5.860E+01 12 9.983E-07 3.425E+01
13 2.220E-05 1.042E+01 16 1.231E-03 7.867E-01 17 1.080E-06 7.673E+01 19 5.045E-06 7.636E+01 20 3.921E-04 3.102E+01
23 1.858E-02 2.988E-01 24 1.931E-05 4.741E+00 26 5.518E-03 3.810E-01 27 1.120E-03 4.086E-01
197  14
 2 2.706E-02 4.559E-01  3 5.939E-06 3.756E+01  4 2.336E-03 1.842E+01  6 2.946E-07 1.000E+02 10 3.684E-06 3.702E+01
12 2.735E-07 5.012E+01 13 1.453E-05 1.648E+01 16 1.201E-03 9.332E-01 19 1.237E-06 9.170E+01 20 2.844E-04 1.771E+01
23 1.823E-02 2.894E-01 24 1.640E-05 3.929E+00 26 5.510E-03 3.383E-01 27 1.119E-03 3.639E-01
198  13
 2 2.586E-02 4.791E-01  3 6.509E-06 4.365E+01  4 1.747E-03 1.427E+01 10 6.356E-07 7.023E+01 12 6.912E-08 6.889E+01
13 1.430E-05 1.749E+01 16 1.235E-03 9.427E-01 19 3.864E-06 9.734E+01 20 2.154E-04 3.477E+01 23 1.786E-02 3.205E-01
24 1.416E-05 3.635E+00 26 5.471E-03 4.055E-01 27 1.111E-03 4.497E-01
199  15
 2 2.448E-02 5.359E-01  3 1.630E-06 4.661E+01  4 1.488E-03 1.976E+01 10 1.528E-06 4.596E+01 11 6.488E-07 1.000E+02
12 1.303E-06 6.193E+01 13 1.347E-05 1.565E+01 16 1.245E-03 9.054E-01 17 4.987E-06 6.966E+01 19 6.611E-06 1.000E+02
20 2.535E-04 2.276E+01 23 1.744E-02 2.906E-01 24 1.207E-05 4.818E+00 26 5.418E-03 3.344E-01 27 1.103E-03 3.571E-01
200  14
 2 2.228E-02 5.063E-01  3 1.354E-07 5.061E+01  4 1.690E-03 1.903E+01  6 2.289E-07 1.000E+02 10 2.027E-06 4.738E+01
12 5.609E-07 4.417E+01 13 1.474E-05 1.415E+01 16 1.260E-03 8.864E-01 19 1.351E-06 7.301E+01 20 2.430E-04 2.934E+01
23 1.682E-02 3.242E-01 24 1.073E-05 5.161E+00 26 5.370E-03 4.095E-01 27 1.094E-03 4.575E-01
201  14
 2 2.031E-02 5.416E-01  3 5.140E-07 5.628E+01  4 9.625E-04 2.477E+01 10 5.438E-06 4.926E+01 11 1.393E-06 6.924E+01
12 1.974E-07 7.975E+01 13 8.948E-06 1.602E+01 16 1.295E-03 9.085E-01 19 9.867E-06 1.000E+02 20 1.416E-04 2.339E+01
23 1.630E-02 2.839E-01 24 8.342E-06 5.383E+00 26 5.337E-03 4.089E-01 27 1.093E-03 4.509E-01
202  14
 2 1.733E-02 4.556E-01  3 3.393E-06 7.398E+01  4 8.460E-04 2.701E+01  7 6.155E-08 1.000E+02 10 1.667E-06 5.351E+01
11 3.184E-07 1.000E+02 12 2.851E-07 7.604E+01 13 6.968E-06 2.480E+01 16 1.307E-03 9.754E-01 20 1.820E-04 2.997E+01
23 1.531E-02 3.007E-01 24 6.950E-06 6.013E+00 26 5.184E-03 3.631E-01 27 1.067E-03 3.991E-01
203  16
 1 2.931E-06 1.000E+02  2 1.422E-02 5.141E-01  3 9.898E-07 8.411E+01  4 9.384E-04 2.777E+01  7 9.921E-09 1.000E+02
 8 1.591E-08 1.000E+02 10 2.249E-06 5.469E+01 12 3.635E-07 8.033E+01 13 5.194E-06 1.577E+01 16 1.321E-03 8.654E-01
17 1.210E-06 1.000E+02 20 1.463E-04 2.456E+01 23 1.428E-02 2.994E-01 24 6.175E-06 5.958E+00 26 5.023E-03 3.260E-01
27 1.039E-03 3.571E-01
204  17
 1 1.156E-06 1.000E+02  2 1.076E-02 7.974E-01  3 3.998E-07 9.421E+01  4 3.590E-04 2.680E+01  7 4.087E-08 1.000E+02
 8 1.562E-07 1.000E+02 10 5.766E-07 6.792E+01 11 6.700E-07 1.000E+02 12 6.872E-08 6.912E+01 13 3.038E-06 2.625E+01
16 1.385E-03 9.110E-01 19 2.004E-07 6.895E+01 20 6.833E-05 2.984E+01 23 1.300E-02 3.261E-01 24 4.925E-06 4.654E+00
26 4.756E-03 3.418E-01 27 9.922E-04 3.805E-01
205  13
 2 7.131E-03 1.055E+00  3 5.652E-07 1.000E+02  4 2.855E-04 2.825E+01 10 7.499E-08 6.888E+01 12 2.038E-07 7.685E+01
13 2.488E-06 2.781E+01 16 1.429E-03 6.976E-01 17 2.194E-08 1.000E+02 20 8.723E-05 3.257E+01 23 1.155E-02 3.353E-01
24 3.487E-06 9.541E+00 26 4.423E-03 3.239E-01 27 9.313E-04 3.553E-01
206  15
 2 4.263E-03 9.604E-01  3 2.558E-07 6.055E+01  4 3.152E-04 3.664E+01 10 4.749E-07 9.658E+01 11 1.196E-07 1.000E+02
12 3.473E-07 6.691E+01 13 3.143E-06 2.653E+01 15 1.112E-06 1.000E+02 16 1.467E-03 7.330E-01 17 3.664E-07 1.000E+02
20 7.070E-05 3.338E+01 23 9.391E-03 3.530E-01 24 2.439E-06 6.431E+00 26 3.611E-03 4.020E-01 27 7.658E-04 4.279E-01
207  12
 2 2.554E-03 1.219E+00  3 4.668E-07 1.000E+02  4 1.998E-04 2.565E+01 10 1.733E-07 1.000E+02 12 1.114E-07 9.662E+01
13 8.921E-07 3.795E+01 16 1.563E-03 7.982E-01 20 3.466E-05 5.520E+01 23 5.900E-03 3.606E-01 24 1.523E-06 9.180E+00
26 1.898E-03 4.535E-01 27 3.915E-04 4.621E-01
208  11
 2 9.604E-04 8.406E-01  3 3.246E-07 1.000E+02  4 8.464E-05 6.055E+01  7 6.017E-09 1.000E+02 13 3.544E-07 4.457E+01
16 1.367E-03 4.368E-01 20 5.157E-06 8.447E+01 23 1.926E-03 4.191E-01 24 6.400E-07 9.061E+00 26 3.473E-04 6.620E-01
27 6.472E-05 7.378E-01