
    ORGAN DOSE CONVERSION FACTORS FOR AN ADULT HERMAPHRODITE
    CALCULATED FOR A VARIETY OF CT SCANNERS AND CONDITIONS.
    VALUES ARE GIVEN FOR 208 5 MM SLICES SPANNING THE BODY
    FROM 100 MM BELOW THE BOTTOM OF THE TRUNK TO THE TOP OF THE HEAD.

                     ORGANS OR REGIONS
 1 ADRENALS              10 HEART                  19 THYMUS                   
 2 BRAIN                 11 KIDNEYS                20 THYROID                  
 3 BREASTS               12 LIVER                  21 URINARY BLADDER          
 4 EYE LENSES            13 LUNGS                  22 UTERUS                   
 5 GALL BLADDER          14 OVARIES                23 HEAD REGION              
 6 STOMACH               15 PANCREAS               24 TRUNK REGION             
 7 SMALL INTESTINE       16 SKIN                   25 LEG REGION               
 8 UPPER LARGE INTESTINE 17 SPLEEN                 26 SKELETON                 
 9 LOWER LARGE INTESTINE 18 TESTICLES              27 RED MARROW               

 18 PHILIPS TOMOSCAN CX,CX/S: SHAPED FILTER (ALUMINIUM)
    FOCUS TO AXIS DISTANCE IS 606 MM
    FAN ANGLE COVERS FULL WIDTH OF TRUNK
    X-RAY SPECTRUM HAS MAXIMUM ENERGY OF 120 KEV
    INITIAL FILTRATION IS 1.4 MM OF ALUMINIUM AND 0.1 MM OF COPPER

    CONVERSION FACTORS AND STATISTICAL UNCERTAINTIES(%) FOR ORGANS IN EACH SLICE
  1  18
 3 1.729E-07 9.673E+01  6 3.454E-06 6.977E+01  7 3.800E-05 2.447E+01  8 3.342E-05 2.911E+01  9 4.656E-04 7.805E+00
10 3.000E-06 1.000E+02 12 9.323E-07 4.887E+01 13 3.168E-08 1.000E+02 14 2.534E-04 4.294E+01 16 2.117E-03 1.095E+00
17 6.843E-07 9.122E+01 18 3.031E-03 1.028E+01 21 3.812E-04 1.324E+01 22 1.121E-04 3.107E+01 24 1.198E-04 1.828E+00
25 7.035E-03 3.231E-01 26 4.004E-03 7.069E-01 27 3.884E-04 9.878E-01
  2  18
 5 7.616E-05 6.903E+01  6 6.451E-06 7.936E+01  7 3.146E-05 2.046E+01  8 2.414E-05 2.238E+01  9 6.042E-04 7.267E+00
11 1.830E-06 5.625E+01 12 9.618E-07 5.166E+01 14 6.664E-05 6.348E+01 15 1.234E-05 9.924E+01 16 2.105E-03 1.081E+00
17 6.294E-06 1.000E+02 18 2.995E-03 8.565E+00 21 3.944E-04 1.597E+01 22 8.854E-05 2.272E+01 24 1.301E-04 2.231E+00
25 7.071E-03 3.539E-01 26 4.041E-03 6.355E-01 27 4.052E-04 1.231E+00
  3  21
 1 2.860E-05 1.000E+02  3 1.765E-08 1.000E+02  5 9.300E-06 1.000E+02  6 1.715E-06 6.584E+01  7 3.889E-05 1.634E+01
 8 4.115E-05 2.959E+01  9 6.011E-04 8.212E+00 11 1.298E-06 1.000E+02 12 1.275E-06 5.302E+01 13 2.148E-07 1.000E+02
14 4.920E-05 6.507E+01 15 1.069E-05 6.930E+01 16 2.116E-03 9.495E-01 17 6.924E-08 1.000E+02 18 3.417E-03 9.038E+00
21 4.330E-04 1.273E+01 22 2.649E-04 2.219E+01 24 1.426E-04 1.865E+00 25 7.018E-03 3.335E-01 26 3.956E-03 5.127E-01
27 4.160E-04 1.014E+00
  4  16
 6 9.543E-06 6.361E+01  7 5.050E-05 9.457E+00  8 3.567E-05 2.047E+01  9 7.696E-04 7.217E+00 11 3.881E-06 5.588E+01
12 2.810E-06 4.088E+01 14 1.454E-04 5.777E+01 15 1.082E-07 1.000E+02 16 2.098E-03 9.440E-01 18 3.731E-03 6.106E+00
21 7.023E-04 1.408E+01 22 1.893E-04 2.100E+01 24 1.660E-04 1.104E+00 25 7.057E-03 3.397E-01 26 3.964E-03 7.035E-01
27 4.417E-04 1.013E+00
  5  21
 1 2.766E-06 1.000E+02  3 2.452E-06 7.878E+01  5 3.799E-06 1.000E+02  6 2.529E-07 8.618E+01  7 4.931E-05 1.317E+01
 8 4.292E-05 1.756E+01  9 7.955E-04 6.774E+00 11 5.191E-06 5.136E+01 12 5.732E-06 4.172E+01 13 4.778E-08 1.000E+02
14 1.711E-04 4.630E+01 15 1.065E-05 7.578E+01 16 2.115E-03 7.407E-01 17 4.292E-06 9.268E+01 18 4.335E-03 6.826E+00
21 7.321E-04 9.830E+00 22 1.649E-04 2.368E+01 24 1.819E-04 1.744E+00 25 7.026E-03 3.929E-01 26 3.990E-03 7.718E-01
27 4.545E-04 1.171E+00
  6  19
 3 1.437E-06 7.301E+01  5 5.031E-07 1.000E+02  6 3.392E-06 7.585E+01  7 5.782E-05 1.178E+01  8 6.330E-05 2.170E+01
 9 9.171E-04 4.680E+00 11 8.861E-07 9.547E+01 12 1.713E-06 3.635E+01 14 2.167E-04 3.565E+01 15 4.971E-06 9.631E+01
16 2.112E-03 8.179E-01 17 1.071E-06 8.807E+01 18 4.126E-03 7.065E+00 21 7.651E-04 1.048E+01 22 2.435E-04 1.840E+01
24 2.005E-04 1.164E+00 25 7.042E-03 3.354E-01 26 3.953E-03 7.094E-01 27 4.703E-04 9.371E-01
  7  17
 3 9.373E-07 9.826E+01  6 1.774E-06 9.154E+01  7 6.652E-05 1.139E+01  8 3.679E-05 1.859E+01  9 9.433E-04 7.007E+00
11 3.278E-06 4.641E+01 12 1.716E-06 5.050E+01 14 2.141E-04 6.028E+01 16 2.120E-03 1.014E+00 17 7.041E-06 6.945E+01
18 4.529E-03 7.155E+00 21 9.473E-04 1.089E+01 22 2.357E-04 1.787E+01 24 2.273E-04 1.459E+00 25 7.026E-03 3.386E-01
26 3.948E-03 6.922E-01 27 4.863E-04 9.302E-01
  8  19
 3 7.961E-07 1.000E+02  6 8.655E-07 6.516E+01  7 8.018E-05 9.259E+00  8 5.030E-05 2.759E+01  9 1.052E-03 4.936E+00
10 1.786E-06 1.000E+02 11 6.329E-06 4.300E+01 12 7.723E-06 5.111E+01 13 1.611E-08 1.000E+02 14 3.437E-04 4.499E+01
15 1.255E-06 1.000E+02 16 2.168E-03 1.218E+00 18 5.228E-03 7.400E+00 21 8.557E-04 9.604E+00 22 3.574E-04 1.690E+01
24 2.574E-04 1.233E+00 25 6.976E-03 4.423E-01 26 3.873E-03 7.245E-01 27 4.925E-04 1.513E+00
  9  21
 3 4.348E-06 6.904E+01  5 5.129E-05 7.124E+01  6 4.627E-06 6.255E+01  7 7.431E-05 1.355E+01  8 8.872E-05 1.686E+01
 9 1.184E-03 6.793E+00 10 3.838E-07 7.477E+01 11 2.497E-06 5.638E+01 12 2.915E-06 4.124E+01 13 9.407E-07 1.000E+02
14 9.039E-05 5.745E+01 15 1.769E-07 7.150E+01 16 2.130E-03 1.214E+00 17 3.967E-07 8.974E+01 18 5.929E-03 7.203E+00
21 1.216E-03 1.108E+01 22 3.810E-04 1.811E+01 24 2.908E-04 1.353E+00 25 6.962E-03 3.442E-01 26 3.895E-03 4.879E-01
27 5.156E-04 1.082E+00
 10  19
 3 3.505E-06 9.149E+01  6 9.505E-06 4.779E+01  7 9.515E-05 7.970E+00  8 6.310E-05 2.162E+01  9 1.481E-03 5.725E+00
11 2.576E-06 7.335E+01 12 3.766E-06 4.179E+01 13 8.326E-07 5.294E+01 14 1.596E-04 4.919E+01 15 2.242E-06 6.897E+01
16 2.152E-03 1.443E+00 17 1.031E-05 7.953E+01 18 6.256E-03 5.650E+00 21 1.053E-03 1.119E+01 22 3.095E-04 1.339E+01
24 3.254E-04 1.481E+00 25 6.955E-03 3.098E-01 26 3.888E-03 9.074E-01 27 5.318E-04 1.333E+00
 11  19
 3 4.538E-08 1.000E+02  5 1.259E-06 1.000E+02  6 1.705E-06 7.271E+01  7 9.093E-05 9.451E+00  8 6.416E-05 2.264E+01
 9 1.602E-03 5.722E+00 11 4.892E-06 4.092E+01 12 3.930E-06 4.341E+01 14 3.776E-04 3.407E+01 15 3.287E-07 6.917E+01
16 2.801E-03 1.028E+00 17 9.816E-06 8.629E+01 18 1.027E-02 4.617E+00 21 1.261E-03 9.440E+00 22 4.391E-04 1.985E+01
24 3.600E-04 9.620E-01 25 6.844E-03 3.147E-01 26 3.709E-03 8.187E-01 27 5.355E-04 1.013E+00
 12  19
 3 4.778E-06 7.928E+01  6 1.300E-05 7.721E+01  7 1.021E-04 8.651E+00  8 7.091E-05 1.410E+01  9 1.835E-03 3.340E+00
11 1.608E-05 3.966E+01 12 6.713E-06 3.034E+01 13 2.273E-06 5.509E+01 14 4.015E-04 5.260E+01 15 1.285E-05 7.341E+01
16 2.342E-03 6.227E-01 17 4.425E-06 6.240E+01 18 2.559E-02 3.369E+00 21 1.421E-03 9.419E+00 22 4.825E-04 1.169E+01
24 4.051E-04 1.247E+00 25 6.766E-03 3.062E-01 26 3.632E-03 6.336E-01 27 5.613E-04 1.057E+00
 13  21
 1 1.160E-05 1.000E+02  3 8.182E-06 4.884E+01  5 3.870E-06 1.000E+02  6 1.742E-05 6.042E+01  7 1.345E-04 9.234E+00
 8 9.270E-05 1.528E+01  9 2.029E-03 2.874E+00 11 3.123E-06 6.665E+01 12 2.961E-06 3.958E+01 13 3.297E-07 1.000E+02
14 3.964E-04 3.089E+01 15 1.116E-05 5.928E+01 16 2.317E-03 1.163E+00 17 5.786E-06 6.795E+01 18 4.414E-02 2.083E+00
21 1.684E-03 7.906E+00 22 6.519E-04 1.271E+01 24 4.601E-04 8.926E-01 25 6.698E-03 3.527E-01 26 3.585E-03 7.280E-01
27 5.722E-04 1.249E+00
 14  18
 3 3.469E-06 7.187E+01  6 1.510E-05 6.230E+01  7 1.297E-04 8.314E+00  8 1.075E-04 1.179E+01  9 2.091E-03 4.416E+00
11 6.526E-06 6.010E+01 12 5.111E-06 2.625E+01 13 2.281E-07 1.000E+02 14 5.986E-04 2.757E+01 16 2.277E-03 7.977E-01
17 3.362E-06 5.869E+01 18 5.341E-02 3.360E+00 21 1.818E-03 7.404E+00 22 5.926E-04 1.233E+01 24 5.179E-04 8.535E-01
25 6.584E-03 3.155E-01 26 3.526E-03 9.134E-01 27 5.848E-04 1.255E+00
 15  20
 3 1.077E-05 4.150E+01  5 2.325E-05 1.000E+02  6 3.773E-06 5.862E+01  7 1.328E-04 9.749E+00  8 1.854E-04 1.812E+01
 9 2.522E-03 4.907E+00 11 7.811E-06 6.263E+01 12 1.171E-05 2.372E+01 13 1.868E-06 6.265E+01 14 5.744E-04 3.998E+01
15 1.082E-05 7.667E+01 16 2.287E-03 8.494E-01 17 2.079E-06 6.392E+01 18 6.172E-02 2.505E+00 21 1.950E-03 5.983E+00
22 6.809E-04 1.417E+01 24 5.899E-04 6.337E-01 25 6.496E-03 3.294E-01 26 3.508E-03 6.870E-01 27 6.272E-04 1.509E+00
 16  21
 3 1.671E-05 5.065E+01  6 6.620E-06 5.621E+01  7 1.370E-04 7.966E+00  8 1.403E-04 1.585E+01  9 2.861E-03 3.788E+00
10 3.326E-07 1.000E+02 11 7.095E-06 3.999E+01 12 7.672E-06 2.587E+01 13 1.088E-06 5.881E+01 14 5.707E-04 3.829E+01
15 1.683E-05 9.492E+01 16 2.214E-03 1.058E+00 17 5.292E-06 6.479E+01 18 6.254E-02 2.081E+00 21 2.495E-03 9.463E+00
22 6.857E-04 1.383E+01 23 2.776E-08 1.000E+02 24 6.703E-04 6.644E-01 25 6.349E-03 3.634E-01 26 3.415E-03 7.102E-01
27 6.578E-04 1.315E+00
 17  21
 1 6.163E-06 1.000E+02  3 4.046E-06 6.509E+01  6 1.887E-05 4.446E+01  7 1.826E-04 7.031E+00  8 1.700E-04 1.163E+01
 9 3.049E-03 4.284E+00 10 1.684E-07 1.000E+02 11 2.372E-05 2.971E+01 12 1.317E-05 3.162E+01 13 4.685E-07 6.815E+01
14 4.217E-04 4.753E+01 15 1.458E-06 5.258E+01 16 2.242E-03 1.140E+00 17 2.917E-06 8.193E+01 18 5.940E-02 2.176E+00
21 2.721E-03 7.074E+00 22 8.598E-04 1.059E+01 24 7.692E-04 6.966E-01 25 6.167E-03 3.773E-01 26 3.328E-03 8.122E-01
27 7.060E-04 1.190E+00
 18  20
 3 3.312E-06 6.223E+01  5 7.421E-05 6.998E+01  6 2.514E-05 3.082E+01  7 2.111E-04 6.862E+00  8 1.758E-04 1.482E+01
 9 3.439E-03 3.784E+00 11 1.362E-05 5.148E+01 12 1.166E-05 2.240E+01 13 3.529E-07 6.420E+01 14 6.141E-04 2.823E+01
15 2.461E-05 7.800E+01 16 2.217E-03 1.426E+00 17 1.097E-05 5.713E+01 18 5.084E-02 3.103E+00 21 2.680E-03 6.412E+00
22 9.013E-04 9.606E+00 24 8.613E-04 7.258E-01 25 5.955E-03 3.211E-01 26 3.261E-03 6.371E-01 27 7.326E-04 1.083E+00
 19  20
 1 2.131E-06 1.000E+02  3 5.828E-06 5.566E+01  6 1.446E-05 3.855E+01  7 2.130E-04 6.266E+00  8 2.422E-04 1.007E+01
 9 3.846E-03 3.019E+00 10 1.281E-07 1.000E+02 11 9.728E-06 4.547E+01 12 1.098E-05 2.427E+01 13 6.719E-07 6.534E+01
14 1.095E-03 2.832E+01 15 6.860E-06 7.525E+01 16 2.200E-03 1.030E+00 18 3.942E-02 2.435E+00 21 3.425E-03 6.935E+00
22 1.052E-03 8.674E+00 24 1.008E-03 7.227E-01 25 5.672E-03 3.859E-01 26 3.160E-03 7.019E-01 27 8.093E-04 1.379E+00
 20  20
 3 1.032E-05 3.094E+01  5 4.552E-05 6.766E+01  6 1.188E-05 4.438E+01  7 2.602E-04 4.734E+00  8 2.354E-04 9.861E+00
 9 4.206E-03 3.303E+00 11 1.713E-05 3.053E+01 12 9.590E-06 1.996E+01 13 1.541E-06 8.323E+01 14 5.594E-04 2.944E+01
15 5.979E-06 7.011E+01 16 2.197E-03 1.202E+00 17 1.683E-05 4.527E+01 18 2.250E-02 3.378E+00 21 3.789E-03 5.719E+00
22 1.009E-03 7.807E+00 24 1.181E-03 4.833E-01 25 5.279E-03 3.212E-01 26 3.013E-03 7.232E-01 27 8.553E-04 1.383E+00
 21  22
 1 2.772E-05 9.197E+01  3 7.591E-06 6.151E+01  5 1.118E-04 7.654E+01  6 3.462E-05 3.367E+01  7 3.270E-04 6.951E+00
 8 2.317E-04 1.063E+01  9 6.084E-03 2.321E+00 10 2.032E-07 1.000E+02 11 1.956E-05 2.828E+01 12 1.664E-05 2.120E+01
13 3.036E-06 4.671E+01 14 1.135E-03 1.918E+01 15 3.824E-07 1.000E+02 16 1.839E-03 9.423E-01 17 8.870E-06 4.078E+01
18 1.233E-02 4.359E+00 21 4.072E-03 5.208E+00 22 1.212E-03 9.802E+00 24 2.648E-03 3.330E-01 25 2.453E-03 5.206E-01
26 2.694E-03 7.679E-01 27 1.355E-03 1.114E+00
 22  22
 2 2.187E-08 1.000E+02  5 7.824E-05 6.532E+01  6 2.706E-05 4.511E+01  7 3.125E-04 4.703E+00  8 2.895E-04 9.273E+00
 9 6.979E-03 2.680E+00 10 1.021E-06 9.657E+01 11 1.106E-05 5.482E+01 12 1.741E-05 2.399E+01 13 2.705E-06 6.375E+01
14 7.159E-04 2.736E+01 15 1.958E-05 9.723E+01 16 1.828E-03 1.000E+00 17 1.857E-05 5.421E+01 18 9.997E-03 4.652E+00
21 4.805E-03 5.520E+00 22 1.237E-03 8.685E+00 23 2.826E-07 1.000E+02 24 2.838E-03 3.340E-01 25 2.077E-03 5.607E-01
26 2.588E-03 6.449E-01 27 1.437E-03 1.009E+00
 23  21
 3 4.019E-06 7.472E+01  5 4.202E-05 6.826E+01  6 9.957E-06 3.613E+01  7 3.775E-04 4.764E+00  8 2.915E-04 1.045E+01
 9 7.703E-03 2.204E+00 10 2.188E-06 7.472E+01 11 3.883E-05 2.376E+01 12 1.197E-05 1.742E+01 13 1.766E-06 5.260E+01
14 1.464E-03 1.919E+01 15 5.003E-06 5.034E+01 16 1.799E-03 1.118E+00 17 3.074E-06 7.044E+01 18 8.516E-03 5.480E+00
21 5.049E-03 4.932E+00 22 1.364E-03 7.816E+00 24 2.987E-03 3.157E-01 25 1.801E-03 7.358E-01 26 2.508E-03 6.730E-01
27 1.484E-03 1.087E+00
 24  21
 3 4.112E-06 1.000E+02  5 5.456E-05 6.466E+01  6 3.308E-05 2.991E+01  7 3.551E-04 6.795E+00  8 2.951E-04 6.939E+00
 9 8.847E-03 2.267E+00 10 3.752E-07 1.000E+02 11 2.284E-05 2.792E+01 12 1.842E-05 2.366E+01 13 8.285E-08 8.783E+01
14 1.242E-03 2.180E+01 15 6.475E-06 9.965E+01 16 1.778E-03 9.374E-01 17 1.642E-05 4.082E+01 18 7.226E-03 4.559E+00
21 5.934E-03 3.733E+00 22 1.605E-03 8.370E+00 24 3.109E-03 3.667E-01 25 1.570E-03 7.836E-01 26 2.451E-03 7.342E-01
27 1.551E-03 1.313E+00
 25  22
 3 6.009E-06 6.758E+01  5 1.525E-04 6.122E+01  6 2.409E-05 3.583E+01  7 4.311E-04 5.835E+00  8 3.752E-04 8.669E+00
 9 1.011E-02 3.102E+00 10 3.607E-07 7.428E+01 11 3.745E-05 2.124E+01 12 1.707E-05 1.813E+01 13 6.993E-07 8.079E+01
14 1.313E-03 1.871E+01 15 1.164E-05 6.840E+01 16 1.769E-03 1.253E+00 17 1.275E-06 5.112E+01 18 6.739E-03 5.217E+00
19 4.815E-06 1.000E+02 21 6.741E-03 4.616E+00 22 1.994E-03 7.133E+00 24 3.209E-03 4.211E-01 25 1.405E-03 8.037E-01
26 2.405E-03 6.380E-01 27 1.598E-03 9.435E-01
 26  21
 3 8.949E-07 1.000E+02  5 6.614E-05 6.163E+01  6 4.720E-05 2.494E+01  7 5.024E-04 4.706E+00  8 4.611E-04 6.845E+00
 9 1.058E-02 2.320E+00 10 2.712E-06 6.079E+01 11 1.976E-05 2.510E+01 12 1.903E-05 2.267E+01 13 1.484E-06 5.334E+01
14 1.246E-03 2.309E+01 15 7.296E-06 8.688E+01 16 1.715E-03 1.224E+00 17 7.474E-06 4.537E+01 18 5.561E-03 5.819E+00
21 7.451E-03 3.781E+00 22 2.073E-03 8.480E+00 24 3.292E-03 2.982E-01 25 1.227E-03 7.397E-01 26 2.369E-03 9.225E-01
27 1.638E-03 1.310E+00
 27  21
 1 8.739E-06 8.304E+01  3 1.871E-06 9.629E+01  5 4.150E-05 7.149E+01  6 3.827E-05 2.886E+01  7 5.398E-04 3.760E+00
 8 4.709E-04 8.646E+00  9 1.028E-02 2.538E+00 11 4.240E-05 2.721E+01 12 1.932E-05 1.519E+01 13 6.769E-07 6.246E+01
14 1.009E-03 2.274E+01 15 2.025E-05 3.566E+01 16 1.762E-03 1.322E+00 17 1.020E-05 4.239E+01 18 4.284E-03 6.339E+00
21 7.802E-03 4.749E+00 22 2.374E-03 6.115E+00 24 3.343E-03 3.533E-01 25 1.077E-03 9.531E-01 26 2.270E-03 9.968E-01
27 1.615E-03 1.216E+00
 28  22
 1 2.873E-05 1.000E+02  3 7.886E-06 5.254E+01  5 6.844E-07 1.000E+02  6 3.850E-05 2.324E+01  7 5.527E-04 4.991E+00
 8 4.996E-04 5.444E+00  9 1.085E-02 2.250E+00 10 3.005E-06 5.097E+01 11 4.010E-05 2.778E+01 12 2.028E-05 1.200E+01
13 2.075E-06 4.876E+01 14 1.514E-03 1.411E+01 15 3.783E-05 7.416E+01 16 1.750E-03 1.253E+00 17 2.054E-05 5.291E+01
18 4.132E-03 5.639E+00 21 9.616E-03 2.691E+00 22 2.524E-03 8.179E+00 24 3.426E-03 3.290E-01 25 9.765E-04 8.713E-01
26 2.273E-03 7.199E-01 27 1.688E-03 1.086E+00
 29  23
 1 9.252E-06 9.220E+01  3 1.270E-06 6.731E+01  5 8.135E-05 5.514E+01  6 3.185E-05 2.879E+01  7 5.984E-04 4.637E+00
 8 5.480E-04 9.082E+00  9 1.068E-02 1.665E+00 10 5.218E-06 9.632E+01 11 3.678E-05 2.640E+01 12 2.761E-05 1.692E+01
13 2.570E-06 5.322E+01 14 2.252E-03 1.443E+01 15 4.440E-05 4.574E+01 16 1.724E-03 1.124E+00 17 1.311E-05 2.995E+01
18 4.117E-03 7.267E+00 21 1.076E-02 4.144E+00 22 2.980E-03 7.397E+00 23 3.299E-07 1.000E+02 24 3.485E-03 3.653E-01
25 8.685E-04 1.036E+00 26 2.216E-03 8.736E-01 27 1.693E-03 1.005E+00
 30  21
 3 2.352E-06 8.225E+01  5 3.667E-05 6.483E+01  6 2.642E-05 3.026E+01  7 7.190E-04 4.680E+00  8 6.281E-04 6.535E+00
 9 9.543E-03 2.697E+00 10 8.488E-08 1.000E+02 11 5.489E-05 2.132E+01 12 2.308E-05 2.179E+01 13 4.847E-07 7.722E+01
14 2.619E-03 2.262E+01 15 8.569E-06 6.391E+01 16 1.718E-03 1.091E+00 17 1.853E-05 4.562E+01 18 3.348E-03 8.040E+00
21 1.879E-02 2.857E+00 22 3.146E-03 5.469E+00 24 3.534E-03 3.266E-01 25 7.832E-04 7.791E-01 26 2.220E-03 7.415E-01
27 1.757E-03 1.176E+00
 31  21
 1 1.692E-06 1.000E+02  5 1.027E-04 5.732E+01  6 5.925E-05 2.262E+01  7 7.660E-04 4.360E+00  8 6.640E-04 6.526E+00
 9 8.576E-03 2.219E+00 10 7.904E-07 5.658E+01 11 7.898E-05 2.261E+01 12 2.826E-05 1.095E+01 13 4.530E-06 4.179E+01
14 2.544E-03 1.536E+01 15 1.258E-05 4.146E+01 16 1.713E-03 1.269E+00 17 2.075E-05 2.562E+01 18 3.117E-03 7.377E+00
21 2.439E-02 2.686E+00 22 3.216E-03 6.609E+00 24 3.573E-03 3.538E-01 25 6.934E-04 8.317E-01 26 2.189E-03 8.575E-01
27 1.771E-03 1.237E+00
 32  22
 3 3.200E-06 6.384E+01  5 1.923E-04 4.206E+01  6 6.821E-05 2.202E+01  7 8.481E-04 3.750E+00  8 7.629E-04 6.205E+00
 9 8.729E-03 2.547E+00 10 5.458E-06 6.406E+01 11 5.838E-05 2.326E+01 12 4.662E-05 1.034E+01 13 1.430E-06 3.376E+01
14 3.569E-03 1.362E+01 15 4.128E-05 4.730E+01 16 1.720E-03 1.231E+00 17 1.083E-05 3.578E+01 18 2.679E-03 9.384E+00
21 2.574E-02 2.979E+00 22 3.438E-03 5.631E+00 23 1.820E-07 1.000E+02 24 3.618E-03 2.871E-01 25 6.176E-04 1.535E+00
26 2.152E-03 9.209E-01 27 1.749E-03 1.074E+00
 33  22
 1 8.697E-05 7.136E+01  3 6.816E-06 6.750E+01  5 1.584E-04 4.814E+01  6 4.861E-05 2.886E+01  7 9.717E-04 3.223E+00
 8 8.543E-04 6.812E+00  9 8.294E-03 2.688E+00 10 8.497E-07 6.985E+01 11 8.618E-05 2.218E+01 12 4.193E-05 9.322E+00
13 5.311E-06 3.997E+01 14 3.272E-03 1.387E+01 15 2.862E-05 4.675E+01 16 1.669E-03 1.375E+00 17 2.410E-05 4.081E+01
18 2.447E-03 9.605E+00 21 2.466E-02 2.068E+00 22 4.246E-03 7.705E+00 24 3.659E-03 3.212E-01 25 5.555E-04 1.140E+00
26 2.158E-03 9.217E-01 27 1.822E-03 1.407E+00
 34  22
 3 3.331E-06 6.637E+01  5 9.317E-05 5.293E+01  6 6.301E-05 2.131E+01  7 1.060E-03 3.155E+00  8 8.354E-04 7.371E+00
 9 8.403E-03 2.722E+00 10 7.934E-06 6.212E+01 11 6.009E-05 1.707E+01 12 4.886E-05 1.058E+01 13 4.425E-06 3.623E+01
14 3.983E-03 1.161E+01 15 5.753E-05 3.522E+01 16 1.647E-03 1.527E+00 17 5.184E-05 4.522E+01 18 2.031E-03 9.081E+00
21 2.616E-02 2.078E+00 22 4.512E-03 4.456E+00 23 1.167E-08 1.000E+02 24 3.692E-03 3.079E-01 25 4.938E-04 1.499E+00
26 2.166E-03 8.502E-01 27 1.840E-03 1.092E+00
 35  22
 1 4.466E-05 6.960E+01  3 1.029E-05 6.663E+01  5 1.163E-04 5.075E+01  6 8.234E-05 2.099E+01  7 1.186E-03 2.300E+00
 8 9.932E-04 5.404E+00  9 8.067E-03 2.835E+00 10 6.996E-06 5.239E+01 11 8.195E-05 1.764E+01 12 3.729E-05 1.142E+01
13 3.135E-06 2.922E+01 14 3.802E-03 1.066E+01 15 3.633E-05 3.349E+01 16 1.681E-03 9.566E-01 17 2.392E-05 3.459E+01
18 1.857E-03 1.128E+01 21 2.751E-02 2.711E+00 22 5.565E-03 4.999E+00 24 3.705E-03 3.474E-01 25 4.435E-04 1.666E+00
26 2.130E-03 1.117E+00 27 1.834E-03 1.308E+00
 36  21
 3 4.203E-06 7.123E+01  5 1.567E-04 4.883E+01  6 8.686E-05 2.133E+01  7 1.288E-03 2.622E+00  8 1.099E-03 5.296E+00
 9 8.180E-03 2.455E+00 10 8.544E-06 7.111E+01 11 7.100E-05 2.075E+01 12 5.176E-05 8.488E+00 13 9.729E-06 2.920E+01
14 3.617E-03 1.051E+01 15 6.259E-05 4.015E+01 16 1.681E-03 1.253E+00 17 2.841E-05 3.067E+01 18 1.869E-03 9.637E+00
21 2.639E-02 2.258E+00 22 6.088E-03 4.288E+00 24 3.735E-03 3.413E-01 25 3.878E-04 1.415E+00 26 2.154E-03 8.180E-01
27 1.882E-03 1.044E+00
 37  23
 1 3.327E-05 6.622E+01  3 3.866E-06 5.795E+01  5 8.308E-05 5.613E+01  6 9.346E-05 1.986E+01  7 1.504E-03 2.646E+00
 8 1.263E-03 4.618E+00  9 8.349E-03 1.882E+00 10 1.820E-06 9.491E+01 11 1.270E-04 1.331E+01 12 5.254E-05 1.216E+01
13 4.267E-06 3.533E+01 14 4.494E-03 1.166E+01 15 6.100E-05 3.036E+01 16 1.691E-03 9.291E-01 17 4.486E-05 3.158E+01
18 1.509E-03 9.575E+00 21 2.635E-02 2.715E+00 22 7.088E-03 3.144E+00 23 2.122E-08 1.000E+02 24 3.788E-03 3.467E-01
25 3.588E-04 1.276E+00 26 2.150E-03 7.401E-01 27 1.880E-03 9.240E-01
 38  22
 1 8.035E-05 5.858E+01  3 4.086E-06 7.551E+01  5 1.458E-04 3.810E+01  6 8.968E-05 2.430E+01  7 1.605E-03 2.521E+00
 8 1.306E-03 4.179E+00  9 8.230E-03 2.368E+00 10 8.881E-06 4.243E+01 11 1.249E-04 1.260E+01 12 6.193E-05 1.020E+01
13 6.162E-06 3.015E+01 14 5.181E-03 1.113E+01 15 4.948E-05 4.375E+01 16 1.654E-03 1.099E+00 17 5.814E-05 2.807E+01
18 1.344E-03 1.533E+01 21 2.883E-02 1.802E+00 22 7.082E-03 3.735E+00 24 3.780E-03 3.438E-01 25 3.295E-04 1.693E+00
26 2.160E-03 6.157E-01 27 1.902E-03 9.439E-01
 39  23
 1 2.207E-05 7.354E+01  3 1.024E-05 6.142E+01  5 1.405E-04 4.351E+01  6 1.071E-04 2.185E+01  7 1.770E-03 2.945E+00
 8 1.498E-03 4.366E+00  9 8.221E-03 2.695E+00 10 7.901E-06 6.464E+01 11 8.072E-05 9.333E+00 12 5.548E-05 9.711E+00
13 6.318E-06 4.322E+01 14 5.299E-03 1.195E+01 15 4.927E-05 2.948E+01 16 1.636E-03 9.126E-01 17 4.655E-05 2.855E+01
18 1.575E-03 9.191E+00 21 2.590E-02 2.768E+00 22 8.305E-03 4.541E+00 23 2.737E-07 1.000E+02 24 3.807E-03 3.136E-01
25 2.954E-04 2.016E+00 26 2.185E-03 7.711E-01 27 1.965E-03 1.275E+00
 40  23
 1 1.167E-05 1.000E+02  3 9.711E-06 5.712E+01  5 2.308E-04 5.073E+01  6 1.273E-04 1.867E+01  7 1.931E-03 2.978E+00
 8 1.521E-03 3.952E+00  9 7.980E-03 2.230E+00 10 1.207E-05 4.211E+01 11 1.275E-04 1.157E+01 12 6.838E-05 1.002E+01
13 1.213E-05 2.330E+01 14 6.022E-03 9.896E+00 15 7.087E-05 3.725E+01 16 1.625E-03 1.380E+00 17 7.278E-05 2.259E+01
18 9.208E-04 1.348E+01 21 2.567E-02 2.505E+00 22 8.258E-03 3.196E+00 23 1.285E-07 1.000E+02 24 3.816E-03 3.777E-01
25 2.587E-04 1.581E+00 26 2.199E-03 8.869E-01 27 1.971E-03 1.115E+00
 41  23
 1 1.157E-06 7.769E+01  3 5.628E-06 6.432E+01  5 1.653E-04 4.305E+01  6 1.734E-04 1.138E+01  7 2.155E-03 2.708E+00
 8 1.825E-03 2.958E+00  9 8.127E-03 2.381E+00 10 1.292E-05 4.163E+01 11 1.274E-04 1.514E+01 12 9.325E-05 8.657E+00
13 9.919E-06 2.764E+01 14 8.262E-03 8.204E+00 15 8.059E-05 2.558E+01 16 1.651E-03 1.216E+00 17 5.839E-05 1.912E+01
18 8.756E-04 1.509E+01 21 2.369E-02 3.092E+00 22 9.590E-03 3.403E+00 23 6.802E-09 1.000E+02 24 3.812E-03 3.754E-01
25 2.309E-04 1.798E+00 26 2.184E-03 8.347E-01 27 2.006E-03 1.318E+00
 42  23
 1 1.196E-05 7.999E+01  3 5.019E-06 4.860E+01  5 1.635E-04 5.719E+01  6 1.985E-04 1.255E+01  7 2.477E-03 1.668E+00
 8 1.987E-03 3.829E+00  9 8.317E-03 2.517E+00 10 1.280E-05 3.322E+01 11 1.654E-04 8.307E+00 12 1.030E-04 8.356E+00
13 6.826E-06 3.454E+01 14 8.012E-03 1.072E+01 15 1.072E-04 2.667E+01 16 1.610E-03 9.636E-01 17 5.810E-05 2.861E+01
18 9.951E-04 1.280E+01 21 2.501E-02 3.099E+00 22 1.109E-02 4.379E+00 23 3.535E-07 9.672E+01 24 3.845E-03 3.463E-01
25 2.048E-04 1.170E+00 26 2.181E-03 5.938E-01 27 2.002E-03 8.631E-01
 43  23
 1 8.561E-06 9.780E+01  3 7.256E-06 5.427E+01  5 5.017E-04 3.380E+01  6 1.443E-04 1.491E+01  7 2.616E-03 1.703E+00
 8 2.120E-03 4.201E+00  9 7.932E-03 2.558E+00 10 1.026E-05 5.596E+01 11 1.940E-04 1.177E+01 12 1.121E-04 7.376E+00
13 8.337E-06 2.218E+01 14 8.448E-03 1.089E+01 15 1.234E-04 2.622E+01 16 1.651E-03 1.531E+00 17 1.216E-04 1.504E+01
18 6.746E-04 1.907E+01 21 1.783E-02 2.848E+00 22 1.208E-02 3.347E+00 23 7.024E-07 7.453E+01 24 3.846E-03 3.427E-01
25 1.890E-04 1.832E+00 26 2.238E-03 7.595E-01 27 2.069E-03 8.386E-01
 44  24
 1 1.358E-05 7.993E+01  3 6.202E-06 5.628E+01  5 4.300E-04 2.291E+01  6 2.018E-04 1.347E+01  7 2.859E-03 1.860E+00
 8 2.505E-03 4.224E+00  9 7.774E-03 2.645E+00 10 1.155E-05 6.049E+01 11 2.462E-04 1.370E+01 12 1.114E-04 7.336E+00
13 8.972E-06 2.835E+01 14 8.853E-03 6.703E+00 15 1.155E-04 2.480E+01 16 1.623E-03 1.471E+00 17 6.418E-05 1.842E+01
18 7.655E-04 1.349E+01 19 4.679E-06 1.000E+02 21 1.111E-02 2.779E+00 22 1.376E-02 3.576E+00 23 3.694E-07 5.800E+01
24 3.866E-03 3.950E-01 25 1.710E-04 1.763E+00 26 2.256E-03 7.792E-01 27 2.109E-03 9.116E-01
 45  24
 1 3.884E-05 5.123E+01  3 7.032E-06 7.951E+01  5 4.504E-04 2.520E+01  6 1.921E-04 1.404E+01  7 3.137E-03 1.586E+00
 8 2.821E-03 2.943E+00  9 8.094E-03 2.754E+00 10 1.023E-05 3.819E+01 11 2.280E-04 1.087E+01 12 1.383E-04 7.494E+00
13 7.653E-06 3.363E+01 14 1.221E-02 7.861E+00 15 1.193E-04 2.900E+01 16 1.608E-03 1.199E+00 17 6.106E-05 2.513E+01
18 6.407E-04 1.693E+01 19 3.421E-06 1.000E+02 21 1.006E-02 4.142E+00 22 1.494E-02 3.144E+00 23 1.019E-07 9.813E+01
24 3.900E-03 3.730E-01 25 1.624E-04 2.456E+00 26 2.343E-03 6.320E-01 27 2.197E-03 7.895E-01
 46  24
 1 8.156E-05 5.437E+01  3 7.490E-06 4.834E+01  5 2.469E-04 3.053E+01  6 2.133E-04 1.109E+01  7 3.542E-03 2.170E+00
 8 3.029E-03 3.092E+00  9 8.006E-03 2.168E+00 10 1.339E-05 3.337E+01 11 2.131E-04 9.354E+00 12 1.353E-04 8.603E+00
13 5.590E-06 3.067E+01 14 1.278E-02 7.942E+00 15 8.164E-05 1.861E+01 16 1.625E-03 1.159E+00 17 9.102E-05 2.156E+01
18 5.178E-04 2.371E+01 19 4.417E-06 1.000E+02 21 8.259E-03 3.648E+00 22 2.528E-02 3.328E+00 23 8.541E-08 1.000E+02
24 3.892E-03 3.082E-01 25 1.457E-04 1.992E+00 26 2.370E-03 8.291E-01 27 2.248E-03 1.063E+00
 47  23
 1 7.843E-05 4.322E+01  3 6.781E-06 3.803E+01  5 4.929E-04 2.638E+01  6 3.183E-04 1.187E+01  7 3.901E-03 1.661E+00
 8 3.401E-03 3.702E+00  9 8.132E-03 2.431E+00 10 1.886E-05 2.604E+01 11 2.958E-04 1.090E+01 12 1.632E-04 8.000E+00
13 1.519E-05 2.475E+01 14 1.647E-02 8.767E+00 15 1.458E-04 1.928E+01 16 1.661E-03 1.214E+00 17 1.093E-04 2.071E+01
18 4.720E-04 2.400E+01 21 7.455E-03 4.173E+00 22 3.553E-02 2.331E+00 23 1.578E-07 1.000E+02 24 3.902E-03 3.495E-01
25 1.261E-04 2.519E+00 26 2.424E-03 7.309E-01 27 2.298E-03 8.186E-01
 48  23
 1 1.971E-06 7.719E+01  3 7.310E-06 4.716E+01  5 5.580E-04 2.841E+01  6 2.616E-04 1.647E+01  7 4.419E-03 1.933E+00
 8 3.834E-03 2.510E+00  9 7.748E-03 2.518E+00 10 9.314E-06 4.472E+01 11 2.765E-04 1.040E+01 12 1.890E-04 5.640E+00
13 1.326E-05 1.404E+01 14 2.558E-02 4.955E+00 15 1.091E-04 2.504E+01 16 1.644E-03 1.279E+00 17 1.455E-04 1.756E+01
18 5.318E-04 2.220E+01 21 6.293E-03 4.517E+00 22 4.038E-02 1.618E+00 23 1.971E-08 1.000E+02 24 3.931E-03 3.132E-01
25 1.147E-04 2.840E+00 26 2.515E-03 7.291E-01 27 2.432E-03 1.225E+00
 49  23
 1 4.094E-05 5.231E+01  3 6.362E-06 4.130E+01  5 7.035E-04 1.923E+01  6 2.530E-04 1.097E+01  7 4.768E-03 1.875E+00
 8 4.712E-03 2.347E+00  9 7.399E-03 2.900E+00 10 1.295E-05 3.688E+01 11 3.315E-04 7.861E+00 12 1.877E-04 7.017E+00
13 1.592E-05 2.359E+01 14 2.970E-02 5.108E+00 15 1.369E-04 2.247E+01 16 1.573E-03 1.095E+00 17 1.913E-04 2.008E+01
18 3.862E-04 2.241E+01 21 5.326E-03 5.126E+00 22 3.698E-02 1.337E+00 23 8.089E-07 9.637E+01 24 3.973E-03 3.431E-01
25 1.018E-04 2.760E+00 26 3.377E-03 7.092E-01 27 3.751E-03 9.396E-01
 50  24
 1 1.795E-05 5.026E+01  2 1.344E-07 1.000E+02  3 1.616E-05 3.045E+01  5 3.770E-04 3.313E+01  6 4.080E-04 8.716E+00
 7 5.315E-03 1.493E+00  8 6.959E-03 1.846E+00  9 7.521E-03 2.302E+00 10 2.108E-05 2.709E+01 11 3.398E-04 1.123E+01
12 2.073E-04 5.584E+00 13 1.829E-05 1.835E+01 14 3.167E-02 4.690E+00 15 1.137E-04 2.004E+01 16 1.616E-03 1.202E+00
17 1.864E-04 1.886E+01 18 3.829E-04 2.146E+01 21 4.671E-03 5.536E+00 22 3.325E-02 2.369E+00 23 2.151E-07 9.982E+01
24 3.999E-03 3.533E-01 25 9.059E-05 3.402E+00 26 3.501E-03 7.092E-01 27 3.897E-03 8.662E-01
 51  23
 1 8.147E-05 4.290E+01  3 1.467E-05 4.467E+01  5 5.864E-04 2.102E+01  6 3.477E-04 1.005E+01  7 5.908E-03 1.669E+00
 8 7.643E-03 2.144E+00  9 7.361E-03 3.066E+00 10 2.758E-05 2.225E+01 11 4.066E-04 8.314E+00 12 2.410E-04 6.794E+00
13 2.234E-05 1.402E+01 14 2.831E-02 3.755E+00 15 1.546E-04 1.405E+01 16 1.617E-03 9.847E-01 17 2.063E-04 1.603E+01
18 4.275E-04 2.364E+01 21 4.350E-03 4.474E+00 22 2.378E-02 2.625E+00 23 4.830E-07 9.340E+01 24 4.019E-03 3.322E-01
25 8.348E-05 3.409E+00 26 3.628E-03 7.049E-01 27 4.061E-03 7.897E-01
 52  24
 1 8.040E-05 4.264E+01  3 1.453E-05 2.885E+01  5 6.221E-04 2.259E+01  6 4.084E-04 1.033E+01  7 6.667E-03 1.503E+00
 8 8.069E-03 2.304E+00  9 7.501E-03 1.953E+00 10 2.595E-05 2.995E+01 11 3.981E-04 7.652E+00 12 2.705E-04 4.649E+00
13 1.901E-05 1.376E+01 14 2.689E-02 6.129E+00 15 2.001E-04 1.390E+01 16 1.595E-03 1.131E+00 17 1.901E-04 1.538E+01
18 2.728E-04 1.978E+01 19 2.041E-06 1.000E+02 21 4.007E-03 6.727E+00 22 1.440E-02 3.353E+00 23 2.425E-07 8.839E+01
24 4.014E-03 3.509E-01 25 7.095E-05 3.590E+00 26 3.613E-03 6.943E-01 27 4.019E-03 8.761E-01
 53  23
 1 9.112E-05 6.382E+01  3 1.615E-05 4.270E+01  5 7.192E-04 2.546E+01  6 4.450E-04 7.258E+00  7 7.404E-03 1.209E+00
 8 8.364E-03 2.011E+00  9 7.425E-03 2.049E+00 10 1.844E-05 2.133E+01 11 4.946E-04 5.653E+00 12 2.828E-04 4.683E+00
13 2.742E-05 2.110E+01 14 2.383E-02 5.148E+00 15 1.853E-04 1.210E+01 16 1.584E-03 1.230E+00 17 2.226E-04 1.533E+01
18 2.728E-04 2.719E+01 21 3.689E-03 6.221E+00 22 1.223E-02 2.972E+00 23 7.303E-07 7.025E+01 24 4.020E-03 3.111E-01
25 6.736E-05 3.649E+00 26 3.664E-03 6.838E-01 27 4.072E-03 9.817E-01
 54  23
 1 1.463E-04 4.866E+01  3 2.580E-05 3.142E+01  5 1.224E-03 1.589E+01  6 4.955E-04 5.732E+00  7 8.393E-03 1.021E+00
 8 8.922E-03 1.882E+00  9 7.570E-03 2.008E+00 10 3.766E-05 2.526E+01 11 4.755E-04 6.206E+00 12 3.226E-04 4.388E+00
13 3.452E-05 1.481E+01 14 1.696E-02 6.631E+00 15 3.282E-04 1.606E+01 16 1.580E-03 1.347E+00 17 2.748E-04 1.466E+01
18 2.459E-04 2.823E+01 21 3.063E-03 6.425E+00 22 1.155E-02 3.531E+00 23 3.931E-08 5.484E+01 24 4.024E-03 3.248E-01
25 5.791E-05 4.883E+00 26 3.718E-03 5.424E-01 27 4.146E-03 7.482E-01
 55  25
 1 1.079E-04 3.720E+01  2 3.563E-07 1.000E+02  3 3.232E-05 3.387E+01  5 1.061E-03 1.676E+01  6 5.688E-04 6.576E+00
 7 1.438E-02 8.854E-01  8 9.407E-03 2.111E+00  9 7.720E-03 2.577E+00 10 4.126E-05 3.079E+01 11 5.227E-04 6.323E+00
12 3.484E-04 4.766E+00 13 2.313E-05 1.601E+01 14 1.132E-02 7.560E+00 15 3.285E-04 9.759E+00 16 1.580E-03 1.222E+00
17 2.353E-04 1.141E+01 18 1.910E-04 4.085E+01 19 8.493E-06 1.000E+02 21 2.747E-03 6.580E+00 22 9.621E-03 3.765E+00
23 9.387E-07 6.885E+01 24 4.028E-03 2.774E-01 25 5.580E-05 3.587E+00 26 3.707E-03 5.984E-01 27 4.125E-03 9.053E-01
 56  25
 1 2.416E-04 3.178E+01  3 1.907E-05 3.495E+01  5 1.171E-03 2.007E+01  6 6.297E-04 8.426E+00  7 1.538E-02 1.109E+00
 8 9.868E-03 2.701E+00  9 7.544E-03 2.284E+00 10 3.246E-05 2.373E+01 11 7.733E-04 8.458E+00 12 3.895E-04 3.348E+00
13 2.722E-05 1.203E+01 14 1.021E-02 9.737E+00 15 3.456E-04 1.266E+01 16 1.611E-03 1.562E+00 17 3.682E-04 1.038E+01
18 2.092E-04 1.915E+01 19 1.500E-05 7.023E+01 20 6.360E-06 1.000E+02 21 2.625E-03 5.596E+00 22 9.448E-03 2.944E+00
23 1.381E-07 1.000E+02 24 4.050E-03 3.405E-01 25 5.228E-05 4.256E+00 26 3.724E-03 6.059E-01 27 4.140E-03 7.004E-01
 57  24
 1 1.662E-04 3.420E+01  3 1.551E-05 3.255E+01  5 1.742E-03 2.070E+01  6 7.202E-04 8.416E+00  7 1.602E-02 1.033E+00
 8 1.021E-02 1.968E+00  9 7.292E-03 2.648E+00 10 4.762E-05 1.968E+01 11 7.015E-04 7.475E+00 12 4.343E-04 3.701E+00
13 2.896E-05 1.612E+01 14 1.086E-02 1.117E+01 15 3.620E-04 1.292E+01 16 1.565E-03 1.117E+00 17 3.314E-04 1.156E+01
18 2.204E-04 3.006E+01 19 8.118E-06 1.000E+02 21 2.619E-03 4.217E+00 22 8.260E-03 3.772E+00 23 1.926E-07 7.162E+01
24 4.057E-03 3.174E-01 25 4.305E-05 3.765E+00 26 3.743E-03 6.222E-01 27 4.172E-03 7.269E-01
 58  25
 1 9.999E-05 3.477E+01  3 1.278E-05 4.333E+01  5 1.195E-03 2.218E+01  6 7.275E-04 6.289E+00  7 1.633E-02 8.697E-01
 8 1.029E-02 2.114E+00  9 7.360E-03 2.755E+00 10 3.803E-05 2.058E+01 11 8.472E-04 5.004E+00 12 4.659E-04 4.518E+00
13 3.192E-05 1.557E+01 14 8.177E-03 9.206E+00 15 3.669E-04 1.312E+01 16 1.597E-03 1.088E+00 17 3.890E-04 1.219E+01
18 1.886E-04 2.414E+01 19 9.262E-06 9.391E+01 20 4.031E-05 8.384E+01 21 2.309E-03 9.640E+00 22 6.665E-03 3.355E+00
23 1.210E-06 4.864E+01 24 4.039E-03 2.917E-01 25 3.994E-05 2.763E+00 26 3.689E-03 6.341E-01 27 4.095E-03 6.421E-01
 59  23
 1 1.362E-04 4.839E+01  3 2.619E-05 3.286E+01  5 1.670E-03 2.119E+01  6 8.349E-04 7.713E+00  7 1.677E-02 1.067E+00
 8 1.066E-02 1.573E+00  9 6.666E-03 2.147E+00 10 5.398E-05 2.006E+01 11 9.783E-04 5.104E+00 12 5.276E-04 3.349E+00
13 3.723E-05 1.532E+01 14 7.876E-03 1.238E+01 15 5.395E-04 1.200E+01 16 1.609E-03 6.836E-01 17 3.801E-04 1.340E+01
18 8.261E-05 2.910E+01 21 1.846E-03 8.467E+00 22 6.536E-03 3.425E+00 23 1.108E-07 7.446E+01 24 4.040E-03 3.303E-01
25 3.511E-05 5.334E+00 26 3.683E-03 4.886E-01 27 4.068E-03 7.085E-01
 60  24
 1 1.500E-04 2.624E+01  3 3.040E-05 2.849E+01  5 1.956E-03 1.708E+01  6 8.978E-04 7.093E+00  7 1.709E-02 1.103E+00
 8 1.083E-02 1.964E+00  9 6.908E-03 2.427E+00 10 4.395E-05 1.873E+01 11 1.130E-03 4.476E+00 12 6.034E-04 3.229E+00
13 4.938E-05 1.494E+01 14 5.368E-03 9.846E+00 15 5.332E-04 1.200E+01 16 1.600E-03 1.326E+00 17 5.117E-04 8.852E+00
18 1.269E-04 4.288E+01 19 1.732E-05 1.000E+02 21 1.464E-03 9.994E+00 22 6.010E-03 6.598E+00 23 3.317E-07 1.000E+02
24 4.012E-03 3.798E-01 25 3.244E-05 4.607E+00 26 3.641E-03 6.990E-01 27 4.011E-03 8.328E-01
 61  24
 1 1.651E-04 2.958E+01  3 1.705E-05 2.847E+01  5 2.208E-03 1.649E+01  6 1.003E-03 7.810E+00  7 1.759E-02 8.737E-01
 8 1.099E-02 2.194E+00  9 7.163E-03 2.092E+00 10 5.106E-05 1.835E+01 11 1.185E-03 5.107E+00 12 6.658E-04 2.896E+00
13 4.512E-05 1.262E+01 14 6.603E-03 9.888E+00 15 5.205E-04 1.128E+01 16 1.590E-03 1.093E+00 17 5.539E-04 9.290E+00
18 8.379E-05 4.079E+01 19 8.627E-06 1.000E+02 21 1.729E-03 8.933E+00 22 4.990E-03 5.134E+00 23 5.114E-07 1.000E+02
24 4.042E-03 3.162E-01 25 3.093E-05 5.633E+00 26 3.610E-03 7.280E-01 27 3.969E-03 8.699E-01
 62  24
 1 2.722E-04 2.838E+01  3 3.442E-05 2.762E+01  5 2.637E-03 1.137E+01  6 1.143E-03 6.986E+00  7 1.769E-02 9.412E-01
 8 1.175E-02 2.151E+00  9 6.743E-03 2.430E+00 10 6.005E-05 2.011E+01 11 1.417E-03 4.761E+00 12 7.328E-04 3.335E+00
13 4.554E-05 9.966E+00 14 5.432E-03 1.136E+01 15 6.535E-04 9.159E+00 16 1.579E-03 9.913E-01 17 6.427E-04 9.490E+00
18 4.310E-05 2.716E+01 19 4.067E-05 7.733E+01 21 1.448E-03 8.122E+00 22 4.918E-03 3.452E+00 23 3.730E-07 5.606E+01
24 4.031E-03 3.283E-01 25 2.335E-05 6.162E+00 26 3.569E-03 6.837E-01 27 3.883E-03 9.468E-01
 63  25
 1 2.423E-04 3.450E+01  3 4.712E-05 1.964E+01  5 2.928E-03 1.349E+01  6 1.335E-03 4.817E+00  7 1.783E-02 8.679E-01
 8 1.188E-02 1.967E+00  9 6.567E-03 3.054E+00 10 8.069E-05 1.467E+01 11 1.548E-03 3.649E+00 12 8.214E-04 2.374E+00
13 6.910E-05 1.305E+01 14 6.249E-03 9.028E+00 15 7.809E-04 7.401E+00 16 1.598E-03 1.168E+00 17 6.348E-04 9.005E+00
18 9.732E-05 3.426E+01 19 6.416E-06 1.000E+02 20 5.400E-07 1.000E+02 21 1.370E-03 1.082E+01 22 3.826E-03 5.359E+00
23 7.863E-08 6.242E+01 24 4.028E-03 3.291E-01 25 2.184E-05 4.706E+00 26 3.486E-03 6.553E-01 27 3.781E-03 7.271E-01
 64  24
 1 6.070E-04 2.499E+01  3 3.008E-05 2.881E+01  5 3.484E-03 9.827E+00  6 1.473E-03 3.722E+00  7 1.786E-02 8.235E-01
 8 1.238E-02 1.327E+00  9 6.155E-03 2.230E+00 10 7.264E-05 1.756E+01 11 1.731E-03 2.679E+00 12 9.494E-04 3.005E+00
13 7.997E-05 1.120E+01 14 5.159E-03 1.140E+01 15 7.505E-04 9.137E+00 16 1.562E-03 1.432E+00 17 7.037E-04 5.992E+00
18 1.326E-04 4.127E+01 19 1.243E-05 7.472E+01 21 1.383E-03 1.145E+01 22 3.926E-03 5.898E+00 23 1.212E-06 5.784E+01
24 4.031E-03 3.070E-01 25 2.084E-05 5.970E+00 26 3.382E-03 6.794E-01 27 3.616E-03 9.517E-01
 65  24
 1 4.522E-04 3.502E+01  3 3.044E-05 2.909E+01  5 2.816E-03 1.392E+01  6 1.583E-03 4.339E+00  7 1.823E-02 9.331E-01
 8 1.334E-02 1.670E+00  9 6.452E-03 3.244E+00 10 1.049E-04 1.343E+01 11 1.954E-03 3.769E+00 12 1.043E-03 1.500E+00
13 8.522E-05 7.575E+00 14 4.594E-03 1.175E+01 15 8.761E-04 5.718E+00 16 1.608E-03 1.260E+00 17 7.922E-04 6.094E+00
18 5.847E-05 3.352E+01 19 5.507E-06 7.021E+01 21 9.859E-04 1.056E+01 22 3.753E-03 4.862E+00 23 1.246E-06 5.537E+01
24 3.957E-03 2.932E-01 25 1.865E-05 6.840E+00 26 2.489E-03 6.514E-01 27 2.197E-03 1.063E+00
 66  24
 1 3.261E-04 3.561E+01  3 2.528E-05 1.819E+01  5 3.706E-03 1.350E+01  6 1.754E-03 5.512E+00  7 1.836E-02 9.206E-01
 8 1.404E-02 1.403E+00  9 5.981E-03 2.370E+00 10 1.199E-04 9.590E+00 11 2.229E-03 4.358E+00 12 1.221E-03 2.253E+00
13 7.262E-05 1.021E+01 14 3.664E-03 1.054E+01 15 9.520E-04 9.144E+00 16 1.618E-03 1.142E+00 17 1.083E-03 4.850E+00
18 8.645E-05 5.156E+01 19 3.219E-05 6.289E+01 21 8.385E-04 1.038E+01 22 3.304E-03 5.745E+00 23 3.356E-07 5.202E+01
24 3.963E-03 2.963E-01 25 1.736E-05 8.953E+00 26 2.409E-03 7.658E-01 27 2.022E-03 8.960E-01
 67  24
 1 4.467E-04 2.559E+01  3 4.495E-05 2.665E+01  5 3.825E-03 1.448E+01  6 1.916E-03 3.570E+00  7 1.812E-02 1.102E+00
 8 1.465E-02 1.787E+00  9 6.313E-03 3.458E+00 10 1.147E-04 9.917E+00 11 2.636E-03 3.366E+00 12 1.396E-03 2.029E+00
13 9.821E-05 8.363E+00 14 2.979E-03 1.414E+01 15 8.980E-04 9.961E+00 16 1.589E-03 8.927E-01 17 1.023E-03 7.455E+00
18 1.066E-04 4.525E+01 19 2.906E-07 1.000E+02 21 7.803E-04 1.317E+01 22 2.887E-03 6.147E+00 23 8.108E-07 6.182E+01
24 3.998E-03 4.153E-01 25 1.896E-05 5.797E+00 26 2.400E-03 8.382E-01 27 2.024E-03 9.866E-01
 68  25
 1 4.817E-04 2.920E+01  2 3.190E-08 1.000E+02  3 3.170E-05 1.804E+01  5 4.259E-03 1.129E+01  6 2.281E-03 4.665E+00
 7 1.756E-02 1.012E+00  8 1.489E-02 1.478E+00  9 5.618E-03 2.908E+00 10 1.356E-04 1.453E+01 11 2.761E-03 2.851E+00
12 1.505E-03 2.499E+00 13 1.115E-04 6.526E+00 14 4.125E-03 1.467E+01 15 1.190E-03 8.025E+00 16 1.627E-03 1.195E+00
17 1.208E-03 5.626E+00 18 2.491E-05 5.197E+01 19 2.392E-06 9.078E+01 21 7.599E-04 1.303E+01 22 2.992E-03 7.000E+00
23 1.844E-06 4.300E+01 24 3.971E-03 3.202E-01 25 1.364E-05 7.474E+00 26 2.293E-03 8.919E-01 27 1.883E-03 1.385E+00
 69  24
 1 7.189E-04 1.928E+01  3 4.791E-05 1.907E+01  5 4.440E-03 9.694E+00  6 2.841E-03 4.713E+00  7 1.595E-02 9.264E-01
 8 2.466E-02 1.337E+00  9 3.311E-03 3.338E+00 10 1.622E-04 1.187E+01 11 3.109E-03 2.684E+00 12 1.648E-03 2.358E+00
13 9.904E-05 8.451E+00 14 3.009E-03 1.706E+01 15 1.428E-03 5.863E+00 16 1.622E-03 1.638E+00 17 1.351E-03 5.609E+00
18 1.223E-04 6.623E+01 19 1.783E-05 7.745E+01 21 6.869E-04 1.427E+01 22 2.725E-03 6.834E+00 23 7.454E-07 4.233E+01
24 3.970E-03 3.523E-01 25 1.356E-05 9.114E+00 26 2.281E-03 1.039E+00 27 1.855E-03 1.576E+00
 70  24
 1 5.761E-04 1.540E+01  3 5.020E-05 2.163E+01  5 5.976E-03 8.897E+00  6 2.959E-03 4.717E+00  7 1.336E-02 1.000E+00
 8 2.350E-02 1.643E+00  9 2.702E-03 3.146E+00 10 1.886E-04 1.241E+01 11 3.615E-03 2.545E+00 12 1.826E-03 1.569E+00
13 1.308E-04 8.557E+00 14 2.649E-03 1.214E+01 15 1.628E-03 5.572E+00 16 1.643E-03 1.087E+00 17 1.411E-03 5.716E+00
18 3.815E-05 4.567E+01 19 1.282E-05 7.801E+01 21 5.328E-04 1.601E+01 22 2.075E-03 8.563E+00 23 7.856E-07 3.436E+01
24 3.951E-03 3.230E-01 25 1.282E-05 7.564E+00 26 2.248E-03 5.765E-01 27 1.782E-03 8.036E-01
 71  24
 1 8.851E-04 1.583E+01  3 5.900E-05 2.319E+01  5 5.637E-03 7.135E+00  6 3.202E-03 2.890E+00  7 1.218E-02 9.058E-01
 8 1.982E-02 1.530E+00  9 2.593E-03 3.972E+00 10 1.869E-04 1.782E+01 11 4.177E-03 2.933E+00 12 2.077E-03 1.948E+00
13 1.382E-04 5.696E+00 14 2.176E-03 1.592E+01 15 1.515E-03 6.218E+00 16 1.589E-03 1.331E+00 17 1.524E-03 6.518E+00
18 1.666E-05 6.674E+01 19 1.539E-04 4.475E+01 21 6.144E-04 1.218E+01 22 2.037E-03 6.345E+00 23 1.433E-06 3.264E+01
24 3.979E-03 2.991E-01 25 1.170E-05 7.026E+00 26 2.216E-03 8.127E-01 27 1.721E-03 1.471E+00
 72  24
 1 7.393E-04 1.709E+01  3 7.491E-05 2.081E+01  5 7.606E-03 7.593E+00  6 3.929E-03 2.082E+00  7 1.142E-02 1.016E+00
 8 1.856E-02 1.819E+00  9 2.238E-03 3.316E+00 10 2.426E-04 1.054E+01 11 4.691E-03 2.759E+00 12 2.344E-03 1.573E+00
13 1.493E-04 5.900E+00 14 1.871E-03 1.588E+01 15 1.765E-03 6.498E+00 16 1.616E-03 1.141E+00 17 1.826E-03 5.464E+00
18 5.779E-05 5.166E+01 19 1.554E-05 6.609E+01 21 4.491E-04 1.473E+01 22 1.877E-03 7.485E+00 23 1.908E-06 3.058E+01
24 3.959E-03 3.699E-01 25 1.210E-05 8.589E+00 26 2.197E-03 8.470E-01 27 1.700E-03 1.005E+00
 73  24
 1 1.062E-03 1.957E+01  3 5.465E-05 1.908E+01  5 7.623E-03 9.771E+00  6 4.290E-03 3.833E+00  7 1.134E-02 1.079E+00
 8 2.259E-02 1.168E+00  9 2.010E-03 3.812E+00 10 2.643E-04 8.316E+00 11 5.351E-03 2.018E+00 12 2.644E-03 1.596E+00
13 1.803E-04 6.475E+00 14 1.595E-03 2.151E+01 15 1.800E-03 4.792E+00 16 1.623E-03 9.283E-01 17 2.099E-03 5.070E+00
18 2.830E-05 7.372E+01 19 4.557E-06 9.284E+01 21 4.958E-04 1.478E+01 22 1.539E-03 1.008E+01 23 5.330E-07 3.192E+01
24 3.948E-03 3.471E-01 25 1.021E-05 6.795E+00 26 2.159E-03 8.163E-01 27 1.628E-03 1.240E+00
 74  25
 1 8.921E-04 1.663E+01  2 1.238E-08 1.000E+02  3 6.206E-05 1.721E+01  5 7.459E-03 7.983E+00  6 5.087E-03 3.654E+00
 7 1.220E-02 9.828E-01  8 2.420E-02 1.213E+00  9 1.949E-03 3.820E+00 10 2.013E-04 8.674E+00 11 6.247E-03 2.349E+00
12 3.179E-03 1.685E+00 13 1.814E-04 5.614E+00 14 2.067E-03 1.636E+01 15 2.256E-03 4.197E+00 16 1.593E-03 1.080E+00
17 2.233E-03 4.346E+00 18 2.170E-05 6.511E+01 19 8.712E-05 5.232E+01 21 3.558E-04 2.064E+01 22 1.481E-03 9.211E+00
23 2.328E-06 3.751E+01 24 3.973E-03 2.967E-01 25 8.934E-06 9.487E+00 26 2.132E-03 1.237E+00 27 1.590E-03 1.574E+00
 75  25
 1 1.162E-03 1.648E+01  2 1.595E-07 1.000E+02  3 8.791E-05 2.045E+01  5 8.933E-03 8.225E+00  6 6.092E-03 2.703E+00
 7 7.166E-03 1.063E+00  8 1.071E-02 1.632E+00  9 1.551E-03 5.680E+00 10 2.609E-04 1.054E+01 11 8.495E-03 2.047E+00
12 4.677E-03 1.397E+00 13 2.233E-04 5.136E+00 14 1.542E-03 1.770E+01 15 2.204E-03 5.846E+00 16 1.591E-03 8.577E-01
17 2.472E-03 4.491E+00 18 7.326E-05 4.599E+01 19 3.568E-05 6.209E+01 21 3.358E-04 1.468E+01 22 1.311E-03 9.987E+00
23 1.404E-06 3.545E+01 24 3.942E-03 3.001E-01 25 7.617E-06 1.184E+01 26 2.150E-03 7.320E-01 27 1.615E-03 9.944E-01
 76  26
 1 1.086E-03 1.477E+01  2 1.609E-06 1.000E+02  3 8.640E-05 2.166E+01  5 1.230E-02 7.299E+00  6 8.371E-03 2.484E+00
 7 6.363E-03 1.569E+00  8 9.268E-03 1.685E+00  9 1.346E-03 3.953E+00 10 3.014E-04 9.682E+00 11 1.140E-02 1.766E+00
12 5.308E-03 1.054E+00 13 2.311E-04 5.934E+00 14 1.683E-03 2.079E+01 15 2.741E-03 4.800E+00 16 1.598E-03 1.407E+00
17 3.004E-03 3.338E+00 18 6.124E-05 6.283E+01 19 5.840E-05 6.160E+01 20 5.278E-06 1.000E+02 21 2.971E-04 1.935E+01
22 1.519E-03 1.142E+01 23 3.211E-06 3.550E+01 24 3.966E-03 3.359E-01 25 6.000E-06 1.283E+01 26 2.142E-03 8.418E-01
27 1.581E-03 1.188E+00
 77  26
 1 1.326E-03 1.628E+01  3 1.033E-04 1.236E+01  4 3.427E-05 1.000E+02  5 1.933E-02 3.944E+00  6 9.826E-03 2.548E+00
 7 5.785E-03 1.646E+00  8 7.775E-03 1.837E+00  9 1.173E-03 6.760E+00 10 4.030E-04 6.190E+00 11 1.442E-02 1.508E+00
12 5.902E-03 1.130E+00 13 2.458E-04 5.500E+00 14 1.042E-03 1.963E+01 15 2.759E-03 3.974E+00 16 1.618E-03 1.159E+00
17 3.180E-03 4.290E+00 18 3.547E-05 5.716E+01 19 6.834E-05 5.719E+01 20 3.642E-06 1.000E+02 21 2.469E-04 1.987E+01
22 1.051E-03 1.138E+01 23 2.080E-06 3.103E+01 24 3.975E-03 3.633E-01 25 6.193E-06 1.144E+01 26 2.180E-03 9.306E-01
27 1.613E-03 1.158E+00
 78  24
 1 1.378E-03 1.345E+01  3 1.005E-04 1.197E+01  5 2.192E-02 4.756E+00  6 1.092E-02 2.650E+00  7 5.136E-03 1.646E+00
 8 7.488E-03 1.413E+00  9 1.163E-03 5.774E+00 10 4.118E-04 7.277E+00 11 1.685E-02 1.699E+00 12 6.450E-03 1.197E+00
13 2.625E-04 6.155E+00 14 1.307E-03 3.253E+01 15 3.412E-03 4.607E+00 16 1.632E-03 9.637E-01 17 3.382E-03 3.388E+00
18 2.162E-05 6.579E+01 19 5.652E-05 5.777E+01 21 3.012E-04 2.978E+01 22 9.831E-04 1.291E+01 23 2.144E-06 3.649E+01
24 3.961E-03 3.252E-01 25 5.333E-06 1.536E+01 26 2.121E-03 8.726E-01 27 1.498E-03 1.182E+00
 79  25
 1 1.279E-03 1.352E+01  2 3.067E-07 8.458E+01  3 9.671E-05 1.549E+01  5 2.230E-02 6.850E+00  6 1.127E-02 1.890E+00
 7 4.703E-03 1.385E+00  8 6.373E-03 2.608E+00  9 1.096E-03 4.336E+00 10 3.985E-04 7.521E+00 11 1.964E-02 1.299E+00
12 7.128E-03 1.122E+00 13 2.817E-04 5.725E+00 14 1.270E-03 2.868E+01 15 3.649E-03 3.316E+00 16 1.620E-03 1.626E+00
17 4.035E-03 4.028E+00 18 3.261E-05 6.880E+01 19 6.328E-06 7.387E+01 21 1.957E-04 1.378E+01 22 9.948E-04 1.061E+01
23 2.923E-06 2.498E+01 24 3.971E-03 3.264E-01 25 4.322E-06 1.287E+01 26 2.135E-03 7.720E-01 27 1.500E-03 1.162E+00
 80  26
 1 1.861E-03 1.259E+01  2 1.001E-06 1.000E+02  3 1.256E-04 1.686E+01  5 2.153E-02 5.001E+00  6 1.223E-02 2.261E+00
 7 4.125E-03 1.633E+00  8 5.760E-03 2.591E+00  9 9.192E-04 6.365E+00 10 4.629E-04 6.106E+00 11 2.173E-02 1.514E+00
12 7.750E-03 8.667E-01 13 3.460E-04 4.510E+00 14 7.136E-04 2.397E+01 15 3.800E-03 4.096E+00 16 1.606E-03 9.563E-01
17 4.348E-03 2.489E+00 18 2.645E-05 8.503E+01 19 5.363E-05 5.482E+01 20 8.832E-06 1.000E+02 21 2.808E-04 2.246E+01
22 6.088E-04 1.083E+01 23 1.712E-06 3.247E+01 24 3.970E-03 2.961E-01 25 5.078E-06 1.184E+01 26 2.188E-03 8.000E-01
27 1.528E-03 1.610E+00
 81  25
 1 2.119E-03 1.016E+01  2 7.661E-07 7.984E+01  3 1.523E-04 1.354E+01  5 2.098E-02 5.761E+00  6 1.309E-02 2.263E+00
 7 3.660E-03 1.782E+00  8 5.111E-03 2.874E+00  9 8.265E-04 7.387E+00 10 5.517E-04 8.156E+00 11 2.337E-02 1.335E+00
12 8.143E-03 1.276E+00 13 3.725E-04 3.991E+00 14 7.640E-04 1.726E+01 15 4.092E-03 4.493E+00 16 1.579E-03 1.345E+00
17 5.089E-03 3.553E+00 18 6.458E-06 9.145E+01 19 6.451E-05 8.823E+01 21 2.353E-04 2.051E+01 22 8.535E-04 1.086E+01
23 4.992E-06 2.688E+01 24 3.941E-03 3.086E-01 25 4.732E-06 1.709E+01 26 2.165E-03 8.672E-01 27 1.486E-03 1.647E+00
 82  26
 1 1.846E-03 1.504E+01  2 1.160E-06 7.903E+01  3 1.270E-04 1.208E+01  5 2.404E-02 6.054E+00  6 1.396E-02 1.990E+00
 7 3.385E-03 2.675E+00  8 4.604E-03 3.974E+00  9 8.076E-04 7.383E+00 10 5.688E-04 6.409E+00 11 2.401E-02 8.886E-01
12 8.703E-03 9.608E-01 13 4.045E-04 4.382E+00 14 6.230E-04 2.754E+01 15 4.858E-03 5.666E+00 16 1.646E-03 1.108E+00
17 5.632E-03 2.147E+00 18 2.171E-05 6.310E+01 19 3.814E-05 5.421E+01 20 2.388E-05 1.000E+02 21 2.482E-04 1.627E+01
22 6.539E-04 1.510E+01 23 4.721E-06 2.828E+01 24 3.973E-03 4.199E-01 25 3.776E-06 1.380E+01 26 2.195E-03 7.835E-01
27 1.480E-03 1.130E+00
 83  26
 1 2.630E-03 9.305E+00  2 1.115E-06 7.019E+01  3 1.741E-04 1.299E+01  5 1.948E-02 7.022E+00  6 1.463E-02 1.855E+00
 7 3.031E-03 2.042E+00  8 4.201E-03 2.731E+00  9 7.844E-04 9.271E+00 10 6.416E-04 5.831E+00 11 2.554E-02 1.300E+00
12 9.401E-03 1.008E+00 13 4.368E-04 4.150E+00 14 1.025E-03 2.586E+01 15 5.291E-03 4.210E+00 16 1.626E-03 1.063E+00
17 6.825E-03 3.483E+00 18 2.273E-05 6.035E+01 19 7.733E-05 4.409E+01 20 8.184E-06 7.618E+01 21 2.713E-04 1.867E+01
22 5.206E-04 1.327E+01 23 3.771E-06 2.398E+01 24 3.962E-03 3.287E-01 25 3.640E-06 1.409E+01 26 2.199E-03 1.148E+00
27 1.478E-03 1.865E+00
 84  25
 1 3.234E-03 1.222E+01  3 1.791E-04 1.240E+01  5 2.094E-02 6.097E+00  6 1.530E-02 2.354E+00  7 2.687E-03 2.262E+00
 8 3.659E-03 2.543E+00  9 6.777E-04 5.527E+00 10 6.942E-04 6.511E+00 11 2.609E-02 1.444E+00 12 1.015E-02 9.393E-01
13 5.406E-04 3.070E+00 14 8.707E-04 2.680E+01 15 6.402E-03 3.831E+00 16 1.596E-03 1.349E+00 17 8.873E-03 2.445E+00
18 4.525E-06 7.864E+01 19 2.283E-04 4.009E+01 20 4.139E-05 7.491E+01 21 1.737E-04 2.149E+01 22 6.038E-04 1.567E+01
23 5.479E-06 2.369E+01 24 3.981E-03 3.206E-01 25 3.213E-06 1.852E+01 26 2.227E-03 7.636E-01 27 1.489E-03 1.237E+00
 85  24
 1 3.845E-03 8.025E+00  3 1.584E-04 1.264E+01  5 2.011E-02 5.731E+00  6 1.523E-02 2.113E+00  7 2.458E-03 2.365E+00
 8 3.291E-03 2.855E+00  9 6.737E-04 7.629E+00 10 7.479E-04 5.323E+00 11 2.666E-02 1.109E+00 12 1.058E-02 1.007E+00
13 5.436E-04 3.200E+00 14 3.963E-04 3.219E+01 15 6.955E-03 2.983E+00 16 1.601E-03 1.028E+00 17 1.104E-02 1.907E+00
19 2.767E-04 3.127E+01 20 9.604E-05 1.000E+02 21 1.366E-04 2.132E+01 22 5.777E-04 1.595E+01 23 6.469E-06 2.248E+01
24 3.982E-03 3.314E-01 25 3.056E-06 1.178E+01 26 2.301E-03 7.320E-01 27 1.522E-03 1.018E+00
 86  26
 1 3.767E-03 9.712E+00  2 5.415E-07 8.039E+01  3 2.456E-04 1.219E+01  5 1.933E-02 6.523E+00  6 1.647E-02 1.614E+00
 7 2.254E-03 1.094E+00  8 3.091E-03 3.367E+00  9 5.180E-04 9.478E+00 10 7.406E-04 6.406E+00 11 2.705E-02 1.444E+00
12 1.116E-02 9.943E-01 13 6.122E-04 2.549E+00 14 5.261E-04 3.000E+01 15 7.641E-03 3.973E+00 16 1.601E-03 1.129E+00
17 1.253E-02 2.083E+00 18 3.993E-05 5.717E+01 19 8.553E-05 3.740E+01 20 4.876E-07 1.000E+02 21 1.393E-04 3.478E+01
22 4.896E-04 1.155E+01 23 4.608E-06 2.788E+01 24 4.012E-03 2.982E-01 25 2.498E-06 1.940E+01 26 2.329E-03 9.549E-01
27 1.486E-03 1.365E+00
 87  26
 1 4.523E-03 8.451E+00  2 1.003E-06 6.703E+01  3 1.901E-04 1.324E+01  5 1.791E-02 5.453E+00  6 1.615E-02 2.052E+00
 7 2.022E-03 2.039E+00  8 2.928E-03 2.956E+00  9 4.823E-04 5.620E+00 10 8.963E-04 3.981E+00 11 2.584E-02 1.586E+00
12 1.158E-02 8.208E-01 13 7.241E-04 2.838E+00 14 5.722E-04 3.784E+01 15 8.545E-03 3.546E+00 16 1.602E-03 1.284E+00
17 1.468E-02 1.688E+00 18 3.409E-05 9.188E+01 19 1.508E-04 3.067E+01 20 6.392E-06 6.942E+01 21 1.222E-04 2.627E+01
22 3.493E-04 1.689E+01 23 8.480E-06 1.675E+01 24 3.995E-03 2.896E-01 25 2.555E-06 2.034E+01 26 2.385E-03 8.122E-01
27 1.531E-03 1.295E+00
 88  25
 1 4.353E-03 7.917E+00  2 1.637E-06 7.888E+01  3 2.138E-04 9.323E+00  5 1.650E-02 8.242E+00  6 1.697E-02 8.188E-01
 7 1.774E-03 2.788E+00  8 2.509E-03 3.329E+00  9 3.997E-04 1.426E+01 10 9.750E-04 5.228E+00 11 2.547E-02 1.163E+00
12 1.226E-02 5.997E-01 13 7.768E-04 2.508E+00 14 2.707E-04 4.206E+01 15 9.884E-03 2.773E+00 16 1.587E-03 1.316E+00
17 1.565E-02 2.422E+00 19 7.547E-05 3.279E+01 20 2.054E-05 8.776E+01 21 1.108E-04 3.343E+01 22 4.822E-04 1.706E+01
23 8.598E-06 1.759E+01 24 4.018E-03 3.270E-01 25 2.090E-06 2.142E+01 26 2.450E-03 1.080E+00 27 1.541E-03 1.417E+00
 89  26
 1 5.216E-03 8.536E+00  2 3.456E-06 6.428E+01  3 2.276E-04 9.522E+00  5 1.607E-02 6.862E+00  6 1.732E-02 1.876E+00
 7 1.592E-03 2.732E+00  8 2.132E-03 5.184E+00  9 3.459E-04 1.090E+01 10 1.130E-03 3.353E+00 11 2.427E-02 1.221E+00
12 1.260E-02 7.976E-01 13 8.484E-04 2.071E+00 14 3.697E-04 4.124E+01 15 1.232E-02 2.773E+00 16 1.607E-03 1.028E+00
17 1.748E-02 1.686E+00 18 2.357E-06 1.000E+02 19 1.624E-04 3.933E+01 20 2.094E-05 7.822E+01 21 5.998E-05 3.898E+01
22 2.540E-04 2.221E+01 23 8.672E-06 1.668E+01 24 3.996E-03 3.657E-01 25 2.460E-06 2.225E+01 26 2.512E-03 7.907E-01
27 1.575E-03 9.767E-01
 90  26
 1 6.465E-03 7.185E+00  2 1.393E-07 8.682E+01  3 3.427E-04 9.283E+00  5 1.433E-02 5.853E+00  6 1.652E-02 2.199E+00
 7 1.496E-03 2.562E+00  8 2.059E-03 3.527E+00  9 3.340E-04 1.028E+01 10 1.179E-03 5.101E+00 11 2.336E-02 1.380E+00
12 1.316E-02 1.032E+00 13 9.548E-04 2.111E+00 14 6.335E-04 3.245E+01 15 1.381E-02 2.681E+00 16 1.604E-03 1.760E+00
17 1.889E-02 1.888E+00 18 4.756E-05 6.362E+01 19 1.950E-04 3.389E+01 20 2.808E-05 5.732E+01 21 6.247E-05 4.373E+01
22 3.709E-04 1.716E+01 23 9.814E-06 9.493E+00 24 4.018E-03 3.544E-01 25 1.723E-06 1.853E+01 26 2.658E-03 9.093E-01
27 1.631E-03 1.407E+00
 91  26
 1 6.168E-03 7.925E+00  2 1.930E-08 8.423E+01  3 2.295E-04 9.948E+00  5 1.052E-02 8.867E+00  6 1.607E-02 2.105E+00
 7 1.296E-03 3.166E+00  8 1.743E-03 4.239E+00  9 2.731E-04 1.190E+01 10 1.299E-03 5.428E+00 11 1.999E-02 1.221E+00
12 1.291E-02 8.835E-01 13 1.034E-03 2.833E+00 14 3.490E-04 3.423E+01 15 1.435E-02 3.027E+00 16 1.590E-03 1.131E+00
17 1.897E-02 1.842E+00 18 4.121E-06 1.000E+02 19 2.888E-04 2.982E+01 20 2.746E-05 9.521E+01 21 7.016E-05 2.236E+01
22 3.551E-04 1.999E+01 23 6.683E-06 1.457E+01 24 4.100E-03 2.922E-01 25 1.500E-06 1.891E+01 26 4.069E-03 5.945E-01
27 2.536E-03 7.655E-01
 92  26
 1 6.117E-03 8.717E+00  2 1.648E-06 5.964E+01  3 3.038E-04 7.889E+00  5 1.146E-02 8.527E+00  6 1.541E-02 2.623E+00
 7 1.174E-03 2.764E+00  8 1.536E-03 5.029E+00  9 2.742E-04 1.215E+01 10 1.375E-03 4.799E+00 11 1.769E-02 1.674E+00
12 1.313E-02 7.671E-01 13 1.132E-03 3.330E+00 14 4.974E-04 4.307E+01 15 1.547E-02 2.954E+00 16 1.553E-03 1.411E+00
17 1.898E-02 1.316E+00 18 1.487E-05 6.986E+01 19 2.512E-04 4.132E+01 20 4.725E-05 5.487E+01 21 8.544E-05 3.575E+01
22 2.205E-04 1.673E+01 23 9.858E-06 1.650E+01 24 4.132E-03 3.002E-01 25 9.586E-07 2.653E+01 26 4.552E-03 4.781E-01
27 2.824E-03 6.576E-01
 93  26
 1 9.289E-03 6.742E+00  2 2.732E-06 6.673E+01  3 3.681E-04 9.943E+00  5 1.067E-02 8.554E+00  6 1.557E-02 1.993E+00
 7 9.949E-04 3.380E+00  8 1.393E-03 3.687E+00  9 2.437E-04 1.391E+01 10 1.736E-03 3.684E+00 11 1.568E-02 1.420E+00
12 1.359E-02 6.784E-01 13 1.257E-03 1.566E+00 14 7.908E-05 3.906E+01 15 1.650E-02 3.298E+00 16 1.544E-03 9.597E-01
17 1.870E-02 1.329E+00 18 3.134E-05 6.926E+01 19 2.513E-04 3.412E+01 20 3.622E-05 8.237E+01 21 4.453E-05 4.858E+01
22 2.045E-04 1.533E+01 23 1.181E-05 1.676E+01 24 4.108E-03 3.475E-01 25 7.703E-07 1.939E+01 26 4.478E-03 4.505E-01
27 2.752E-03 6.910E-01
 94  26
 1 1.004E-02 6.087E+00  2 1.288E-06 9.926E+01  3 3.469E-04 8.986E+00  5 1.094E-02 6.455E+00  6 1.620E-02 1.610E+00
 7 9.281E-04 2.488E+00  8 1.323E-03 4.044E+00  9 2.052E-04 1.208E+01 10 1.996E-03 3.812E+00 11 1.460E-02 1.896E+00
12 1.519E-02 9.976E-01 13 1.434E-03 2.707E+00 14 3.255E-04 3.981E+01 15 1.929E-02 2.061E+00 16 1.589E-03 1.386E+00
17 2.127E-02 1.966E+00 18 1.657E-05 1.000E+02 19 4.540E-04 2.937E+01 20 1.130E-04 6.822E+01 21 5.419E-05 4.515E+01
22 1.470E-04 2.766E+01 23 1.153E-05 1.660E+01 24 4.053E-03 3.801E-01 25 1.065E-06 2.492E+01 26 2.894E-03 9.384E-01
27 1.528E-03 1.226E+00
 95  26
 1 1.188E-02 8.142E+00  2 2.149E-06 7.136E+01  3 3.629E-04 1.003E+01  5 7.675E-03 7.163E+00  6 1.626E-02 2.016E+00
 7 9.499E-04 3.377E+00  8 1.284E-03 4.691E+00  9 1.914E-04 1.713E+01 10 2.076E-03 3.599E+00 11 1.158E-02 2.129E+00
12 1.576E-02 7.163E-01 13 1.586E-03 1.933E+00 14 1.300E-04 4.508E+01 15 2.947E-02 1.862E+00 16 1.582E-03 1.094E+00
17 2.121E-02 1.603E+00 18 2.611E-05 6.933E+01 19 2.125E-04 4.468E+01 20 4.365E-05 7.378E+01 21 6.969E-05 3.565E+01
22 1.831E-04 2.821E+01 23 1.100E-05 1.380E+01 24 4.048E-03 3.226E-01 25 7.268E-07 3.006E+01 26 2.866E-03 9.037E-01
27 1.485E-03 7.668E-01
 96  26
 1 1.472E-02 5.309E+00  2 1.181E-06 6.014E+01  3 5.214E-04 5.790E+00  4 2.182E-06 1.000E+02  5 5.988E-03 7.390E+00
 6 1.554E-02 1.985E+00  7 7.922E-04 4.341E+00  8 1.056E-03 5.328E+00  9 1.748E-04 1.730E+01 10 2.246E-03 2.731E+00
11 8.174E-03 1.860E+00 12 1.534E-02 9.213E-01 13 1.692E-03 2.541E+00 14 2.216E-04 4.605E+01 15 2.967E-02 2.266E+00
16 1.561E-03 1.250E+00 17 2.052E-02 1.255E+00 19 4.159E-04 2.140E+01 20 2.073E-05 4.463E+01 21 6.966E-05 4.079E+01
22 1.426E-04 2.774E+01 23 1.348E-05 1.222E+01 24 4.070E-03 3.453E-01 25 9.282E-07 2.419E+01 26 3.328E-03 7.267E-01
27 1.813E-03 9.793E-01
 97  25
 1 3.181E-02 4.646E+00  2 1.245E-06 6.853E+01  3 4.880E-04 8.801E+00  5 6.165E-03 1.004E+01  6 1.432E-02 2.157E+00
 7 7.143E-04 3.499E+00  8 9.299E-04 6.990E+00  9 2.047E-04 1.207E+01 10 2.458E-03 2.626E+00 11 5.750E-03 2.086E+00
12 1.501E-02 8.535E-01 13 1.891E-03 1.690E+00 14 2.842E-04 5.056E+01 15 2.548E-02 1.948E+00 16 1.595E-03 9.338E-01
17 1.911E-02 1.840E+00 19 3.084E-04 2.191E+01 20 3.219E-06 7.633E+01 21 4.202E-05 4.204E+01 22 2.291E-04 3.076E+01
23 1.767E-05 1.020E+01 24 4.126E-03 3.274E-01 25 1.016E-06 2.273E+01 26 4.653E-03 5.191E-01 27 2.792E-03 7.490E-01
 98  25
 1 3.405E-02 3.881E+00  2 2.723E-06 7.696E+01  3 5.861E-04 7.292E+00  5 4.821E-03 9.930E+00  6 1.312E-02 2.082E+00
 7 6.035E-04 3.408E+00  8 8.933E-04 5.677E+00  9 1.416E-04 1.485E+01 10 2.624E-03 3.134E+00 11 4.938E-03 2.587E+00
12 1.508E-02 7.223E-01 13 2.073E-03 1.933E+00 14 1.310E-04 6.079E+01 15 2.272E-02 2.661E+00 16 1.554E-03 1.110E+00
17 1.797E-02 1.641E+00 19 6.190E-04 1.915E+01 20 1.837E-05 6.920E+01 21 2.118E-05 6.063E+01 22 1.796E-04 2.141E+01
23 2.017E-05 1.305E+01 24 4.123E-03 3.175E-01 25 9.800E-07 3.183E+01 26 4.746E-03 5.667E-01 27 2.827E-03 7.191E-01
 99  26
 1 3.440E-02 4.665E+00  2 3.637E-06 4.590E+01  3 6.217E-04 7.375E+00  5 4.201E-03 1.215E+01  6 1.330E-02 2.014E+00
 7 5.941E-04 4.108E+00  8 7.702E-04 5.142E+00  9 1.338E-04 1.574E+01 10 3.081E-03 2.585E+00 11 4.377E-03 2.817E+00
12 1.598E-02 1.149E+00 13 2.359E-03 2.029E+00 14 2.182E-04 5.506E+01 15 2.113E-02 2.130E+00 16 1.582E-03 1.230E+00
17 1.765E-02 1.673E+00 18 6.460E-05 1.000E+02 19 3.792E-04 2.441E+01 20 1.551E-05 8.770E+01 21 6.659E-05 3.321E+01
22 1.237E-04 2.037E+01 23 1.708E-05 1.194E+01 24 4.110E-03 3.353E-01 25 9.915E-07 3.270E+01 26 4.069E-03 7.367E-01
27 2.320E-03 9.625E-01
100  25
 1 3.402E-02 3.072E+00  2 5.933E-06 3.112E+01  3 7.109E-04 5.638E+00  5 3.809E-03 1.223E+01  6 1.314E-02 1.917E+00
 7 5.493E-04 3.931E+00  8 7.823E-04 7.479E+00  9 1.091E-04 1.422E+01 10 3.349E-03 1.719E+00 11 3.959E-03 2.459E+00
12 1.711E-02 7.073E-01 13 2.694E-03 1.832E+00 14 8.800E-05 4.795E+01 15 1.661E-02 2.025E+00 16 1.577E-03 1.392E+00
17 1.767E-02 1.800E+00 19 5.369E-04 1.483E+01 20 7.781E-05 4.709E+01 21 4.162E-05 5.862E+01 22 9.732E-05 3.233E+01
23 2.471E-05 9.066E+00 24 4.058E-03 3.647E-01 25 8.579E-07 3.459E+01 26 3.059E-03 8.247E-01 27 1.536E-03 9.577E-01
101  25
 1 3.179E-02 4.269E+00  2 5.942E-07 5.752E+01  3 7.981E-04 5.693E+00  5 3.698E-03 1.251E+01  6 1.197E-02 2.525E+00
 7 4.901E-04 3.996E+00  8 6.373E-04 5.857E+00  9 1.109E-04 1.274E+01 10 3.895E-03 3.705E+00 11 3.501E-03 1.721E+00
12 1.682E-02 6.509E-01 13 2.912E-03 1.946E+00 14 1.266E-04 4.538E+01 15 1.249E-02 3.182E+00 16 1.600E-03 1.234E+00
17 1.612E-02 1.925E+00 19 6.881E-04 2.011E+01 20 6.223E-05 5.327E+01 21 1.491E-05 4.271E+01 22 9.585E-05 2.649E+01
23 2.486E-05 1.097E+01 24 4.027E-03 3.818E-01 25 6.802E-07 3.170E+01 26 3.083E-03 4.984E-01 27 1.538E-03 6.954E-01
102  26
 1 2.884E-02 4.609E+00  2 2.740E-06 4.456E+01  3 8.496E-04 4.503E+00  5 3.542E-03 1.903E+01  6 1.085E-02 2.956E+00
 7 4.293E-04 4.327E+00  8 6.062E-04 4.657E+00  9 8.389E-05 2.472E+01 10 4.282E-03 1.721E+00 11 3.016E-03 3.390E+00
12 1.628E-02 7.820E-01 13 3.255E-03 1.968E+00 14 6.563E-05 8.594E+01 15 9.702E-03 2.548E+00 16 1.557E-03 9.497E-01
17 1.391E-02 2.915E+00 18 1.380E-06 9.482E+01 19 7.836E-04 1.452E+01 20 5.065E-05 8.685E+01 21 1.491E-05 6.288E+01
22 1.328E-04 2.425E+01 23 2.540E-05 9.575E+00 24 4.062E-03 3.457E-01 25 6.395E-07 3.676E+01 26 4.135E-03 6.343E-01
27 2.317E-03 7.012E-01
103  26
 1 2.316E-02 5.042E+00  2 2.334E-06 4.920E+01  3 9.620E-04 5.111E+00  5 2.838E-03 1.203E+01  6 9.469E-03 2.195E+00
 7 3.588E-04 4.844E+00  8 5.502E-04 7.521E+00  9 9.184E-05 1.998E+01 10 4.788E-03 2.589E+00 11 2.750E-03 3.088E+00
12 1.527E-02 8.166E-01 13 3.555E-03 1.223E+00 14 7.366E-05 6.640E+01 15 8.847E-03 3.501E+00 16 1.590E-03 9.728E-01
17 1.139E-02 1.801E+00 18 1.620E-06 1.000E+02 19 9.596E-04 1.770E+01 20 4.878E-05 5.179E+01 21 4.892E-05 8.130E+01
22 9.622E-05 2.479E+01 23 2.150E-05 1.310E+01 24 4.124E-03 3.278E-01 25 6.669E-07 3.529E+01 26 4.887E-03 5.738E-01
27 2.873E-03 6.667E-01
104  25
 1 2.097E-02 3.603E+00  2 2.847E-06 3.360E+01  3 1.026E-03 3.605E+00  5 2.619E-03 9.754E+00  6 9.117E-03 2.045E+00
 7 3.309E-04 4.818E+00  8 4.478E-04 9.078E+00  9 9.132E-05 1.290E+01 10 5.310E-03 2.055E+00 11 2.354E-03 3.136E+00
12 1.500E-02 7.246E-01 13 4.032E-03 1.235E+00 14 1.835E-04 4.472E+01 15 7.885E-03 3.344E+00 16 1.591E-03 1.551E+00
17 9.961E-03 1.697E+00 19 1.011E-03 1.679E+01 20 6.382E-05 4.928E+01 21 7.134E-05 5.518E+01 22 1.295E-04 2.724E+01
23 2.841E-05 1.301E+01 24 4.124E-03 3.214E-01 25 4.145E-07 4.054E+01 26 4.850E-03 4.885E-01 27 2.839E-03 6.689E-01
105  25
 1 1.747E-02 4.675E+00  2 7.191E-06 3.304E+01  3 1.051E-03 3.505E+00  5 2.285E-03 9.309E+00  6 8.268E-03 2.105E+00
 7 2.823E-04 6.337E+00  8 4.179E-04 6.424E+00  9 4.613E-05 3.049E+01 10 6.378E-03 2.059E+00 11 2.068E-03 4.453E+00
12 1.567E-02 7.643E-01 13 4.882E-03 1.343E+00 14 5.825E-05 8.569E+01 15 7.044E-03 3.638E+00 16 1.571E-03 1.344E+00
17 8.493E-03 2.260E+00 19 9.706E-04 1.423E+01 20 5.185E-05 7.337E+01 21 4.007E-05 5.367E+01 22 6.160E-05 3.713E+01
23 3.519E-05 6.238E+00 24 4.010E-03 3.275E-01 25 4.353E-07 5.414E+01 26 3.551E-03 5.651E-01 27 1.836E-03 7.377E-01
106  26
 1 1.366E-02 5.160E+00  2 5.570E-06 3.485E+01  3 1.277E-03 3.934E+00  5 3.081E-03 1.520E+01  6 6.134E-03 2.822E+00
 7 2.565E-04 6.025E+00  8 3.796E-04 7.603E+00  9 7.135E-05 1.895E+01 10 7.063E-03 2.098E+00 11 1.858E-03 4.320E+00
12 1.513E-02 6.537E-01 13 5.396E-03 1.389E+00 14 1.466E-04 5.533E+01 15 6.793E-03 2.762E+00 16 1.579E-03 1.195E+00
17 6.975E-03 3.553E+00 18 1.011E-07 1.000E+02 19 1.055E-03 1.567E+01 20 4.300E-05 4.933E+01 21 1.421E-05 4.893E+01
22 4.852E-05 4.211E+01 23 3.661E-05 9.475E+00 24 3.980E-03 3.299E-01 25 3.530E-07 3.774E+01 26 3.204E-03 6.163E-01
27 1.581E-03 1.035E+00
107  25
 1 8.811E-03 5.884E+00  2 7.770E-06 5.235E+01  3 1.397E-03 3.685E+00  5 2.102E-03 1.700E+01  6 4.552E-03 2.994E+00
 7 2.649E-04 6.170E+00  8 3.257E-04 7.287E+00  9 5.439E-05 2.660E+01 10 8.038E-03 1.908E+00 11 1.790E-03 3.975E+00
12 7.316E-03 1.061E+00 13 6.369E-03 1.119E+00 14 2.294E-05 9.789E+01 15 6.192E-03 4.535E+00 16 1.610E-03 1.028E+00
17 5.255E-03 3.026E+00 19 1.079E-03 1.642E+01 20 7.712E-05 6.384E+01 21 8.814E-07 9.112E+01 22 5.516E-05 3.041E+01
23 3.476E-05 1.020E+01 24 3.982E-03 3.250E-01 25 6.549E-08 6.082E+01 26 3.302E-03 7.858E-01 27 1.627E-03 1.324E+00
108  25
 1 7.904E-03 7.502E+00  2 7.075E-06 2.947E+01  3 1.311E-03 4.887E+00  5 1.251E-03 1.299E+01  6 3.464E-03 3.250E+00
 7 2.247E-04 6.282E+00  8 3.006E-04 9.590E+00  9 2.466E-05 2.379E+01 10 1.029E-02 1.897E+00 11 1.413E-03 4.560E+00
12 5.330E-03 1.200E+00 13 1.124E-02 7.283E-01 14 3.652E-05 7.931E+01 15 5.143E-03 4.616E+00 16 1.584E-03 1.217E+00
17 3.877E-03 2.890E+00 19 1.120E-03 2.058E+01 20 3.080E-05 6.156E+01 21 1.376E-05 9.776E+01 22 5.261E-05 4.631E+01
23 3.557E-05 9.722E+00 24 3.923E-03 3.040E-01 25 2.103E-07 6.640E+01 26 5.022E-03 6.607E-01 27 2.936E-03 7.384E-01
109  26
 1 6.908E-03 6.884E+00  2 4.610E-06 3.237E+01  3 1.455E-03 4.512E+00  4 2.190E-05 1.000E+02  5 1.315E-03 2.206E+01
 6 3.167E-03 3.909E+00  7 1.865E-04 6.862E+00  8 2.512E-04 8.608E+00  9 4.957E-05 2.323E+01 10 1.424E-02 1.442E+00
11 1.189E-03 5.374E+00 12 4.717E-03 1.160E+00 13 1.173E-02 8.557E-01 14 4.565E-05 6.433E+01 15 4.897E-03 3.926E+00
16 1.568E-03 9.460E-01 17 3.569E-03 3.875E+00 19 1.330E-03 1.643E+01 20 2.824E-04 4.276E+01 21 1.252E-05 6.704E+01
22 5.386E-05 3.757E+01 23 4.358E-05 8.513E+00 24 3.925E-03 3.568E-01 25 2.231E-07 4.486E+01 26 5.108E-03 4.282E-01
27 3.008E-03 5.892E-01
110  25
 1 5.635E-03 6.531E+00  2 8.797E-06 4.630E+01  3 1.606E-03 4.392E+00  5 1.286E-03 1.731E+01  6 2.953E-03 4.096E+00
 7 1.743E-04 7.156E+00  8 2.605E-04 1.010E+01  9 1.752E-05 3.355E+01 10 1.796E-02 1.414E+00 11 1.294E-03 5.820E+00
12 4.266E-03 1.107E+00 13 1.218E-02 7.057E-01 14 6.440E-05 1.000E+02 15 3.956E-03 4.458E+00 16 1.609E-03 1.077E+00
17 3.197E-03 5.094E+00 19 1.196E-03 1.637E+01 20 5.973E-05 4.739E+01 21 5.976E-06 7.189E+01 22 2.743E-05 3.591E+01
23 4.493E-05 9.746E+00 24 3.895E-03 3.937E-01 25 7.523E-08 4.098E+01 26 4.761E-03 5.927E-01 27 2.725E-03 7.367E-01
111  24
 1 7.146E-03 4.814E+00  2 2.105E-06 5.306E+01  3 1.750E-03 2.991E+00  5 1.018E-03 2.218E+01  6 2.754E-03 4.226E+00
 7 1.648E-04 4.344E+00  8 1.981E-04 1.261E+01  9 3.457E-05 3.191E+01 10 2.241E-02 1.081E+00 11 1.034E-03 5.121E+00
12 4.112E-03 1.282E+00 13 1.355E-02 9.453E-01 14 7.011E-05 6.588E+01 15 4.005E-03 3.703E+00 16 1.607E-03 1.066E+00
17 3.037E-03 4.018E+00 19 1.518E-03 1.437E+01 20 3.411E-05 5.989E+01 22 1.281E-05 5.553E+01 23 4.788E-05 7.492E+00
24 3.788E-03 3.442E-01 25 6.249E-08 4.819E+01 26 3.335E-03 6.224E-01 27 1.635E-03 8.780E-01
112  24
 1 4.730E-03 7.521E+00  2 7.114E-06 3.785E+01  3 1.896E-03 3.454E+00  5 9.827E-04 1.968E+01  6 2.796E-03 4.026E+00
 7 1.648E-04 9.042E+00  8 1.895E-04 1.608E+01  9 4.919E-05 2.543E+01 10 2.426E-02 1.117E+00 11 9.333E-04 6.556E+00
12 3.765E-03 1.366E+00 13 1.377E-02 7.431E-01 15 3.523E-03 5.257E+00 16 1.640E-03 1.341E+00 17 2.915E-03 3.948E+00
19 1.652E-03 1.152E+01 20 2.328E-04 3.312E+01 21 2.240E-06 1.000E+02 22 2.997E-05 6.446E+01 23 4.438E-05 8.233E+00
24 3.795E-03 3.285E-01 25 1.692E-07 6.259E+01 26 3.367E-03 5.986E-01 27 1.640E-03 9.902E-01
113  24
 1 4.250E-03 7.750E+00  2 1.061E-05 2.914E+01  3 2.062E-03 2.890E+00  5 8.788E-04 2.306E+01  6 2.088E-03 4.515E+00
 7 1.466E-04 8.060E+00  8 1.955E-04 1.192E+01  9 3.315E-05 3.479E+01 10 2.330E-02 1.009E+00 11 9.614E-04 5.677E+00
12 3.473E-03 1.240E+00 13 1.315E-02 9.580E-01 14 8.876E-05 1.000E+02 15 3.721E-03 4.782E+00 16 1.620E-03 1.226E+00
17 2.195E-03 5.006E+00 19 1.767E-03 1.430E+01 20 2.517E-04 3.844E+01 22 3.266E-05 3.408E+01 23 4.806E-05 6.595E+00
24 3.842E-03 3.409E-01 25 1.567E-07 5.378E+01 26 4.117E-03 6.244E-01 27 2.195E-03 8.400E-01
114  25
 1 4.105E-03 9.839E+00  2 8.384E-06 5.031E+01  3 2.543E-03 3.236E+00  5 8.705E-04 2.722E+01  6 2.168E-03 5.028E+00
 7 1.326E-04 8.890E+00  8 1.824E-04 1.412E+01  9 3.335E-05 3.193E+01 10 2.345E-02 1.261E+00 11 7.946E-04 6.532E+00
12 2.997E-03 1.702E+00 13 1.293E-02 8.755E-01 14 3.248E-05 8.747E+01 15 3.399E-03 5.752E+00 16 1.628E-03 1.605E+00
17 2.373E-03 4.154E+00 19 2.302E-03 8.362E+00 20 1.188E-04 4.257E+01 21 2.916E-07 1.000E+02 22 3.249E-05 5.500E+01
23 5.777E-05 7.348E+00 24 3.937E-03 3.497E-01 25 2.856E-07 5.090E+01 26 5.153E-03 6.158E-01 27 2.981E-03 6.541E-01
115  24
 1 3.581E-03 1.444E+01  2 7.788E-06 2.994E+01  3 2.513E-03 3.135E+00  5 8.665E-04 1.724E+01  6 1.770E-03 4.456E+00
 7 1.205E-04 1.135E+01  8 1.472E-04 1.160E+01  9 1.020E-05 3.967E+01 10 2.299E-02 1.316E+00 11 7.218E-04 7.747E+00
12 2.761E-03 2.033E+00 13 1.284E-02 7.678E-01 15 2.809E-03 6.259E+00 16 1.601E-03 1.197E+00 17 2.193E-03 4.749E+00
19 2.445E-03 9.673E+00 20 1.201E-04 3.529E+01 21 7.092E-07 9.104E+01 22 1.313E-05 5.375E+01 23 6.338E-05 5.834E+00
24 3.925E-03 3.981E-01 25 1.886E-07 5.536E+01 26 5.190E-03 4.654E-01 27 3.006E-03 6.585E-01
116  24
 1 3.487E-03 1.039E+01  2 7.654E-06 2.667E+01  3 2.910E-03 2.601E+00  5 9.785E-04 2.680E+01  6 1.740E-03 4.998E+00
 7 1.134E-04 1.037E+01  8 1.551E-04 1.762E+01  9 2.078E-05 2.921E+01 10 2.392E-02 1.063E+00 11 6.868E-04 5.314E+00
12 2.571E-03 1.718E+00 13 1.355E-02 9.418E-01 14 1.020E-05 7.094E+01 15 2.625E-03 5.835E+00 16 1.626E-03 1.191E+00
17 1.816E-03 4.124E+00 19 2.660E-03 9.743E+00 20 1.694E-04 4.322E+01 22 1.322E-05 6.938E+01 23 6.433E-05 5.895E+00
24 3.840E-03 3.320E-01 25 2.804E-08 6.834E+01 26 4.134E-03 6.953E-01 27 2.186E-03 9.671E-01
117  26
 1 3.453E-03 1.027E+01  2 9.439E-06 3.202E+01  3 5.814E-03 2.539E+00  4 9.104E-07 1.000E+02  5 5.406E-04 2.591E+01
 6 1.620E-03 4.714E+00  7 9.884E-05 1.220E+01  8 1.262E-04 1.397E+01  9 3.928E-05 3.857E+01 10 2.415E-02 1.341E+00
11 5.657E-04 7.186E+00 12 2.473E-03 1.748E+00 13 1.387E-02 7.426E-01 14 5.908E-05 9.888E+01 15 2.432E-03 4.545E+00
16 1.906E-03 9.665E-01 17 1.829E-03 4.095E+00 19 3.152E-03 9.897E+00 20 3.703E-04 4.700E+01 21 1.141E-05 7.615E+01
22 2.216E-05 4.839E+01 23 7.285E-05 6.083E+00 24 3.814E-03 3.157E-01 25 2.700E-07 4.144E+01 26 3.447E-03 6.748E-01
27 1.642E-03 8.541E-01
118  26
 1 2.530E-03 1.281E+01  2 7.012E-06 3.321E+01  3 1.216E-02 1.946E+00  4 1.095E-04 1.000E+02  5 8.492E-04 1.781E+01
 6 1.453E-03 4.545E+00  7 1.014E-04 1.123E+01  8 1.211E-04 8.445E+00  9 3.773E-05 3.004E+01 10 2.387E-02 1.478E+00
11 5.295E-04 7.628E+00 12 2.239E-03 1.718E+00 13 1.356E-02 8.123E-01 14 3.001E-05 9.114E+01 15 2.141E-03 6.913E+00
16 1.843E-03 1.374E+00 17 1.720E-03 5.281E+00 19 2.748E-03 1.126E+01 20 2.868E-04 3.260E+01 21 7.408E-06 6.792E+01
22 3.426E-05 8.296E+01 23 7.978E-05 6.337E+00 24 3.824E-03 4.114E-01 25 4.738E-07 4.492E+01 26 3.495E-03 8.847E-01
27 1.675E-03 1.245E+00
119  25
 1 2.347E-03 1.364E+01  2 1.085E-05 2.434E+01  3 1.772E-02 1.395E+00  5 6.015E-04 2.708E+01  6 1.387E-03 6.281E+00
 7 8.139E-05 1.195E+01  8 1.376E-04 1.613E+01  9 1.899E-05 4.091E+01 10 2.049E-02 1.224E+00 11 5.547E-04 8.214E+00
12 2.001E-03 1.936E+00 13 1.261E-02 1.184E+00 14 3.076E-05 1.000E+02 15 2.116E-03 5.732E+00 16 1.815E-03 1.440E+00
17 1.497E-03 4.114E+00 19 3.039E-03 1.337E+01 20 1.928E-04 4.012E+01 21 7.816E-06 5.979E+01 22 3.214E-05 4.052E+01
23 8.200E-05 7.778E+00 24 3.890E-03 3.364E-01 25 3.676E-07 3.338E+01 26 4.723E-03 6.498E-01 27 2.615E-03 7.887E-01
120  26
 1 2.291E-03 1.127E+01  2 1.323E-05 2.491E+01  3 2.241E-02 1.248E+00  4 5.374E-06 1.000E+02  5 8.667E-04 2.749E+01
 6 1.113E-03 8.124E+00  7 8.198E-05 9.964E+00  8 1.098E-04 1.348E+01  9 8.982E-06 5.772E+01 10 1.927E-02 1.261E+00
11 4.905E-04 9.161E+00 12 1.797E-03 1.741E+00 13 1.214E-02 1.013E+00 14 3.149E-06 1.000E+02 15 1.682E-03 6.112E+00
16 1.756E-03 8.035E-01 17 1.345E-03 7.868E+00 18 2.252E-05 1.000E+02 19 4.058E-03 9.513E+00 20 3.165E-04 3.173E+01
22 5.266E-05 4.049E+01 23 8.977E-05 5.226E+00 24 3.911E-03 3.153E-01 25 6.066E-07 3.321E+01 26 5.043E-03 5.537E-01
27 2.856E-03 7.959E-01
121  25
 1 2.010E-03 1.121E+01  2 1.821E-05 2.856E+01  3 2.546E-02 1.209E+00  5 6.072E-04 1.895E+01  6 1.084E-03 3.793E+00
 7 7.897E-05 1.025E+01  8 1.080E-04 1.806E+01  9 1.719E-05 4.306E+01 10 1.838E-02 1.547E+00 11 3.598E-04 6.207E+00
12 1.608E-03 2.208E+00 13 1.213E-02 9.171E-01 14 1.567E-05 9.684E+01 15 1.751E-03 6.361E+00 16 1.763E-03 1.013E+00
17 1.301E-03 5.895E+00 19 3.594E-03 8.909E+00 20 4.305E-04 2.332E+01 21 1.760E-05 7.077E+01 22 3.888E-05 5.400E+01
23 8.844E-05 5.758E+00 24 3.934E-03 3.438E-01 25 1.008E-07 4.278E+01 26 5.053E-03 5.671E-01 27 2.835E-03 7.637E-01
122  26
 1 1.595E-03 1.347E+01  2 1.891E-05 2.699E+01  3 2.806E-02 1.305E+00  4 8.024E-06 1.000E+02  5 8.404E-04 3.500E+01
 6 9.889E-04 3.824E+00  7 7.851E-05 1.091E+01  8 9.868E-05 1.453E+01  9 2.910E-05 4.174E+01 10 1.847E-02 1.697E+00
11 4.444E-04 7.120E+00 12 1.521E-03 2.258E+00 13 1.283E-02 8.258E-01 14 7.832E-05 1.000E+02 15 1.551E-03 6.250E+00
16 1.720E-03 1.249E+00 17 1.160E-03 5.901E+00 19 4.663E-03 6.458E+00 20 4.025E-04 2.210E+01 21 6.696E-07 1.000E+02
22 3.405E-05 6.143E+01 23 1.078E-04 6.874E+00 24 3.849E-03 3.869E-01 25 3.632E-07 4.018E+01 26 3.694E-03 5.222E-01
27 1.735E-03 8.380E-01
123  25
 1 1.778E-03 1.534E+01  2 8.752E-06 2.110E+01  3 3.041E-02 1.460E+00  5 6.494E-04 2.861E+01  6 8.847E-04 6.719E+00
 7 6.397E-05 1.235E+01  8 7.985E-05 1.889E+01  9 6.157E-06 5.049E+01 10 1.745E-02 1.887E+00 11 3.475E-04 8.016E+00
12 1.418E-03 2.490E+00 13 1.243E-02 9.336E-01 14 6.769E-06 7.175E+01 15 1.401E-03 7.901E+00 16 1.743E-03 8.306E-01
17 1.096E-03 6.186E+00 19 6.906E-03 6.512E+00 20 3.585E-04 2.960E+01 21 4.649E-06 6.931E+01 22 1.375E-05 9.453E+01
23 1.063E-04 4.911E+00 24 3.854E-03 3.365E-01 25 2.976E-07 5.847E+01 26 3.990E-03 6.405E-01 27 1.846E-03 9.754E-01
124  24
 1 1.729E-03 1.857E+01  2 1.834E-05 2.586E+01  3 3.160E-02 1.119E+00  4 8.500E-05 1.000E+02  5 3.198E-04 2.886E+01
 6 8.315E-04 7.185E+00  7 5.446E-05 1.105E+01  8 1.047E-04 2.142E+01  9 1.277E-05 5.003E+01 10 1.559E-02 1.274E+00
11 3.328E-04 8.315E+00 12 1.311E-03 2.222E+00 13 1.240E-02 1.045E+00 15 1.226E-03 7.940E+00 16 1.708E-03 1.002E+00
17 1.100E-03 5.619E+00 19 6.220E-03 7.276E+00 20 2.865E-04 3.626E+01 22 3.024E-05 6.595E+01 23 1.161E-04 6.144E+00
24 3.910E-03 3.190E-01 25 3.213E-07 3.165E+01 26 4.380E-03 6.191E-01 27 2.155E-03 7.591E-01
125  26
 1 1.362E-03 2.201E+01  2 1.382E-05 3.238E+01  3 3.100E-02 9.460E-01  4 1.192E-04 1.000E+02  5 3.514E-04 3.311E+01
 6 6.791E-04 7.623E+00  7 4.439E-05 1.206E+01  8 4.860E-05 1.970E+01  9 8.194E-06 4.497E+01 10 1.368E-02 1.408E+00
11 3.433E-04 1.123E+01 12 1.147E-03 2.034E+00 13 1.114E-02 1.202E+00 14 7.156E-05 9.594E+01 15 1.103E-03 7.593E+00
16 1.671E-03 8.507E-01 17 8.310E-04 7.640E+00 19 7.117E-03 4.431E+00 20 5.456E-04 2.449E+01 21 1.210E-05 1.000E+02
22 4.607E-06 9.884E+01 23 1.081E-04 4.081E+00 24 3.968E-03 2.839E-01 25 2.556E-07 6.219E+01 26 5.545E-03 4.623E-01
27 3.105E-03 5.154E-01
126  25
 1 9.405E-04 1.767E+01  2 2.354E-05 1.826E+01  3 2.965E-02 1.206E+00  4 4.263E-05 1.000E+02  5 6.173E-04 2.679E+01
 6 6.512E-04 9.381E+00  7 4.848E-05 1.486E+01  8 8.250E-05 2.004E+01  9 1.824E-05 4.030E+01 10 1.224E-02 1.285E+00
11 2.649E-04 1.242E+01 12 1.097E-03 2.493E+00 13 1.121E-02 1.033E+00 15 1.018E-03 8.320E+00 16 1.665E-03 1.428E+00
17 7.753E-04 7.804E+00 19 7.799E-03 5.124E+00 20 5.489E-04 4.526E+01 21 7.719E-07 1.000E+02 22 2.519E-05 7.944E+01
23 1.259E-04 5.982E+00 24 3.978E-03 2.691E-01 25 2.498E-07 4.774E+01 26 5.613E-03 4.780E-01 27 3.130E-03 6.296E-01
127  24
 1 1.266E-03 2.016E+01  2 2.023E-05 2.198E+01  3 2.812E-02 1.173E+00  5 4.784E-04 3.681E+01  6 6.126E-04 1.240E+01
 7 4.895E-05 1.596E+01  8 8.372E-05 1.879E+01  9 1.509E-05 5.802E+01 10 1.138E-02 1.733E+00 11 2.851E-04 1.024E+01
12 9.895E-04 2.041E+00 13 1.138E-02 6.981E-01 14 2.606E-05 1.000E+02 15 1.087E-03 9.616E+00 16 1.742E-03 1.279E+00
17 6.656E-04 7.469E+00 19 1.159E-02 5.204E+00 20 3.125E-04 2.733E+01 21 5.532E-08 1.000E+02 23 1.448E-04 5.040E+00
24 3.930E-03 4.111E-01 25 1.275E-07 9.422E+01 26 5.030E-03 6.288E-01 27 2.687E-03 7.799E-01
128  26
 1 8.279E-04 1.807E+01  2 1.336E-05 2.362E+01  3 2.548E-02 1.037E+00  4 2.777E-05 1.000E+02  5 2.673E-04 4.159E+01
 6 6.495E-04 6.399E+00  7 4.322E-05 1.674E+01  8 7.287E-05 1.580E+01  9 8.003E-06 6.228E+01 10 1.020E-02 1.395E+00
11 2.476E-04 1.128E+01 12 9.994E-04 2.592E+00 13 1.188E-02 5.566E-01 14 4.089E-07 1.000E+02 15 8.784E-04 7.541E+00
16 1.731E-03 1.057E+00 17 7.354E-04 7.739E+00 19 1.906E-02 4.103E+00 20 5.109E-04 2.350E+01 21 2.446E-07 1.000E+02
22 5.923E-06 9.292E+01 23 1.608E-04 4.618E+00 24 3.891E-03 3.148E-01 25 2.300E-07 4.840E+01 26 4.199E-03 5.585E-01
27 2.009E-03 9.681E-01
129  26
 1 1.043E-03 1.699E+01  2 2.155E-05 1.820E+01  3 2.264E-02 1.182E+00  4 7.614E-05 1.000E+02  5 3.940E-04 2.684E+01
 6 5.619E-04 7.866E+00  7 4.772E-05 1.320E+01  8 5.604E-05 2.314E+01  9 1.829E-06 5.141E+01 10 9.225E-03 1.828E+00
11 2.475E-04 1.021E+01 12 9.189E-04 2.762E+00 13 1.216E-02 9.112E-01 14 4.465E-06 1.000E+02 15 8.113E-04 8.738E+00
16 1.774E-03 1.016E+00 17 7.156E-04 6.853E+00 19 2.363E-02 4.181E+00 20 3.918E-04 2.450E+01 21 5.725E-06 1.000E+02
22 1.114E-05 6.961E+01 23 1.695E-04 3.587E+00 24 3.898E-03 3.750E-01 25 2.032E-07 5.639E+01 26 4.212E-03 6.306E-01
27 2.008E-03 9.509E-01
130  24
 1 9.624E-04 1.901E+01  2 2.104E-05 2.135E+01  3 1.781E-02 1.192E+00  4 3.283E-05 8.291E+01  5 2.329E-04 3.957E+01
 6 4.920E-04 9.483E+00  7 3.543E-05 1.210E+01  8 4.144E-05 2.070E+01  9 6.165E-06 3.422E+01 10 8.069E-03 2.043E+00
11 2.308E-04 7.879E+00 12 8.178E-04 3.099E+00 13 1.153E-02 9.142E-01 15 7.949E-04 1.098E+01 16 1.774E-03 1.141E+00
17 6.036E-04 1.194E+01 19 2.732E-02 4.104E+00 20 3.916E-04 1.973E+01 22 1.251E-05 7.145E+01 23 1.854E-04 4.727E+00
24 3.940E-03 3.994E-01 25 8.534E-08 6.900E+01 26 5.142E-03 5.713E-01 27 2.722E-03 8.536E-01
131  24
 1 6.581E-04 1.801E+01  2 2.715E-05 1.391E+01  3 1.191E-02 1.544E+00  5 1.868E-04 3.187E+01  6 4.449E-04 7.877E+00
 7 2.506E-05 1.195E+01  8 4.441E-05 2.702E+01  9 9.821E-06 6.577E+01 10 5.632E-03 2.051E+00 11 2.003E-04 1.195E+01
12 7.310E-04 3.050E+00 13 1.161E-02 8.721E-01 15 6.953E-04 9.854E+00 16 1.804E-03 1.060E+00 17 6.057E-04 1.009E+01
19 2.773E-02 5.019E+00 20 5.022E-04 2.925E+01 21 4.486E-06 9.090E+01 22 1.453E-06 5.929E+01 23 1.871E-04 3.276E+00
24 3.997E-03 3.046E-01 25 7.908E-08 7.582E+01 26 5.922E-03 4.953E-01 27 3.310E-03 7.159E-01
132  24
 1 3.886E-04 2.039E+01  2 2.529E-05 2.342E+01  3 5.406E-03 2.378E+00  5 2.136E-04 5.196E+01  6 4.205E-04 7.780E+00
 7 2.109E-05 1.410E+01  8 2.085E-05 3.793E+01  9 1.675E-06 5.604E+01 10 5.212E-03 1.787E+00 11 1.821E-04 1.079E+01
12 6.494E-04 2.383E+00 13 1.139E-02 1.047E+00 15 6.247E-04 1.315E+01 16 1.837E-03 1.156E+00 17 6.354E-04 1.092E+01
19 3.393E-02 3.789E+00 20 5.705E-04 2.686E+01 21 4.904E-08 1.000E+02 22 8.478E-07 7.234E+01 23 2.179E-04 2.334E+00
24 3.976E-03 3.338E-01 25 3.802E-08 7.630E+01 26 5.906E-03 4.587E-01 27 3.298E-03 6.500E-01
133  24
 1 4.496E-04 1.957E+01  2 3.086E-05 1.534E+01  3 2.990E-03 3.045E+00  4 1.099E-04 9.716E+01  5 2.621E-04 3.796E+01
 6 3.935E-04 6.979E+00  7 2.510E-05 1.543E+01  8 3.606E-05 2.857E+01  9 1.269E-06 8.649E+01 10 4.740E-03 2.209E+00
11 1.636E-04 1.281E+01 12 6.595E-04 2.551E+00 13 1.207E-02 8.430E-01 15 5.632E-04 9.741E+00 16 1.620E-03 1.073E+00
17 4.448E-04 8.467E+00 19 4.046E-02 2.928E+00 20 4.508E-04 2.478E+01 21 1.412E-06 1.000E+02 23 2.261E-04 2.749E+00
24 3.878E-03 3.457E-01 25 6.169E-08 9.768E+01 26 4.646E-03 4.750E-01 27 2.335E-03 5.994E-01
134  23
 1 5.862E-04 2.288E+01  2 2.912E-05 1.869E+01  3 2.819E-03 3.151E+00  5 3.412E-04 3.253E+01  6 3.588E-04 1.196E+01
 7 2.850E-05 1.893E+01  8 2.476E-05 3.372E+01  9 7.153E-06 4.078E+01 10 4.584E-03 2.383E+00 11 1.578E-04 1.226E+01
12 6.266E-04 2.815E+00 13 1.191E-02 6.946E-01 15 5.748E-04 9.744E+00 16 1.656E-03 1.368E+00 17 4.179E-04 1.061E+01
19 4.170E-02 3.420E+00 20 6.588E-04 2.474E+01 21 2.743E-07 7.160E+01 23 2.433E-04 5.051E+00 24 3.867E-03 3.375E-01
25 1.406E-08 1.000E+02 26 4.304E-03 5.208E-01 27 2.055E-03 6.525E-01
135  24
 1 5.344E-04 2.909E+01  2 4.146E-05 1.395E+01  3 2.433E-03 3.929E+00  4 2.818E-05 9.328E+01  5 1.511E-04 5.084E+01
 6 3.336E-04 7.490E+00  7 2.983E-05 1.753E+01  8 4.778E-05 3.241E+01  9 2.568E-06 5.451E+01 10 4.132E-03 2.408E+00
11 1.414E-04 1.392E+01 12 5.799E-04 3.837E+00 13 1.156E-02 9.718E-01 15 5.914E-04 1.122E+01 16 1.654E-03 1.018E+00
17 4.610E-04 1.033E+01 19 3.994E-02 3.585E+00 20 6.912E-04 1.955E+01 22 1.601E-06 1.000E+02 23 2.829E-04 3.018E+00
24 3.874E-03 3.393E-01 25 2.085E-08 7.083E+01 26 4.362E-03 6.362E-01 27 2.079E-03 8.219E-01
136  24
 1 7.633E-04 1.854E+01  2 2.389E-05 2.393E+01  3 2.185E-03 3.265E+00  4 1.649E-04 1.000E+02  5 2.933E-04 3.048E+01
 6 2.909E-04 1.353E+01  7 2.310E-05 3.599E+01  8 3.201E-05 3.617E+01  9 8.585E-06 7.277E+01 10 3.538E-03 3.462E+00
11 1.590E-04 1.328E+01 12 5.181E-04 4.601E+00 13 1.036E-02 1.111E+00 15 4.453E-04 1.409E+01 16 1.608E-03 1.184E+00
17 4.285E-04 1.061E+01 19 3.373E-02 4.385E+00 20 8.347E-04 1.801E+01 22 1.414E-06 1.000E+02 23 2.764E-04 3.489E+00
24 3.951E-03 3.721E-01 25 7.978E-08 6.783E+01 26 5.932E-03 4.136E-01 27 3.295E-03 5.462E-01
137  25
 1 5.377E-04 2.000E+01  2 4.717E-05 1.440E+01  3 1.986E-03 3.272E+00  4 1.102E-04 1.000E+02  5 1.559E-04 3.698E+01
 6 2.870E-04 1.138E+01  7 2.843E-05 2.282E+01  8 3.519E-05 2.970E+01  9 1.178E-07 6.003E+01 10 2.898E-03 2.484E+00
11 1.235E-04 1.566E+01 12 4.789E-04 4.965E+00 13 9.786E-03 1.016E+00 15 4.851E-04 9.848E+00 16 1.586E-03 1.276E+00
17 4.300E-04 1.158E+01 19 3.293E-02 4.724E+00 20 1.212E-03 1.933E+01 21 8.913E-06 1.000E+02 22 1.222E-06 6.557E+01
23 3.065E-04 2.833E+00 24 3.952E-03 3.365E-01 25 3.334E-08 8.300E+01 26 5.976E-03 5.253E-01 27 3.320E-03 5.705E-01
138  25
 1 4.518E-04 2.547E+01  2 5.229E-05 1.193E+01  3 1.713E-03 3.618E+00  4 1.596E-06 1.000E+02  5 2.946E-05 5.884E+01
 6 2.964E-04 1.258E+01  7 2.181E-05 1.927E+01  8 3.342E-05 2.196E+01  9 2.307E-06 6.872E+01 10 2.694E-03 2.789E+00
11 1.247E-04 1.308E+01 12 4.382E-04 3.461E+00 13 9.744E-03 1.069E+00 15 3.886E-04 1.362E+01 16 1.594E-03 1.029E+00
17 3.469E-04 1.144E+01 19 2.953E-02 3.775E+00 20 1.273E-03 2.420E+01 21 1.389E-07 1.000E+02 22 6.289E-06 1.000E+02
23 3.614E-04 2.835E+00 24 3.947E-03 3.185E-01 25 7.902E-08 9.082E+01 26 5.661E-03 4.946E-01 27 3.063E-03 6.489E-01
139  24
 1 4.369E-04 1.560E+01  2 4.588E-05 1.266E+01  3 1.562E-03 4.822E+00  4 1.257E-04 8.992E+01  5 3.749E-05 8.209E+01
 6 2.813E-04 1.283E+01  7 1.820E-05 2.743E+01  8 2.139E-05 3.942E+01  9 9.305E-07 7.537E+01 10 2.599E-03 2.607E+00
11 1.310E-04 1.282E+01 12 4.471E-04 3.930E+00 13 9.950E-03 1.134E+00 14 7.597E-06 1.000E+02 15 3.511E-04 1.788E+01
16 1.582E-03 1.365E+00 17 3.437E-04 1.143E+01 19 3.058E-02 4.692E+00 20 1.305E-03 1.676E+01 23 3.884E-04 2.680E+00
24 3.861E-03 2.866E-01 25 1.455E-08 6.898E+01 26 4.337E-03 5.323E-01 27 2.049E-03 7.761E-01
140  23
 1 2.574E-04 3.366E+01  2 6.816E-05 1.327E+01  3 1.415E-03 3.036E+00  4 5.305E-06 1.000E+02  5 2.235E-04 4.001E+01
 6 2.068E-04 1.404E+01  7 1.516E-05 1.911E+01  8 1.418E-05 2.446E+01  9 5.293E-06 6.604E+01 10 2.364E-03 2.307E+00
11 1.571E-04 1.722E+01 12 3.878E-04 4.228E+00 13 9.347E-03 8.959E-01 14 3.216E-05 1.000E+02 15 3.992E-04 1.098E+01
16 1.614E-03 1.731E+00 17 2.909E-04 1.208E+01 19 2.476E-02 4.620E+00 20 1.379E-03 1.777E+01 23 4.312E-04 2.736E+00
24 3.844E-03 3.294E-01 26 4.317E-03 5.451E-01 27 2.037E-03 6.719E-01
141  23
 1 3.283E-04 2.914E+01  2 5.270E-05 1.447E+01  3 1.330E-03 4.262E+00  4 6.412E-05 7.885E+01  5 8.645E-05 6.514E+01
 6 2.356E-04 1.250E+01  7 8.566E-06 3.256E+01  8 2.254E-05 2.814E+01  9 1.169E-06 8.139E+01 10 2.179E-03 3.584E+00
11 1.050E-04 1.538E+01 12 3.699E-04 3.900E+00 13 8.772E-03 8.620E-01 15 3.139E-04 1.681E+01 16 1.600E-03 1.232E+00
17 3.207E-04 1.248E+01 19 1.948E-02 4.765E+00 20 1.205E-03 1.304E+01 23 4.716E-04 2.116E+00 24 3.905E-03 3.002E-01
25 4.653E-08 6.547E+01 26 4.991E-03 7.582E-01 27 2.540E-03 7.565E-01
142  25
 1 4.228E-04 3.031E+01  2 7.165E-05 1.332E+01  3 1.184E-03 3.982E+00  4 2.302E-05 1.000E+02  5 7.516E-05 7.513E+01
 6 1.766E-04 1.422E+01  7 1.498E-05 3.710E+01  8 2.592E-05 3.378E+01  9 1.843E-06 7.323E+01 10 2.058E-03 3.779E+00
11 6.918E-05 1.476E+01 12 3.386E-04 2.977E+00 13 7.967E-03 1.043E+00 15 2.587E-04 2.069E+01 16 1.622E-03 1.192E+00
17 2.733E-04 1.054E+01 19 1.217E-02 6.464E+00 20 1.356E-03 1.336E+01 21 1.441E-06 7.385E+01 22 8.480E-07 1.000E+02
23 5.232E-04 3.370E+00 24 3.955E-03 3.290E-01 25 6.098E-09 1.000E+02 26 5.979E-03 5.300E-01 27 3.271E-03 6.015E-01
143  25
 1 3.269E-04 3.129E+01  2 7.128E-05 1.278E+01  3 1.089E-03 5.002E+00  4 1.397E-04 6.896E+01  5 1.530E-04 5.532E+01
 6 1.200E-04 1.470E+01  7 1.368E-05 2.956E+01  8 2.131E-05 3.352E+01  9 1.809E-06 7.144E+01 10 1.798E-03 3.331E+00
11 1.066E-04 1.584E+01 12 2.747E-04 4.486E+00 13 7.535E-03 9.809E-01 14 4.398E-06 1.000E+02 15 2.800E-04 1.743E+01
16 1.611E-03 1.130E+00 17 2.295E-04 1.128E+01 19 8.127E-03 6.312E+00 20 1.650E-03 1.480E+01 22 3.133E-06 8.181E+01
23 5.715E-04 2.793E+00 24 3.931E-03 3.343E-01 25 6.552E-08 1.000E+02 26 5.953E-03 4.171E-01 27 3.255E-03 5.663E-01
144  23
 1 4.151E-04 3.670E+01  2 9.650E-05 9.491E+00  3 9.343E-04 5.003E+00  4 1.941E-04 9.464E+01  5 1.296E-04 5.956E+01
 6 1.710E-04 1.395E+01  7 1.927E-05 2.590E+01  8 2.903E-05 4.232E+01  9 4.602E-06 5.356E+01 10 1.615E-03 4.875E+00
11 1.034E-04 1.929E+01 12 2.754E-04 5.196E+00 13 7.426E-03 1.025E+00 15 2.943E-04 1.385E+01 16 1.622E-03 1.232E+00
17 2.594E-04 9.211E+00 19 7.298E-03 5.291E+00 20 2.082E-03 1.485E+01 23 6.396E-04 2.212E+00 24 3.868E-03 2.832E-01
25 3.157E-08 6.272E+01 26 4.950E-03 5.918E-01 27 2.503E-03 7.524E-01
145  23
 1 2.332E-04 3.263E+01  2 7.789E-05 8.021E+00  3 9.231E-04 6.536E+00  4 8.772E-05 6.944E+01  5 5.916E-05 5.893E+01
 6 1.424E-04 1.927E+01  7 1.242E-05 2.087E+01  8 3.081E-05 3.815E+01  9 8.162E-06 7.611E+01 10 1.552E-03 4.425E+00
11 5.704E-05 1.870E+01 12 2.593E-04 4.050E+00 13 6.979E-03 1.172E+00 15 2.502E-04 1.462E+01 16 1.688E-03 1.596E+00
17 2.973E-04 1.410E+01 19 6.336E-03 6.111E+00 20 1.635E-03 9.580E+00 23 7.027E-04 2.226E+00 24 3.806E-03 3.133E-01
25 8.120E-08 1.000E+02 26 4.283E-03 7.359E-01 27 1.965E-03 7.657E-01
146  23
 1 3.013E-04 3.954E+01  2 1.134E-04 1.191E+01  3 9.535E-04 5.540E+00  4 1.222E-04 8.613E+01  5 4.869E-05 4.909E+01
 6 1.695E-04 2.179E+01  7 1.392E-05 2.412E+01  8 9.071E-06 4.151E+01  9 3.832E-08 1.000E+02 10 1.489E-03 3.181E+00
11 4.948E-05 2.052E+01 12 2.712E-04 4.825E+00 13 6.643E-03 1.112E+00 15 2.660E-04 1.499E+01 16 1.667E-03 1.503E+00
17 2.287E-04 1.305E+01 19 5.413E-03 5.244E+00 20 2.623E-03 1.504E+01 23 7.948E-04 2.330E+00 24 3.804E-03 3.547E-01
25 7.600E-08 7.311E+01 26 4.333E-03 5.515E-01 27 2.004E-03 7.542E-01
147  24
 1 4.615E-04 3.246E+01  2 1.069E-04 1.035E+01  3 7.765E-04 6.981E+00  4 2.971E-04 5.180E+01  5 1.550E-04 6.605E+01
 6 1.599E-04 1.921E+01  7 1.422E-05 2.416E+01  8 1.701E-05 3.071E+01  9 5.104E-06 6.614E+01 10 1.235E-03 3.745E+00
11 7.667E-05 1.872E+01 12 2.099E-04 5.487E+00 13 5.843E-03 1.095E+00 15 2.084E-04 1.853E+01 16 1.592E-03 1.085E+00
17 9.262E-05 1.774E+01 19 5.376E-03 6.813E+00 20 2.676E-03 1.232E+01 21 5.207E-06 1.000E+02 23 8.366E-04 1.878E+00
24 3.856E-03 3.045E-01 25 2.170E-08 1.000E+02 26 5.536E-03 4.418E-01 27 2.933E-03 5.505E-01
148  24
 1 2.524E-04 5.220E+01  2 1.028E-04 1.178E+01  3 6.147E-04 7.338E+00  4 2.051E-04 6.065E+01  5 1.086E-04 7.578E+01
 6 1.321E-04 1.595E+01  7 7.880E-06 2.246E+01  8 7.802E-06 3.674E+01  9 7.934E-07 1.000E+02 10 1.102E-03 6.425E+00
11 6.518E-05 1.870E+01 12 2.034E-04 5.582E+00 13 5.197E-03 1.397E+00 15 2.171E-04 1.775E+01 16 1.660E-03 1.033E+00
17 1.415E-04 1.751E+01 19 3.658E-03 9.095E+00 20 3.021E-03 7.758E+00 22 8.869E-07 1.000E+02 23 9.274E-04 2.365E+00
24 3.868E-03 3.506E-01 25 1.687E-07 6.930E+01 26 5.945E-03 4.627E-01 27 3.240E-03 5.910E-01
149  23
 1 1.360E-04 3.438E+01  2 1.311E-04 8.580E+00  3 6.176E-04 7.527E+00  4 6.413E-05 6.945E+01  5 1.645E-05 5.649E+01
 6 1.316E-04 1.858E+01  7 7.592E-06 2.529E+01  8 9.374E-06 4.627E+01  9 3.128E-06 1.000E+02 10 1.079E-03 4.250E+00
11 4.928E-05 2.041E+01 12 1.928E-04 5.813E+00 13 4.847E-03 1.773E+00 15 1.773E-04 2.741E+01 16 1.643E-03 1.019E+00
17 1.637E-04 1.872E+01 19 3.778E-03 9.486E+00 20 3.162E-03 1.041E+01 22 5.179E-06 1.000E+02 23 1.040E-03 1.604E+00
24 3.853E-03 3.340E-01 26 5.882E-03 4.449E-01 27 3.169E-03 6.391E-01
150  22
 1 2.707E-04 3.927E+01  2 1.596E-04 6.004E+00  3 6.144E-04 6.890E+00  4 4.102E-04 7.890E+01  5 4.011E-05 8.970E+01
 6 1.032E-04 1.954E+01  7 7.232E-06 3.115E+01  8 2.042E-05 4.623E+01 10 1.038E-03 4.856E+00 11 7.063E-05 2.173E+01
12 1.775E-04 7.561E+00 13 4.718E-03 1.126E+00 15 2.078E-04 1.664E+01 16 1.655E-03 1.166E+00 17 1.627E-04 2.301E+01
19 3.621E-03 9.897E+00 20 2.946E-03 1.040E+01 23 1.194E-03 1.462E+00 24 3.741E-03 3.216E-01 25 3.837E-08 1.000E+02
26 4.279E-03 5.228E-01 27 1.935E-03 7.718E-01
151  23
 1 9.404E-05 4.694E+01  2 1.795E-04 8.327E+00  3 5.398E-04 6.773E+00  4 6.974E-05 8.141E+01  5 1.440E-04 5.455E+01
 6 1.484E-04 1.576E+01  7 6.567E-06 3.731E+01  8 4.699E-06 4.624E+01  9 7.484E-08 1.000E+02 10 8.381E-04 4.959E+00
11 6.323E-05 2.009E+01 12 1.673E-04 6.542E+00 13 4.281E-03 1.452E+00 15 1.540E-04 1.919E+01 16 1.682E-03 1.069E+00
17 1.235E-04 1.805E+01 19 2.883E-03 1.121E+01 20 3.898E-03 8.044E+00 23 1.377E-03 1.671E+00 24 3.679E-03 3.120E-01
25 5.692E-08 1.000E+02 26 4.228E-03 6.120E-01 27 1.889E-03 5.926E-01
152  24
 1 2.437E-04 4.672E+01  2 1.958E-04 6.052E+00  3 5.652E-04 4.322E+00  4 2.176E-04 5.467E+01  5 6.386E-07 1.000E+02
 6 1.174E-04 1.663E+01  7 6.354E-06 3.655E+01  8 1.426E-06 4.758E+01 10 7.242E-04 5.211E+00 11 3.373E-05 1.982E+01
12 1.564E-04 6.799E+00 13 3.738E-03 1.796E+00 14 3.421E-05 1.000E+02 15 1.818E-04 2.196E+01 16 1.707E-03 1.447E+00
17 1.319E-04 2.429E+01 19 2.433E-03 1.278E+01 20 4.909E-03 8.958E+00 22 9.460E-08 1.000E+02 23 1.504E-03 1.510E+00
24 3.673E-03 3.523E-01 25 1.721E-08 1.000E+02 26 4.607E-03 5.562E-01 27 2.151E-03 6.264E-01
153  25
 1 6.596E-05 3.650E+01  2 2.167E-04 5.214E+00  3 4.661E-04 5.263E+00  4 9.132E-05 6.276E+01  5 1.691E-04 6.410E+01
 6 7.488E-05 2.017E+01  7 6.908E-06 4.031E+01  8 3.924E-06 8.902E+01  9 8.026E-07 9.397E+01 10 7.096E-04 5.947E+00
11 2.506E-05 2.859E+01 12 1.387E-04 7.389E+00 13 3.026E-03 1.724E+00 15 1.134E-04 1.796E+01 16 1.704E-03 1.315E+00
17 1.015E-04 1.830E+01 19 1.982E-03 1.238E+01 20 5.422E-03 7.998E+00 21 2.648E-06 7.112E+01 22 1.224E-05 7.425E+01
23 1.579E-03 1.612E+00 24 3.692E-03 3.158E-01 25 5.528E-08 9.763E+01 26 5.836E-03 4.553E-01 27 3.109E-03 6.396E-01
154  23
 1 2.657E-04 3.156E+01  2 2.682E-04 5.290E+00  3 3.646E-04 9.227E+00  4 3.581E-04 4.772E+01  5 7.864E-05 7.449E+01
 6 9.876E-05 2.097E+01  7 5.848E-06 3.647E+01  8 3.609E-06 4.890E+01  9 4.190E-06 1.000E+02 10 6.603E-04 5.998E+00
11 3.238E-05 1.970E+01 12 1.250E-04 8.400E+00 13 2.672E-03 2.002E+00 15 1.044E-04 2.102E+01 16 1.693E-03 1.340E+00
17 6.636E-05 1.898E+01 19 2.278E-03 1.248E+01 20 4.918E-03 8.711E+00 22 9.073E-07 1.000E+02 23 1.783E-03 1.043E+00
24 3.622E-03 3.614E-01 26 5.828E-03 6.172E-01 27 3.063E-03 7.979E-01
155  24
 1 9.006E-05 6.283E+01  2 3.228E-04 6.677E+00  3 3.546E-04 8.541E+00  4 2.548E-04 6.640E+01  5 1.418E-05 1.000E+02
 6 9.433E-05 2.671E+01  7 3.816E-06 3.850E+01  8 3.789E-06 7.682E+01  9 1.278E-07 1.000E+02 10 6.045E-04 8.582E+00
11 4.775E-05 2.711E+01 12 1.153E-04 9.485E+00 13 2.343E-03 1.612E+00 15 8.989E-05 2.892E+01 16 1.759E-03 1.062E+00
17 1.007E-04 2.907E+01 19 1.966E-03 1.494E+01 20 6.486E-03 7.288E+00 22 3.887E-06 1.000E+02 23 2.129E-03 1.097E+00
24 3.496E-03 3.206E-01 25 1.675E-09 1.000E+02 26 4.956E-03 6.479E-01 27 2.471E-03 6.626E-01
156  23
 1 1.534E-04 4.314E+01  2 3.107E-04 6.051E+00  3 3.315E-04 5.352E+00  4 2.237E-04 7.274E+01  5 7.852E-06 9.292E+01
 6 6.895E-05 2.477E+01  7 7.047E-06 3.055E+01  8 1.151E-05 5.324E+01  9 2.467E-07 1.000E+02 10 5.930E-04 6.825E+00
11 4.106E-05 2.417E+01 12 9.756E-05 8.727E+00 13 2.047E-03 1.449E+00 14 2.425E-07 1.000E+02 15 8.132E-05 3.952E+01
16 1.789E-03 1.153E+00 17 1.019E-04 2.319E+01 19 1.735E-03 1.203E+01 20 7.534E-03 6.095E+00 23 2.376E-03 1.008E+00
24 3.385E-03 3.549E-01 26 4.636E-03 5.056E-01 27 1.954E-03 7.481E-01
157  23
 1 3.700E-05 4.648E+01  2 3.790E-04 5.097E+00  3 3.231E-04 6.176E+00  4 9.235E-04 3.556E+01  5 3.942E-07 1.000E+02
 6 4.609E-05 2.429E+01  7 6.645E-06 4.575E+01  8 4.752E-06 7.157E+01 10 5.313E-04 6.252E+00 11 2.099E-05 3.527E+01
12 1.070E-04 7.813E+00 13 1.813E-03 1.743E+00 15 8.467E-05 2.546E+01 16 1.819E-03 1.137E+00 17 1.119E-04 1.959E+01
19 1.257E-03 1.703E+01 20 8.006E-03 8.309E+00 22 4.996E-06 7.494E+01 23 2.675E-03 1.241E+00 24 3.281E-03 3.200E-01
25 8.353E-10 1.000E+02 26 4.790E-03 5.469E-01 27 1.983E-03 7.594E-01
158  24
 1 1.765E-04 6.015E+01  2 4.129E-04 4.449E+00  3 2.445E-04 1.063E+01  4 3.430E-04 4.432E+01  5 1.555E-05 1.000E+02
 6 5.880E-05 3.124E+01  7 2.176E-06 4.367E+01  8 1.767E-06 9.020E+01  9 9.198E-08 1.000E+02 10 4.618E-04 7.622E+00
11 1.951E-05 2.647E+01 12 8.185E-05 1.176E+01 13 1.635E-03 1.642E+00 15 6.951E-05 2.417E+01 16 1.922E-03 1.419E+00
17 7.124E-05 2.816E+01 19 1.420E-03 1.532E+01 20 9.051E-03 5.347E+00 22 4.756E-07 1.000E+02 23 3.171E-03 1.029E+00
24 3.101E-03 3.440E-01 25 1.264E-08 1.000E+02 26 4.310E-03 6.832E-01 27 1.788E-03 8.023E-01
159  21
 1 1.016E-04 5.066E+01  2 4.998E-04 3.666E+00  3 2.569E-04 1.423E+01  4 3.318E-04 4.914E+01  5 1.391E-05 1.000E+02
 6 4.937E-05 2.676E+01  7 1.761E-07 8.335E+01  8 4.742E-06 9.677E+01 10 4.126E-04 7.461E+00 11 2.512E-05 2.480E+01
12 8.162E-05 8.719E+00 13 1.542E-03 2.184E+00 15 1.276E-04 3.219E+01 16 2.176E-03 1.232E+00 17 9.581E-05 1.929E+01
19 1.472E-03 1.181E+01 20 1.046E-02 7.827E+00 23 3.844E-03 1.001E+00 24 2.796E-03 3.606E-01 26 2.589E-03 8.391E-01
27 1.197E-03 1.046E+00
160  21
 1 1.199E-05 6.904E+01  2 5.210E-04 4.001E+00  3 2.644E-04 9.454E+00  4 3.083E-04 4.001E+01  5 3.684E-05 1.000E+02
 6 3.640E-05 3.234E+01  7 2.059E-06 6.310E+01  8 8.091E-06 9.721E+01 10 3.608E-04 8.261E+00 11 2.889E-05 3.851E+01
12 7.157E-05 8.755E+00 13 1.412E-03 2.484E+00 15 6.494E-05 3.775E+01 16 7.119E-03 5.823E-01 17 7.694E-05 2.191E+01
19 1.188E-03 1.228E+01 20 1.443E-02 5.111E+00 23 4.572E-03 1.047E+00 24 2.543E-03 4.051E-01 26 2.399E-03 7.829E-01
27 1.107E-03 1.018E+00
161  22
 1 4.866E-05 5.889E+01  2 3.637E-04 3.568E+00  3 1.458E-04 5.530E+00  4 4.087E-05 5.747E+01  5 1.709E-06 1.000E+02
 6 3.768E-05 2.380E+01  7 2.832E-06 4.427E+01  8 4.865E-06 4.848E+01 10 2.592E-04 5.079E+00 11 1.551E-05 3.239E+01
12 5.849E-05 4.775E+00 13 1.056E-03 1.946E+00 15 4.698E-05 2.576E+01 16 1.458E-03 8.303E-01 17 5.006E-05 2.272E+01
19 1.265E-03 1.243E+01 20 4.433E-02 2.601E+00 23 1.215E-02 3.568E-01 24 9.852E-04 4.716E-01 25 8.974E-09 1.000E+02
26 2.283E-03 6.253E-01 27 1.018E-03 8.207E-01
162  20
 1 9.652E-07 6.985E+01  2 4.212E-04 3.806E+00  3 1.113E-04 1.189E+01  4 2.749E-04 6.533E+01  6 2.497E-05 2.956E+01
 7 1.537E-06 6.235E+01  8 1.507E-06 9.586E+01 10 2.381E-04 7.452E+00 11 1.102E-05 3.062E+01 12 4.758E-05 6.249E+00
13 9.628E-04 2.349E+00 15 2.748E-05 3.206E+01 16 1.484E-03 1.237E+00 17 3.288E-05 2.185E+01 19 8.048E-04 1.020E+01
20 7.021E-02 2.298E+00 23 1.311E-02 3.379E-01 24 8.354E-04 4.999E-01 26 2.309E-03 6.512E-01 27 9.729E-04 8.713E-01
163  21
 1 1.046E-05 6.435E+01  2 4.582E-04 4.206E+00  3 1.026E-04 1.001E+01  4 2.367E-04 3.647E+01  5 1.540E-05 1.000E+02
 6 9.276E-06 3.303E+01  7 3.130E-06 3.689E+01  8 3.217E-06 3.649E+01 10 1.838E-04 6.767E+00 11 1.658E-05 2.347E+01
12 4.636E-05 1.112E+01 13 8.458E-04 2.176E+00 15 3.389E-05 3.871E+01 16 1.489E-03 1.040E+00 17 2.876E-05 2.467E+01
19 7.381E-04 1.473E+01 20 7.900E-02 1.682E+00 23 1.368E-02 3.637E-01 24 7.208E-04 5.763E-01 26 2.303E-03 6.085E-01
27 9.307E-04 6.031E-01
164  23
 1 7.817E-05 5.729E+01  2 5.231E-04 4.347E+00  3 1.009E-04 9.648E+00  4 4.255E-04 3.946E+01  5 2.513E-06 1.000E+02
 6 1.602E-05 3.407E+01  7 1.491E-06 5.172E+01  8 1.426E-06 6.892E+01 10 1.811E-04 7.013E+00 11 9.408E-06 4.525E+01
12 4.551E-05 8.270E+00 13 7.591E-04 2.461E+00 15 2.260E-05 3.342E+01 16 1.471E-03 9.092E-01 17 2.998E-05 3.520E+01
19 5.899E-04 1.259E+01 20 7.813E-02 2.192E+00 21 3.708E-07 1.000E+02 22 8.303E-07 1.000E+02 23 1.421E-02 3.363E-01
24 6.368E-04 6.517E-01 26 2.362E-03 6.405E-01 27 9.236E-04 8.106E-01
165  22
 1 2.048E-05 8.436E+01  2 5.977E-04 3.864E+00  3 1.000E-04 1.404E+01  4 2.713E-04 4.031E+01  5 2.352E-05 1.000E+02
 6 2.698E-05 3.174E+01  7 1.408E-06 4.571E+01  8 2.828E-06 5.717E+01 10 1.688E-04 9.309E+00 11 9.774E-06 2.595E+01
12 4.476E-05 7.917E+00 13 6.466E-04 2.733E+00 14 2.201E-05 1.000E+02 15 2.880E-05 3.866E+01 16 1.498E-03 9.802E-01
17 2.499E-05 2.393E+01 19 4.875E-04 1.525E+01 20 7.691E-02 1.742E+00 23 1.482E-02 3.650E-01 24 5.638E-04 6.730E-01
26 2.422E-03 6.166E-01 27 9.163E-04 7.834E-01
166  20
 1 3.127E-05 6.933E+01  2 6.885E-04 3.611E+00  3 7.846E-05 1.354E+01  4 2.201E-04 5.306E+01  6 1.824E-05 2.536E+01
 7 8.220E-07 4.424E+01  8 3.636E-06 6.344E+01 10 1.423E-04 9.040E+00 11 1.007E-05 3.820E+01 12 3.861E-05 9.069E+00
13 6.195E-04 1.728E+00 15 1.478E-05 2.581E+01 16 1.471E-03 9.915E-01 17 2.667E-05 2.785E+01 19 6.501E-04 2.138E+01
20 7.205E-02 1.604E+00 23 1.526E-02 3.154E-01 24 5.022E-04 6.038E-01 26 2.505E-03 4.710E-01 27 9.186E-04 5.680E-01
167  21
 1 7.123E-06 5.556E+01  2 7.490E-04 1.705E+00  3 1.072E-04 1.404E+01  4 2.905E-04 2.798E+01  6 1.211E-05 3.641E+01
 7 1.018E-06 5.639E+01  8 1.601E-06 6.989E+01 10 1.377E-04 8.387E+00 11 8.079E-06 4.239E+01 12 2.473E-05 1.293E+01
13 5.889E-04 2.613E+00 15 3.283E-05 4.886E+01 16 1.479E-03 9.634E-01 17 1.735E-05 2.615E+01 19 3.755E-04 1.757E+01
20 6.551E-02 1.992E+00 23 1.561E-02 3.682E-01 24 4.507E-04 8.238E-01 25 1.431E-09 1.000E+02 26 2.596E-03 7.559E-01
27 9.165E-04 8.634E-01
168  21
 1 6.614E-05 4.247E+01  2 8.396E-04 2.596E+00  3 7.880E-05 1.049E+01  4 3.731E-04 4.342E+01  5 5.363E-06 1.000E+02
 6 9.138E-06 3.942E+01  7 4.016E-09 1.000E+02  8 2.484E-08 1.000E+02 10 1.575E-04 8.532E+00 11 5.088E-06 5.532E+01
12 2.960E-05 8.752E+00 13 5.169E-04 3.615E+00 15 1.783E-05 4.397E+01 16 2.413E-03 7.156E-01 17 2.899E-05 3.164E+01
19 3.781E-04 2.078E+01 20 5.187E-02 1.888E+00 23 1.615E-02 2.919E-01 24 4.135E-04 6.420E-01 26 2.758E-03 6.144E-01
27 9.332E-04 6.887E-01
169  23
 1 1.648E-05 5.984E+01  2 9.004E-04 2.868E+00  3 6.530E-05 1.094E+01  4 6.965E-04 2.896E+01  5 1.402E-07 1.000E+02
 6 1.255E-05 5.132E+01  7 1.377E-06 5.271E+01  8 5.487E-07 8.894E+01  9 7.436E-08 1.000E+02 10 1.495E-04 8.598E+00
11 7.257E-06 3.135E+01 12 3.781E-05 1.410E+01 13 4.942E-04 2.844E+00 15 1.552E-05 5.414E+01 16 1.577E-03 1.137E+00
17 2.897E-05 2.381E+01 19 4.378E-04 1.700E+01 20 2.867E-02 3.575E+00 23 1.796E-02 3.516E-01 24 3.782E-04 7.800E-01
25 1.655E-08 1.000E+02 26 4.437E-03 4.600E-01 27 1.326E-03 5.424E-01
170  24
 1 1.253E-05 1.000E+02  2 1.008E-03 2.192E+00  3 4.808E-05 1.354E+01  4 7.225E-04 3.256E+01  6 1.502E-05 3.549E+01
 7 9.360E-07 6.216E+01  8 1.672E-06 9.231E+01  9 5.988E-07 1.000E+02 10 1.068E-04 1.284E+01 11 4.005E-06 4.116E+01
12 2.136E-05 1.386E+01 13 4.119E-04 4.506E+00 15 2.339E-05 4.396E+01 16 1.515E-03 1.072E+00 17 1.870E-05 3.708E+01
19 4.827E-04 2.028E+01 20 2.164E-02 3.706E+00 21 8.428E-07 1.000E+02 22 3.761E-08 1.000E+02 23 1.854E-02 3.122E-01
24 3.281E-04 8.691E-01 25 3.830E-08 1.000E+02 26 4.681E-03 4.386E-01 27 1.368E-03 5.167E-01
171  21
 1 3.928E-05 7.603E+01  2 1.188E-03 2.319E+00  3 6.542E-05 1.757E+01  4 4.685E-04 3.016E+01  6 3.445E-06 4.616E+01
 7 2.188E-07 8.128E+01  8 5.484E-07 1.000E+02 10 7.170E-05 1.073E+01 11 6.985E-06 4.142E+01 12 1.702E-05 2.062E+01
13 3.725E-04 3.179E+00 15 1.301E-05 3.566E+01 16 1.462E-03 1.128E+00 17 1.443E-05 3.349E+01 19 4.099E-04 2.075E+01
20 1.290E-02 4.630E+00 23 1.876E-02 3.398E-01 24 2.870E-04 9.483E-01 25 5.310E-09 1.000E+02 26 4.782E-03 4.424E-01
27 1.368E-03 5.070E-01
172  21
 1 1.469E-05 5.873E+01  2 1.326E-03 1.839E+00  3 5.249E-05 1.662E+01  4 1.337E-03 2.376E+01  6 1.192E-05 3.608E+01
 7 3.820E-07 6.512E+01  8 5.542E-07 1.000E+02 10 9.496E-05 1.446E+01 11 4.152E-06 3.465E+01 12 2.222E-05 1.449E+01
13 3.059E-04 3.195E+00 15 2.105E-05 4.692E+01 16 1.453E-03 6.848E-01 17 1.623E-05 2.901E+01 19 2.655E-04 2.037E+01
20 1.244E-02 3.878E+00 22 1.073E-06 1.000E+02 23 1.916E-02 2.745E-01 24 2.610E-04 1.246E+00 26 4.931E-03 4.219E-01
27 1.398E-03 5.201E-01
173  21
 1 3.390E-05 5.892E+01  2 1.485E-03 1.402E+00  3 4.942E-05 2.036E+01  4 1.152E-03 2.305E+01  5 3.416E-07 1.000E+02
 6 1.305E-05 3.626E+01  7 6.123E-07 4.886E+01  8 7.876E-07 8.912E+01 10 6.295E-05 1.446E+01 11 5.090E-06 4.352E+01
12 1.912E-05 1.077E+01 13 2.770E-04 3.054E+00 15 1.237E-05 3.870E+01 16 1.424E-03 1.223E+00 17 2.404E-05 4.208E+01
19 3.634E-04 1.889E+01 20 9.381E-03 5.349E+00 23 1.935E-02 2.742E-01 24 2.366E-04 1.234E+00 26 4.995E-03 4.442E-01
27 1.403E-03 5.746E-01
174  18
 2 1.732E-03 1.711E+00  3 6.131E-05 1.936E+01  4 1.086E-03 1.787E+01  6 7.041E-06 5.018E+01  7 4.933E-07 9.739E+01
10 7.938E-05 1.478E+01 11 3.564E-06 5.287E+01 12 1.442E-05 1.674E+01 13 2.839E-04 3.074E+00 15 1.697E-05 4.627E+01
16 1.430E-03 9.972E-01 17 1.239E-05 3.098E+01 19 3.834E-04 2.263E+01 20 8.626E-03 3.752E+00 23 1.958E-02 3.224E-01
24 2.049E-04 1.072E+00 26 5.047E-03 3.527E-01 27 1.398E-03 4.393E-01
175  21
 1 1.810E-05 8.179E+01  2 1.992E-03 2.123E+00  3 4.434E-05 2.496E+01  4 1.353E-03 2.494E+01  5 1.463E-06 1.000E+02
 6 6.722E-06 4.711E+01  7 1.744E-06 8.691E+01  8 3.077E-08 1.000E+02 10 5.043E-05 1.424E+01 11 2.813E-06 6.890E+01
12 1.373E-05 2.441E+01 13 2.443E-04 3.999E+00 15 1.246E-05 4.372E+01 16 1.398E-03 1.025E+00 17 1.761E-05 4.912E+01
19 2.413E-04 2.338E+01 20 6.834E-03 6.499E+00 23 1.968E-02 3.432E-01 24 1.865E-04 1.158E+00 26 5.125E-03 5.767E-01
27 1.409E-03 7.236E-01
176  20
 1 9.817E-06 1.000E+02  2 2.249E-03 1.388E+00  3 3.669E-05 1.948E+01  4 1.419E-03 2.789E+01  5 3.323E-05 1.000E+02
 6 6.322E-06 4.619E+01  7 3.920E-08 1.000E+02 10 4.867E-05 1.834E+01 11 1.255E-06 6.013E+01 12 1.191E-05 1.662E+01
13 2.030E-04 4.764E+00 15 5.426E-06 7.350E+01 16 1.403E-03 8.099E-01 17 2.019E-05 6.582E+01 19 2.540E-04 2.259E+01
20 5.949E-03 5.825E+00 23 1.980E-02 3.007E-01 24 1.637E-04 1.155E+00 26 5.156E-03 5.586E-01 27 1.403E-03 5.965E-01
177  20
 1 2.219E-05 9.230E+01  2 2.576E-03 1.352E+00  3 3.886E-05 2.614E+01  4 2.157E-03 1.495E+01  6 6.914E-06 4.474E+01
 7 3.992E-07 1.000E+02  8 1.529E-06 8.813E+01 10 4.900E-05 1.262E+01 11 3.135E-06 6.089E+01 12 8.162E-06 1.909E+01
13 1.943E-04 4.582E+00 15 7.014E-06 5.668E+01 16 1.381E-03 1.307E+00 17 2.259E-05 4.059E+01 19 1.554E-04 2.873E+01
20 5.199E-03 6.413E+00 23 1.994E-02 3.672E-01 24 1.496E-04 1.140E+00 26 5.236E-03 5.572E-01 27 1.418E-03 6.163E-01
178  20
 2 2.971E-03 1.245E+00  3 3.673E-05 1.984E+01  4 2.815E-03 1.375E+01  5 2.262E-05 1.000E+02  6 1.362E-06 6.901E+01
 7 1.310E-07 8.054E+01  8 1.121E-06 1.000E+02 10 3.126E-05 1.884E+01 11 1.325E-06 6.500E+01 12 1.177E-05 1.306E+01
13 1.712E-04 6.098E+00 15 5.107E-06 7.037E+01 16 1.385E-03 1.258E+00 17 3.459E-06 4.369E+01 19 1.438E-04 3.460E+01
20 4.976E-03 7.453E+00 23 2.008E-02 3.085E-01 24 1.390E-04 1.789E+00 26 5.292E-03 5.733E-01 27 1.418E-03 6.365E-01
179  19
 1 8.382E-06 1.000E+02  2 3.426E-03 1.519E+00  3 3.785E-05 1.717E+01  4 2.616E-03 1.503E+01  5 2.233E-07 1.000E+02
 6 4.035E-06 4.754E+01 10 3.212E-05 1.556E+01 11 4.962E-07 9.138E+01 12 6.654E-06 2.818E+01 13 1.494E-04 5.279E+00
15 7.747E-06 7.909E+01 16 1.393E-03 1.012E+00 17 1.209E-05 4.632E+01 19 7.536E-05 5.480E+01 20 3.859E-03 7.218E+00
23 2.012E-02 3.345E-01 24 1.236E-04 1.801E+00 26 5.338E-03 5.564E-01 27 1.418E-03 5.984E-01
180  19
 1 8.411E-06 6.892E+01  2 3.937E-03 1.045E+00  3 3.382E-05 2.952E+01  4 3.408E-03 1.080E+01  6 1.277E-05 5.930E+01
 7 1.637E-06 8.509E+01 10 3.409E-05 1.581E+01 11 3.629E-06 4.653E+01 12 7.633E-06 1.701E+01 13 1.257E-04 6.196E+00
15 1.789E-05 6.508E+01 16 1.381E-03 1.169E+00 17 1.096E-05 4.703E+01 19 1.157E-04 3.926E+01 20 3.084E-03 6.432E+00
23 2.008E-02 2.995E-01 24 1.101E-04 1.449E+00 26 5.374E-03 4.080E-01 27 1.403E-03 4.580E-01
181  21
 1 2.052E-06 1.000E+02  2 4.588E-03 1.208E+00  3 3.947E-05 2.161E+01  4 3.898E-03 1.242E+01  6 7.576E-06 5.748E+01
 7 1.966E-09 1.000E+02  8 6.026E-07 1.000E+02  9 7.044E-09 1.000E+02 10 2.994E-05 2.272E+01 11 5.151E-07 8.797E+01
12 9.895E-06 2.204E+01 13 1.212E-04 4.695E+00 15 9.155E-06 6.365E+01 16 1.367E-03 1.142E+00 17 3.539E-06 5.625E+01
19 1.004E-04 3.050E+01 20 3.352E-03 7.893E+00 23 2.037E-02 3.285E-01 24 1.020E-04 1.529E+00 26 5.621E-03 3.967E-01
27 1.450E-03 3.887E-01
182  19
 2 5.435E-03 1.104E+00  3 3.023E-05 2.484E+01  4 5.111E-03 8.996E+00  6 1.580E-06 6.995E+01  7 2.832E-07 1.000E+02
 8 2.216E-06 6.701E+01 10 2.658E-05 2.125E+01 11 2.636E-06 5.477E+01 12 7.157E-06 1.949E+01 13 1.044E-04 6.471E+00
15 4.061E-06 9.185E+01 16 1.369E-03 7.962E-01 17 2.325E-06 7.602E+01 19 8.406E-05 3.726E+01 20 2.807E-03 5.318E+00
23 2.053E-02 3.132E-01 24 9.193E-05 1.864E+00 26 5.775E-03 3.344E-01 27 1.389E-03 4.183E-01
183  18
 1 2.308E-05 1.000E+02  2 6.701E-03 8.605E-01  3 2.722E-05 2.176E+01  4 7.134E-03 1.021E+01  6 5.225E-06 5.556E+01
 7 2.261E-07 1.000E+02 10 3.112E-05 2.174E+01 11 4.973E-07 7.446E+01 12 6.561E-06 2.371E+01 13 1.079E-04 5.466E+00
15 9.408E-07 8.332E+01 16 1.362E-03 8.937E-01 19 6.846E-05 5.804E+01 20 2.328E-03 1.033E+01 23 2.084E-02 2.708E-01
24 8.304E-05 1.830E+00 26 6.218E-03 3.733E-01 27 1.484E-03 4.160E-01
184  20
 2 9.117E-03 7.585E-01  3 1.920E-05 2.963E+01  4 1.074E-02 9.445E+00  5 2.476E-06 1.000E+02  6 1.531E-06 6.492E+01
 7 2.586E-08 1.000E+02  8 7.195E-08 1.000E+02 10 1.981E-05 3.175E+01 11 4.660E-08 8.729E+01 12 6.693E-06 2.466E+01
13 7.853E-05 8.991E+00 15 2.947E-06 8.680E+01 16 1.331E-03 9.125E-01 17 4.395E-06 5.316E+01 19 1.653E-04 3.481E+01
20 1.589E-03 1.055E+01 23 2.109E-02 3.507E-01 24 6.952E-05 2.417E+00 26 6.497E-03 5.053E-01 27 1.535E-03 5.332E-01
185  20
 1 2.035E-06 1.000E+02  2 1.169E-02 7.125E-01  3 3.638E-05 2.308E+01  4 1.523E-02 7.792E+00  6 4.315E-07 4.643E+01
 7 8.334E-07 6.955E+01  8 2.625E-06 7.889E+01 10 2.108E-05 1.999E+01 11 3.913E-07 1.000E+02 12 5.991E-06 2.628E+01
13 8.159E-05 6.306E+00 15 1.946E-06 6.921E+01 16 1.305E-03 1.153E+00 17 4.026E-06 4.203E+01 19 2.133E-05 5.440E+01
20 1.243E-03 9.422E+00 23 2.119E-02 3.202E-01 24 6.550E-05 2.127E+00 26 6.671E-03 4.349E-01 27 1.564E-03 4.442E-01
186  18
 2 1.465E-02 6.792E-01  3 1.639E-05 4.697E+01  4 1.228E-01 2.949E+00  6 7.885E-07 5.980E+01  7 1.399E-07 6.996E+01
10 1.745E-05 2.477E+01 11 4.675E-06 5.057E+01 12 5.351E-06 2.463E+01 13 7.825E-05 7.868E+00 15 9.386E-07 9.813E+01
16 1.241E-03 1.116E+00 17 3.304E-06 7.277E+01 19 1.253E-05 5.455E+01 20 1.497E-03 1.158E+01 23 2.110E-02 2.863E-01
24 6.074E-05 1.933E+00 26 6.672E-03 3.395E-01 27 1.556E-03 3.903E-01
187  18
 2 1.776E-02 5.903E-01  3 2.038E-05 3.617E+01  4 1.282E-01 3.096E+00  6 4.139E-06 7.469E+01  7 9.700E-08 1.000E+02
10 1.667E-05 2.463E+01 11 6.842E-07 5.906E+01 12 3.796E-06 3.895E+01 13 5.912E-05 8.395E+00 15 3.235E-06 9.554E+01
16 1.229E-03 9.472E-01 17 1.263E-06 7.013E+01 19 3.288E-05 5.264E+01 20 1.179E-03 1.084E+01 23 2.104E-02 3.138E-01
24 5.390E-05 1.762E+00 26 6.532E-03 4.120E-01 27 1.505E-03 4.578E-01
188  16
 1 2.723E-05 1.000E+02  2 2.117E-02 6.103E-01  3 1.388E-05 3.610E+01  4 1.318E-01 2.513E+00  6 3.418E-08 1.000E+02
10 1.228E-05 3.439E+01 12 3.631E-06 3.158E+01 13 6.182E-05 8.349E+00 16 1.273E-03 1.382E+00 17 5.745E-06 5.611E+01
19 6.455E-05 3.779E+01 20 8.257E-04 1.092E+01 23 2.093E-02 3.299E-01 24 4.987E-05 2.553E+00 26 6.313E-03 4.255E-01
27 1.435E-03 4.141E-01
189  17
 2 2.431E-02 5.211E-01  3 1.467E-05 3.606E+01  4 1.300E-01 2.635E+00  6 3.721E-07 1.000E+02  7 6.624E-07 1.000E+02
10 1.097E-05 2.312E+01 11 9.625E-08 6.994E+01 12 5.931E-06 2.361E+01 13 4.311E-05 8.179E+00 15 1.951E-06 9.615E+01
16 1.235E-03 1.154E+00 19 1.417E-06 6.352E+01 20 9.650E-04 1.307E+01 23 2.075E-02 2.752E-01 24 4.365E-05 2.347E+00
26 6.046E-03 4.302E-01 27 1.362E-03 4.766E-01
190  17
 1 1.963E-06 1.000E+02  2 2.703E-02 5.312E-01  3 1.061E-05 3.015E+01  4 1.635E-02 5.494E+00  6 6.733E-06 7.740E+01
10 1.542E-05 3.215E+01 12 3.744E-06 3.276E+01 13 4.242E-05 6.759E+00 15 1.832E-06 1.000E+02 16 1.305E-03 1.171E+00
17 5.364E-06 7.736E+01 19 2.839E-05 5.912E+01 20 7.653E-04 1.502E+01 23 2.056E-02 3.016E-01 24 3.940E-05 2.988E+00
26 5.863E-03 4.284E-01 27 1.312E-03 5.013E-01
191  17
 1 1.033E-05 1.000E+02  2 2.882E-02 4.374E-01  3 9.064E-06 2.430E+01  4 9.499E-03 6.501E+00 10 1.105E-05 3.443E+01
11 1.253E-06 9.610E+01 12 3.127E-06 3.457E+01 13 4.046E-05 1.217E+01 15 1.369E-06 1.000E+02 16 1.303E-03 7.680E-01
17 1.379E-06 8.283E+01 19 2.848E-05 9.109E+01 20 5.485E-04 1.377E+01 23 2.051E-02 3.056E-01 24 3.606E-05 2.870E+00
26 5.866E-03 4.134E-01 27 1.308E-03 4.595E-01
192  16
 2 3.031E-02 4.561E-01  3 2.035E-05 4.158E+01  4 6.830E-03 1.083E+01  6 5.765E-06 8.043E+01 10 1.079E-05 3.605E+01
12 1.620E-06 2.922E+01 13 4.226E-05 9.343E+00 15 1.204E-06 1.000E+02 16 1.308E-03 1.087E+00 17 1.614E-06 9.772E+01
19 3.885E-05 5.071E+01 20 7.086E-04 1.584E+01 23 2.040E-02 3.074E-01 24 3.409E-05 3.476E+00 26 5.826E-03 4.432E-01
27 1.297E-03 4.678E-01
193  16
 2 3.140E-02 4.083E-01  3 1.363E-05 2.586E+01  4 5.657E-03 1.200E+01  6 2.849E-06 7.957E+01 10 1.022E-05 3.142E+01
12 4.558E-06 5.071E+01 13 3.731E-05 1.146E+01 15 2.505E-06 9.258E+01 16 1.296E-03 9.995E-01 17 4.125E-07 7.010E+01
19 2.374E-05 6.694E+01 20 5.089E-04 2.548E+01 23 2.035E-02 2.777E-01 24 3.166E-05 3.029E+00 26 5.809E-03 4.425E-01
27 1.292E-03 4.829E-01
194  17
 2 3.171E-02 3.547E-01  3 1.185E-05 3.757E+01  4 4.527E-03 1.014E+01  6 1.614E-06 9.318E+01  7 2.115E-09 1.000E+02
10 9.782E-06 2.773E+01 11 1.815E-06 9.977E+01 12 1.257E-06 3.975E+01 13 3.093E-05 1.309E+01 16 1.281E-03 1.414E+00
17 7.291E-09 1.000E+02 19 2.862E-05 5.059E+01 20 6.744E-04 9.766E+00 23 2.013E-02 2.621E-01 24 2.753E-05 3.317E+00
26 5.748E-03 3.261E-01 27 1.278E-03 3.388E-01
195  17
 2 3.161E-02 5.593E-01  3 9.433E-06 3.438E+01  4 3.797E-03 1.341E+01  6 6.795E-06 5.501E+01  7 6.314E-07 8.210E+01
10 8.590E-06 3.696E+01 11 1.755E-06 1.000E+02 12 1.015E-06 6.208E+01 13 3.128E-05 1.025E+01 16 1.307E-03 1.237E+00
17 2.249E-06 9.802E+01 19 1.497E-05 1.000E+02 20 5.143E-04 1.815E+01 23 1.996E-02 3.118E-01 24 2.692E-05 2.397E+00
26 5.701E-03 3.957E-01 27 1.268E-03 4.290E-01
196  15
 2 3.108E-02 4.652E-01  3 8.318E-06 3.239E+01  4 2.918E-03 1.671E+01 10 5.876E-06 5.011E+01 12 5.990E-07 8.093E+01
13 2.182E-05 1.296E+01 15 2.472E-06 1.000E+02 16 1.306E-03 1.565E+00 17 1.318E-06 1.000E+02 19 2.948E-05 5.965E+01
20 3.618E-04 2.554E+01 23 1.976E-02 2.923E-01 24 2.247E-05 2.889E+00 26 5.695E-03 3.662E-01 27 1.263E-03 3.959E-01
197  17
 1 7.552E-08 1.000E+02  2 2.993E-02 4.763E-01  3 1.394E-05 5.384E+01  4 2.369E-03 1.370E+01 10 7.170E-06 2.863E+01
11 8.951E-07 1.000E+02 12 8.848E-07 4.803E+01 13 2.239E-05 1.167E+01 15 1.633E-06 9.765E+01 16 1.309E-03 1.022E+00
17 5.317E-06 6.854E+01 19 2.536E-05 6.377E+01 20 3.728E-04 2.335E+01 23 1.930E-02 3.221E-01 24 2.133E-05 2.881E+00
26 5.621E-03 3.896E-01 27 1.251E-03 4.164E-01
198  16
 2 2.865E-02 4.062E-01  3 5.947E-06 7.408E+01  4 1.643E-03 1.556E+01  6 1.100E-06 8.302E+01 10 7.251E-06 5.673E+01
12 3.044E-07 6.633E+01 13 2.037E-05 1.455E+01 15 6.214E-07 7.395E+01 16 1.348E-03 9.715E-01 17 5.261E-07 8.119E+01
19 2.040E-05 7.795E+01 20 1.996E-04 2.070E+01 23 1.900E-02 3.107E-01 24 1.855E-05 4.492E+00 26 5.629E-03 4.225E-01
27 1.255E-03 4.724E-01
199  17
 1 3.980E-06 1.000E+02  2 2.693E-02 4.295E-01  3 9.644E-06 3.605E+01  4 1.144E-03 1.914E+01  6 1.589E-06 1.000E+02
 7 1.383E-07 1.000E+02 10 5.385E-06 4.587E+01 12 1.799E-06 5.577E+01 13 1.880E-05 1.748E+01 16 1.329E-03 1.266E+00
17 2.856E-06 7.597E+01 19 2.617E-05 4.699E+01 20 2.629E-04 2.734E+01 23 1.839E-02 2.847E-01 24 1.510E-05 3.904E+00
26 5.541E-03 3.954E-01 27 1.238E-03 4.050E-01
200  16
 2 2.507E-02 5.165E-01  3 5.373E-06 7.195E+01  4 1.278E-03 1.960E+01  7 3.940E-09 1.000E+02  8 1.179E-07 1.000E+02
10 1.841E-06 6.576E+01 11 6.133E-07 6.883E+01 12 5.918E-07 4.470E+01 13 9.031E-06 1.196E+01 16 1.326E-03 9.310E-01
17 2.140E-06 9.492E+01 20 2.070E-04 2.515E+01 23 1.781E-02 2.862E-01 24 1.179E-05 4.753E+00 26 5.473E-03 4.046E-01
27 1.226E-03 4.906E-01
201  17
 2 2.217E-02 4.978E-01  3 4.585E-06 4.148E+01  4 9.562E-04 2.752E+01  7 2.592E-08 9.589E+01 10 2.426E-06 6.414E+01
11 1.352E-08 1.000E+02 12 5.350E-07 5.991E+01 13 1.011E-05 1.719E+01 15 9.146E-06 5.875E+01 16 1.376E-03 1.189E+00
17 1.383E-06 8.981E+01 19 6.955E-06 8.730E+01 20 2.235E-04 1.750E+01 23 1.695E-02 2.818E-01 24 1.133E-05 3.805E+00
26 5.382E-03 2.959E-01 27 1.211E-03 3.454E-01
202  15
 2 1.946E-02 5.984E-01  3 2.183E-06 4.333E+01  4 7.539E-04 2.080E+01 10 1.073E-06 4.791E+01 12 3.908E-07 6.738E+01
13 7.958E-06 1.703E+01 15 2.556E-06 1.000E+02 16 1.381E-03 9.807E-01 17 2.319E-07 7.368E+01 19 1.451E-05 1.000E+02
20 2.495E-04 3.037E+01 23 1.614E-02 3.060E-01 24 9.219E-06 4.158E+00 26 5.300E-03 3.671E-01 27 1.199E-03 4.232E-01
203  12
 2 1.591E-02 6.664E-01  3 6.846E-06 5.005E+01  4 8.514E-04 2.474E+01 10 1.319E-06 5.014E+01 12 6.684E-07 5.896E+01
13 6.352E-06 2.322E+01 16 1.405E-03 8.863E-01 20 1.457E-04 3.655E+01 23 1.492E-02 3.095E-01 24 7.659E-06 4.516E+00
26 5.095E-03 3.788E-01 27 1.161E-03 4.173E-01
204  12
 2 1.207E-02 6.680E-01  3 1.512E-06 5.412E+01  4 5.045E-04 2.508E+01 10 1.789E-06 7.055E+01 13 6.116E-06 2.052E+01
16 1.445E-03 9.954E-01 19 1.541E-05 9.845E+01 20 4.856E-05 3.558E+01 23 1.364E-02 2.951E-01 24 5.786E-06 6.031E+00
26 4.885E-03 3.056E-01 27 1.128E-03 3.595E-01
205  13
 2 8.065E-03 5.627E-01  3 9.769E-07 5.943E+01  4 4.237E-04 2.664E+01 11 3.678E-08 1.000E+02 12 2.811E-07 7.698E+01
13 3.944E-06 2.693E+01 16 1.482E-03 8.076E-01 17 3.395E-07 1.000E+02 20 8.992E-05 2.943E+01 23 1.202E-02 2.973E-01
24 4.473E-06 7.582E+00 26 4.513E-03 3.612E-01 27 1.051E-03 3.786E-01
206  13
 2 4.755E-03 5.537E-01  4 3.794E-04 2.235E+01 10 3.705E-06 6.586E+01 12 1.846E-07 6.430E+01 13 4.290E-06 3.451E+01
16 1.554E-03 7.836E-01 17 5.168E-07 1.000E+02 19 1.780E-06 1.000E+02 20 6.295E-05 2.916E+01 23 9.712E-03 3.225E-01
24 3.144E-06 7.491E+00 26 3.673E-03 3.932E-01 27 8.619E-04 4.367E-01
207  13
 2 2.861E-03 9.917E-01  4 1.529E-04 4.726E+01 10 3.178E-07 7.027E+01 11 2.856E-08 1.000E+02 12 9.943E-08 6.578E+01
13 2.323E-06 3.209E+01 16 1.606E-03 7.378E-01 17 3.252E-07 1.000E+02 20 4.768E-05 4.501E+01 23 6.067E-03 3.418E-01
24 1.940E-06 8.764E+00 26 1.914E-03 4.790E-01 27 4.355E-04 5.294E-01
208  13
 2 1.045E-03 1.342E+00  3 7.362E-08 1.000E+02  4 9.440E-05 4.519E+01 10 1.219E-07 9.853E+01 11 1.573E-08 1.000E+02
12 3.831E-08 8.791E+01 13 6.544E-07 3.632E+01 16 1.400E-03 6.250E-01 20 2.175E-05 4.590E+01 23 1.977E-03 5.956E-01
24 6.705E-07 1.171E+01 26 3.465E-04 1.080E+00 27 6.974E-05 1.252E+00