
    ORGAN DOSE CONVERSION FACTORS FOR AN ADULT HERMAPHRODITE
    CALCULATED FOR A VARIETY OF CT SCANNERS AND CONDITIONS.
    VALUES ARE GIVEN FOR 208 5 MM SLICES SPANNING THE BODY
    FROM 100 MM BELOW THE BOTTOM OF THE TRUNK TO THE TOP OF THE HEAD.

                     ORGANS OR REGIONS
 1 ADRENALS              10 HEART                  19 THYMUS                   
 2 BRAIN                 11 KIDNEYS                20 THYROID                  
 3 BREASTS               12 LIVER                  21 URINARY BLADDER          
 4 EYE LENSES            13 LUNGS                  22 UTERUS                   
 5 GALL BLADDER          14 OVARIES                23 HEAD REGION              
 6 STOMACH               15 PANCREAS               24 TRUNK REGION             
 7 SMALL INTESTINE       16 SKIN                   25 LEG REGION               
 8 UPPER LARGE INTESTINE 17 SPLEEN                 26 SKELETON                 
 9 LOWER LARGE INTESTINE 18 TESTICLES              27 RED MARROW               

 09 GE CT 9800,9800QUICK: SHAPED FILTER (PTFE)
    FOCUS TO AXIS DISTANCE IS 630 MM
    FAN ANGLE COVERS FULL WIDTH OF TRUNK
    X-RAY SPECTRUM HAS MAXIMUM ENERGY OF 140 KEV
    INITIAL FILTRATION IS 2.7 MM OF ALUMINIUM

    CONVERSION FACTORS AND STATISTICAL UNCERTAINTIES(%) FOR ORGANS IN EACH SLICE
  1  17
 3 1.018E-06 9.293E+01  6 1.581E-08 1.000E+02  7 2.156E-05 2.110E+01  8 2.131E-05 2.777E+01  9 4.156E-04 8.527E+00
11 7.879E-06 5.346E+01 12 2.422E-07 6.312E+01 14 9.169E-05 5.680E+01 15 1.788E-07 1.000E+02 16 1.533E-03 9.510E-01
18 1.878E-03 1.040E+01 21 4.092E-04 1.460E+01 22 7.027E-05 2.577E+01 24 8.832E-05 2.573E+00 25 5.049E-03 2.887E-01
26 2.753E-03 5.237E-01 27 2.845E-04 1.176E+00
  2  16
 6 1.253E-06 8.301E+01  7 2.535E-05 1.434E+01  8 2.158E-05 2.858E+01  9 4.759E-04 9.532E+00 10 6.132E-08 1.000E+02
11 1.554E-06 7.953E+01 12 1.122E-06 4.737E+01 14 1.362E-04 5.223E+01 16 1.552E-03 1.299E+00 18 2.244E-03 8.650E+00
21 3.822E-04 1.290E+01 22 1.331E-04 2.223E+01 24 9.895E-05 1.999E+00 25 5.025E-03 3.359E-01 26 2.759E-03 6.729E-01
27 2.954E-04 1.097E+00
  3  17
 3 1.072E-06 7.294E+01  6 1.324E-06 6.974E+01  7 3.867E-05 1.690E+01  8 1.242E-05 3.473E+01  9 4.642E-04 9.722E+00
11 5.528E-07 8.316E+01 12 5.835E-07 5.203E+01 14 5.090E-05 4.697E+01 16 1.571E-03 1.514E+00 17 3.335E-06 6.659E+01
18 2.450E-03 9.954E+00 21 4.922E-04 1.525E+01 22 1.208E-04 1.986E+01 24 1.089E-04 1.679E+00 25 5.049E-03 3.974E-01
26 2.767E-03 6.368E-01 27 3.092E-04 1.184E+00
  4  17
 3 3.129E-06 1.000E+02  6 5.553E-06 1.000E+02  7 4.081E-05 1.319E+01  8 2.756E-05 2.409E+01  9 6.060E-04 6.631E+00
11 1.613E-06 5.502E+01 12 1.101E-06 4.135E+01 13 2.163E-07 1.000E+02 14 7.888E-05 5.737E+01 16 1.568E-03 1.098E+00
18 3.035E-03 8.567E+00 21 5.248E-04 1.427E+01 22 1.722E-04 2.269E+01 24 1.267E-04 1.743E+00 25 5.043E-03 3.402E-01
26 2.740E-03 6.109E-01 27 3.164E-04 1.239E+00
  5  18
 3 1.213E-05 8.630E+01  5 5.103E-06 7.476E+01  7 4.269E-05 1.414E+01  8 4.288E-05 2.277E+01  9 7.096E-04 6.559E+00
10 1.069E-07 1.000E+02 11 3.014E-06 7.916E+01 12 3.375E-06 3.394E+01 13 2.366E-07 7.229E+01 14 1.868E-04 4.238E+01
16 1.585E-03 7.206E-01 18 3.671E-03 6.921E+00 21 6.641E-04 9.868E+00 22 1.622E-04 1.901E+01 24 1.436E-04 1.380E+00
25 5.075E-03 3.606E-01 26 2.766E-03 9.194E-01 27 3.387E-04 1.403E+00
  6  19
 3 4.611E-06 7.091E+01  5 8.469E-07 7.980E+01  6 5.076E-06 7.932E+01  7 4.656E-05 1.341E+01  8 4.227E-05 2.440E+01
 9 8.104E-04 6.693E+00 11 1.002E-05 5.071E+01 12 2.884E-06 4.714E+01 14 2.003E-04 6.005E+01 15 4.178E-06 1.000E+02
16 1.562E-03 1.228E+00 17 6.004E-06 6.231E+01 18 3.187E-03 9.690E+00 21 7.607E-04 9.557E+00 22 2.794E-04 1.947E+01
24 1.562E-04 1.923E+00 25 5.005E-03 4.035E-01 26 2.687E-03 7.612E-01 27 3.368E-04 9.194E-01
  7  19
 3 4.579E-06 7.822E+01  6 6.855E-07 7.490E+01  7 4.324E-05 1.410E+01  8 3.043E-05 3.422E+01  9 7.709E-04 6.734E+00
11 8.572E-07 7.074E+01 12 2.819E-06 4.038E+01 13 7.128E-07 1.000E+02 14 3.105E-04 3.517E+01 15 2.378E-06 9.462E+01
16 1.548E-03 9.402E-01 17 8.483E-07 1.000E+02 18 3.739E-03 8.136E+00 21 6.114E-04 1.123E+01 22 1.965E-04 1.606E+01
24 1.725E-04 1.078E+00 25 5.038E-03 3.730E-01 26 2.751E-03 7.252E-01 27 3.544E-04 1.220E+00
  8  20
 3 9.084E-07 1.000E+02  5 1.379E-05 1.000E+02  6 3.151E-06 8.093E+01  7 5.432E-05 6.728E+00  8 5.841E-05 2.850E+01
 9 8.718E-04 6.672E+00 11 1.527E-05 6.723E+01 12 3.279E-06 4.786E+01 13 7.366E-07 1.000E+02 14 2.166E-04 3.699E+01
15 2.948E-06 1.000E+02 16 1.570E-03 1.438E+00 17 3.826E-07 1.000E+02 18 3.996E-03 6.833E+00 21 6.864E-04 1.363E+01
22 2.975E-04 1.708E+01 24 1.911E-04 9.521E-01 25 4.997E-03 4.089E-01 26 2.699E-03 1.023E+00 27 3.652E-04 1.367E+00
  9  19
 3 4.483E-07 1.000E+02  5 3.329E-06 1.000E+02  6 7.800E-06 6.414E+01  7 6.337E-05 1.127E+01  8 5.289E-05 2.610E+01
 9 9.430E-04 5.703E+00 11 2.995E-06 8.852E+01 12 1.047E-06 5.047E+01 13 1.951E-07 9.663E+01 14 1.400E-04 3.319E+01
15 2.204E-07 7.313E+01 16 1.534E-03 1.081E+00 18 3.961E-03 8.893E+00 21 7.738E-04 1.056E+01 22 2.662E-04 1.736E+01
24 2.148E-04 1.388E+00 25 4.961E-03 3.291E-01 26 2.689E-03 7.273E-01 27 3.796E-04 1.408E+00
 10  18
 6 6.031E-07 6.278E+01  7 5.710E-05 1.093E+01  8 5.938E-05 1.684E+01  9 1.083E-03 5.322E+00 11 1.115E-05 4.216E+01
12 1.520E-06 4.173E+01 13 5.185E-07 9.599E+01 14 2.803E-04 4.071E+01 15 7.023E-06 5.482E+01 16 1.561E-03 1.279E+00
17 7.468E-06 4.502E+01 18 4.406E-03 5.343E+00 21 9.631E-04 8.963E+00 22 2.757E-04 1.536E+01 24 2.381E-04 1.333E+00
25 4.945E-03 3.626E-01 26 2.637E-03 9.705E-01 27 3.840E-04 1.286E+00
 11  23
 1 6.263E-06 1.000E+02  3 3.529E-06 8.730E+01  5 3.979E-05 1.000E+02  6 1.095E-05 5.304E+01  7 8.050E-05 8.526E+00
 8 8.532E-05 1.824E+01  9 1.231E-03 5.527E+00 10 4.138E-08 1.000E+02 11 8.546E-06 4.094E+01 12 5.808E-06 4.242E+01
13 2.235E-07 8.501E+01 14 2.377E-04 4.118E+01 15 3.909E-07 1.000E+02 16 2.083E-03 9.088E-01 17 1.692E-06 6.215E+01
18 7.601E-03 4.761E+00 21 9.731E-04 8.647E+00 22 4.150E-04 1.865E+01 23 9.293E-10 1.000E+02 24 2.717E-04 1.595E+00
25 4.874E-03 4.369E-01 26 2.576E-03 8.124E-01 27 4.038E-04 1.547E+00
 12  20
 3 4.517E-06 5.115E+01  5 6.235E-07 1.000E+02  6 8.215E-06 7.505E+01  7 8.094E-05 1.146E+01  8 4.575E-05 1.752E+01
 9 1.422E-03 4.619E+00 11 9.798E-06 5.163E+01 12 3.552E-06 3.396E+01 13 8.530E-08 9.654E+01 14 2.727E-04 3.971E+01
15 3.442E-07 7.084E+01 16 1.674E-03 1.380E+00 17 4.030E-07 9.751E+01 18 2.052E-02 3.424E+00 21 1.376E-03 1.023E+01
22 3.591E-04 1.755E+01 24 3.055E-04 8.859E-01 25 4.821E-03 4.022E-01 26 2.472E-03 8.635E-01 27 3.998E-04 1.412E+00
 13  20
 1 4.281E-07 1.000E+02  6 6.406E-06 4.828E+01  7 8.903E-05 1.279E+01  8 6.159E-05 2.132E+01  9 1.421E-03 6.741E+00
10 1.942E-07 9.091E+01 11 7.726E-06 5.244E+01 12 3.512E-06 4.135E+01 13 9.564E-07 6.111E+01 14 5.684E-04 3.473E+01
15 4.305E-06 5.657E+01 16 1.676E-03 1.092E+00 17 8.017E-07 7.174E+01 18 3.361E-02 1.905E+00 21 1.479E-03 7.724E+00
22 3.093E-04 1.625E+01 24 3.393E-04 1.103E+00 25 4.781E-03 3.391E-01 26 2.468E-03 7.285E-01 27 4.140E-04 1.235E+00
 14  21
 3 4.860E-06 6.635E+01  5 9.925E-07 1.000E+02  6 6.397E-06 6.828E+01  7 1.023E-04 1.098E+01  8 6.178E-05 1.465E+01
 9 1.794E-03 4.579E+00 10 1.293E-06 1.000E+02 11 1.337E-05 5.045E+01 12 4.026E-06 4.221E+01 13 6.061E-07 1.000E+02
14 2.971E-04 2.774E+01 15 6.791E-06 9.240E+01 16 1.644E-03 1.271E+00 17 4.207E-08 7.153E+01 18 4.549E-02 2.393E+00
21 1.360E-03 8.872E+00 22 6.031E-04 1.651E+01 24 3.829E-04 1.046E+00 25 4.690E-03 3.320E-01 26 2.396E-03 6.808E-01
27 4.320E-04 1.427E+00
 15  20
 3 3.991E-06 5.983E+01  5 1.247E-04 1.000E+02  6 5.568E-06 5.570E+01  7 1.078E-04 9.789E+00  8 9.625E-05 2.340E+01
 9 2.046E-03 4.937E+00 11 5.958E-06 5.505E+01 12 3.755E-06 3.575E+01 13 4.926E-07 5.694E+01 14 3.279E-04 3.456E+01
15 3.265E-06 6.699E+01 16 1.612E-03 1.415E+00 17 1.479E-05 6.804E+01 18 4.996E-02 2.002E+00 21 1.696E-03 9.287E+00
22 4.819E-04 1.606E+01 24 4.389E-04 8.300E-01 25 4.622E-03 4.312E-01 26 2.413E-03 7.656E-01 27 4.611E-04 1.809E+00
 16  21
 3 2.033E-07 1.000E+02  5 4.431E-05 7.965E+01  6 1.254E-05 4.248E+01  7 1.323E-04 9.647E+00  8 1.029E-04 1.016E+01
 9 2.238E-03 3.890E+00 10 1.803E-06 1.000E+02 11 1.656E-05 4.101E+01 12 4.702E-06 2.411E+01 13 7.366E-07 6.836E+01
14 5.402E-04 2.003E+01 15 4.444E-08 1.000E+02 16 1.610E-03 1.143E+00 17 4.140E-06 9.549E+01 18 4.917E-02 3.008E+00
21 1.673E-03 4.150E+00 22 5.424E-04 1.212E+01 24 4.893E-04 1.147E+00 25 4.538E-03 3.660E-01 26 2.338E-03 8.246E-01
27 4.830E-04 1.824E+00
 17  23
 1 1.669E-05 8.037E+01  3 5.900E-06 5.622E+01  5 6.200E-06 1.000E+02  6 2.530E-05 4.175E+01  7 1.505E-04 8.634E+00
 8 1.345E-04 1.442E+01  9 2.405E-03 3.572E+00 10 1.062E-06 1.000E+02 11 1.091E-05 3.512E+01 12 7.001E-06 2.860E+01
13 2.789E-06 4.803E+01 14 7.422E-04 2.799E+01 15 1.402E-05 9.844E+01 16 1.604E-03 1.132E+00 17 4.095E-06 6.960E+01
18 4.837E-02 2.503E+00 21 2.211E-03 5.800E+00 22 6.648E-04 1.086E+01 23 2.451E-08 1.000E+02 24 5.588E-04 7.728E-01
25 4.414E-03 4.986E-01 26 2.307E-03 1.033E+00 27 5.187E-04 1.094E+00
 18  20
 3 2.313E-06 7.138E+01  5 1.826E-06 1.000E+02  6 9.962E-06 4.813E+01  7 1.742E-04 6.045E+00  8 1.303E-04 1.558E+01
 9 3.006E-03 3.361E+00 11 8.236E-06 4.291E+01 12 7.561E-06 2.246E+01 13 5.318E-07 1.000E+02 14 4.202E-04 3.714E+01
15 1.371E-05 5.622E+01 16 1.598E-03 1.121E+00 17 2.009E-05 6.544E+01 18 4.081E-02 2.212E+00 21 2.070E-03 5.769E+00
22 8.581E-04 1.199E+01 24 6.344E-04 7.357E-01 25 4.245E-03 4.727E-01 26 2.243E-03 6.357E-01 27 5.412E-04 1.582E+00
 19  21
 3 1.700E-05 4.736E+01  5 4.099E-06 8.962E+01  6 1.695E-05 3.824E+01  7 1.876E-04 6.064E+00  8 1.607E-04 1.378E+01
 9 2.927E-03 3.950E+00 10 3.328E-06 8.777E+01 11 1.159E-05 4.970E+01 12 6.902E-06 2.622E+01 13 2.793E-07 7.077E+01
14 4.599E-04 2.889E+01 15 5.385E-06 9.039E+01 16 1.575E-03 1.318E+00 17 6.301E-06 6.792E+01 18 2.981E-02 2.009E+00
21 2.509E-03 6.482E+00 22 7.204E-04 1.370E+01 24 7.283E-04 6.228E-01 25 4.055E-03 4.359E-01 26 2.163E-03 7.670E-01
27 5.732E-04 1.367E+00
 20  21
 3 8.997E-06 4.790E+01  5 3.721E-05 7.154E+01  6 2.331E-05 5.498E+01  7 2.091E-04 5.677E+00  8 1.519E-04 1.226E+01
 9 3.830E-03 3.253E+00 10 2.121E-07 1.000E+02 11 1.293E-05 3.509E+01 12 1.239E-05 2.275E+01 13 1.374E-06 6.987E+01
14 4.229E-04 3.287E+01 15 5.933E-06 8.160E+01 16 1.576E-03 1.202E+00 17 8.705E-06 6.329E+01 18 1.716E-02 4.424E+00
21 2.901E-03 7.196E+00 22 8.475E-04 1.117E+01 24 8.637E-04 8.893E-01 25 3.787E-03 3.775E-01 26 2.059E-03 1.119E+00
27 6.296E-04 2.039E+00
 21  20
 3 4.440E-06 5.360E+01  5 1.047E-06 8.271E+01  6 1.292E-05 3.991E+01  7 2.375E-04 5.671E+00  8 1.582E-04 1.149E+01
 9 5.287E-03 2.753E+00 11 1.674E-05 4.094E+01 12 8.330E-06 2.214E+01 13 1.516E-07 9.736E+01 14 8.245E-04 2.320E+01
15 1.943E-05 7.365E+01 16 1.293E-03 1.288E+00 17 5.062E-06 4.664E+01 18 9.535E-03 3.861E+00 21 3.411E-03 8.228E+00
22 9.306E-04 8.011E+00 24 1.910E-03 3.836E-01 25 1.769E-03 7.323E-01 26 1.850E-03 7.251E-01 27 9.543E-04 1.439E+00
 22  22
 3 1.735E-06 9.929E+01  5 6.286E-05 1.000E+02  6 2.809E-05 4.085E+01  7 2.372E-04 5.072E+00  8 1.715E-04 1.433E+01
 9 5.426E-03 3.563E+00 10 5.316E-06 7.737E+01 11 1.164E-05 4.424E+01 12 1.038E-05 2.196E+01 13 1.877E-06 5.896E+01
14 8.486E-04 3.369E+01 15 2.067E-05 3.835E+01 16 1.275E-03 1.441E+00 17 5.782E-06 7.450E+01 18 7.441E-03 5.819E+00
21 3.669E-03 6.246E+00 22 1.149E-03 8.195E+00 23 8.036E-10 1.000E+02 24 2.057E-03 3.508E-01 25 1.491E-03 5.306E-01
26 1.799E-03 8.325E-01 27 1.026E-03 1.197E+00
 23  22
 1 3.845E-06 1.000E+02  3 4.297E-07 6.601E+01  5 3.698E-05 8.246E+01  6 1.336E-05 3.338E+01  7 2.954E-04 5.229E+00
 8 2.254E-04 1.373E+01  9 6.003E-03 3.271E+00 10 1.284E-07 1.000E+02 11 2.558E-05 3.249E+01 12 9.250E-06 1.460E+01
13 7.776E-07 4.177E+01 14 1.054E-03 1.871E+01 15 4.114E-05 5.978E+01 16 1.257E-03 1.284E+00 17 1.244E-05 5.550E+01
18 6.826E-03 5.220E+00 21 4.002E-03 5.011E+00 22 1.151E-03 1.035E+01 24 2.159E-03 3.448E-01 25 1.306E-03 7.060E-01
26 1.727E-03 8.325E-01 27 1.069E-03 1.090E+00
 24  21
 3 1.919E-06 6.212E+01  5 3.434E-05 7.523E+01  6 1.821E-05 4.244E+01  7 2.890E-04 6.925E+00  8 2.655E-04 8.752E+00
 9 7.308E-03 2.831E+00 10 9.696E-08 6.890E+01 11 2.913E-05 3.042E+01 12 1.606E-05 1.691E+01 13 1.103E-06 7.787E+01
14 9.553E-04 2.031E+01 15 1.084E-05 4.173E+01 16 1.244E-03 9.285E-01 17 9.142E-06 5.271E+01 18 5.198E-03 6.064E+00
21 4.412E-03 4.982E+00 22 1.261E-03 9.987E+00 24 2.239E-03 4.391E-01 25 1.135E-03 9.399E-01 26 1.662E-03 8.457E-01
27 1.096E-03 1.306E+00
 25  21
 3 1.612E-07 7.454E+01  5 2.129E-05 4.937E+01  6 1.623E-05 2.811E+01  7 3.402E-04 5.310E+00  8 2.555E-04 1.106E+01
 9 8.641E-03 2.950E+00 10 1.026E-06 6.820E+01 11 2.544E-05 2.269E+01 12 1.442E-05 2.887E+01 13 2.332E-06 5.024E+01
14 1.419E-03 1.651E+01 15 1.194E-05 6.430E+01 16 1.213E-03 1.353E+00 17 6.830E-06 6.589E+01 18 4.837E-03 6.503E+00
21 4.662E-03 3.634E+00 22 1.399E-03 8.682E+00 24 2.305E-03 3.665E-01 25 9.919E-04 7.822E-01 26 1.612E-03 1.046E+00
27 1.108E-03 1.159E+00
 26  22
 3 4.930E-07 7.197E+01  5 3.098E-05 8.261E+01  6 1.481E-05 2.559E+01  7 3.688E-04 5.076E+00  8 2.503E-04 1.191E+01
 9 8.035E-03 2.883E+00 10 2.846E-06 9.825E+01 11 3.087E-05 1.933E+01 12 1.638E-05 1.777E+01 13 8.961E-07 4.681E+01
14 1.148E-03 1.821E+01 15 7.451E-06 3.865E+01 16 1.209E-03 1.522E+00 17 1.657E-05 5.066E+01 18 4.311E-03 6.040E+00
21 5.882E-03 4.150E+00 22 1.444E-03 7.104E+00 23 9.774E-09 1.000E+02 24 2.367E-03 3.760E-01 25 8.901E-04 7.877E-01
26 1.566E-03 9.184E-01 27 1.106E-03 1.157E+00
 27  22
 1 7.836E-06 7.157E+01  3 6.124E-07 8.145E+01  5 4.079E-05 6.102E+01  6 3.412E-05 3.888E+01  7 4.109E-04 4.093E+00
 8 3.171E-04 9.361E+00  9 8.488E-03 2.517E+00 10 1.754E-06 5.738E+01 11 4.616E-05 2.045E+01 12 2.265E-05 1.779E+01
13 1.164E-06 4.114E+01 14 9.935E-04 2.227E+01 15 8.823E-06 6.109E+01 16 1.207E-03 1.252E+00 17 1.011E-05 3.985E+01
18 3.982E-03 5.291E+00 21 6.481E-03 3.521E+00 22 2.094E-03 7.766E+00 24 2.430E-03 3.600E-01 25 7.980E-04 1.051E+00
26 1.591E-03 9.445E-01 27 1.185E-03 1.345E+00
 28  22
 1 4.252E-06 7.256E+01  5 1.852E-05 7.079E+01  6 3.607E-05 3.808E+01  7 4.423E-04 3.956E+00  8 3.687E-04 7.452E+00
 9 8.970E-03 2.832E+00 10 5.080E-06 6.323E+01 11 2.578E-05 2.311E+01 12 2.316E-05 1.245E+01 13 5.677E-07 5.399E+01
14 1.203E-03 1.643E+01 15 2.989E-06 7.412E+01 16 1.204E-03 1.522E+00 17 1.087E-05 4.647E+01 18 3.087E-03 9.200E+00
19 8.163E-06 1.000E+02 21 7.234E-03 3.750E+00 22 1.938E-03 6.758E+00 24 2.468E-03 4.429E-01 25 7.075E-04 1.193E+00
26 1.546E-03 8.468E-01 27 1.201E-03 1.052E+00
 29  21
 1 3.812E-05 6.450E+01  3 2.638E-06 4.436E+01  5 5.138E-05 7.144E+01  6 2.759E-05 3.085E+01  7 4.815E-04 4.312E+00
 8 3.610E-04 8.045E+00  9 8.068E-03 2.618E+00 11 3.415E-05 2.815E+01 12 1.840E-05 1.651E+01 13 2.313E-06 3.520E+01
14 1.838E-03 2.008E+01 15 1.561E-05 5.772E+01 16 1.164E-03 1.127E+00 17 3.051E-06 3.846E+01 18 2.572E-03 1.052E+01
21 8.456E-03 3.942E+00 22 2.373E-03 6.926E+00 24 2.499E-03 4.218E-01 25 6.335E-04 1.135E+00 26 1.526E-03 9.935E-01
27 1.222E-03 1.498E+00
 30  22
 1 7.564E-07 1.000E+02  3 5.703E-06 7.637E+01  5 7.539E-05 5.865E+01  6 3.210E-05 2.624E+01  7 5.544E-04 4.459E+00
 8 4.330E-04 5.146E+00  9 7.347E-03 2.229E+00 10 8.976E-07 8.716E+01 11 4.311E-05 2.245E+01 12 2.390E-05 1.450E+01
13 8.673E-07 4.857E+01 14 1.540E-03 1.775E+01 15 1.556E-05 4.735E+01 16 1.155E-03 1.676E+00 17 4.480E-05 4.589E+01
18 2.410E-03 6.746E+00 21 1.604E-02 3.584E+00 22 2.596E-03 5.563E+00 24 2.555E-03 2.872E-01 25 5.551E-04 1.309E+00
26 1.493E-03 9.894E-01 27 1.232E-03 1.582E+00
 31  21
 3 5.531E-06 6.793E+01  5 6.134E-05 5.595E+01  6 3.944E-05 3.256E+01  7 5.847E-04 4.349E+00  8 4.435E-04 8.326E+00
 9 6.601E-03 1.695E+00 10 3.941E-06 5.716E+01 11 3.027E-05 1.561E+01 12 2.159E-05 1.503E+01 13 1.601E-06 5.334E+01
14 1.892E-03 2.090E+01 15 4.041E-05 4.075E+01 16 1.158E-03 1.442E+00 17 3.231E-05 3.723E+01 18 2.185E-03 8.306E+00
21 2.038E-02 2.450E+00 22 2.670E-03 8.163E+00 24 2.579E-03 3.673E-01 25 5.184E-04 1.231E+00 26 1.479E-03 7.098E-01
27 1.241E-03 1.170E+00
 32  22
 1 2.680E-05 1.000E+02  3 4.063E-06 6.478E+01  5 1.742E-04 5.908E+01  6 3.235E-05 3.594E+01  7 6.596E-04 3.801E+00
 8 4.771E-04 7.516E+00  9 6.569E-03 3.372E+00 10 3.470E-06 9.869E+01 11 3.132E-05 2.662E+01 12 2.807E-05 1.208E+01
13 1.385E-06 4.566E+01 14 1.993E-03 1.859E+01 15 3.034E-05 5.533E+01 16 1.163E-03 1.584E+00 17 1.983E-05 4.719E+01
18 2.000E-03 8.346E+00 21 2.042E-02 2.498E+00 22 3.071E-03 5.796E+00 24 2.594E-03 3.896E-01 25 4.607E-04 1.636E+00
26 1.465E-03 8.541E-01 27 1.252E-03 1.195E+00
 33  22
 1 4.578E-06 9.312E+01  3 1.123E-06 9.740E+01  5 3.017E-05 5.708E+01  6 4.819E-05 2.057E+01  7 7.636E-04 3.125E+00
 8 5.818E-04 8.368E+00  9 6.478E-03 1.556E+00 10 2.827E-06 6.776E+01 11 5.590E-05 2.106E+01 12 3.530E-05 1.106E+01
13 1.047E-06 5.370E+01 14 1.847E-03 1.411E+01 15 2.738E-05 3.332E+01 16 1.153E-03 1.571E+00 17 2.277E-05 4.850E+01
18 1.660E-03 1.276E+01 21 2.167E-02 3.240E+00 22 3.486E-03 4.435E+00 24 2.646E-03 3.009E-01 25 4.121E-04 1.222E+00
26 1.462E-03 8.194E-01 27 1.286E-03 1.331E+00
 34  22
 1 2.533E-06 1.000E+02  3 4.335E-06 7.059E+01  5 1.371E-04 5.904E+01  6 5.237E-05 2.277E+01  7 8.033E-04 2.711E+00
 8 6.558E-04 5.539E+00  9 5.798E-03 2.564E+00 10 1.617E-06 4.475E+01 11 4.779E-05 1.429E+01 12 2.503E-05 1.243E+01
13 3.661E-06 4.656E+01 14 2.566E-03 1.202E+01 15 2.525E-05 2.986E+01 16 1.141E-03 1.457E+00 17 3.473E-05 3.620E+01
18 1.742E-03 1.193E+01 21 2.155E-02 3.330E+00 22 3.815E-03 4.653E+00 24 2.646E-03 4.631E-01 25 3.684E-04 1.424E+00
26 1.429E-03 9.613E-01 27 1.267E-03 1.488E+00
 35  22
 1 4.906E-06 9.731E+01  3 6.352E-07 8.123E+01  5 2.049E-04 4.408E+01  6 4.894E-05 2.202E+01  7 9.159E-04 4.199E+00
 8 6.900E-04 7.896E+00  9 5.962E-03 2.136E+00 10 9.736E-06 4.813E+01 11 6.737E-05 2.378E+01 12 2.867E-05 1.099E+01
13 5.512E-06 3.176E+01 14 2.785E-03 1.314E+01 15 3.765E-05 3.143E+01 16 1.133E-03 1.140E+00 17 6.261E-05 3.458E+01
18 1.468E-03 8.047E+00 21 2.157E-02 2.399E+00 22 4.088E-03 4.938E+00 24 2.654E-03 3.526E-01 25 3.319E-04 1.220E+00
26 1.458E-03 8.228E-01 27 1.300E-03 1.473E+00
 36  22
 1 1.497E-05 9.325E+01  3 1.348E-06 7.208E+01  5 2.990E-04 3.074E+01  6 4.770E-05 2.775E+01  7 9.767E-04 3.323E+00
 8 9.317E-04 6.007E+00  9 5.911E-03 3.510E+00 10 8.533E-07 7.335E+01 11 5.682E-05 1.802E+01 12 4.325E-05 9.574E+00
13 1.931E-06 4.046E+01 14 3.675E-03 1.347E+01 15 6.139E-05 4.186E+01 16 1.151E-03 1.236E+00 17 4.813E-05 2.471E+01
18 1.182E-03 1.329E+01 21 2.176E-02 2.386E+00 22 4.294E-03 5.094E+00 24 2.690E-03 3.844E-01 25 2.952E-04 1.574E+00
26 1.451E-03 8.747E-01 27 1.336E-03 1.333E+00
 37  25
 1 6.429E-05 7.392E+01  2 3.976E-07 1.000E+02  3 3.072E-06 5.064E+01  5 1.749E-04 3.259E+01  6 6.669E-05 3.132E+01
 7 1.100E-03 2.669E+00  8 9.096E-04 6.176E+00  9 5.842E-03 2.622E+00 10 7.966E-06 5.640E+01 11 8.572E-05 2.118E+01
12 4.900E-05 1.157E+01 13 6.467E-06 3.305E+01 14 3.375E-03 1.269E+01 15 6.235E-05 3.814E+01 16 1.114E-03 1.437E+00
17 5.299E-05 2.697E+01 18 1.118E-03 1.483E+01 19 1.093E-07 1.000E+02 21 2.290E-02 2.471E+00 22 4.692E-03 5.606E+00
23 3.592E-07 7.198E+01 24 2.695E-03 3.266E-01 25 2.673E-04 1.928E+00 26 1.428E-03 8.269E-01 27 1.307E-03 1.376E+00
 38  23
 1 8.852E-05 7.374E+01  3 5.208E-06 5.507E+01  5 1.636E-04 3.635E+01  6 1.049E-04 1.773E+01  7 1.229E-03 1.952E+00
 8 8.850E-04 5.005E+00  9 6.113E-03 2.881E+00 10 5.661E-06 6.892E+01 11 6.092E-05 2.117E+01 12 4.389E-05 1.017E+01
13 2.748E-06 3.563E+01 14 4.039E-03 1.040E+01 15 9.431E-05 2.741E+01 16 1.114E-03 1.268E+00 17 5.055E-05 3.883E+01
18 1.254E-03 1.030E+01 19 4.483E-06 1.000E+02 21 2.146E-02 2.641E+00 22 5.525E-03 3.924E+00 24 2.726E-03 4.015E-01
25 2.388E-04 1.732E+00 26 1.442E-03 8.901E-01 27 1.340E-03 1.101E+00
 39  22
 1 2.380E-06 1.000E+02  3 2.805E-06 7.751E+01  5 1.787E-04 3.440E+01  6 7.158E-05 2.064E+01  7 1.313E-03 2.992E+00
 8 1.089E-03 4.901E+00  9 6.098E-03 3.015E+00 10 1.930E-06 6.134E+01 11 1.072E-04 1.148E+01 12 6.637E-05 9.348E+00
13 2.537E-06 3.924E+01 14 4.548E-03 1.035E+01 15 1.021E-05 4.717E+01 16 1.116E-03 7.945E-01 17 2.940E-05 2.286E+01
18 6.618E-04 1.619E+01 21 2.173E-02 3.207E+00 22 6.241E-03 4.194E+00 24 2.729E-03 2.855E-01 25 2.169E-04 1.943E+00
26 1.444E-03 8.683E-01 27 1.357E-03 1.138E+00
 40  22
 1 3.266E-05 9.352E+01  3 7.823E-06 4.025E+01  5 2.424E-04 4.117E+01  6 8.421E-05 1.629E+01  7 1.518E-03 2.765E+00
 8 1.244E-03 4.687E+00  9 6.062E-03 2.593E+00 10 5.186E-06 4.298E+01 11 1.467E-04 1.086E+01 12 6.338E-05 1.329E+01
13 1.985E-06 3.546E+01 14 4.365E-03 1.082E+01 15 8.057E-05 2.974E+01 16 1.117E-03 1.527E+00 17 6.807E-05 2.072E+01
18 8.076E-04 1.404E+01 21 2.090E-02 2.647E+00 22 7.614E-03 3.936E+00 24 2.758E-03 3.410E-01 25 1.979E-04 1.937E+00
26 1.469E-03 6.671E-01 27 1.393E-03 8.290E-01
 41  23
 1 6.260E-05 7.642E+01  3 6.731E-06 4.662E+01  5 1.199E-04 3.813E+01  6 1.162E-04 2.295E+01  7 1.676E-03 2.655E+00
 8 1.370E-03 4.704E+00  9 5.963E-03 3.017E+00 10 9.878E-06 5.732E+01 11 1.472E-04 1.301E+01 12 6.387E-05 7.160E+00
13 8.764E-06 2.474E+01 14 4.522E-03 1.241E+01 15 5.220E-05 3.418E+01 16 1.083E-03 1.241E+00 17 6.203E-05 2.375E+01
18 7.625E-04 1.367E+01 19 6.051E-06 1.000E+02 21 2.184E-02 2.614E+00 22 7.620E-03 3.797E+00 24 2.774E-03 3.791E-01
25 1.808E-04 1.647E+00 26 1.493E-03 8.215E-01 27 1.438E-03 1.136E+00
 42  22
 1 5.676E-05 6.843E+01  3 1.251E-05 3.501E+01  5 2.437E-04 3.070E+01  6 1.198E-04 1.327E+01  7 1.861E-03 3.009E+00
 8 1.506E-03 3.847E+00  9 5.826E-03 2.560E+00 10 9.790E-06 6.897E+01 11 1.314E-04 1.068E+01 12 7.656E-05 8.221E+00
13 2.738E-06 2.574E+01 14 6.323E-03 8.788E+00 15 6.222E-05 2.353E+01 16 1.134E-03 1.352E+00 17 5.130E-05 2.819E+01
18 7.366E-04 1.030E+01 21 2.066E-02 2.488E+00 22 8.547E-03 5.191E+00 24 2.800E-03 3.371E-01 25 1.587E-04 2.043E+00
26 1.505E-03 8.855E-01 27 1.452E-03 1.094E+00
 43  23
 1 5.020E-05 8.041E+01  3 7.650E-06 6.431E+01  5 2.590E-04 3.806E+01  6 1.451E-04 1.199E+01  7 2.130E-03 1.933E+00
 8 1.645E-03 5.109E+00  9 5.876E-03 2.939E+00 10 1.023E-05 3.792E+01 11 1.263E-04 1.649E+01 12 8.593E-05 9.219E+00
13 7.034E-06 2.283E+01 14 6.660E-03 1.107E+01 15 6.017E-05 2.734E+01 16 1.107E-03 1.360E+00 17 8.294E-05 2.125E+01
18 8.023E-04 1.322E+01 21 1.600E-02 4.013E+00 22 9.977E-03 4.079E+00 23 1.823E-07 1.000E+02 24 2.773E-03 3.894E-01
25 1.393E-04 1.761E+00 26 1.489E-03 1.046E+00 27 1.454E-03 1.225E+00
 44  22
 1 1.877E-05 6.686E+01  3 6.735E-06 4.009E+01  5 2.675E-04 3.806E+01  6 1.331E-04 1.155E+01  7 2.273E-03 1.433E+00
 8 1.973E-03 3.771E+00  9 5.710E-03 3.000E+00 10 6.984E-06 4.122E+01 11 1.887E-04 1.525E+01 12 8.968E-05 9.478E+00
13 7.809E-06 2.530E+01 14 8.973E-03 7.826E+00 15 6.198E-05 2.127E+01 16 1.100E-03 1.159E+00 17 1.096E-04 1.801E+01
18 6.107E-04 1.640E+01 21 8.667E-03 3.097E+00 22 1.044E-02 3.814E+00 24 2.804E-03 3.651E-01 25 1.308E-04 2.959E+00
26 1.548E-03 9.810E-01 27 1.527E-03 1.209E+00
 45  24
 1 1.019E-05 6.895E+01  2 4.021E-08 1.000E+02  3 6.643E-06 5.535E+01  5 3.929E-04 2.753E+01  6 1.697E-04 1.388E+01
 7 2.512E-03 2.550E+00  8 1.950E-03 3.535E+00  9 5.910E-03 2.403E+00 10 8.347E-06 4.347E+01 11 1.251E-04 1.360E+01
12 1.062E-04 5.889E+00 13 9.807E-06 2.876E+01 14 8.331E-03 1.082E+01 15 7.197E-05 2.275E+01 16 1.094E-03 1.388E+00
17 5.119E-05 2.092E+01 18 5.511E-04 1.710E+01 21 7.542E-03 4.574E+00 22 1.285E-02 3.253E+00 23 2.098E-07 7.336E+01
24 2.797E-03 4.196E-01 25 1.219E-04 3.361E+00 26 1.559E-03 7.485E-01 27 1.516E-03 9.646E-01
 46  23
 1 5.303E-05 7.016E+01  3 1.293E-05 3.108E+01  5 3.208E-04 3.373E+01  6 2.011E-04 1.195E+01  7 2.732E-03 2.050E+00
 8 2.310E-03 2.802E+00  9 5.776E-03 2.572E+00 10 2.355E-05 2.770E+01 11 2.070E-04 9.299E+00 12 1.116E-04 7.418E+00
13 1.105E-05 2.081E+01 14 1.004E-02 6.708E+00 15 1.176E-04 2.094E+01 16 1.111E-03 1.855E+00 17 1.183E-04 1.794E+01
18 7.624E-04 1.498E+01 21 6.598E-03 3.697E+00 22 2.188E-02 2.867E+00 23 1.044E-07 8.910E+01 24 2.829E-03 4.240E-01
25 1.081E-04 2.816E+00 26 1.605E-03 9.006E-01 27 1.586E-03 1.106E+00
 47  24
 1 1.081E-04 5.508E+01  2 1.173E-08 1.000E+02  3 4.710E-06 4.292E+01  5 3.693E-04 1.998E+01  6 2.206E-04 1.506E+01
 7 3.143E-03 1.907E+00  8 2.605E-03 3.238E+00  9 5.724E-03 2.685E+00 10 1.399E-05 3.380E+01 11 2.275E-04 1.267E+01
12 1.073E-04 5.325E+00 13 9.885E-06 2.248E+01 14 1.405E-02 7.983E+00 15 1.409E-04 1.817E+01 16 1.091E-03 1.190E+00
17 7.714E-05 1.600E+01 18 5.916E-04 1.871E+01 21 6.062E-03 4.025E+00 22 3.175E-02 2.389E+00 23 1.023E-08 1.000E+02
24 2.831E-03 3.710E-01 25 9.700E-05 2.781E+00 26 1.651E-03 1.232E+00 27 1.659E-03 1.277E+00
 48  23
 1 1.939E-05 9.269E+01  3 9.926E-06 5.242E+01  5 2.634E-04 4.580E+01  6 2.373E-04 1.396E+01  7 3.537E-03 1.730E+00
 8 2.991E-03 3.065E+00  9 5.869E-03 3.182E+00 10 1.472E-05 3.962E+01 11 2.133E-04 1.104E+01 12 1.338E-04 5.959E+00
13 1.365E-05 2.703E+01 14 1.901E-02 6.822E+00 15 9.017E-05 1.899E+01 16 1.114E-03 1.164E+00 17 1.024E-04 1.806E+01
18 4.757E-04 2.136E+01 21 5.203E-03 3.755E+00 22 3.791E-02 2.721E+00 23 3.580E-07 8.206E+01 24 2.848E-03 3.846E-01
25 8.903E-05 3.375E+00 26 1.742E-03 9.849E-01 27 1.791E-03 1.212E+00
 49  24
 1 1.117E-05 9.564E+01  3 9.547E-06 3.389E+01  5 6.120E-04 4.041E+01  6 2.288E-04 1.181E+01  7 3.705E-03 1.899E+00
 8 3.389E-03 3.393E+00  9 5.643E-03 2.822E+00 10 2.101E-05 2.849E+01 11 2.536E-04 9.253E+00 12 1.435E-04 6.784E+00
13 1.230E-05 2.104E+01 14 2.307E-02 4.751E+00 15 1.549E-04 1.841E+01 16 1.078E-03 1.113E+00 17 1.043E-04 1.588E+01
18 2.975E-04 1.645E+01 20 1.523E-07 1.000E+02 21 4.640E-03 5.930E+00 22 3.313E-02 2.521E+00 23 5.894E-07 6.234E+01
24 2.884E-03 3.929E-01 25 7.773E-05 3.354E+00 26 2.391E-03 6.009E-01 27 2.805E-03 8.933E-01
 50  23
 1 8.205E-05 6.574E+01  3 1.692E-05 3.910E+01  5 4.930E-04 2.403E+01  6 2.362E-04 1.118E+01  7 4.162E-03 1.501E+00
 8 5.218E-03 2.423E+00  9 5.311E-03 3.070E+00 10 2.434E-05 2.972E+01 11 2.673E-04 9.213E+00 12 1.644E-04 5.119E+00
13 1.468E-05 2.263E+01 14 2.559E-02 5.029E+00 15 1.289E-04 1.948E+01 16 1.077E-03 1.393E+00 17 1.281E-04 2.098E+01
18 2.512E-04 2.063E+01 21 4.284E-03 4.760E+00 22 3.005E-02 2.539E+00 23 2.261E-08 1.000E+02 24 2.901E-03 4.154E-01
25 6.738E-05 3.156E+00 26 2.462E-03 7.920E-01 27 2.924E-03 1.093E+00
 51  25
 1 6.918E-05 5.300E+01  2 5.762E-08 1.000E+02  3 1.029E-05 3.357E+01  5 3.185E-04 2.629E+01  6 2.970E-04 9.109E+00
 7 4.658E-03 9.943E-01  8 5.417E-03 2.030E+00  9 5.546E-03 3.521E+00 10 2.128E-05 2.243E+01 11 2.723E-04 8.150E+00
12 1.986E-04 4.554E+00 13 1.496E-05 1.804E+01 14 2.396E-02 6.770E+00 15 2.199E-04 2.282E+01 16 1.073E-03 1.293E+00
17 1.200E-04 1.631E+01 18 3.316E-04 2.510E+01 19 9.786E-06 9.721E+01 21 3.819E-03 5.746E+00 22 1.995E-02 3.774E+00
23 4.991E-08 1.000E+02 24 2.895E-03 4.024E-01 25 5.989E-05 2.758E+00 26 2.485E-03 8.126E-01 27 2.922E-03 9.109E-01
 52  23
 1 8.040E-05 4.345E+01  3 1.480E-05 3.076E+01  5 5.819E-04 3.102E+01  6 3.459E-04 1.087E+01  7 5.200E-03 1.703E+00
 8 5.844E-03 1.748E+00  9 5.318E-03 2.233E+00 10 1.871E-05 2.393E+01 11 3.664E-04 9.876E+00 12 2.023E-04 4.970E+00
13 1.349E-05 2.483E+01 14 2.411E-02 6.725E+00 15 1.843E-04 1.306E+01 16 1.091E-03 8.662E-01 17 1.536E-04 1.583E+01
18 1.467E-04 2.893E+01 21 3.165E-03 5.630E+00 22 1.267E-02 3.943E+00 23 2.871E-07 6.933E+01 24 2.907E-03 3.692E-01
25 5.859E-05 3.073E+00 26 2.550E-03 5.848E-01 27 3.022E-03 7.538E-01
 53  24
 1 2.209E-05 7.532E+01  3 1.130E-05 4.303E+01  5 6.136E-04 1.902E+01  6 3.422E-04 1.098E+01  7 5.684E-03 1.753E+00
 8 6.385E-03 2.604E+00  9 5.467E-03 2.289E+00 10 1.829E-05 3.777E+01 11 3.915E-04 9.138E+00 12 2.054E-04 5.364E+00
13 1.568E-05 2.092E+01 14 1.672E-02 4.824E+00 15 1.500E-04 1.472E+01 16 1.092E-03 1.074E+00 17 1.773E-04 1.705E+01
18 2.170E-04 2.325E+01 19 1.325E-04 9.660E+01 21 2.475E-03 5.508E+00 22 1.039E-02 3.534E+00 23 8.095E-08 5.699E+01
24 2.901E-03 4.064E-01 25 5.249E-05 4.105E+00 26 2.567E-03 6.977E-01 27 3.048E-03 1.041E+00
 54  24
 1 1.706E-04 4.313E+01  3 1.420E-05 4.099E+01  5 8.127E-04 1.714E+01  6 3.753E-04 9.098E+00  7 6.632E-03 1.608E+00
 8 6.483E-03 2.971E+00  9 5.358E-03 3.086E+00 10 2.738E-05 2.754E+01 11 4.702E-04 1.099E+01 12 2.270E-04 4.689E+00
13 2.343E-05 1.877E+01 14 1.334E-02 8.026E+00 15 2.535E-04 1.601E+01 16 1.090E-03 1.428E+00 17 1.920E-04 1.240E+01
18 2.283E-04 6.008E+01 19 1.244E-06 1.000E+02 21 2.399E-03 5.867E+00 22 9.332E-03 4.397E+00 23 9.742E-07 4.309E+01
24 2.904E-03 4.000E-01 25 4.642E-05 4.390E+00 26 2.596E-03 5.452E-01 27 3.065E-03 7.468E-01
 55  23
 1 1.567E-05 6.853E+01  3 1.928E-05 4.153E+01  5 8.738E-04 1.883E+01  6 4.543E-04 7.750E+00  7 1.149E-02 1.040E+00
 8 6.775E-03 2.087E+00  9 5.154E-03 3.291E+00 10 2.434E-05 2.274E+01 11 5.241E-04 7.910E+00 12 2.856E-04 5.028E+00
13 2.540E-05 1.832E+01 14 8.828E-03 7.660E+00 15 2.675E-04 1.536E+01 16 1.090E-03 1.427E+00 17 2.624E-04 1.179E+01
18 1.245E-04 2.431E+01 21 2.098E-03 6.578E+00 22 8.070E-03 2.991E+00 23 4.761E-07 5.187E+01 24 2.918E-03 3.477E-01
25 3.928E-05 4.481E+00 26 2.610E-03 7.312E-01 27 3.093E-03 8.720E-01
 56  24
 1 1.645E-04 2.699E+01  3 1.028E-05 3.743E+01  5 9.966E-04 1.842E+01  6 5.483E-04 1.087E+01  7 1.230E-02 1.124E+00
 8 7.020E-03 2.275E+00  9 5.475E-03 2.776E+00 10 2.165E-05 2.642E+01 11 4.958E-04 7.298E+00 12 3.029E-04 5.002E+00
13 2.855E-05 1.402E+01 14 7.706E-03 8.795E+00 15 2.855E-04 1.646E+01 16 1.094E-03 1.298E+00 17 2.257E-04 1.337E+01
18 2.393E-04 1.812E+01 19 6.162E-06 6.991E+01 21 2.158E-03 9.117E+00 22 7.843E-03 3.137E+00 23 3.051E-07 8.820E+01
24 2.911E-03 4.043E-01 25 3.741E-05 4.151E+00 26 2.593E-03 5.624E-01 27 3.067E-03 8.091E-01
 57  24
 1 6.037E-05 3.309E+01  3 2.028E-05 2.609E+01  5 1.150E-03 2.091E+01  6 4.534E-04 7.432E+00  7 1.288E-02 9.586E-01
 8 7.255E-03 2.136E+00  9 5.160E-03 2.329E+00 10 2.484E-05 2.584E+01 11 6.124E-04 4.764E+00 12 3.462E-04 3.256E+00
13 3.248E-05 1.464E+01 14 6.099E-03 1.109E+01 15 2.980E-04 1.708E+01 16 1.089E-03 1.586E+00 17 2.416E-04 1.342E+01
18 1.299E-04 2.704E+01 19 1.176E-06 1.000E+02 21 1.792E-03 8.390E+00 22 6.493E-03 4.389E+00 23 1.475E-07 1.000E+02
24 2.919E-03 3.870E-01 25 3.261E-05 4.145E+00 26 2.605E-03 6.996E-01 27 3.059E-03 1.007E+00
 58  25
 1 1.794E-04 3.632E+01  2 7.639E-07 1.000E+02  3 1.626E-05 2.826E+01  5 1.206E-03 1.840E+01  6 5.242E-04 8.197E+00
 7 1.314E-02 8.890E-01  8 7.504E-03 2.502E+00  9 5.183E-03 3.194E+00 10 3.269E-05 2.030E+01 11 7.072E-04 5.727E+00
12 3.784E-04 4.322E+00 13 2.846E-05 1.446E+01 14 5.881E-03 1.201E+01 15 3.723E-04 1.908E+01 16 1.053E-03 1.371E+00
17 3.120E-04 1.322E+01 18 8.678E-05 4.908E+01 19 9.053E-06 1.000E+02 21 1.688E-03 6.486E+00 22 5.848E-03 3.964E+00
23 7.323E-07 5.159E+01 24 2.937E-03 3.761E-01 25 3.478E-05 4.417E+00 26 2.607E-03 6.661E-01 27 3.079E-03 9.173E-01
 59  24
 1 2.377E-04 2.653E+01  3 2.407E-05 3.585E+01  5 1.194E-03 1.634E+01  6 5.367E-04 6.252E+00  7 1.385E-02 8.369E-01
 8 7.817E-03 1.936E+00  9 5.066E-03 2.636E+00 10 3.729E-05 2.236E+01 11 6.804E-04 5.667E+00 12 4.089E-04 3.500E+00
13 3.219E-05 1.149E+01 14 6.267E-03 1.086E+01 15 4.242E-04 1.349E+01 16 1.080E-03 1.131E+00 17 3.276E-04 1.231E+01
18 1.896E-04 2.247E+01 19 6.643E-07 1.000E+02 21 1.416E-03 6.590E+00 22 5.050E-03 4.256E+00 23 4.130E-07 4.737E+01
24 2.919E-03 3.284E-01 25 2.855E-05 6.203E+00 26 2.578E-03 6.700E-01 27 3.022E-03 7.314E-01
 60  25
 1 1.709E-04 3.996E+01  2 1.486E-07 1.000E+02  3 3.153E-05 2.367E+01  5 1.600E-03 1.573E+01  6 7.697E-04 6.189E+00
 7 1.414E-02 8.886E-01  8 7.788E-03 2.057E+00  9 4.982E-03 2.703E+00 10 5.223E-05 2.013E+01 11 8.297E-04 4.697E+00
12 4.608E-04 3.882E+00 13 3.131E-05 1.393E+01 14 5.343E-03 1.093E+01 15 3.953E-04 1.508E+01 16 1.084E-03 1.291E+00
17 3.412E-04 1.525E+01 18 1.066E-04 4.414E+01 19 6.947E-07 1.000E+02 21 1.242E-03 9.861E+00 22 4.857E-03 4.097E+00
23 3.785E-07 4.306E+01 24 2.917E-03 3.473E-01 25 2.716E-05 4.103E+00 26 2.581E-03 6.059E-01 27 3.025E-03 6.553E-01
 61  24
 1 2.084E-04 4.500E+01  2 6.947E-07 1.000E+02  3 3.679E-05 3.956E+01  5 1.712E-03 1.357E+01  6 7.979E-04 7.817E+00
 7 1.399E-02 9.442E-01  8 8.001E-03 2.240E+00  9 4.899E-03 3.137E+00 10 5.240E-05 2.056E+01 11 9.366E-04 4.486E+00
12 5.217E-04 3.822E+00 13 3.913E-05 1.511E+01 14 4.417E-03 1.034E+01 15 6.108E-04 1.032E+01 16 1.071E-03 1.020E+00
17 3.796E-04 9.364E+00 18 9.416E-05 3.476E+01 21 1.287E-03 9.262E+00 22 4.211E-03 3.692E+00 23 2.931E-07 8.817E+01
24 2.913E-03 3.707E-01 25 2.486E-05 3.797E+00 26 2.552E-03 6.786E-01 27 2.986E-03 7.774E-01
 62  23
 1 2.021E-04 3.701E+01  3 2.632E-05 2.753E+01  5 2.015E-03 1.726E+01  6 8.942E-04 4.836E+00  7 1.426E-02 9.710E-01
 8 8.484E-03 2.359E+00  9 4.497E-03 3.158E+00 10 5.084E-05 1.718E+01 11 1.010E-03 3.326E+00 12 5.699E-04 4.177E+00
13 3.895E-05 1.631E+01 14 4.436E-03 1.402E+01 15 4.689E-04 1.357E+01 16 1.078E-03 1.393E+00 17 4.348E-04 1.032E+01
18 9.423E-05 3.649E+01 21 1.272E-03 9.295E+00 22 3.898E-03 4.448E+00 23 6.119E-07 7.803E+01 24 2.928E-03 4.224E-01
25 1.808E-05 5.708E+00 26 2.515E-03 6.523E-01 27 2.931E-03 8.487E-01
 63  23
 1 4.185E-04 3.736E+01  3 1.660E-05 2.402E+01  5 2.291E-03 1.350E+01  6 1.021E-03 4.946E+00  7 1.419E-02 1.057E+00
 8 8.424E-03 1.965E+00  9 4.804E-03 2.441E+00 10 5.932E-05 1.574E+01 11 1.109E-03 4.639E+00 12 6.334E-04 3.436E+00
13 6.126E-05 1.145E+01 14 4.450E-03 1.128E+01 15 5.930E-04 8.412E+00 16 1.104E-03 1.064E+00 17 5.013E-04 1.286E+01
18 8.702E-05 3.912E+01 21 9.650E-04 8.652E+00 22 3.740E-03 5.313E+00 23 7.786E-07 7.341E+01 24 2.909E-03 3.771E-01
25 1.782E-05 6.870E+00 26 2.464E-03 5.059E-01 27 2.847E-03 7.330E-01
 64  25
 1 2.251E-04 4.352E+01  3 3.662E-05 2.074E+01  5 2.178E-03 1.387E+01  6 1.056E-03 5.315E+00  7 1.454E-02 9.482E-01
 8 9.423E-03 1.742E+00  9 4.627E-03 3.299E+00 10 6.615E-05 1.132E+01 11 1.366E-03 3.906E+00 12 6.503E-04 2.640E+00
13 5.499E-05 8.814E+00 14 4.285E-03 1.262E+01 15 5.785E-04 1.280E+01 16 1.065E-03 1.192E+00 17 6.304E-04 8.661E+00
18 7.517E-05 4.735E+01 19 4.060E-05 9.463E+01 20 7.411E-07 1.000E+02 21 9.845E-04 9.209E+00 22 3.372E-03 5.259E+00
23 2.848E-07 9.678E+01 24 2.937E-03 3.887E-01 25 1.621E-05 6.851E+00 26 2.401E-03 8.706E-01 27 2.732E-03 1.103E+00
 65  25
 1 2.116E-04 2.559E+01  2 1.166E-06 9.538E+01  3 3.655E-05 3.163E+01  5 2.538E-03 1.072E+01  6 1.228E-03 6.091E+00
 7 1.492E-02 8.959E-01  8 9.867E-03 2.016E+00  9 4.541E-03 2.420E+00 10 7.034E-05 1.493E+01 11 1.630E-03 3.087E+00
12 7.992E-04 2.384E+00 13 5.823E-05 1.073E+01 14 2.914E-03 1.351E+01 15 6.748E-04 1.175E+01 16 1.080E-03 1.423E+00
17 5.493E-04 7.621E+00 18 5.990E-05 4.546E+01 19 3.770E-06 9.669E+01 21 8.049E-04 1.285E+01 22 3.025E-03 5.831E+00
23 1.667E-06 5.760E+01 24 2.899E-03 4.043E-01 25 1.581E-05 6.870E+00 26 1.847E-03 8.265E-01 27 1.768E-03 1.274E+00
 66  25
 1 2.962E-04 4.108E+01  3 3.001E-05 1.924E+01  5 2.875E-03 8.721E+00  6 1.343E-03 4.796E+00  7 1.467E-02 1.098E+00
 8 1.017E-02 1.854E+00  9 4.278E-03 2.389E+00 10 9.386E-05 1.210E+01 11 1.639E-03 4.013E+00 12 8.497E-04 2.857E+00
13 6.596E-05 8.478E+00 14 3.158E-03 1.453E+01 15 6.122E-04 6.700E+00 16 1.087E-03 1.176E+00 17 6.378E-04 6.195E+00
18 5.633E-05 5.052E+01 19 1.997E-05 9.640E+01 20 1.401E-05 1.000E+02 21 7.565E-04 1.095E+01 22 2.680E-03 7.513E+00
23 4.643E-07 4.071E+01 24 2.884E-03 5.218E-01 25 1.356E-05 6.617E+00 26 1.775E-03 1.147E+00 27 1.675E-03 1.460E+00
 67  25
 1 3.223E-04 2.594E+01  2 5.444E-07 1.000E+02  3 3.607E-05 1.866E+01  5 3.136E-03 1.076E+01  6 1.544E-03 4.904E+00
 7 1.450E-02 8.767E-01  8 1.068E-02 1.783E+00  9 4.302E-03 3.095E+00 10 9.213E-05 1.316E+01 11 1.855E-03 4.291E+00
12 9.229E-04 2.335E+00 13 7.420E-05 9.758E+00 14 2.288E-03 1.626E+01 15 8.086E-04 1.005E+01 16 1.083E-03 1.593E+00
17 7.229E-04 1.142E+01 18 1.461E-04 4.005E+01 19 1.185E-05 9.890E+01 21 6.625E-04 1.091E+01 22 2.329E-03 5.893E+00
23 1.422E-06 5.018E+01 24 2.887E-03 3.626E-01 25 1.360E-05 7.792E+00 26 1.718E-03 8.126E-01 27 1.585E-03 9.076E-01
 68  25
 1 4.541E-04 2.539E+01  3 2.872E-05 3.972E+01  5 3.402E-03 1.130E+01  6 1.646E-03 3.831E+00  7 1.382E-02 1.027E+00
 8 1.117E-02 1.364E+00  9 3.975E-03 2.936E+00 10 1.229E-04 1.347E+01 11 2.188E-03 4.040E+00 12 1.074E-03 2.577E+00
13 8.600E-05 9.685E+00 14 2.169E-03 1.826E+01 15 9.241E-04 8.761E+00 16 1.062E-03 1.582E+00 17 8.988E-04 8.686E+00
18 7.097E-05 3.473E+01 19 2.982E-05 9.925E+01 20 2.454E-05 1.000E+02 21 5.268E-04 1.549E+01 22 2.116E-03 7.297E+00
23 1.445E-06 3.905E+01 24 2.870E-03 3.848E-01 25 1.232E-05 7.760E+00 26 1.707E-03 9.161E-01 27 1.542E-03 1.213E+00
 69  25
 1 4.490E-04 2.879E+01  2 4.748E-08 1.000E+02  3 4.301E-05 2.413E+01  5 3.825E-03 1.004E+01  6 2.049E-03 3.450E+00
 7 1.248E-02 1.003E+00  8 1.977E-02 1.450E+00  9 2.280E-03 3.558E+00 10 1.443E-04 1.408E+01 11 2.320E-03 2.757E+00
12 1.192E-03 2.423E+00 13 8.090E-05 6.004E+00 14 1.773E-03 1.712E+01 15 1.216E-03 6.801E+00 16 1.068E-03 1.146E+00
17 9.170E-04 7.264E+00 18 5.017E-05 6.863E+01 19 6.523E-05 5.915E+01 21 5.381E-04 1.524E+01 22 1.782E-03 5.832E+00
23 1.417E-06 3.507E+01 24 2.871E-03 4.023E-01 25 1.172E-05 8.037E+00 26 1.657E-03 1.116E+00 27 1.470E-03 1.747E+00
 70  25
 1 6.128E-04 2.028E+01  2 3.616E-07 1.000E+02  3 5.772E-05 2.243E+01  5 3.504E-03 7.871E+00  6 2.064E-03 4.010E+00
 7 1.043E-02 1.353E+00  8 1.837E-02 1.215E+00  9 2.201E-03 4.520E+00 10 1.150E-04 1.618E+01 11 2.621E-03 3.516E+00
12 1.256E-03 1.983E+00 13 9.798E-05 7.300E+00 14 2.125E-03 1.283E+01 15 1.054E-03 7.709E+00 16 1.111E-03 1.168E+00
17 1.068E-03 4.748E+00 18 5.762E-05 3.805E+01 19 3.781E-05 5.272E+01 21 4.801E-04 1.751E+01 22 1.645E-03 7.560E+00
23 1.413E-06 3.501E+01 24 2.863E-03 3.441E-01 25 9.943E-06 9.149E+00 26 1.637E-03 8.254E-01 27 1.448E-03 9.834E-01
 71  25
 1 7.123E-04 2.375E+01  2 2.122E-08 1.000E+02  3 4.791E-05 2.386E+01  5 3.970E-03 9.369E+00  6 2.293E-03 4.762E+00
 7 9.463E-03 1.146E+00  8 1.485E-02 1.448E+00  9 1.820E-03 5.770E+00 10 1.429E-04 1.204E+01 11 3.039E-03 3.111E+00
12 1.560E-03 2.250E+00 13 1.120E-04 8.174E+00 14 1.941E-03 1.646E+01 15 1.214E-03 6.864E+00 16 1.109E-03 1.526E+00
17 1.195E-03 5.400E+00 18 1.352E-05 6.016E+01 19 2.272E-05 9.911E+01 21 3.660E-04 1.806E+01 22 1.585E-03 7.514E+00
23 9.375E-07 4.466E+01 24 2.866E-03 4.205E-01 25 8.589E-06 7.813E+00 26 1.589E-03 9.991E-01 27 1.381E-03 1.705E+00
 72  23
 1 5.336E-04 1.891E+01  3 4.271E-05 2.478E+01  5 5.800E-03 7.161E+00  6 2.642E-03 4.288E+00  7 8.815E-03 1.389E+00
 8 1.471E-02 1.798E+00  9 1.580E-03 4.171E+00 10 1.504E-04 1.127E+01 11 3.388E-03 2.511E+00 12 1.711E-03 1.635E+00
13 1.086E-04 9.029E+00 14 1.616E-03 1.569E+01 15 1.261E-03 6.747E+00 16 1.090E-03 1.597E+00 17 1.230E-03 6.127E+00
18 2.643E-05 5.502E+01 21 3.955E-04 1.485E+01 22 1.422E-03 8.759E+00 23 1.281E-06 3.672E+01 24 2.867E-03 3.649E-01
25 8.551E-06 1.020E+01 26 1.572E-03 1.183E+00 27 1.353E-03 1.366E+00
 73  25
 1 6.006E-04 2.580E+01  2 4.007E-08 6.970E+01  3 5.442E-05 2.163E+01  5 6.284E-03 9.116E+00  6 2.739E-03 3.880E+00
 7 9.034E-03 1.109E+00  8 1.794E-02 1.284E+00  9 1.446E-03 4.008E+00 10 1.585E-04 1.158E+01 11 3.724E-03 2.285E+00
12 1.928E-03 2.020E+00 13 1.271E-04 5.719E+00 14 1.134E-03 2.649E+01 15 1.565E-03 5.988E+00 16 1.109E-03 1.136E+00
17 1.400E-03 6.157E+00 18 4.979E-05 6.335E+01 19 6.011E-05 8.295E+01 21 3.982E-04 1.379E+01 22 1.160E-03 8.241E+00
23 8.820E-07 4.340E+01 24 2.873E-03 3.542E-01 25 6.147E-06 1.099E+01 26 1.587E-03 1.135E+00 27 1.333E-03 1.808E+00
 74  25
 1 1.009E-03 1.811E+01  2 2.548E-07 1.000E+02  3 5.293E-05 1.474E+01  5 5.747E-03 8.717E+00  6 3.491E-03 2.839E+00
 7 9.568E-03 7.967E-01  8 1.900E-02 1.587E+00  9 1.225E-03 5.271E+00 10 1.790E-04 1.021E+01 11 4.605E-03 2.564E+00
12 2.172E-03 1.546E+00 13 1.503E-04 7.072E+00 14 1.195E-03 2.286E+01 15 1.860E-03 6.737E+00 16 1.086E-03 1.286E+00
17 1.501E-03 4.402E+00 18 6.475E-06 5.640E+01 19 2.635E-05 6.267E+01 21 2.967E-04 1.662E+01 22 9.696E-04 1.128E+01
23 8.488E-07 3.726E+01 24 2.869E-03 3.928E-01 25 6.234E-06 9.926E+00 26 1.593E-03 1.015E+00 27 1.335E-03 1.287E+00
 75  25
 1 7.361E-04 1.536E+01  2 2.265E-07 1.000E+02  3 6.165E-05 1.847E+01  5 7.215E-03 9.983E+00  6 4.537E-03 2.631E+00
 7 5.645E-03 1.314E+00  8 8.162E-03 2.349E+00  9 1.152E-03 5.530E+00 10 1.937E-04 1.146E+01 11 5.938E-03 2.815E+00
12 3.219E-03 1.169E+00 13 1.630E-04 5.388E+00 14 9.522E-04 1.686E+01 15 1.996E-03 7.021E+00 16 1.093E-03 1.143E+00
17 1.800E-03 4.285E+00 18 1.822E-05 5.754E+01 19 2.986E-05 8.738E+01 21 2.568E-04 1.553E+01 22 9.229E-04 1.047E+01
23 3.021E-06 2.597E+01 24 2.877E-03 3.833E-01 25 5.865E-06 9.324E+00 26 1.596E-03 1.023E+00 27 1.341E-03 1.019E+00
 76  25
 1 8.591E-04 1.954E+01  3 6.038E-05 1.599E+01  5 1.114E-02 9.367E+00  6 6.074E-03 2.392E+00  7 4.845E-03 1.578E+00
 8 6.990E-03 2.130E+00  9 1.036E-03 4.676E+00 10 2.749E-04 7.221E+00 11 8.715E-03 2.073E+00 12 3.649E-03 1.534E+00
13 1.671E-04 5.888E+00 14 1.022E-03 1.632E+01 15 2.165E-03 6.242E+00 16 1.076E-03 1.609E+00 17 1.938E-03 4.873E+00
18 1.950E-05 6.615E+01 19 2.779E-05 6.801E+01 20 1.110E-06 1.000E+02 21 2.605E-04 1.760E+01 22 9.871E-04 1.128E+01
23 1.243E-06 2.909E+01 24 2.882E-03 3.818E-01 25 5.207E-06 9.242E+00 26 1.599E-03 1.083E+00 27 1.338E-03 1.468E+00
 77  26
 1 1.173E-03 1.541E+01  2 1.197E-06 1.000E+02  3 6.471E-05 1.703E+01  5 1.578E-02 6.494E+00  6 6.649E-03 2.595E+00
 7 4.438E-03 1.521E+00  8 6.417E-03 1.922E+00  9 9.573E-04 9.123E+00 10 2.765E-04 8.221E+00 11 1.064E-02 1.771E+00
12 4.006E-03 1.084E+00 13 1.966E-04 5.413E+00 14 6.745E-04 2.630E+01 15 2.345E-03 6.831E+00 16 1.077E-03 1.420E+00
17 2.230E-03 3.550E+00 18 3.088E-05 6.361E+01 19 7.831E-06 6.561E+01 20 1.079E-05 1.000E+02 21 1.573E-04 2.086E+01
22 8.144E-04 1.044E+01 23 2.071E-06 3.716E+01 24 2.881E-03 3.778E-01 25 6.060E-06 1.271E+01 26 1.569E-03 1.351E+00
27 1.274E-03 1.826E+00
 78  26
 1 1.286E-03 1.393E+01  2 6.883E-07 6.526E+01  3 8.329E-05 1.855E+01  5 1.792E-02 4.769E+00  6 7.705E-03 2.315E+00
 7 3.954E-03 1.005E+00  8 5.380E-03 2.625E+00  9 8.559E-04 6.216E+00 10 2.853E-04 8.423E+00 11 1.299E-02 1.386E+00
12 4.423E-03 1.035E+00 13 2.055E-04 6.155E+00 14 5.674E-04 2.711E+01 15 2.681E-03 4.062E+00 16 1.094E-03 1.319E+00
17 2.541E-03 4.887E+00 18 2.155E-05 5.918E+01 19 3.318E-05 3.327E+01 20 7.102E-07 1.000E+02 21 2.161E-04 1.833E+01
22 8.110E-04 9.543E+00 23 1.730E-06 3.919E+01 24 2.884E-03 3.652E-01 25 3.794E-06 1.326E+01 26 1.585E-03 8.140E-01
27 1.253E-03 1.199E+00
 79  26
 1 1.010E-03 1.827E+01  2 8.441E-07 8.393E+01  3 8.243E-05 1.640E+01  5 1.762E-02 5.418E+00  6 8.173E-03 2.431E+00
 7 3.557E-03 1.528E+00  8 4.909E-03 2.316E+00  9 7.798E-04 5.134E+00 10 3.370E-04 8.465E+00 11 1.495E-02 1.330E+00
12 4.770E-03 1.300E+00 13 2.325E-04 5.012E+00 14 8.964E-04 2.006E+01 15 2.672E-03 6.978E+00 16 1.088E-03 1.120E+00
17 2.663E-03 5.131E+00 18 8.697E-06 7.541E+01 19 8.049E-05 4.413E+01 20 1.363E-05 1.000E+02 21 2.462E-04 1.685E+01
22 9.156E-04 8.761E+00 23 2.826E-06 2.329E+01 24 2.879E-03 3.973E-01 25 4.110E-06 1.013E+01 26 1.606E-03 1.031E+00
27 1.302E-03 1.415E+00
 80  26
 1 1.744E-03 1.397E+01  2 4.254E-07 9.662E+01  3 1.008E-04 1.387E+01  5 1.634E-02 6.266E+00  6 9.088E-03 2.875E+00
 7 3.222E-03 1.613E+00  8 4.168E-03 3.131E+00  9 6.028E-04 5.189E+00 10 3.145E-04 1.063E+01 11 1.618E-02 1.321E+00
12 5.155E-03 1.273E+00 13 2.409E-04 4.417E+00 14 7.223E-04 2.811E+01 15 3.164E-03 4.090E+00 16 1.102E-03 1.243E+00
17 3.059E-03 4.241E+00 18 1.369E-05 8.668E+01 19 4.850E-05 5.061E+01 20 8.079E-07 1.000E+02 21 2.272E-04 1.896E+01
22 7.019E-04 1.184E+01 23 2.444E-06 5.448E+01 24 2.883E-03 4.245E-01 25 4.170E-06 1.562E+01 26 1.594E-03 8.511E-01
27 1.266E-03 1.291E+00
 81  26
 1 1.906E-03 1.242E+01  2 3.547E-09 1.000E+02  3 9.926E-05 1.764E+01  5 1.941E-02 4.928E+00  6 9.554E-03 1.986E+00
 7 2.903E-03 1.541E+00  8 3.988E-03 2.440E+00  9 6.755E-04 7.069E+00 10 3.354E-04 9.629E+00 11 1.773E-02 1.182E+00
12 5.536E-03 1.195E+00 13 2.866E-04 4.406E+00 14 4.048E-04 2.261E+01 15 3.709E-03 4.901E+00 16 1.082E-03 1.307E+00
17 3.321E-03 3.216E+00 18 1.571E-05 7.742E+01 19 3.020E-05 6.184E+01 20 3.592E-06 1.000E+02 21 1.789E-04 2.166E+01
22 5.151E-04 1.024E+01 23 3.817E-06 2.397E+01 24 2.881E-03 3.914E-01 25 2.798E-06 1.584E+01 26 1.611E-03 8.718E-01
27 1.274E-03 1.208E+00
 82  24
 1 1.554E-03 1.307E+01  2 1.209E-07 1.000E+02  3 1.349E-04 1.281E+01  5 1.987E-02 6.548E+00  6 1.030E-02 2.274E+00
 7 2.522E-03 2.278E+00  8 3.425E-03 2.425E+00  9 5.725E-04 6.329E+00 10 4.712E-04 6.639E+00 11 1.852E-02 1.155E+00
12 5.934E-03 1.211E+00 13 3.042E-04 4.789E+00 14 5.799E-04 2.566E+01 15 3.964E-03 3.956E+00 16 1.101E-03 1.429E+00
17 3.651E-03 2.682E+00 19 1.096E-04 3.854E+01 21 8.554E-05 2.332E+01 22 5.087E-04 1.181E+01 23 2.478E-06 2.771E+01
24 2.880E-03 3.418E-01 25 3.212E-06 1.602E+01 26 1.608E-03 1.021E+00 27 1.260E-03 1.635E+00
 83  25
 1 1.966E-03 1.211E+01  2 1.290E-08 1.000E+02  3 1.426E-04 1.474E+01  5 1.693E-02 5.271E+00  6 1.052E-02 2.104E+00
 7 2.266E-03 1.710E+00  8 2.947E-03 2.500E+00  9 4.691E-04 9.859E+00 10 4.507E-04 7.046E+00 11 1.914E-02 1.287E+00
12 6.354E-03 9.419E-01 13 3.293E-04 3.629E+00 14 8.741E-04 3.002E+01 15 4.237E-03 4.159E+00 16 1.048E-03 1.420E+00
17 4.885E-03 3.708E+00 18 2.162E-05 6.777E+01 19 5.581E-05 4.105E+01 21 1.285E-04 2.981E+01 22 4.944E-04 1.408E+01
23 2.440E-06 3.374E+01 24 2.885E-03 3.843E-01 25 2.354E-06 1.491E+01 26 1.660E-03 1.086E+00 27 1.291E-03 1.379E+00
 84  26
 1 2.571E-03 1.135E+01  2 2.123E-07 8.193E+01  3 1.503E-04 1.433E+01  5 1.572E-02 6.007E+00  6 1.130E-02 1.982E+00
 7 2.058E-03 2.028E+00  8 2.816E-03 2.316E+00  9 4.891E-04 8.097E+00 10 4.934E-04 7.341E+00 11 1.986E-02 1.804E+00
12 6.737E-03 8.969E-01 13 3.677E-04 2.905E+00 14 4.765E-04 3.183E+01 15 4.742E-03 4.833E+00 16 1.098E-03 1.159E+00
17 6.317E-03 2.457E+00 18 2.194E-06 7.377E+01 19 1.012E-04 6.031E+01 20 1.681E-05 8.814E+01 21 1.937E-04 2.165E+01
22 4.701E-04 1.527E+01 23 4.033E-06 1.873E+01 24 2.870E-03 3.916E-01 25 3.505E-06 1.428E+01 26 1.628E-03 9.629E-01
27 1.227E-03 1.762E+00
 85  26
 1 2.882E-03 1.116E+01  2 5.555E-07 5.693E+01  3 1.383E-04 1.236E+01  5 1.788E-02 7.415E+00  6 1.126E-02 2.300E+00
 7 1.876E-03 1.567E+00  8 2.528E-03 3.502E+00  9 4.254E-04 7.746E+00 10 5.915E-04 5.624E+00 11 1.963E-02 1.687E+00
12 7.198E-03 8.216E-01 13 4.216E-04 3.126E+00 14 3.006E-04 5.065E+01 15 5.280E-03 4.740E+00 16 1.107E-03 1.217E+00
17 7.786E-03 2.889E+00 18 6.459E-06 1.000E+02 19 5.976E-05 5.976E+01 20 2.356E-05 1.000E+02 21 7.751E-05 3.447E+01
22 3.672E-04 1.460E+01 23 7.288E-06 1.972E+01 24 2.893E-03 3.265E-01 25 2.302E-06 1.508E+01 26 1.656E-03 9.967E-01
27 1.247E-03 1.525E+00
 86  25
 1 2.611E-03 1.360E+01  2 1.018E-07 6.879E+01  3 1.496E-04 1.003E+01  5 1.562E-02 7.902E+00  6 1.152E-02 1.968E+00
 7 1.620E-03 2.467E+00  8 2.503E-03 2.383E+00  9 3.776E-04 9.084E+00 10 5.651E-04 6.075E+00 11 1.958E-02 1.330E+00
12 7.588E-03 1.093E+00 13 4.808E-04 3.832E+00 14 4.575E-04 2.666E+01 15 6.145E-03 3.919E+00 16 1.111E-03 1.285E+00
17 8.841E-03 2.534E+00 18 5.558E-06 9.368E+01 19 1.399E-04 3.615E+01 21 1.357E-04 3.195E+01 22 3.495E-04 1.554E+01
23 6.702E-06 2.218E+01 24 2.891E-03 3.687E-01 25 3.044E-06 1.933E+01 26 1.693E-03 8.834E-01 27 1.254E-03 1.303E+00
 87  24
 1 3.057E-03 9.248E+00  2 1.965E-06 6.352E+01  3 1.431E-04 1.506E+01  5 1.500E-02 7.396E+00  6 1.216E-02 1.694E+00
 7 1.586E-03 2.201E+00  8 2.023E-03 2.397E+00  9 3.311E-04 1.052E+01 10 6.410E-04 5.725E+00 11 1.946E-02 1.440E+00
12 8.051E-03 9.678E-01 13 5.196E-04 3.739E+00 14 5.510E-04 2.266E+01 15 6.787E-03 2.863E+00 16 1.061E-03 1.614E+00
17 9.511E-03 2.828E+00 19 7.869E-05 3.329E+01 21 9.253E-05 2.514E+01 22 2.766E-04 1.798E+01 23 4.659E-06 2.195E+01
24 2.893E-03 3.690E-01 25 1.596E-06 2.043E+01 26 1.736E-03 9.133E-01 27 1.266E-03 1.494E+00
 88  26
 1 3.310E-03 1.055E+01  2 5.810E-08 8.083E+01  3 1.651E-04 1.082E+01  5 1.365E-02 7.888E+00  6 1.188E-02 1.864E+00
 7 1.380E-03 3.149E+00  8 1.812E-03 4.354E+00  9 2.996E-04 1.319E+01 10 7.481E-04 4.793E+00 11 1.854E-02 1.199E+00
12 8.477E-03 9.494E-01 13 5.659E-04 3.213E+00 14 2.629E-04 3.172E+01 15 7.926E-03 2.754E+00 16 1.102E-03 1.471E+00
17 1.060E-02 1.894E+00 18 7.876E-06 1.000E+02 19 7.635E-05 4.201E+01 20 4.139E-07 1.000E+02 21 9.638E-05 3.829E+01
22 3.782E-04 1.405E+01 23 4.199E-06 2.158E+01 24 2.887E-03 3.663E-01 25 2.823E-06 1.755E+01 26 1.767E-03 9.210E-01
27 1.275E-03 1.458E+00
 89  25
 1 4.329E-03 9.416E+00  2 5.844E-08 5.883E+01  3 1.936E-04 1.349E+01  5 1.292E-02 7.444E+00  6 1.199E-02 2.031E+00
 7 1.299E-03 2.685E+00  8 1.648E-03 4.566E+00  9 3.098E-04 1.065E+01 10 8.850E-04 4.847E+00 11 1.826E-02 1.313E+00
12 8.737E-03 1.078E+00 13 6.355E-04 1.947E+00 14 5.021E-04 2.958E+01 15 1.050E-02 3.112E+00 16 1.087E-03 1.208E+00
17 1.193E-02 2.208E+00 18 8.801E-06 9.276E+01 19 1.489E-04 4.556E+01 21 6.945E-05 3.136E+01 22 2.774E-04 2.103E+01
23 5.782E-06 1.528E+01 24 2.897E-03 3.678E-01 25 1.692E-06 2.178E+01 26 1.806E-03 1.060E+00 27 1.237E-03 1.342E+00
 90  26
 1 4.283E-03 9.074E+00  2 3.033E-07 9.113E+01  3 2.170E-04 1.081E+01  5 1.211E-02 6.104E+00  6 1.241E-02 1.553E+00
 7 1.156E-03 1.895E+00  8 1.543E-03 3.196E+00  9 2.311E-04 1.154E+01 10 9.876E-04 4.526E+00 11 1.725E-02 1.571E+00
12 9.438E-03 1.005E+00 13 7.078E-04 3.025E+00 14 2.557E-04 4.666E+01 15 1.197E-02 2.522E+00 16 1.089E-03 1.740E+00
17 1.236E-02 2.525E+00 18 5.804E-06 7.364E+01 19 1.623E-04 4.741E+01 20 3.419E-05 9.197E+01 21 8.696E-05 2.696E+01
22 3.295E-04 1.347E+01 23 5.503E-06 2.038E+01 24 2.933E-03 4.668E-01 25 1.966E-06 1.581E+01 26 1.912E-03 6.158E-01
27 1.300E-03 1.054E+00
 91  26
 1 5.055E-03 7.615E+00  2 2.113E-06 8.826E+01  3 2.385E-04 8.436E+00  5 9.300E-03 9.495E+00  6 1.148E-02 2.822E+00
 7 9.404E-04 2.932E+00  8 1.272E-03 4.533E+00  9 2.488E-04 1.114E+01 10 1.009E-03 4.841E+00 11 1.483E-02 1.651E+00
12 9.184E-03 9.722E-01 13 6.646E-04 3.222E+00 14 8.891E-05 3.399E+01 15 1.258E-02 2.968E+00 16 1.082E-03 1.592E+00
17 1.265E-02 2.303E+00 18 7.629E-06 8.997E+01 19 1.485E-04 4.379E+01 20 2.113E-07 1.000E+02 21 4.077E-05 3.230E+01
22 2.943E-04 1.748E+01 23 6.288E-06 1.697E+01 24 2.957E-03 3.142E-01 25 1.323E-06 1.747E+01 26 2.865E-03 5.951E-01
27 1.902E-03 8.324E-01
 92  25
 1 5.762E-03 6.443E+00  2 5.517E-07 7.072E+01  3 2.672E-04 9.270E+00  5 8.557E-03 1.193E+01  6 1.123E-02 1.628E+00
 7 8.699E-04 2.887E+00  8 1.149E-03 4.506E+00  9 1.684E-04 1.074E+01 10 1.141E-03 4.003E+00 11 1.315E-02 1.622E+00
12 9.246E-03 9.614E-01 13 7.901E-04 2.509E+00 14 2.784E-04 2.936E+01 15 1.244E-02 2.388E+00 16 1.064E-03 1.730E+00
17 1.271E-02 1.964E+00 18 1.089E-05 6.116E+01 19 1.906E-04 3.179E+01 21 9.410E-05 3.944E+01 22 2.197E-04 1.824E+01
23 1.055E-05 1.848E+01 24 2.960E-03 4.404E-01 25 8.289E-07 2.692E+01 26 3.129E-03 7.553E-01 27 2.063E-03 1.033E+00
 93  25
 1 6.238E-03 7.567E+00  2 2.046E-06 4.777E+01  3 2.090E-04 9.277E+00  5 8.486E-03 1.027E+01  6 1.106E-02 2.059E+00
 7 8.158E-04 2.640E+00  8 1.003E-03 4.954E+00  9 1.700E-04 1.442E+01 10 1.131E-03 4.154E+00 11 1.161E-02 1.386E+00
12 9.661E-03 9.039E-01 13 9.219E-04 3.033E+00 14 1.761E-04 5.788E+01 15 1.404E-02 3.044E+00 16 1.066E-03 1.296E+00
17 1.273E-02 1.519E+00 19 3.000E-04 2.658E+01 20 1.561E-06 7.828E+01 21 2.386E-05 4.860E+01 22 1.591E-04 1.730E+01
23 8.943E-06 1.353E+01 24 2.974E-03 4.246E-01 25 1.307E-06 2.362E+01 26 3.164E-03 6.859E-01 27 2.086E-03 8.062E-01
 94  25
 1 7.824E-03 6.471E+00  2 3.270E-07 6.494E+01  3 2.499E-04 9.563E+00  5 7.097E-03 9.331E+00  6 1.151E-02 1.676E+00
 7 7.165E-04 3.099E+00  8 9.757E-04 4.885E+00  9 1.678E-04 1.115E+01 10 1.425E-03 4.392E+00 11 1.052E-02 1.850E+00
12 1.089E-02 1.038E+00 13 1.060E-03 3.043E+00 14 1.547E-04 5.930E+01 15 1.637E-02 2.494E+00 16 1.031E-03 1.662E+00
17 1.431E-02 1.540E+00 18 1.965E-06 8.964E+01 19 2.687E-04 3.656E+01 21 5.055E-05 3.166E+01 22 1.697E-04 2.278E+01
23 1.052E-05 1.571E+01 24 2.935E-03 3.539E-01 25 1.270E-06 2.827E+01 26 2.083E-03 9.122E-01 27 1.208E-03 1.354E+00
 95  26
 1 9.395E-03 8.357E+00  2 7.127E-07 4.156E+01  3 3.063E-04 1.109E+01  5 5.802E-03 8.984E+00  6 1.144E-02 2.585E+00
 7 6.627E-04 3.711E+00  8 9.207E-04 5.978E+00  9 1.185E-04 1.285E+01 10 1.673E-03 3.423E+00 11 8.297E-03 1.619E+00
12 1.107E-02 1.138E+00 13 1.115E-03 2.361E+00 14 2.384E-04 4.051E+01 15 2.437E-02 2.246E+00 16 1.064E-03 1.397E+00
17 1.407E-02 1.965E+00 18 8.023E-07 1.000E+02 19 3.071E-04 3.105E+01 20 4.793E-06 1.000E+02 21 7.542E-05 2.953E+01
22 1.319E-04 1.761E+01 23 8.735E-06 1.918E+01 24 2.929E-03 4.577E-01 25 1.254E-06 2.600E+01 26 2.092E-03 1.091E+00
27 1.220E-03 1.615E+00
 96  26
 1 1.170E-02 7.112E+00  2 1.064E-07 6.723E+01  3 3.239E-04 9.136E+00  5 5.468E-03 7.405E+00  6 1.165E-02 2.096E+00
 7 5.803E-04 3.647E+00  8 7.355E-04 5.251E+00  9 1.791E-04 1.346E+01 10 1.723E-03 2.841E+00 11 5.827E-03 2.325E+00
12 1.116E-02 9.624E-01 13 1.248E-03 2.117E+00 14 7.933E-05 4.667E+01 15 2.329E-02 1.517E+00 16 1.078E-03 1.372E+00
17 1.391E-02 2.037E+00 18 6.542E-06 1.000E+02 19 2.633E-04 2.173E+01 20 7.690E-05 4.171E+01 21 3.728E-05 2.759E+01
22 1.451E-04 3.058E+01 23 1.073E-05 1.255E+01 24 2.935E-03 4.502E-01 25 8.267E-07 2.629E+01 26 2.315E-03 7.660E-01
27 1.369E-03 1.240E+00
 97  26
 1 2.603E-02 3.959E+00  2 1.205E-06 4.301E+01  3 3.857E-04 7.987E+00  4 1.493E-04 1.000E+02  5 5.286E-03 9.331E+00
 6 1.029E-02 2.104E+00  7 5.032E-04 3.814E+00  8 7.402E-04 4.733E+00  9 1.226E-04 1.339E+01 10 1.958E-03 2.984E+00
11 4.320E-03 1.755E+00 12 1.070E-02 8.631E-01 13 1.312E-03 2.181E+00 14 1.030E-04 5.931E+01 15 2.034E-02 2.411E+00
16 1.037E-03 1.122E+00 17 1.230E-02 1.696E+00 19 2.838E-04 2.558E+01 20 3.223E-06 1.000E+02 21 2.381E-05 4.391E+01
22 1.323E-04 2.470E+01 23 1.455E-05 1.006E+01 24 2.966E-03 3.563E-01 25 4.632E-07 4.048E+01 26 3.239E-03 5.613E-01
27 2.077E-03 7.481E-01
 98  26
 1 2.755E-02 4.366E+00  2 2.122E-06 5.491E+01  3 3.738E-04 9.246E+00  5 3.419E-03 8.976E+00  6 9.915E-03 2.296E+00
 7 4.917E-04 4.319E+00  8 5.485E-04 4.896E+00  9 1.125E-04 2.213E+01 10 2.025E-03 3.051E+00 11 3.672E-03 3.526E+00
12 1.093E-02 7.566E-01 13 1.488E-03 1.901E+00 14 1.266E-04 3.795E+01 15 1.905E-02 3.096E+00 16 1.091E-03 1.347E+00
17 1.152E-02 2.250E+00 18 1.878E-06 9.354E+01 19 2.651E-04 2.624E+01 20 4.805E-05 6.034E+01 21 8.710E-05 4.564E+01
22 8.755E-05 3.249E+01 23 8.954E-06 1.286E+01 24 2.973E-03 4.186E-01 25 9.799E-07 3.492E+01 26 3.290E-03 6.995E-01
27 2.088E-03 7.975E-01
 99  25
 1 2.832E-02 3.857E+00  2 2.022E-06 5.045E+01  3 4.689E-04 7.824E+00  5 3.964E-03 1.143E+01  6 9.462E-03 2.457E+00
 7 4.341E-04 3.742E+00  8 6.186E-04 6.862E+00  9 7.189E-05 1.789E+01 10 2.460E-03 3.544E+00 11 3.213E-03 2.672E+00
12 1.146E-02 1.053E+00 13 1.770E-03 2.077E+00 14 6.534E-05 6.989E+01 15 1.736E-02 3.199E+00 16 1.042E-03 1.393E+00
17 1.155E-02 2.634E+00 19 4.433E-04 2.554E+01 20 1.392E-05 6.588E+01 21 3.031E-05 3.463E+01 22 5.557E-05 3.127E+01
23 1.799E-05 1.184E+01 24 2.951E-03 3.871E-01 25 3.952E-07 4.137E+01 26 2.851E-03 7.271E-01 27 1.730E-03 9.075E-01
100  26
 1 2.941E-02 5.444E+00  2 4.471E-06 3.866E+01  3 5.269E-04 7.870E+00  5 3.541E-03 1.194E+01  6 9.301E-03 2.523E+00
 7 4.194E-04 5.520E+00  8 6.221E-04 7.017E+00  9 9.061E-05 1.384E+01 10 2.644E-03 2.449E+00 11 2.906E-03 3.432E+00
12 1.224E-02 9.869E-01 13 1.924E-03 2.008E+00 14 2.990E-05 7.931E+01 15 1.364E-02 3.311E+00 16 1.101E-03 1.489E+00
17 1.153E-02 1.789E+00 18 5.436E-07 1.000E+02 19 3.663E-04 2.204E+01 20 7.381E-05 6.977E+01 21 4.843E-05 4.366E+01
22 1.371E-04 2.648E+01 23 1.903E-05 1.258E+01 24 2.915E-03 4.939E-01 25 3.442E-07 3.005E+01 26 2.192E-03 8.188E-01
27 1.216E-03 1.082E+00
101  25
 1 2.518E-02 4.699E+00  2 3.378E-07 9.455E+01  3 5.450E-04 4.999E+00  5 3.342E-03 1.352E+01  6 8.695E-03 1.559E+00
 7 3.475E-04 5.257E+00  8 4.951E-04 5.325E+00  9 8.053E-05 1.835E+01 10 3.060E-03 2.359E+00 11 2.531E-03 2.900E+00
12 1.233E-02 9.735E-01 13 2.147E-03 1.648E+00 14 2.256E-04 5.777E+01 15 9.685E-03 2.240E+00 16 1.074E-03 9.854E-01
17 1.056E-02 2.169E+00 19 5.636E-04 2.134E+01 20 5.399E-05 5.390E+01 21 6.653E-05 4.171E+01 22 9.727E-05 2.995E+01
23 1.669E-05 1.165E+01 24 2.929E-03 3.539E-01 25 2.500E-07 3.264E+01 26 2.221E-03 6.783E-01 27 1.219E-03 1.160E+00
102  26
 1 2.384E-02 3.668E+00  2 5.084E-06 5.653E+01  3 5.565E-04 5.736E+00  5 2.917E-03 1.321E+01  6 7.873E-03 3.055E+00
 7 3.257E-04 4.510E+00  8 3.853E-04 7.434E+00  9 9.434E-05 1.277E+01 10 3.366E-03 2.902E+00 11 2.284E-03 2.750E+00
12 1.172E-02 8.846E-01 13 2.244E-03 2.253E+00 14 7.418E-06 1.000E+02 15 8.128E-03 2.842E+00 16 1.048E-03 1.443E+00
17 8.932E-03 2.743E+00 18 3.465E-05 9.759E+01 19 4.256E-04 2.909E+01 20 2.946E-05 9.201E+01 21 9.808E-06 9.645E+01
22 8.249E-05 3.240E+01 23 2.081E-05 1.187E+01 24 2.929E-03 3.836E-01 25 6.004E-07 3.555E+01 26 2.892E-03 4.672E-01
27 1.744E-03 7.776E-01
103  25
 1 1.975E-02 5.458E+00  2 2.679E-06 4.194E+01  3 7.094E-04 4.757E+00  5 1.847E-03 1.527E+01  6 6.603E-03 2.053E+00
 7 2.846E-04 6.434E+00  8 3.551E-04 7.556E+00  9 6.803E-05 1.561E+01 10 3.586E-03 2.465E+00 11 2.015E-03 3.036E+00
12 1.140E-02 7.100E-01 13 2.624E-03 1.131E+00 14 5.211E-05 9.237E+01 15 6.847E-03 4.941E+00 16 1.080E-03 1.312E+00
17 7.885E-03 2.298E+00 19 4.407E-04 2.768E+01 20 6.622E-05 6.256E+01 21 1.600E-05 5.960E+01 22 3.277E-05 2.476E+01
23 2.000E-05 1.079E+01 24 2.961E-03 3.334E-01 25 2.238E-07 3.597E+01 26 3.375E-03 6.343E-01 27 2.107E-03 8.266E-01
104  25
 1 1.733E-02 4.815E+00  2 1.568E-06 4.542E+01  3 7.286E-04 5.476E+00  5 1.754E-03 1.660E+01  6 6.189E-03 2.399E+00
 7 2.196E-04 6.672E+00  8 3.220E-04 8.985E+00  9 7.469E-05 2.003E+01 10 4.078E-03 3.032E+00 11 1.838E-03 3.355E+00
12 1.119E-02 7.090E-01 13 2.923E-03 1.611E+00 14 6.792E-05 5.501E+01 15 6.388E-03 4.016E+00 16 1.048E-03 1.332E+00
17 6.633E-03 2.575E+00 19 7.518E-04 1.766E+01 20 5.683E-05 3.595E+01 21 2.521E-05 5.591E+01 22 6.230E-05 2.487E+01
23 2.733E-05 1.029E+01 24 2.951E-03 3.623E-01 25 3.613E-07 4.116E+01 26 3.374E-03 5.508E-01 27 2.091E-03 6.471E-01
105  25
 1 1.378E-02 5.593E+00  2 2.349E-06 5.783E+01  3 8.657E-04 3.415E+00  5 1.588E-03 1.553E+01  6 5.693E-03 3.269E+00
 7 2.548E-04 5.210E+00  8 3.442E-04 8.971E+00  9 7.148E-05 1.512E+01 10 4.747E-03 2.793E+00 11 1.538E-03 3.676E+00
12 1.163E-02 7.756E-01 13 3.405E-03 1.285E+00 14 3.122E-05 4.917E+01 15 5.695E-03 3.468E+00 16 1.075E-03 1.264E+00
17 5.867E-03 2.930E+00 19 5.551E-04 1.640E+01 20 5.080E-05 6.054E+01 21 4.501E-05 3.778E+01 22 6.844E-05 2.632E+01
23 2.281E-05 1.119E+01 24 2.898E-03 3.602E-01 25 4.699E-07 4.363E+01 26 2.498E-03 7.826E-01 27 1.405E-03 9.375E-01
106  25
 1 1.031E-02 4.499E+00  2 4.446E-06 5.417E+01  3 8.265E-04 4.536E+00  5 1.302E-03 1.528E+01  6 4.287E-03 3.357E+00
 7 2.085E-04 5.970E+00  8 2.964E-04 9.579E+00  9 4.612E-05 2.430E+01 10 5.450E-03 1.539E+00 11 1.371E-03 3.951E+00
12 1.115E-02 6.784E-01 13 3.877E-03 1.434E+00 14 3.740E-06 5.925E+01 15 5.437E-03 4.288E+00 16 1.094E-03 1.236E+00
17 4.494E-03 3.591E+00 19 5.697E-04 1.875E+01 20 1.278E-04 5.824E+01 21 9.799E-06 9.706E+01 22 3.403E-05 3.688E+01
23 2.486E-05 6.334E+00 24 2.861E-03 3.513E-01 25 1.426E-07 5.297E+01 26 2.268E-03 1.053E+00 27 1.224E-03 1.718E+00
107  25
 1 7.290E-03 6.592E+00  2 4.479E-06 3.493E+01  3 1.035E-03 5.205E+00  5 2.111E-03 1.117E+01  6 3.377E-03 3.477E+00
 7 1.918E-04 4.442E+00  8 2.080E-04 1.011E+01  9 4.832E-05 2.632E+01 10 6.257E-03 2.065E+00 11 1.260E-03 4.086E+00
12 5.239E-03 8.749E-01 13 4.425E-03 1.065E+00 14 4.092E-05 8.695E+01 15 4.402E-03 3.338E+00 16 1.116E-03 1.524E+00
17 3.646E-03 3.135E+00 19 9.891E-04 1.954E+01 20 9.009E-05 7.294E+01 21 2.057E-05 6.594E+01 22 4.640E-05 3.966E+01
23 2.689E-05 8.514E+00 24 2.863E-03 3.347E-01 25 4.400E-07 3.853E+01 26 2.327E-03 6.302E-01 27 1.243E-03 9.661E-01
108  27
 1 6.056E-03 6.288E+00  2 4.211E-06 3.064E+01  3 9.400E-04 4.626E+00  4 4.760E-07 1.000E+02  5 1.680E-03 1.768E+01
 6 2.758E-03 3.172E+00  7 1.687E-04 6.297E+00  8 2.186E-04 1.163E+01  9 4.639E-05 1.764E+01 10 8.148E-03 2.436E+00
11 1.101E-03 3.319E+00 12 4.034E-03 1.675E+00 13 7.855E-03 1.005E+00 14 5.913E-05 7.012E+01 15 4.205E-03 4.058E+00
16 1.063E-03 1.467E+00 17 2.782E-03 3.522E+00 18 2.830E-05 1.000E+02 19 8.042E-04 1.878E+01 20 5.269E-05 5.699E+01
21 2.424E-05 7.401E+01 22 5.336E-05 4.245E+01 23 2.920E-05 9.121E+00 24 2.853E-03 3.307E-01 25 3.178E-07 3.632E+01
26 3.495E-03 5.106E-01 27 2.195E-03 6.898E-01
109  24
 1 6.043E-03 8.180E+00  2 4.020E-06 5.137E+01  3 9.605E-04 4.321E+00  5 1.605E-03 1.323E+01  6 2.542E-03 3.530E+00
 7 1.474E-04 8.027E+00  8 2.123E-04 9.815E+00  9 5.709E-05 3.322E+01 10 1.179E-02 1.685E+00 11 9.448E-04 4.560E+00
12 3.551E-03 1.458E+00 13 8.313E-03 8.152E-01 15 3.699E-03 4.270E+00 16 1.059E-03 1.265E+00 17 2.414E-03 5.153E+00
19 1.132E-03 1.398E+01 20 5.264E-05 6.851E+01 21 6.297E-06 1.000E+02 22 4.061E-05 3.179E+01 23 2.721E-05 9.097E+00
24 2.824E-03 3.406E-01 25 3.558E-07 7.625E+01 26 3.522E-03 5.546E-01 27 2.204E-03 6.095E-01
110  26
 1 4.395E-03 1.035E+01  2 1.696E-06 5.693E+01  3 1.143E-03 4.124E+00  5 1.145E-03 1.940E+01  6 2.094E-03 4.548E+00
 7 1.279E-04 5.941E+00  8 1.836E-04 1.057E+01  9 1.744E-05 3.236E+01 10 1.526E-02 1.259E+00 11 8.811E-04 5.910E+00
12 3.300E-03 1.190E+00 13 8.673E-03 9.235E-01 14 1.242E-05 9.807E+01 15 3.315E-03 4.006E+00 16 1.099E-03 1.380E+00
17 2.342E-03 4.810E+00 18 4.416E-06 1.000E+02 19 9.982E-04 1.479E+01 20 5.434E-05 4.464E+01 21 7.761E-07 1.000E+02
22 2.338E-05 3.224E+01 23 2.808E-05 8.384E+00 24 2.818E-03 4.445E-01 25 1.138E-07 3.467E+01 26 3.320E-03 6.720E-01
27 2.034E-03 7.933E-01
111  25
 1 4.128E-03 1.134E+01  2 2.477E-06 2.961E+01  3 1.299E-03 4.662E+00  5 6.569E-04 2.299E+01  6 1.947E-03 3.878E+00
 7 1.243E-04 9.553E+00  8 1.774E-04 1.307E+01  9 2.865E-05 3.419E+01 10 1.852E-02 1.436E+00 11 8.596E-04 5.610E+00
12 2.982E-03 1.357E+00 13 9.396E-03 8.203E-01 14 6.393E-05 6.862E+01 15 3.087E-03 4.248E+00 16 1.100E-03 1.232E+00
17 2.135E-03 4.460E+00 19 1.616E-03 1.237E+01 20 9.754E-05 3.412E+01 21 8.950E-06 6.996E+01 22 5.786E-05 5.449E+01
23 3.477E-05 6.654E+00 24 2.752E-03 3.999E-01 25 1.618E-07 4.095E+01 26 2.363E-03 6.997E-01 27 1.276E-03 9.372E-01
112  25
 1 3.856E-03 9.017E+00  2 3.102E-06 3.383E+01  3 1.433E-03 3.179E+00  5 5.519E-04 2.071E+01  6 1.933E-03 4.504E+00
 7 1.260E-04 6.018E+00  8 1.418E-04 1.288E+01  9 1.427E-05 3.019E+01 10 1.947E-02 1.174E+00 11 7.023E-04 7.044E+00
12 2.828E-03 1.179E+00 13 9.545E-03 8.573E-01 14 2.977E-07 1.000E+02 15 2.740E-03 6.419E+00 16 1.072E-03 1.512E+00
17 2.002E-03 5.372E+00 19 1.077E-03 1.618E+01 20 4.346E-05 5.848E+01 21 9.121E-06 7.042E+01 22 2.227E-05 5.080E+01
23 3.508E-05 1.040E+01 24 2.762E-03 3.988E-01 25 4.404E-08 5.935E+01 26 2.384E-03 7.328E-01 27 1.287E-03 1.272E+00
113  25
 1 3.982E-03 1.327E+01  2 2.946E-06 4.510E+01  3 1.534E-03 5.436E+00  5 7.241E-04 2.710E+01  6 1.631E-03 3.850E+00
 7 9.552E-05 9.656E+00  8 1.291E-04 1.018E+01  9 2.900E-05 3.006E+01 10 1.971E-02 1.016E+00 11 6.611E-04 4.655E+00
12 2.466E-03 1.268E+00 13 9.247E-03 7.548E-01 14 9.002E-05 9.770E+01 15 2.683E-03 6.432E+00 16 1.118E-03 9.101E-01
17 1.845E-03 4.823E+00 19 1.474E-03 1.162E+01 20 8.591E-05 3.833E+01 21 9.781E-06 5.229E+01 22 1.054E-05 5.935E+01
23 3.667E-05 7.000E+00 24 2.790E-03 3.752E-01 25 1.385E-07 8.886E+01 26 2.865E-03 5.500E-01 27 1.649E-03 7.857E-01
114  25
 1 3.465E-03 9.128E+00  2 6.351E-06 3.841E+01  3 1.662E-03 3.392E+00  5 7.877E-04 2.626E+01  6 1.488E-03 5.281E+00
 7 8.847E-05 9.306E+00  8 1.258E-04 1.397E+01  9 1.774E-05 3.797E+01 10 1.892E-02 9.807E-01 11 7.091E-04 4.577E+00
12 2.193E-03 1.798E+00 13 8.823E-03 8.510E-01 14 4.502E-06 1.000E+02 15 2.404E-03 4.392E+00 16 1.091E-03 1.129E+00
17 1.577E-03 5.287E+00 18 1.907E-05 1.000E+02 19 1.993E-03 1.235E+01 20 2.736E-05 5.226E+01 22 1.659E-05 3.900E+01
23 4.074E-05 9.689E+00 24 2.835E-03 3.137E-01 25 5.011E-07 5.710E+01 26 3.564E-03 5.297E-01 27 2.194E-03 6.111E-01
115  26
 1 2.136E-03 1.190E+01  2 4.371E-06 3.083E+01  3 1.843E-03 3.051E+00  5 7.003E-04 2.328E+01  6 1.443E-03 5.493E+00
 7 9.877E-05 1.152E+01  8 1.407E-04 1.457E+01  9 2.034E-05 2.910E+01 10 1.843E-02 1.247E+00 11 5.411E-04 7.929E+00
12 2.050E-03 1.531E+00 13 8.925E-03 1.080E+00 14 1.801E-06 1.000E+02 15 1.977E-03 6.000E+00 16 1.037E-03 1.051E+00
17 1.498E-03 4.651E+00 18 2.778E-06 1.000E+02 19 2.172E-03 1.593E+01 20 1.536E-04 3.618E+01 21 5.117E-07 1.000E+02
22 2.667E-05 3.616E+01 23 5.219E-05 6.508E+00 24 2.827E-03 3.991E-01 25 2.115E-07 7.425E+01 26 3.599E-03 6.249E-01
27 2.211E-03 9.224E-01
116  25
 1 1.993E-03 1.233E+01  2 5.139E-06 3.705E+01  3 2.148E-03 2.832E+00  5 6.611E-04 2.202E+01  6 1.212E-03 6.333E+00
 7 8.058E-05 1.182E+01  8 1.207E-04 1.484E+01  9 3.069E-05 2.780E+01 10 1.953E-02 1.353E+00 11 5.455E-04 6.355E+00
12 1.911E-03 1.387E+00 13 9.496E-03 7.435E-01 14 3.675E-05 6.999E+01 15 1.844E-03 4.643E+00 16 1.138E-03 1.374E+00
17 1.285E-03 5.318E+00 19 2.099E-03 8.644E+00 20 1.548E-04 3.999E+01 21 4.735E-06 9.272E+01 22 1.345E-05 4.297E+01
23 4.558E-05 8.338E+00 24 2.795E-03 3.522E-01 25 6.517E-08 7.039E+01 26 2.921E-03 7.027E-01 27 1.651E-03 9.477E-01
117  26
 1 2.381E-03 1.261E+01  2 8.744E-06 3.159E+01  3 3.816E-03 2.792E+00  4 4.373E-05 1.000E+02  5 7.025E-04 2.465E+01
 6 1.123E-03 5.468E+00  7 7.974E-05 1.088E+01  8 1.008E-04 1.631E+01  9 2.596E-05 3.082E+01 10 1.991E-02 1.588E+00
11 5.189E-04 4.930E+00 12 1.781E-03 1.920E+00 13 9.559E-03 8.177E-01 14 3.973E-06 1.000E+02 15 1.963E-03 5.604E+00
16 1.286E-03 1.298E+00 17 1.362E-03 5.389E+00 19 2.712E-03 1.066E+01 20 9.783E-05 3.129E+01 21 1.565E-06 1.000E+02
22 3.216E-05 4.012E+01 23 5.366E-05 6.533E+00 24 2.768E-03 4.340E-01 25 4.411E-08 1.000E+02 26 2.469E-03 8.743E-01
27 1.311E-03 1.048E+00
118  24
 1 2.395E-03 1.178E+01  2 8.599E-06 2.978E+01  3 7.813E-03 1.216E+00  5 2.739E-04 3.121E+01  6 1.135E-03 5.714E+00
 7 6.897E-05 8.986E+00  8 1.154E-04 1.455E+01  9 1.206E-05 3.702E+01 10 1.904E-02 1.402E+00 11 4.614E-04 6.450E+00
12 1.586E-03 1.626E+00 13 9.504E-03 8.417E-01 15 1.840E-03 5.748E+00 16 1.250E-03 1.156E+00 17 1.362E-03 6.190E+00
19 2.458E-03 9.597E+00 20 8.024E-05 4.635E+01 21 2.659E-05 8.803E+01 22 1.968E-05 4.589E+01 23 5.610E-05 8.693E+00
24 2.753E-03 4.136E-01 25 3.190E-08 8.537E+01 26 2.441E-03 6.450E-01 27 1.270E-03 1.157E+00
119  25
 1 2.117E-03 7.635E+00  2 7.707E-06 3.558E+01  3 1.171E-02 1.361E+00  4 7.292E-06 1.000E+02  5 3.882E-04 2.329E+01
 6 1.064E-03 6.080E+00  7 5.584E-05 1.265E+01  8 8.339E-05 1.587E+01  9 2.288E-05 5.040E+01 10 1.677E-02 1.308E+00
11 4.112E-04 9.586E+00 12 1.465E-03 1.889E+00 13 8.805E-03 9.776E-01 15 1.596E-03 4.944E+00 16 1.214E-03 1.126E+00
17 1.096E-03 5.277E+00 19 2.425E-03 8.767E+00 20 1.792E-04 2.988E+01 21 8.550E-08 1.000E+02 22 4.914E-07 7.034E+01
23 5.930E-05 7.722E+00 24 2.810E-03 3.590E-01 25 2.225E-07 3.184E+01 26 3.314E-03 5.529E-01 27 1.972E-03 7.745E-01
120  26
 1 1.569E-03 1.480E+01  2 7.351E-06 3.098E+01  3 1.407E-02 1.457E+00  4 7.319E-06 1.000E+02  5 4.284E-04 3.023E+01
 6 9.144E-04 6.458E+00  7 6.636E-05 9.165E+00  8 5.972E-05 1.439E+01  9 9.088E-06 4.045E+01 10 1.571E-02 2.114E+00
11 3.091E-04 7.169E+00 12 1.275E-03 3.148E+00 13 8.663E-03 7.271E-01 14 9.136E-05 6.887E+01 15 1.069E-03 7.372E+00
16 1.204E-03 1.650E+00 17 9.662E-04 9.168E+00 19 2.388E-03 1.142E+01 20 2.005E-04 3.801E+01 21 2.332E-06 8.511E+01
22 1.409E-05 6.645E+01 23 6.197E-05 7.364E+00 24 2.829E-03 3.452E-01 25 2.196E-07 3.955E+01 26 3.558E-03 5.616E-01
27 2.159E-03 5.836E-01
121  24
 1 1.486E-03 1.160E+01  2 5.685E-06 2.959E+01  3 1.643E-02 1.236E+00  5 3.272E-04 2.898E+01  6 7.754E-04 5.300E+00
 7 4.776E-05 1.230E+01  8 4.589E-05 1.529E+01  9 1.005E-05 3.591E+01 10 1.484E-02 1.992E+00 11 3.542E-04 6.659E+00
12 1.211E-03 2.407E+00 13 8.559E-03 1.075E+00 15 1.101E-03 7.022E+00 16 1.161E-03 1.512E+00 17 9.168E-04 6.344E+00
19 3.177E-03 8.882E+00 20 1.406E-04 3.852E+01 21 3.954E-06 8.391E+01 22 1.556E-05 6.001E+01 23 6.161E-05 6.247E+00
24 2.811E-03 3.247E-01 25 3.096E-07 4.806E+01 26 3.483E-03 6.808E-01 27 2.064E-03 7.622E-01
122  25
 1 1.353E-03 9.840E+00  2 8.166E-06 3.110E+01  3 1.843E-02 1.621E+00  4 1.635E-04 1.000E+02  5 4.078E-04 3.194E+01
 6 8.405E-04 7.132E+00  7 5.252E-05 1.587E+01  8 6.923E-05 2.048E+01  9 2.379E-05 3.703E+01 10 1.526E-02 2.016E+00
11 3.584E-04 9.148E+00 12 1.146E-03 2.337E+00 13 9.023E-03 9.624E-01 15 1.333E-03 6.645E+00 16 1.152E-03 1.389E+00
17 9.602E-04 6.257E+00 19 4.181E-03 8.286E+00 20 1.890E-04 3.765E+01 21 4.299E-07 1.000E+02 22 1.405E-05 6.797E+01
23 7.317E-05 4.443E+00 24 2.777E-03 3.731E-01 25 2.416E-07 5.533E+01 26 2.624E-03 7.262E-01 27 1.353E-03 1.073E+00
123  26
 1 1.341E-03 1.904E+01  2 8.927E-06 3.121E+01  3 1.953E-02 1.119E+00  4 1.538E-04 1.000E+02  5 1.900E-04 3.818E+01
 6 6.521E-04 5.865E+00  7 4.454E-05 1.501E+01  8 7.519E-05 1.880E+01  9 1.365E-05 3.088E+01 10 1.393E-02 1.543E+00
11 3.131E-04 1.225E+01 12 1.059E-03 1.785E+00 13 8.765E-03 9.514E-01 14 8.137E-07 1.000E+02 15 1.029E-03 8.992E+00
16 1.170E-03 1.619E+00 17 7.148E-04 4.655E+00 19 4.086E-03 1.192E+01 20 1.467E-04 3.691E+01 21 1.014E-06 1.000E+02
22 2.915E-05 5.639E+01 23 7.635E-05 4.984E+00 24 2.779E-03 4.145E-01 25 4.772E-07 4.499E+01 26 2.821E-03 5.057E-01
27 1.426E-03 8.431E-01
124  26
 1 1.013E-03 2.256E+01  2 1.298E-05 2.042E+01  3 1.994E-02 1.124E+00  5 1.688E-04 3.007E+01  6 6.774E-04 9.066E+00
 7 3.930E-05 1.344E+01  8 6.559E-05 1.814E+01  9 1.242E-05 3.673E+01 10 1.294E-02 1.482E+00 11 2.854E-04 1.255E+01
12 8.975E-04 2.926E+00 13 8.469E-03 7.626E-01 14 1.601E-05 7.190E+01 15 1.001E-03 8.211E+00 16 1.175E-03 1.359E+00
17 7.077E-04 8.104E+00 18 9.799E-07 1.000E+02 19 5.125E-03 7.525E+00 20 2.466E-04 3.500E+01 21 6.627E-07 1.000E+02
22 1.618E-05 4.280E+01 23 8.510E-05 5.342E+00 24 2.790E-03 4.135E-01 25 2.997E-07 4.723E+01 26 3.065E-03 7.359E-01
27 1.644E-03 8.791E-01
125  24
 1 8.096E-04 1.474E+01  2 1.962E-05 2.269E+01  3 1.999E-02 1.190E+00  4 3.051E-05 1.000E+02  5 2.909E-04 3.766E+01
 6 6.678E-04 6.049E+00  7 4.646E-05 1.458E+01  8 4.313E-05 2.685E+01  9 3.276E-06 4.667E+01 10 1.108E-02 1.953E+00
11 2.142E-04 9.439E+00 12 8.138E-04 3.645E+00 13 7.966E-03 1.041E+00 15 9.594E-04 7.460E+00 16 1.154E-03 1.567E+00
17 6.372E-04 8.798E+00 19 5.841E-03 7.879E+00 20 1.841E-04 2.558E+01 22 2.418E-05 5.557E+01 23 9.745E-05 6.068E+00
24 2.842E-03 3.363E-01 25 4.965E-08 7.215E+01 26 3.818E-03 5.452E-01 27 2.274E-03 7.150E-01
126  25
 1 9.356E-04 1.529E+01  2 1.906E-05 2.592E+01  3 1.966E-02 1.358E+00  4 5.187E-05 1.000E+02  5 3.330E-04 3.643E+01
 6 4.732E-04 8.364E+00  7 5.439E-05 1.192E+01  8 5.813E-05 1.894E+01  9 1.501E-05 4.949E+01 10 1.024E-02 1.384E+00
11 2.586E-04 8.644E+00 12 7.846E-04 3.630E+00 13 7.971E-03 1.130E+00 15 7.479E-04 1.136E+01 16 1.149E-03 1.069E+00
17 5.806E-04 9.093E+00 19 6.130E-03 8.166E+00 20 2.573E-04 2.959E+01 21 6.533E-06 1.000E+02 22 4.330E-07 6.881E+01
23 9.661E-05 4.876E+00 24 2.850E-03 3.951E-01 25 1.302E-07 6.389E+01 26 3.862E-03 5.138E-01 27 2.291E-03 6.381E-01
127  26
 1 7.958E-04 1.942E+01  2 1.499E-05 2.066E+01  3 1.827E-02 1.286E+00  5 1.772E-04 3.152E+01  6 4.800E-04 9.455E+00
 7 4.054E-05 1.428E+01  8 5.524E-05 2.104E+01  9 3.693E-06 4.847E+01 10 9.229E-03 1.914E+00 11 1.481E-04 9.458E+00
12 7.225E-04 3.100E+00 13 8.116E-03 1.146E+00 14 3.074E-06 1.000E+02 15 6.503E-04 7.533E+00 16 1.159E-03 1.267E+00
17 5.565E-04 9.324E+00 18 6.959E-07 1.000E+02 19 9.405E-03 6.506E+00 20 2.794E-04 3.176E+01 21 3.215E-06 1.000E+02
22 3.402E-05 1.000E+02 23 1.118E-04 5.972E+00 24 2.812E-03 5.176E-01 25 2.402E-07 3.724E+01 26 3.469E-03 7.871E-01
27 1.990E-03 1.174E+00
128  23
 1 8.270E-04 2.560E+01  2 1.772E-05 2.103E+01  3 1.657E-02 1.413E+00  5 5.007E-04 2.761E+01  6 4.794E-04 9.556E+00
 7 2.726E-05 1.758E+01  8 3.637E-05 2.893E+01  9 1.589E-06 8.796E+01 10 8.753E-03 1.406E+00 11 2.234E-04 1.074E+01
12 7.254E-04 2.874E+00 13 8.269E-03 9.972E-01 15 6.509E-04 9.798E+00 16 1.184E-03 1.233E+00 17 5.352E-04 8.658E+00
19 1.618E-02 3.902E+00 20 4.244E-04 2.451E+01 22 3.318E-05 8.041E+01 23 1.179E-04 5.276E+00 24 2.783E-03 3.879E-01
25 1.600E-07 6.041E+01 26 2.885E-03 7.706E-01 27 1.503E-03 9.506E-01
129  23
 1 7.351E-04 1.842E+01  2 1.420E-05 1.952E+01  3 1.444E-02 1.108E+00  5 2.696E-04 3.254E+01  6 4.076E-04 7.873E+00
 7 3.921E-05 1.775E+01  8 4.344E-05 2.697E+01  9 3.480E-06 5.319E+01 10 7.601E-03 1.667E+00 11 1.823E-04 9.257E+00
12 6.081E-04 3.774E+00 13 8.418E-03 1.081E+00 14 7.251E-07 1.000E+02 15 6.403E-04 7.582E+00 16 1.218E-03 1.140E+00
17 5.502E-04 7.829E+00 19 1.732E-02 5.110E+00 20 2.606E-04 2.042E+01 23 1.287E-04 5.954E+00 24 2.796E-03 3.746E-01
25 1.101E-07 7.065E+01 26 2.957E-03 7.718E-01 27 1.549E-03 1.250E+00
130  24
 1 7.147E-04 2.393E+01  2 1.665E-05 1.731E+01  3 1.143E-02 1.400E+00  4 4.863E-05 1.000E+02  5 5.348E-04 5.406E+01
 6 3.385E-04 9.377E+00  7 2.231E-05 2.187E+01  8 4.118E-05 1.679E+01  9 3.012E-06 4.112E+01 10 6.387E-03 1.561E+00
11 1.721E-04 1.310E+01 12 5.870E-04 3.182E+00 13 7.938E-03 1.256E+00 15 4.460E-04 9.888E+00 16 1.196E-03 1.344E+00
17 5.159E-04 8.858E+00 19 2.235E-02 3.464E+00 20 4.023E-04 3.750E+01 22 3.205E-06 6.074E+01 23 1.394E-04 4.344E+00
24 2.812E-03 4.439E-01 25 5.322E-08 7.448E+01 26 3.549E-03 5.624E-01 27 2.030E-03 7.211E-01
131  25
 1 6.507E-04 2.040E+01  2 2.813E-05 1.704E+01  3 7.467E-03 1.493E+00  4 7.017E-06 1.000E+02  5 6.318E-05 4.604E+01
 6 3.560E-04 8.404E+00  7 3.484E-05 2.022E+01  8 3.856E-05 2.972E+01  9 1.627E-05 4.656E+01 10 4.483E-03 2.231E+00
11 1.658E-04 1.037E+01 12 5.615E-04 2.954E+00 13 8.082E-03 9.442E-01 15 5.071E-04 9.607E+00 16 1.248E-03 1.421E+00
17 3.876E-04 1.039E+01 19 2.466E-02 4.631E+00 20 2.138E-04 2.538E+01 21 3.172E-07 1.000E+02 22 4.509E-06 7.602E+01
23 1.382E-04 3.791E+00 24 2.849E-03 3.350E-01 25 5.892E-08 9.782E+01 26 4.047E-03 6.582E-01 27 2.405E-03 7.215E-01
132  23
 1 7.303E-04 2.711E+01  2 1.709E-05 3.354E+01  3 3.737E-03 3.142E+00  4 1.127E-06 1.000E+02  5 2.792E-04 4.823E+01
 6 2.969E-04 1.181E+01  7 2.720E-05 1.968E+01  8 2.181E-05 3.082E+01  9 2.249E-06 8.370E+01 10 3.791E-03 2.494E+00
11 1.294E-04 1.158E+01 12 5.040E-04 3.452E+00 13 8.284E-03 9.281E-01 15 5.061E-04 1.275E+01 16 1.259E-03 1.395E+00
17 3.857E-04 9.320E+00 19 2.683E-02 3.668E+00 20 3.549E-04 2.973E+01 23 1.593E-04 3.576E+00 24 2.853E-03 3.540E-01
25 2.609E-08 7.925E+01 26 4.075E-03 4.332E-01 27 2.422E-03 6.482E-01
133  25
 1 6.677E-04 2.775E+01  2 2.760E-05 1.612E+01  3 1.997E-03 2.279E+00  5 5.495E-05 6.416E+01  6 2.611E-04 7.838E+00
 7 1.687E-05 1.551E+01  8 2.529E-05 1.921E+01  9 8.061E-06 5.458E+01 10 3.721E-03 2.921E+00 11 1.178E-04 1.502E+01
12 4.778E-04 3.889E+00 13 8.527E-03 7.420E-01 14 3.931E-05 1.000E+02 15 4.980E-04 1.162E+01 16 1.070E-03 1.642E+00
17 3.402E-04 1.250E+01 19 3.174E-02 3.256E+00 20 5.490E-04 2.796E+01 21 6.328E-06 1.000E+02 22 4.905E-06 9.754E+01
23 1.732E-04 3.356E+00 24 2.798E-03 3.779E-01 25 1.017E-07 6.846E+01 26 3.229E-03 6.244E-01 27 1.735E-03 7.607E-01
134  26
 1 4.627E-04 1.943E+01  2 2.776E-05 1.845E+01  3 1.876E-03 3.196E+00  4 3.626E-06 1.000E+02  5 6.800E-05 3.714E+01
 6 2.439E-04 9.302E+00  7 2.395E-05 1.475E+01  8 3.765E-05 2.108E+01  9 3.992E-06 5.681E+01 10 3.541E-03 3.045E+00
11 9.590E-05 1.222E+01 12 4.558E-04 3.363E+00 13 8.317E-03 1.228E+00 14 6.203E-07 1.000E+02 15 4.033E-04 1.119E+01
16 1.117E-03 1.307E+00 17 3.368E-04 9.610E+00 19 3.297E-02 3.939E+00 20 6.190E-04 2.019E+01 21 9.324E-06 7.636E+01
22 2.194E-06 1.000E+02 23 1.866E-04 4.411E+00 24 2.782E-03 4.363E-01 25 6.499E-08 6.833E+01 26 3.007E-03 8.264E-01
27 1.570E-03 8.674E-01
135  22
 1 4.930E-04 1.867E+01  2 3.764E-05 1.603E+01  3 1.647E-03 3.097E+00  5 7.249E-05 4.648E+01  6 3.198E-04 9.487E+00
 7 2.130E-05 1.417E+01  8 2.516E-05 2.632E+01  9 1.204E-05 6.158E+01 10 3.156E-03 3.077E+00 11 1.169E-04 1.485E+01
12 4.289E-04 3.431E+00 13 8.245E-03 1.043E+00 15 4.270E-04 1.213E+01 16 1.108E-03 1.406E+00 17 3.162E-04 1.382E+01
19 3.402E-02 3.275E+00 20 6.511E-04 2.529E+01 22 4.270E-06 7.740E+01 23 2.269E-04 4.018E+00 24 2.780E-03 4.069E-01
26 3.017E-03 8.250E-01 27 1.566E-03 1.136E+00
136  24
 1 4.938E-04 3.366E+01  2 3.363E-05 1.807E+01  3 1.445E-03 3.234E+00  5 1.047E-04 4.657E+01  6 2.757E-04 1.218E+01
 7 2.624E-05 1.278E+01  8 2.699E-05 2.906E+01  9 7.855E-06 8.504E+01 10 2.718E-03 2.379E+00 11 1.383E-04 1.448E+01
12 3.978E-04 4.270E+00 13 7.284E-03 9.806E-01 15 3.938E-04 1.539E+01 16 1.075E-03 1.314E+00 17 2.939E-04 1.191E+01
19 2.840E-02 5.490E+00 20 7.474E-04 1.374E+01 21 1.195E-06 1.000E+02 22 3.398E-08 1.000E+02 23 2.388E-04 3.284E+00
24 2.830E-03 4.380E-01 25 1.483E-08 9.782E+01 26 4.044E-03 5.948E-01 27 2.388E-03 7.054E-01
137  24
 1 4.219E-04 2.873E+01  2 3.180E-05 1.466E+01  3 1.379E-03 3.702E+00  4 7.682E-06 1.000E+02  5 1.800E-04 4.475E+01
 6 2.316E-04 1.488E+01  7 1.187E-05 2.561E+01  8 1.856E-05 2.862E+01  9 6.497E-06 6.260E+01 10 2.395E-03 3.293E+00
11 7.711E-05 1.369E+01 12 3.804E-04 4.062E+00 13 7.119E-03 9.398E-01 15 4.063E-04 1.411E+01 16 1.071E-03 1.256E+00
17 3.213E-04 1.205E+01 19 2.746E-02 4.270E+00 20 6.663E-04 1.834E+01 22 1.174E-07 1.000E+02 23 2.352E-04 3.729E+00
24 2.852E-03 3.962E-01 25 3.388E-10 6.883E+01 26 4.136E-03 5.849E-01 27 2.454E-03 6.257E-01
138  24
 1 3.402E-04 2.225E+01  2 2.740E-05 1.522E+01  3 1.234E-03 4.310E+00  4 3.469E-05 1.000E+02  5 6.670E-05 4.166E+01
 6 2.156E-04 1.080E+01  7 1.602E-05 2.289E+01  8 1.655E-05 4.023E+01  9 4.789E-07 1.000E+02 10 2.174E-03 2.658E+00
11 8.818E-05 1.310E+01 12 3.199E-04 4.513E+00 13 6.875E-03 1.055E+00 14 9.874E-06 1.000E+02 15 3.025E-04 1.192E+01
16 1.107E-03 1.235E+00 17 2.767E-04 9.874E+00 19 2.417E-02 4.187E+00 20 7.361E-04 1.923E+01 22 2.814E-05 5.839E+01
23 2.635E-04 2.711E+00 24 2.828E-03 4.123E-01 26 3.896E-03 7.128E-01 27 2.250E-03 9.887E-01
139  24
 1 2.681E-04 2.932E+01  2 5.587E-05 1.402E+01  3 1.115E-03 4.724E+00  4 7.426E-05 5.496E+01  5 1.195E-04 5.510E+01
 6 1.693E-04 1.107E+01  7 1.421E-05 2.682E+01  8 3.015E-05 2.884E+01  9 3.400E-06 8.404E+01 10 1.933E-03 3.524E+00
11 8.509E-05 1.835E+01 12 2.987E-04 4.083E+00 13 7.022E-03 1.074E+00 14 2.796E-05 1.000E+02 15 2.958E-04 1.711E+01
16 1.078E-03 1.205E+00 17 2.649E-04 1.124E+01 19 2.395E-02 4.089E+00 20 7.788E-04 1.442E+01 23 3.168E-04 3.754E+00
24 2.771E-03 4.184E-01 25 5.153E-08 1.000E+02 26 3.022E-03 6.180E-01 27 1.546E-03 7.412E-01
140  24
 1 4.737E-04 2.258E+01  2 4.258E-05 1.076E+01  3 1.005E-03 5.235E+00  4 1.260E-05 1.000E+02  5 6.532E-05 4.787E+01
 6 1.892E-04 1.259E+01  7 2.027E-05 1.786E+01  8 1.781E-05 2.854E+01  9 4.792E-06 5.065E+01 10 1.809E-03 3.413E+00
11 9.175E-05 1.698E+01 12 2.839E-04 3.675E+00 13 6.705E-03 9.483E-01 15 3.230E-04 1.313E+01 16 1.077E-03 1.234E+00
17 2.293E-04 1.032E+01 19 1.930E-02 4.237E+00 20 1.248E-03 1.947E+01 22 1.531E-07 1.000E+02 23 3.381E-04 3.547E+00
24 2.784E-03 3.818E-01 25 2.974E-08 1.000E+02 26 3.027E-03 6.579E-01 27 1.550E-03 7.628E-01
141  23
 1 1.595E-04 2.990E+01  2 5.093E-05 1.354E+01  3 9.629E-04 5.018E+00  4 5.294E-05 1.000E+02  5 1.621E-04 6.098E+01
 6 1.084E-04 1.411E+01  7 9.181E-06 2.114E+01  8 7.522E-06 2.881E+01  9 1.381E-06 7.881E+01 10 1.662E-03 3.117E+00
11 7.340E-05 1.473E+01 12 2.729E-04 5.145E+00 13 6.134E-03 1.307E+00 15 3.219E-04 1.552E+01 16 1.118E-03 1.424E+00
17 2.247E-04 1.054E+01 19 1.492E-02 4.124E+00 20 1.240E-03 1.506E+01 22 1.054E-05 7.069E+01 23 3.687E-04 3.103E+00
24 2.799E-03 3.943E-01 26 3.450E-03 5.686E-01 27 1.871E-03 7.049E-01
142  23
 1 2.421E-04 2.786E+01  2 4.727E-05 1.277E+01  3 8.834E-04 3.955E+00  4 1.479E-04 6.574E+01  5 9.823E-05 7.350E+01
 6 1.302E-04 1.770E+01  7 1.726E-05 2.389E+01  8 2.242E-05 3.225E+01  9 3.545E-06 9.509E+01 10 1.533E-03 3.581E+00
11 5.782E-05 1.576E+01 12 2.491E-04 4.951E+00 13 5.649E-03 1.046E+00 15 2.216E-04 1.879E+01 16 1.069E-03 1.637E+00
17 2.475E-04 1.235E+01 19 9.653E-03 4.891E+00 20 1.142E-03 1.508E+01 23 3.892E-04 2.510E+00 24 2.841E-03 4.072E-01
25 4.736E-08 7.906E+01 26 4.139E-03 4.946E-01 27 2.422E-03 6.954E-01
143  25
 1 2.094E-04 2.944E+01  2 7.587E-05 9.879E+00  3 8.274E-04 4.851E+00  4 9.474E-05 1.000E+02  5 6.560E-05 4.487E+01
 6 1.183E-04 1.399E+01  7 7.898E-06 1.838E+01  8 2.156E-05 3.701E+01  9 3.006E-06 9.810E+01 10 1.326E-03 3.792E+00
11 9.196E-05 2.442E+01 12 2.321E-04 4.637E+00 13 5.300E-03 1.101E+00 14 2.626E-07 1.000E+02 15 1.911E-04 1.963E+01
16 1.072E-03 1.378E+00 17 2.110E-04 1.290E+01 19 6.363E-03 6.672E+00 20 1.397E-03 1.700E+01 22 3.328E-06 1.000E+02
23 4.404E-04 2.159E+00 24 2.816E-03 4.301E-01 25 1.093E-08 7.534E+01 26 4.106E-03 4.965E-01 27 2.394E-03 5.093E-01
144  22
 1 2.483E-04 3.222E+01  2 5.313E-05 1.061E+01  3 6.741E-04 6.397E+00  5 1.638E-04 4.147E+01  6 1.117E-04 1.808E+01
 7 9.064E-06 2.893E+01  8 1.088E-05 4.651E+01  9 6.164E-06 7.112E+01 10 1.117E-03 3.598E+00 11 7.238E-05 1.548E+01
12 2.082E-04 6.319E+00 13 5.159E-03 1.061E+00 15 1.969E-04 1.666E+01 16 1.112E-03 1.254E+00 17 2.049E-04 1.766E+01
19 5.600E-03 6.904E+00 20 1.797E-03 1.158E+01 23 4.765E-04 2.182E+00 24 2.781E-03 4.651E-01 25 2.206E-08 7.317E+01
26 3.444E-03 5.963E-01 27 1.865E-03 7.285E-01
145  23
 1 2.925E-04 3.126E+01  2 7.154E-05 9.587E+00  3 7.280E-04 4.650E+00  4 5.798E-05 8.963E+01  5 9.440E-05 6.164E+01
 6 1.405E-04 1.716E+01  7 1.084E-05 2.789E+01  8 6.986E-06 4.419E+01  9 6.064E-06 9.819E+01 10 1.181E-03 4.068E+00
11 5.466E-05 2.071E+01 12 2.079E-04 4.882E+00 13 5.146E-03 1.354E+00 15 1.738E-04 1.910E+01 16 1.137E-03 8.710E-01
17 1.817E-04 1.672E+01 19 4.865E-03 8.769E+00 20 1.936E-03 1.519E+01 23 5.384E-04 1.729E+00 24 2.755E-03 4.467E-01
25 1.300E-07 7.153E+01 26 2.986E-03 6.960E-01 27 1.502E-03 8.213E-01
146  24
 1 1.794E-04 3.343E+01  2 9.118E-05 1.073E+01  3 6.067E-04 5.928E+00  4 2.167E-05 1.000E+02  5 7.072E-05 4.687E+01
 6 1.436E-04 1.270E+01  7 9.763E-06 3.020E+01  8 6.726E-06 3.922E+01  9 5.022E-08 5.472E+01 10 1.024E-03 3.762E+00
11 5.417E-05 1.869E+01 12 1.812E-04 6.001E+00 13 4.758E-03 1.256E+00 15 1.873E-04 2.104E+01 16 1.138E-03 1.100E+00
17 1.655E-04 1.274E+01 19 4.673E-03 9.025E+00 20 2.432E-03 1.321E+01 21 4.383E-06 1.000E+02 23 5.833E-04 2.159E+00
24 2.733E-03 3.953E-01 25 6.961E-10 1.000E+02 26 2.974E-03 6.895E-01 27 1.499E-03 9.826E-01
147  23
 1 1.614E-04 3.433E+01  2 8.557E-05 9.649E+00  3 5.278E-04 6.487E+00  4 1.354E-04 9.178E+01  5 9.771E-05 5.346E+01
 6 1.366E-04 1.517E+01  7 1.381E-05 1.679E+01  8 2.352E-05 3.183E+01 10 9.006E-04 4.655E+00 11 5.016E-05 1.568E+01
12 1.738E-04 6.343E+00 13 4.122E-03 1.649E+00 15 1.363E-04 1.678E+01 16 1.104E-03 1.279E+00 17 1.188E-04 1.878E+01
19 3.799E-03 8.286E+00 20 2.199E-03 1.224E+01 22 2.737E-06 6.995E+01 23 6.585E-04 2.751E+00 24 2.771E-03 3.620E-01
25 5.380E-08 7.425E+01 26 3.861E-03 6.204E-01 27 2.194E-03 7.764E-01
148  23
 1 1.890E-04 3.539E+01  2 9.284E-05 9.499E+00  3 5.361E-04 7.751E+00  4 3.704E-05 5.750E+01  5 1.826E-05 7.767E+01
 6 8.698E-05 1.430E+01  7 5.893E-06 3.769E+01  8 3.788E-05 4.038E+01  9 2.637E-06 5.388E+01 10 8.416E-04 3.633E+00
11 4.379E-05 2.755E+01 12 1.489E-04 5.809E+00 13 3.653E-03 1.549E+00 15 8.949E-05 1.941E+01 16 1.099E-03 1.421E+00
17 1.270E-04 1.694E+01 19 3.100E-03 7.012E+00 20 2.023E-03 1.232E+01 22 8.249E-07 1.000E+02 23 6.956E-04 1.879E+00
24 2.773E-03 3.588E-01 26 4.078E-03 5.265E-01 27 2.349E-03 7.735E-01
149  23
 1 1.425E-04 2.806E+01  2 1.116E-04 7.022E+00  3 5.016E-04 6.244E+00  4 9.031E-05 5.858E+01  5 3.654E-05 7.518E+01
 6 1.052E-04 1.821E+01  7 9.719E-06 2.277E+01  8 1.267E-05 4.755E+01  9 5.773E-06 5.812E+01 10 7.935E-04 5.958E+00
11 3.836E-05 2.590E+01 12 1.322E-04 6.693E+00 13 3.551E-03 1.623E+00 15 1.557E-04 2.139E+01 16 1.127E-03 1.269E+00
17 1.753E-04 2.203E+01 19 2.566E-03 9.496E+00 20 2.638E-03 9.662E+00 23 8.087E-04 1.889E+00 24 2.763E-03 3.386E-01
25 2.863E-09 1.000E+02 26 4.063E-03 5.546E-01 27 2.329E-03 7.859E-01
150  25
 1 1.772E-04 3.841E+01  2 1.113E-04 9.303E+00  3 4.640E-04 8.498E+00  4 5.353E-05 6.885E+01  5 1.507E-05 8.294E+01
 6 8.435E-05 2.541E+01  7 1.162E-05 2.209E+01  8 1.060E-05 5.001E+01  9 9.645E-06 6.535E+01 10 7.300E-04 4.433E+00
11 4.389E-05 2.067E+01 12 1.388E-04 7.684E+00 13 3.273E-03 1.267E+00 15 1.101E-04 2.059E+01 16 1.119E-03 1.431E+00
17 1.109E-04 1.987E+01 19 2.944E-03 1.039E+01 20 3.140E-03 8.284E+00 21 8.545E-06 1.000E+02 22 1.124E-05 6.694E+01
23 8.977E-04 1.110E+00 24 2.669E-03 3.931E-01 25 1.586E-08 9.083E+01 26 2.965E-03 7.649E-01 27 1.457E-03 9.472E-01
151  23
 1 1.107E-04 3.433E+01  2 1.437E-04 6.253E+00  3 4.040E-04 7.936E+00  4 1.684E-04 6.031E+01  5 4.435E-05 5.336E+01
 6 5.924E-05 1.508E+01  7 5.290E-06 2.423E+01  8 8.820E-06 4.611E+01 10 7.367E-04 6.032E+00 11 3.999E-05 2.979E+01
12 1.373E-04 5.461E+00 13 3.035E-03 1.364E+00 15 8.674E-05 2.110E+01 16 1.155E-03 1.132E+00 17 1.204E-04 1.833E+01
19 2.156E-03 7.131E+00 20 3.383E-03 8.274E+00 22 5.506E-06 1.000E+02 23 1.036E-03 1.311E+00 24 2.629E-03 3.890E-01
25 4.300E-08 1.000E+02 26 2.925E-03 6.811E-01 27 1.419E-03 9.208E-01
152  23
 1 2.967E-05 5.520E+01  2 1.498E-04 6.895E+00  3 3.803E-04 8.351E+00  4 5.980E-05 6.072E+01  5 8.026E-06 7.163E+01
 6 7.573E-05 1.754E+01  7 5.199E-06 3.821E+01  8 6.662E-06 5.145E+01  9 2.681E-06 1.000E+02 10 5.991E-04 6.204E+00
11 3.218E-05 2.000E+01 12 1.253E-04 7.672E+00 13 2.674E-03 1.295E+00 15 6.080E-05 2.513E+01 16 1.150E-03 1.495E+00
17 1.214E-04 1.483E+01 19 2.165E-03 9.980E+00 20 3.413E-03 9.461E+00 23 1.168E-03 1.152E+00 24 2.634E-03 3.642E-01
25 3.494E-08 1.000E+02 26 3.192E-03 6.806E-01 27 1.607E-03 8.185E-01
153  23
 1 1.370E-04 4.579E+01  2 1.710E-04 7.990E+00  3 3.219E-04 7.981E+00  4 1.403E-04 3.769E+01  5 9.521E-07 7.811E+01
 6 4.127E-05 2.017E+01  7 5.071E-06 2.749E+01  8 4.385E-06 4.110E+01  9 5.677E-07 8.455E+01 10 5.991E-04 5.973E+00
11 2.465E-05 2.073E+01 12 1.258E-04 7.992E+00 13 2.294E-03 1.850E+00 15 5.336E-05 2.921E+01 16 1.164E-03 1.052E+00
17 7.247E-05 1.643E+01 19 1.908E-03 1.461E+01 20 3.409E-03 1.113E+01 22 1.013E-05 8.387E+01 23 1.234E-03 1.666E+00
24 2.638E-03 3.961E-01 26 4.008E-03 4.948E-01 27 2.246E-03 7.193E-01
154  24
 1 6.409E-05 3.985E+01  2 2.048E-04 6.334E+00  3 3.131E-04 9.783E+00  4 1.917E-04 4.965E+01  5 4.799E-06 1.000E+02
 6 6.045E-05 1.895E+01  7 5.418E-06 5.622E+01  8 3.018E-06 3.937E+01  9 4.355E-06 6.895E+01 10 4.421E-04 4.270E+00
11 3.135E-05 2.032E+01 12 1.021E-04 5.336E+00 13 1.876E-03 1.948E+00 14 6.845E-06 1.000E+02 15 1.027E-04 2.992E+01
16 1.181E-03 1.059E+00 17 7.328E-05 2.378E+01 19 1.608E-03 1.060E+01 20 3.956E-03 8.558E+00 23 1.397E-03 1.722E+00
24 2.594E-03 4.357E-01 25 8.568E-08 1.000E+02 26 4.017E-03 6.703E-01 27 2.264E-03 8.727E-01
155  23
 1 1.162E-04 4.425E+01  2 2.103E-04 5.767E+00  3 2.793E-04 8.819E+00  4 2.725E-04 4.136E+01  5 1.715E-06 1.000E+02
 6 5.574E-05 3.012E+01  7 3.451E-06 3.654E+01  8 6.454E-06 3.543E+01 10 4.087E-04 6.425E+00 11 3.750E-05 1.938E+01
12 8.636E-05 8.653E+00 13 1.723E-03 1.543E+00 15 5.130E-05 2.046E+01 16 1.214E-03 1.143E+00 17 9.202E-05 2.420E+01
19 1.569E-03 1.333E+01 20 5.365E-03 8.590E+00 22 3.732E-07 1.000E+02 23 1.604E-03 1.336E+00 24 2.514E-03 4.096E-01
25 1.124E-08 1.000E+02 26 3.452E-03 5.323E-01 27 1.837E-03 8.731E-01
156  23
 1 1.731E-04 3.776E+01  2 2.363E-04 6.346E+00  3 2.905E-04 9.454E+00  4 1.552E-04 4.515E+01  5 7.742E-05 4.768E+01
 6 6.872E-05 2.366E+01  7 3.322E-06 3.972E+01  8 3.858E-06 6.545E+01  9 2.302E-06 8.864E+01 10 4.279E-04 6.680E+00
11 2.076E-05 2.522E+01 12 9.634E-05 8.145E+00 13 1.545E-03 1.827E+00 15 8.346E-05 1.869E+01 16 1.235E-03 1.242E+00
17 4.484E-05 2.384E+01 19 1.820E-03 1.437E+01 20 4.800E-03 5.953E+00 23 1.814E-03 1.253E+00 24 2.446E-03 3.925E-01
25 8.341E-09 1.000E+02 26 3.269E-03 6.531E-01 27 1.504E-03 9.942E-01
157  23
 1 3.728E-05 6.154E+01  2 2.857E-04 5.813E+00  3 2.436E-04 8.867E+00  4 9.163E-05 7.045E+01  5 3.673E-06 9.237E+01
 6 4.327E-05 1.925E+01  7 5.302E-06 4.551E+01  8 8.389E-06 4.833E+01 10 3.721E-04 8.794E+00 11 3.186E-05 3.410E+01
12 7.763E-05 6.183E+00 13 1.342E-03 2.072E+00 15 4.667E-05 3.227E+01 16 1.270E-03 1.249E+00 17 8.000E-05 2.003E+01
19 1.263E-03 1.290E+01 20 6.508E-03 7.330E+00 22 1.477E-07 1.000E+02 23 2.036E-03 1.233E+00 24 2.361E-03 4.011E-01
25 5.505E-08 1.000E+02 26 3.386E-03 5.738E-01 27 1.529E-03 7.438E-01
158  22
 1 2.261E-05 5.977E+01  2 3.154E-04 4.932E+00  3 2.334E-04 9.877E+00  4 5.837E-04 6.278E+01  6 6.001E-05 2.403E+01
 7 3.154E-06 2.928E+01  8 5.576E-06 3.988E+01  9 1.390E-06 9.109E+01 10 3.554E-04 4.914E+00 11 2.075E-05 2.723E+01
12 6.611E-05 1.072E+01 13 1.234E-03 2.442E+00 15 9.750E-05 1.572E+01 16 1.294E-03 1.164E+00 17 7.871E-05 2.244E+01
19 1.065E-03 1.603E+01 20 7.221E-03 7.467E+00 23 2.407E-03 1.183E+00 24 2.241E-03 3.665E-01 25 6.636E-09 1.000E+02
26 3.049E-03 5.885E-01 27 1.370E-03 7.540E-01
159  24
 1 6.006E-05 4.555E+01  2 3.676E-04 4.844E+00  3 1.736E-04 1.344E+01  4 7.199E-04 5.324E+01  5 4.949E-06 1.000E+02
 6 2.794E-05 3.450E+01  7 3.097E-06 4.509E+01  8 1.359E-06 6.227E+01  9 4.793E-06 6.872E+01 10 3.249E-04 1.152E+01
11 2.499E-05 2.890E+01 12 6.965E-05 8.443E+00 13 1.100E-03 2.043E+00 15 4.456E-05 3.178E+01 16 1.448E-03 1.202E+00
17 6.516E-05 2.460E+01 19 9.940E-04 1.654E+01 20 8.761E-03 6.506E+00 21 4.420E-07 1.000E+02 23 2.924E-03 7.854E-01
24 2.031E-03 4.103E-01 25 4.643E-08 8.303E+01 26 1.913E-03 5.848E-01 27 9.660E-04 8.890E-01
160  22
 1 1.691E-04 4.437E+01  2 4.033E-04 4.348E+00  3 1.699E-04 9.135E+00  4 3.577E-04 3.374E+01  5 8.959E-06 7.084E+01
 6 4.330E-05 2.494E+01  7 2.312E-06 4.633E+01  8 3.408E-06 5.867E+01  9 1.717E-06 1.000E+02 10 2.531E-04 1.109E+01
11 9.798E-06 3.951E+01 12 4.671E-05 1.066E+01 13 9.637E-04 2.695E+00 15 4.685E-05 4.013E+01 16 4.865E-03 6.301E-01
17 5.706E-05 2.996E+01 19 6.320E-04 1.820E+01 20 1.116E-02 7.316E+00 23 3.471E-03 1.062E+00 24 1.835E-03 3.683E-01
26 1.759E-03 7.382E-01 27 8.917E-04 1.189E+00
161  23
 1 4.820E-05 4.265E+01  2 3.398E-04 3.083E+00  3 1.255E-04 9.679E+00  4 1.405E-04 3.290E+01  5 2.447E-05 7.320E+01
 6 3.100E-05 2.964E+01  7 2.421E-06 2.885E+01  8 3.183E-06 5.602E+01  9 1.143E-07 1.000E+02 10 2.481E-04 5.722E+00
11 1.135E-05 2.637E+01 12 4.731E-05 6.120E+00 13 9.003E-04 1.746E+00 15 3.873E-05 2.899E+01 16 1.086E-03 1.055E+00
17 4.455E-05 2.476E+01 19 8.387E-04 1.080E+01 20 3.879E-02 1.850E+00 23 1.004E-02 3.853E-01 24 8.148E-04 6.386E-01
25 3.650E-09 1.000E+02 26 1.847E-03 6.592E-01 27 8.582E-04 8.664E-01
162  23
 1 2.428E-05 8.493E+01  2 3.694E-04 3.814E+00  3 1.043E-04 1.212E+01  4 9.470E-05 4.771E+01  5 3.579E-06 1.000E+02
 6 1.814E-05 2.949E+01  7 1.919E-06 4.462E+01  8 2.775E-06 6.206E+01  9 2.140E-07 1.000E+02 10 2.016E-04 6.858E+00
11 7.838E-06 3.701E+01 12 4.363E-05 9.779E+00 13 8.002E-04 2.048E+00 15 1.434E-05 3.188E+01 16 1.102E-03 1.091E+00
17 4.393E-05 2.863E+01 19 5.700E-04 1.419E+01 20 5.932E-02 1.527E+00 22 3.505E-08 1.000E+02 23 1.090E-02 3.710E-01
24 6.951E-04 5.259E-01 26 1.891E-03 7.394E-01 27 8.307E-04 8.915E-01
163  21
 1 5.400E-05 5.857E+01  2 4.136E-04 3.560E+00  3 1.177E-04 1.062E+01  4 8.300E-05 5.806E+01  5 2.699E-07 1.000E+02
 6 2.422E-05 3.132E+01  7 3.413E-06 3.098E+01  8 4.332E-06 4.017E+01 10 1.904E-04 9.157E+00 11 6.900E-06 3.737E+01
12 3.982E-05 1.091E+01 13 7.075E-04 2.084E+00 15 1.725E-05 3.512E+01 16 1.131E-03 6.813E-01 17 3.276E-05 2.181E+01
19 5.864E-04 1.679E+01 20 6.792E-02 1.978E+00 23 1.137E-02 3.497E-01 24 6.031E-04 6.569E-01 26 1.901E-03 6.019E-01
27 8.122E-04 8.165E-01
164  21
 1 6.520E-05 4.211E+01  2 4.570E-04 2.941E+00  3 1.083E-04 9.577E+00  4 3.027E-04 3.385E+01  6 1.649E-05 3.621E+01
 7 1.243E-06 4.048E+01  8 8.620E-07 6.208E+01  9 1.620E-08 1.000E+02 10 1.682E-04 6.914E+00 11 1.319E-05 2.433E+01
12 4.098E-05 8.357E+00 13 6.450E-04 2.226E+00 15 2.910E-05 3.655E+01 16 1.143E-03 1.312E+00 17 3.911E-05 2.504E+01
19 5.088E-04 1.533E+01 20 7.011E-02 2.171E+00 23 1.184E-02 3.232E-01 24 5.358E-04 6.349E-01 26 1.930E-03 7.247E-01
27 7.908E-04 7.387E-01
165  22
 1 1.053E-05 6.863E+01  2 5.660E-04 3.684E+00  3 9.131E-05 1.119E+01  4 2.166E-04 3.216E+01  6 1.807E-05 3.346E+01
 7 9.530E-07 6.524E+01  8 2.287E-06 5.491E+01  9 2.565E-07 1.000E+02 10 1.366E-04 6.343E+00 11 1.121E-05 6.071E+01
12 3.037E-05 9.557E+00 13 5.992E-04 2.771E+00 15 3.691E-05 4.076E+01 16 1.131E-03 9.562E-01 17 3.062E-05 2.653E+01
19 5.508E-04 1.477E+01 20 6.542E-02 1.926E+00 22 8.687E-08 1.000E+02 23 1.229E-02 3.469E-01 24 4.755E-04 6.142E-01
26 1.988E-03 6.921E-01 27 7.851E-04 7.593E-01
166  23
 1 1.763E-05 4.961E+01  2 5.732E-04 2.129E+00  3 6.923E-05 1.481E+01  4 1.986E-04 3.588E+01  5 1.753E-07 1.000E+02
 6 6.953E-06 3.272E+01  7 2.089E-06 6.468E+01  8 9.897E-07 6.982E+01  9 4.137E-08 1.000E+02 10 1.097E-04 8.230E+00
11 1.099E-05 3.303E+01 12 2.710E-05 1.606E+01 13 5.098E-04 2.655E+00 15 2.050E-05 2.407E+01 16 1.130E-03 1.037E+00
17 2.649E-05 3.084E+01 19 3.920E-04 2.522E+01 20 6.095E-02 2.155E+00 23 1.253E-02 3.253E-01 24 4.172E-04 7.667E-01
25 8.221E-09 1.000E+02 26 2.014E-03 5.875E-01 27 7.731E-04 8.417E-01
167  21
 1 3.063E-07 1.000E+02  2 6.665E-04 2.444E+00  3 6.024E-05 1.672E+01  4 3.196E-04 3.801E+01  5 5.090E-06 6.993E+01
 6 1.483E-05 3.462E+01  7 2.318E-06 5.397E+01  8 9.219E-07 6.767E+01 10 1.145E-04 9.033E+00 11 4.593E-06 4.042E+01
12 2.373E-05 1.461E+01 13 4.762E-04 2.912E+00 15 1.716E-05 5.520E+01 16 1.111E-03 1.056E+00 17 2.915E-05 2.253E+01
19 4.182E-04 1.847E+01 20 5.698E-02 1.884E+00 23 1.286E-02 3.550E-01 24 3.746E-04 6.379E-01 26 2.097E-03 6.191E-01
27 7.810E-04 6.690E-01
168  21
 1 1.036E-05 6.173E+01  2 7.288E-04 2.234E+00  3 6.386E-05 1.262E+01  4 3.912E-04 3.503E+01  5 9.659E-07 1.000E+02
 6 2.360E-05 2.059E+01  7 9.030E-07 7.020E+01  8 1.570E-06 5.032E+01 10 9.642E-05 1.003E+01 11 3.710E-06 4.184E+01
12 2.679E-05 1.332E+01 13 4.205E-04 3.000E+00 15 1.655E-05 3.592E+01 16 1.828E-03 7.890E-01 17 2.149E-05 2.631E+01
19 4.292E-04 2.425E+01 20 4.368E-02 1.763E+00 23 1.334E-02 3.647E-01 24 3.417E-04 8.047E-01 26 2.243E-03 5.212E-01
27 7.995E-04 6.256E-01
169  21
 1 2.802E-05 4.039E+01  2 8.217E-04 3.252E+00  3 6.882E-05 1.353E+01  4 6.136E-04 3.433E+01  5 1.568E-07 1.000E+02
 6 1.028E-05 3.548E+01  7 1.009E-06 5.981E+01  8 1.423E-07 7.173E+01 10 1.172E-04 8.749E+00 11 6.846E-06 3.414E+01
12 2.063E-05 1.520E+01 13 3.943E-04 3.301E+00 15 1.287E-05 3.759E+01 16 1.175E-03 1.153E+00 17 1.669E-05 2.802E+01
19 5.812E-04 1.303E+01 20 2.531E-02 3.230E+00 23 1.461E-02 4.073E-01 24 3.108E-04 8.632E-01 26 3.529E-03 4.466E-01
27 1.109E-03 5.290E-01
170  22
 1 2.448E-05 9.759E+01  2 9.166E-04 2.189E+00  3 7.463E-05 1.194E+01  4 4.300E-04 3.595E+01  5 9.231E-06 1.000E+02
 6 8.795E-06 2.678E+01  7 1.942E-06 3.675E+01  8 1.872E-06 4.952E+01 10 1.176E-04 8.812E+00 11 4.630E-06 5.238E+01
12 2.703E-05 9.673E+00 13 3.502E-04 3.688E+00 15 1.368E-05 3.578E+01 16 1.116E-03 9.997E-01 17 2.481E-05 2.939E+01
19 3.713E-04 1.809E+01 20 1.805E-02 4.426E+00 22 2.023E-08 1.000E+02 23 1.495E-02 3.653E-01 24 2.706E-04 7.699E-01
26 3.697E-03 5.280E-01 27 1.135E-03 5.893E-01
171  22
 1 6.536E-06 7.475E+01  2 9.965E-04 1.683E+00  3 6.627E-05 1.464E+01  4 8.560E-04 2.444E+01  5 3.705E-07 1.000E+02
 6 9.244E-06 4.816E+01  7 6.005E-07 9.121E+01  8 3.774E-07 5.639E+01 10 8.308E-05 1.419E+01 11 5.290E-06 4.472E+01
12 1.766E-05 9.590E+00 13 3.002E-04 3.759E+00 15 1.578E-05 3.101E+01 16 1.111E-03 1.196E+00 17 2.418E-05 2.886E+01
19 3.537E-04 2.246E+01 20 1.078E-02 3.465E+00 22 9.150E-07 1.000E+02 23 1.524E-02 3.627E-01 24 2.354E-04 1.226E+00
26 3.796E-03 5.906E-01 27 1.148E-03 7.210E-01
172  21
 1 4.709E-06 6.790E+01  2 1.150E-03 2.192E+00  3 5.679E-05 1.308E+01  4 9.177E-04 2.434E+01  5 4.389E-05 8.961E+01
 6 5.083E-06 5.220E+01  7 6.875E-07 5.071E+01  8 1.726E-06 7.998E+01 10 5.702E-05 1.457E+01 11 5.854E-06 3.247E+01
12 2.050E-05 1.462E+01 13 2.724E-04 4.470E+00 15 1.211E-05 3.722E+01 16 1.074E-03 1.178E+00 17 1.641E-05 3.591E+01
19 3.884E-04 2.386E+01 20 9.752E-03 3.595E+00 23 1.552E-02 3.813E-01 24 2.148E-04 9.675E-01 26 3.893E-03 5.105E-01
27 1.164E-03 6.127E-01
173  21
 1 1.925E-05 6.003E+01  2 1.335E-03 1.992E+00  3 3.735E-05 1.861E+01  4 1.203E-03 2.291E+01  5 2.129E-05 1.000E+02
 6 5.796E-06 3.151E+01  7 7.833E-07 4.721E+01  8 4.892E-07 8.873E+01 10 6.875E-05 1.574E+01 11 5.071E-06 4.408E+01
12 1.517E-05 1.268E+01 13 2.441E-04 3.359E+00 15 9.847E-06 5.023E+01 16 1.061E-03 9.589E-01 17 1.308E-05 3.031E+01
19 2.112E-04 2.317E+01 20 7.340E-03 5.753E+00 23 1.579E-02 3.313E-01 24 1.920E-04 9.374E-01 26 3.972E-03 5.202E-01
27 1.175E-03 6.298E-01
174  22
 1 4.761E-05 6.692E+01  2 1.435E-03 2.142E+00  3 4.654E-05 1.409E+01  4 1.095E-03 2.039E+01  6 4.763E-06 4.641E+01
 7 7.814E-07 8.754E+01  8 3.132E-06 4.907E+01  9 9.824E-07 1.000E+02 10 5.140E-05 1.192E+01 11 4.642E-06 6.232E+01
12 1.032E-05 1.243E+01 13 2.148E-04 3.892E+00 15 7.386E-06 5.825E+01 16 1.047E-03 1.158E+00 17 1.403E-05 3.514E+01
19 1.680E-04 3.142E+01 20 6.485E-03 4.835E+00 22 5.692E-07 1.000E+02 23 1.577E-02 2.891E-01 24 1.690E-04 1.115E+00
26 3.982E-03 4.321E-01 27 1.164E-03 5.141E-01
175  20
 1 9.429E-06 9.102E+01  2 1.724E-03 1.655E+00  3 3.925E-05 2.250E+01  4 1.429E-03 2.183E+01  6 1.649E-05 4.423E+01
 7 4.534E-07 5.356E+01  8 8.432E-08 1.000E+02 10 5.758E-05 1.691E+01 11 4.326E-06 5.299E+01 12 1.181E-05 1.799E+01
13 1.959E-04 5.032E+00 15 1.007E-05 4.492E+01 16 1.046E-03 9.618E-01 17 1.375E-05 3.985E+01 19 2.362E-04 2.495E+01
20 5.675E-03 5.212E+00 23 1.591E-02 3.850E-01 24 1.537E-04 9.844E-01 26 4.028E-03 5.913E-01 27 1.162E-03 7.637E-01
176  21
 1 1.092E-05 8.429E+01  2 1.957E-03 1.613E+00  3 3.145E-05 1.578E+01  4 1.765E-03 1.814E+01  5 3.147E-06 1.000E+02
 6 5.661E-06 4.566E+01  7 2.232E-07 9.942E+01  8 9.819E-07 1.000E+02 10 4.923E-05 1.891E+01 11 3.954E-06 3.454E+01
12 1.013E-05 2.226E+01 13 1.637E-04 4.151E+00 15 3.700E-06 5.344E+01 16 1.054E-03 1.133E+00 17 6.590E-06 4.042E+01
19 8.906E-05 3.171E+01 20 4.824E-03 5.801E+00 23 1.607E-02 3.331E-01 24 1.385E-04 1.680E+00 26 4.098E-03 4.665E-01
27 1.182E-03 5.711E-01
177  21
 1 2.183E-05 9.421E+01  2 2.213E-03 1.876E+00  3 2.973E-05 1.824E+01  4 1.911E-03 1.976E+01  5 1.738E-05 1.000E+02
 6 3.519E-06 3.315E+01  7 3.101E-08 7.671E+01  8 2.425E-07 8.416E+01 10 4.085E-05 1.491E+01 11 6.725E-06 3.657E+01
12 1.351E-05 1.727E+01 13 1.653E-04 4.332E+00 15 1.183E-05 3.932E+01 16 1.011E-03 1.530E+00 17 1.900E-05 3.655E+01
19 1.541E-04 3.356E+01 20 4.227E-03 6.807E+00 23 1.603E-02 3.843E-01 24 1.265E-04 1.520E+00 26 4.106E-03 5.551E-01
27 1.170E-03 6.713E-01
178  21
 1 1.305E-05 7.044E+01  2 2.509E-03 1.338E+00  3 2.365E-05 2.312E+01  4 2.426E-03 1.345E+01  5 1.709E-05 7.106E+01
 6 9.802E-07 6.820E+01  7 2.849E-07 5.742E+01  8 5.422E-07 6.979E+01 10 4.277E-05 1.469E+01 11 3.016E-06 5.893E+01
12 1.112E-05 1.474E+01 13 1.503E-04 5.002E+00 15 1.644E-05 4.524E+01 16 1.037E-03 1.131E+00 17 1.434E-06 8.174E+01
19 1.322E-04 2.642E+01 20 3.523E-03 7.298E+00 23 1.627E-02 3.603E-01 24 1.120E-04 1.843E+00 26 4.190E-03 5.074E-01
27 1.178E-03 5.225E-01
179  22
 1 5.911E-07 1.000E+02  2 2.924E-03 1.579E+00  3 2.707E-05 1.773E+01  4 2.186E-03 1.426E+01  5 1.629E-05 1.000E+02
 6 4.430E-06 5.145E+01  7 4.942E-07 7.546E+01  8 3.563E-08 1.000E+02 10 4.693E-05 1.546E+01 11 2.264E-06 5.929E+01
12 1.032E-05 1.942E+01 13 1.292E-04 5.069E+00 15 6.924E-06 7.080E+01 16 1.023E-03 8.957E-01 17 2.188E-05 4.197E+01
19 1.304E-04 4.396E+01 20 3.295E-03 8.597E+00 23 1.630E-02 3.553E-01 24 1.020E-04 1.793E+00 25 3.395E-08 1.000E+02
26 4.251E-03 4.853E-01 27 1.184E-03 5.874E-01
180  20
 1 4.845E-06 7.594E+01  2 3.477E-03 1.399E+00  3 1.589E-05 1.648E+01  4 3.173E-03 1.772E+01  6 4.080E-06 4.416E+01
 7 2.472E-07 8.588E+01  8 1.091E-07 1.000E+02 10 2.533E-05 1.755E+01 11 8.619E-07 7.419E+01 12 1.139E-05 2.580E+01
13 1.083E-04 4.992E+00 15 1.169E-05 5.822E+01 16 1.020E-03 1.064E+00 17 1.201E-05 3.686E+01 19 1.151E-04 5.703E+01
20 2.883E-03 8.044E+00 23 1.641E-02 3.474E-01 24 9.187E-05 1.403E+00 26 4.316E-03 4.907E-01 27 1.191E-03 5.972E-01
181  19
 2 3.989E-03 8.439E-01  3 2.796E-05 2.327E+01  4 2.699E-03 1.099E+01  6 1.578E-06 6.071E+01  7 3.403E-07 1.000E+02
 8 1.154E-08 1.000E+02 10 3.043E-05 2.287E+01 11 2.132E-06 6.837E+01 12 5.791E-06 1.896E+01 13 1.079E-04 6.226E+00
15 8.071E-06 5.372E+01 16 9.872E-04 8.539E-01 17 8.718E-06 4.637E+01 19 6.427E-05 5.385E+01 20 2.823E-03 9.510E+00
23 1.636E-02 2.837E-01 24 8.494E-05 1.474E+00 26 4.431E-03 3.987E-01 27 1.206E-03 5.063E-01
182  21
 1 7.890E-06 1.000E+02  2 4.657E-03 1.206E+00  3 2.373E-05 2.740E+01  4 3.642E-03 1.567E+01  6 3.509E-06 4.396E+01
 7 7.233E-07 7.316E+01  8 2.415E-06 7.690E+01 10 2.443E-05 2.019E+01 11 2.459E-06 6.117E+01 12 8.992E-06 1.923E+01
13 1.062E-04 4.418E+00 14 4.226E-07 1.000E+02 15 7.054E-06 7.060E+01 16 9.951E-04 1.200E+00 17 3.960E-06 6.577E+01
19 5.278E-05 3.682E+01 20 2.196E-03 9.066E+00 23 1.663E-02 3.590E-01 24 7.896E-05 1.841E+00 26 4.660E-03 4.222E-01
27 1.177E-03 4.631E-01
183  18
 2 5.869E-03 1.043E+00  3 1.996E-05 2.685E+01  4 4.956E-03 9.456E+00  6 1.057E-06 7.531E+01  7 3.351E-08 1.000E+02
10 2.147E-05 2.469E+01 11 8.821E-07 7.821E+01 12 3.940E-06 2.002E+01 13 7.646E-05 7.179E+00 15 1.499E-06 1.000E+02
16 9.934E-04 9.819E-01 17 1.406E-06 7.486E+01 19 1.686E-04 3.958E+01 20 1.640E-03 7.662E+00 23 1.684E-02 3.504E-01
24 6.392E-05 1.839E+00 26 5.003E-03 4.792E-01 27 1.260E-03 5.968E-01
184  18
 2 8.112E-03 9.801E-01  3 1.616E-05 1.916E+01  4 7.188E-03 9.896E+00  6 5.063E-06 8.078E+01  7 1.684E-08 1.000E+02
10 2.303E-05 1.798E+01 11 1.686E-06 4.793E+01 12 7.885E-06 2.902E+01 13 7.679E-05 7.959E+00 15 6.639E-06 5.758E+01
16 9.765E-04 1.021E+00 17 8.057E-06 4.391E+01 19 7.800E-05 3.680E+01 20 1.632E-03 9.232E+00 23 1.712E-02 3.486E-01
24 6.025E-05 1.159E+00 26 5.278E-03 4.657E-01 27 1.312E-03 5.556E-01
185  18
 2 1.042E-02 7.370E-01  3 1.865E-05 2.269E+01  4 1.043E-02 8.419E+00  6 3.494E-06 6.155E+01  7 2.943E-07 1.000E+02
10 1.584E-05 3.643E+01 11 2.433E-06 8.566E+01 12 5.177E-06 2.779E+01 13 6.610E-05 7.307E+00 15 5.445E-07 5.685E+01
16 9.731E-04 1.084E+00 17 2.377E-06 5.818E+01 19 4.244E-05 4.506E+01 20 1.527E-03 1.031E+01 23 1.719E-02 3.087E-01
24 5.252E-05 2.548E+00 26 5.390E-03 3.859E-01 27 1.334E-03 4.763E-01
186  18
 2 1.300E-02 8.470E-01  3 1.083E-05 2.774E+01  4 8.277E-02 2.348E+00  6 8.726E-06 5.475E+01 10 1.925E-05 2.757E+01
11 1.695E-06 5.647E+01 12 4.669E-06 2.955E+01 13 5.686E-05 6.401E+00 15 5.264E-06 1.000E+02 16 9.248E-04 1.252E+00
17 1.686E-06 9.495E+01 19 5.132E-05 3.722E+01 20 1.005E-03 1.410E+01 23 1.707E-02 3.394E-01 24 5.026E-05 2.378E+00
25 1.577E-09 1.000E+02 26 5.330E-03 4.253E-01 27 1.299E-03 4.596E-01
187  17
 2 1.576E-02 7.808E-01  3 1.541E-05 2.372E+01  4 8.912E-02 2.407E+00  6 3.857E-06 8.309E+01  8 2.672E-08 1.000E+02
10 1.245E-05 3.422E+01 11 1.622E-06 6.546E+01 12 4.773E-06 2.694E+01 13 4.970E-05 7.591E+00 16 9.378E-04 1.135E+00
17 2.555E-06 6.870E+01 19 3.358E-07 1.000E+02 20 1.325E-03 1.490E+01 23 1.701E-02 3.593E-01 24 4.522E-05 1.646E+00
26 5.176E-03 4.323E-01 27 1.249E-03 4.819E-01
188  17
 2 1.843E-02 7.172E-01  3 1.556E-05 2.746E+01  4 9.351E-02 2.322E+00  6 7.718E-07 9.528E+01 10 1.437E-05 3.275E+01
11 5.582E-07 9.729E+01 12 2.363E-06 3.058E+01 13 5.213E-05 8.243E+00 15 1.592E-07 7.198E+01 16 9.271E-04 1.235E+00
17 8.185E-07 9.889E+01 19 1.547E-05 7.866E+01 20 7.920E-04 1.514E+01 23 1.679E-02 3.494E-01 24 3.972E-05 3.173E+00
26 4.940E-03 4.280E-01 27 1.178E-03 4.879E-01
189  16
 2 2.100E-02 5.734E-01  3 1.804E-05 3.053E+01  4 8.764E-02 2.143E+00  6 8.480E-07 9.359E+01 10 1.670E-05 3.056E+01
11 1.215E-06 5.578E+01 12 2.091E-06 3.413E+01 13 4.114E-05 8.599E+00 16 9.070E-04 1.078E+00 17 7.810E-06 6.526E+01
19 1.240E-04 8.193E+01 20 9.179E-04 1.397E+01 23 1.661E-02 3.292E-01 24 3.657E-05 2.624E+00 26 4.705E-03 3.970E-01
27 1.108E-03 4.340E-01
190  17
 2 2.324E-02 5.036E-01  3 1.193E-05 2.602E+01  4 1.038E-02 7.836E+00  6 5.258E-08 7.531E+01 10 1.416E-05 3.631E+01
11 1.565E-07 1.000E+02 12 3.262E-06 3.998E+01 13 4.457E-05 1.022E+01 15 1.895E-06 1.000E+02 16 9.547E-04 9.005E-01
17 3.189E-06 9.786E+01 19 8.866E-06 5.625E+01 20 7.861E-04 1.581E+01 23 1.646E-02 3.195E-01 24 3.499E-05 2.040E+00
26 4.525E-03 4.293E-01 27 1.056E-03 4.450E-01
191  18
 1 1.707E-05 1.000E+02  2 2.489E-02 5.042E-01  3 9.905E-06 5.019E+01  4 7.213E-03 7.128E+00  6 3.628E-06 8.275E+01
10 1.943E-05 2.429E+01 11 9.543E-09 1.000E+02 12 4.909E-06 3.508E+01 13 4.413E-05 1.045E+01 15 1.126E-06 8.299E+01
16 9.642E-04 1.327E+00 17 1.911E-06 6.802E+01 19 3.267E-05 4.309E+01 20 5.365E-04 1.466E+01 23 1.647E-02 2.998E-01
24 3.295E-05 3.090E+00 26 4.530E-03 3.495E-01 27 1.053E-03 3.392E-01
192  19
 1 5.727E-06 8.225E+01  2 2.590E-02 6.584E-01  3 1.419E-05 3.277E+01  4 6.440E-03 8.854E+00  6 9.214E-07 8.111E+01
 7 4.513E-07 7.005E+01  8 3.206E-06 7.124E+01 10 9.783E-06 3.436E+01 12 5.023E-06 2.845E+01 13 3.505E-05 8.519E+00
15 2.751E-06 5.227E+01 16 9.670E-04 1.589E+00 17 1.619E-07 1.000E+02 19 2.340E-06 6.926E+01 20 4.255E-04 1.982E+01
23 1.626E-02 3.319E-01 24 2.937E-05 2.414E+00 26 4.452E-03 4.892E-01 27 1.034E-03 5.584E-01
193  17
 2 2.685E-02 4.716E-01  3 1.630E-05 2.800E+01  4 4.054E-03 1.541E+01  6 8.035E-06 6.628E+01  7 5.308E-09 1.000E+02
10 7.466E-06 3.356E+01 11 1.521E-07 7.062E+01 12 3.287E-06 3.396E+01 13 2.444E-05 1.079E+01 15 4.989E-06 6.888E+01
16 9.607E-04 1.151E+00 19 2.113E-05 9.350E+01 20 5.962E-04 1.642E+01 23 1.621E-02 3.099E-01 24 2.651E-05 4.053E+00
26 4.429E-03 3.693E-01 27 1.025E-03 4.046E-01
194  16
 2 2.714E-02 5.129E-01  3 8.285E-06 3.448E+01  4 3.431E-03 7.389E+00 10 6.827E-06 3.749E+01 11 1.564E-06 1.000E+02
12 3.139E-06 3.624E+01 13 2.393E-05 1.309E+01 15 7.371E-08 1.000E+02 16 9.605E-04 1.236E+00 17 1.640E-06 9.282E+01
19 1.997E-05 5.188E+01 20 4.742E-04 1.562E+01 23 1.616E-02 3.069E-01 24 2.368E-05 3.107E+00 26 4.431E-03 3.884E-01
27 1.026E-03 3.917E-01
195  16
 2 2.691E-02 4.911E-01  3 7.914E-06 3.217E+01  4 3.358E-03 1.155E+01 10 8.783E-06 2.974E+01 11 7.801E-08 1.000E+02
12 9.368E-07 3.921E+01 13 2.508E-05 1.171E+01 15 5.978E-06 7.352E+01 16 9.632E-04 1.130E+00 17 3.285E-06 6.872E+01
19 3.795E-06 6.800E+01 20 4.505E-04 1.788E+01 23 1.596E-02 3.559E-01 24 2.247E-05 2.848E+00 26 4.377E-03 3.950E-01
27 1.015E-03 4.174E-01
196  17
 2 2.649E-02 4.381E-01  3 4.672E-06 5.357E+01  4 1.868E-03 1.524E+01  6 7.088E-07 8.569E+01  7 8.475E-07 1.000E+02
10 9.289E-06 3.622E+01 11 1.514E-06 7.203E+01 12 3.603E-06 4.760E+01 13 2.568E-05 1.565E+01 16 9.494E-04 1.226E+00
17 3.640E-06 7.463E+01 19 3.655E-05 6.101E+01 20 4.831E-04 1.745E+01 23 1.571E-02 3.257E-01 24 2.003E-05 3.205E+00
26 4.335E-03 3.896E-01 27 1.005E-03 4.652E-01
197  18
 2 2.594E-02 5.901E-01  3 1.011E-05 3.048E+01  4 2.127E-03 1.758E+01  6 2.314E-06 1.000E+02  7 8.191E-07 1.000E+02
10 5.339E-06 3.894E+01 11 4.946E-07 1.000E+02 12 3.197E-06 3.893E+01 13 2.518E-05 1.144E+01 15 7.186E-07 6.893E+01
16 9.705E-04 9.719E-01 17 2.698E-06 1.000E+02 19 2.782E-06 1.000E+02 20 2.807E-04 1.443E+01 23 1.551E-02 3.255E-01
24 1.910E-05 3.783E+00 26 4.314E-03 4.405E-01 27 9.980E-04 4.747E-01
198  16
 1 1.435E-06 1.000E+02  2 2.488E-02 4.544E-01  3 3.876E-06 4.425E+01  4 1.486E-03 2.317E+01  6 5.399E-07 1.000E+02
10 3.044E-06 4.616E+01 12 1.196E-06 4.904E+01 13 2.081E-05 1.264E+01 15 9.899E-07 1.000E+02 16 9.934E-04 1.307E+00
19 1.404E-05 6.808E+01 20 2.465E-04 2.339E+01 23 1.528E-02 3.319E-01 24 1.602E-05 4.138E+00 26 4.339E-03 4.502E-01
27 1.007E-03 4.814E-01
199  17
 2 2.368E-02 5.292E-01  3 2.208E-06 5.044E+01  4 2.028E-03 1.880E+01  6 9.851E-08 6.972E+01  8 5.354E-09 1.000E+02
10 1.484E-06 7.387E+01 11 4.421E-07 8.522E+01 12 6.500E-07 4.519E+01 13 1.713E-05 1.336E+01 15 3.005E-06 1.000E+02
16 1.000E-03 1.030E+00 17 4.999E-06 1.000E+02 20 3.639E-04 1.993E+01 23 1.495E-02 2.901E-01 24 1.321E-05 3.950E+00
26 4.319E-03 3.850E-01 27 1.005E-03 4.527E-01
200  12
 1 1.040E-05 1.000E+02  2 2.172E-02 4.925E-01  3 6.516E-06 6.173E+01  4 1.744E-03 2.147E+01 10 1.923E-06 5.933E+01
13 1.044E-05 1.465E+01 16 1.027E-03 7.090E-01 20 1.416E-04 2.805E+01 23 1.450E-02 3.305E-01 24 1.055E-05 4.644E+00
26 4.322E-03 3.837E-01 27 1.011E-03 4.238E-01
201  14
 2 1.986E-02 4.044E-01  3 1.499E-06 4.949E+01  4 9.692E-04 1.906E+01 10 6.654E-07 4.828E+01 12 3.033E-07 6.091E+01
13 1.228E-05 1.109E+01 16 1.045E-03 1.039E+00 17 5.527E-08 1.000E+02 19 9.446E-06 8.498E+01 20 1.987E-04 2.824E+01
23 1.403E-02 3.171E-01 24 1.003E-05 3.485E+00 26 4.304E-03 4.473E-01 27 1.011E-03 4.449E-01
202  16
 2 1.723E-02 6.296E-01  3 3.360E-06 3.574E+01  4 8.114E-04 1.752E+01 10 2.977E-06 3.555E+01 11 5.420E-07 1.000E+02
12 5.014E-07 8.488E+01 13 8.800E-06 1.935E+01 15 6.571E-07 1.000E+02 16 1.102E-03 1.048E+00 17 1.380E-07 1.000E+02
19 5.546E-06 1.000E+02 20 1.535E-04 2.510E+01 23 1.346E-02 3.109E-01 24 8.190E-06 6.086E+00 26 4.304E-03 3.326E-01
27 1.017E-03 3.648E-01
203  18
 2 1.444E-02 3.999E-01  3 4.206E-06 8.252E+01  4 8.207E-04 2.049E+01  5 1.573E-07 1.000E+02  6 1.154E-06 8.694E+01
10 2.674E-06 5.343E+01 11 3.862E-07 9.557E+01 12 3.253E-07 6.257E+01 13 6.921E-06 1.920E+01 15 2.046E-07 9.454E+01
16 1.135E-03 1.148E+00 17 1.054E-07 1.000E+02 19 6.594E-06 1.000E+02 20 2.098E-04 2.043E+01 23 1.276E-02 3.393E-01
24 6.835E-06 5.942E+00 26 4.273E-03 4.214E-01 27 1.020E-03 4.436E-01
204  14
 2 1.121E-02 7.523E-01  3 6.690E-07 7.173E+01  4 4.050E-04 2.458E+01 10 1.098E-06 5.239E+01 12 5.083E-07 5.557E+01
13 4.936E-06 2.780E+01 16 1.188E-03 6.910E-01 17 2.052E-06 9.596E+01 19 7.324E-06 5.456E+01 20 1.439E-04 2.981E+01
23 1.185E-02 3.200E-01 24 5.810E-06 4.190E+00 26 4.172E-03 3.751E-01 27 1.005E-03 4.463E-01
205  16
 2 7.431E-03 5.893E-01  3 2.075E-07 7.827E+01  4 4.211E-04 2.464E+01  7 9.863E-08 1.000E+02  8 3.100E-07 1.000E+02
10 1.438E-06 6.088E+01 11 4.001E-09 1.000E+02 12 4.996E-07 6.891E+01 13 3.764E-06 2.921E+01 16 1.263E-03 1.061E+00
19 6.378E-06 1.000E+02 20 1.017E-04 3.465E+01 23 1.062E-02 3.118E-01 24 4.628E-06 5.736E+00 26 3.962E-03 3.999E-01
27 9.692E-04 4.056E-01
206  15
 2 4.443E-03 8.164E-01  3 1.576E-06 5.796E+01  4 5.898E-04 3.052E+01  7 3.940E-08 1.000E+02  8 1.171E-07 1.000E+02
10 2.953E-06 3.773E+01 12 7.363E-08 8.993E+01 13 3.845E-06 1.865E+01 16 1.339E-03 7.441E-01 19 7.904E-06 1.000E+02
20 3.092E-05 5.737E+01 23 8.815E-03 3.303E-01 24 3.310E-06 5.180E+00 26 3.331E-03 4.033E-01 27 8.207E-04 4.220E-01
207  15
 2 2.680E-03 1.035E+00  3 3.991E-07 9.712E+01  4 1.399E-04 5.430E+01 10 7.803E-07 7.168E+01 11 4.085E-07 1.000E+02
12 7.113E-08 9.789E+01 13 2.672E-06 2.543E+01 15 1.306E-07 1.000E+02 16 1.489E-03 7.371E-01 17 5.814E-07 1.000E+02
20 2.974E-05 4.852E+01 23 5.662E-03 3.712E-01 24 2.270E-06 7.140E+00 26 1.779E-03 4.543E-01 27 4.230E-04 5.803E-01
208  14
 2 9.635E-04 1.266E+00  3 1.391E-07 1.000E+02  4 2.924E-05 5.174E+01 10 1.140E-07 9.919E+01 12 3.673E-08 6.888E+01
13 8.515E-07 3.433E+01 15 2.258E-07 1.000E+02 16 1.355E-03 5.812E-01 17 5.143E-08 1.000E+02 20 5.338E-06 9.014E+01
23 1.879E-03 5.732E-01 24 6.642E-07 8.069E+00 26 3.227E-04 9.895E-01 27 6.698E-05 1.058E+00