
    ORGAN DOSE CONVERSION FACTORS FOR AN ADULT HERMAPHRODITE
    CALCULATED FOR A VARIETY OF CT SCANNERS AND CONDITIONS.
    VALUES ARE GIVEN FOR 208 5 MM SLICES SPANNING THE BODY
    FROM 100 MM BELOW THE BOTTOM OF THE TRUNK TO THE TOP OF THE HEAD.

                     ORGANS OR REGIONS
 1 ADRENALS              10 HEART                  19 THYMUS                   
 2 BRAIN                 11 KIDNEYS                20 THYROID                  
 3 BREASTS               12 LIVER                  21 URINARY BLADDER          
 4 EYE LENSES            13 LUNGS                  22 UTERUS                   
 5 GALL BLADDER          14 OVARIES                23 HEAD REGION              
 6 STOMACH               15 PANCREAS               24 TRUNK REGION             
 7 SMALL INTESTINE       16 SKIN                   25 LEG REGION               
 8 UPPER LARGE INTESTINE 17 SPLEEN                 26 SKELETON                 
 9 LOWER LARGE INTESTINE 18 TESTICLES              27 RED MARROW               

 16 PHILIPS TOMOSCAN 310,350: SHAPED FILTER (ALUMINIUM)
    FOCUS TO AXIS DISTANCE IS 608 MM
    FAN ANGLE COVERS FULL WIDTH OF TRUNK
    X-RAY SPECTRUM HAS MAXIMUM ENERGY OF 120 KEV
    INITIAL FILTRATION IS 3.5 MM OF ALUMINIUM AND 0.25 MM OF COPPER

    CONVERSION FACTORS AND STATISTICAL UNCERTAINTIES(%) FOR ORGANS IN EACH SLICE
  1  16
 5 4.475E-07 1.000E+02  7 4.568E-05 1.880E+01  8 4.417E-05 2.794E+01  9 6.821E-04 8.079E+00 11 4.844E-06 8.701E+01
12 3.406E-06 4.035E+01 14 1.146E-04 5.878E+01 16 2.435E-03 1.204E+00 17 1.923E-08 1.000E+02 18 2.921E-03 8.396E+00
21 4.457E-04 1.292E+01 22 1.499E-04 2.493E+01 24 1.456E-04 1.409E+00 25 8.111E-03 2.869E-01 26 4.621E-03 4.445E-01
27 4.599E-04 8.456E-01
  2  17
 3 6.764E-08 1.000E+02  6 3.917E-06 8.899E+01  7 3.910E-05 1.146E+01  8 1.348E-05 3.584E+01  9 6.482E-04 7.218E+00
11 5.764E-06 4.608E+01 12 2.243E-06 5.543E+01 13 5.164E-09 1.000E+02 14 2.261E-04 3.405E+01 16 2.427E-03 1.000E+00
18 3.563E-03 7.698E+00 21 5.679E-04 1.219E+01 22 1.824E-04 1.708E+01 24 1.602E-04 1.810E+00 25 8.209E-03 3.142E-01
26 4.706E-03 6.342E-01 27 4.949E-04 1.079E+00
  3  18
 3 5.671E-06 7.267E+01  6 1.398E-06 6.894E+01  7 5.161E-05 1.275E+01  8 3.509E-05 1.874E+01  9 8.596E-04 7.078E+00
11 8.232E-06 7.258E+01 12 1.163E-06 6.065E+01 14 1.477E-04 4.472E+01 15 2.561E-06 1.000E+02 16 2.489E-03 7.415E-01
17 1.258E-06 8.947E+01 18 3.762E-03 6.423E+00 21 6.915E-04 1.304E+01 22 2.313E-04 2.449E+01 24 1.842E-04 1.582E+00
25 8.155E-03 3.359E-01 26 4.639E-03 8.340E-01 27 5.163E-04 1.136E+00
  4  19
 3 5.748E-06 6.140E+01  5 1.663E-05 1.000E+02  7 7.199E-05 1.280E+01  8 6.363E-05 2.003E+01  9 9.080E-04 6.547E+00
10 6.060E-07 8.697E+01 11 6.852E-06 7.495E+01 12 1.047E-06 6.667E+01 13 2.818E-08 6.126E+01 14 2.426E-04 3.361E+01
16 2.455E-03 1.311E+00 17 2.907E-07 7.944E+01 18 4.376E-03 5.768E+00 21 6.671E-04 1.854E+01 22 1.849E-04 1.893E+01
24 2.020E-04 1.600E+00 25 8.152E-03 3.467E-01 26 4.630E-03 5.638E-01 27 5.357E-04 8.455E-01
  5  20
 3 2.793E-06 6.391E+01  5 8.825E-07 1.000E+02  6 2.799E-06 4.738E+01  7 7.690E-05 1.186E+01  8 4.019E-05 2.315E+01
 9 9.453E-04 6.285E+00 10 6.273E-07 8.913E+01 11 3.375E-06 5.209E+01 12 1.996E-06 4.315E+01 14 1.707E-04 6.358E+01
15 3.323E-06 1.000E+02 16 2.455E-03 1.071E+00 17 2.272E-06 9.098E+01 18 4.494E-03 5.078E+00 21 6.771E-04 1.302E+01
22 2.577E-04 1.530E+01 24 2.290E-04 1.103E+00 25 8.167E-03 3.554E-01 26 4.622E-03 6.871E-01 27 5.479E-04 9.461E-01
  6  17
 6 2.455E-06 6.143E+01  7 7.393E-05 1.052E+01  8 5.444E-05 2.308E+01  9 1.045E-03 6.273E+00 11 1.974E-05 4.232E+01
12 1.604E-06 4.646E+01 13 8.673E-07 1.000E+02 14 3.812E-04 3.441E+01 16 2.459E-03 1.020E+00 17 2.132E-07 1.000E+02
18 4.744E-03 5.910E+00 21 8.979E-04 1.248E+01 22 2.927E-04 1.757E+01 24 2.478E-04 1.615E+00 25 8.183E-03 3.790E-01
26 4.608E-03 8.102E-01 27 5.704E-04 8.041E-01
  7  20
 3 4.882E-06 7.351E+01  6 2.101E-06 7.625E+01  7 8.797E-05 1.209E+01  8 7.487E-05 1.846E+01  9 1.304E-03 4.051E+00
10 3.844E-08 1.000E+02 11 6.947E-06 5.460E+01 12 4.330E-06 3.976E+01 13 6.848E-08 1.000E+02 14 2.501E-04 4.398E+01
15 2.251E-07 1.000E+02 16 2.510E-03 8.700E-01 17 2.748E-06 9.849E+01 18 5.160E-03 7.634E+00 21 1.111E-03 1.041E+01
22 2.707E-04 1.929E+01 24 2.851E-04 1.082E+00 25 8.175E-03 3.385E-01 26 4.601E-03 7.589E-01 27 5.952E-04 9.532E-01
  8  19
 5 4.948E-05 7.088E+01  6 1.016E-05 5.106E+01  7 8.366E-05 1.044E+01  8 5.541E-05 1.609E+01  9 1.359E-03 5.239E+00
10 2.440E-06 6.921E+01 11 6.299E-06 4.229E+01 12 4.078E-06 3.390E+01 13 1.287E-06 6.168E+01 14 1.209E-04 5.877E+01
15 4.396E-06 7.148E+01 16 2.438E-03 7.929E-01 18 5.318E-03 6.457E+00 21 1.091E-03 1.055E+01 22 3.506E-04 1.603E+01
24 3.160E-04 1.054E+00 25 8.174E-03 2.915E-01 26 4.606E-03 6.205E-01 27 6.113E-04 7.095E-01
  9  20
 3 5.207E-06 6.789E+01  6 1.226E-06 7.288E+01  7 1.049E-04 1.024E+01  8 8.544E-05 2.288E+01  9 1.512E-03 6.228E+00
10 1.553E-07 1.000E+02 11 3.532E-06 5.450E+01 12 6.582E-06 3.514E+01 13 3.531E-07 9.485E+01 14 3.297E-04 3.852E+01
16 2.452E-03 1.204E+00 17 2.164E-06 8.247E+01 18 5.818E-03 6.436E+00 21 1.266E-03 8.998E+00 22 4.326E-04 1.752E+01
23 3.007E-09 1.000E+02 24 3.480E-04 9.791E-01 25 8.142E-03 2.974E-01 26 4.586E-03 5.997E-01 27 6.399E-04 1.137E+00
 10  20
 3 2.170E-06 5.768E+01  5 9.581E-07 1.000E+02  6 1.799E-05 3.595E+01  7 1.221E-04 6.700E+00  8 1.099E-04 1.444E+01
 9 1.711E-03 5.666E+00 10 2.929E-06 9.963E+01 11 3.283E-06 5.428E+01 12 7.288E-06 4.348E+01 13 1.151E-06 7.755E+01
14 3.429E-04 2.710E+01 16 2.491E-03 7.947E-01 17 1.947E-05 8.110E+01 18 6.709E-03 5.980E+00 21 1.499E-03 1.103E+01
22 4.910E-04 9.267E+00 24 3.947E-04 1.037E+00 25 8.063E-03 3.147E-01 26 4.485E-03 6.131E-01 27 6.465E-04 1.284E+00
 11  21
 3 6.541E-07 8.206E+01  5 5.198E-05 1.000E+02  6 7.549E-06 5.504E+01  7 1.411E-04 8.187E+00  8 9.643E-05 1.572E+01
 9 1.825E-03 5.825E+00 10 8.583E-07 1.000E+02 11 8.389E-06 6.603E+01 12 5.311E-06 3.063E+01 13 2.019E-08 6.993E+01
14 2.607E-04 3.930E+01 15 9.827E-06 6.455E+01 16 3.230E-03 8.674E-01 17 8.876E-06 6.278E+01 18 1.091E-02 3.836E+00
21 1.633E-03 7.082E+00 22 5.161E-04 1.311E+01 24 4.402E-04 9.196E-01 25 8.039E-03 3.191E-01 26 4.399E-03 6.227E-01
27 6.573E-04 1.384E+00
 12  20
 3 4.381E-06 5.310E+01  5 4.067E-05 1.000E+02  6 1.774E-06 5.797E+01  7 1.364E-04 8.542E+00  8 1.180E-04 1.314E+01
 9 1.940E-03 4.689E+00 11 3.226E-05 3.652E+01 12 7.918E-06 2.242E+01 13 2.936E-07 6.876E+01 14 3.418E-04 3.269E+01
15 5.848E-06 6.883E+01 16 2.722E-03 1.007E+00 17 4.786E-06 7.467E+01 18 2.731E-02 3.525E+00 21 1.872E-03 8.057E+00
22 5.624E-04 1.468E+01 24 4.899E-04 1.005E+00 25 7.949E-03 2.761E-01 26 4.262E-03 7.087E-01 27 6.656E-04 1.223E+00
 13  21
 1 2.482E-05 1.000E+02  5 7.014E-06 6.992E+01  6 6.413E-06 4.795E+01  7 1.630E-04 5.376E+00  8 1.074E-04 1.529E+01
 9 2.370E-03 4.193E+00 10 1.092E-07 1.000E+02 11 8.631E-06 3.810E+01 12 5.817E-06 3.023E+01 13 9.956E-07 6.646E+01
14 4.647E-04 4.395E+01 15 3.672E-06 9.289E+01 16 2.665E-03 9.329E-01 17 3.213E-06 9.680E+01 18 4.576E-02 2.009E+00
21 1.936E-03 8.108E+00 22 7.545E-04 1.329E+01 24 5.626E-04 6.937E-01 25 7.840E-03 2.986E-01 26 4.229E-03 6.229E-01
27 7.104E-04 1.098E+00
 14  21
 3 1.363E-05 6.159E+01  5 5.206E-06 9.349E+01  6 7.761E-06 8.669E+01  7 1.790E-04 7.802E+00  8 1.810E-04 1.899E+01
 9 2.486E-03 3.565E+00 10 6.319E-06 7.086E+01 11 9.505E-06 3.839E+01 12 1.037E-05 2.080E+01 13 2.921E-06 7.266E+01
14 3.648E-04 3.828E+01 15 2.878E-06 7.142E+01 16 2.710E-03 1.116E+00 17 1.152E-05 4.850E+01 18 5.769E-02 2.537E+00
21 2.367E-03 8.810E+00 22 5.922E-04 1.427E+01 24 6.334E-04 9.831E-01 25 7.772E-03 3.266E-01 26 4.184E-03 6.480E-01
27 7.387E-04 1.047E+00
 15  21
 3 1.040E-05 4.477E+01  5 4.813E-05 9.556E+01  6 2.017E-05 3.840E+01  7 1.997E-04 6.989E+00  8 1.174E-04 1.618E+01
 9 2.693E-03 3.141E+00 10 1.274E-06 1.000E+02 11 2.126E-05 2.965E+01 12 9.659E-06 2.714E+01 13 4.666E-07 7.180E+01
14 4.502E-04 3.585E+01 15 4.073E-06 8.349E+01 16 2.683E-03 1.045E+00 17 2.528E-06 7.268E+01 18 6.399E-02 2.672E+00
21 2.538E-03 8.019E+00 22 7.993E-04 1.247E+01 24 7.109E-04 9.851E-01 25 7.606E-03 2.876E-01 26 4.145E-03 5.495E-01
27 7.882E-04 1.311E+00
 16  21
 3 2.551E-05 3.159E+01  5 6.122E-06 1.000E+02  6 3.326E-05 6.614E+01  7 1.858E-04 7.485E+00  8 1.855E-04 1.119E+01
 9 3.245E-03 3.605E+00 10 2.843E-07 1.000E+02 11 1.298E-05 4.839E+01 12 3.993E-06 4.115E+01 13 8.068E-07 7.170E+01
14 8.243E-04 3.056E+01 15 9.797E-06 7.100E+01 16 2.666E-03 9.185E-01 17 1.522E-05 5.282E+01 18 6.905E-02 1.789E+00
21 2.921E-03 7.688E+00 22 6.666E-04 1.264E+01 24 8.094E-04 7.434E-01 25 7.496E-03 3.340E-01 26 4.048E-03 8.315E-01
27 8.214E-04 1.345E+00
 17  22
 1 1.125E-06 1.000E+02  3 1.541E-05 2.997E+01  5 3.783E-05 6.884E+01  6 1.780E-05 4.601E+01  7 2.239E-04 6.753E+00
 8 2.208E-04 1.391E+01  9 3.442E-03 2.785E+00 10 1.586E-06 9.348E+01 11 9.424E-06 2.758E+01 12 1.567E-05 2.207E+01
13 1.921E-06 6.267E+01 14 7.275E-04 2.834E+01 15 1.693E-05 9.658E+01 16 2.688E-03 7.586E-01 17 3.592E-06 6.253E+01
18 6.351E-02 2.555E+00 21 3.108E-03 5.848E+00 22 1.246E-03 1.214E+01 24 9.202E-04 7.001E-01 25 7.213E-03 2.830E-01
26 3.911E-03 6.669E-01 27 8.748E-04 8.836E-01
 18  21
 3 1.867E-05 4.356E+01  5 3.905E-05 9.805E+01  6 1.610E-05 4.134E+01  7 2.452E-04 6.138E+00  8 2.273E-04 1.128E+01
 9 3.994E-03 3.092E+00 11 3.124E-05 3.006E+01 12 1.607E-05 2.206E+01 13 2.241E-06 6.301E+01 14 8.758E-04 2.242E+01
15 7.306E-06 5.845E+01 16 2.671E-03 7.874E-01 17 1.072E-05 5.473E+01 18 5.529E-02 2.194E+00 21 3.289E-03 5.563E+00
22 1.030E-03 9.919E+00 23 9.035E-08 1.000E+02 24 1.049E-03 5.441E-01 25 7.033E-03 3.028E-01 26 3.864E-03 7.372E-01
27 9.331E-04 1.301E+00
 19  22
 1 1.364E-05 1.000E+02  3 1.820E-05 3.791E+01  5 3.960E-05 7.461E+01  6 3.060E-05 4.109E+01  7 3.007E-04 6.774E+00
 8 2.177E-04 1.116E+01  9 4.116E-03 2.497E+00 10 1.779E-08 1.000E+02 11 3.092E-05 2.903E+01 12 1.122E-05 2.509E+01
13 1.187E-06 7.525E+01 14 9.144E-04 3.574E+01 15 1.750E-05 6.596E+01 16 2.622E-03 1.179E+00 17 1.017E-05 5.267E+01
18 4.145E-02 2.486E+00 21 3.456E-03 7.066E+00 22 1.143E-03 1.024E+01 24 1.203E-03 4.786E-01 25 6.677E-03 3.180E-01
26 3.739E-03 8.494E-01 27 1.018E-03 1.669E+00
 20  22
 3 1.725E-05 3.782E+01  5 6.274E-06 1.000E+02  6 2.432E-05 3.787E+01  7 3.070E-04 6.244E+00  8 2.424E-04 1.481E+01
 9 4.856E-03 3.403E+00 10 9.635E-09 1.000E+02 11 2.009E-05 2.587E+01 12 1.018E-05 1.986E+01 13 2.160E-06 5.983E+01
14 9.249E-04 2.819E+01 15 1.998E-05 4.240E+01 16 2.618E-03 7.981E-01 17 1.034E-05 4.714E+01 18 2.452E-02 2.890E+00
21 4.705E-03 6.653E+00 22 1.403E-03 8.650E+00 23 2.726E-07 1.000E+02 24 1.410E-03 5.962E-01 25 6.253E-03 3.182E-01
26 3.607E-03 7.199E-01 27 1.092E-03 1.326E+00
 21  20
 3 8.747E-06 6.131E+01  5 8.728E-06 1.000E+02  6 2.345E-05 3.943E+01  7 3.220E-04 4.568E+00  8 3.217E-04 1.025E+01
 9 7.051E-03 2.656E+00 11 2.436E-05 2.706E+01 12 1.355E-05 1.886E+01 13 1.597E-06 4.848E+01 14 6.417E-04 2.674E+01
15 2.025E-05 4.337E+01 16 2.178E-03 1.164E+00 17 1.492E-06 9.360E+01 18 1.268E-02 4.727E+00 21 4.418E-03 5.053E+00
22 1.380E-03 8.460E+00 24 3.090E-03 3.418E-01 25 2.906E-03 7.069E-01 26 3.258E-03 7.433E-01 27 1.631E-03 1.213E+00
 22  21
 3 8.632E-06 6.222E+01  5 1.256E-05 1.000E+02  6 2.975E-05 3.271E+01  7 3.826E-04 4.143E+00  8 3.464E-04 7.094E+00
 9 7.706E-03 2.780E+00 10 2.615E-06 8.952E+01 11 2.621E-05 3.328E+01 12 1.702E-05 2.484E+01 13 7.643E-07 6.625E+01
14 1.093E-03 1.916E+01 15 1.157E-05 6.370E+01 16 2.139E-03 9.210E-01 17 1.637E-05 5.882E+01 18 1.055E-02 4.770E+00
21 5.180E-03 4.271E+00 22 1.622E-03 1.093E+01 24 3.316E-03 3.439E-01 25 2.476E-03 5.870E-01 26 3.149E-03 5.606E-01
27 1.759E-03 1.017E+00
 23  20
 3 5.768E-06 6.883E+01  6 3.027E-05 2.586E+01  7 4.413E-04 5.403E+00  8 3.694E-04 9.671E+00  9 8.761E-03 2.478E+00
10 9.891E-07 7.607E+01 11 3.727E-05 2.438E+01 12 1.718E-05 1.622E+01 13 1.709E-06 3.653E+01 14 1.692E-03 1.608E+01
15 2.188E-05 5.056E+01 16 2.162E-03 8.803E-01 17 2.315E-05 3.691E+01 18 9.057E-03 4.116E+00 21 6.580E-03 4.780E+00
22 1.910E-03 8.230E+00 24 3.519E-03 3.574E-01 25 2.146E-03 7.765E-01 26 3.059E-03 9.400E-01 27 1.807E-03 1.146E+00
 24  23
 1 7.381E-06 7.713E+01  3 9.295E-06 5.625E+01  5 6.458E-05 6.697E+01  6 3.091E-05 3.654E+01  7 4.798E-04 3.672E+00
 8 3.492E-04 7.820E+00  9 1.040E-02 2.678E+00 10 1.227E-06 8.481E+01 11 2.931E-05 2.089E+01 12 2.345E-05 1.603E+01
13 3.312E-06 6.166E+01 14 1.200E-03 2.479E+01 15 4.373E-06 8.308E+01 16 2.124E-03 1.102E+00 17 1.598E-05 3.957E+01
18 8.654E-03 5.612E+00 21 6.664E-03 4.432E+00 22 2.115E-03 5.572E+00 23 3.440E-08 1.000E+02 24 3.649E-03 3.274E-01
25 1.898E-03 7.331E-01 26 3.002E-03 6.879E-01 27 1.890E-03 1.156E+00
 25  21
 3 3.710E-06 7.155E+01  5 1.178E-04 4.606E+01  6 3.356E-05 3.983E+01  7 5.502E-04 3.890E+00  8 4.144E-04 6.613E+00
 9 1.132E-02 2.080E+00 10 1.658E-06 7.459E+01 11 3.714E-05 2.602E+01 12 1.728E-05 1.891E+01 13 2.275E-06 6.854E+01
14 1.224E-03 1.982E+01 15 2.173E-05 5.624E+01 16 2.125E-03 1.029E+00 17 1.853E-05 4.794E+01 18 7.313E-03 7.652E+00
21 7.357E-03 5.208E+00 22 2.281E-03 6.055E+00 24 3.755E-03 2.876E-01 25 1.701E-03 7.689E-01 26 2.944E-03 7.801E-01
27 1.932E-03 1.086E+00
 26  24
 1 2.836E-05 9.047E+01  3 6.018E-07 1.000E+02  5 1.648E-05 6.910E+01  6 1.376E-05 5.673E+01  7 5.423E-04 4.497E+00
 8 4.875E-04 6.290E+00  9 1.127E-02 2.224E+00 10 4.571E-06 5.369E+01 11 4.799E-05 2.388E+01 12 2.735E-05 1.677E+01
13 2.178E-06 4.882E+01 14 1.795E-03 2.413E+01 15 1.531E-05 7.608E+01 16 2.086E-03 1.063E+00 17 8.172E-06 5.247E+01
18 6.661E-03 5.903E+00 19 4.363E-07 1.000E+02 21 7.697E-03 3.990E+00 22 2.550E-03 6.236E+00 23 2.419E-08 1.000E+02
24 3.841E-03 3.247E-01 25 1.472E-03 8.647E-01 26 2.853E-03 7.676E-01 27 1.983E-03 9.464E-01
 27  22
 1 4.828E-05 1.000E+02  3 1.099E-05 5.899E+01  5 2.206E-04 7.724E+01  6 2.743E-05 2.497E+01  7 6.316E-04 3.447E+00
 8 5.284E-04 9.583E+00  9 1.187E-02 2.333E+00 10 3.929E-06 5.336E+01 11 2.301E-05 3.373E+01 12 2.704E-05 1.835E+01
13 8.408E-07 5.208E+01 14 2.411E-03 1.070E+01 15 5.706E-05 4.158E+01 16 2.057E-03 1.022E+00 17 2.558E-05 3.903E+01
18 5.251E-03 4.062E+00 21 9.517E-03 3.841E+00 22 3.008E-03 6.612E+00 24 3.933E-03 2.984E-01 25 1.314E-03 9.875E-01
26 2.757E-03 7.456E-01 27 1.988E-03 8.793E-01
 28  22
 1 3.553E-05 9.729E+01  3 2.638E-07 1.000E+02  5 1.107E-04 6.872E+01  6 4.533E-05 2.199E+01  7 7.255E-04 3.253E+00
 8 5.812E-04 6.619E+00  9 1.266E-02 2.222E+00 10 1.872E-06 7.075E+01 11 5.118E-05 2.475E+01 12 3.263E-05 1.576E+01
13 6.969E-06 5.003E+01 14 1.938E-03 1.716E+01 15 5.833E-05 3.492E+01 16 2.069E-03 8.763E-01 17 3.120E-05 3.804E+01
18 4.656E-03 4.541E+00 21 1.017E-02 3.688E+00 22 3.202E-03 6.864E+00 24 4.004E-03 3.016E-01 25 1.161E-03 9.680E-01
26 2.735E-03 8.758E-01 27 2.076E-03 1.298E+00
 29  24
 1 1.092E-05 8.999E+01  3 6.698E-06 5.397E+01  5 1.136E-05 7.076E+01  6 5.638E-05 2.229E+01  7 7.187E-04 2.802E+00
 8 6.703E-04 4.655E+00  9 1.191E-02 2.368E+00 10 3.220E-07 7.138E+01 11 3.297E-05 2.203E+01 12 2.323E-05 1.728E+01
13 2.251E-06 5.181E+01 14 3.531E-03 1.194E+01 15 2.096E-05 5.175E+01 16 2.050E-03 8.476E-01 17 1.311E-05 3.569E+01
18 4.087E-03 5.881E+00 20 2.592E-07 1.000E+02 21 1.198E-02 4.633E+00 22 3.372E-03 7.236E+00 23 1.321E-09 1.000E+02
24 4.068E-03 3.352E-01 25 1.035E-03 7.242E-01 26 2.677E-03 8.629E-01 27 2.055E-03 9.529E-01
 30  22
 1 2.528E-06 8.626E+01  3 8.286E-06 4.410E+01  5 1.634E-04 5.467E+01  6 7.301E-05 2.103E+01  7 8.810E-04 3.639E+00
 8 7.081E-04 6.517E+00  9 1.079E-02 2.472E+00 10 1.315E-06 5.584E+01 11 5.866E-05 2.335E+01 12 4.456E-05 1.218E+01
13 1.998E-06 3.883E+01 14 2.375E-03 1.724E+01 15 2.408E-05 3.178E+01 16 2.069E-03 1.131E+00 17 2.810E-05 2.279E+01
18 3.321E-03 6.112E+00 21 2.091E-02 2.769E+00 22 3.882E-03 6.675E+00 24 4.122E-03 2.838E-01 25 9.304E-04 1.035E+00
26 2.647E-03 7.953E-01 27 2.083E-03 1.271E+00
 31  22
 1 6.190E-06 1.000E+02  3 5.583E-06 5.647E+01  5 9.856E-05 4.940E+01  6 5.765E-05 2.422E+01  7 8.937E-04 3.393E+00
 8 7.648E-04 6.129E+00  9 1.019E-02 1.899E+00 10 9.724E-06 6.201E+01 11 7.750E-05 2.002E+01 12 4.333E-05 1.353E+01
13 2.206E-06 7.597E+01 14 3.136E-03 1.114E+01 15 2.511E-05 5.867E+01 16 1.994E-03 1.379E+00 17 4.107E-05 2.826E+01
18 3.492E-03 4.877E+00 21 2.617E-02 3.036E+00 22 3.811E-03 7.903E+00 24 4.166E-03 3.631E-01 25 8.443E-04 1.444E+00
26 2.648E-03 7.373E-01 27 2.140E-03 8.240E-01
 32  22
 1 4.764E-07 1.000E+02  3 7.900E-06 4.160E+01  5 3.318E-04 4.105E+01  6 5.470E-05 1.996E+01  7 1.081E-03 2.174E+00
 8 9.336E-04 5.046E+00  9 1.016E-02 1.773E+00 10 8.067E-06 4.614E+01 11 8.486E-05 1.693E+01 12 4.175E-05 1.166E+01
13 5.316E-06 3.676E+01 14 3.567E-03 1.501E+01 15 7.470E-05 4.202E+01 16 2.008E-03 8.815E-01 17 3.416E-05 3.370E+01
18 3.115E-03 5.960E+00 21 2.766E-02 2.122E+00 22 4.691E-03 4.809E+00 24 4.248E-03 3.369E-01 25 7.611E-04 9.671E-01
26 2.665E-03 7.519E-01 27 2.173E-03 1.325E+00
 33  23
 1 1.095E-04 6.238E+01  3 6.879E-06 5.885E+01  5 2.633E-04 3.979E+01  6 9.993E-05 1.758E+01  7 1.219E-03 2.715E+00
 8 1.058E-03 5.691E+00  9 9.988E-03 2.190E+00 10 8.506E-07 9.243E+01 11 9.424E-05 1.606E+01 12 4.050E-05 1.139E+01
13 3.364E-06 4.217E+01 14 4.193E-03 9.764E+00 15 8.028E-05 4.991E+01 16 2.014E-03 1.216E+00 17 3.913E-05 4.071E+01
18 3.090E-03 7.381E+00 19 6.196E-06 1.000E+02 21 2.927E-02 2.484E+00 22 5.261E-03 4.235E+00 24 4.281E-03 3.352E-01
25 6.871E-04 1.085E+00 26 2.619E-03 8.155E-01 27 2.170E-03 9.925E-01
 34  23
 1 8.830E-06 6.651E+01  3 1.474E-05 3.210E+01  5 2.445E-04 3.858E+01  6 8.236E-05 1.697E+01  7 1.315E-03 3.363E+00
 8 1.062E-03 4.035E+00  9 9.493E-03 2.371E+00 10 3.308E-06 5.599E+01 11 8.800E-05 1.821E+01 12 5.211E-05 1.061E+01
13 3.676E-06 5.127E+01 14 3.934E-03 1.301E+01 15 7.013E-05 3.085E+01 16 2.013E-03 9.623E-01 17 7.076E-05 3.165E+01
18 2.258E-03 9.430E+00 21 2.906E-02 1.980E+00 22 5.494E-03 4.398E+00 23 5.367E-08 1.000E+02 24 4.309E-03 3.051E-01
25 6.024E-04 1.155E+00 26 2.591E-03 6.926E-01 27 2.200E-03 1.080E+00
 35  22
 1 6.162E-07 1.000E+02  3 1.778E-05 4.843E+01  5 1.678E-04 4.367E+01  6 8.280E-05 2.109E+01  7 1.433E-03 2.593E+00
 8 1.171E-03 4.596E+00  9 9.424E-03 1.801E+00 10 1.072E-05 4.020E+01 11 8.059E-05 2.434E+01 12 7.558E-05 9.331E+00
13 4.769E-06 2.846E+01 14 4.543E-03 1.100E+01 15 4.707E-05 3.060E+01 16 1.986E-03 1.007E+00 17 7.658E-05 2.343E+01
18 2.345E-03 1.097E+01 21 3.106E-02 1.515E+00 22 6.434E-03 4.675E+00 24 4.348E-03 3.357E-01 25 5.530E-04 1.186E+00
26 2.605E-03 6.504E-01 27 2.213E-03 8.535E-01
 36  22
 1 8.257E-07 1.000E+02  3 5.079E-06 5.889E+01  5 8.469E-05 4.382E+01  6 1.517E-04 2.680E+01  7 1.464E-03 2.870E+00
 8 1.287E-03 4.717E+00  9 9.472E-03 2.581E+00 10 7.349E-06 5.807E+01 11 9.755E-05 1.360E+01 12 6.725E-05 1.022E+01
13 6.890E-06 3.597E+01 14 4.569E-03 1.346E+01 15 5.121E-05 3.530E+01 16 1.990E-03 1.174E+00 17 4.802E-05 2.531E+01
18 2.071E-03 1.092E+01 21 3.031E-02 2.617E+00 22 6.583E-03 4.683E+00 24 4.361E-03 3.479E-01 25 4.903E-04 1.131E+00
26 2.618E-03 9.407E-01 27 2.271E-03 1.360E+00
 37  22
 1 9.934E-06 1.000E+02  3 1.259E-05 4.401E+01  5 2.036E-04 4.399E+01  6 9.706E-05 1.777E+01  7 1.748E-03 2.338E+00
 8 1.355E-03 4.609E+00  9 9.264E-03 2.227E+00 10 3.484E-06 5.835E+01 11 1.178E-04 1.380E+01 12 7.289E-05 8.911E+00
13 3.479E-06 4.901E+01 14 6.367E-03 1.000E+01 15 2.736E-05 3.292E+01 16 1.967E-03 1.204E+00 17 6.470E-05 2.463E+01
18 1.797E-03 1.189E+01 21 3.032E-02 2.454E+00 22 7.508E-03 3.338E+00 24 4.418E-03 2.989E-01 25 4.395E-04 1.114E+00
26 2.590E-03 8.120E-01 27 2.269E-03 1.308E+00
 38  22
 1 8.087E-05 6.898E+01  3 4.433E-06 7.994E+01  5 1.409E-04 4.690E+01  6 9.179E-05 1.498E+01  7 1.949E-03 2.316E+00
 8 1.645E-03 5.166E+00  9 9.756E-03 2.093E+00 10 9.900E-06 5.062E+01 11 1.740E-04 1.154E+01 12 8.126E-05 1.164E+01
13 4.135E-06 3.095E+01 14 6.698E-03 9.119E+00 15 7.369E-05 4.106E+01 16 1.971E-03 1.409E+00 17 7.866E-05 2.939E+01
18 1.565E-03 1.052E+01 21 2.905E-02 2.539E+00 22 8.395E-03 4.814E+00 24 4.427E-03 3.025E-01 25 4.050E-04 1.906E+00
26 2.621E-03 8.159E-01 27 2.302E-03 1.042E+00
 39  23
 1 1.027E-04 7.319E+01  3 1.311E-05 5.067E+01  5 2.496E-04 3.423E+01  6 1.410E-04 1.583E+01  7 2.097E-03 2.957E+00
 8 1.767E-03 5.335E+00  9 9.518E-03 2.057E+00 10 6.574E-06 4.416E+01 11 1.539E-04 1.081E+01 12 9.700E-05 6.879E+00
13 7.700E-06 1.991E+01 14 8.149E-03 9.573E+00 15 1.059E-04 2.159E+01 16 1.987E-03 1.196E+00 17 8.158E-05 2.448E+01
18 1.806E-03 1.024E+01 21 2.931E-02 2.847E+00 22 8.825E-03 4.574E+00 23 6.356E-08 9.911E+01 24 4.481E-03 2.783E-01
25 3.611E-04 1.238E+00 26 2.622E-03 8.221E-01 27 2.359E-03 1.091E+00
 40  24
 1 1.277E-05 1.000E+02  3 1.045E-05 4.327E+01  5 4.466E-04 4.091E+01  6 1.636E-04 1.477E+01  7 2.421E-03 2.236E+00
 8 2.087E-03 3.774E+00  9 9.432E-03 2.220E+00 10 1.059E-05 4.976E+01 11 1.887E-04 1.694E+01 12 1.057E-04 6.181E+00
13 1.480E-05 2.089E+01 14 6.478E-03 8.999E+00 15 6.346E-05 3.079E+01 16 1.947E-03 1.292E+00 17 9.745E-05 3.451E+01
18 1.592E-03 1.401E+01 19 2.107E-05 8.450E+01 21 2.934E-02 2.841E+00 22 9.606E-03 2.868E+00 23 8.799E-08 1.000E+02
24 4.489E-03 3.363E-01 25 3.331E-04 1.548E+00 26 2.652E-03 7.126E-01 27 2.417E-03 9.377E-01
 41  22
 1 7.672E-05 7.070E+01  3 5.142E-06 6.025E+01  5 4.102E-04 2.250E+01  6 1.897E-04 1.781E+01  7 2.571E-03 1.617E+00
 8 2.209E-03 3.417E+00  9 9.967E-03 2.674E+00 10 9.812E-06 3.705E+01 11 1.934E-04 1.183E+01 12 1.292E-04 7.446E+00
13 1.228E-05 2.168E+01 14 8.649E-03 1.015E+01 15 1.660E-04 2.557E+01 16 1.969E-03 1.046E+00 17 8.358E-05 1.943E+01
18 1.200E-03 1.244E+01 21 2.788E-02 2.356E+00 22 1.108E-02 3.756E+00 24 4.509E-03 3.238E-01 25 2.990E-04 1.910E+00
26 2.681E-03 7.619E-01 27 2.441E-03 9.483E-01
 42  23
 1 9.653E-05 5.465E+01  3 1.219E-05 4.797E+01  5 3.115E-04 3.556E+01  6 1.837E-04 1.403E+01  7 2.862E-03 2.503E+00
 8 2.379E-03 3.007E+00  9 9.931E-03 2.432E+00 10 2.203E-05 4.243E+01 11 2.245E-04 1.340E+01 12 1.207E-04 6.457E+00
13 1.717E-05 2.204E+01 14 1.103E-02 9.024E+00 15 1.047E-04 2.381E+01 16 1.962E-03 1.315E+00 17 1.092E-04 2.455E+01
18 1.190E-03 1.072E+01 19 7.228E-05 1.000E+02 21 2.611E-02 2.840E+00 22 1.193E-02 3.497E+00 24 4.530E-03 3.075E-01
25 2.610E-04 1.947E+00 26 2.705E-03 6.344E-01 27 2.481E-03 7.270E-01
 43  22
 1 1.450E-05 8.889E+01  3 3.132E-05 2.245E+01  5 5.435E-04 3.590E+01  6 2.094E-04 1.470E+01  7 3.160E-03 2.212E+00
 8 2.809E-03 3.913E+00  9 9.656E-03 2.793E+00 10 2.389E-05 2.974E+01 11 2.629E-04 9.129E+00 12 1.440E-04 6.477E+00
13 1.022E-05 3.754E+01 14 1.054E-02 8.677E+00 15 1.534E-04 1.866E+01 16 1.954E-03 9.855E-01 17 1.143E-04 2.219E+01
18 1.016E-03 1.446E+01 21 2.135E-02 2.431E+00 22 1.411E-02 2.180E+00 24 4.535E-03 3.010E-01 25 2.403E-04 1.708E+00
26 2.726E-03 8.632E-01 27 2.526E-03 1.181E+00
 44  23
 1 3.467E-05 9.513E+01  3 1.365E-05 4.772E+01  5 3.032E-04 4.053E+01  6 2.428E-04 1.071E+01  7 3.647E-03 1.606E+00
 8 3.046E-03 4.005E+00  9 9.302E-03 2.467E+00 10 1.946E-05 5.372E+01 11 3.380E-04 9.377E+00 12 1.378E-04 7.214E+00
13 1.387E-05 2.255E+01 14 1.221E-02 6.559E+00 15 8.049E-05 1.935E+01 16 1.967E-03 1.281E+00 17 8.525E-05 1.540E+01
18 8.447E-04 1.550E+01 19 2.618E-05 8.892E+01 21 1.182E-02 2.764E+00 22 1.558E-02 3.464E+00 24 4.543E-03 2.879E-01
25 2.166E-04 1.585E+00 26 2.747E-03 6.168E-01 27 2.578E-03 9.129E-01
 45  23
 1 5.428E-05 6.432E+01  3 2.638E-05 3.666E+01  5 6.929E-04 2.102E+01  6 2.947E-04 1.431E+01  7 3.726E-03 1.627E+00
 8 3.169E-03 2.746E+00  9 9.293E-03 2.426E+00 10 1.840E-05 2.845E+01 11 3.240E-04 8.579E+00 12 1.674E-04 4.912E+00
13 1.609E-05 2.329E+01 14 1.216E-02 7.649E+00 15 1.693E-04 2.190E+01 16 1.972E-03 1.200E+00 17 1.537E-04 1.729E+01
18 8.042E-04 1.517E+01 21 1.068E-02 4.700E+00 22 1.763E-02 2.075E+00 23 5.780E-07 7.159E+01 24 4.548E-03 2.842E-01
25 1.900E-04 2.296E+00 26 2.782E-03 9.862E-01 27 2.609E-03 1.107E+00
 46  23
 1 7.309E-05 5.485E+01  3 6.705E-06 6.026E+01  5 7.099E-04 2.656E+01  6 3.120E-04 1.172E+01  7 4.459E-03 1.390E+00
 8 3.739E-03 3.281E+00  9 9.770E-03 1.898E+00 10 2.891E-05 2.858E+01 11 3.038E-04 9.121E+00 12 1.864E-04 5.009E+00
13 1.222E-05 2.030E+01 14 1.365E-02 7.787E+00 15 1.875E-04 1.825E+01 16 1.941E-03 1.148E+00 17 1.846E-04 1.389E+01
18 5.931E-04 1.290E+01 21 9.924E-03 3.239E+00 22 2.896E-02 2.539E+00 23 1.170E-08 1.000E+02 24 4.614E-03 2.727E-01
25 1.724E-04 2.026E+00 26 2.882E-03 4.441E-01 27 2.724E-03 8.415E-01
 47  23
 1 1.228E-04 4.835E+01  3 1.878E-05 3.050E+01  5 6.432E-04 2.329E+01  6 3.095E-04 9.765E+00  7 4.903E-03 1.567E+00
 8 4.121E-03 2.408E+00  9 9.151E-03 2.947E+00 10 2.525E-05 2.935E+01 11 4.045E-04 6.844E+00 12 2.009E-04 7.920E+00
13 1.324E-05 1.559E+01 14 1.993E-02 6.710E+00 15 1.312E-04 2.023E+01 16 1.910E-03 1.170E+00 17 1.510E-04 1.338E+01
18 6.828E-04 1.573E+01 21 8.413E-03 4.082E+00 22 3.973E-02 2.453E+00 23 4.957E-07 7.592E+01 24 4.619E-03 3.319E-01
25 1.624E-04 2.440E+00 26 2.931E-03 6.426E-01 27 2.805E-03 1.078E+00
 48  23
 1 9.189E-05 7.756E+01  3 1.410E-05 3.644E+01  5 5.265E-04 3.570E+01  6 3.361E-04 1.364E+01  7 5.069E-03 1.185E+00
 8 4.645E-03 2.847E+00  9 9.424E-03 2.306E+00 10 3.381E-05 2.635E+01 11 3.506E-04 8.551E+00 12 2.096E-04 5.843E+00
13 1.712E-05 1.773E+01 14 3.046E-02 6.403E+00 15 1.876E-04 2.249E+01 16 1.937E-03 7.560E-01 17 1.757E-04 1.562E+01
18 7.066E-04 1.577E+01 21 7.541E-03 3.429E+00 22 4.320E-02 3.020E+00 23 2.337E-08 1.000E+02 24 4.603E-03 3.319E-01
25 1.417E-04 1.912E+00 26 3.050E-03 6.986E-01 27 2.938E-03 1.082E+00
 49  23
 1 5.149E-05 5.442E+01  3 1.646E-05 3.260E+01  5 9.680E-04 1.817E+01  6 4.224E-04 7.354E+00  7 5.730E-03 1.213E+00
 8 5.717E-03 1.995E+00  9 9.011E-03 3.000E+00 10 2.598E-05 1.981E+01 11 4.359E-04 9.109E+00 12 2.566E-04 5.782E+00
13 1.842E-05 1.867E+01 14 3.285E-02 6.021E+00 15 2.587E-04 1.302E+01 16 1.894E-03 1.078E+00 17 2.457E-04 9.888E+00
18 5.598E-04 1.357E+01 21 6.357E-03 5.108E+00 22 4.155E-02 2.523E+00 23 1.014E-07 1.000E+02 24 4.702E-03 2.921E-01
25 1.238E-04 2.852E+00 26 3.937E-03 5.731E-01 27 4.385E-03 7.412E-01
 50  23
 1 8.801E-05 4.872E+01  3 1.678E-05 2.894E+01  5 5.951E-04 1.890E+01  6 3.950E-04 8.804E+00  7 6.228E-03 1.275E+00
 8 8.671E-03 2.344E+00  9 8.660E-03 2.454E+00 10 2.469E-05 3.056E+01 11 4.506E-04 8.650E+00 12 2.628E-04 5.219E+00
13 1.497E-05 2.189E+01 14 3.108E-02 5.368E+00 15 2.596E-04 1.786E+01 16 1.945E-03 1.131E+00 17 1.887E-04 1.356E+01
18 5.814E-04 2.685E+01 21 5.918E-03 5.977E+00 22 3.543E-02 2.315E+00 23 1.001E-07 6.228E+01 24 4.677E-03 3.182E-01
25 1.168E-04 2.397E+00 26 4.020E-03 4.376E-01 27 4.482E-03 4.409E-01
 51  23
 1 1.402E-04 4.709E+01  3 1.701E-05 3.882E+01  5 6.184E-04 2.415E+01  6 4.850E-04 7.101E+00  7 6.827E-03 1.100E+00
 8 8.646E-03 1.716E+00  9 9.137E-03 2.877E+00 10 1.371E-05 3.470E+01 11 5.442E-04 8.555E+00 12 3.095E-04 4.866E+00
13 2.753E-05 1.230E+01 14 3.343E-02 6.483E+00 15 3.362E-04 1.439E+01 16 1.870E-03 1.199E+00 17 1.903E-04 1.316E+01
18 5.892E-04 1.914E+01 21 5.303E-03 6.300E+00 22 2.591E-02 3.089E+00 23 5.130E-09 1.000E+02 24 4.708E-03 2.473E-01
25 1.025E-04 2.807E+00 26 4.155E-03 6.286E-01 27 4.690E-03 7.779E-01
 52  24
 1 8.538E-05 6.438E+01  3 2.336E-05 3.531E+01  5 8.660E-04 2.460E+01  6 4.674E-04 1.058E+01  7 7.668E-03 1.532E+00
 8 9.399E-03 1.275E+00  9 8.515E-03 2.530E+00 10 4.134E-05 2.746E+01 11 5.377E-04 5.855E+00 12 3.227E-04 4.237E+00
13 2.574E-05 1.670E+01 14 3.536E-02 5.420E+00 15 2.792E-04 1.822E+01 16 1.917E-03 1.060E+00 17 2.967E-04 1.190E+01
18 3.840E-04 1.873E+01 19 8.583E-07 1.000E+02 21 4.596E-03 6.065E+00 22 1.629E-02 2.969E+00 23 1.625E-07 6.496E+01
24 4.697E-03 3.681E-01 25 9.707E-05 3.798E+00 26 4.176E-03 4.940E-01 27 4.703E-03 5.579E-01
 53  23
 1 1.394E-04 3.310E+01  3 3.001E-05 2.402E+01  5 1.222E-03 2.593E+01  6 5.256E-04 5.256E+00  7 8.451E-03 1.155E+00
 8 1.002E-02 2.133E+00  9 8.841E-03 2.473E+00 10 3.739E-05 2.357E+01 11 6.054E-04 6.930E+00 12 3.768E-04 5.199E+00
13 2.500E-05 1.403E+01 14 2.160E-02 6.687E+00 15 3.075E-04 1.980E+01 16 1.880E-03 1.306E+00 17 3.006E-04 1.572E+01
18 3.038E-04 2.916E+01 21 3.775E-03 4.489E+00 22 1.456E-02 4.108E+00 23 1.198E-06 7.338E+01 24 4.713E-03 3.309E-01
25 8.497E-05 2.592E+00 26 4.199E-03 6.864E-01 27 4.748E-03 9.242E-01
 54  23
 1 1.899E-04 3.631E+01  3 2.908E-05 3.167E+01  5 1.428E-03 2.136E+01  6 6.660E-04 7.836E+00  7 9.593E-03 1.454E+00
 8 1.050E-02 2.683E+00  9 8.669E-03 2.885E+00 10 4.819E-05 3.271E+01 11 7.172E-04 6.298E+00 12 4.003E-04 3.452E+00
13 3.523E-05 1.488E+01 14 1.745E-02 5.791E+00 15 3.441E-04 1.642E+01 16 1.886E-03 1.034E+00 17 2.848E-04 1.588E+01
18 2.483E-04 2.098E+01 21 4.011E-03 4.689E+00 22 1.317E-02 3.742E+00 23 1.280E-07 7.701E+01 24 4.712E-03 3.378E-01
25 7.506E-05 3.691E+00 26 4.233E-03 6.239E-01 27 4.770E-03 7.786E-01
 55  24
 1 1.638E-04 3.643E+01  3 2.384E-05 2.667E+01  5 1.228E-03 2.270E+01  6 6.832E-04 8.858E+00  7 1.632E-02 1.066E+00
 8 1.073E-02 2.158E+00  9 8.654E-03 2.288E+00 10 5.135E-05 2.285E+01 11 7.140E-04 5.230E+00 12 4.566E-04 2.907E+00
13 3.841E-05 1.347E+01 14 1.426E-02 7.297E+00 15 4.256E-04 1.603E+01 16 1.935E-03 9.494E-01 17 3.730E-04 1.577E+01
18 2.677E-04 2.186E+01 19 1.812E-05 7.636E+01 21 3.617E-03 6.200E+00 22 1.196E-02 3.805E+00 23 3.032E-07 5.694E+01
24 4.743E-03 3.367E-01 25 7.040E-05 4.227E+00 26 4.228E-03 6.360E-01 27 4.766E-03 8.925E-01
 56  23
 1 1.218E-04 2.818E+01  3 2.792E-05 2.789E+01  5 1.497E-03 1.616E+01  6 9.397E-04 5.346E+00  7 1.741E-02 9.295E-01
 8 1.105E-02 1.901E+00  9 8.619E-03 2.324E+00 10 7.062E-05 1.873E+01 11 8.405E-04 4.984E+00 12 4.733E-04 4.339E+00
13 4.427E-05 1.456E+01 14 1.195E-02 8.054E+00 15 4.194E-04 1.470E+01 16 1.891E-03 1.120E+00 17 3.812E-04 8.848E+00
18 4.378E-04 1.639E+01 21 2.891E-03 7.667E+00 22 1.024E-02 3.569E+00 23 6.658E-09 1.000E+02 24 4.740E-03 3.135E-01
25 6.118E-05 3.912E+00 26 4.248E-03 6.626E-01 27 4.766E-03 8.325E-01
 57  23
 1 1.589E-04 4.490E+01  3 3.139E-05 2.848E+01  5 1.589E-03 1.374E+01  6 8.907E-04 6.868E+00  7 1.800E-02 8.603E-01
 8 1.229E-02 2.287E+00  9 8.545E-03 3.114E+00 10 7.093E-05 1.976E+01 11 9.942E-04 5.425E+00 12 5.440E-04 3.141E+00
13 4.956E-05 1.290E+01 14 1.160E-02 6.348E+00 15 6.043E-04 1.112E+01 16 1.882E-03 1.167E+00 17 4.038E-04 1.205E+01
18 2.466E-04 2.565E+01 21 2.912E-03 7.897E+00 22 8.749E-03 5.707E+00 23 2.371E-07 8.490E+01 24 4.760E-03 3.405E-01
25 5.406E-05 4.715E+00 26 4.255E-03 6.031E-01 27 4.754E-03 6.681E-01
 58  24
 1 2.339E-04 3.216E+01  3 1.214E-05 2.913E+01  5 1.450E-03 1.894E+01  6 9.470E-04 7.719E+00  7 1.918E-02 8.818E-01
 8 1.221E-02 2.030E+00  9 8.393E-03 1.706E+00 10 6.405E-05 1.511E+01 11 1.128E-03 5.381E+00 12 6.073E-04 4.285E+00
13 4.143E-05 1.147E+01 14 8.994E-03 1.138E+01 15 6.132E-04 1.019E+01 16 1.873E-03 7.577E-01 17 5.178E-04 8.599E+00
18 1.611E-04 3.456E+01 19 7.566E-06 1.000E+02 21 2.524E-03 6.160E+00 22 8.393E-03 3.278E+00 23 7.002E-07 8.292E+01
24 4.767E-03 3.206E-01 25 4.928E-05 3.709E+00 26 4.262E-03 6.408E-01 27 4.765E-03 7.863E-01
 59  24
 1 4.382E-04 2.548E+01  3 4.206E-05 2.985E+01  5 1.422E-03 1.613E+01  6 1.110E-03 5.296E+00  7 1.948E-02 1.003E+00
 8 1.251E-02 1.936E+00  9 8.418E-03 2.699E+00 10 7.877E-05 1.653E+01 11 1.130E-03 4.145E+00 12 7.052E-04 3.276E+00
13 5.460E-05 1.119E+01 14 8.949E-03 9.772E+00 15 5.910E-04 1.176E+01 16 1.883E-03 1.354E+00 17 6.034E-04 7.996E+00
18 1.891E-04 2.769E+01 19 3.009E-05 1.000E+02 21 2.322E-03 6.311E+00 22 8.057E-03 4.562E+00 23 4.148E-07 4.340E+01
24 4.748E-03 3.637E-01 25 4.831E-05 4.814E+00 26 4.173E-03 6.068E-01 27 4.686E-03 8.081E-01
 60  23
 1 2.400E-04 3.423E+01  3 2.787E-05 3.233E+01  5 2.745E-03 9.280E+00  6 1.186E-03 6.961E+00  7 1.972E-02 8.426E-01
 8 1.332E-02 1.689E+00  9 7.945E-03 2.312E+00 10 1.078E-04 1.956E+01 11 1.313E-03 5.490E+00 12 8.003E-04 2.269E+00
13 5.280E-05 9.123E+00 14 7.756E-03 9.382E+00 15 6.845E-04 9.821E+00 16 1.903E-03 1.153E+00 17 6.513E-04 8.397E+00
18 2.630E-04 2.005E+01 21 2.179E-03 8.838E+00 22 7.039E-03 4.688E+00 23 3.713E-07 5.278E+01 24 4.747E-03 3.211E-01
25 4.127E-05 4.040E+00 26 4.151E-03 7.158E-01 27 4.639E-03 8.683E-01
 61  25
 1 5.412E-04 3.435E+01  2 2.283E-08 1.000E+02  3 2.421E-05 2.805E+01  5 2.363E-03 1.417E+01  6 1.243E-03 6.246E+00
 7 2.029E-02 5.627E-01  8 1.266E-02 1.476E+00  9 8.247E-03 2.257E+00 10 7.926E-05 1.563E+01 11 1.585E-03 3.880E+00
12 8.653E-04 2.596E+00 13 6.094E-05 1.441E+01 14 7.412E-03 7.043E+00 15 7.412E-04 8.490E+00 16 1.899E-03 9.397E-01
17 6.758E-04 8.074E+00 18 1.337E-04 3.271E+01 19 3.940E-05 6.393E+01 21 2.045E-03 7.816E+00 22 6.090E-03 5.755E+00
23 2.687E-07 5.540E+01 24 4.743E-03 2.985E-01 25 3.870E-05 5.042E+00 26 4.142E-03 6.524E-01 27 4.572E-03 7.996E-01
 62  25
 1 6.814E-04 2.501E+01  3 4.142E-05 2.842E+01  5 2.716E-03 9.785E+00  6 1.396E-03 4.992E+00  7 2.015E-02 8.589E-01
 8 1.331E-02 1.701E+00  9 7.735E-03 2.566E+00 10 8.540E-05 2.066E+01 11 1.670E-03 3.438E+00 12 1.006E-03 2.401E+00
13 7.707E-05 1.320E+01 14 6.786E-03 9.251E+00 15 6.912E-04 9.901E+00 16 1.874E-03 1.311E+00 17 7.663E-04 5.947E+00
18 1.667E-04 3.189E+01 19 5.528E-06 1.000E+02 20 5.109E-05 1.000E+02 21 1.651E-03 7.050E+00 22 5.703E-03 4.975E+00
23 5.553E-07 4.670E+01 24 4.740E-03 2.806E-01 25 3.387E-05 5.887E+00 26 4.047E-03 7.392E-01 27 4.461E-03 9.775E-01
 63  25
 1 4.238E-04 2.310E+01  3 5.138E-05 2.187E+01  5 3.737E-03 1.203E+01  6 1.717E-03 5.324E+00  7 2.050E-02 8.329E-01
 8 1.389E-02 1.365E+00  9 7.364E-03 2.562E+00 10 8.412E-05 1.707E+01 11 1.886E-03 3.140E+00 12 1.042E-03 2.668E+00
13 8.623E-05 8.714E+00 14 6.631E-03 1.067E+01 15 8.630E-04 8.442E+00 16 1.924E-03 9.074E-01 17 7.242E-04 7.484E+00
18 1.095E-04 2.654E+01 19 2.604E-05 1.000E+02 20 1.992E-05 9.356E+01 21 1.452E-03 8.446E+00 22 4.793E-03 5.357E+00
23 9.210E-07 2.426E+01 24 4.761E-03 2.646E-01 25 3.188E-05 3.839E+00 26 4.060E-03 4.873E-01 27 4.421E-03 6.158E-01
 64  24
 1 6.677E-04 2.479E+01  3 3.460E-05 2.703E+01  5 4.084E-03 1.493E+01  6 1.649E-03 4.876E+00  7 2.050E-02 9.501E-01
 8 1.476E-02 1.299E+00  9 7.437E-03 2.727E+00 10 1.049E-04 9.983E+00 11 2.156E-03 3.325E+00 12 1.145E-03 1.754E+00
13 8.392E-05 7.949E+00 14 6.732E-03 9.108E+00 15 9.509E-04 9.302E+00 16 1.905E-03 9.635E-01 17 9.338E-04 5.511E+00
18 4.491E-05 3.444E+01 19 6.042E-06 1.000E+02 21 1.356E-03 8.352E+00 22 4.875E-03 4.250E+00 23 1.055E-06 4.891E+01
24 4.739E-03 3.350E-01 25 2.561E-05 4.671E+00 26 3.885E-03 6.052E-01 27 4.163E-03 7.126E-01
 65  25
 1 3.853E-04 2.792E+01  2 1.219E-06 1.000E+02  3 3.606E-05 2.161E+01  5 4.185E-03 7.959E+00  6 2.060E-03 4.835E+00
 7 2.091E-02 7.286E-01  8 1.539E-02 1.731E+00  9 7.580E-03 2.697E+00 10 1.305E-04 1.299E+01 11 2.338E-03 3.713E+00
12 1.340E-03 1.524E+00 13 9.231E-05 9.695E+00 14 4.698E-03 1.362E+01 15 1.161E-03 9.738E+00 16 1.917E-03 1.101E+00
17 1.089E-03 9.625E+00 18 4.664E-05 5.490E+01 19 2.119E-05 9.822E+01 21 1.396E-03 1.037E+01 22 4.706E-03 4.419E+00
23 7.207E-07 6.280E+01 24 4.674E-03 3.266E-01 25 2.552E-05 5.988E+00 26 3.000E-03 8.807E-01 27 2.611E-03 1.149E+00
 66  25
 1 4.671E-04 2.891E+01  2 3.318E-07 1.000E+02  3 5.813E-05 2.207E+01  5 3.346E-03 1.198E+01  6 2.321E-03 4.449E+00
 7 2.061E-02 8.302E-01  8 1.577E-02 1.131E+00  9 7.297E-03 3.068E+00 10 1.268E-04 1.581E+01 11 2.641E-03 4.397E+00
12 1.440E-03 2.393E+00 13 1.209E-04 7.759E+00 14 4.496E-03 1.051E+01 15 1.185E-03 5.748E+00 16 1.909E-03 1.476E+00
17 1.137E-03 5.171E+00 18 1.099E-04 3.287E+01 19 2.736E-05 9.644E+01 21 9.957E-04 1.073E+01 22 3.730E-03 4.726E+00
23 2.035E-06 4.654E+01 24 4.651E-03 3.205E-01 25 2.442E-05 5.558E+00 26 2.870E-03 1.100E+00 27 2.407E-03 1.350E+00
 67  25
 1 6.580E-04 2.277E+01  3 4.410E-05 2.890E+01  5 4.586E-03 9.737E+00  6 2.481E-03 3.689E+00  7 2.024E-02 8.644E-01
 8 1.686E-02 2.325E+00  9 7.142E-03 3.117E+00 10 1.550E-04 1.027E+01 11 3.028E-03 3.590E+00 12 1.618E-03 2.193E+00
13 1.051E-04 7.587E+00 14 4.168E-03 1.322E+01 15 1.319E-03 4.987E+00 16 1.909E-03 1.230E+00 17 1.255E-03 7.508E+00
18 9.267E-05 3.263E+01 19 2.269E-05 9.371E+01 20 1.139E-06 8.901E+01 21 1.060E-03 1.061E+01 22 3.529E-03 5.235E+00
23 7.675E-07 4.544E+01 24 4.653E-03 3.576E-01 25 2.307E-05 6.728E+00 26 2.797E-03 8.756E-01 27 2.327E-03 1.138E+00
 68  25
 1 7.900E-04 2.103E+01  3 4.897E-05 1.909E+01  5 5.695E-03 7.363E+00  6 2.794E-03 3.080E+00  7 2.003E-02 8.924E-01
 8 1.761E-02 1.484E+00  9 6.739E-03 3.075E+00 10 1.817E-04 1.156E+01 11 3.269E-03 2.339E+00 12 1.875E-03 2.307E+00
13 1.381E-04 9.285E+00 14 3.742E-03 1.602E+01 15 1.326E-03 6.873E+00 16 1.916E-03 9.740E-01 17 1.304E-03 6.316E+00
18 8.373E-05 4.116E+01 19 5.221E-05 5.254E+01 20 1.748E-05 1.000E+02 21 9.967E-04 1.393E+01 22 3.266E-03 6.186E+00
23 1.912E-07 4.562E+01 24 4.673E-03 2.960E-01 25 1.869E-05 5.623E+00 26 2.745E-03 7.686E-01 27 2.207E-03 9.785E-01
 69  25
 1 7.336E-04 1.714E+01  3 7.035E-05 1.864E+01  5 5.536E-03 1.057E+01  6 3.187E-03 5.391E+00  7 1.787E-02 9.407E-01
 8 2.834E-02 1.109E+00  9 3.925E-03 3.070E+00 10 1.858E-04 1.343E+01 11 3.687E-03 3.007E+00 12 2.088E-03 1.646E+00
13 1.400E-04 8.420E+00 14 2.472E-03 2.017E+01 15 1.846E-03 6.605E+00 16 1.943E-03 1.367E+00 17 1.622E-03 5.236E+00
18 1.919E-04 4.720E+01 19 3.877E-05 5.657E+01 20 1.443E-06 1.000E+02 21 7.657E-04 8.540E+00 22 3.189E-03 7.216E+00
23 2.478E-06 3.359E+01 24 4.644E-03 3.184E-01 25 1.701E-05 7.287E+00 26 2.706E-03 5.929E-01 27 2.141E-03 8.761E-01
 70  26
 1 7.110E-04 1.954E+01  2 1.894E-08 1.000E+02  3 5.645E-05 2.289E+01  5 6.245E-03 8.004E+00  6 3.720E-03 2.796E+00
 7 1.519E-02 7.945E-01  8 2.598E-02 1.638E+00  9 3.452E-03 4.242E+00 10 2.095E-04 1.318E+01 11 4.351E-03 2.227E+00
12 2.304E-03 1.909E+00 13 1.663E-04 5.331E+00 14 3.110E-03 1.233E+01 15 1.743E-03 9.149E+00 16 1.897E-03 1.103E+00
17 1.680E-03 5.232E+00 18 9.040E-05 4.932E+01 19 3.318E-05 5.448E+01 20 8.773E-07 1.000E+02 21 7.632E-04 1.372E+01
22 2.582E-03 7.010E+00 23 1.257E-06 3.437E+01 24 4.653E-03 3.084E-01 25 1.597E-05 8.014E+00 26 2.679E-03 7.413E-01
27 2.065E-03 8.826E-01
 71  24
 1 8.100E-04 2.483E+01  3 6.806E-05 1.900E+01  5 7.713E-03 9.338E+00  6 3.728E-03 3.665E+00  7 1.399E-02 1.009E+00
 8 2.194E-02 9.139E-01  9 3.074E-03 3.836E+00 10 2.315E-04 9.823E+00 11 4.833E-03 2.508E+00 12 2.600E-03 1.769E+00
13 1.741E-04 7.114E+00 14 2.665E-03 1.741E+01 15 2.044E-03 6.299E+00 16 1.906E-03 1.032E+00 17 2.115E-03 5.737E+00
18 1.830E-05 5.964E+01 20 4.480E-06 1.000E+02 21 7.840E-04 1.213E+01 22 2.569E-03 7.708E+00 23 3.348E-07 4.561E+01
24 4.677E-03 3.020E-01 25 1.406E-05 7.915E+00 26 2.654E-03 5.342E-01 27 2.044E-03 8.636E-01
 72  24
 1 8.823E-04 1.727E+01  3 6.152E-05 2.347E+01  5 8.561E-03 5.499E+00  6 4.497E-03 3.511E+00  7 1.338E-02 1.194E+00
 8 2.180E-02 1.093E+00  9 2.769E-03 2.429E+00 10 2.445E-04 9.858E+00 11 5.600E-03 2.009E+00 12 2.959E-03 1.346E+00
13 1.884E-04 5.171E+00 14 2.917E-03 1.456E+01 15 2.512E-03 4.845E+00 16 1.872E-03 9.253E-01 17 2.110E-03 6.478E+00
18 2.262E-05 6.058E+01 19 9.893E-06 7.411E+01 21 7.873E-04 1.081E+01 22 2.512E-03 6.298E+00 23 1.908E-06 2.781E+01
24 4.689E-03 3.271E-01 25 1.360E-05 7.060E+00 26 2.644E-03 8.103E-01 27 2.005E-03 1.176E+00
 73  24
 1 1.227E-03 1.861E+01  3 7.836E-05 2.266E+01  5 8.714E-03 7.523E+00  6 5.116E-03 3.311E+00  7 1.324E-02 7.246E-01
 8 2.583E-02 1.417E+00  9 2.517E-03 3.603E+00 10 3.284E-04 9.361E+00 11 6.064E-03 2.692E+00 12 3.336E-03 1.453E+00
13 2.081E-04 5.671E+00 14 2.053E-03 1.788E+01 15 2.491E-03 5.856E+00 16 1.929E-03 1.143E+00 17 2.457E-03 4.419E+00
18 6.844E-05 6.692E+01 19 2.987E-05 1.000E+02 21 5.049E-04 1.360E+01 22 1.845E-03 7.557E+00 23 1.892E-06 3.177E+01
24 4.669E-03 2.768E-01 25 1.169E-05 7.304E+00 26 2.605E-03 8.980E-01 27 1.948E-03 1.418E+00
 74  24
 1 1.240E-03 1.406E+01  3 7.835E-05 1.719E+01  5 9.185E-03 6.379E+00  6 5.345E-03 3.093E+00  7 1.410E-02 1.082E+00
 8 2.665E-02 1.571E+00  9 2.192E-03 3.733E+00 10 2.916E-04 8.639E+00 11 7.121E-03 2.139E+00 12 3.729E-03 1.535E+00
13 2.553E-04 6.210E+00 14 2.205E-03 1.110E+01 15 2.851E-03 6.092E+00 16 1.894E-03 9.819E-01 17 2.634E-03 4.231E+00
18 2.127E-05 9.804E+01 19 4.037E-05 6.319E+01 21 4.742E-04 1.345E+01 22 1.746E-03 7.047E+00 23 3.863E-06 2.496E+01
24 4.659E-03 3.305E-01 25 1.066E-05 9.431E+00 26 2.587E-03 7.019E-01 27 1.889E-03 1.256E+00
 75  25
 1 1.372E-03 1.918E+01  2 1.578E-08 1.000E+02  3 1.136E-04 1.359E+01  5 1.084E-02 7.091E+00  6 7.626E-03 3.525E+00
 7 8.437E-03 1.775E+00  8 1.227E-02 1.656E+00  9 1.996E-03 4.625E+00 10 3.317E-04 8.123E+00 11 9.688E-03 1.205E+00
12 5.733E-03 1.314E+00 13 2.761E-04 5.170E+00 14 1.820E-03 1.938E+01 15 2.800E-03 6.011E+00 16 1.958E-03 1.024E+00
17 3.016E-03 4.371E+00 18 2.499E-05 8.488E+01 19 5.401E-05 6.788E+01 21 4.390E-04 1.633E+01 22 1.483E-03 6.580E+00
23 3.607E-06 3.469E+01 24 4.669E-03 3.080E-01 25 8.614E-06 1.061E+01 26 2.565E-03 5.245E-01 27 1.858E-03 1.156E+00
 76  26
 1 1.407E-03 1.632E+01  2 3.673E-07 1.000E+02  3 1.261E-04 1.362E+01  5 1.342E-02 6.852E+00  6 9.641E-03 2.349E+00
 7 7.484E-03 1.549E+00  8 1.053E-02 2.051E+00  9 1.785E-03 4.710E+00 10 3.308E-04 8.121E+00 11 1.259E-02 1.450E+00
12 6.386E-03 1.169E+00 13 2.795E-04 4.745E+00 14 1.215E-03 1.772E+01 15 3.488E-03 3.238E+00 16 1.895E-03 1.443E+00
17 3.404E-03 3.340E+00 18 2.604E-05 5.481E+01 19 4.175E-05 8.477E+01 20 8.889E-07 1.000E+02 21 3.938E-04 1.437E+01
22 1.510E-03 9.590E+00 23 1.509E-06 3.097E+01 24 4.656E-03 3.761E-01 25 8.916E-06 1.151E+01 26 2.604E-03 1.013E+00
27 1.838E-03 1.182E+00
 77  26
 1 1.911E-03 1.374E+01  2 2.069E-07 6.896E+01  3 1.215E-04 1.683E+01  5 2.272E-02 5.996E+00  6 1.121E-02 1.828E+00
 7 6.820E-03 1.630E+00  8 9.492E-03 1.707E+00  9 1.636E-03 5.931E+00 10 3.754E-04 9.107E+00 11 1.630E-02 1.427E+00
12 7.173E-03 1.131E+00 13 3.018E-04 4.191E+00 14 1.615E-03 1.947E+01 15 3.852E-03 5.279E+00 16 1.905E-03 9.054E-01
17 3.784E-03 3.516E+00 18 5.157E-05 4.521E+01 19 6.811E-05 5.453E+01 20 2.391E-06 1.000E+02 21 4.504E-04 2.126E+01
22 1.301E-03 1.157E+01 23 3.490E-06 2.006E+01 24 4.666E-03 3.386E-01 25 8.607E-06 1.121E+01 26 2.586E-03 8.103E-01
27 1.802E-03 1.152E+00
 78  25
 1 1.843E-03 1.629E+01  2 1.747E-07 8.299E+01  3 1.330E-04 1.583E+01  5 2.217E-02 5.583E+00  6 1.183E-02 2.767E+00
 7 6.018E-03 1.052E+00  8 8.424E-03 2.119E+00  9 1.433E-03 5.124E+00 10 3.927E-04 7.174E+00 11 1.919E-02 1.458E+00
12 7.800E-03 1.058E+00 13 3.576E-04 5.039E+00 14 1.298E-03 2.296E+01 15 3.795E-03 5.359E+00 16 1.911E-03 9.046E-01
17 4.450E-03 3.925E+00 18 1.165E-05 1.000E+02 19 3.039E-05 7.210E+01 21 3.941E-04 2.067E+01 22 1.306E-03 1.267E+01
23 4.444E-06 3.888E+01 24 4.667E-03 2.958E-01 25 7.320E-06 1.023E+01 26 2.578E-03 6.116E-01 27 1.792E-03 9.807E-01
 79  24
 1 2.194E-03 1.067E+01  3 1.158E-04 1.629E+01  5 2.355E-02 5.400E+00  6 1.328E-02 2.372E+00  7 5.515E-03 1.719E+00
 8 7.356E-03 2.400E+00  9 1.392E-03 7.205E+00 10 5.383E-04 4.464E+00 11 2.167E-02 1.266E+00 12 8.450E-03 1.010E+00
13 4.064E-04 3.709E+00 14 1.599E-03 1.865E+01 15 4.546E-03 5.016E+00 16 1.915E-03 1.170E+00 17 4.612E-03 3.003E+00
18 5.725E-05 7.706E+01 19 9.358E-05 4.275E+01 21 3.862E-04 1.709E+01 22 1.093E-03 8.459E+00 23 1.828E-06 2.440E+01
24 4.663E-03 3.204E-01 25 5.490E-06 8.086E+00 26 2.586E-03 1.035E+00 27 1.766E-03 1.449E+00
 80  24
 1 2.439E-03 1.410E+01  2 5.459E-07 7.159E+01  3 1.825E-04 1.339E+01  5 2.693E-02 6.005E+00  6 1.407E-02 1.820E+00
 7 4.850E-03 1.325E+00  8 6.728E-03 2.247E+00  9 1.184E-03 3.993E+00 10 5.796E-04 8.733E+00 11 2.360E-02 9.839E-01
12 9.166E-03 1.181E+00 13 4.246E-04 3.481E+00 14 9.149E-04 1.851E+01 15 4.884E-03 3.395E+00 16 1.983E-03 1.141E+00
17 5.481E-03 2.223E+00 19 1.173E-04 5.299E+01 21 2.923E-04 1.371E+01 22 1.051E-03 7.333E+00 23 3.052E-06 2.755E+01
24 4.660E-03 2.730E-01 25 5.365E-06 9.989E+00 26 2.615E-03 8.195E-01 27 1.785E-03 1.089E+00
 81  26
 1 2.541E-03 1.007E+01  2 4.669E-07 6.561E+01  3 1.474E-04 1.379E+01  5 2.892E-02 4.864E+00  6 1.510E-02 1.968E+00
 7 4.377E-03 1.664E+00  8 5.999E-03 1.861E+00  9 9.983E-04 6.524E+00 10 6.012E-04 7.104E+00 11 2.565E-02 9.991E-01
12 9.735E-03 8.289E-01 13 4.588E-04 4.699E+00 14 8.199E-04 2.993E+01 15 5.548E-03 4.592E+00 16 1.915E-03 1.165E+00
17 6.317E-03 2.710E+00 18 1.065E-05 1.000E+02 19 1.084E-04 5.054E+01 20 1.539E-05 1.000E+02 21 1.426E-04 2.305E+01
22 8.499E-04 1.086E+01 23 5.098E-06 3.214E+01 24 4.672E-03 3.164E-01 25 5.253E-06 9.835E+00 26 2.660E-03 7.139E-01
27 1.789E-03 1.437E+00
 82  25
 1 2.949E-03 1.296E+01  2 1.108E-06 9.396E+01  3 1.891E-04 1.459E+01  5 2.525E-02 5.424E+00  6 1.620E-02 2.201E+00
 7 4.060E-03 1.600E+00  8 5.549E-03 2.476E+00  9 9.777E-04 4.637E+00 10 6.378E-04 6.587E+00 11 2.717E-02 1.386E+00
12 1.057E-02 1.111E+00 13 5.170E-04 3.947E+00 14 1.320E-03 2.496E+01 15 5.989E-03 3.891E+00 16 1.915E-03 1.282E+00
17 6.721E-03 3.006E+00 18 4.872E-05 7.002E+01 19 1.858E-04 2.995E+01 21 2.007E-04 1.934E+01 22 8.596E-04 1.008E+01
23 5.416E-06 2.472E+01 24 4.679E-03 3.054E-01 25 4.733E-06 1.090E+01 26 2.639E-03 7.930E-01 27 1.744E-03 9.586E-01
 83  26
 1 3.151E-03 1.113E+01  2 4.127E-07 7.158E+01  3 2.011E-04 1.299E+01  5 2.633E-02 6.798E+00  6 1.656E-02 1.793E+00
 7 3.528E-03 2.170E+00  8 4.864E-03 1.908E+00  9 8.261E-04 5.994E+00 10 8.121E-04 6.568E+00 11 2.769E-02 1.377E+00
12 1.102E-02 9.215E-01 13 5.599E-04 2.858E+00 14 6.753E-04 2.044E+01 15 6.547E-03 3.889E+00 16 1.909E-03 1.296E+00
17 8.267E-03 2.617E+00 18 9.643E-06 9.636E+01 19 1.015E-04 3.682E+01 20 3.903E-05 5.062E+01 21 2.707E-04 2.166E+01
22 7.196E-04 1.291E+01 23 4.302E-06 2.393E+01 24 4.659E-03 3.328E-01 25 4.661E-06 1.554E+01 26 2.708E-03 8.255E-01
27 1.764E-03 1.116E+00
 84  25
 1 3.168E-03 9.643E+00  2 2.647E-06 6.850E+01  3 2.076E-04 1.049E+01  5 2.387E-02 5.299E+00  6 1.711E-02 2.408E+00
 7 3.205E-03 1.987E+00  8 4.445E-03 2.547E+00  9 7.956E-04 7.651E+00 10 8.601E-04 6.235E+00 11 2.898E-02 9.381E-01
12 1.183E-02 9.889E-01 13 6.270E-04 3.913E+00 14 9.639E-04 1.910E+01 15 7.526E-03 3.773E+00 16 1.886E-03 1.007E+00
17 1.068E-02 2.338E+00 18 3.622E-05 5.685E+01 19 1.189E-04 3.757E+01 21 1.783E-04 2.268E+01 22 5.753E-04 1.082E+01
23 5.924E-06 2.158E+01 24 4.670E-03 2.921E-01 25 5.010E-06 1.338E+01 26 2.739E-03 7.053E-01 27 1.784E-03 1.203E+00
 85  25
 1 3.964E-03 9.447E+00  2 4.089E-07 8.042E+01  3 2.169E-04 1.115E+01  5 2.257E-02 6.111E+00  6 1.766E-02 1.602E+00
 7 2.997E-03 1.778E+00  8 3.907E-03 2.831E+00  9 7.017E-04 6.174E+00 10 9.368E-04 6.091E+00 11 2.863E-02 1.046E+00
12 1.230E-02 8.440E-01 13 7.088E-04 2.117E+00 14 8.367E-04 2.594E+01 15 7.632E-03 2.916E+00 16 1.914E-03 1.141E+00
17 1.310E-02 1.967E+00 18 5.990E-07 1.000E+02 19 1.283E-04 3.022E+01 21 1.975E-04 1.990E+01 22 5.526E-04 1.033E+01
23 6.735E-06 1.929E+01 24 4.694E-03 3.012E-01 25 4.382E-06 1.047E+01 26 2.789E-03 7.204E-01 27 1.808E-03 1.335E+00
 86  26
 1 4.137E-03 8.921E+00  2 2.781E-06 7.270E+01  3 2.539E-04 9.867E+00  5 2.055E-02 5.520E+00  6 1.865E-02 1.682E+00
 7 2.606E-03 1.941E+00  8 3.713E-03 3.085E+00  9 6.180E-04 7.573E+00 10 1.018E-03 4.550E+00 11 2.930E-02 8.265E-01
12 1.313E-02 7.335E-01 13 7.857E-04 3.255E+00 14 6.668E-04 3.186E+01 15 9.287E-03 3.970E+00 16 1.898E-03 1.159E+00
17 1.518E-02 1.882E+00 18 2.634E-05 9.573E+01 19 1.709E-04 3.965E+01 20 3.661E-07 1.000E+02 21 1.916E-04 2.453E+01
22 6.591E-04 1.244E+01 23 6.538E-06 1.802E+01 24 4.700E-03 2.909E-01 25 3.096E-06 1.795E+01 26 2.806E-03 6.987E-01
27 1.777E-03 1.126E+00
 87  26
 1 5.128E-03 1.074E+01  2 1.754E-08 1.000E+02  3 2.649E-04 8.988E+00  5 2.292E-02 5.240E+00  6 1.911E-02 1.781E+00
 7 2.413E-03 2.104E+00  8 3.331E-03 3.044E+00  9 5.452E-04 9.591E+00 10 1.060E-03 4.610E+00 11 2.927E-02 9.031E-01
12 1.364E-02 8.687E-01 13 8.630E-04 3.549E+00 14 7.147E-04 2.961E+01 15 9.643E-03 2.413E+00 16 1.918E-03 1.263E+00
17 1.751E-02 2.422E+00 18 2.116E-05 6.415E+01 19 9.795E-05 4.511E+01 20 3.092E-05 7.890E+01 21 1.399E-04 2.893E+01
22 5.170E-04 1.511E+01 23 7.932E-06 1.547E+01 24 4.690E-03 2.964E-01 25 2.774E-06 1.723E+01 26 2.878E-03 8.405E-01
27 1.796E-03 1.386E+00
 88  26
 1 5.809E-03 9.740E+00  2 1.137E-06 5.376E+01  3 3.079E-04 9.657E+00  5 1.875E-02 6.658E+00  6 1.899E-02 1.787E+00
 7 2.179E-03 2.028E+00  8 2.873E-03 3.205E+00  9 5.119E-04 8.342E+00 10 1.221E-03 5.104E+00 11 2.841E-02 1.045E+00
12 1.449E-02 8.684E-01 13 9.814E-04 2.473E+00 14 7.561E-04 2.726E+01 15 1.152E-02 2.717E+00 16 1.914E-03 1.348E+00
17 1.924E-02 1.626E+00 18 4.820E-06 1.000E+02 19 2.096E-04 2.342E+01 20 4.262E-06 9.404E+01 21 8.584E-05 2.691E+01
22 5.039E-04 1.069E+01 23 9.909E-06 1.487E+01 24 4.709E-03 2.646E-01 25 2.861E-06 1.765E+01 26 2.943E-03 4.877E-01
27 1.805E-03 1.002E+00
 89  26
 1 5.452E-03 9.792E+00  2 4.698E-06 8.808E+01  3 2.953E-04 1.003E+01  5 1.910E-02 5.066E+00  6 1.891E-02 1.545E+00
 7 2.001E-03 2.512E+00  8 2.710E-03 3.008E+00  9 5.835E-04 8.296E+00 10 1.368E-03 4.659E+00 11 2.684E-02 1.227E+00
12 1.522E-02 6.775E-01 13 1.032E-03 2.377E+00 14 5.440E-04 3.302E+01 15 1.420E-02 3.372E+00 16 1.898E-03 1.270E+00
17 2.093E-02 1.651E+00 18 2.458E-06 1.000E+02 19 1.842E-04 4.427E+01 20 2.943E-05 6.573E+01 21 2.026E-04 1.911E+01
22 3.873E-04 1.485E+01 23 8.014E-06 1.939E+01 24 4.725E-03 3.038E-01 25 2.343E-06 2.183E+01 26 3.032E-03 5.934E-01
27 1.830E-03 7.368E-01
 90  26
 1 7.700E-03 8.504E+00  2 1.007E-06 7.431E+01  3 3.588E-04 8.616E+00  5 1.756E-02 5.800E+00  6 1.942E-02 1.517E+00
 7 1.830E-03 2.054E+00  8 2.497E-03 3.753E+00  9 4.171E-04 1.081E+01 10 1.377E-03 3.958E+00 11 2.650E-02 1.473E+00
12 1.559E-02 4.529E-01 13 1.127E-03 2.894E+00 14 3.368E-04 3.182E+01 15 1.690E-02 2.457E+00 16 1.919E-03 1.036E+00
17 2.236E-02 2.098E+00 18 9.116E-07 1.000E+02 19 2.293E-04 3.418E+01 20 3.376E-07 1.000E+02 21 8.296E-05 3.034E+01
22 4.103E-04 1.686E+01 23 1.107E-05 1.871E+01 24 4.771E-03 3.204E-01 25 2.086E-06 1.372E+01 26 3.202E-03 6.076E-01
27 1.913E-03 8.416E-01
 91  26
 1 6.963E-03 9.095E+00  2 8.274E-07 6.494E+01  3 3.469E-04 8.821E+00  5 1.516E-02 6.536E+00  6 1.863E-02 1.789E+00
 7 1.614E-03 2.598E+00  8 2.129E-03 3.531E+00  9 3.088E-04 1.464E+01 10 1.589E-03 4.582E+00 11 2.285E-02 1.267E+00
12 1.533E-02 8.496E-01 13 1.198E-03 2.408E+00 14 6.359E-04 4.114E+01 15 1.714E-02 2.744E+00 16 1.902E-03 1.500E+00
17 2.147E-02 1.440E+00 18 1.992E-07 1.000E+02 19 3.631E-04 3.254E+01 20 1.374E-05 9.263E+01 21 8.859E-05 4.066E+01
22 3.062E-04 1.845E+01 23 1.342E-05 1.508E+01 24 4.839E-03 3.238E-01 25 2.187E-06 1.644E+01 26 4.738E-03 5.594E-01
27 2.983E-03 8.071E-01
 92  26
 1 7.888E-03 6.484E+00  2 2.827E-06 6.707E+01  3 3.711E-04 7.731E+00  5 1.316E-02 6.911E+00  6 1.806E-02 2.177E+00
 7 1.375E-03 2.737E+00  8 1.823E-03 3.953E+00  9 2.894E-04 1.218E+01 10 1.801E-03 4.389E+00 11 1.936E-02 1.611E+00
12 1.566E-02 7.406E-01 13 1.365E-03 2.594E+00 14 7.212E-04 3.403E+01 15 1.827E-02 2.419E+00 16 1.883E-03 1.315E+00
17 2.182E-02 1.713E+00 18 1.672E-06 1.000E+02 19 3.211E-04 4.928E+01 20 5.809E-06 5.333E+01 21 1.163E-04 3.373E+01
22 2.624E-04 1.686E+01 23 1.428E-05 1.540E+01 24 4.851E-03 3.260E-01 25 1.410E-06 2.182E+01 26 5.159E-03 4.882E-01
27 3.255E-03 6.395E-01
 93  26
 1 1.070E-02 6.558E+00  2 3.934E-06 8.136E+01  3 4.769E-04 6.830E+00  5 1.156E-02 1.013E+01  6 1.838E-02 1.755E+00
 7 1.276E-03 2.575E+00  8 1.648E-03 3.449E+00  9 2.590E-04 1.104E+01 10 1.924E-03 3.810E+00 11 1.759E-02 1.472E+00
12 1.596E-02 6.831E-01 13 1.504E-03 3.159E+00 14 5.115E-04 4.941E+01 15 1.968E-02 2.480E+00 16 1.876E-03 1.187E+00
17 2.312E-02 1.444E+00 18 3.776E-06 1.000E+02 19 4.886E-04 2.201E+01 20 1.187E-04 5.544E+01 21 1.126E-04 3.340E+01
22 3.519E-04 1.922E+01 23 1.566E-05 1.873E+01 24 4.856E-03 3.222E-01 25 1.610E-06 2.065E+01 26 5.214E-03 4.632E-01
27 3.300E-03 4.967E-01
 94  26
 1 1.200E-02 4.056E+00  2 3.391E-06 5.031E+01  3 5.495E-04 5.539E+00  5 9.768E-03 9.857E+00  6 1.852E-02 1.898E+00
 7 1.195E-03 3.205E+00  8 1.590E-03 4.474E+00  9 3.164E-04 1.201E+01 10 2.175E-03 2.995E+00 11 1.600E-02 1.643E+00
12 1.787E-02 8.001E-01 13 1.752E-03 2.535E+00 14 5.675E-04 3.487E+01 15 2.328E-02 2.046E+00 16 1.888E-03 1.266E+00
17 2.429E-02 1.699E+00 18 1.488E-07 1.000E+02 19 3.318E-04 2.462E+01 20 3.987E-05 6.904E+01 21 7.858E-05 3.083E+01
22 2.912E-04 1.966E+01 23 1.670E-05 1.345E+01 24 4.761E-03 3.075E-01 25 1.558E-06 1.756E+01 26 3.456E-03 6.218E-01
27 1.796E-03 9.891E-01
 95  26
 1 1.324E-02 5.544E+00  2 1.243E-06 4.654E+01  3 5.869E-04 5.055E+00  5 9.367E-03 1.126E+01  6 1.854E-02 1.591E+00
 7 1.044E-03 3.337E+00  8 1.430E-03 2.639E+00  9 2.105E-04 1.199E+01 10 2.515E-03 3.315E+00 11 1.266E-02 1.701E+00
12 1.805E-02 6.848E-01 13 1.911E-03 2.042E+00 14 1.704E-04 4.729E+01 15 3.494E-02 2.135E+00 16 1.906E-03 1.009E+00
17 2.495E-02 1.467E+00 18 1.644E-05 6.923E+01 19 2.534E-04 3.463E+01 20 6.859E-05 3.856E+01 21 5.089E-05 4.043E+01
22 1.836E-04 1.985E+01 23 1.418E-05 1.300E+01 24 4.767E-03 3.246E-01 25 1.458E-06 2.550E+01 26 3.474E-03 6.646E-01
27 1.791E-03 1.140E+00
 96  25
 1 1.676E-02 5.539E+00  2 3.186E-06 7.901E+01  3 5.917E-04 6.062E+00  5 8.022E-03 6.470E+00  6 1.777E-02 1.828E+00
 7 1.025E-03 3.053E+00  8 1.349E-03 4.797E+00  9 2.208E-04 1.425E+01 10 2.597E-03 3.042E+00 11 9.224E-03 1.792E+00
12 1.823E-02 6.968E-01 13 2.097E-03 1.964E+00 14 1.268E-04 5.171E+01 15 3.351E-02 2.092E+00 16 1.884E-03 1.093E+00
17 2.425E-02 1.647E+00 19 4.714E-04 2.913E+01 20 2.238E-05 6.643E+01 21 8.392E-05 3.181E+01 22 3.242E-04 2.080E+01
23 2.136E-05 1.138E+01 24 4.767E-03 3.150E-01 25 1.107E-06 2.088E+01 26 3.870E-03 5.752E-01 27 2.078E-03 9.003E-01
 97  26
 1 3.911E-02 4.723E+00  2 3.141E-06 6.815E+01  3 6.217E-04 6.961E+00  5 4.884E-03 6.798E+00  6 1.570E-02 2.471E+00
 7 8.667E-04 3.931E+00  8 1.039E-03 4.686E+00  9 2.203E-04 1.152E+01 10 2.908E-03 3.019E+00 11 6.861E-03 2.026E+00
12 1.747E-02 6.997E-01 13 2.264E-03 1.450E+00 14 6.097E-05 6.693E+01 15 2.933E-02 1.786E+00 16 1.864E-03 1.067E+00
17 2.229E-02 1.447E+00 18 9.648E-07 1.000E+02 19 6.532E-04 1.748E+01 20 4.238E-05 8.282E+01 21 3.865E-05 6.756E+01
22 1.463E-04 2.086E+01 23 2.326E-05 1.686E+01 24 4.864E-03 3.093E-01 25 9.232E-07 1.901E+01 26 5.423E-03 6.195E-01
27 3.337E-03 7.351E-01
 98  26
 1 3.650E-02 4.217E+00  2 4.088E-06 6.597E+01  3 7.244E-04 5.381E+00  5 6.583E-03 1.085E+01  6 1.520E-02 2.129E+00
 7 7.401E-04 3.247E+00  8 1.070E-03 5.128E+00  9 1.761E-04 1.689E+01 10 3.184E-03 2.743E+00 11 6.013E-03 2.036E+00
12 1.756E-02 6.593E-01 13 2.434E-03 1.779E+00 14 2.992E-04 5.056E+01 15 2.660E-02 1.689E+00 16 1.880E-03 1.184E+00
17 2.135E-02 1.405E+00 18 2.000E-07 1.000E+02 19 4.738E-04 2.339E+01 20 2.525E-05 5.772E+01 21 5.437E-05 3.728E+01
22 2.531E-04 2.471E+01 23 2.641E-05 6.756E+00 24 4.855E-03 2.868E-01 25 1.309E-06 2.710E+01 26 5.510E-03 6.594E-01
27 3.356E-03 6.340E-01
 99  26
 1 4.088E-02 2.956E+00  2 3.653E-06 4.703E+01  3 7.484E-04 5.009E+00  5 5.810E-03 8.092E+00  6 1.500E-02 1.642E+00
 7 6.625E-04 3.438E+00  8 9.096E-04 4.500E+00  9 1.666E-04 1.862E+01 10 3.602E-03 3.156E+00 11 5.077E-03 2.043E+00
12 1.876E-02 7.857E-01 13 2.821E-03 1.381E+00 14 1.173E-04 5.831E+01 15 2.327E-02 2.289E+00 16 1.865E-03 1.334E+00
17 2.133E-02 1.620E+00 18 9.070E-07 7.923E+01 19 6.642E-04 2.209E+01 20 8.690E-05 6.055E+01 21 3.548E-05 3.397E+01
22 1.281E-04 2.437E+01 23 2.640E-05 1.432E+01 24 4.829E-03 3.554E-01 25 1.288E-06 2.125E+01 26 4.741E-03 5.758E-01
27 2.735E-03 6.553E-01
100  26
 1 3.940E-02 3.472E+00  2 8.851E-06 4.267E+01  3 7.910E-04 5.488E+00  5 5.157E-03 8.897E+00  6 1.521E-02 2.012E+00
 7 6.351E-04 3.279E+00  8 9.362E-04 7.014E+00  9 1.774E-04 1.408E+01 10 4.275E-03 1.719E+00 11 4.809E-03 2.240E+00
12 1.947E-02 8.177E-01 13 3.262E-03 1.434E+00 14 1.708E-04 4.879E+01 15 1.909E-02 2.054E+00 16 1.906E-03 9.804E-01
17 2.054E-02 1.453E+00 18 1.160E-06 1.000E+02 19 6.550E-04 2.158E+01 20 7.665E-05 4.900E+01 21 2.248E-05 5.773E+01
22 8.602E-05 3.048E+01 23 2.855E-05 1.084E+01 24 4.758E-03 2.999E-01 25 9.160E-07 2.607E+01 26 3.690E-03 7.116E-01
27 1.814E-03 1.048E+00
101  26
 1 3.400E-02 4.468E+00  2 1.997E-06 6.252E+01  3 1.003E-03 5.987E+00  4 6.874E-06 1.000E+02  5 5.046E-03 9.240E+00
 6 1.433E-02 2.300E+00  7 5.631E-04 3.692E+00  8 7.421E-04 5.968E+00  9 1.027E-04 1.672E+01 10 4.593E-03 2.345E+00
11 4.446E-03 2.353E+00 12 1.970E-02 6.413E-01 13 3.589E-03 1.902E+00 14 1.157E-04 4.606E+01 15 1.453E-02 2.790E+00
16 1.887E-03 1.371E+00 17 1.948E-02 2.159E+00 19 6.663E-04 2.930E+01 20 1.860E-05 7.108E+01 21 6.356E-05 3.332E+01
22 1.392E-04 2.002E+01 23 2.886E-05 9.825E+00 24 4.755E-03 3.251E-01 25 8.750E-07 2.803E+01 26 3.707E-03 7.070E-01
27 1.813E-03 8.747E-01
102  25
 1 2.877E-02 4.020E+00  2 5.707E-06 3.224E+01  3 9.855E-04 4.344E+00  5 3.619E-03 1.145E+01  6 1.202E-02 1.666E+00
 7 5.286E-04 5.292E+00  8 6.997E-04 5.544E+00  9 1.127E-04 1.496E+01 10 5.122E-03 2.441E+00 11 3.624E-03 2.833E+00
12 1.874E-02 7.952E-01 13 3.902E-03 1.708E+00 14 1.127E-04 7.125E+01 15 1.169E-02 3.099E+00 16 1.876E-03 8.869E-01
17 1.618E-02 1.430E+00 19 6.814E-04 2.001E+01 20 1.807E-04 5.392E+01 21 4.807E-05 4.604E+01 22 1.296E-04 2.106E+01
23 3.443E-05 8.558E+00 24 4.811E-03 3.026E-01 25 5.588E-07 3.080E+01 26 4.829E-03 5.083E-01 27 2.764E-03 7.039E-01
103  26
 1 2.950E-02 4.241E+00  2 3.514E-06 3.540E+01  3 1.046E-03 5.336E+00  5 3.590E-03 9.221E+00  6 1.091E-02 2.283E+00
 7 4.384E-04 5.568E+00  8 6.002E-04 8.074E+00  9 1.049E-04 2.416E+01 10 5.333E-03 2.240E+00 11 3.075E-03 2.900E+00
12 1.800E-02 8.024E-01 13 4.180E-03 1.687E+00 14 8.135E-05 6.524E+01 15 1.013E-02 3.241E+00 16 1.894E-03 1.009E+00
17 1.366E-02 2.137E+00 18 1.522E-06 1.000E+02 19 7.015E-04 1.498E+01 20 1.409E-04 5.759E+01 21 2.128E-05 5.778E+01
22 7.257E-05 3.369E+01 23 3.512E-05 9.770E+00 24 4.829E-03 3.028E-01 25 6.880E-07 2.940E+01 26 5.626E-03 4.574E-01
27 3.369E-03 5.968E-01
104  25
 1 2.422E-02 3.588E+00  2 5.328E-06 4.908E+01  3 1.157E-03 4.316E+00  5 2.970E-03 1.096E+01  6 1.030E-02 3.393E+00
 7 4.347E-04 5.524E+00  8 5.284E-04 8.481E+00  9 9.321E-05 1.706E+01 10 6.122E-03 1.847E+00 11 2.746E-03 3.161E+00
12 1.763E-02 7.142E-01 13 4.945E-03 1.050E+00 14 7.202E-05 6.740E+01 15 9.010E-03 3.343E+00 16 1.891E-03 1.237E+00
17 1.186E-02 2.536E+00 19 8.397E-04 2.355E+01 20 1.290E-04 5.136E+01 21 4.438E-05 7.174E+01 22 6.823E-05 3.779E+01
23 3.746E-05 1.073E+01 24 4.827E-03 3.535E-01 25 6.210E-07 2.814E+01 26 5.616E-03 3.978E-01 27 3.355E-03 4.594E-01
105  25
 1 1.974E-02 5.374E+00  2 4.351E-06 5.459E+01  3 1.299E-03 4.841E+00  5 2.756E-03 1.189E+01  6 9.278E-03 1.785E+00
 7 3.679E-04 4.313E+00  8 4.910E-04 9.010E+00  9 1.133E-04 1.721E+01 10 7.072E-03 2.442E+00 11 2.537E-03 3.148E+00
12 1.812E-02 5.464E-01 13 5.398E-03 1.341E+00 14 3.469E-05 8.652E+01 15 8.312E-03 3.561E+00 16 1.869E-03 1.251E+00
17 1.035E-02 2.059E+00 19 8.992E-04 1.365E+01 20 7.750E-05 4.545E+01 21 2.573E-05 5.764E+01 22 5.412E-05 4.017E+01
23 4.043E-05 6.240E+00 24 4.729E-03 2.895E-01 25 7.369E-07 4.066E+01 26 4.252E-03 7.088E-01 27 2.202E-03 9.283E-01
106  26
 1 1.332E-02 5.315E+00  2 7.331E-06 4.333E+01  3 1.551E-03 5.351E+00  5 3.415E-03 1.631E+01  6 7.405E-03 2.659E+00
 7 3.676E-04 5.863E+00  8 4.057E-04 7.598E+00  9 1.023E-04 1.532E+01 10 8.111E-03 1.799E+00 11 2.286E-03 3.741E+00
12 1.713E-02 7.943E-01 13 6.515E-03 8.630E-01 14 2.184E-07 1.000E+02 15 7.634E-03 4.077E+00 16 1.909E-03 1.514E+00
17 7.862E-03 2.486E+00 18 6.388E-06 1.000E+02 19 1.126E-03 2.135E+01 20 1.105E-04 4.701E+01 21 2.477E-05 9.779E+01
22 1.283E-04 2.599E+01 23 4.234E-05 8.426E+00 24 4.706E-03 3.550E-01 25 3.620E-07 3.675E+01 26 3.894E-03 8.307E-01
27 1.882E-03 1.088E+00
107  25
 1 1.148E-02 6.351E+00  2 9.487E-06 3.399E+01  3 1.580E-03 3.839E+00  5 2.618E-03 1.420E+01  6 5.444E-03 2.323E+00
 7 3.214E-04 4.908E+00  8 4.629E-04 1.110E+01  9 6.709E-05 2.201E+01 10 9.579E-03 1.964E+00 11 2.127E-03 2.919E+00
12 8.444E-03 9.369E-01 13 7.319E-03 9.885E-01 14 9.554E-05 9.461E+01 15 7.651E-03 2.660E+00 16 1.927E-03 9.960E-01
17 6.514E-03 2.200E+00 19 1.524E-03 1.608E+01 20 1.519E-04 3.025E+01 21 1.727E-05 5.580E+01 22 9.626E-05 3.765E+01
23 5.145E-05 8.859E+00 24 4.671E-03 2.913E-01 25 6.254E-07 3.954E+01 26 3.949E-03 6.269E-01 27 1.925E-03 1.147E+00
108  26
 1 8.740E-03 4.629E+00  2 4.898E-06 3.481E+01  3 1.718E-03 3.123E+00  5 2.131E-03 1.997E+01  6 4.325E-03 3.322E+00
 7 2.676E-04 6.013E+00  8 3.533E-04 8.845E+00  9 6.692E-05 2.486E+01 10 1.159E-02 1.503E+00 11 1.657E-03 4.315E+00
12 6.382E-03 1.099E+00 13 1.299E-02 7.751E-01 14 4.714E-05 7.446E+01 15 5.955E-03 3.503E+00 16 1.882E-03 9.649E-01
17 4.978E-03 3.310E+00 18 5.762E-06 1.000E+02 19 1.305E-03 1.580E+01 20 1.495E-04 2.861E+01 21 3.725E-06 9.844E+01
22 5.510E-05 3.922E+01 23 4.388E-05 5.235E+00 24 4.612E-03 2.974E-01 25 3.190E-07 4.121E+01 26 5.807E-03 5.869E-01
27 3.456E-03 6.692E-01
109  25
 1 7.399E-03 6.862E+00  2 3.150E-06 3.359E+01  3 1.742E-03 3.129E+00  5 2.017E-03 1.646E+01  6 3.751E-03 3.877E+00
 7 2.427E-04 7.013E+00  8 3.889E-04 7.857E+00  9 5.793E-05 2.407E+01 10 1.661E-02 1.694E+00 11 1.413E-03 4.516E+00
12 5.653E-03 1.185E+00 13 1.356E-02 9.224E-01 14 6.964E-06 1.000E+02 15 5.084E-03 4.045E+00 16 1.854E-03 1.021E+00
17 4.337E-03 3.178E+00 19 2.017E-03 9.588E+00 20 1.101E-04 6.046E+01 21 1.079E-05 7.851E+01 22 2.994E-05 3.836E+01
23 4.533E-05 7.260E+00 24 4.611E-03 3.391E-01 25 2.478E-07 4.645E+01 26 5.911E-03 5.423E-01 27 3.520E-03 6.341E-01
110  26
 1 7.637E-03 8.160E+00  2 9.648E-06 2.738E+01  3 1.859E-03 3.716E+00  5 1.619E-03 1.393E+01  6 3.604E-03 2.682E+00
 7 2.383E-04 7.187E+00  8 2.851E-04 9.249E+00  9 8.561E-05 3.253E+01 10 2.074E-02 1.479E+00 11 1.272E-03 4.775E+00
12 5.048E-03 1.424E+00 13 1.418E-02 7.680E-01 14 2.612E-05 1.000E+02 15 5.083E-03 3.747E+00 16 1.937E-03 1.179E+00
17 3.845E-03 3.862E+00 18 1.627E-05 1.000E+02 19 1.288E-03 1.367E+01 20 1.805E-04 3.587E+01 21 5.289E-06 6.464E+01
22 1.127E-04 3.390E+01 23 5.706E-05 7.467E+00 24 4.562E-03 4.091E-01 25 1.981E-07 4.230E+01 26 5.466E-03 4.833E-01
27 3.179E-03 7.263E-01
111  24
 1 6.335E-03 1.063E+01  2 2.277E-06 3.470E+01  3 2.266E-03 3.340E+00  5 1.660E-03 1.341E+01  6 3.290E-03 4.607E+00
 7 2.129E-04 5.744E+00  8 2.895E-04 9.758E+00  9 5.737E-05 2.239E+01 10 2.455E-02 1.348E+00 11 1.241E-03 4.633E+00
12 4.788E-03 1.401E+00 13 1.534E-02 8.973E-01 15 4.597E-03 4.319E+00 16 1.941E-03 1.117E+00 17 3.469E-03 3.617E+00
19 1.929E-03 1.333E+01 20 2.687E-04 2.993E+01 21 1.686E-05 4.909E+01 22 6.412E-05 3.693E+01 23 5.505E-05 8.392E+00
24 4.441E-03 2.614E-01 25 6.477E-07 3.457E+01 26 4.036E-03 6.654E-01 27 1.948E-03 1.104E+00
112  26
 1 5.753E-03 7.119E+00  2 8.656E-06 2.997E+01  3 2.283E-03 3.816E+00  4 6.850E-05 1.000E+02  5 1.606E-03 1.801E+01
 6 2.688E-03 3.559E+00  7 2.136E-04 7.091E+00  8 2.518E-04 9.738E+00  9 3.843E-05 2.123E+01 10 2.576E-02 1.241E+00
11 1.219E-03 5.704E+00 12 4.547E-03 1.370E+00 13 1.562E-02 4.769E-01 14 6.285E-05 6.943E+01 15 4.365E-03 4.657E+00
16 1.967E-03 1.499E+00 17 3.341E-03 5.119E+00 19 2.093E-03 9.862E+00 20 2.721E-04 3.842E+01 21 5.588E-06 9.867E+01
22 1.330E-04 3.214E+01 23 6.048E-05 7.579E+00 24 4.447E-03 3.433E-01 25 5.540E-08 5.524E+01 26 4.025E-03 5.470E-01
27 1.957E-03 8.939E-01
113  25
 1 5.337E-03 1.197E+01  2 9.615E-06 2.469E+01  3 2.539E-03 3.867E+00  5 1.316E-03 1.605E+01  6 2.733E-03 3.957E+00
 7 1.673E-04 8.060E+00  8 2.242E-04 1.259E+01  9 3.494E-05 3.224E+01 10 2.600E-02 1.003E+00 11 1.085E-03 4.121E+00
12 4.000E-03 1.368E+00 13 1.513E-02 8.655E-01 14 4.604E-07 1.000E+02 15 4.063E-03 5.057E+00 16 1.918E-03 1.176E+00
17 3.048E-03 2.659E+00 19 2.685E-03 1.274E+01 20 2.605E-04 3.191E+01 21 1.287E-05 9.037E+01 22 6.508E-05 5.528E+01
23 6.455E-05 6.093E+00 24 4.493E-03 2.847E-01 25 3.671E-07 3.652E+01 26 4.771E-03 5.470E-01 27 2.531E-03 7.408E-01
114  25
 1 5.350E-03 7.027E+00  2 9.563E-06 3.910E+01  3 2.903E-03 2.863E+00  5 1.560E-03 1.920E+01  6 2.512E-03 4.289E+00
 7 1.567E-04 7.927E+00  8 2.386E-04 1.296E+01  9 2.440E-05 3.595E+01 10 2.559E-02 1.280E+00 11 9.079E-04 4.393E+00
12 3.553E-03 1.236E+00 13 1.482E-02 7.237E-01 14 4.074E-06 1.000E+02 15 3.520E-03 3.640E+00 16 1.915E-03 1.169E+00
17 2.866E-03 3.030E+00 19 2.719E-03 1.327E+01 20 1.607E-04 3.695E+01 21 1.537E-06 1.000E+02 22 3.545E-05 4.388E+01
23 7.296E-05 6.651E+00 24 4.591E-03 3.491E-01 25 1.710E-07 4.633E+01 26 5.945E-03 4.776E-01 27 3.507E-03 6.125E-01
115  25
 1 3.931E-03 7.752E+00  2 1.093E-05 2.538E+01  3 3.158E-03 2.243E+00  5 9.328E-04 2.818E+01  6 2.185E-03 5.333E+00
 7 1.590E-04 7.641E+00  8 1.966E-04 1.154E+01  9 3.564E-05 4.000E+01 10 2.588E-02 1.141E+00 11 1.016E-03 4.964E+00
12 3.216E-03 1.791E+00 13 1.482E-02 8.458E-01 14 1.172E-05 6.907E+01 15 3.311E-03 6.425E+00 16 1.929E-03 1.227E+00
17 2.534E-03 3.404E+00 19 3.030E-03 1.363E+01 20 2.073E-04 3.242E+01 21 9.664E-06 6.888E+01 22 9.369E-06 6.005E+01
23 7.702E-05 8.814E+00 24 4.596E-03 2.601E-01 25 2.937E-07 5.261E+01 26 5.982E-03 5.059E-01 27 3.520E-03 6.756E-01
116  24
 1 3.740E-03 1.095E+01  2 1.420E-05 2.378E+01  3 3.686E-03 3.169E+00  5 9.372E-04 2.444E+01  6 2.197E-03 5.639E+00
 7 1.281E-04 6.557E+00  8 1.990E-04 1.133E+01  9 1.535E-05 4.469E+01 10 2.654E-02 9.332E-01 11 9.268E-04 5.870E+00
12 3.142E-03 1.519E+00 13 1.539E-02 9.596E-01 15 3.165E-03 5.214E+00 16 1.889E-03 1.345E+00 17 2.531E-03 4.875E+00
19 4.433E-03 1.108E+01 20 1.195E-04 4.361E+01 21 1.118E-05 5.210E+01 22 3.586E-05 3.192E+01 23 8.037E-05 6.040E+00
24 4.533E-03 3.238E-01 25 2.789E-07 7.725E+01 26 4.927E-03 5.686E-01 27 2.634E-03 5.975E-01
117  25
 1 3.452E-03 9.705E+00  2 1.091E-05 2.335E+01  3 6.654E-03 1.902E+00  5 1.135E-03 1.455E+01  6 2.250E-03 4.562E+00
 7 1.309E-04 7.467E+00  8 1.925E-04 9.826E+00  9 2.581E-05 3.212E+01 10 2.728E-02 1.241E+00 11 7.153E-04 7.748E+00
12 3.012E-03 1.370E+00 13 1.572E-02 8.207E-01 14 4.130E-05 1.000E+02 15 2.934E-03 5.983E+00 16 2.246E-03 9.442E-01
17 2.223E-03 3.263E+00 19 3.241E-03 1.113E+01 20 1.617E-04 4.057E+01 21 8.625E-07 1.000E+02 22 4.924E-05 6.728E+01
23 9.033E-05 5.334E+00 24 4.502E-03 3.628E-01 25 1.372E-07 5.728E+01 26 4.143E-03 6.713E-01 27 1.971E-03 9.846E-01
118  25
 1 3.462E-03 1.038E+01  2 1.294E-05 3.211E+01  3 1.479E-02 1.583E+00  4 1.552E-05 1.000E+02  5 7.802E-04 2.592E+01
 6 1.796E-03 5.122E+00  7 1.258E-04 9.017E+00  8 1.530E-04 1.411E+01  9 3.050E-05 2.510E+01 10 2.590E-02 1.313E+00
11 8.110E-04 5.482E+00 12 2.729E-03 1.541E+00 13 1.571E-02 8.016E-01 15 2.795E-03 5.235E+00 16 2.221E-03 1.239E+00
17 2.158E-03 6.564E+00 19 3.723E-03 9.729E+00 20 2.103E-04 4.221E+01 21 1.596E-05 6.730E+01 22 5.399E-05 5.461E+01
23 1.050E-04 5.936E+00 24 4.515E-03 2.927E-01 25 1.445E-07 4.314E+01 26 4.182E-03 5.122E-01 27 1.976E-03 7.280E-01
119  25
 1 2.798E-03 8.580E+00  2 1.230E-05 2.566E+01  3 2.166E-02 1.193E+00  5 1.078E-03 2.733E+01  6 1.809E-03 4.471E+00
 7 1.137E-04 6.623E+00  8 1.496E-04 1.188E+01  9 3.551E-05 2.383E+01 10 2.393E-02 1.265E+00 11 6.293E-04 4.931E+00
12 2.426E-03 1.837E+00 13 1.449E-02 7.789E-01 14 6.409E-05 1.000E+02 15 2.144E-03 5.608E+00 16 2.177E-03 1.234E+00
17 1.820E-03 5.244E+00 19 3.690E-03 1.095E+01 20 2.581E-04 3.233E+01 21 1.148E-06 1.000E+02 22 3.975E-05 4.211E+01
23 9.783E-05 5.514E+00 24 4.610E-03 3.321E-01 25 3.040E-07 4.054E+01 26 5.579E-03 3.741E-01 27 3.132E-03 6.313E-01
120  26
 1 2.457E-03 1.011E+01  2 2.284E-05 2.355E+01  3 2.692E-02 1.259E+00  4 1.338E-04 1.000E+02  5 9.129E-04 1.743E+01
 6 1.533E-03 5.288E+00  7 9.343E-05 1.125E+01  8 1.332E-04 1.368E+01  9 2.806E-05 3.963E+01 10 2.163E-02 1.345E+00
11 5.231E-04 7.590E+00 12 2.153E-03 2.089E+00 13 1.390E-02 8.479E-01 14 5.095E-05 9.660E+01 15 2.104E-03 6.929E+00
16 2.144E-03 9.614E-01 17 1.884E-03 4.724E+00 19 4.165E-03 9.464E+00 20 2.006E-04 3.178E+01 21 6.011E-06 9.749E+01
22 1.920E-05 4.043E+01 23 1.062E-04 5.465E+00 24 4.636E-03 2.952E-01 25 4.683E-07 3.896E+01 26 5.928E-03 5.326E-01
27 3.399E-03 5.670E-01
121  25
 1 2.657E-03 1.121E+01  2 1.280E-05 2.521E+01  3 3.191E-02 7.656E-01  5 5.986E-04 2.534E+01  6 1.409E-03 5.645E+00
 7 9.666E-05 7.924E+00  8 1.847E-04 1.273E+01  9 2.313E-05 3.466E+01 10 2.048E-02 1.331E+00 11 5.753E-04 6.387E+00
12 2.015E-03 1.981E+00 13 1.403E-02 8.835E-01 14 2.111E-05 8.759E+01 15 2.021E-03 7.594E+00 16 2.122E-03 1.220E+00
17 1.539E-03 5.099E+00 19 4.719E-03 8.723E+00 20 2.214E-04 3.355E+01 21 3.251E-06 1.000E+02 22 6.093E-05 4.950E+01
23 1.097E-04 5.512E+00 24 4.662E-03 2.880E-01 25 3.005E-07 4.086E+01 26 5.917E-03 5.273E-01 27 3.379E-03 7.666E-01
122  24
 1 2.187E-03 1.623E+01  2 3.041E-05 2.011E+01  3 3.527E-02 1.227E+00  5 8.750E-04 2.339E+01  6 1.384E-03 7.020E+00
 7 1.075E-04 8.521E+00  8 1.483E-04 1.706E+01  9 2.408E-05 3.028E+01 10 2.109E-02 1.041E+00 11 5.428E-04 7.919E+00
12 1.914E-03 1.919E+00 13 1.476E-02 7.530E-01 14 5.014E-06 6.918E+01 15 1.837E-03 5.922E+00 16 2.095E-03 1.180E+00
17 1.372E-03 5.230E+00 19 5.355E-03 7.019E+00 20 3.365E-04 2.519E+01 22 1.581E-05 5.275E+01 23 1.278E-04 3.369E+00
24 4.566E-03 3.229E-01 25 6.164E-07 2.841E+01 26 4.478E-03 6.088E-01 27 2.091E-03 1.078E+00
123  26
 1 1.854E-03 1.199E+01  2 1.377E-05 2.409E+01  3 3.776E-02 1.049E+00  4 9.189E-05 6.886E+01  5 5.625E-04 2.592E+01
 6 1.244E-03 5.753E+00  7 9.336E-05 1.054E+01  8 9.772E-05 1.751E+01  9 3.683E-05 5.985E+01 10 1.937E-02 1.583E+00
11 5.453E-04 6.478E+00 12 1.721E-03 2.296E+00 13 1.432E-02 9.201E-01 14 3.743E-05 6.980E+01 15 1.554E-03 6.127E+00
16 2.105E-03 1.070E+00 17 1.520E-03 6.089E+00 19 5.948E-03 5.744E+00 20 4.829E-04 2.668E+01 21 7.655E-06 9.666E+01
22 1.606E-05 5.377E+01 23 1.351E-04 3.634E+00 24 4.587E-03 3.851E-01 25 6.600E-07 3.360E+01 26 4.861E-03 5.821E-01
27 2.240E-03 6.729E-01
124  25
 1 2.040E-03 1.457E+01  2 2.388E-05 1.615E+01  3 3.895E-02 9.338E-01  4 5.210E-05 1.000E+02  5 5.420E-04 2.852E+01
 6 9.828E-04 6.889E+00  7 7.469E-05 1.455E+01  8 8.479E-05 2.272E+01  9 1.657E-05 3.645E+01 10 1.782E-02 1.420E+00
11 3.846E-04 8.751E+00 12 1.608E-03 2.088E+00 13 1.427E-02 8.894E-01 15 1.648E-03 6.273E+00 16 2.074E-03 1.380E+00
17 1.308E-03 5.399E+00 19 7.059E-03 7.907E+00 20 2.315E-04 2.578E+01 21 9.637E-06 9.163E+01 22 2.166E-05 6.301E+01
23 1.553E-04 5.109E+00 24 4.619E-03 3.074E-01 25 1.814E-07 3.941E+01 26 5.278E-03 6.132E-01 27 2.620E-03 8.176E-01
125  26
 1 1.448E-03 1.541E+01  2 3.155E-05 2.071E+01  3 3.847E-02 9.031E-01  4 6.568E-05 1.000E+02  5 6.446E-04 3.190E+01
 6 9.022E-04 6.635E+00  7 5.878E-05 1.130E+01  8 8.178E-05 1.441E+01  9 3.629E-05 4.715E+01 10 1.566E-02 1.612E+00
11 3.953E-04 7.286E+00 12 1.392E-03 1.586E+00 13 1.327E-02 6.980E-01 14 8.453E-05 7.057E+01 15 1.373E-03 6.983E+00
16 2.091E-03 1.251E+00 17 1.141E-03 7.733E+00 19 8.149E-03 5.841E+00 20 3.268E-04 1.815E+01 21 1.391E-05 6.662E+01
22 4.746E-06 1.000E+02 23 1.631E-04 4.185E+00 24 4.708E-03 3.594E-01 25 4.629E-07 3.903E+01 26 6.479E-03 6.155E-01
27 3.702E-03 8.071E-01
126  26
 1 1.639E-03 1.663E+01  2 1.794E-05 1.585E+01  3 3.707E-02 9.646E-01  4 8.148E-05 9.509E+01  5 5.309E-04 2.817E+01
 6 9.614E-04 6.314E+00  7 6.972E-05 1.165E+01  8 1.076E-04 1.221E+01  9 3.074E-05 3.246E+01 10 1.398E-02 1.766E+00
11 3.788E-04 8.701E+00 12 1.349E-03 2.396E+00 13 1.319E-02 7.237E-01 14 2.768E-05 1.000E+02 15 1.421E-03 7.758E+00
16 2.071E-03 1.054E+00 17 1.074E-03 6.461E+00 19 9.028E-03 6.418E+00 20 2.328E-04 2.803E+01 21 2.234E-06 7.769E+01
22 7.725E-06 7.825E+01 23 1.787E-04 3.076E+00 24 4.721E-03 2.907E-01 25 5.665E-07 5.090E+01 26 6.560E-03 4.769E-01
27 3.747E-03 5.697E-01
127  24
 1 1.230E-03 1.225E+01  2 2.030E-05 1.454E+01  3 3.516E-02 9.254E-01  5 3.843E-04 3.002E+01  6 8.048E-04 6.807E+00
 7 5.068E-05 1.484E+01  8 8.856E-05 1.614E+01  9 9.960E-06 3.798E+01 10 1.241E-02 1.471E+00 11 2.865E-04 1.097E+01
12 1.222E-03 2.890E+00 13 1.324E-02 8.563E-01 15 1.294E-03 7.472E+00 16 2.084E-03 1.100E+00 17 1.023E-03 7.203E+00
19 1.281E-02 5.384E+00 20 6.041E-04 2.419E+01 21 1.520E-05 1.000E+02 22 6.253E-06 4.802E+01 23 1.899E-04 4.108E+00
24 4.658E-03 2.894E-01 25 5.595E-07 3.763E+01 26 6.019E-03 4.955E-01 27 3.278E-03 5.121E-01
128  25
 1 1.625E-03 1.598E+01  2 3.794E-05 1.890E+01  3 3.217E-02 1.194E+00  4 2.611E-04 7.751E+01  5 7.850E-04 2.660E+01
 6 7.666E-04 8.165E+00  7 6.063E-05 1.274E+01  8 5.966E-05 2.113E+01  9 9.825E-06 4.201E+01 10 1.158E-02 1.361E+00
11 3.378E-04 9.346E+00 12 1.188E-03 2.517E+00 13 1.357E-02 6.904E-01 15 1.199E-03 5.369E+00 16 2.118E-03 1.074E+00
17 9.765E-04 7.611E+00 18 3.736E-06 1.000E+02 19 1.977E-02 4.936E+00 20 5.397E-04 2.322E+01 22 1.124E-05 7.842E+01
23 2.069E-04 3.580E+00 24 4.595E-03 2.835E-01 25 1.220E-07 4.704E+01 26 5.050E-03 5.803E-01 27 2.472E-03 6.871E-01
129  25
 1 1.327E-03 1.570E+01  2 2.702E-05 1.675E+01  3 2.761E-02 8.514E-01  4 1.287E-05 1.000E+02  5 1.885E-04 4.556E+01
 6 6.548E-04 5.930E+00  7 5.632E-05 1.142E+01  8 7.684E-05 1.517E+01  9 1.839E-05 3.986E+01 10 1.058E-02 1.163E+00
11 3.207E-04 9.215E+00 12 1.057E-03 3.288E+00 13 1.380E-02 8.625E-01 15 1.100E-03 9.080E+00 16 2.154E-03 8.644E-01
17 8.759E-04 5.623E+00 19 2.553E-02 3.063E+00 20 3.259E-04 2.173E+01 21 1.645E-07 1.000E+02 22 2.607E-06 8.835E+01
23 2.147E-04 4.108E+00 24 4.599E-03 2.994E-01 25 3.485E-07 5.924E+01 26 5.128E-03 6.112E-01 27 2.489E-03 8.206E-01
130  25
 1 1.273E-03 1.383E+01  2 3.869E-05 2.196E+01  3 2.236E-02 1.437E+00  4 1.188E-04 9.047E+01  5 2.089E-04 3.791E+01
 6 6.804E-04 8.561E+00  7 4.777E-05 1.351E+01  8 3.933E-05 1.933E+01  9 1.549E-05 4.445E+01 10 8.967E-03 1.746E+00
11 2.913E-04 9.964E+00 12 9.440E-04 2.623E+00 13 1.325E-02 7.544E-01 14 2.385E-05 1.000E+02 15 7.609E-04 1.093E+01
16 2.176E-03 7.734E-01 17 7.420E-04 7.241E+00 19 2.752E-02 3.594E+00 20 4.533E-04 2.513E+01 22 8.242E-06 8.852E+01
23 2.305E-04 4.071E+00 24 4.667E-03 3.158E-01 25 6.212E-08 5.319E+01 26 6.105E-03 5.475E-01 27 3.316E-03 7.785E-01
131  25
 1 1.178E-03 1.704E+01  2 3.345E-05 1.807E+01  3 1.461E-02 1.417E+00  4 3.949E-04 5.453E+01  5 2.553E-04 3.651E+01
 6 6.080E-04 7.518E+00  7 3.312E-05 1.438E+01  8 5.398E-05 2.334E+01  9 2.939E-06 8.689E+01 10 6.918E-03 1.873E+00
11 2.454E-04 1.236E+01 12 8.846E-04 2.716E+00 13 1.309E-02 1.013E+00 15 8.120E-04 8.970E+00 16 2.187E-03 1.343E+00
17 7.000E-04 1.082E+01 19 3.460E-02 4.531E+00 20 7.910E-04 2.591E+01 21 4.240E-07 1.000E+02 22 6.695E-06 7.452E+01
23 2.527E-04 4.334E+00 24 4.689E-03 3.267E-01 25 6.791E-08 8.184E+01 26 6.852E-03 4.311E-01 27 3.934E-03 5.446E-01
132  24
 1 9.013E-04 1.681E+01  2 3.308E-05 2.030E+01  3 6.577E-03 2.114E+00  5 3.482E-04 3.288E+01  6 5.340E-04 8.189E+00
 7 3.748E-05 1.706E+01  8 4.062E-05 2.557E+01  9 3.775E-06 6.379E+01 10 6.006E-03 2.211E+00 11 2.280E-04 1.262E+01
12 8.635E-04 2.804E+00 13 1.327E-02 5.774E-01 14 1.138E-04 1.000E+02 15 1.014E-03 1.141E+01 16 2.229E-03 1.034E+00
17 6.437E-04 1.036E+01 19 3.482E-02 4.853E+00 20 5.178E-04 2.324E+01 22 2.709E-06 7.820E+01 23 2.531E-04 2.899E+00
24 4.685E-03 3.527E-01 25 4.727E-08 9.451E+01 26 6.935E-03 5.025E-01 27 3.972E-03 5.980E-01
133  25
 1 8.655E-04 2.003E+01  2 5.420E-05 1.242E+01  3 3.818E-03 3.311E+00  4 1.472E-04 7.071E+01  5 3.594E-04 4.631E+01
 6 4.591E-04 9.789E+00  7 4.217E-05 1.663E+01  8 5.077E-05 2.594E+01  9 7.910E-06 4.476E+01 10 5.658E-03 3.129E+00
11 2.591E-04 1.135E+01 12 8.073E-04 3.344E+00 13 1.387E-02 7.187E-01 14 6.001E-06 1.000E+02 15 8.414E-04 1.041E+01
16 1.931E-03 1.005E+00 17 5.852E-04 1.125E+01 19 4.006E-02 3.685E+00 20 8.864E-04 1.273E+01 22 1.136E-05 1.000E+02
23 2.993E-04 2.601E+00 24 4.581E-03 3.087E-01 25 1.209E-08 1.000E+02 26 5.575E-03 4.772E-01 27 2.816E-03 5.578E-01
134  23
 1 1.072E-03 1.986E+01  2 3.689E-05 1.707E+01  3 3.161E-03 2.925E+00  5 3.006E-04 3.656E+01  6 4.980E-04 9.047E+00
 7 3.905E-05 1.838E+01  8 3.904E-05 3.477E+01  9 1.398E-05 4.299E+01 10 5.218E-03 2.443E+00 11 2.814E-04 1.206E+01
12 7.567E-04 3.247E+00 13 1.346E-02 8.747E-01 14 7.009E-07 1.000E+02 15 6.841E-04 1.020E+01 16 1.948E-03 1.296E+00
17 6.460E-04 6.232E+00 19 4.338E-02 3.674E+00 20 1.125E-03 2.751E+01 23 3.070E-04 2.916E+00 24 4.534E-03 3.143E-01
25 2.018E-07 6.423E+01 26 5.184E-03 5.264E-01 27 2.524E-03 7.077E-01
135  24
 1 7.463E-04 1.999E+01  2 4.603E-05 1.287E+01  3 2.850E-03 3.355E+00  5 3.259E-05 5.282E+01  6 4.140E-04 1.099E+01
 7 3.289E-05 1.473E+01  8 5.168E-05 2.323E+01  9 2.765E-06 4.724E+01 10 4.821E-03 3.020E+00 11 1.927E-04 1.207E+01
12 7.109E-04 3.568E+00 13 1.326E-02 7.532E-01 15 6.365E-04 8.748E+00 16 1.881E-03 8.883E-01 17 5.211E-04 8.018E+00
19 4.080E-02 3.194E+00 20 9.988E-04 1.587E+01 21 2.759E-06 1.000E+02 22 7.513E-06 1.000E+02 23 3.330E-04 3.228E+00
24 4.552E-03 3.156E-01 25 4.249E-08 6.174E+01 26 5.258E-03 4.911E-01 27 2.548E-03 6.564E-01
136  25
 1 4.091E-04 2.718E+01  2 4.636E-05 1.414E+01  3 2.507E-03 3.573E+00  4 2.555E-04 6.887E+01  5 9.698E-05 4.172E+01
 6 4.029E-04 9.519E+00  7 3.291E-05 1.646E+01  8 4.268E-05 3.429E+01  9 1.738E-05 3.134E+01 10 3.886E-03 2.612E+00
11 1.848E-04 1.015E+01 12 5.964E-04 3.269E+00 13 1.190E-02 8.310E-01 14 9.144E-06 1.000E+02 15 6.048E-04 1.476E+01
16 1.916E-03 8.998E-01 17 5.105E-04 1.013E+01 19 3.917E-02 2.588E+00 20 1.213E-03 2.041E+01 22 1.088E-05 8.579E+01
23 3.741E-04 2.513E+00 24 4.649E-03 3.110E-01 25 6.776E-08 6.811E+01 26 6.953E-03 4.307E-01 27 3.959E-03 4.966E-01
137  24
 1 6.063E-04 2.108E+01  2 6.748E-05 1.234E+01  3 2.246E-03 3.493E+00  4 3.765E-05 7.132E+01  5 2.949E-04 3.126E+01
 6 3.894E-04 9.747E+00  7 1.791E-05 1.913E+01  8 3.895E-05 2.491E+01  9 1.090E-06 1.000E+02 10 3.580E-03 2.811E+00
11 1.548E-04 1.703E+01 12 5.886E-04 3.089E+00 13 1.149E-02 7.964E-01 15 5.409E-04 1.055E+01 16 1.916E-03 1.189E+00
17 4.801E-04 8.725E+00 19 3.736E-02 4.357E+00 20 8.976E-04 1.307E+01 22 1.109E-06 1.000E+02 23 3.943E-04 2.161E+00
24 4.681E-03 3.025E-01 25 1.228E-08 1.000E+02 26 7.056E-03 5.002E-01 27 4.038E-03 6.966E-01
138  23
 1 6.643E-04 1.935E+01  2 4.488E-05 1.277E+01  3 2.039E-03 3.203E+00  5 7.398E-05 6.261E+01  6 3.609E-04 1.062E+01
 7 2.915E-05 1.541E+01  8 2.672E-05 2.394E+01  9 4.343E-06 6.098E+01 10 3.374E-03 3.316E+00 11 1.675E-04 1.440E+01
12 4.918E-04 4.596E+00 13 1.135E-02 8.960E-01 15 4.337E-04 1.382E+01 16 1.889E-03 1.457E+00 17 4.575E-04 1.217E+01
19 3.596E-02 4.077E+00 20 1.296E-03 1.688E+01 22 9.267E-06 7.320E+01 23 4.159E-04 2.833E+00 24 4.639E-03 3.474E-01
25 5.247E-08 7.131E+01 26 6.653E-03 4.959E-01 27 3.695E-03 5.876E-01
139  24
 1 7.463E-04 1.372E+01  2 6.837E-05 1.109E+01  3 1.953E-03 3.269E+00  4 7.532E-05 6.136E+01  5 1.417E-04 4.312E+01
 6 2.808E-04 9.398E+00  7 2.980E-05 1.386E+01  8 6.181E-05 2.327E+01  9 7.114E-07 7.080E+01 10 3.185E-03 2.553E+00
11 1.237E-04 1.086E+01 12 5.404E-04 4.555E+00 13 1.142E-02 9.986E-01 15 5.111E-04 1.463E+01 16 1.971E-03 1.226E+00
17 5.203E-04 1.238E+01 19 3.331E-02 5.553E+00 20 8.419E-04 1.909E+01 21 9.450E-06 8.058E+01 23 4.904E-04 2.802E+00
24 4.549E-03 2.822E-01 25 6.013E-08 1.000E+02 26 5.265E-03 5.264E-01 27 2.498E-03 5.580E-01
140  24
 1 4.467E-04 1.738E+01  2 7.424E-05 7.716E+00  3 1.826E-03 3.707E+00  4 2.537E-05 1.000E+02  5 2.798E-04 4.918E+01
 6 3.144E-04 1.186E+01  7 2.675E-05 2.166E+01  8 3.494E-05 2.672E+01  9 8.181E-06 4.369E+01 10 2.973E-03 3.592E+00
11 1.498E-04 1.075E+01 12 5.058E-04 3.873E+00 13 1.074E-02 8.686E-01 15 4.275E-04 1.168E+01 16 1.912E-03 1.126E+00
17 4.089E-04 1.075E+01 19 2.856E-02 4.409E+00 20 1.846E-03 1.000E+01 21 4.280E-06 1.000E+02 23 5.320E-04 2.033E+00
24 4.555E-03 3.138E-01 25 1.311E-07 6.450E+01 26 5.279E-03 5.881E-01 27 2.504E-03 7.351E-01
141  24
 1 5.495E-04 2.199E+01  2 6.976E-05 1.123E+01  3 1.605E-03 3.466E+00  4 2.310E-04 6.846E+01  5 3.069E-04 3.209E+01
 6 3.180E-04 9.160E+00  7 2.216E-05 1.745E+01  8 2.688E-05 2.381E+01  9 3.964E-07 8.849E+01 10 2.605E-03 2.767E+00
11 1.510E-04 1.355E+01 12 4.493E-04 3.026E+00 13 1.014E-02 1.078E+00 15 3.798E-04 1.483E+01 16 1.903E-03 1.140E+00
17 3.397E-04 1.159E+01 19 2.046E-02 2.831E+00 20 2.301E-03 8.096E+00 22 7.907E-06 6.157E+01 23 5.773E-04 2.101E+00
24 4.582E-03 3.236E-01 25 7.260E-08 1.000E+02 26 5.939E-03 4.338E-01 27 3.061E-03 5.067E-01
142  25
 1 4.217E-04 3.027E+01  2 8.328E-05 1.022E+01  3 1.503E-03 4.976E+00  4 9.148E-05 6.896E+01  5 8.229E-05 4.314E+01
 6 2.881E-04 1.218E+01  7 2.660E-05 2.654E+01  8 2.689E-05 2.641E+01  9 2.406E-06 4.754E+01 10 2.315E-03 2.791E+00
11 1.534E-04 1.453E+01 12 3.994E-04 3.458E+00 13 9.325E-03 7.888E-01 15 3.687E-04 1.065E+01 16 1.889E-03 1.022E+00
17 2.805E-04 1.169E+01 19 1.314E-02 3.889E+00 20 1.969E-03 1.080E+01 21 5.477E-07 6.891E+01 22 4.701E-07 8.469E+01
23 6.244E-04 2.395E+00 24 4.655E-03 2.955E-01 25 4.681E-08 7.894E+01 26 7.032E-03 4.366E-01 27 3.951E-03 5.162E-01
143  24
 1 4.338E-04 2.906E+01  2 1.022E-04 1.280E+01  3 1.327E-03 3.932E+00  5 2.099E-04 4.882E+01  6 2.234E-04 1.337E+01
 7 1.901E-05 1.853E+01  8 3.785E-05 2.652E+01  9 1.150E-05 7.263E+01 10 2.163E-03 3.570E+00 11 9.312E-05 1.131E+01
12 3.625E-04 4.009E+00 13 8.695E-03 1.005E+00 15 3.041E-04 1.251E+01 16 1.919E-03 1.430E+00 17 3.036E-04 1.466E+01
19 9.312E-03 4.614E+00 20 1.910E-03 1.758E+01 21 3.100E-07 1.000E+02 22 8.749E-07 1.000E+02 23 7.128E-04 2.329E+00
24 4.647E-03 3.102E-01 25 3.925E-08 1.000E+02 26 7.007E-03 4.357E-01 27 3.931E-03 5.034E-01
144  23
 1 4.392E-04 2.624E+01  2 8.954E-05 1.038E+01  3 1.155E-03 5.325E+00  4 1.572E-04 5.592E+01  5 1.550E-04 6.636E+01
 6 2.029E-04 1.231E+01  7 1.585E-05 2.467E+01  8 2.619E-05 2.932E+01  9 5.782E-06 5.280E+01 10 2.027E-03 2.590E+00
11 9.978E-05 1.539E+01 12 3.439E-04 4.683E+00 13 8.607E-03 1.030E+00 15 3.317E-04 1.354E+01 16 1.936E-03 1.393E+00
17 3.382E-04 1.288E+01 19 7.640E-03 8.435E+00 20 3.005E-03 9.349E+00 23 7.625E-04 1.921E+00 24 4.557E-03 3.153E-01
25 1.733E-08 9.272E+01 26 5.947E-03 5.543E-01 27 3.040E-03 7.368E-01
145  24
 1 2.408E-04 3.325E+01  2 1.134E-04 6.771E+00  3 1.176E-03 4.835E+00  4 8.900E-05 8.602E+01  5 1.286E-04 6.887E+01
 6 2.035E-04 1.158E+01  7 1.308E-05 1.941E+01  8 2.617E-05 2.988E+01  9 5.101E-06 4.956E+01 10 1.908E-03 3.641E+00
11 9.981E-05 1.423E+01 12 3.317E-04 4.215E+00 13 8.280E-03 1.300E+00 15 2.968E-04 1.052E+01 16 1.941E-03 9.974E-01
17 2.255E-04 1.299E+01 19 8.011E-03 6.664E+00 20 2.964E-03 7.480E+00 22 6.075E-06 1.000E+02 23 8.923E-04 2.059E+00
24 4.511E-03 3.664E-01 25 5.853E-08 4.717E+01 26 5.233E-03 5.033E-01 27 2.448E-03 6.442E-01
146  22
 1 3.372E-04 2.778E+01  2 1.295E-04 7.113E+00  3 9.550E-04 5.226E+00  4 1.639E-04 6.029E+01  5 1.369E-04 5.637E+01
 6 2.399E-04 9.188E+00  7 1.917E-05 2.404E+01  8 2.642E-05 2.797E+01 10 1.776E-03 3.707E+00 11 7.858E-05 1.558E+01
12 3.119E-04 3.175E+00 13 7.680E-03 9.207E-01 15 2.540E-04 1.363E+01 16 1.942E-03 1.180E+00 17 2.061E-04 1.594E+01
19 7.345E-03 7.192E+00 20 2.242E-03 1.699E+01 23 9.620E-04 1.294E+00 24 4.473E-03 3.181E-01 25 9.724E-09 1.000E+02
26 5.241E-03 5.016E-01 27 2.435E-03 7.478E-01
147  23
 1 2.738E-04 3.094E+01  2 1.350E-04 9.369E+00  3 8.609E-04 3.547E+00  4 2.103E-04 4.370E+01  5 1.162E-04 5.228E+01
 6 1.795E-04 1.323E+01  7 1.030E-05 2.161E+01  8 7.783E-06 3.416E+01  9 9.745E-07 1.000E+02 10 1.570E-03 4.084E+00
11 1.064E-04 1.800E+01 12 2.928E-04 4.211E+00 13 6.723E-03 1.213E+00 15 3.191E-04 1.689E+01 16 1.963E-03 1.217E+00
17 2.180E-04 1.238E+01 19 6.102E-03 6.083E+00 20 3.184E-03 8.643E+00 23 1.041E-03 1.951E+00 24 4.552E-03 3.101E-01
25 3.283E-08 1.000E+02 26 6.603E-03 4.220E-01 27 3.563E-03 6.557E-01
148  23
 1 3.067E-04 2.307E+01  2 1.482E-04 8.497E+00  3 8.211E-04 5.977E+00  4 2.411E-04 4.898E+01  5 1.823E-04 5.767E+01
 6 1.497E-04 1.968E+01  7 9.838E-06 2.749E+01  8 1.868E-05 3.594E+01 10 1.351E-03 6.102E+00 11 5.581E-05 1.873E+01
12 2.771E-04 5.152E+00 13 6.185E-03 1.051E+00 15 2.882E-04 1.491E+01 16 1.969E-03 1.203E+00 17 1.825E-04 1.429E+01
19 5.620E-03 8.689E+00 20 2.527E-03 1.113E+01 21 1.290E-05 1.000E+02 22 9.167E-06 9.812E+01 23 1.123E-03 1.640E+00
24 4.572E-03 3.109E-01 26 6.994E-03 4.166E-01 27 3.881E-03 5.110E-01
149  22
 1 1.504E-04 3.794E+01  2 1.829E-04 7.074E+00  3 7.958E-04 5.675E+00  5 8.111E-05 5.139E+01  6 1.762E-04 1.614E+01
 7 1.576E-05 1.812E+01  8 2.356E-05 3.137E+01  9 3.041E-06 7.164E+01 10 1.267E-03 4.867E+00 11 7.870E-05 1.508E+01
12 2.207E-04 4.852E+00 13 5.555E-03 1.729E+00 14 5.031E-05 1.000E+02 15 2.416E-04 1.542E+01 16 1.980E-03 1.261E+00
17 2.657E-04 1.261E+01 19 4.400E-03 9.401E+00 20 3.634E-03 1.039E+01 23 1.258E-03 1.785E+00 24 4.521E-03 3.444E-01
26 6.925E-03 4.856E-01 27 3.806E-03 5.969E-01
150  22
 1 2.120E-04 3.639E+01  2 2.077E-04 8.795E+00  3 7.258E-04 5.816E+00  4 9.506E-05 6.853E+01  5 1.591E-04 8.153E+01
 6 1.283E-04 1.673E+01  7 8.894E-06 4.071E+01  8 1.767E-05 4.777E+01 10 1.169E-03 4.484E+00 11 4.633E-05 2.231E+01
12 2.432E-04 7.035E+00 13 5.524E-03 1.299E+00 14 6.900E-06 1.000E+02 15 2.056E-04 1.898E+01 16 1.974E-03 1.184E+00
17 2.008E-04 1.262E+01 19 4.215E-03 8.880E+00 20 4.801E-03 7.180E+00 23 1.435E-03 8.028E-01 24 4.374E-03 3.218E-01
26 5.207E-03 5.476E-01 27 2.378E-03 7.604E-01
151  23
 1 2.191E-04 4.008E+01  2 2.486E-04 6.234E+00  3 7.130E-04 3.791E+00  4 4.348E-04 6.434E+01  5 1.795E-05 9.459E+01
 6 1.197E-04 1.740E+01  7 6.483E-06 2.939E+01  8 1.352E-05 3.917E+01  9 2.761E-07 8.885E+01 10 1.025E-03 4.401E+00
11 4.287E-05 2.745E+01 12 2.354E-04 3.316E+00 13 4.947E-03 1.359E+00 15 1.789E-04 1.518E+01 16 1.997E-03 1.232E+00
17 1.807E-04 2.245E+01 19 4.039E-03 1.013E+01 20 5.251E-03 8.955E+00 23 1.625E-03 1.424E+00 24 4.357E-03 3.195E-01
25 2.791E-08 1.000E+02 26 5.155E-03 6.177E-01 27 2.317E-03 7.512E-01
152  23
 1 1.277E-04 4.884E+01  2 2.395E-04 5.802E+00  3 6.438E-04 6.408E+00  4 4.252E-04 5.843E+01  5 3.935E-05 7.688E+01
 6 1.166E-04 2.225E+01  7 8.558E-06 2.319E+01  8 5.761E-06 6.609E+01 10 1.029E-03 5.175E+00 11 7.228E-05 1.883E+01
12 2.265E-04 7.708E+00 13 4.425E-03 1.484E+00 15 1.388E-04 2.199E+01 16 2.016E-03 9.942E-01 17 1.546E-04 1.384E+01
19 3.464E-03 1.188E+01 20 4.501E-03 8.270E+00 22 1.166E-06 1.000E+02 23 1.814E-03 1.307E+00 24 4.331E-03 3.265E-01
25 4.042E-08 1.000E+02 26 5.497E-03 5.637E-01 27 2.593E-03 6.292E-01
153  25
 1 2.321E-04 3.411E+01  2 2.775E-04 4.902E+00  3 5.898E-04 5.549E+00  4 6.530E-04 5.085E+01  5 3.501E-05 8.904E+01
 6 1.194E-04 2.301E+01  7 7.947E-06 2.432E+01  8 1.522E-05 3.208E+01  9 1.259E-06 9.406E+01 10 9.769E-04 6.387E+00
11 4.416E-05 2.393E+01 12 1.650E-04 6.207E+00 13 3.675E-03 1.672E+00 15 1.230E-04 2.068E+01 16 2.026E-03 1.015E+00
17 1.595E-04 2.103E+01 19 2.680E-03 7.769E+00 20 5.450E-03 6.401E+00 21 2.357E-06 1.000E+02 22 4.788E-07 1.000E+02
23 1.978E-03 1.071E+00 24 4.344E-03 3.248E-01 25 2.314E-09 1.000E+02 26 6.892E-03 5.234E-01 27 3.733E-03 6.364E-01
154  23
 1 3.453E-04 3.442E+01  2 3.342E-04 5.255E+00  3 5.562E-04 7.089E+00  4 6.247E-05 5.157E+01  5 1.156E-05 1.000E+02
 6 1.234E-04 2.245E+01  7 9.854E-06 3.400E+01  8 1.356E-05 4.499E+01  9 2.223E-06 7.781E+01 10 7.964E-04 5.721E+00
11 4.092E-05 2.070E+01 12 1.510E-04 5.892E+00 13 3.249E-03 1.937E+00 15 1.417E-04 2.134E+01 16 2.002E-03 1.062E+00
17 1.206E-04 1.619E+01 19 2.509E-03 8.392E+00 20 6.366E-03 8.370E+00 23 2.181E-03 1.245E+00 24 4.251E-03 3.082E-01
25 9.448E-09 1.000E+02 26 6.806E-03 4.964E-01 27 3.691E-03 5.932E-01
155  22
 1 2.868E-04 3.224E+01  2 3.728E-04 5.579E+00  3 4.206E-04 8.011E+00  4 7.235E-04 3.798E+01  5 5.286E-05 1.000E+02
 6 7.123E-05 2.081E+01  7 5.505E-06 4.238E+01  8 6.136E-06 3.711E+01  9 7.113E-06 8.650E+01 10 7.667E-04 5.736E+00
11 5.730E-05 1.949E+01 12 1.511E-04 7.287E+00 13 2.838E-03 1.825E+00 15 1.425E-04 2.384E+01 16 2.062E-03 1.113E+00
17 8.792E-05 2.093E+01 19 2.427E-03 9.129E+00 20 7.457E-03 5.595E+00 23 2.564E-03 1.529E+00 24 4.114E-03 2.809E-01
26 5.879E-03 5.731E-01 27 2.968E-03 7.780E-01
156  23
 1 1.480E-04 3.619E+01  2 3.845E-04 6.039E+00  3 4.336E-04 7.620E+00  4 4.088E-04 4.429E+01  5 8.638E-06 7.842E+01
 6 9.106E-05 1.936E+01  7 4.487E-06 2.688E+01  8 1.519E-05 4.269E+01 10 6.476E-04 5.762E+00 11 3.984E-05 1.764E+01
12 1.339E-04 6.989E+00 13 2.542E-03 1.833E+00 14 3.710E-05 1.000E+02 15 9.427E-05 1.720E+01 16 2.131E-03 9.892E-01
17 1.002E-04 2.113E+01 19 2.104E-03 1.401E+01 20 7.862E-03 5.690E+00 23 2.801E-03 8.026E-01 24 3.956E-03 3.566E-01
25 1.346E-07 1.000E+02 26 5.461E-03 4.989E-01 27 2.345E-03 6.156E-01
157  22
 1 1.048E-04 4.507E+01  2 4.981E-04 5.053E+00  3 4.002E-04 7.932E+00  4 3.272E-04 4.807E+01  5 5.897E-06 1.000E+02
 6 9.093E-05 2.143E+01  7 8.054E-06 3.817E+01  8 8.520E-06 7.343E+01  9 6.976E-06 7.430E+01 10 5.390E-04 7.789E+00
11 3.858E-05 2.237E+01 12 1.334E-04 6.567E+00 13 2.217E-03 1.997E+00 15 5.436E-05 3.203E+01 16 2.194E-03 1.061E+00
17 1.051E-04 2.065E+01 19 1.549E-03 1.159E+01 20 8.379E-03 7.214E+00 23 3.257E-03 1.222E+00 24 3.853E-03 3.438E-01
26 5.669E-03 5.055E-01 27 2.419E-03 8.661E-01
158  22
 1 5.090E-05 5.900E+01  2 5.792E-04 3.404E+00  3 3.679E-04 8.778E+00  4 1.232E-03 3.252E+01  5 2.056E-05 9.093E+01
 6 5.473E-05 1.978E+01  7 6.921E-06 3.232E+01  8 6.692E-06 4.748E+01  9 6.929E-08 1.000E+02 10 4.979E-04 7.198E+00
11 2.512E-05 2.876E+01 12 1.245E-04 7.778E+00 13 2.075E-03 2.614E+00 15 5.418E-05 2.361E+01 16 2.280E-03 7.477E-01
17 9.983E-05 2.213E+01 19 1.547E-03 1.490E+01 20 1.065E-02 5.499E+00 23 3.768E-03 8.186E-01 24 3.641E-03 3.395E-01
26 5.091E-03 5.834E-01 27 2.151E-03 9.080E-01
159  23
 1 1.343E-04 4.345E+01  2 6.072E-04 3.656E+00  3 3.050E-04 9.815E+00  4 1.323E-03 2.623E+01  5 1.754E-05 9.247E+01
 6 5.865E-05 2.569E+01  7 4.818E-06 3.535E+01  8 6.536E-06 4.027E+01  9 3.010E-08 1.000E+02 10 4.832E-04 5.637E+00
11 2.976E-05 2.325E+01 12 1.004E-04 8.855E+00 13 1.800E-03 2.095E+00 15 6.800E-05 3.045E+01 16 2.496E-03 8.907E-01
17 6.291E-05 3.624E+01 19 1.712E-03 1.804E+01 20 1.264E-02 5.709E+00 23 4.470E-03 1.084E+00 24 3.265E-03 3.694E-01
25 6.349E-08 9.351E+01 26 3.092E-03 5.547E-01 27 1.468E-03 8.081E-01
160  22
 1 2.188E-04 4.667E+01  2 6.800E-04 4.777E+00  3 2.600E-04 1.315E+01  4 1.089E-03 2.538E+01  5 3.846E-07 1.000E+02
 6 6.614E-05 2.374E+01  7 1.183E-05 4.271E+01  8 4.122E-06 7.060E+01 10 3.822E-04 5.161E+00 11 1.969E-05 3.179E+01
12 8.566E-05 1.045E+01 13 1.587E-03 2.543E+00 15 1.153E-04 2.211E+01 16 8.352E-03 4.847E-01 17 9.291E-05 2.233E+01
19 1.266E-03 1.263E+01 20 1.583E-02 6.128E+00 23 5.239E-03 6.843E-01 24 2.959E-03 3.864E-01 25 5.166E-08 1.000E+02
26 2.774E-03 7.111E-01 27 1.313E-03 1.102E+00
161  22
 1 1.161E-04 4.181E+01  2 4.588E-04 4.424E+00  3 1.654E-04 1.381E+01  4 2.455E-04 4.563E+01  5 3.501E-06 5.621E+01
 6 3.255E-05 2.288E+01  7 2.292E-06 2.962E+01  8 5.959E-06 4.654E+01  9 1.989E-07 1.000E+02 10 2.994E-04 5.225E+00
11 1.977E-05 2.566E+01 12 7.755E-05 9.726E+00 13 1.215E-03 1.596E+00 15 6.851E-05 2.412E+01 16 1.530E-03 9.555E-01
17 5.674E-05 1.420E+01 19 1.053E-03 1.252E+01 20 4.753E-02 2.714E+00 23 1.302E-02 3.529E-01 24 1.105E-03 5.426E-01
26 2.536E-03 5.584E-01 27 1.178E-03 6.931E-01
162  23
 1 4.489E-05 5.611E+01  2 5.084E-04 3.423E+00  3 1.635E-04 9.470E+00  4 2.465E-04 5.890E+01  5 4.421E-06 6.124E+01
 6 3.795E-05 2.486E+01  7 3.255E-06 3.856E+01  8 3.363E-06 6.827E+01  9 1.915E-08 1.000E+02 10 2.849E-04 8.483E+00
11 2.087E-05 2.543E+01 12 6.002E-05 8.000E+00 13 1.083E-03 1.931E+00 15 4.493E-05 4.123E+01 16 1.552E-03 8.303E-01
17 6.793E-05 2.833E+01 19 9.717E-04 1.365E+01 20 7.098E-02 2.016E+00 23 1.401E-02 3.106E-01 24 9.369E-04 4.459E-01
25 2.747E-08 8.201E+01 26 2.512E-03 5.605E-01 27 1.100E-03 6.825E-01
163  22
 1 3.783E-05 4.761E+01  2 5.278E-04 2.731E+00  3 1.151E-04 1.043E+01  4 5.404E-04 3.890E+01  5 1.059E-05 6.902E+01
 6 4.589E-05 2.567E+01  7 3.040E-06 3.867E+01  8 1.150E-06 6.867E+01 10 2.434E-04 5.862E+00 11 1.386E-05 3.084E+01
12 4.804E-05 9.515E+00 13 9.866E-04 1.931E+00 15 4.593E-05 3.271E+01 16 1.561E-03 1.126E+00 17 6.467E-05 1.815E+01
19 7.177E-04 1.373E+01 20 8.422E-02 1.726E+00 23 1.472E-02 3.533E-01 24 8.030E-04 6.101E-01 25 1.833E-08 1.000E+02
26 2.535E-03 4.872E-01 27 1.073E-03 7.323E-01
164  21
 1 6.230E-05 4.824E+01  2 6.318E-04 2.682E+00  3 1.315E-04 9.727E+00  4 4.399E-04 2.886E+01  5 1.551E-05 9.924E+01
 6 4.906E-05 1.968E+01  7 2.068E-06 6.451E+01  8 2.949E-06 6.927E+01 10 2.345E-04 6.141E+00 11 9.401E-06 2.630E+01
12 4.781E-05 8.645E+00 13 8.624E-04 2.109E+00 15 2.792E-05 3.436E+01 16 1.576E-03 1.074E+00 17 4.784E-05 2.823E+01
19 6.508E-04 1.521E+01 20 8.450E-02 1.476E+00 23 1.524E-02 3.128E-01 24 7.151E-04 5.828E-01 26 2.623E-03 7.103E-01
27 1.078E-03 9.175E-01
165  22
 1 1.660E-05 5.893E+01  2 6.709E-04 3.359E+00  3 1.086E-04 9.974E+00  4 2.565E-05 8.066E+01  5 6.383E-05 7.064E+01
 6 1.856E-05 3.468E+01  7 3.254E-06 4.709E+01  8 8.090E-07 6.952E+01  9 1.811E-07 1.000E+02 10 1.992E-04 5.898E+00
11 1.194E-05 3.283E+01 12 4.873E-05 8.068E+00 13 7.590E-04 3.055E+00 15 2.027E-05 3.330E+01 16 1.558E-03 1.159E+00
17 3.142E-05 1.879E+01 19 4.802E-04 1.902E+01 20 8.058E-02 1.429E+00 23 1.581E-02 3.358E-01 24 6.353E-04 9.029E-01
26 2.664E-03 6.919E-01 27 1.058E-03 8.324E-01
166  21
 1 4.141E-05 5.981E+01  2 7.799E-04 3.582E+00  3 9.180E-05 1.238E+01  4 5.765E-04 3.407E+01  5 2.833E-06 5.956E+01
 6 1.454E-05 3.832E+01  7 5.471E-07 6.164E+01  8 9.255E-07 7.258E+01 10 1.697E-04 9.726E+00 11 1.151E-05 3.529E+01
12 4.114E-05 6.489E+00 13 7.124E-04 2.812E+00 15 2.556E-05 3.999E+01 16 1.521E-03 1.109E+00 17 3.067E-05 2.353E+01
19 6.890E-04 1.047E+01 20 7.476E-02 1.425E+00 23 1.623E-02 3.903E-01 24 5.605E-04 8.873E-01 26 2.733E-03 5.307E-01
27 1.037E-03 5.830E-01
167  20
 1 1.731E-05 8.720E+01  2 8.827E-04 3.254E+00  3 7.653E-05 1.330E+01  4 7.180E-04 2.709E+01  6 2.073E-05 2.756E+01
 7 3.695E-06 3.499E+01  8 3.321E-06 6.686E+01 10 1.395E-04 7.245E+00 11 9.769E-06 3.050E+01 12 3.445E-05 9.726E+00
13 6.456E-04 2.128E+00 15 2.805E-05 3.862E+01 16 1.526E-03 8.890E-01 17 4.068E-05 2.538E+01 19 6.198E-04 2.260E+01
20 6.500E-02 2.158E+00 23 1.676E-02 3.279E-01 24 5.029E-04 8.871E-01 26 2.834E-03 4.463E-01 27 1.054E-03 5.166E-01
168  21
 1 1.336E-05 5.988E+01  2 9.790E-04 2.733E+00  3 6.941E-05 1.430E+01  4 4.593E-04 3.429E+01  5 2.652E-05 1.000E+02
 6 1.187E-05 3.617E+01  7 2.242E-06 5.030E+01  8 2.618E-06 7.628E+01 10 1.478E-04 1.055E+01 11 1.220E-05 4.676E+01
12 2.879E-05 1.360E+01 13 5.817E-04 3.350E+00 15 1.310E-05 3.664E+01 16 2.539E-03 6.080E-01 17 2.401E-05 2.901E+01
19 6.599E-04 1.707E+01 20 5.207E-02 2.511E+00 23 1.744E-02 3.928E-01 24 4.726E-04 7.555E-01 26 3.059E-03 8.752E-01
27 1.085E-03 1.016E+00
169  22
 1 9.864E-05 5.655E+01  2 1.134E-03 1.867E+00  3 1.102E-04 1.106E+01  4 9.046E-04 3.350E+01  5 1.196E-07 1.000E+02
 6 2.424E-05 3.474E+01  7 1.428E-06 5.446E+01  8 2.625E-06 7.894E+01  9 2.182E-06 1.000E+02 10 1.486E-04 8.837E+00
11 6.867E-06 3.792E+01 12 4.050E-05 1.025E+01 13 5.495E-04 2.629E+00 15 2.755E-05 3.488E+01 16 1.669E-03 1.004E+00
17 3.505E-05 3.123E+01 19 3.948E-04 1.690E+01 20 3.416E-02 2.503E+00 23 1.941E-02 2.805E-01 24 4.292E-04 1.005E+00
26 4.772E-03 4.732E-01 27 1.508E-03 5.238E-01
170  23
 1 3.507E-05 5.251E+01  2 1.204E-03 1.771E+00  3 1.006E-04 1.139E+01  4 9.887E-04 3.308E+01  5 5.152E-06 1.000E+02
 6 3.021E-05 2.868E+01  7 1.921E-06 6.731E+01  8 2.906E-06 5.479E+01 10 1.127E-04 1.292E+01 11 7.587E-06 3.293E+01
12 2.997E-05 1.390E+01 13 4.836E-04 3.784E+00 15 2.721E-05 3.637E+01 16 1.602E-03 1.027E+00 17 3.229E-05 2.699E+01
19 3.980E-04 2.829E+01 20 2.364E-02 2.599E+00 22 2.660E-06 7.010E+01 23 1.989E-02 3.186E-01 24 3.809E-04 7.165E-01
25 1.579E-10 1.000E+02 26 4.972E-03 4.574E-01 27 1.535E-03 5.727E-01
171  20
 1 1.918E-05 6.996E+01  2 1.379E-03 1.395E+00  3 7.964E-05 1.338E+01  4 8.963E-04 2.095E+01  6 1.600E-05 3.264E+01
 7 1.287E-06 4.340E+01  8 2.235E-06 5.450E+01 10 1.066E-04 9.863E+00 11 8.285E-06 5.293E+01 12 2.858E-05 1.178E+01
13 4.369E-04 3.455E+00 15 1.393E-05 4.989E+01 16 1.574E-03 8.273E-01 17 1.436E-05 3.192E+01 19 4.400E-04 2.111E+01
20 1.494E-02 3.373E+00 23 2.032E-02 3.521E-01 24 3.380E-04 7.901E-01 26 5.141E-03 4.778E-01 27 1.558E-03 5.208E-01
172  20
 2 1.518E-03 2.075E+00  3 7.977E-05 1.053E+01  4 1.079E-03 2.199E+01  5 1.409E-05 1.000E+02  6 3.916E-06 5.008E+01
 7 5.220E-07 5.638E+01 10 1.069E-04 1.243E+01 11 2.902E-06 3.797E+01 12 2.227E-05 1.613E+01 13 4.124E-04 4.285E+00
15 1.310E-05 6.926E+01 16 1.548E-03 1.087E+00 17 1.901E-05 3.700E+01 19 2.583E-04 2.212E+01 20 1.262E-02 4.056E+00
22 3.464E-07 1.000E+02 23 2.062E-02 3.142E-01 24 2.980E-04 9.908E-01 26 5.235E-03 4.907E-01 27 1.576E-03 5.987E-01
173  21
 1 1.385E-05 5.759E+01  2 1.802E-03 2.089E+00  3 7.326E-05 1.386E+01  4 1.278E-03 2.512E+01  6 1.179E-05 2.653E+01
 7 1.288E-06 5.236E+01  8 6.747E-07 9.138E+01  9 5.834E-08 1.000E+02 10 9.083E-05 1.319E+01 11 5.490E-06 3.832E+01
12 1.738E-05 1.973E+01 13 3.542E-04 5.146E+00 15 2.375E-05 4.508E+01 16 1.526E-03 1.214E+00 17 1.586E-05 3.279E+01
19 2.556E-04 1.998E+01 20 1.108E-02 3.796E+00 23 2.093E-02 2.932E-01 24 2.672E-04 1.062E+00 26 5.323E-03 4.747E-01
27 1.573E-03 5.332E-01
174  21
 1 3.436E-06 1.000E+02  2 2.097E-03 1.555E+00  3 5.738E-05 1.914E+01  4 1.023E-03 2.453E+01  5 1.492E-07 1.000E+02
 6 1.441E-05 4.626E+01  7 1.822E-06 5.703E+01  8 5.193E-08 7.235E+01 10 9.106E-05 1.297E+01 11 4.488E-06 3.979E+01
12 2.312E-05 1.052E+01 13 3.102E-04 3.931E+00 15 3.368E-05 4.749E+01 16 1.521E-03 1.142E+00 17 3.926E-05 2.573E+01
19 3.280E-04 1.889E+01 20 9.546E-03 4.789E+00 23 2.112E-02 2.906E-01 24 2.367E-04 1.033E+00 26 5.396E-03 4.303E-01
27 1.583E-03 5.173E-01
175  18
 2 2.303E-03 1.829E+00  3 3.343E-05 2.122E+01  4 1.163E-03 2.507E+01  6 7.554E-06 3.820E+01  7 4.733E-07 6.229E+01
10 6.914E-05 1.095E+01 11 5.623E-06 3.892E+01 12 1.965E-05 1.549E+01 13 2.725E-04 4.708E+00 15 9.820E-06 4.699E+01
16 1.512E-03 1.179E+00 17 1.945E-05 3.797E+01 19 3.079E-04 2.670E+01 20 8.444E-03 4.307E+00 23 2.136E-02 3.110E-01
24 2.146E-04 9.514E-01 26 5.486E-03 4.517E-01 27 1.593E-03 6.021E-01
176  21
 1 7.206E-06 1.000E+02  2 2.657E-03 1.583E+00  3 4.018E-05 1.959E+01  4 1.860E-03 2.079E+01  6 4.939E-06 4.220E+01
 7 1.595E-06 6.820E+01  8 3.438E-08 7.868E+01  9 2.181E-06 1.000E+02 10 7.096E-05 1.660E+01 11 1.921E-06 4.815E+01
12 1.634E-05 1.970E+01 13 2.527E-04 3.658E+00 15 1.446E-05 4.692E+01 16 1.472E-03 1.436E+00 17 8.827E-06 5.319E+01
19 2.240E-04 2.466E+01 20 6.954E-03 5.202E+00 23 2.140E-02 3.335E-01 24 1.897E-04 1.503E+00 26 5.514E-03 4.633E-01
27 1.595E-03 5.680E-01
177  21
 2 3.083E-03 1.243E+00  3 6.220E-05 1.460E+01  4 2.485E-03 1.623E+01  5 2.182E-05 1.000E+02  6 5.414E-06 5.148E+01
 7 1.161E-06 5.934E+01  8 3.312E-06 5.326E+01 10 5.947E-05 8.923E+00 11 6.971E-06 4.052E+01 12 1.520E-05 1.705E+01
13 2.234E-04 4.629E+00 15 5.327E-06 8.082E+01 16 1.481E-03 9.382E-01 17 2.029E-05 4.001E+01 19 2.159E-04 2.612E+01
20 5.424E-03 8.212E+00 22 2.150E-06 1.000E+02 23 2.156E-02 3.176E-01 24 1.727E-04 1.075E+00 26 5.611E-03 4.414E-01
27 1.607E-03 4.452E-01
178  20
 1 1.068E-05 1.000E+02  2 3.437E-03 1.908E+00  3 3.963E-05 2.503E+01  4 2.946E-03 1.244E+01  6 4.862E-06 6.931E+01
 7 6.800E-07 7.155E+01  8 1.138E-06 6.687E+01 10 3.712E-05 2.274E+01 11 5.325E-07 7.002E+01 12 1.387E-05 1.716E+01
13 2.019E-04 4.807E+00 15 1.688E-05 4.554E+01 16 1.491E-03 1.270E+00 17 4.569E-06 5.210E+01 19 2.083E-04 2.935E+01
20 5.390E-03 4.471E+00 23 2.165E-02 3.136E-01 24 1.610E-04 1.527E+00 26 5.656E-03 4.282E-01 27 1.606E-03 5.110E-01
179  22
 1 1.962E-05 7.013E+01  2 4.080E-03 1.039E+00  3 4.898E-05 1.547E+01  4 4.069E-03 1.242E+01  5 1.351E-05 1.000E+02
 6 7.016E-06 5.408E+01  7 1.022E-06 5.494E+01  8 8.843E-07 9.284E+01  9 9.844E-07 1.000E+02 10 4.988E-05 2.033E+01
11 1.888E-06 5.440E+01 12 1.062E-05 1.793E+01 13 1.775E-04 4.288E+00 15 5.835E-06 7.881E+01 16 1.450E-03 1.225E+00
17 1.407E-05 5.611E+01 19 2.473E-04 2.934E+01 20 4.961E-03 6.559E+00 23 2.182E-02 3.097E-01 24 1.456E-04 1.537E+00
26 5.736E-03 5.103E-01 27 1.609E-03 6.133E-01
180  22
 1 7.080E-06 1.000E+02  2 4.611E-03 1.254E+00  3 2.452E-05 1.406E+01  4 3.903E-03 1.239E+01  5 6.718E-06 1.000E+02
 6 4.137E-06 4.152E+01  7 5.213E-07 9.793E+01  8 1.414E-07 7.693E+01  9 5.561E-07 9.349E+01 10 4.310E-05 2.210E+01
11 1.616E-06 4.305E+01 12 1.494E-05 2.226E+01 13 1.482E-04 5.615E+00 15 8.783E-06 4.384E+01 16 1.454E-03 8.165E-01
17 2.152E-05 3.757E+01 19 7.751E-05 3.526E+01 20 3.662E-03 8.802E+00 23 2.189E-02 3.039E-01 24 1.292E-04 1.561E+00
26 5.846E-03 4.632E-01 27 1.616E-03 6.054E-01
181  22
 1 1.890E-06 1.000E+02  2 5.397E-03 1.092E+00  3 2.626E-05 2.105E+01  4 5.054E-03 1.398E+01  5 1.705E-07 1.000E+02
 6 2.005E-06 6.416E+01  7 1.498E-06 9.826E+01  8 1.218E-06 1.000E+02  9 4.830E-08 1.000E+02 10 3.154E-05 1.445E+01
11 2.805E-06 5.222E+01 12 9.338E-06 2.239E+01 13 1.504E-04 4.780E+00 15 8.388E-06 5.468E+01 16 1.429E-03 1.064E+00
17 5.045E-06 4.614E+01 19 9.212E-05 3.961E+01 20 3.457E-03 7.321E+00 23 2.210E-02 3.112E-01 24 1.176E-04 1.726E+00
26 6.010E-03 5.145E-01 27 1.639E-03 6.235E-01
182  19
 2 6.235E-03 1.095E+00  3 2.425E-05 2.825E+01  4 5.903E-03 1.236E+01  6 2.518E-06 6.466E+01  7 6.295E-07 9.961E+01
 8 1.854E-06 8.778E+01 10 4.000E-05 2.089E+01 11 1.997E-06 6.338E+01 12 7.685E-06 2.330E+01 13 1.343E-04 5.567E+00
15 7.441E-06 5.552E+01 16 1.444E-03 1.090E+00 17 2.022E-05 4.944E+01 19 6.745E-05 5.523E+01 20 2.912E-03 9.321E+00
23 2.212E-02 3.217E-01 24 1.068E-04 1.814E+00 26 6.167E-03 5.076E-01 27 1.563E-03 5.431E-01
183  20
 1 6.900E-06 9.785E+01  2 7.735E-03 1.082E+00  3 3.223E-05 1.797E+01  4 8.025E-03 6.689E+00  6 2.514E-06 7.114E+01
 7 2.302E-07 1.000E+02  8 1.453E-07 1.000E+02 10 4.051E-05 2.030E+01 11 2.215E-06 4.705E+01 12 7.660E-06 2.625E+01
13 1.264E-04 5.616E+00 15 1.978E-06 9.837E+01 16 1.442E-03 1.317E+00 17 2.507E-06 6.339E+01 19 6.546E-05 3.157E+01
20 2.203E-03 8.499E+00 23 2.268E-02 2.914E-01 24 9.609E-05 1.470E+00 26 6.742E-03 3.271E-01 27 1.700E-03 3.849E-01
184  20
 1 2.015E-05 1.000E+02  2 1.051E-02 7.218E-01  3 3.063E-05 2.349E+01  4 1.003E-02 8.290E+00  6 3.361E-06 7.460E+01
 7 1.267E-08 1.000E+02  8 3.537E-06 8.136E+01 10 2.556E-05 2.330E+01 11 9.394E-07 7.169E+01 12 9.730E-06 2.405E+01
13 1.130E-04 4.287E+00 15 1.083E-05 5.863E+01 16 1.435E-03 1.320E+00 17 3.134E-06 6.798E+01 19 3.543E-05 3.944E+01
20 2.066E-03 1.064E+01 23 2.289E-02 3.241E-01 24 8.881E-05 1.847E+00 26 6.999E-03 4.080E-01 27 1.747E-03 4.341E-01
185  19
 1 2.160E-07 1.000E+02  2 1.360E-02 8.363E-01  3 2.130E-05 2.480E+01  4 1.469E-02 7.327E+00  6 3.953E-06 5.502E+01
 7 3.559E-07 1.000E+02 10 4.152E-05 2.082E+01 11 7.127E-07 9.944E+01 12 6.807E-06 2.849E+01 13 1.079E-04 6.996E+00
15 2.919E-06 5.092E+01 16 1.426E-03 8.744E-01 17 7.945E-06 5.440E+01 19 1.110E-04 3.027E+01 20 1.578E-03 1.034E+01
23 2.289E-02 3.270E-01 24 7.664E-05 2.112E+00 26 7.104E-03 3.677E-01 27 1.762E-03 3.394E-01
186  19
 1 7.905E-06 9.935E+01  2 1.660E-02 5.459E-01  3 1.779E-05 2.381E+01  4 1.289E-01 2.302E+00  6 3.047E-06 8.770E+01
 7 1.151E-06 7.482E+01 10 2.080E-05 2.143E+01 11 2.323E-08 1.000E+02 12 6.178E-06 2.031E+01 13 8.752E-05 6.402E+00
15 6.738E-07 9.593E+01 16 1.321E-03 1.167E+00 17 5.025E-06 8.194E+01 19 7.932E-05 3.988E+01 20 1.442E-03 9.092E+00
23 2.274E-02 3.143E-01 24 6.908E-05 2.038E+00 26 7.093E-03 4.135E-01 27 1.747E-03 4.378E-01
187  20
 1 2.884E-07 1.000E+02  2 2.029E-02 6.787E-01  3 2.559E-05 3.154E+01  4 1.338E-01 2.337E+00  6 1.915E-06 6.108E+01
 7 1.031E-07 1.000E+02  8 4.869E-07 1.000E+02 10 2.404E-05 2.536E+01 11 6.307E-07 8.678E+01 12 5.759E-06 2.184E+01
13 7.929E-05 6.768E+00 15 6.627E-06 6.883E+01 16 1.318E-03 1.221E+00 17 4.122E-06 6.512E+01 19 6.312E-05 4.522E+01
20 1.681E-03 9.372E+00 23 2.280E-02 3.138E-01 24 6.419E-05 2.151E+00 26 6.959E-03 3.652E-01 27 1.696E-03 3.973E-01
188  19
 2 2.400E-02 5.866E-01  3 2.660E-05 2.317E+01  4 1.420E-01 2.794E+00  5 2.123E-07 1.000E+02  6 6.402E-06 4.042E+01
 7 1.634E-08 1.000E+02 10 1.743E-05 2.101E+01 11 6.292E-07 6.410E+01 12 6.395E-06 2.585E+01 13 6.860E-05 9.367E+00
15 7.693E-06 5.537E+01 16 1.299E-03 1.042E+00 17 1.711E-06 1.000E+02 19 9.927E-05 4.108E+01 20 1.114E-03 1.411E+01
23 2.271E-02 3.046E-01 24 5.589E-05 2.430E+00 26 6.717E-03 3.522E-01 27 1.616E-03 3.618E-01
189  18
 2 2.752E-02 4.428E-01  3 2.827E-05 2.854E+01  4 1.356E-01 2.535E+00  6 2.393E-06 9.791E+01  7 4.884E-07 1.000E+02
10 2.135E-05 2.689E+01 11 5.681E-08 6.154E+01 12 5.574E-06 3.027E+01 13 7.518E-05 8.702E+00 15 4.911E-06 9.600E+01
16 1.296E-03 9.524E-01 17 1.100E-05 7.310E+01 19 3.650E-05 3.848E+01 20 1.103E-03 1.469E+01 23 2.252E-02 2.888E-01
24 5.387E-05 2.385E+00 26 6.436E-03 3.671E-01 27 1.536E-03 4.128E-01
190  19
 1 3.987E-07 1.000E+02  2 3.001E-02 4.337E-01  3 1.984E-05 2.180E+01  4 1.577E-02 5.699E+00  6 3.240E-06 7.314E+01
 7 3.188E-07 7.239E+01 10 1.664E-05 2.921E+01 11 1.258E-06 1.000E+02 12 4.728E-06 3.054E+01 13 4.837E-05 9.983E+00
15 5.540E-06 7.410E+01 16 1.383E-03 8.327E-01 17 3.291E-06 5.866E+01 19 8.907E-05 4.656E+01 20 1.098E-03 1.779E+01
23 2.216E-02 2.973E-01 24 4.865E-05 3.205E+00 26 6.191E-03 4.020E-01 27 1.469E-03 4.562E-01
191  20
 1 1.947E-07 1.000E+02  2 3.241E-02 5.131E-01  3 2.534E-05 2.688E+01  4 1.086E-02 5.724E+00  6 1.637E-06 8.872E+01
 7 8.576E-08 5.808E+01  8 4.089E-08 1.000E+02 10 1.221E-05 2.519E+01 11 1.551E-06 6.601E+01 12 4.308E-06 2.752E+01
13 5.045E-05 5.089E+00 15 1.490E-06 1.000E+02 16 1.386E-03 1.071E+00 17 2.767E-06 1.000E+02 19 5.502E-05 4.809E+01
20 7.361E-04 1.690E+01 23 2.221E-02 2.819E-01 24 4.220E-05 2.185E+00 26 6.190E-03 2.875E-01 27 1.463E-03 3.428E-01
192  19
 2 3.374E-02 3.791E-01  3 1.701E-05 2.697E+01  4 9.667E-03 6.742E+00  6 2.199E-07 7.014E+01  7 3.364E-07 1.000E+02
 8 1.712E-06 1.000E+02 10 9.482E-06 2.675E+01 11 1.016E-07 1.000E+02 12 1.532E-06 3.939E+01 13 5.485E-05 1.063E+01
15 2.021E-07 1.000E+02 16 1.382E-03 9.730E-01 17 1.293E-07 7.808E+01 19 8.703E-06 8.587E+01 20 5.324E-04 1.415E+01
23 2.203E-02 3.092E-01 24 3.936E-05 2.721E+00 26 6.122E-03 3.788E-01 27 1.446E-03 3.439E-01
193  21
 1 2.509E-05 6.995E+01  2 3.498E-02 4.069E-01  3 1.712E-05 3.613E+01  4 6.420E-03 8.885E+00  6 3.145E-06 9.511E+01
 7 4.004E-07 1.000E+02  8 1.896E-08 1.000E+02  9 2.490E-07 1.000E+02 10 1.379E-05 3.198E+01 11 2.686E-07 1.000E+02
12 5.239E-06 3.956E+01 13 4.066E-05 1.120E+01 15 5.540E-07 1.000E+02 16 1.375E-03 1.268E+00 17 1.796E-06 1.000E+02
19 3.272E-05 7.601E+01 20 6.537E-04 1.175E+01 23 2.198E-02 3.297E-01 24 3.602E-05 2.532E+00 26 6.117E-03 4.211E-01
27 1.445E-03 4.341E-01
194  19
 2 3.494E-02 4.112E-01  3 7.692E-06 4.863E+01  4 5.003E-03 1.211E+01  6 3.689E-06 8.548E+01  7 2.407E-07 8.281E+01
 9 1.570E-06 1.000E+02 10 9.543E-06 4.114E+01 11 4.366E-07 6.883E+01 12 4.014E-06 3.386E+01 13 4.084E-05 1.146E+01
15 2.052E-06 9.182E+01 16 1.399E-03 1.158E+00 17 3.148E-06 7.488E+01 19 4.773E-05 5.301E+01 20 6.354E-04 1.730E+01
23 2.168E-02 2.753E-01 24 3.437E-05 2.807E+00 26 6.058E-03 3.221E-01 27 1.433E-03 3.317E-01
195  21
 1 1.446E-05 1.000E+02  2 3.510E-02 3.713E-01  3 2.330E-05 3.437E+01  4 4.015E-03 1.340E+01  6 1.735E-06 1.000E+02
 7 8.662E-07 7.538E+01  8 1.323E-06 1.000E+02 10 1.120E-05 3.347E+01 11 4.175E-08 1.000E+02 12 2.184E-06 4.127E+01
13 3.604E-05 1.270E+01 15 2.118E-06 1.000E+02 16 1.361E-03 1.245E+00 17 3.870E-06 7.278E+01 19 3.037E-05 5.174E+01
20 6.006E-04 1.655E+01 22 1.297E-06 1.000E+02 23 2.140E-02 3.379E-01 24 3.101E-05 3.201E+00 26 5.968E-03 4.413E-01
27 1.409E-03 4.698E-01
196  19
 1 1.107E-05 1.000E+02  2 3.440E-02 4.087E-01  3 1.104E-05 4.760E+01  4 3.153E-03 1.130E+01  6 2.916E-06 7.130E+01
 7 1.159E-08 1.000E+02  8 1.105E-07 1.000E+02 10 6.289E-06 4.380E+01 11 7.875E-07 9.559E+01 12 2.606E-06 3.560E+01
13 2.775E-05 1.211E+01 15 1.277E-06 1.000E+02 16 1.392E-03 1.360E+00 19 1.378E-06 1.000E+02 20 4.809E-04 2.403E+01
23 2.114E-02 2.932E-01 24 2.805E-05 2.537E+00 26 5.929E-03 4.288E-01 27 1.402E-03 4.833E-01
197  19
 2 3.328E-02 5.354E-01  3 1.382E-05 4.212E+01  4 2.584E-03 1.259E+01  6 4.747E-07 1.000E+02  7 2.895E-07 9.672E+01
 8 5.469E-08 1.000E+02 10 1.250E-05 3.278E+01 12 2.335E-06 3.922E+01 13 2.929E-05 1.026E+01 15 6.956E-06 8.962E+01
16 1.392E-03 1.035E+00 17 2.521E-06 7.876E+01 19 1.622E-05 6.761E+01 20 4.701E-04 1.712E+01 22 2.136E-07 1.000E+02
23 2.074E-02 3.690E-01 24 2.463E-05 3.065E+00 26 5.896E-03 4.052E-01 27 1.396E-03 4.473E-01
198  16
 1 9.356E-07 1.000E+02  2 3.200E-02 4.789E-01  3 3.312E-06 4.529E+01  4 2.185E-03 1.166E+01  6 5.266E-07 1.000E+02
10 5.915E-06 6.160E+01 12 1.934E-06 4.299E+01 13 2.195E-05 1.381E+01 16 1.411E-03 9.901E-01 17 1.333E-06 9.416E+01
19 1.780E-05 6.294E+01 20 2.924E-04 1.796E+01 23 2.031E-02 3.194E-01 24 1.945E-05 3.729E+00 26 5.825E-03 3.965E-01
27 1.380E-03 4.288E-01
199  14
 2 2.992E-02 4.693E-01  3 6.948E-06 6.199E+01  4 1.702E-03 1.435E+01  6 1.184E-06 1.000E+02 10 6.964E-06 3.160E+01
12 7.679E-07 4.691E+01 13 2.010E-05 1.805E+01 16 1.398E-03 1.284E+00 19 1.371E-05 7.066E+01 20 2.581E-04 2.286E+01
23 1.954E-02 2.877E-01 24 1.865E-05 4.143E+00 26 5.725E-03 3.804E-01 27 1.364E-03 4.400E-01
200  18
 2 2.769E-02 5.336E-01  3 5.257E-06 5.984E+01  4 1.459E-03 2.220E+01  6 1.046E-06 1.000E+02  8 1.613E-07 1.000E+02
10 4.975E-06 4.415E+01 12 8.611E-07 4.238E+01 13 2.202E-05 1.489E+01 15 2.912E-06 1.000E+02 16 1.450E-03 1.109E+00
17 4.285E-06 7.774E+01 19 3.095E-06 9.402E+01 20 3.558E-04 2.982E+01 22 1.904E-06 1.000E+02 23 1.888E-02 3.352E-01
24 1.631E-05 3.911E+00 26 5.640E-03 3.844E-01 27 1.348E-03 3.905E-01
201  18
 1 9.782E-08 1.000E+02  2 2.487E-02 5.134E-01  3 2.471E-06 5.992E+01  4 1.421E-03 2.416E+01  6 7.805E-07 8.264E+01
10 3.745E-06 6.719E+01 11 6.745E-07 1.000E+02 12 9.088E-07 4.233E+01 13 1.420E-05 1.756E+01 15 7.403E-08 1.000E+02
16 1.453E-03 9.358E-01 17 1.650E-06 9.842E+01 19 3.027E-05 6.915E+01 20 1.936E-04 2.848E+01 23 1.810E-02 3.509E-01
24 1.309E-05 4.477E+00 26 5.586E-03 4.192E-01 27 1.340E-03 4.462E-01
202  17
 2 2.155E-02 5.032E-01  3 9.491E-07 5.361E+01  4 8.069E-04 2.039E+01  7 3.246E-08 1.000E+02  8 9.379E-08 1.000E+02
10 2.020E-06 4.338E+01 11 3.785E-07 9.760E+01 12 6.310E-07 6.378E+01 13 1.427E-05 1.244E+01 16 1.469E-03 1.013E+00
17 3.163E-08 1.000E+02 19 2.265E-05 8.805E+01 20 2.061E-04 2.551E+01 23 1.715E-02 3.182E-01 24 1.101E-05 4.277E+00
26 5.504E-03 3.666E-01 27 1.330E-03 3.836E-01
203  13
 1 6.120E-07 1.000E+02  2 1.798E-02 7.276E-01  3 6.819E-06 4.327E+01  4 1.226E-03 1.696E+01 10 1.000E-06 7.697E+01
12 9.251E-07 4.499E+01 13 8.093E-06 1.852E+01 16 1.497E-03 9.294E-01 20 1.455E-04 3.182E+01 23 1.598E-02 3.040E-01
24 8.944E-06 4.087E+00 26 5.322E-03 3.492E-01 27 1.295E-03 3.929E-01
204  15
 2 1.373E-02 5.201E-01  3 2.090E-06 7.130E+01  4 9.566E-04 2.158E+01 10 4.057E-07 6.392E+01 11 4.378E-07 9.555E+01
12 6.152E-07 5.405E+01 13 7.511E-06 2.336E+01 15 1.537E-06 1.000E+02 16 1.525E-03 9.986E-01 19 5.572E-06 1.000E+02
20 1.538E-04 4.051E+01 23 1.453E-02 2.814E-01 24 6.944E-06 5.039E+00 26 5.093E-03 3.042E-01 27 1.252E-03 3.290E-01
205  14
 2 9.186E-03 6.490E-01  3 1.558E-06 6.815E+01  4 5.268E-04 2.878E+01 10 5.100E-07 4.965E+01 11 7.436E-07 1.000E+02
12 4.299E-07 7.714E+01 13 6.826E-06 2.173E+01 16 1.534E-03 7.686E-01 19 8.036E-06 7.902E+01 20 1.709E-04 2.134E+01
23 1.284E-02 3.386E-01 24 5.123E-06 5.113E+00 26 4.761E-03 3.755E-01 27 1.183E-03 3.867E-01
206  13
 2 5.371E-03 9.138E-01  3 7.240E-07 7.338E+01  4 4.913E-04 3.010E+01 10 5.212E-07 8.623E+01 12 2.630E-07 6.933E+01
13 6.740E-06 1.705E+01 16 1.597E-03 6.873E-01 19 4.771E-06 8.264E+01 20 1.146E-04 2.902E+01 23 1.033E-02 3.406E-01
24 4.188E-06 5.852E+00 26 3.885E-03 3.445E-01 27 9.735E-04 3.792E-01
207  15
 2 3.238E-03 8.962E-01  3 5.231E-08 1.000E+02  4 2.314E-04 3.459E+01  7 3.502E-07 1.000E+02  8 6.678E-08 1.000E+02
10 1.275E-06 7.295E+01 12 5.195E-07 5.059E+01 13 2.636E-06 2.964E+01 16 1.659E-03 7.795E-01 19 3.920E-07 1.000E+02
20 5.316E-05 3.979E+01 23 6.426E-03 3.709E-01 24 2.621E-06 6.562E+00 26 2.011E-03 4.776E-01 27 4.869E-04 4.588E-01
208  12
 2 1.166E-03 1.414E+00  3 5.310E-07 6.541E+01  4 1.423E-04 5.446E+01 10 6.185E-07 8.283E+01 13 1.196E-06 3.638E+01
16 1.439E-03 4.926E-01 19 2.095E-07 1.000E+02 20 1.639E-05 5.922E+01 23 2.073E-03 5.296E-01 24 8.406E-07 1.134E+01
26 3.647E-04 8.193E-01 27 7.722E-05 9.636E-01