
    ORGAN DOSE CONVERSION FACTORS FOR AN ADULT HERMAPHRODITE
    CALCULATED FOR A VARIETY OF CT SCANNERS AND CONDITIONS.
    VALUES ARE GIVEN FOR 208 5 MM SLICES SPANNING THE BODY
    FROM 100 MM BELOW THE BOTTOM OF THE TRUNK TO THE TOP OF THE HEAD.

                     ORGANS OR REGIONS
 1 ADRENALS              10 HEART                  19 THYMUS                   
 2 BRAIN                 11 KIDNEYS                20 THYROID                  
 3 BREASTS               12 LIVER                  21 URINARY BLADDER          
 4 EYE LENSES            13 LUNGS                  22 UTERUS                   
 5 GALL BLADDER          14 OVARIES                23 HEAD REGION              
 6 STOMACH               15 PANCREAS               24 TRUNK REGION             
 7 SMALL INTESTINE       16 SKIN                   25 LEG REGION               
 8 UPPER LARGE INTESTINE 17 SPLEEN                 26 SKELETON                 
 9 LOWER LARGE INTESTINE 18 TESTICLES              27 RED MARROW               

 03 SIEMENS SOMATOM DRH,CR,CR512: NO SHAPED FILTER
    FOCUS TO AXIS DISTANCE IS 700 MM
    FAN ANGLE COVERS FULL WIDTH OF TRUNK
    X-RAY SPECTRUM HAS MAXIMUM ENERGY OF 125 KEV
    FILTRATION IS 2.2 MM OF ALUMINIUM AND 0.2 MM OF COPPER

    CONVERSION FACTORS AND STATISTICAL UNCERTAINTIES(%) FOR ORGANS IN EACH SLICE
  1  18
 3 3.877E-06 7.400E+01  5 1.188E-05 1.000E+02  6 1.519E-06 1.000E+02  7 4.485E-05 1.491E+01  8 4.470E-05 2.525E+01
 9 5.712E-04 7.349E+00 10 2.651E-06 9.428E+01 11 2.104E-06 5.752E+01 12 4.477E-07 6.655E+01 14 4.619E-05 5.234E+01
16 3.116E-03 1.023E+00 18 3.622E-03 7.252E+00 21 4.852E-04 1.491E+01 22 2.084E-04 2.302E+01 24 1.532E-04 1.536E+00
25 9.562E-03 2.227E-01 26 5.145E-03 6.596E-01 27 5.040E-04 1.011E+00
  2  16
 3 3.237E-06 7.194E+01  6 1.819E-06 8.311E+01  7 4.701E-05 1.766E+01  8 2.761E-05 2.803E+01  9 8.115E-04 7.523E+00
10 1.109E-06 1.000E+02 12 2.499E-06 3.378E+01 14 3.624E-04 3.841E+01 16 3.033E-03 7.939E-01 18 3.990E-03 7.484E+00
21 6.103E-04 1.611E+01 22 2.783E-04 2.461E+01 24 1.779E-04 1.312E+00 25 9.626E-03 2.272E-01 26 5.211E-03 5.914E-01
27 5.448E-04 1.090E+00
  3  19
 3 7.908E-07 8.728E+01  5 1.371E-05 1.000E+02  6 4.907E-06 6.933E+01  7 5.004E-05 1.484E+01  8 3.483E-05 2.576E+01
 9 8.472E-04 8.502E+00 11 3.078E-06 5.538E+01 12 3.918E-06 4.283E+01 14 5.685E-05 6.130E+01 15 1.304E-05 9.814E+01
16 3.105E-03 9.299E-01 17 6.170E-07 1.000E+02 18 3.703E-03 7.923E+00 21 5.927E-04 1.232E+01 22 1.991E-04 1.619E+01
24 1.912E-04 1.179E+00 25 9.660E-03 2.874E-01 26 5.273E-03 6.003E-01 27 5.655E-04 8.412E-01
  4  16
 7 5.922E-05 1.852E+01  8 4.792E-05 1.744E+01  9 8.791E-04 7.755E+00 11 2.075E-06 6.919E+01 12 5.156E-06 3.490E+01
13 2.739E-08 1.000E+02 14 1.719E-04 5.517E+01 15 1.579E-06 7.764E+01 16 3.155E-03 9.675E-01 18 4.240E-03 6.213E+00
21 7.855E-04 1.055E+01 22 1.943E-04 2.366E+01 24 2.204E-04 1.064E+00 25 9.675E-03 2.470E-01 26 5.229E-03 6.678E-01
27 5.847E-04 1.056E+00
  5  16
 3 1.913E-06 6.887E+01  6 4.714E-06 1.000E+02  7 6.547E-05 8.656E+00  8 3.574E-05 3.778E+01  9 9.953E-04 6.604E+00
11 1.283E-06 1.000E+02 12 1.221E-06 6.883E+01 14 2.397E-04 3.570E+01 16 3.152E-03 7.912E-01 18 4.844E-03 5.845E+00
21 9.528E-04 8.191E+00 22 3.319E-04 2.107E+01 24 2.471E-04 1.309E+00 25 9.758E-03 2.650E-01 26 5.224E-03 5.811E-01
27 6.165E-04 1.261E+00
  6  19
 3 8.213E-06 6.382E+01  6 2.337E-05 4.548E+01  7 8.201E-05 1.032E+01  8 5.181E-05 2.187E+01  9 1.161E-03 6.875E+00
11 8.617E-06 5.939E+01 12 2.610E-06 3.945E+01 13 6.122E-07 6.906E+01 14 2.590E-04 3.850E+01 15 9.612E-07 1.000E+02
16 3.195E-03 9.311E-01 17 4.311E-07 1.000E+02 18 5.534E-03 7.398E+00 21 9.892E-04 1.369E+01 22 2.312E-04 1.540E+01
24 2.795E-04 1.013E+00 25 9.770E-03 2.534E-01 26 5.207E-03 5.237E-01 27 6.350E-04 7.687E-01
  7  19
 3 8.093E-06 8.429E+01  6 6.796E-06 8.311E+01  7 8.713E-05 9.073E+00  8 6.890E-05 2.083E+01  9 1.233E-03 6.146E+00
11 4.649E-06 6.892E+01 12 4.526E-06 3.269E+01 13 1.494E-06 6.896E+01 14 5.845E-04 3.732E+01 15 1.312E-05 7.833E+01
16 3.192E-03 8.843E-01 17 3.656E-06 5.967E+01 18 5.630E-03 7.504E+00 21 9.902E-04 1.029E+01 22 3.000E-04 2.349E+01
24 3.093E-04 1.124E+00 25 9.787E-03 2.704E-01 26 5.218E-03 5.956E-01 27 6.497E-04 1.057E+00
  8  20
 3 9.743E-06 6.825E+01  5 1.292E-05 1.000E+02  6 2.190E-05 5.375E+01  7 9.873E-05 8.506E+00  8 7.673E-05 1.742E+01
 9 1.406E-03 4.513E+00 10 1.101E-06 1.000E+02 11 1.252E-05 6.736E+01 12 6.125E-06 3.431E+01 13 8.934E-07 7.369E+01
14 1.511E-04 3.616E+01 16 3.196E-03 6.372E-01 17 6.976E-07 1.000E+02 18 6.654E-03 7.008E+00 21 1.149E-03 9.630E+00
22 4.250E-04 2.117E+01 24 3.521E-04 1.320E+00 25 9.778E-03 2.548E-01 26 5.227E-03 6.101E-01 27 6.945E-04 8.376E-01
  9  17
 3 7.533E-06 9.219E+01  6 4.940E-07 1.000E+02  7 8.239E-05 9.692E+00  8 8.051E-05 2.311E+01  9 1.581E-03 4.414E+00
11 1.189E-05 6.548E+01 12 1.384E-06 3.896E+01 14 1.468E-04 5.269E+01 16 3.185E-03 8.110E-01 17 5.587E-06 5.620E+01
18 6.253E-03 6.515E+00 21 1.410E-03 1.193E+01 22 3.137E-04 1.674E+01 24 3.891E-04 1.204E+00 25 9.769E-03 2.218E-01
26 5.226E-03 6.533E-01 27 7.000E-04 1.039E+00
 10  19
 3 8.419E-06 5.947E+01  5 4.168E-05 7.192E+01  6 9.558E-06 5.140E+01  7 1.261E-04 9.028E+00  8 9.561E-05 1.723E+01
 9 1.897E-03 4.913E+00 11 4.761E-06 4.716E+01 12 4.138E-06 2.975E+01 13 6.166E-07 1.000E+02 14 2.215E-04 5.467E+01
16 3.263E-03 8.457E-01 17 2.510E-06 9.390E+01 18 6.549E-03 7.024E+00 21 1.592E-03 1.136E+01 22 4.254E-04 1.530E+01
24 4.392E-04 9.079E-01 25 9.693E-03 2.521E-01 26 5.120E-03 7.965E-01 27 7.222E-04 9.949E-01
 11  19
 3 2.223E-06 1.000E+02  6 2.761E-06 1.000E+02  7 1.564E-04 8.127E+00  8 1.284E-04 1.348E+01  9 1.930E-03 4.683E+00
10 2.197E-07 1.000E+02 11 3.263E-05 4.371E+01 12 6.563E-06 3.260E+01 13 1.011E-06 8.867E+01 14 1.940E-04 6.203E+01
16 4.037E-03 1.042E+00 17 1.732E-06 6.908E+01 18 1.164E-02 4.826E+00 21 1.617E-03 7.925E+00 22 5.952E-04 1.338E+01
24 4.921E-04 1.086E+00 25 9.637E-03 2.112E-01 26 4.958E-03 5.138E-01 27 7.405E-04 7.243E-01
 12  19
 1 1.993E-06 1.000E+02  3 8.761E-06 6.336E+01  6 5.581E-06 5.342E+01  7 1.514E-04 1.119E+01  8 1.271E-04 1.544E+01
 9 2.236E-03 3.648E+00 11 5.103E-06 5.282E+01 12 5.795E-06 2.800E+01 13 7.717E-08 1.000E+02 14 1.846E-04 4.440E+01
16 3.499E-03 7.662E-01 17 1.245E-06 7.415E+01 18 3.044E-02 2.639E+00 21 1.809E-03 1.175E+01 22 6.330E-04 1.174E+01
24 5.625E-04 9.546E-01 25 9.635E-03 3.134E-01 26 4.926E-03 7.639E-01 27 7.660E-04 9.492E-01
 13  21
 3 1.036E-05 6.738E+01  5 4.032E-05 8.702E+01  6 1.175E-05 9.250E+01  7 1.400E-04 9.244E+00  8 1.090E-04 1.731E+01
 9 2.222E-03 4.475E+00 10 1.282E-06 1.000E+02 11 1.458E-05 4.472E+01 12 4.343E-06 2.367E+01 13 4.599E-07 9.406E+01
14 4.838E-04 3.776E+01 15 7.217E-07 1.000E+02 16 3.564E-03 7.206E-01 17 4.354E-06 1.000E+02 18 4.810E-02 2.352E+00
21 2.018E-03 7.589E+00 22 6.283E-04 1.447E+01 24 6.185E-04 1.026E+00 25 9.561E-03 2.548E-01 26 4.879E-03 6.425E-01
27 7.912E-04 1.254E+00
 14  20
 3 6.801E-06 5.332E+01  5 9.513E-05 7.105E+01  6 2.729E-05 4.721E+01  7 1.741E-04 7.709E+00  8 1.610E-04 1.028E+01
 9 2.646E-03 4.070E+00 11 1.844E-05 3.954E+01 12 7.305E-06 2.748E+01 13 9.298E-07 9.754E+01 14 6.750E-04 2.804E+01
15 1.303E-05 7.172E+01 16 3.476E-03 9.081E-01 17 5.974E-06 6.217E+01 18 6.397E-02 2.397E+00 21 2.424E-03 9.852E+00
22 9.244E-04 1.020E+01 24 7.142E-04 9.194E-01 25 9.424E-03 2.675E-01 26 4.824E-03 8.606E-01 27 8.384E-04 1.521E+00
 15  21
 3 1.214E-05 4.302E+01  5 1.128E-05 1.000E+02  6 1.896E-05 5.432E+01  7 2.049E-04 6.009E+00  8 1.522E-04 1.803E+01
 9 2.911E-03 3.550E+00 10 2.010E-06 1.000E+02 11 2.758E-05 3.225E+01 12 1.296E-05 2.589E+01 13 3.014E-07 9.179E+01
14 4.957E-04 6.029E+01 15 3.838E-06 1.000E+02 16 3.508E-03 1.010E+00 17 5.161E-06 7.247E+01 18 7.096E-02 2.093E+00
21 2.753E-03 6.238E+00 22 8.150E-04 1.013E+01 24 8.153E-04 7.674E-01 25 9.261E-03 2.539E-01 26 4.756E-03 6.413E-01
27 8.814E-04 1.507E+00
 16  20
 3 1.303E-05 3.752E+01  6 5.580E-06 5.425E+01  7 2.307E-04 6.852E+00  8 1.790E-04 1.066E+01  9 3.338E-03 3.767E+00
10 2.610E-06 8.389E+01 11 2.297E-05 2.605E+01 12 1.107E-05 3.897E+01 13 2.715E-06 7.734E+01 14 6.967E-04 3.981E+01
15 4.189E-06 8.010E+01 16 3.548E-03 9.064E-01 17 1.015E-05 5.590E+01 18 7.309E-02 1.843E+00 21 2.789E-03 6.319E+00
22 8.830E-04 9.799E+00 24 9.207E-04 6.899E-01 25 9.097E-03 2.767E-01 26 4.637E-03 7.143E-01 27 9.310E-04 1.245E+00
 17  21
 3 2.148E-05 3.874E+01  5 2.675E-06 1.000E+02  6 3.737E-05 4.483E+01  7 2.462E-04 6.722E+00  8 1.931E-04 1.465E+01
 9 4.004E-03 3.955E+00 10 3.590E-06 7.379E+01 11 1.542E-05 3.214E+01 12 1.167E-05 2.410E+01 13 9.554E-07 5.996E+01
14 7.655E-04 2.843E+01 15 6.875E-06 8.900E+01 16 3.473E-03 7.585E-01 17 2.436E-06 6.884E+01 18 6.477E-02 1.680E+00
21 2.904E-03 6.981E+00 22 1.037E-03 8.184E+00 24 1.044E-03 7.901E-01 25 8.877E-03 2.885E-01 26 4.565E-03 8.378E-01
27 9.840E-04 1.401E+00
 18  22
 1 7.298E-06 1.000E+02  3 1.466E-05 4.341E+01  5 8.198E-06 6.963E+01  6 2.775E-05 4.694E+01  7 2.755E-04 7.372E+00
 8 2.326E-04 9.309E+00  9 4.071E-03 2.931E+00 10 3.216E-07 1.000E+02 11 1.958E-05 3.935E+01 12 1.102E-05 2.549E+01
13 1.303E-06 6.112E+01 14 9.807E-04 2.095E+01 15 1.437E-05 5.900E+01 16 3.510E-03 8.659E-01 17 1.801E-05 4.450E+01
18 5.748E-02 1.982E+00 21 3.383E-03 4.419E+00 22 1.259E-03 7.645E+00 24 1.225E-03 6.113E-01 25 8.601E-03 2.648E-01
26 4.493E-03 5.103E-01 27 1.045E-03 1.005E+00
 19  20
 3 1.173E-05 4.770E+01  5 1.086E-05 6.147E+01  6 1.639E-05 3.829E+01  7 2.864E-04 5.686E+00  8 2.013E-04 1.120E+01
 9 4.814E-03 2.688E+00 10 1.681E-07 1.000E+02 11 2.923E-05 2.974E+01 12 7.894E-06 2.841E+01 14 1.266E-03 1.819E+01
15 4.581E-06 9.108E+01 16 3.452E-03 9.642E-01 17 1.382E-05 4.844E+01 18 4.413E-02 2.547E+00 21 4.146E-03 5.239E+00
22 1.247E-03 1.110E+01 24 1.402E-03 4.811E-01 25 8.213E-03 2.607E-01 26 4.358E-03 6.218E-01 27 1.117E-03 9.835E-01
 20  22
 3 3.313E-05 3.808E+01  5 7.756E-05 7.155E+01  6 3.484E-05 3.693E+01  7 3.295E-04 6.509E+00  8 2.700E-04 9.609E+00
 9 5.060E-03 3.076E+00 10 3.670E-06 7.645E+01 11 3.057E-05 2.939E+01 12 1.710E-05 2.445E+01 13 8.594E-07 7.392E+01
14 1.364E-03 1.993E+01 15 1.768E-05 5.327E+01 16 3.497E-03 9.446E-01 17 1.881E-05 5.771E+01 18 2.520E-02 2.758E+00
21 4.319E-03 3.184E+00 22 1.302E-03 1.096E+01 23 8.867E-08 1.000E+02 24 1.652E-03 5.347E-01 25 7.661E-03 2.303E-01
26 4.167E-03 6.204E-01 27 1.231E-03 1.053E+00
 21  22
 1 1.489E-05 1.000E+02  3 8.695E-06 5.500E+01  5 5.516E-05 1.000E+02  6 4.301E-05 2.258E+01  7 3.572E-04 4.635E+00
 8 2.898E-04 9.637E+00  9 7.265E-03 1.965E+00 10 3.154E-06 6.784E+01 11 2.487E-05 2.772E+01 12 1.537E-05 1.792E+01
13 8.498E-07 5.096E+01 14 1.069E-03 1.561E+01 15 2.010E-05 4.969E+01 16 2.945E-03 9.689E-01 17 1.925E-05 4.258E+01
18 1.463E-02 3.631E+00 21 5.375E-03 4.993E+00 22 1.423E-03 1.044E+01 24 3.794E-03 3.151E-01 25 3.442E-03 5.133E-01
26 4.064E-03 5.963E-01 27 1.879E-03 1.219E+00
 22  20
 3 1.332E-06 8.152E+01  5 1.318E-05 8.021E+01  6 3.587E-05 3.392E+01  7 4.090E-04 6.392E+00  8 3.865E-04 1.091E+01
 9 7.586E-03 2.441E+00 11 2.363E-05 2.237E+01 12 1.914E-05 2.375E+01 13 9.005E-07 6.412E+01 14 1.461E-03 2.535E+01
15 1.560E-05 7.016E+01 16 2.893E-03 9.573E-01 17 9.037E-06 7.669E+01 18 1.169E-02 5.081E+00 21 5.635E-03 3.961E+00
22 1.635E-03 8.932E+00 24 4.061E-03 2.859E-01 25 2.871E-03 5.613E-01 26 3.886E-03 6.281E-01 27 1.963E-03 1.006E+00
 23  22
 3 1.059E-05 4.513E+01  5 1.175E-04 5.149E+01  6 3.181E-05 3.161E+01  7 4.896E-04 3.835E+00  8 3.627E-04 8.583E+00
 9 8.730E-03 3.282E+00 10 2.574E-06 7.075E+01 11 4.945E-05 2.367E+01 12 2.419E-05 1.741E+01 13 3.558E-08 1.000E+02
14 1.548E-03 1.479E+01 15 1.622E-05 4.146E+01 16 2.894E-03 1.084E+00 17 8.273E-06 6.618E+01 18 9.684E-03 4.335E+00
21 6.206E-03 5.064E+00 22 2.007E-03 7.757E+00 23 3.369E-07 1.000E+02 24 4.272E-03 2.499E-01 25 2.467E-03 5.696E-01
26 3.762E-03 5.701E-01 27 2.075E-03 1.282E+00
 24  21
 3 5.792E-06 8.032E+01  5 1.157E-05 1.000E+02  6 2.884E-05 2.836E+01  7 4.591E-04 6.881E+00  8 3.794E-04 9.777E+00
 9 1.007E-02 2.477E+00 10 2.926E-06 8.312E+01 11 3.175E-05 2.777E+01 12 1.898E-05 1.498E+01 13 3.814E-06 5.644E+01
14 1.235E-03 2.145E+01 15 2.235E-05 5.990E+01 16 2.870E-03 8.678E-01 17 1.795E-05 3.974E+01 18 8.900E-03 5.417E+00
21 6.979E-03 3.818E+00 22 1.992E-03 5.011E+00 24 4.415E-03 2.649E-01 25 2.186E-03 6.538E-01 26 3.719E-03 5.307E-01
27 2.118E-03 9.308E-01
 25  22
 1 3.083E-06 1.000E+02  3 2.982E-06 1.000E+02  5 8.588E-05 6.627E+01  6 4.826E-05 2.480E+01  7 6.047E-04 3.605E+00
 8 4.871E-04 8.921E+00  9 1.139E-02 1.465E+00 10 1.278E-05 6.902E+01 11 4.975E-05 1.992E+01 12 1.796E-05 1.881E+01
13 2.366E-06 5.423E+01 14 1.723E-03 1.230E+01 15 1.442E-05 5.621E+01 16 2.846E-03 8.211E-01 17 4.098E-05 5.078E+01
18 7.403E-03 5.529E+00 21 7.559E-03 5.019E+00 22 2.300E-03 6.631E+00 24 4.566E-03 2.266E-01 25 1.905E-03 5.608E-01
26 3.683E-03 6.556E-01 27 2.240E-03 1.082E+00
 26  21
 3 9.101E-06 6.372E+01  5 1.383E-04 6.579E+01  6 5.083E-05 3.350E+01  7 6.096E-04 3.962E+00  8 4.842E-04 7.068E+00
 9 1.222E-02 2.018E+00 10 8.043E-06 5.737E+01 11 4.855E-05 1.738E+01 12 3.128E-05 1.274E+01 13 8.059E-07 7.158E+01
14 1.969E-03 1.571E+01 15 1.303E-05 7.873E+01 16 2.797E-03 1.038E+00 17 3.445E-05 2.474E+01 18 6.495E-03 4.683E+00
21 9.047E-03 4.002E+00 22 2.351E-03 6.664E+00 24 4.664E-03 2.093E-01 25 1.689E-03 5.381E-01 26 3.583E-03 6.076E-01
27 2.247E-03 1.003E+00
 27  22
 1 1.049E-04 5.018E+01  3 4.636E-06 7.671E+01  5 6.488E-05 7.787E+01  6 2.561E-05 3.529E+01  7 6.750E-04 4.592E+00
 8 5.856E-04 8.883E+00  9 1.252E-02 2.054E+00 10 2.576E-06 1.000E+02 11 4.264E-05 1.497E+01 12 3.617E-05 1.161E+01
13 2.299E-06 6.280E+01 14 1.527E-03 2.324E+01 15 2.744E-05 5.414E+01 16 2.819E-03 1.134E+00 17 1.044E-05 7.737E+01
18 5.103E-03 6.491E+00 21 9.902E-03 4.351E+00 22 2.666E-03 6.077E+00 24 4.765E-03 2.947E-01 25 1.481E-03 6.867E-01
26 3.500E-03 5.396E-01 27 2.253E-03 9.484E-01
 28  22
 3 6.154E-06 6.219E+01  5 4.483E-05 6.405E+01  6 5.633E-05 2.628E+01  7 7.014E-04 3.847E+00  8 5.790E-04 7.595E+00
 9 1.226E-02 1.834E+00 11 4.101E-05 2.719E+01 12 3.374E-05 1.758E+01 13 1.965E-06 5.020E+01 14 3.115E-03 1.198E+01
15 2.025E-05 5.071E+01 16 2.828E-03 1.098E+00 17 3.270E-05 3.985E+01 18 4.873E-03 7.452E+00 20 3.037E-05 1.000E+02
21 1.126E-02 4.412E+00 22 2.928E-03 7.723E+00 23 1.805E-07 1.000E+02 24 4.846E-03 2.242E-01 25 1.317E-03 8.723E-01
26 3.478E-03 7.104E-01 27 2.335E-03 6.820E-01
 29  22
 1 5.701E-06 1.000E+02  3 7.782E-06 5.225E+01  5 4.558E-05 6.321E+01  6 4.420E-05 2.457E+01  7 8.323E-04 3.564E+00
 8 7.053E-04 7.219E+00  9 1.320E-02 2.234E+00 10 4.251E-06 5.682E+01 11 9.904E-05 1.474E+01 12 3.472E-05 1.181E+01
13 3.832E-06 4.279E+01 14 2.778E-03 1.311E+01 15 5.389E-05 3.113E+01 16 2.777E-03 7.426E-01 17 5.225E-05 3.512E+01
18 4.327E-03 5.376E+00 21 1.291E-02 2.741E+00 22 4.058E-03 5.024E+00 24 4.949E-03 2.475E-01 25 1.184E-03 9.529E-01
26 3.498E-03 5.701E-01 27 2.418E-03 8.828E-01
 30  21
 3 2.532E-06 6.966E+01  5 1.292E-04 5.181E+01  6 3.684E-05 3.344E+01  7 9.783E-04 3.753E+00  8 7.946E-04 5.234E+00
 9 1.154E-02 2.232E+00 10 4.406E-07 1.000E+02 11 8.234E-05 2.270E+01 12 3.783E-05 1.659E+01 13 1.824E-06 4.231E+01
14 2.207E-03 1.543E+01 15 3.081E-05 4.770E+01 16 2.739E-03 9.717E-01 17 4.921E-05 3.524E+01 18 3.925E-03 8.261E+00
21 2.172E-02 2.287E+00 22 3.472E-03 5.970E+00 24 4.993E-03 2.668E-01 25 1.066E-03 9.291E-01 26 3.402E-03 6.474E-01
27 2.341E-03 8.595E-01
 31  22
 1 7.522E-05 5.732E+01  3 6.128E-06 6.339E+01  5 1.940E-04 4.093E+01  6 6.798E-05 1.652E+01  7 9.707E-04 2.113E+00
 8 9.254E-04 4.643E+00  9 1.161E-02 2.479E+00 10 3.138E-06 4.933E+01 11 9.225E-05 1.867E+01 12 4.354E-05 1.140E+01
13 3.209E-06 4.753E+01 14 3.404E-03 1.420E+01 15 4.949E-05 4.810E+01 16 2.706E-03 1.031E+00 17 3.065E-05 3.692E+01
18 3.651E-03 7.555E+00 21 2.724E-02 2.815E+00 22 3.995E-03 6.663E+00 24 5.081E-03 2.277E-01 25 9.322E-04 9.943E-01
26 3.397E-03 7.567E-01 27 2.439E-03 1.036E+00
 32  22
 3 4.900E-06 6.827E+01  5 1.318E-04 5.566E+01  6 8.155E-05 2.253E+01  7 1.130E-03 3.228E+00  8 9.648E-04 5.194E+00
 9 1.092E-02 2.557E+00 10 8.076E-06 4.913E+01 11 9.425E-05 1.118E+01 12 4.815E-05 1.634E+01 13 6.285E-06 3.254E+01
14 4.460E-03 1.526E+01 15 5.888E-05 3.889E+01 16 2.711E-03 9.189E-01 17 5.738E-05 2.695E+01 18 2.692E-03 7.199E+00
21 2.900E-02 2.181E+00 22 4.678E-03 4.533E+00 23 2.336E-07 7.066E+01 24 5.128E-03 1.975E-01 25 8.511E-04 8.688E-01
26 3.405E-03 5.991E-01 27 2.477E-03 9.484E-01
 33  24
 1 6.412E-05 6.897E+01  3 3.746E-06 7.170E+01  5 2.154E-04 4.399E+01  6 1.284E-04 2.344E+01  7 1.287E-03 2.786E+00
 8 1.051E-03 4.622E+00  9 1.106E-02 2.566E+00 10 4.622E-06 5.306E+01 11 1.149E-04 1.812E+01 12 5.487E-05 9.481E+00
13 4.466E-06 3.690E+01 14 4.010E-03 1.246E+01 15 5.161E-05 3.435E+01 16 2.765E-03 9.123E-01 17 4.294E-05 3.398E+01
18 2.959E-03 7.886E+00 19 8.460E-07 1.000E+02 21 2.839E-02 3.095E+00 22 5.105E-03 5.986E+00 23 1.832E-07 1.000E+02
24 5.162E-03 3.113E-01 25 7.594E-04 1.166E+00 26 3.378E-03 8.165E-01 27 2.523E-03 1.265E+00
 34  23
 1 6.093E-05 6.895E+01  3 1.175E-05 5.703E+01  5 2.348E-04 3.536E+01  6 1.226E-04 1.766E+01  7 1.362E-03 3.321E+00
 8 1.235E-03 5.841E+00  9 1.111E-02 2.516E+00 10 8.005E-06 7.521E+01 11 1.041E-04 1.495E+01 12 5.790E-05 8.680E+00
13 4.109E-06 2.999E+01 14 4.235E-03 1.446E+01 15 3.019E-05 3.734E+01 16 2.726E-03 1.103E+00 17 7.581E-05 2.678E+01
18 2.783E-03 8.181E+00 21 2.990E-02 1.777E+00 22 5.734E-03 4.478E+00 23 4.136E-07 1.000E+02 24 5.202E-03 2.888E-01
25 6.821E-04 1.639E+00 26 3.346E-03 8.917E-01 27 2.513E-03 1.209E+00
 35  22
 1 3.899E-05 1.000E+02  3 5.334E-06 5.195E+01  5 1.266E-04 5.609E+01  6 9.773E-05 2.351E+01  7 1.531E-03 2.228E+00
 8 1.155E-03 4.220E+00  9 1.029E-02 2.037E+00 10 1.306E-05 4.183E+01 11 8.557E-05 1.381E+01 12 6.416E-05 8.177E+00
13 2.928E-06 4.697E+01 14 5.897E-03 8.993E+00 15 7.499E-05 3.813E+01 16 2.713E-03 8.752E-01 17 4.093E-05 2.273E+01
18 2.520E-03 9.335E+00 21 2.931E-02 2.079E+00 22 6.287E-03 5.313E+00 24 5.240E-03 2.650E-01 25 6.050E-04 1.166E+00
26 3.356E-03 5.834E-01 27 2.603E-03 9.250E-01
 36  22
 1 1.325E-05 1.000E+02  3 9.844E-06 5.470E+01  5 2.483E-04 4.355E+01  6 8.809E-05 1.921E+01  7 1.674E-03 1.975E+00
 8 1.451E-03 4.770E+00  9 1.029E-02 2.369E+00 10 3.377E-06 4.440E+01 11 8.069E-05 1.168E+01 12 7.706E-05 1.019E+01
13 3.305E-06 3.126E+01 14 6.342E-03 9.747E+00 15 4.006E-05 3.474E+01 16 2.706E-03 1.175E+00 17 3.614E-05 3.464E+01
18 1.909E-03 1.151E+01 21 3.078E-02 2.116E+00 22 6.646E-03 2.896E+00 24 5.300E-03 2.506E-01 25 5.427E-04 1.324E+00
26 3.377E-03 5.541E-01 27 2.630E-03 1.011E+00
 37  23
 1 9.084E-06 1.000E+02  3 1.255E-05 4.818E+01  5 2.905E-04 4.537E+01  6 1.111E-04 1.780E+01  7 1.855E-03 2.296E+00
 8 1.599E-03 5.198E+00  9 1.068E-02 2.093E+00 10 1.448E-06 7.592E+01 11 1.139E-04 1.374E+01 12 6.580E-05 8.891E+00
13 6.999E-06 3.442E+01 14 6.379E-03 8.783E+00 15 5.351E-05 2.199E+01 16 2.701E-03 1.031E+00 17 5.120E-05 2.449E+01
18 2.017E-03 1.051E+01 19 1.387E-05 1.000E+02 21 3.023E-02 2.462E+00 22 7.758E-03 5.067E+00 24 5.301E-03 2.414E-01
25 4.868E-04 1.289E+00 26 3.377E-03 6.030E-01 27 2.616E-03 1.067E+00
 38  23
 1 1.961E-05 9.051E+01  3 8.922E-06 4.120E+01  5 2.721E-04 3.387E+01  6 1.399E-04 1.188E+01  7 1.961E-03 2.640E+00
 8 1.748E-03 4.129E+00  9 1.097E-02 2.525E+00 10 9.303E-06 4.678E+01 11 1.766E-04 1.763E+01 12 8.738E-05 7.576E+00
13 9.208E-06 2.491E+01 14 6.592E-03 1.471E+01 15 1.143E-04 2.108E+01 16 2.685E-03 9.256E-01 17 6.990E-05 3.035E+01
18 1.980E-03 9.280E+00 19 6.151E-06 1.000E+02 21 2.922E-02 2.407E+00 22 8.008E-03 2.795E+00 24 5.335E-03 2.051E-01
25 4.331E-04 1.177E+00 26 3.355E-03 5.351E-01 27 2.663E-03 5.431E-01
 39  23
 1 8.622E-06 7.104E+01  3 1.131E-05 3.855E+01  5 7.425E-05 7.393E+01  6 1.444E-04 1.788E+01  7 2.282E-03 2.243E+00
 8 1.918E-03 3.991E+00  9 1.066E-02 1.544E+00 10 1.097E-05 4.759E+01 11 1.480E-04 2.058E+01 12 9.458E-05 7.730E+00
13 8.261E-06 2.881E+01 14 9.106E-03 1.055E+01 15 1.220E-04 2.047E+01 16 2.691E-03 1.055E+00 17 4.826E-05 2.894E+01
18 1.651E-03 9.323E+00 21 3.094E-02 2.212E+00 22 9.027E-03 3.199E+00 23 9.357E-08 8.847E+01 24 5.362E-03 2.186E-01
25 3.943E-04 1.550E+00 26 3.365E-03 5.445E-01 27 2.657E-03 7.892E-01
 40  22
 1 2.232E-05 8.226E+01  3 8.461E-06 5.374E+01  5 2.416E-04 2.651E+01  6 1.697E-04 1.435E+01  7 2.528E-03 2.276E+00
 8 2.164E-03 3.637E+00  9 1.114E-02 1.854E+00 10 2.182E-05 4.750E+01 11 2.117E-04 1.228E+01 12 1.126E-04 7.483E+00
13 1.238E-05 2.241E+01 14 8.222E-03 8.977E+00 15 1.022E-04 2.960E+01 16 2.657E-03 1.133E+00 17 9.463E-05 2.425E+01
18 1.366E-03 1.242E+01 21 3.002E-02 2.577E+00 22 1.014E-02 3.544E+00 24 5.402E-03 2.283E-01 25 3.487E-04 1.757E+00
26 3.415E-03 6.380E-01 27 2.759E-03 1.005E+00
 41  23
 1 6.400E-05 6.053E+01  3 7.750E-06 4.992E+01  5 3.481E-04 5.358E+01  6 2.187E-04 1.478E+01  7 2.727E-03 2.496E+00
 8 2.439E-03 3.255E+00  9 1.089E-02 2.848E+00 10 7.268E-06 3.661E+01 11 2.213E-04 9.074E+00 12 1.237E-04 7.501E+00
13 6.760E-06 2.488E+01 14 8.595E-03 1.120E+01 15 1.386E-04 2.553E+01 16 2.653E-03 1.196E+00 17 8.939E-05 2.660E+01
18 1.167E-03 9.516E+00 21 2.809E-02 2.727E+00 22 1.135E-02 3.558E+00 23 1.295E-07 7.265E+01 24 5.412E-03 2.250E-01
25 3.214E-04 1.926E+00 26 3.420E-03 6.880E-01 27 2.729E-03 8.576E-01
 42  23
 1 1.173E-04 4.884E+01  3 4.527E-06 6.709E+01  5 1.507E-04 3.086E+01  6 2.404E-04 1.164E+01  7 3.123E-03 2.497E+00
 8 2.655E-03 3.410E+00  9 1.069E-02 2.354E+00 10 1.172E-05 3.117E+01 11 2.020E-04 8.277E+00 12 1.302E-04 5.810E+00
13 8.850E-06 2.663E+01 14 1.086E-02 6.515E+00 15 8.395E-05 2.516E+01 16 2.645E-03 1.030E+00 17 1.052E-04 1.746E+01
18 1.040E-03 1.393E+01 21 2.729E-02 2.086E+00 22 1.276E-02 3.258E+00 23 1.219E-07 1.000E+02 24 5.457E-03 2.425E-01
25 2.822E-04 1.687E+00 26 3.459E-03 7.313E-01 27 2.810E-03 1.262E+00
 43  24
 1 1.230E-04 4.920E+01  3 1.298E-05 3.937E+01  5 3.590E-04 4.699E+01  6 2.408E-04 1.453E+01  7 3.283E-03 2.474E+00
 8 3.095E-03 3.900E+00  9 1.013E-02 2.425E+00 10 9.102E-06 3.087E+01 11 2.504E-04 8.903E+00 12 1.368E-04 7.779E+00
13 1.107E-05 2.675E+01 14 1.203E-02 9.079E+00 15 1.255E-04 2.334E+01 16 2.627E-03 8.332E-01 17 1.133E-04 1.585E+01
18 1.191E-03 1.400E+01 19 9.672E-07 1.000E+02 21 2.197E-02 2.590E+00 22 1.361E-02 2.227E+00 23 3.334E-08 1.000E+02
24 5.469E-03 2.477E-01 25 2.604E-04 1.959E+00 26 3.485E-03 6.163E-01 27 2.835E-03 8.183E-01
 44  22
 1 7.068E-05 3.953E+01  3 1.836E-05 3.276E+01  5 6.810E-04 2.936E+01  6 2.434E-04 9.956E+00  7 3.718E-03 1.585E+00
 8 3.555E-03 2.807E+00  9 1.034E-02 2.282E+00 10 2.709E-05 2.970E+01 11 2.278E-04 9.423E+00 12 1.729E-04 7.435E+00
13 1.860E-05 2.192E+01 14 1.343E-02 6.680E+00 15 1.084E-04 4.293E+01 16 2.645E-03 1.030E+00 17 1.191E-04 1.623E+01
18 9.769E-04 1.875E+01 21 1.276E-02 3.428E+00 22 1.548E-02 3.080E+00 24 5.473E-03 2.532E-01 25 2.310E-04 2.307E+00
26 3.524E-03 5.500E-01 27 2.872E-03 8.497E-01
 45  22
 1 6.542E-05 5.468E+01  3 2.132E-05 2.587E+01  5 3.950E-04 2.882E+01  6 3.057E-04 1.241E+01  7 4.151E-03 1.268E+00
 8 3.694E-03 2.469E+00  9 1.067E-02 2.346E+00 10 8.276E-06 3.626E+01 11 2.720E-04 1.196E+01 12 1.795E-04 6.319E+00
13 1.249E-05 2.262E+01 14 1.400E-02 6.575E+00 15 1.679E-04 1.675E+01 16 2.698E-03 1.124E+00 17 1.413E-04 2.280E+01
18 7.061E-04 1.413E+01 21 1.081E-02 4.030E+00 22 1.699E-02 2.535E+00 24 5.505E-03 2.624E-01 25 2.167E-04 1.703E+00
26 3.589E-03 6.564E-01 27 2.969E-03 1.176E+00
 46  22
 1 5.555E-05 5.062E+01  3 8.011E-06 5.051E+01  5 6.617E-04 2.699E+01  6 2.150E-04 1.658E+01  7 4.379E-03 1.824E+00
 8 4.219E-03 3.043E+00  9 1.083E-02 2.378E+00 10 1.531E-05 3.247E+01 11 3.343E-04 9.787E+00 12 1.776E-04 6.406E+00
13 1.823E-05 2.015E+01 14 1.455E-02 6.378E+00 15 2.498E-04 1.890E+01 16 2.652E-03 8.913E-01 17 1.924E-04 1.395E+01
18 9.334E-04 1.643E+01 21 9.991E-03 3.354E+00 22 2.621E-02 2.104E+00 24 5.518E-03 2.369E-01 25 1.890E-04 2.230E+00
26 3.676E-03 5.175E-01 27 3.042E-03 8.804E-01
 47  23
 1 1.099E-04 4.927E+01  3 1.783E-05 3.392E+01  5 6.709E-04 2.418E+01  6 3.461E-04 1.025E+01  7 4.885E-03 1.173E+00
 8 4.604E-03 2.373E+00  9 1.029E-02 1.908E+00 10 2.198E-05 2.298E+01 11 4.460E-04 8.427E+00 12 2.146E-04 5.734E+00
13 1.477E-05 1.989E+01 14 2.052E-02 6.084E+00 15 1.466E-04 2.425E+01 16 2.583E-03 1.034E+00 17 2.809E-04 1.048E+01
18 7.612E-04 1.050E+01 21 9.045E-03 3.956E+00 22 3.972E-02 1.740E+00 23 7.156E-08 1.000E+02 24 5.534E-03 2.564E-01
25 1.722E-04 2.287E+00 26 3.746E-03 6.225E-01 27 3.143E-03 7.477E-01
 48  23
 1 1.420E-04 3.917E+01  3 1.437E-05 4.943E+01  5 8.166E-04 2.404E+01  6 3.600E-04 7.391E+00  7 5.605E-03 1.613E+00
 8 5.286E-03 2.568E+00  9 1.002E-02 2.560E+00 10 1.745E-05 2.847E+01 11 4.269E-04 9.423E+00 12 2.508E-04 5.381E+00
13 2.032E-05 1.844E+01 14 3.045E-02 5.766E+00 15 2.112E-04 1.755E+01 16 2.659E-03 1.115E+00 17 2.115E-04 1.538E+01
18 6.574E-04 1.725E+01 19 1.549E-05 1.000E+02 21 8.524E-03 4.431E+00 22 4.339E-02 2.142E+00 24 5.544E-03 2.295E-01
25 1.524E-04 2.014E+00 26 3.874E-03 5.175E-01 27 3.286E-03 8.280E-01
 49  23
 1 4.560E-05 6.138E+01  3 1.888E-05 3.982E+01  5 5.640E-04 1.743E+01  6 3.926E-04 8.475E+00  7 6.020E-03 1.364E+00
 8 6.360E-03 2.352E+00  9 1.012E-02 2.275E+00 10 3.101E-05 2.910E+01 11 3.944E-04 9.235E+00 12 2.525E-04 5.264E+00
13 2.230E-05 1.991E+01 14 3.581E-02 5.635E+00 15 1.640E-04 2.384E+01 16 2.584E-03 9.656E-01 17 2.167E-04 1.292E+01
18 5.292E-04 1.368E+01 21 7.148E-03 3.467E+00 22 4.141E-02 2.368E+00 23 1.001E-07 6.906E+01 24 5.636E-03 2.379E-01
25 1.372E-04 3.098E+00 26 4.856E-03 6.155E-01 27 4.834E-03 8.523E-01
 50  22
 1 1.121E-04 4.737E+01  3 3.115E-05 2.596E+01  5 7.926E-04 1.711E+01  6 4.789E-04 1.008E+01  7 6.676E-03 1.490E+00
 8 9.197E-03 1.993E+00  9 1.010E-02 2.315E+00 10 3.624E-05 2.423E+01 11 4.697E-04 9.252E+00 12 2.995E-04 5.830E+00
13 1.916E-05 1.490E+01 14 3.745E-02 4.941E+00 15 3.073E-04 2.062E+01 16 2.637E-03 6.360E-01 17 2.045E-04 1.747E+01
18 4.081E-04 2.362E+01 21 6.199E-03 4.288E+00 22 3.680E-02 2.230E+00 24 5.634E-03 2.422E-01 25 1.230E-04 2.964E+00
26 4.971E-03 6.574E-01 27 4.993E-03 8.640E-01
 51  24
 1 1.085E-04 4.446E+01  3 2.736E-05 4.448E+01  5 9.285E-04 1.557E+01  6 4.972E-04 8.861E+00  7 7.445E-03 1.134E+00
 8 1.045E-02 2.348E+00  9 9.759E-03 2.368E+00 10 3.816E-05 2.426E+01 11 6.075E-04 7.273E+00 12 3.313E-04 6.574E+00
13 2.610E-05 1.818E+01 14 3.748E-02 5.108E+00 15 2.527E-04 1.613E+01 16 2.592E-03 1.239E+00 17 3.032E-04 1.227E+01
18 4.877E-04 2.294E+01 19 8.265E-06 1.000E+02 21 5.048E-03 4.608E+00 22 2.489E-02 2.449E+00 23 8.376E-07 7.714E+01
24 5.659E-03 2.015E-01 25 1.124E-04 3.107E+00 26 5.023E-03 5.866E-01 27 5.073E-03 7.797E-01
 52  23
 1 1.167E-04 5.525E+01  3 1.758E-05 5.611E+01  5 9.753E-04 1.719E+01  6 5.502E-04 1.211E+01  7 8.022E-03 1.472E+00
 8 1.050E-02 1.441E+00  9 9.150E-03 2.819E+00 10 3.265E-05 2.581E+01 11 5.903E-04 6.516E+00 12 3.477E-04 3.662E+00
13 2.386E-05 1.684E+01 14 3.142E-02 5.620E+00 15 2.846E-04 1.530E+01 16 2.590E-03 1.079E+00 17 2.906E-04 1.588E+01
18 4.385E-04 2.168E+01 21 4.548E-03 5.636E+00 22 1.644E-02 2.606E+00 23 5.245E-07 6.745E+01 24 5.642E-03 2.417E-01
25 9.652E-05 2.663E+00 26 5.135E-03 5.993E-01 27 5.209E-03 8.369E-01
 53  24
 1 2.723E-04 3.440E+01  3 1.670E-05 3.757E+01  5 1.265E-03 1.866E+01  6 6.099E-04 8.064E+00  7 9.329E-03 1.331E+00
 8 1.165E-02 2.076E+00  9 9.915E-03 2.457E+00 10 4.389E-05 2.428E+01 11 7.013E-04 5.839E+00 12 4.003E-04 2.916E+00
13 3.939E-05 2.172E+01 14 2.803E-02 7.180E+00 15 3.132E-04 1.336E+01 16 2.642E-03 1.029E+00 17 2.689E-04 1.291E+01
18 3.131E-04 2.189E+01 19 1.189E-06 1.000E+02 21 4.257E-03 4.555E+00 22 1.499E-02 1.971E+00 23 9.416E-07 4.628E+01
24 5.665E-03 2.189E-01 25 9.295E-05 3.658E+00 26 5.121E-03 5.653E-01 27 5.161E-03 7.732E-01
 54  23
 1 3.195E-04 4.472E+01  3 2.768E-05 2.520E+01  5 1.569E-03 2.085E+01  6 6.361E-04 7.537E+00  7 1.052E-02 1.347E+00
 8 1.164E-02 1.923E+00  9 9.834E-03 2.246E+00 10 5.076E-05 1.627E+01 11 7.122E-04 5.178E+00 12 4.605E-04 4.115E+00
13 4.045E-05 1.298E+01 14 2.127E-02 6.606E+00 15 2.983E-04 1.305E+01 16 2.626E-03 1.033E+00 17 2.925E-04 1.069E+01
18 3.931E-04 2.199E+01 21 4.239E-03 6.482E+00 22 1.232E-02 3.312E+00 23 6.347E-07 6.410E+01 24 5.678E-03 2.157E-01
25 8.143E-05 2.731E+00 26 5.164E-03 5.353E-01 27 5.209E-03 6.816E-01
 55  23
 1 6.787E-05 5.043E+01  3 2.401E-05 3.831E+01  5 1.197E-03 1.763E+01  6 5.902E-04 6.896E+00  7 1.686E-02 7.345E-01
 8 1.212E-02 2.126E+00  9 9.432E-03 2.209E+00 10 4.276E-05 2.668E+01 11 7.178E-04 6.256E+00 12 4.956E-04 3.226E+00
13 3.131E-05 1.240E+01 14 1.507E-02 8.112E+00 15 4.337E-04 1.286E+01 16 2.622E-03 9.810E-01 17 3.473E-04 1.104E+01
18 3.494E-04 2.045E+01 21 3.444E-03 4.803E+00 22 1.125E-02 3.801E+00 23 3.051E-08 1.000E+02 24 5.663E-03 2.634E-01
25 7.103E-05 2.662E+00 26 5.208E-03 4.704E-01 27 5.265E-03 6.181E-01
 56  24
 1 1.283E-04 5.120E+01  3 2.029E-05 2.777E+01  5 1.710E-03 1.938E+01  6 7.552E-04 7.498E+00  7 1.826E-02 1.033E+00
 8 1.245E-02 1.547E+00  9 9.662E-03 2.211E+00 10 6.657E-05 2.014E+01 11 8.637E-04 6.233E+00 12 5.658E-04 3.472E+00
13 5.405E-05 1.636E+01 14 1.310E-02 6.150E+00 15 4.222E-04 1.099E+01 16 2.623E-03 7.673E-01 17 3.573E-04 1.080E+01
18 3.060E-04 1.904E+01 19 6.465E-06 1.000E+02 21 3.137E-03 8.258E+00 22 1.038E-02 3.974E+00 23 5.757E-07 8.590E+01
24 5.670E-03 2.237E-01 25 6.490E-05 2.645E+00 26 5.186E-03 7.208E-01 27 5.221E-03 1.021E+00
 57  26
 1 1.911E-04 4.485E+01  2 1.236E-07 1.000E+02  3 2.255E-05 3.015E+01  5 2.102E-03 1.675E+01  6 9.206E-04 6.752E+00
 7 1.947E-02 8.541E-01  8 1.282E-02 1.642E+00  9 9.902E-03 2.166E+00 10 6.295E-05 1.947E+01 11 9.988E-04 4.933E+00
12 6.115E-04 4.275E+00 13 4.988E-05 1.414E+01 14 1.258E-02 5.815E+00 15 5.921E-04 1.181E+01 16 2.623E-03 1.130E+00
17 4.784E-04 1.050E+01 18 2.845E-04 2.035E+01 19 2.764E-06 1.000E+02 20 1.084E-05 7.866E+01 21 2.871E-03 6.447E+00
22 9.796E-03 3.436E+00 23 7.976E-07 6.171E+01 24 5.718E-03 2.169E-01 25 5.541E-05 4.390E+00 26 5.201E-03 6.506E-01
27 5.151E-03 8.609E-01
 58  23
 1 2.294E-04 2.935E+01  3 3.043E-05 2.189E+01  5 2.316E-03 1.299E+01  6 1.073E-03 5.938E+00  7 1.994E-02 8.932E-01
 8 1.332E-02 1.921E+00  9 9.404E-03 2.487E+00 10 5.806E-05 1.700E+01 11 1.198E-03 5.530E+00 12 7.287E-04 2.848E+00
13 5.308E-05 1.169E+01 14 1.311E-02 6.700E+00 15 5.238E-04 1.305E+01 16 2.594E-03 1.284E+00 17 5.839E-04 8.821E+00
18 3.056E-04 2.570E+01 21 2.564E-03 9.311E+00 22 8.711E-03 3.097E+00 23 5.998E-07 6.920E+01 24 5.712E-03 2.150E-01
25 5.770E-05 4.298E+00 26 5.239E-03 6.639E-01 27 5.214E-03 6.918E-01
 59  24
 1 3.493E-04 2.562E+01  3 3.348E-05 1.893E+01  5 2.067E-03 2.012E+01  6 1.186E-03 5.323E+00  7 2.045E-02 7.829E-01
 8 1.395E-02 2.195E+00  9 9.581E-03 2.437E+00 10 6.363E-05 1.791E+01 11 1.383E-03 4.852E+00 12 7.677E-04 3.097E+00
13 5.063E-05 1.386E+01 14 8.873E-03 1.208E+01 15 5.732E-04 1.554E+01 16 2.556E-03 9.995E-01 17 6.603E-04 8.280E+00
18 3.113E-04 3.230E+01 19 1.569E-05 8.433E+01 21 2.359E-03 6.863E+00 22 7.583E-03 3.702E+00 23 7.799E-07 5.642E+01
24 5.703E-03 2.325E-01 25 5.081E-05 4.281E+00 26 5.190E-03 5.727E-01 27 5.117E-03 7.641E-01
 60  25
 1 2.326E-04 4.841E+01  3 3.169E-05 2.778E+01  5 2.267E-03 1.123E+01  6 1.491E-03 5.201E+00  7 2.076E-02 8.744E-01
 8 1.407E-02 1.664E+00  9 9.283E-03 2.349E+00 10 7.844E-05 2.135E+01 11 1.456E-03 3.409E+00 12 8.877E-04 2.334E+00
13 6.499E-05 9.625E+00 14 8.072E-03 9.206E+00 15 7.630E-04 1.026E+01 16 2.595E-03 9.308E-01 17 6.113E-04 8.212E+00
18 1.650E-04 3.175E+01 19 3.218E-05 6.882E+01 20 9.217E-06 1.000E+02 21 2.231E-03 6.676E+00 22 7.254E-03 3.996E+00
23 8.066E-07 5.492E+01 24 5.690E-03 2.368E-01 25 4.075E-05 5.152E+00 26 5.098E-03 5.706E-01 27 4.992E-03 8.002E-01
 61  24
 1 2.252E-04 3.136E+01  3 4.636E-05 2.428E+01  5 3.163E-03 1.028E+01  6 1.409E-03 4.932E+00  7 2.132E-02 9.211E-01
 8 1.494E-02 1.870E+00  9 9.066E-03 3.008E+00 10 9.181E-05 1.247E+01 11 1.600E-03 4.582E+00 12 9.770E-04 2.635E+00
13 7.235E-05 1.029E+01 14 8.370E-03 8.894E+00 15 7.411E-04 7.609E+00 16 2.580E-03 1.002E+00 17 6.520E-04 8.810E+00
18 1.549E-04 2.348E+01 19 9.817E-05 7.987E+01 21 2.135E-03 7.355E+00 22 6.851E-03 4.627E+00 23 7.490E-07 5.809E+01
24 5.718E-03 1.968E-01 25 4.387E-05 5.350E+00 26 5.094E-03 5.735E-01 27 4.937E-03 7.746E-01
 62  23
 1 3.101E-04 3.266E+01  3 4.349E-05 2.612E+01  5 2.494E-03 1.462E+01  6 1.566E-03 4.217E+00  7 2.100E-02 1.028E+00
 8 1.483E-02 1.815E+00  9 9.067E-03 2.469E+00 10 1.172E-04 1.402E+01 11 1.869E-03 5.093E+00 12 1.086E-03 2.602E+00
13 9.293E-05 9.348E+00 14 6.703E-03 1.007E+01 15 9.141E-04 7.251E+00 16 2.607E-03 1.012E+00 17 9.041E-04 5.955E+00
18 1.333E-04 4.552E+01 21 1.817E-03 7.613E+00 22 6.415E-03 4.192E+00 23 1.134E-06 4.079E+01 24 5.693E-03 2.461E-01
25 3.359E-05 5.319E+00 26 5.078E-03 8.335E-01 27 4.914E-03 9.218E-01
 63  25
 1 6.243E-04 2.144E+01  2 4.083E-07 1.000E+02  3 4.480E-05 2.982E+01  5 3.698E-03 1.099E+01  6 1.781E-03 4.658E+00
 7 2.145E-02 5.538E-01  8 1.579E-02 1.865E+00  9 9.068E-03 2.519E+00 10 1.173E-04 1.288E+01 11 2.029E-03 4.245E+00
12 1.160E-03 2.312E+00 13 7.015E-05 9.373E+00 14 6.978E-03 9.588E+00 15 9.460E-04 8.487E+00 16 2.621E-03 9.083E-01
17 1.084E-03 7.798E+00 18 1.386E-04 2.977E+01 19 4.339E-05 7.920E+01 21 1.491E-03 9.481E+00 22 5.464E-03 5.056E+00
23 9.743E-07 6.550E+01 24 5.683E-03 2.334E-01 25 3.367E-05 4.107E+00 26 4.942E-03 6.244E-01 27 4.710E-03 7.842E-01
 64  24
 1 8.386E-04 2.067E+01  3 6.921E-05 1.882E+01  5 3.849E-03 8.868E+00  6 1.928E-03 5.093E+00  7 2.115E-02 7.360E-01
 8 1.564E-02 2.190E+00  9 8.154E-03 2.975E+00 10 1.147E-04 1.170E+01 11 2.321E-03 4.064E+00 12 1.371E-03 2.149E+00
13 9.494E-05 7.461E+00 14 5.398E-03 1.415E+01 15 9.908E-04 6.005E+00 16 2.627E-03 8.000E-01 17 9.610E-04 8.891E+00
18 2.641E-04 3.828E+01 19 1.119E-05 1.000E+02 21 1.427E-03 1.161E+01 22 4.734E-03 4.601E+00 23 1.335E-06 4.100E+01
24 5.684E-03 2.235E-01 25 3.063E-05 5.609E+00 26 4.836E-03 7.666E-01 27 4.560E-03 8.197E-01
 65  23
 1 7.244E-04 2.559E+01  3 6.415E-05 1.652E+01  5 3.494E-03 9.370E+00  6 2.411E-03 3.873E+00  7 2.225E-02 6.741E-01
 8 1.669E-02 1.792E+00  9 8.781E-03 2.940E+00 10 1.326E-04 1.160E+01 11 2.656E-03 3.787E+00 12 1.564E-03 2.900E+00
13 1.028E-04 9.759E+00 14 5.205E-03 1.155E+01 15 1.128E-03 8.726E+00 16 2.621E-03 8.870E-01 17 1.166E-03 7.432E+00
18 9.186E-05 4.865E+01 21 1.427E-03 1.037E+01 22 4.269E-03 5.745E+00 23 3.812E-07 6.996E+01 24 5.619E-03 2.446E-01
25 2.934E-05 6.363E+00 26 3.717E-03 7.047E-01 27 2.755E-03 9.705E-01
 66  24
 1 6.132E-04 2.761E+01  3 5.919E-05 1.850E+01  5 4.312E-03 9.463E+00  6 2.531E-03 4.182E+00  7 2.204E-02 6.621E-01
 8 1.791E-02 1.794E+00  9 8.751E-03 2.651E+00 10 1.746E-04 1.423E+01 11 2.877E-03 2.847E+00 12 1.724E-03 1.886E+00
13 1.102E-04 6.920E+00 14 5.039E-03 1.013E+01 15 1.357E-03 7.224E+00 16 2.617E-03 1.241E+00 17 1.364E-03 5.489E+00
18 2.035E-04 2.886E+01 19 6.888E-05 7.685E+01 21 1.340E-03 8.023E+00 22 4.361E-03 4.201E+00 23 6.224E-07 5.510E+01
24 5.645E-03 2.451E-01 25 2.398E-05 5.682E+00 26 3.654E-03 5.906E-01 27 2.580E-03 8.672E-01
 67  25
 1 6.692E-04 2.117E+01  2 2.129E-07 1.000E+02  3 6.286E-05 2.075E+01  5 4.099E-03 1.181E+01  6 2.835E-03 3.499E+00
 7 2.121E-02 8.603E-01  8 1.846E-02 1.144E+00  9 8.047E-03 2.928E+00 10 1.425E-04 1.124E+01 11 3.248E-03 3.791E+00
12 1.896E-03 2.449E+00 13 1.309E-04 8.124E+00 14 3.171E-03 1.176E+01 15 1.527E-03 9.014E+00 16 2.610E-03 1.007E+00
17 1.604E-03 7.054E+00 18 1.220E-04 4.692E+01 20 5.369E-05 1.000E+02 21 1.012E-03 1.434E+01 22 3.824E-03 5.422E+00
23 1.853E-06 3.090E+01 24 5.592E-03 2.353E-01 25 2.171E-05 4.896E+00 26 3.565E-03 6.883E-01 27 2.476E-03 1.061E+00
 68  24
 1 7.038E-04 2.005E+01  3 6.565E-05 1.862E+01  5 4.293E-03 9.095E+00  6 3.286E-03 2.887E+00  7 2.105E-02 7.097E-01
 8 1.917E-02 1.636E+00  9 7.618E-03 2.302E+00 10 1.807E-04 1.174E+01 11 3.583E-03 2.763E+00 12 2.134E-03 2.163E+00
13 1.397E-04 7.511E+00 14 4.064E-03 1.268E+01 15 1.487E-03 7.251E+00 16 2.665E-03 8.508E-01 17 1.710E-03 4.524E+00
18 7.245E-05 3.943E+01 19 1.111E-04 9.414E+01 21 1.114E-03 8.894E+00 22 3.361E-03 6.608E+00 23 1.216E-06 5.556E+01
24 5.634E-03 2.200E-01 25 2.009E-05 5.854E+00 26 3.528E-03 7.613E-01 27 2.383E-03 1.179E+00
 69  24
 1 9.148E-04 2.138E+01  2 2.481E-07 1.000E+02  3 6.711E-05 1.937E+01  5 5.909E-03 1.061E+01  6 3.591E-03 4.299E+00
 7 1.921E-02 8.777E-01  8 3.033E-02 1.469E+00  9 4.407E-03 2.997E+00 10 1.659E-04 1.452E+01 11 4.219E-03 2.061E+00
12 2.318E-03 1.158E+00 13 1.444E-04 5.655E+00 14 3.650E-03 1.256E+01 15 1.736E-03 6.930E+00 16 2.631E-03 9.738E-01
17 1.721E-03 6.410E+00 18 7.302E-05 5.385E+01 21 8.153E-04 1.394E+01 22 3.283E-03 5.027E+00 23 2.113E-06 4.529E+01
24 5.590E-03 2.456E-01 25 1.787E-05 8.960E+00 26 3.383E-03 7.464E-01 27 2.210E-03 1.222E+00
 70  24
 1 9.718E-04 1.717E+01  3 7.260E-05 2.002E+01  5 6.184E-03 6.906E+00  6 3.928E-03 2.933E+00  7 1.661E-02 1.060E+00
 8 2.882E-02 1.317E+00  9 3.759E-03 3.379E+00 10 2.218E-04 1.229E+01 11 4.734E-03 3.221E+00 12 2.632E-03 2.144E+00
13 1.867E-04 5.998E+00 14 3.432E-03 1.109E+01 15 1.766E-03 6.655E+00 16 2.662E-03 1.112E+00 17 1.851E-03 6.497E+00
18 6.844E-05 5.421E+01 19 6.978E-05 6.233E+01 21 8.543E-04 1.185E+01 22 2.980E-03 5.579E+00 23 1.901E-06 4.018E+01
24 5.623E-03 2.332E-01 25 1.544E-05 1.004E+01 26 3.391E-03 6.438E-01 27 2.185E-03 9.362E-01
 71  25
 1 9.679E-04 1.721E+01  2 1.598E-07 1.000E+02  3 9.411E-05 2.314E+01  5 7.994E-03 7.747E+00  6 4.349E-03 3.173E+00
 7 1.507E-02 1.028E+00  8 2.417E-02 1.081E+00  9 3.506E-03 2.991E+00 10 2.599E-04 9.108E+00 11 5.233E-03 1.935E+00
12 3.058E-03 1.644E+00 13 2.098E-04 6.634E+00 14 3.067E-03 1.672E+01 15 2.134E-03 5.617E+00 16 2.637E-03 1.285E+00
17 2.436E-03 4.638E+00 18 7.034E-05 3.988E+01 19 5.345E-05 4.622E+01 21 6.920E-04 1.529E+01 22 2.381E-03 4.314E+00
23 2.184E-06 3.519E+01 24 5.610E-03 2.518E-01 25 1.568E-05 7.315E+00 26 3.394E-03 6.411E-01 27 2.130E-03 9.870E-01
 72  25
 1 6.571E-04 2.096E+01  3 9.704E-05 1.643E+01  5 8.365E-03 7.758E+00  6 5.036E-03 2.860E+00  7 1.409E-02 1.070E+00
 8 2.333E-02 1.561E+00  9 3.191E-03 3.923E+00 10 2.555E-04 8.962E+00 11 6.091E-03 2.850E+00 12 3.426E-03 1.673E+00
13 2.312E-04 5.004E+00 14 2.545E-03 1.406E+01 15 2.335E-03 7.457E+00 16 2.629E-03 8.393E-01 17 2.533E-03 5.509E+00
18 2.129E-05 8.222E+01 19 1.067E-04 4.786E+01 20 3.625E-05 1.000E+02 21 6.246E-04 1.043E+01 22 2.566E-03 7.236E+00
23 1.777E-06 4.039E+01 24 5.605E-03 2.137E-01 25 1.106E-05 8.496E+00 26 3.316E-03 6.898E-01 27 2.036E-03 1.527E+00
 73  24
 1 1.513E-03 1.928E+01  3 9.583E-05 1.549E+01  5 9.339E-03 8.020E+00  6 5.859E-03 3.039E+00  7 1.422E-02 8.202E-01
 8 2.784E-02 1.653E+00  9 2.976E-03 4.043E+00 10 2.999E-04 1.056E+01 11 6.883E-03 2.633E+00 12 3.957E-03 9.432E-01
13 2.371E-04 4.782E+00 14 2.752E-03 1.542E+01 15 2.634E-03 6.299E+00 16 2.626E-03 1.006E+00 17 2.787E-03 3.847E+00
18 3.636E-05 4.754E+01 19 1.258E-04 6.031E+01 21 6.196E-04 1.558E+01 22 2.188E-03 8.276E+00 23 1.741E-06 5.627E+01
24 5.589E-03 2.222E-01 25 1.091E-05 9.321E+00 26 3.249E-03 9.079E-01 27 1.987E-03 1.560E+00
 74  24
 1 1.598E-03 1.240E+01  3 1.060E-04 1.430E+01  5 1.125E-02 6.170E+00  6 6.251E-03 3.253E+00  7 1.513E-02 9.083E-01
 8 2.887E-02 1.465E+00  9 2.304E-03 4.325E+00 10 3.775E-04 9.801E+00 11 7.913E-03 1.983E+00 12 4.543E-03 1.550E+00
13 2.547E-04 5.089E+00 14 2.779E-03 1.804E+01 15 2.936E-03 4.029E+00 16 2.652E-03 1.184E+00 17 3.365E-03 3.428E+00
18 7.618E-05 6.686E+01 19 1.256E-04 3.629E+01 21 5.979E-04 1.219E+01 22 1.838E-03 5.197E+00 23 2.488E-06 3.844E+01
24 5.599E-03 2.233E-01 25 1.015E-05 8.631E+00 26 3.273E-03 7.823E-01 27 1.955E-03 1.269E+00
 75  26
 1 1.265E-03 1.502E+01  2 1.282E-07 1.000E+02  3 8.745E-05 1.751E+01  5 1.158E-02 7.513E+00  6 8.643E-03 2.754E+00
 7 9.119E-03 8.705E-01  8 1.334E-02 1.523E+00  9 2.409E-03 3.984E+00 10 3.432E-04 8.629E+00 11 1.025E-02 2.050E+00
12 7.229E-03 9.225E-01 13 2.994E-04 4.815E+00 14 1.888E-03 1.602E+01 15 3.259E-03 5.678E+00 16 2.630E-03 9.754E-01
17 3.498E-03 2.321E+00 18 4.311E-05 7.006E+01 19 3.140E-05 5.616E+01 20 3.143E-05 6.030E+01 21 5.902E-04 1.593E+01
22 1.969E-03 8.670E+00 23 1.847E-06 3.995E+01 24 5.630E-03 2.107E-01 25 1.142E-05 7.798E+00 26 3.294E-03 7.460E-01
27 1.925E-03 1.109E+00
 76  25
 1 1.644E-03 1.432E+01  2 5.612E-07 1.000E+02  3 1.255E-04 1.546E+01  5 1.149E-02 8.148E+00  6 1.100E-02 2.214E+00
 7 8.196E-03 1.198E+00  8 1.165E-02 1.822E+00  9 2.113E-03 3.866E+00 10 3.625E-04 1.045E+01 11 1.426E-02 1.673E+00
12 8.054E-03 6.656E-01 13 2.876E-04 5.252E+00 14 1.270E-03 2.537E+01 15 3.656E-03 5.848E+00 16 2.661E-03 1.206E+00
17 3.989E-03 3.568E+00 18 9.040E-06 5.814E+01 19 1.568E-04 6.113E+01 21 4.938E-04 2.037E+01 22 1.676E-03 8.961E+00
23 3.788E-06 2.847E+01 24 5.607E-03 2.193E-01 25 8.191E-06 8.675E+00 26 3.287E-03 8.310E-01 27 1.891E-03 1.143E+00
 77  26
 1 1.772E-03 1.856E+01  2 8.272E-07 1.000E+02  3 1.504E-04 1.444E+01  5 2.438E-02 4.589E+00  6 1.233E-02 2.171E+00
 7 7.259E-03 1.294E+00  8 1.023E-02 1.769E+00  9 1.644E-03 5.700E+00 10 4.801E-04 8.549E+00 11 1.805E-02 1.232E+00
12 8.840E-03 9.565E-01 13 3.643E-04 3.966E+00 14 1.472E-03 1.697E+01 15 4.037E-03 5.719E+00 16 2.656E-03 7.398E-01
17 4.618E-03 3.534E+00 18 1.142E-05 8.031E+01 19 6.681E-05 6.011E+01 20 5.302E-05 6.916E+01 21 3.140E-04 1.453E+01
22 1.587E-03 7.641E+00 23 7.302E-06 2.149E+01 24 5.621E-03 2.239E-01 25 8.116E-06 1.111E+01 26 3.303E-03 9.492E-01
27 1.866E-03 1.608E+00
 78  25
 1 1.695E-03 1.312E+01  2 1.266E-06 6.982E+01  3 1.148E-04 1.618E+01  5 2.432E-02 3.258E+00  6 1.347E-02 2.326E+00
 7 6.597E-03 1.341E+00  8 9.091E-03 2.293E+00  9 1.493E-03 4.644E+00 10 5.153E-04 8.793E+00 11 2.077E-02 1.595E+00
12 9.848E-03 9.939E-01 13 4.114E-04 4.125E+00 14 1.308E-03 2.074E+01 15 4.479E-03 4.613E+00 16 2.623E-03 9.168E-01
17 5.436E-03 3.824E+00 18 3.141E-05 6.809E+01 19 9.902E-05 6.860E+01 21 3.714E-04 1.791E+01 22 1.146E-03 8.734E+00
23 5.777E-06 2.999E+01 24 5.613E-03 2.523E-01 25 5.710E-06 1.200E+01 26 3.332E-03 4.378E-01 27 1.876E-03 1.214E+00
 79  26
 1 2.434E-03 1.029E+01  2 2.404E-06 8.246E+01  3 1.418E-04 1.892E+01  5 2.515E-02 4.890E+00  6 1.472E-02 2.322E+00
 7 5.759E-03 1.429E+00  8 8.134E-03 2.134E+00  9 1.441E-03 4.606E+00 10 5.412E-04 8.793E+00 11 2.401E-02 1.247E+00
12 1.053E-02 1.080E+00 13 4.031E-04 4.577E+00 14 1.592E-03 1.888E+01 15 5.044E-03 3.940E+00 16 2.623E-03 1.072E+00
17 5.772E-03 3.011E+00 18 4.139E-05 8.706E+01 19 8.151E-05 8.065E+01 20 9.663E-06 8.910E+01 21 3.165E-04 1.940E+01
22 1.093E-03 1.104E+01 23 5.730E-06 2.011E+01 24 5.600E-03 2.616E-01 25 6.403E-06 1.072E+01 26 3.343E-03 7.299E-01
27 1.851E-03 1.034E+00
 80  25
 1 2.328E-03 1.250E+01  3 1.711E-04 1.116E+01  5 2.648E-02 6.391E+00  6 1.587E-02 2.261E+00  7 5.309E-03 1.320E+00
 8 7.698E-03 2.501E+00  9 1.291E-03 5.194E+00 10 6.053E-04 8.242E+00 11 2.619E-02 1.246E+00 12 1.124E-02 1.223E+00
13 4.656E-04 4.104E+00 14 8.692E-04 1.946E+01 15 5.285E-03 3.407E+00 16 2.643E-03 1.457E+00 17 6.831E-03 3.322E+00
18 4.532E-05 5.306E+01 19 5.274E-05 7.308E+01 20 1.327E-05 1.000E+02 21 3.238E-04 1.581E+01 22 1.002E-03 1.281E+01
23 4.745E-06 2.923E+01 24 5.593E-03 2.274E-01 25 7.015E-06 9.245E+00 26 3.294E-03 7.086E-01 27 1.759E-03 9.780E-01
 81  25
 1 3.114E-03 1.620E+01  2 2.371E-06 5.644E+01  3 2.023E-04 9.322E+00  5 2.387E-02 5.957E+00  6 1.717E-02 2.766E+00
 7 4.735E-03 1.332E+00  8 6.671E-03 2.185E+00  9 1.261E-03 4.979E+00 10 6.359E-04 5.733E+00 11 2.850E-02 1.122E+00
12 1.206E-02 6.961E-01 13 4.900E-04 4.304E+00 14 1.590E-03 1.892E+01 15 5.755E-03 3.952E+00 16 2.598E-03 1.152E+00
17 7.222E-03 3.150E+00 18 5.176E-05 4.914E+01 19 1.063E-04 4.421E+01 21 2.909E-04 1.976E+01 22 1.097E-03 8.669E+00
23 5.842E-06 2.058E+01 24 5.614E-03 2.231E-01 25 6.780E-06 1.236E+01 26 3.365E-03 9.779E-01 27 1.827E-03 1.434E+00
 82  26
 1 2.599E-03 1.008E+01  2 2.678E-06 5.849E+01  3 2.004E-04 1.087E+01  5 2.688E-02 5.162E+00  6 1.885E-02 2.003E+00
 7 4.350E-03 1.835E+00  8 5.883E-03 2.312E+00  9 1.098E-03 6.819E+00 10 7.700E-04 4.495E+00 11 2.984E-02 1.205E+00
12 1.288E-02 9.448E-01 13 5.882E-04 4.206E+00 14 8.943E-04 2.905E+01 15 5.929E-03 3.621E+00 16 2.672E-03 1.094E+00
17 7.899E-03 2.365E+00 18 8.313E-06 6.886E+01 19 1.822E-04 3.158E+01 20 2.362E-06 1.000E+02 21 3.141E-04 2.128E+01
22 9.044E-04 9.907E+00 23 4.588E-06 2.897E+01 24 5.651E-03 2.855E-01 25 4.941E-06 1.322E+01 26 3.416E-03 7.800E-01
27 1.817E-03 1.406E+00
 83  26
 1 2.839E-03 1.152E+01  2 9.475E-07 6.728E+01  3 2.130E-04 1.407E+01  5 2.719E-02 4.349E+00  6 1.939E-02 1.974E+00
 7 3.721E-03 1.225E+00  8 5.323E-03 1.936E+00  9 1.034E-03 5.734E+00 10 8.350E-04 7.332E+00 11 3.148E-02 1.016E+00
12 1.367E-02 7.393E-01 13 7.030E-04 2.854E+00 14 6.358E-04 4.269E+01 15 6.589E-03 4.953E+00 16 2.602E-03 1.051E+00
17 9.813E-03 3.158E+00 18 5.168E-06 1.000E+02 19 8.389E-05 4.428E+01 20 1.312E-05 7.936E+01 21 3.666E-04 1.854E+01
22 6.927E-04 1.223E+01 23 5.026E-06 2.294E+01 24 5.620E-03 2.685E-01 25 4.511E-06 1.773E+01 26 3.430E-03 8.171E-01
27 1.783E-03 1.015E+00
 84  25
 1 3.702E-03 8.238E+00  2 9.637E-07 7.640E+01  3 2.259E-04 1.066E+01  5 2.444E-02 4.813E+00  6 2.015E-02 1.187E+00
 7 3.655E-03 2.174E+00  8 4.879E-03 3.127E+00  9 9.170E-04 5.218E+00 10 8.600E-04 8.398E+00 11 3.226E-02 1.088E+00
12 1.418E-02 9.794E-01 13 7.007E-04 3.121E+00 14 4.714E-04 2.598E+01 15 7.721E-03 4.046E+00 16 2.621E-03 9.249E-01
17 1.309E-02 2.537E+00 18 1.073E-05 9.372E+01 19 5.386E-05 4.534E+01 21 2.878E-04 2.207E+01 22 8.514E-04 1.189E+01
23 7.691E-06 2.036E+01 24 5.635E-03 2.590E-01 25 4.444E-06 1.871E+01 26 3.476E-03 6.791E-01 27 1.789E-03 1.158E+00
 85  26
 1 4.169E-03 1.254E+01  2 1.076E-07 7.817E+01  3 2.931E-04 9.338E+00  5 2.245E-02 5.824E+00  6 2.112E-02 1.589E+00
 7 3.267E-03 2.257E+00  8 4.643E-03 2.563E+00  9 7.070E-04 6.650E+00 10 9.807E-04 5.139E+00 11 3.318E-02 1.314E+00
12 1.517E-02 8.701E-01 13 8.050E-04 2.159E+00 14 7.075E-04 3.520E+01 15 8.181E-03 3.189E+00 16 2.636E-03 1.220E+00
17 1.616E-02 1.517E+00 18 8.833E-06 8.032E+01 19 1.593E-04 3.613E+01 20 6.522E-07 1.000E+02 21 2.935E-04 2.007E+01
22 6.766E-04 1.874E+01 23 8.095E-06 2.763E+01 24 5.672E-03 2.186E-01 25 3.018E-06 1.809E+01 26 3.599E-03 6.312E-01
27 1.849E-03 1.193E+00
 86  26
 1 5.140E-03 1.215E+01  2 1.112E-06 1.000E+02  3 2.631E-04 1.123E+01  5 2.180E-02 6.967E+00  6 2.105E-02 1.645E+00
 7 2.854E-03 2.440E+00  8 4.007E-03 2.770E+00  9 7.325E-04 8.171E+00 10 1.076E-03 5.701E+00 11 3.295E-02 1.305E+00
12 1.589E-02 7.927E-01 13 8.428E-04 3.061E+00 14 4.304E-04 3.285E+01 15 9.805E-03 2.810E+00 16 2.610E-03 1.221E+00
17 1.928E-02 2.103E+00 18 4.316E-06 7.353E+01 19 2.039E-04 4.215E+01 20 7.591E-05 8.899E+01 21 1.722E-04 2.220E+01
22 6.550E-04 7.792E+00 23 7.905E-06 2.173E+01 24 5.669E-03 2.713E-01 25 3.516E-06 1.488E+01 26 3.576E-03 6.156E-01
27 1.831E-03 1.394E+00
 87  25
 1 4.983E-03 8.354E+00  2 1.492E-06 1.000E+02  3 3.444E-04 1.001E+01  5 2.294E-02 5.948E+00  6 2.230E-02 1.457E+00
 7 2.539E-03 1.951E+00  8 3.579E-03 3.109E+00  9 6.786E-04 9.580E+00 10 1.143E-03 3.726E+00 11 3.306E-02 9.298E-01
12 1.666E-02 8.462E-01 13 9.379E-04 2.038E+00 14 5.544E-04 3.142E+01 15 1.066E-02 2.848E+00 16 2.614E-03 1.194E+00
17 2.117E-02 1.919E+00 18 6.783E-06 1.000E+02 19 1.971E-04 3.186E+01 21 1.974E-04 2.550E+01 22 6.073E-04 1.416E+01
23 9.115E-06 1.563E+01 24 5.668E-03 1.904E-01 25 3.622E-06 1.530E+01 26 3.718E-03 6.906E-01 27 1.884E-03 1.038E+00
 88  26
 1 6.228E-03 7.316E+00  2 2.782E-06 6.541E+01  3 3.512E-04 1.138E+01  5 1.936E-02 3.960E+00  6 2.139E-02 1.317E+00
 7 2.345E-03 1.795E+00  8 3.253E-03 3.519E+00  9 5.570E-04 6.818E+00 10 1.235E-03 4.586E+00 11 3.124E-02 1.200E+00
12 1.724E-02 7.724E-01 13 1.035E-03 3.096E+00 14 5.611E-04 4.511E+01 15 1.211E-02 2.475E+00 16 2.591E-03 1.333E+00
17 2.348E-02 1.393E+00 18 9.007E-06 9.519E+01 19 1.114E-04 3.666E+01 20 5.378E-06 1.000E+02 21 1.896E-04 2.089E+01
22 5.878E-04 1.203E+01 23 1.036E-05 2.029E+01 24 5.660E-03 2.448E-01 25 2.320E-06 1.397E+01 26 3.766E-03 5.828E-01
27 1.922E-03 1.075E+00
 89  26
 1 5.449E-03 7.893E+00  2 6.755E-07 1.000E+02  3 3.143E-04 1.027E+01  5 2.032E-02 5.275E+00  6 2.252E-02 1.786E+00
 7 2.147E-03 2.242E+00  8 2.847E-03 3.313E+00  9 5.568E-04 8.910E+00 10 1.477E-03 4.988E+00 11 2.991E-02 1.173E+00
12 1.799E-02 8.029E-01 13 1.185E-03 2.986E+00 14 3.942E-04 4.018E+01 15 1.457E-02 2.932E+00 16 2.621E-03 1.023E+00
17 2.602E-02 1.633E+00 18 1.997E-05 7.778E+01 19 2.408E-04 2.956E+01 20 2.307E-05 9.195E+01 21 1.362E-04 3.133E+01
22 4.610E-04 1.704E+01 23 8.415E-06 1.893E+01 24 5.693E-03 2.301E-01 25 2.199E-06 2.358E+01 26 3.946E-03 8.008E-01
27 1.958E-03 1.222E+00
 90  25
 1 7.294E-03 7.631E+00  2 2.303E-06 6.822E+01  3 3.625E-04 9.165E+00  5 1.718E-02 6.795E+00  6 2.258E-02 1.973E+00
 7 1.895E-03 2.670E+00  8 2.489E-03 2.882E+00  9 4.988E-04 8.320E+00 10 1.574E-03 4.040E+00 11 2.813E-02 9.517E-01
12 1.843E-02 5.165E-01 13 1.320E-03 3.304E+00 14 1.794E-04 4.165E+01 15 1.652E-02 2.511E+00 16 2.627E-03 1.377E+00
17 2.782E-02 1.571E+00 19 2.729E-04 3.970E+01 20 6.940E-05 6.823E+01 21 1.318E-04 2.741E+01 22 3.251E-04 1.707E+01
23 1.167E-05 1.435E+01 24 5.686E-03 2.468E-01 25 2.945E-06 1.472E+01 26 4.076E-03 6.274E-01 27 1.998E-03 1.063E+00
 91  24
 1 7.435E-03 7.571E+00  2 3.085E-07 6.842E+01  3 4.065E-04 8.142E+00  5 1.478E-02 5.952E+00  6 2.066E-02 1.508E+00
 7 1.708E-03 3.589E+00  8 2.326E-03 4.093E+00  9 4.215E-04 8.404E+00 10 1.593E-03 3.534E+00 11 2.467E-02 1.146E+00
12 1.815E-02 6.374E-01 13 1.351E-03 2.006E+00 14 3.533E-04 4.570E+01 15 1.648E-02 2.503E+00 16 2.577E-03 1.225E+00
17 2.651E-02 2.047E+00 19 3.572E-04 3.094E+01 21 1.140E-04 2.276E+01 22 4.286E-04 1.364E+01 23 1.459E-05 1.680E+01
24 5.818E-03 2.314E-01 25 1.988E-06 2.160E+01 26 6.118E-03 5.591E-01 27 3.369E-03 7.374E-01
 92  26
 1 7.926E-03 5.811E+00  2 3.917E-06 3.805E+01  3 4.396E-04 7.135E+00  5 1.295E-02 6.083E+00  6 2.050E-02 1.721E+00
 7 1.527E-03 3.211E+00  8 1.993E-03 4.317E+00  9 3.791E-04 8.386E+00 10 1.835E-03 4.337E+00 11 2.218E-02 1.469E+00
12 1.821E-02 7.382E-01 13 1.536E-03 2.568E+00 14 3.728E-04 3.277E+01 15 1.819E-02 3.941E+00 16 2.600E-03 9.477E-01
17 2.738E-02 1.434E+00 18 9.303E-06 1.000E+02 19 5.810E-04 2.662E+01 20 1.588E-05 6.432E+01 21 5.727E-05 5.677E+01
22 2.799E-04 1.867E+01 23 1.896E-05 1.273E+01 24 5.855E-03 2.064E-01 25 1.858E-06 2.276E+01 26 6.780E-03 3.530E-01
27 3.787E-03 5.313E-01
 93  25
 1 1.021E-02 6.706E+00  2 1.827E-06 5.453E+01  3 4.648E-04 7.396E+00  5 1.314E-02 5.550E+00  6 1.985E-02 1.935E+00
 7 1.395E-03 3.325E+00  8 1.904E-03 3.736E+00  9 3.087E-04 1.135E+01 10 2.048E-03 4.656E+00 11 1.964E-02 1.457E+00
12 1.870E-02 8.297E-01 13 1.664E-03 1.680E+00 14 4.491E-04 4.919E+01 15 1.954E-02 2.213E+00 16 2.570E-03 1.055E+00
17 2.852E-02 1.723E+00 19 2.953E-04 2.748E+01 20 9.944E-06 1.000E+02 21 1.019E-04 4.171E+01 22 2.422E-04 1.768E+01
23 1.837E-05 1.102E+01 24 5.861E-03 2.011E-01 25 1.531E-06 2.077E+01 26 6.785E-03 5.774E-01 27 3.744E-03 5.837E-01
 94  25
 1 1.205E-02 6.533E+00  2 2.923E-06 4.779E+01  3 5.597E-04 5.858E+00  5 1.208E-02 7.086E+00  6 2.157E-02 1.965E+00
 7 1.313E-03 2.575E+00  8 1.805E-03 4.009E+00  9 3.465E-04 1.021E+01 10 2.464E-03 2.930E+00 11 1.736E-02 1.498E+00
12 2.101E-02 7.378E-01 13 1.831E-03 2.069E+00 14 3.107E-04 4.612E+01 15 2.273E-02 3.087E+00 16 2.625E-03 1.119E+00
17 3.075E-02 1.513E+00 19 3.322E-04 3.053E+01 20 2.817E-05 9.666E+01 21 4.277E-05 3.895E+01 22 2.937E-04 1.510E+01
23 1.914E-05 1.083E+01 24 5.728E-03 2.287E-01 25 1.153E-06 2.988E+01 26 4.501E-03 5.696E-01 27 1.967E-03 7.020E-01
 95  25
 1 1.468E-02 7.425E+00  2 3.999E-06 6.145E+01  3 5.758E-04 6.804E+00  5 9.894E-03 9.374E+00  6 2.078E-02 1.792E+00
 7 1.124E-03 3.817E+00  8 1.450E-03 3.830E+00  9 2.988E-04 1.264E+01 10 2.644E-03 2.885E+00 11 1.438E-02 1.606E+00
12 2.115E-02 5.442E-01 13 2.125E-03 2.049E+00 14 2.173E-04 5.970E+01 15 3.730E-02 1.581E+00 16 2.589E-03 1.031E+00
17 3.041E-02 1.651E+00 19 4.495E-04 3.064E+01 20 3.082E-05 7.027E+01 21 6.605E-05 3.460E+01 22 2.481E-04 1.815E+01
23 1.815E-05 1.354E+01 24 5.732E-03 2.318E-01 25 1.074E-06 2.661E+01 26 4.498E-03 5.821E-01 27 1.946E-03 7.915E-01
 96  25
 1 1.657E-02 4.364E+00  2 1.501E-06 5.146E+01  3 5.697E-04 6.427E+00  5 7.032E-03 8.608E+00  6 2.062E-02 2.103E+00
 7 9.815E-04 3.122E+00  8 1.367E-03 5.689E+00  9 2.716E-04 1.140E+01 10 2.854E-03 3.082E+00 11 1.042E-02 2.461E+00
12 2.131E-02 7.697E-01 13 2.313E-03 1.678E+00 14 4.133E-04 3.555E+01 15 3.568E-02 1.818E+00 16 2.639E-03 1.158E+00
17 2.963E-02 1.682E+00 19 7.830E-04 2.092E+01 20 4.617E-06 1.000E+02 21 7.574E-05 3.588E+01 22 2.590E-04 1.879E+01
23 1.896E-05 1.559E+01 24 5.763E-03 2.256E-01 25 8.064E-07 3.178E+01 26 5.047E-03 5.425E-01 27 2.309E-03 7.250E-01
 97  26
 1 3.664E-02 3.597E+00  2 1.565E-06 6.718E+01  3 6.636E-04 6.879E+00  5 6.907E-03 1.028E+01  6 1.777E-02 2.032E+00
 7 8.943E-04 2.626E+00  8 1.381E-03 3.724E+00  9 2.441E-04 9.779E+00 10 3.145E-03 3.180E+00 11 7.661E-03 2.320E+00
12 2.020E-02 7.793E-01 13 2.534E-03 1.758E+00 14 5.485E-04 4.104E+01 15 3.078E-02 2.197E+00 16 2.584E-03 1.218E+00
17 2.795E-02 2.055E+00 18 3.194E-05 1.000E+02 19 4.181E-04 2.451E+01 20 8.664E-06 6.913E+01 21 4.666E-05 5.209E+01
22 1.331E-04 3.249E+01 23 2.449E-05 9.577E+00 24 5.883E-03 2.048E-01 25 1.386E-06 2.598E+01 26 6.967E-03 3.801E-01
27 3.783E-03 4.358E-01
 98  26
 1 3.763E-02 2.931E+00  2 2.984E-06 7.082E+01  3 8.457E-04 7.530E+00  5 5.814E-03 9.781E+00  6 1.795E-02 2.168E+00
 7 8.456E-04 4.406E+00  8 1.029E-03 5.608E+00  9 1.905E-04 1.204E+01 10 3.402E-03 2.795E+00 11 6.405E-03 1.949E+00
12 2.033E-02 6.755E-01 13 2.880E-03 2.145E+00 14 1.702E-04 4.858E+01 15 2.812E-02 2.318E+00 16 2.519E-03 8.568E-01
17 2.567E-02 1.429E+00 18 7.714E-06 6.803E+01 19 4.664E-04 2.983E+01 20 6.127E-05 5.854E+01 21 2.920E-05 4.140E+01
22 1.981E-04 1.508E+01 23 2.754E-05 8.519E+00 24 5.881E-03 1.957E-01 25 1.645E-06 2.834E+01 26 7.165E-03 3.755E-01
27 3.847E-03 5.229E-01
 99  26
 1 4.085E-02 3.132E+00  2 4.998E-06 4.084E+01  3 8.023E-04 5.207E+00  5 4.976E-03 9.259E+00  6 1.723E-02 1.829E+00
 7 7.134E-04 4.522E+00  8 1.061E-03 6.360E+00  9 1.567E-04 1.522E+01 10 3.986E-03 3.233E+00 11 5.780E-03 1.875E+00
12 2.148E-02 5.413E-01 13 3.172E-03 1.418E+00 14 1.271E-04 4.860E+01 15 2.389E-02 2.228E+00 16 2.550E-03 5.801E-01
17 2.560E-02 1.774E+00 18 2.081E-05 8.311E+01 19 7.611E-04 1.923E+01 20 2.305E-05 7.198E+01 21 4.566E-05 4.990E+01
22 1.863E-04 2.611E+01 23 2.823E-05 6.724E+00 24 5.833E-03 2.239E-01 25 1.294E-06 2.983E+01 26 6.196E-03 4.829E-01
27 3.112E-03 6.392E-01
100  25
 1 4.129E-02 4.150E+00  2 6.724E-06 2.976E+01  3 9.661E-04 5.557E+00  5 5.493E-03 9.018E+00  6 1.685E-02 2.173E+00
 7 7.551E-04 3.205E+00  8 9.722E-04 7.538E+00  9 1.542E-04 1.381E+01 10 4.322E-03 2.271E+00 11 4.958E-03 2.626E+00
12 2.273E-02 5.976E-01 13 3.712E-03 1.213E+00 14 1.308E-04 6.147E+01 15 2.070E-02 2.363E+00 16 2.586E-03 1.048E+00
17 2.437E-02 1.725E+00 19 9.819E-04 1.587E+01 20 9.913E-05 5.364E+01 21 8.405E-05 3.520E+01 22 1.273E-04 2.626E+01
23 4.125E-05 6.175E+00 24 5.760E-03 1.944E-01 25 1.030E-06 2.051E+01 26 4.798E-03 5.106E-01 27 2.013E-03 8.221E-01
101  25
 1 3.704E-02 4.170E+00  2 4.530E-06 3.496E+01  3 1.037E-03 3.332E+00  5 4.410E-03 1.108E+01  6 1.635E-02 2.223E+00
 7 6.338E-04 4.236E+00  8 8.573E-04 5.829E+00  9 1.270E-04 1.410E+01 10 4.676E-03 2.637E+00 11 4.739E-03 3.116E+00
12 2.258E-02 7.171E-01 13 3.993E-03 1.716E+00 14 5.198E-05 7.387E+01 15 1.549E-02 2.817E+00 16 2.579E-03 9.426E-01
17 2.371E-02 1.985E+00 19 8.907E-04 2.136E+01 20 2.610E-05 7.309E+01 21 6.434E-05 4.420E+01 22 1.628E-04 2.635E+01
23 3.180E-05 1.028E+01 24 5.721E-03 2.451E-01 25 5.493E-07 3.199E+01 26 4.751E-03 6.514E-01 27 1.994E-03 8.853E-01
102  25
 1 3.256E-02 4.121E+00  2 5.701E-06 6.516E+01  3 1.064E-03 6.049E+00  5 4.284E-03 9.320E+00  6 1.406E-02 1.274E+00
 7 6.057E-04 4.272E+00  8 7.778E-04 4.054E+00  9 1.069E-04 1.505E+01 10 5.342E-03 2.203E+00 11 4.025E-03 2.394E+00
12 2.146E-02 6.930E-01 13 4.334E-03 1.583E+00 14 1.102E-04 7.465E+01 15 1.260E-02 2.807E+00 16 2.573E-03 1.115E+00
17 1.988E-02 2.286E+00 19 7.841E-04 3.114E+01 20 4.496E-05 5.987E+01 21 6.566E-05 2.977E+01 22 1.731E-04 2.432E+01
23 3.508E-05 1.127E+01 24 5.796E-03 2.343E-01 25 5.198E-07 4.207E+01 26 6.250E-03 3.393E-01 27 3.113E-03 6.380E-01
103  25
 1 2.916E-02 3.862E+00  2 9.050E-06 3.518E+01  3 1.279E-03 3.663E+00  5 3.757E-03 1.026E+01  6 1.234E-02 2.426E+00
 7 4.930E-04 3.610E+00  8 6.226E-04 6.191E+00  9 1.320E-04 1.393E+01 10 5.734E-03 2.685E+00 11 3.191E-03 3.082E+00
12 2.011E-02 5.081E-01 13 4.917E-03 1.048E+00 14 4.876E-05 6.023E+01 15 1.055E-02 3.524E+00 16 2.589E-03 9.861E-01
17 1.743E-02 2.088E+00 19 8.486E-04 1.426E+01 20 1.185E-04 3.838E+01 21 6.895E-05 3.847E+01 22 1.552E-04 3.038E+01
23 4.058E-05 1.021E+01 24 5.832E-03 2.159E-01 25 7.689E-07 3.278E+01 26 7.305E-03 3.584E-01 27 3.900E-03 4.657E-01
104  25
 1 2.390E-02 6.398E+00  2 5.930E-06 5.639E+01  3 1.440E-03 5.020E+00  5 3.090E-03 1.417E+01  6 1.148E-02 2.719E+00
 7 4.492E-04 6.226E+00  8 5.781E-04 7.390E+00  9 1.139E-04 2.494E+01 10 6.564E-03 2.283E+00 11 3.057E-03 2.912E+00
12 1.978E-02 7.337E-01 13 5.480E-03 9.747E-01 14 1.174E-04 5.151E+01 15 9.551E-03 3.367E+00 16 2.571E-03 9.406E-01
17 1.458E-02 1.871E+00 19 7.317E-04 1.480E+01 20 7.177E-05 5.677E+01 21 4.172E-05 4.444E+01 22 1.527E-04 3.005E+01
23 4.195E-05 6.765E+00 24 5.837E-03 2.371E-01 25 2.739E-07 4.047E+01 26 7.364E-03 3.841E-01 27 3.902E-03 4.968E-01
105  25
 1 2.018E-02 4.238E+00  2 5.859E-06 2.845E+01  3 1.584E-03 4.602E+00  5 3.473E-03 1.214E+01  6 1.058E-02 2.829E+00
 7 4.254E-04 4.445E+00  8 5.472E-04 4.988E+00  9 8.394E-05 2.073E+01 10 7.779E-03 2.137E+00 11 2.772E-03 4.067E+00
12 2.084E-02 6.617E-01 13 6.611E-03 1.107E+00 14 9.701E-05 5.248E+01 15 9.243E-03 3.087E+00 16 2.554E-03 8.960E-01
17 1.271E-02 2.244E+00 19 1.542E-03 1.506E+01 20 1.092E-04 5.740E+01 21 1.787E-05 5.102E+01 22 1.240E-04 3.130E+01
23 4.339E-05 7.766E+00 24 5.762E-03 1.978E-01 25 9.045E-07 3.007E+01 26 5.499E-03 5.465E-01 27 2.435E-03 6.656E-01
106  26
 1 1.599E-02 6.866E+00  2 9.273E-06 2.421E+01  3 1.744E-03 3.223E+00  5 2.958E-03 1.370E+01  6 7.894E-03 2.460E+00
 7 3.684E-04 5.380E+00  8 5.220E-04 7.909E+00  9 9.383E-05 2.015E+01 10 8.833E-03 2.178E+00 11 2.545E-03 3.591E+00
12 1.980E-02 6.528E-01 13 7.368E-03 1.160E+00 14 5.218E-05 6.418E+01 15 8.795E-03 3.278E+00 16 2.582E-03 1.097E+00
17 9.760E-03 2.563E+00 18 9.534E-06 1.000E+02 19 1.300E-03 1.826E+01 20 1.313E-04 3.493E+01 21 1.704E-05 4.983E+01
22 5.418E-05 3.936E+01 23 5.184E-05 7.405E+00 24 5.674E-03 2.544E-01 25 4.546E-07 3.152E+01 26 4.998E-03 6.741E-01
27 2.035E-03 9.485E-01
107  25
 1 1.222E-02 7.656E+00  2 9.688E-06 3.162E+01  3 1.954E-03 4.951E+00  5 2.680E-03 1.262E+01  6 5.943E-03 1.845E+00
 7 3.598E-04 4.001E+00  8 5.475E-04 5.868E+00  9 8.729E-05 2.050E+01 10 9.848E-03 2.275E+00 11 2.356E-03 3.224E+00
12 9.632E-03 9.464E-01 13 8.664E-03 1.102E+00 14 2.737E-04 6.522E+01 15 8.405E-03 4.309E+00 16 2.588E-03 1.150E+00
17 7.858E-03 2.605E+00 19 1.748E-03 1.271E+01 20 1.923E-04 4.386E+01 21 5.445E-05 5.169E+01 22 1.063E-04 3.021E+01
23 5.234E-05 7.738E+00 24 5.661E-03 2.419E-01 25 9.295E-07 3.201E+01 26 5.108E-03 4.943E-01 27 2.084E-03 7.729E-01
108  26
 1 8.985E-03 6.297E+00  2 1.084E-05 2.417E+01  3 1.893E-03 4.230E+00  5 2.376E-03 1.293E+01  6 4.661E-03 3.029E+00
 7 2.854E-04 6.339E+00  8 4.155E-04 8.917E+00  9 8.405E-05 2.404E+01 10 1.168E-02 2.066E+00 11 1.802E-03 4.268E+00
12 7.158E-03 9.445E-01 13 1.495E-02 7.981E-01 14 1.041E-04 9.265E+01 15 6.907E-03 4.247E+00 16 2.633E-03 9.162E-01
17 5.809E-03 2.793E+00 18 3.757E-06 1.000E+02 19 1.400E-03 1.529E+01 20 2.026E-04 4.073E+01 21 3.097E-06 5.463E+01
22 4.565E-05 3.663E+01 23 6.145E-05 6.515E+00 24 5.588E-03 2.483E-01 25 4.286E-07 3.553E+01 26 7.539E-03 3.717E-01
27 4.005E-03 4.443E-01
109  25
 1 8.060E-03 6.560E+00  2 7.387E-06 3.375E+01  3 2.119E-03 3.883E+00  5 2.180E-03 1.385E+01  6 4.332E-03 2.435E+00
 7 2.715E-04 6.538E+00  8 3.136E-04 9.159E+00  9 5.355E-05 2.145E+01 10 1.726E-02 1.171E+00 11 1.673E-03 4.664E+00
12 6.453E-03 1.457E+00 13 1.578E-02 8.426E-01 14 1.040E-04 7.182E+01 15 5.845E-03 3.948E+00 16 2.679E-03 1.000E+00
17 5.094E-03 3.613E+00 19 1.556E-03 1.697E+01 20 1.668E-04 4.114E+01 21 3.402E-05 4.365E+01 22 5.174E-05 3.337E+01
23 5.791E-05 7.081E+00 24 5.621E-03 2.573E-01 25 7.567E-07 3.187E+01 26 7.617E-03 3.403E-01 27 4.042E-03 4.739E-01
110  25
 1 7.890E-03 7.592E+00  2 6.039E-06 4.761E+01  3 2.306E-03 3.203E+00  5 1.898E-03 1.489E+01  6 3.891E-03 2.834E+00
 7 2.367E-04 5.523E+00  8 2.992E-04 7.574E+00  9 4.024E-05 3.005E+01 10 2.144E-02 1.378E+00 11 1.511E-03 4.453E+00
12 5.812E-03 1.151E+00 13 1.686E-02 8.091E-01 14 2.965E-05 1.000E+02 15 4.919E-03 3.289E+00 16 2.619E-03 9.635E-01
17 4.746E-03 3.262E+00 19 1.982E-03 1.153E+01 20 1.887E-04 3.494E+01 21 1.477E-05 8.780E+01 22 3.087E-05 6.409E+01
23 6.272E-05 7.706E+00 24 5.534E-03 2.849E-01 25 3.991E-07 4.390E+01 26 7.125E-03 5.548E-01 27 3.646E-03 7.802E-01
111  25
 1 7.119E-03 8.627E+00  2 9.509E-06 3.696E+01  3 2.435E-03 3.441E+00  5 1.692E-03 1.729E+01  6 3.822E-03 5.502E+00
 7 2.436E-04 7.759E+00  8 2.586E-04 8.422E+00  9 5.978E-05 2.627E+01 10 2.572E-02 1.023E+00 11 1.456E-03 4.577E+00
12 5.455E-03 1.270E+00 13 1.835E-02 8.802E-01 14 4.828E-05 9.431E+01 15 5.193E-03 4.075E+00 16 2.602E-03 8.738E-01
17 4.611E-03 3.549E+00 19 2.039E-03 1.395E+01 20 2.691E-04 3.465E+01 21 2.201E-05 5.235E+01 22 3.320E-05 7.084E+01
23 6.438E-05 5.748E+00 24 5.408E-03 2.228E-01 25 4.735E-07 4.852E+01 26 5.186E-03 4.982E-01 27 2.139E-03 6.151E-01
112  26
 1 5.900E-03 1.005E+01  2 1.389E-05 2.513E+01  3 2.888E-03 3.579E+00  4 3.361E-05 1.000E+02  5 1.143E-03 1.809E+01
 6 3.514E-03 3.498E+00  7 2.148E-04 7.743E+00  8 2.619E-04 8.950E+00  9 5.389E-05 2.402E+01 10 2.757E-02 1.126E+00
11 1.236E-03 5.489E+00 12 5.083E-03 1.488E+00 13 1.836E-02 9.336E-01 14 1.020E-04 8.875E+01 15 4.806E-03 4.904E+00
16 2.620E-03 6.878E-01 17 4.069E-03 3.062E+00 19 2.694E-03 1.416E+01 20 1.811E-04 4.045E+01 21 2.570E-05 6.896E+01
22 5.902E-05 2.645E+01 23 6.650E-05 9.571E+00 24 5.392E-03 2.929E-01 25 4.744E-07 3.927E+01 26 5.161E-03 6.041E-01
27 2.108E-03 9.166E-01
113  25
 1 5.368E-03 7.272E+00  2 5.262E-06 3.181E+01  3 2.900E-03 2.690E+00  5 1.256E-03 2.068E+01  6 3.084E-03 3.752E+00
 7 1.908E-04 6.959E+00  8 2.546E-04 8.584E+00  9 7.133E-05 2.551E+01 10 2.777E-02 1.086E+00 11 1.236E-03 4.587E+00
12 4.575E-03 1.299E+00 13 1.807E-02 7.529E-01 14 2.583E-05 8.901E+01 15 4.326E-03 4.971E+00 16 2.609E-03 1.138E+00
17 3.600E-03 4.709E+00 19 3.100E-03 1.123E+01 20 2.305E-04 4.375E+01 21 3.795E-06 8.409E+01 22 2.409E-05 6.950E+01
23 6.959E-05 9.102E+00 24 5.463E-03 2.655E-01 25 3.236E-07 5.871E+01 26 6.231E-03 6.629E-01 27 2.884E-03 7.842E-01
114  25
 1 5.236E-03 1.316E+01  2 6.325E-06 3.137E+01  3 3.205E-03 3.177E+00  5 9.449E-04 2.473E+01  6 2.635E-03 3.859E+00
 7 1.600E-04 7.821E+00  8 2.429E-04 1.031E+01  9 4.153E-05 2.313E+01 10 2.650E-02 1.040E+00 11 1.021E-03 5.075E+00
12 4.094E-03 1.699E+00 13 1.729E-02 8.319E-01 14 3.375E-05 7.974E+01 15 4.005E-03 4.982E+00 16 2.604E-03 9.718E-01
17 3.251E-03 4.905E+00 19 3.340E-03 9.500E+00 20 1.519E-04 3.920E+01 21 5.810E-06 1.000E+02 22 4.970E-05 5.047E+01
23 7.601E-05 5.539E+00 24 5.584E-03 2.265E-01 25 4.412E-07 4.208E+01 26 7.741E-03 3.652E-01 27 4.053E-03 4.275E-01
115  24
 1 4.305E-03 1.056E+01  2 8.623E-06 2.224E+01  3 3.683E-03 3.604E+00  5 1.392E-03 1.738E+01  6 2.475E-03 4.196E+00
 7 1.658E-04 5.414E+00  8 2.512E-04 1.110E+01  9 3.351E-05 3.666E+01 10 2.716E-02 8.694E-01 11 1.080E-03 4.528E+00
12 3.742E-03 1.311E+00 13 1.709E-02 8.989E-01 14 4.667E-05 1.000E+02 15 3.894E-03 4.428E+00 16 2.613E-03 9.106E-01
17 2.843E-03 4.537E+00 19 2.345E-03 9.121E+00 20 1.772E-04 3.558E+01 22 2.400E-05 5.746E+01 23 7.963E-05 4.094E+00
24 5.602E-03 2.129E-01 25 5.088E-07 4.915E+01 26 7.792E-03 4.158E-01 27 4.037E-03 3.988E-01
116  25
 1 4.383E-03 8.388E+00  2 1.097E-05 2.098E+01  3 4.365E-03 2.480E+00  5 1.144E-03 1.863E+01  6 2.324E-03 5.220E+00
 7 1.655E-04 8.635E+00  8 2.262E-04 1.070E+01  9 3.766E-05 2.330E+01 10 2.785E-02 1.352E+00 11 1.043E-03 4.591E+00
12 3.592E-03 1.335E+00 13 1.855E-02 6.651E-01 14 7.728E-05 7.130E+01 15 3.444E-03 4.763E+00 16 2.687E-03 1.154E+00
17 2.624E-03 4.288E+00 19 3.625E-03 7.418E+00 20 2.413E-04 2.708E+01 21 1.503E-05 8.473E+01 22 5.609E-05 4.148E+01
23 9.292E-05 4.073E+00 24 5.520E-03 2.750E-01 25 1.165E-07 4.872E+01 26 6.352E-03 4.261E-01 27 2.957E-03 6.659E-01
117  26
 1 3.919E-03 8.610E+00  2 1.664E-05 2.046E+01  3 8.464E-03 2.075E+00  4 1.910E-05 1.000E+02  5 7.323E-04 1.707E+01
 6 2.239E-03 4.455E+00  7 1.287E-04 7.117E+00  8 2.293E-04 1.021E+01  9 3.706E-05 3.880E+01 10 2.836E-02 1.280E+00
11 8.316E-04 5.825E+00 12 3.347E-03 1.727E+00 13 1.882E-02 7.770E-01 14 1.525E-04 7.714E+01 15 3.377E-03 5.988E+00
16 3.117E-03 1.031E+00 17 2.774E-03 5.192E+00 19 3.355E-03 1.019E+01 20 1.069E-04 3.593E+01 21 8.299E-06 1.000E+02
22 1.775E-06 1.000E+02 23 9.690E-05 6.752E+00 24 5.458E-03 2.827E-01 25 1.793E-07 5.983E+01 26 5.377E-03 8.249E-01
27 2.144E-03 9.762E-01
118  25
 1 3.572E-03 1.091E+01  2 1.440E-05 2.568E+01  3 1.986E-02 1.069E+00  4 1.732E-06 1.000E+02  5 6.303E-04 2.058E+01
 6 1.971E-03 3.925E+00  7 1.154E-04 8.334E+00  8 1.953E-04 9.869E+00  9 2.567E-05 3.624E+01 10 2.710E-02 1.065E+00
11 8.155E-04 5.590E+00 12 3.006E-03 1.676E+00 13 1.816E-02 6.716E-01 15 2.913E-03 4.071E+00 16 3.107E-03 1.151E+00
17 2.305E-03 5.294E+00 19 4.101E-03 1.228E+01 20 5.246E-04 2.471E+01 21 2.661E-06 1.000E+02 22 7.397E-06 4.275E+01
23 1.076E-04 5.367E+00 24 5.470E-03 2.224E-01 25 5.088E-07 4.317E+01 26 5.450E-03 4.535E-01 27 2.211E-03 8.455E-01
119  25
 1 3.547E-03 1.372E+01  2 1.277E-05 2.199E+01  3 2.962E-02 9.697E-01  5 7.619E-04 2.837E+01  6 1.821E-03 6.351E+00
 7 1.340E-04 6.106E+00  8 1.611E-04 1.688E+01  9 2.768E-05 3.940E+01 10 2.431E-02 1.278E+00 11 6.609E-04 5.283E+00
12 2.698E-03 1.728E+00 13 1.698E-02 9.290E-01 14 8.280E-05 6.213E+01 15 2.673E-03 4.575E+00 16 2.950E-03 9.327E-01
17 2.181E-03 5.246E+00 19 4.491E-03 9.338E+00 20 1.719E-04 2.650E+01 21 3.110E-06 7.598E+01 22 2.327E-05 5.621E+01
23 9.875E-05 6.610E+00 24 5.614E-03 2.688E-01 25 4.652E-07 5.261E+01 26 7.207E-03 4.789E-01 27 3.579E-03 7.324E-01
120  24
 1 2.693E-03 1.205E+01  2 1.656E-05 2.445E+01  3 3.811E-02 1.123E+00  5 4.299E-04 2.689E+01  6 1.660E-03 4.298E+00
 7 1.120E-04 1.033E+01  8 1.291E-04 1.321E+01  9 2.953E-05 3.656E+01 10 2.296E-02 1.317E+00 11 6.560E-04 7.255E+00
12 2.478E-03 1.337E+00 13 1.675E-02 7.373E-01 15 2.339E-03 5.050E+00 16 2.986E-03 1.327E+00 17 2.214E-03 5.980E+00
19 4.728E-03 6.812E+00 20 3.897E-04 3.292E+01 21 6.480E-06 8.943E+01 22 2.626E-05 4.455E+01 23 1.188E-04 5.051E+00
24 5.709E-03 2.367E-01 25 6.484E-07 3.985E+01 26 7.720E-03 5.236E-01 27 3.943E-03 7.094E-01
121  25
 1 2.456E-03 1.410E+01  2 1.329E-05 2.617E+01  3 4.421E-02 1.033E+00  5 4.693E-04 3.566E+01  6 1.659E-03 5.496E+00
 7 1.007E-04 1.336E+01  8 1.431E-04 1.796E+01  9 1.790E-05 4.108E+01 10 2.180E-02 1.407E+00 11 5.869E-04 7.837E+00
12 2.244E-03 1.917E+00 13 1.645E-02 6.980E-01 14 6.079E-05 1.000E+02 15 2.091E-03 6.618E+00 16 2.931E-03 8.631E-01
17 1.702E-03 5.005E+00 19 5.898E-03 6.858E+00 20 3.336E-04 3.569E+01 21 2.545E-05 9.457E+01 22 2.678E-05 5.782E+01
23 1.297E-04 5.615E+00 24 5.718E-03 2.834E-01 25 6.174E-07 3.754E+01 26 7.711E-03 5.165E-01 27 3.913E-03 7.479E-01
122  26
 1 2.105E-03 1.245E+01  2 1.390E-05 2.015E+01  3 4.928E-02 8.974E-01  5 1.332E-03 1.859E+01  6 1.379E-03 4.322E+00
 7 1.082E-04 1.158E+01  8 1.142E-04 1.365E+01  9 1.925E-05 4.743E+01 10 2.226E-02 1.596E+00 11 5.661E-04 6.701E+00
12 2.171E-03 1.835E+00 13 1.719E-02 7.980E-01 14 5.321E-06 1.000E+02 15 2.103E-03 8.038E+00 16 2.982E-03 9.988E-01
17 1.677E-03 6.224E+00 18 5.676E-05 6.881E+01 19 5.613E-03 6.990E+00 20 5.474E-04 3.148E+01 21 1.284E-05 7.289E+01
22 5.370E-05 5.932E+01 23 1.476E-04 4.401E+00 24 5.581E-03 2.353E-01 25 1.132E-06 2.605E+01 26 5.741E-03 7.072E-01
27 2.279E-03 7.927E-01
123  26
 1 2.447E-03 1.013E+01  2 1.915E-05 2.296E+01  3 5.245E-02 9.993E-01  4 1.405E-04 1.000E+02  5 6.441E-04 2.296E+01
 6 1.420E-03 7.060E+00  7 9.566E-05 9.045E+00  8 1.181E-04 1.274E+01  9 2.604E-05 3.788E+01 10 2.043E-02 1.325E+00
11 4.892E-04 5.829E+00 12 1.920E-03 1.828E+00 13 1.694E-02 1.062E+00 14 3.368E-05 1.000E+02 15 1.775E-03 7.735E+00
16 2.948E-03 9.887E-01 17 1.606E-03 6.203E+00 19 7.070E-03 1.012E+01 20 3.251E-04 2.779E+01 21 8.008E-07 1.000E+02
22 1.582E-05 6.682E+01 23 1.519E-04 3.808E+00 24 5.661E-03 2.469E-01 25 4.362E-07 3.158E+01 26 6.385E-03 5.675E-01
27 2.529E-03 7.968E-01
124  26
 1 1.818E-03 1.481E+01  2 2.225E-05 2.072E+01  3 5.337E-02 8.166E-01  4 2.595E-04 8.704E+01  5 6.397E-04 2.573E+01
 6 1.166E-03 5.540E+00  7 8.833E-05 8.806E+00  8 9.550E-05 1.352E+01  9 2.188E-05 3.512E+01 10 1.936E-02 1.710E+00
11 4.738E-04 7.920E+00 12 1.784E-03 2.382E+00 13 1.613E-02 9.539E-01 14 9.054E-05 1.000E+02 15 1.730E-03 8.926E+00
16 2.927E-03 9.693E-01 17 1.428E-03 7.269E+00 19 8.816E-03 6.218E+00 20 4.541E-04 3.437E+01 21 2.152E-06 1.000E+02
22 2.832E-05 7.594E+01 23 1.650E-04 6.113E+00 24 5.685E-03 2.213E-01 25 5.797E-07 6.188E+01 26 6.919E-03 3.806E-01
27 3.013E-03 5.394E-01
125  25
 1 1.901E-03 1.325E+01  2 2.135E-05 2.561E+01  3 5.255E-02 8.387E-01  5 5.261E-04 2.730E+01  6 1.101E-03 6.631E+00
 7 8.935E-05 1.508E+01  8 1.134E-04 1.977E+01  9 1.839E-05 4.485E+01 10 1.603E-02 1.438E+00 11 3.934E-04 8.205E+00
12 1.681E-03 2.024E+00 13 1.554E-02 8.427E-01 14 4.659E-05 1.000E+02 15 1.563E-03 8.089E+00 16 2.895E-03 1.263E+00
17 1.310E-03 7.220E+00 19 8.221E-03 7.460E+00 20 3.091E-04 2.644E+01 21 1.069E-06 1.000E+02 22 8.468E-06 7.036E+01
23 1.710E-04 4.602E+00 24 5.819E-03 2.158E-01 25 7.570E-07 4.741E+01 26 8.577E-03 4.453E-01 27 4.420E-03 5.860E-01
126  26
 1 1.714E-03 1.340E+01  2 3.042E-05 1.660E+01  3 5.162E-02 8.889E-01  5 4.773E-04 3.485E+01  6 9.628E-04 5.271E+00
 7 7.007E-05 1.053E+01  8 8.660E-05 2.171E+01  9 1.802E-05 3.500E+01 10 1.439E-02 1.034E+00 11 4.573E-04 8.478E+00
12 1.420E-03 2.290E+00 13 1.512E-02 8.582E-01 14 4.431E-05 1.000E+02 15 1.136E-03 1.135E+01 16 2.851E-03 1.249E+00
17 1.276E-03 7.365E+00 18 2.457E-06 1.000E+02 19 9.249E-03 8.192E+00 20 4.605E-04 1.808E+01 21 7.422E-06 1.000E+02
22 7.902E-05 6.168E+01 23 1.914E-04 3.721E+00 24 5.825E-03 2.117E-01 25 4.371E-07 4.277E+01 26 8.687E-03 3.427E-01
27 4.494E-03 4.071E-01
127  25
 1 1.562E-03 1.434E+01  2 2.299E-05 2.055E+01  3 4.882E-02 1.120E+00  4 6.947E-05 1.000E+02  5 4.768E-04 2.807E+01
 6 1.032E-03 7.321E+00  7 6.851E-05 1.564E+01  8 7.688E-05 1.320E+01  9 2.307E-05 3.660E+01 10 1.367E-02 1.946E+00
11 3.337E-04 6.496E+00 12 1.398E-03 2.545E+00 13 1.556E-02 8.966E-01 14 6.740E-05 1.000E+02 15 1.515E-03 7.400E+00
16 2.907E-03 1.031E+00 17 9.845E-04 7.228E+00 19 1.423E-02 3.843E+00 20 3.754E-04 2.615E+01 22 1.663E-05 5.310E+01
23 2.223E-04 4.285E+00 24 5.759E-03 1.958E-01 25 3.959E-07 4.243E+01 26 7.842E-03 3.877E-01 27 3.803E-03 4.466E-01
128  25
 1 1.537E-03 1.051E+01  2 3.367E-05 1.734E+01  3 4.440E-02 9.597E-01  4 6.401E-05 1.000E+02  5 6.314E-04 2.645E+01
 6 9.459E-04 6.005E+00  7 6.232E-05 1.410E+01  8 8.942E-05 2.341E+01  9 2.641E-05 3.733E+01 10 1.207E-02 1.735E+00
11 3.986E-04 1.016E+01 12 1.282E-03 2.961E+00 13 1.599E-02 9.068E-01 14 1.698E-05 1.000E+02 15 1.353E-03 6.480E+00
16 2.978E-03 9.469E-01 17 1.084E-03 5.298E+00 19 1.958E-02 4.745E+00 20 7.114E-04 1.849E+01 21 1.130E-05 9.262E+01
23 2.297E-04 4.651E+00 24 5.665E-03 2.654E-01 25 2.940E-07 6.033E+01 26 6.730E-03 5.398E-01 27 2.914E-03 6.290E-01
129  24
 1 1.431E-03 2.070E+01  2 3.408E-05 1.183E+01  3 3.817E-02 7.250E-01  5 1.994E-04 4.184E+01  6 8.619E-04 7.179E+00
 7 5.279E-05 1.637E+01  8 7.675E-05 2.199E+01  9 4.554E-05 5.213E+01 10 1.088E-02 1.941E+00 11 3.222E-04 9.385E+00
12 1.146E-03 3.216E+00 13 1.585E-02 1.047E+00 15 1.381E-03 7.384E+00 16 2.939E-03 1.076E+00 17 9.424E-04 6.257E+00
19 2.654E-02 2.760E+00 20 5.541E-04 2.487E+01 21 3.682E-06 1.000E+02 22 1.134E-05 1.000E+02 23 2.490E-04 3.750E+00
24 5.632E-03 2.754E-01 25 1.011E-07 6.875E+01 26 6.702E-03 4.057E-01 27 2.899E-03 4.512E-01
130  23
 1 1.235E-03 1.549E+01  2 3.443E-05 1.772E+01  3 2.940E-02 6.974E-01  5 3.184E-04 3.373E+01  6 7.198E-04 8.269E+00
 7 5.767E-05 1.301E+01  8 5.123E-05 2.051E+01  9 1.179E-05 5.430E+01 10 9.638E-03 2.083E+00 11 3.180E-04 1.026E+01
12 1.097E-03 2.444E+00 13 1.526E-02 9.432E-01 15 1.106E-03 7.085E+00 16 2.986E-03 1.098E+00 17 8.803E-04 7.305E+00
19 2.918E-02 4.922E+00 20 7.765E-04 2.497E+01 22 4.134E-06 8.061E+01 23 2.520E-04 3.340E+00 24 5.720E-03 2.303E-01
25 1.772E-09 1.000E+02 26 8.058E-03 5.000E-01 27 3.912E-03 5.491E-01
131  25
 1 1.405E-03 2.011E+01  2 3.019E-05 1.673E+01  3 1.976E-02 1.495E+00  4 1.116E-04 1.000E+02  5 2.637E-04 3.969E+01
 6 6.348E-04 5.850E+00  7 7.927E-05 1.077E+01  8 6.238E-05 2.254E+01  9 1.557E-05 5.173E+01 10 7.086E-03 2.016E+00
11 2.815E-04 1.137E+01 12 9.704E-04 2.574E+00 13 1.534E-02 8.883E-01 14 5.809E-06 1.000E+02 15 1.026E-03 9.326E+00
16 3.027E-03 1.282E+00 17 7.123E-04 7.622E+00 19 3.404E-02 3.665E+00 20 9.191E-04 1.757E+01 22 2.475E-05 6.539E+01
23 2.648E-04 3.824E+00 24 5.747E-03 2.248E-01 25 1.080E-07 5.787E+01 26 8.972E-03 3.431E-01 27 4.654E-03 4.808E-01
132  23
 1 8.767E-04 1.995E+01  2 4.134E-05 1.632E+01  3 8.393E-03 1.844E+00  4 6.817E-05 1.000E+02  5 1.970E-04 3.613E+01
 6 6.108E-04 9.090E+00  7 5.710E-05 1.472E+01  8 3.940E-05 3.642E+01  9 4.168E-06 6.280E+01 10 6.218E-03 2.579E+00
11 2.788E-04 1.203E+01 12 9.227E-04 2.530E+00 13 1.523E-02 7.533E-01 15 8.556E-04 7.604E+00 16 3.041E-03 1.113E+00
17 8.309E-04 6.826E+00 19 3.740E-02 4.856E+00 20 1.156E-03 1.969E+01 23 2.833E-04 2.819E+00 24 5.722E-03 2.235E-01
25 1.126E-07 4.507E+01 26 9.087E-03 4.099E-01 27 4.689E-03 4.704E-01
133  25
 1 8.455E-04 1.410E+01  2 4.254E-05 1.651E+01  3 4.243E-03 1.682E+00  4 1.819E-04 1.000E+02  5 3.420E-04 2.829E+01
 6 6.404E-04 5.848E+00  7 4.841E-05 1.510E+01  8 7.547E-05 1.773E+01  9 1.204E-05 4.863E+01 10 5.955E-03 2.310E+00
11 2.821E-04 9.868E+00 12 9.346E-04 2.832E+00 13 1.577E-02 8.969E-01 14 1.663E-05 1.000E+02 15 7.249E-04 8.487E+00
16 2.617E-03 1.027E+00 17 7.255E-04 8.499E+00 19 4.339E-02 3.666E+00 20 8.926E-04 1.565E+01 22 3.302E-06 5.608E+01
23 3.202E-04 3.469E+00 24 5.591E-03 2.768E-01 25 1.958E-07 5.033E+01 26 7.395E-03 6.358E-01 27 3.332E-03 5.924E-01
134  25
 1 9.197E-04 1.931E+01  2 3.938E-05 1.209E+01  3 3.455E-03 2.710E+00  4 1.049E-04 7.358E+01  5 2.069E-04 3.559E+01
 6 4.283E-04 7.112E+00  7 3.966E-05 1.280E+01  8 4.385E-05 1.884E+01  9 1.374E-05 6.326E+01 10 5.783E-03 2.708E+00
11 2.170E-04 8.057E+00 12 7.887E-04 3.508E+00 13 1.577E-02 1.030E+00 14 8.362E-05 1.000E+02 15 6.336E-04 1.132E+01
16 2.634E-03 1.282E+00 17 6.964E-04 7.210E+00 18 1.280E-05 7.829E+01 19 4.359E-02 4.248E+00 20 7.192E-04 2.154E+01
23 3.438E-04 3.666E+00 24 5.539E-03 2.729E-01 25 2.663E-07 5.185E+01 26 6.839E-03 4.064E-01 27 2.908E-03 5.416E-01
135  25
 1 7.520E-04 1.608E+01  2 6.066E-05 1.238E+01  3 3.458E-03 2.787E+00  4 5.147E-05 7.507E+01  5 3.124E-04 4.968E+01
 6 5.103E-04 7.376E+00  7 4.085E-05 9.662E+00  8 5.134E-05 2.105E+01  9 1.799E-05 5.274E+01 10 5.104E-03 2.327E+00
11 2.033E-04 1.141E+01 12 7.954E-04 3.474E+00 13 1.555E-02 6.171E-01 15 7.254E-04 1.043E+01 16 2.588E-03 1.149E+00
17 6.475E-04 1.012E+01 19 4.614E-02 3.257E+00 20 1.051E-03 1.754E+01 21 1.188E-06 1.000E+02 22 1.547E-05 8.591E+01
23 3.750E-04 3.345E+00 24 5.558E-03 2.181E-01 25 6.563E-08 1.000E+02 26 6.932E-03 4.423E-01 27 2.953E-03 6.861E-01
136  24
 1 8.543E-04 2.106E+01  2 5.412E-05 1.506E+01  3 2.980E-03 2.582E+00  5 2.306E-04 7.188E+01  6 4.997E-04 7.648E+00
 7 4.025E-05 1.688E+01  8 5.199E-05 2.509E+01  9 1.048E-05 4.641E+01 10 4.213E-03 2.636E+00 11 1.980E-04 1.190E+01
12 7.108E-04 3.407E+00 13 1.354E-02 9.421E-01 15 6.551E-04 9.987E+00 16 2.621E-03 9.480E-01 17 4.769E-04 1.392E+01
19 4.172E-02 3.766E+00 20 1.323E-03 1.641E+01 21 2.582E-06 1.000E+02 22 1.688E-05 7.154E+01 23 3.817E-04 3.158E+00
24 5.717E-03 2.409E-01 25 1.016E-07 6.092E+01 26 9.239E-03 3.383E-01 27 4.768E-03 4.202E-01
137  24
 1 5.909E-04 2.307E+01  2 4.931E-05 1.258E+01  3 2.589E-03 2.675E+00  5 2.203E-04 3.128E+01  6 4.205E-04 6.539E+00
 7 2.646E-05 2.139E+01  8 2.153E-05 3.475E+01  9 1.039E-05 6.097E+01 10 4.012E-03 2.822E+00 11 1.967E-04 1.119E+01
12 6.423E-04 3.543E+00 13 1.317E-02 8.321E-01 14 6.734E-05 1.000E+02 15 5.529E-04 1.103E+01 16 2.572E-03 1.436E+00
17 5.472E-04 8.712E+00 19 3.808E-02 3.989E+00 20 1.245E-03 1.640E+01 22 2.322E-06 1.000E+02 23 4.267E-04 2.519E+00
24 5.722E-03 2.286E-01 25 3.815E-08 7.950E+01 26 9.316E-03 3.153E-01 27 4.811E-03 5.089E-01
138  25
 1 7.439E-04 1.668E+01  2 6.962E-05 1.497E+01  3 2.439E-03 3.312E+00  4 1.982E-04 7.590E+01  5 3.650E-04 5.039E+01
 6 3.498E-04 1.205E+01  7 2.319E-05 1.924E+01  8 4.540E-05 1.998E+01  9 1.420E-05 3.852E+01 10 3.780E-03 3.125E+00
11 1.472E-04 9.954E+00 12 6.143E-04 3.354E+00 13 1.287E-02 1.113E+00 15 5.652E-04 1.208E+01 16 2.589E-03 7.227E-01
17 4.539E-04 7.428E+00 19 3.827E-02 3.852E+00 20 1.436E-03 1.427E+01 21 5.228E-06 1.000E+02 22 2.159E-06 1.000E+02
23 4.650E-04 2.970E+00 24 5.653E-03 1.954E-01 25 1.971E-07 5.892E+01 26 8.713E-03 3.726E-01 27 4.346E-03 5.067E-01
139  25
 1 6.854E-04 2.051E+01  2 6.938E-05 1.590E+01  3 2.216E-03 3.687E+00  4 2.779E-05 1.000E+02  5 3.476E-04 3.567E+01
 6 3.383E-04 1.269E+01  7 2.171E-05 1.990E+01  8 3.566E-05 2.273E+01  9 1.694E-06 9.331E+01 10 3.216E-03 2.473E+00
11 1.858E-04 1.568E+01 12 5.764E-04 2.551E+00 13 1.300E-02 1.084E+00 15 4.071E-04 1.292E+01 16 2.624E-03 1.139E+00
17 4.219E-04 1.011E+01 19 3.234E-02 5.756E+00 20 1.449E-03 1.330E+01 21 1.893E-06 1.000E+02 22 2.355E-06 1.000E+02
23 5.145E-04 2.413E+00 24 5.525E-03 2.668E-01 25 2.494E-08 7.871E+01 26 6.919E-03 3.966E-01 27 2.935E-03 5.862E-01
140  22
 1 3.458E-04 2.498E+01  2 7.927E-05 9.325E+00  3 2.199E-03 4.142E+00  5 2.664E-04 4.147E+01  6 3.436E-04 1.067E+01
 7 1.914E-05 1.765E+01  8 2.485E-05 2.976E+01  9 1.133E-05 1.000E+02 10 3.185E-03 2.703E+00 11 1.289E-04 1.471E+01
12 5.406E-04 3.668E+00 13 1.244E-02 7.000E-01 14 5.582E-06 1.000E+02 15 5.376E-04 9.697E+00 16 2.666E-03 8.729E-01
17 3.975E-04 9.963E+00 19 2.962E-02 4.550E+00 20 1.837E-03 1.629E+01 23 5.737E-04 2.134E+00 24 5.551E-03 2.358E-01
26 6.928E-03 5.321E-01 27 2.929E-03 6.937E-01
141  24
 1 2.834E-04 2.995E+01  2 7.191E-05 1.255E+01  3 1.774E-03 5.047E+00  4 1.629E-04 7.820E+01  5 1.393E-04 5.601E+01
 6 2.932E-04 1.223E+01  7 1.931E-05 1.654E+01  8 1.939E-05 3.694E+01  9 6.877E-07 1.000E+02 10 2.828E-03 3.570E+00
11 1.989E-04 1.369E+01 12 4.974E-04 3.456E+00 13 1.167E-02 8.477E-01 15 5.790E-04 1.259E+01 16 2.626E-03 9.763E-01
17 4.104E-04 9.342E+00 19 2.100E-02 3.896E+00 20 1.798E-03 1.153E+01 22 1.067E-05 6.892E+01 23 6.049E-04 2.417E+00
24 5.621E-03 2.811E-01 25 2.846E-08 1.000E+02 26 7.881E-03 4.498E-01 27 3.621E-03 5.360E-01
142  24
 1 5.842E-04 3.291E+01  2 8.560E-05 8.334E+00  3 1.668E-03 3.646E+00  4 2.908E-04 5.869E+01  5 2.973E-04 3.596E+01
 6 2.719E-04 1.023E+01  7 1.720E-05 1.639E+01  8 3.026E-05 2.917E+01  9 1.127E-06 7.729E+01 10 2.504E-03 3.279E+00
11 1.615E-04 1.046E+01 12 4.412E-04 5.417E+00 13 1.058E-02 1.105E+00 15 3.374E-04 1.917E+01 16 2.615E-03 9.386E-01
17 4.036E-04 1.103E+01 19 1.473E-02 4.498E+00 20 2.188E-03 1.652E+01 22 6.782E-06 6.915E+01 23 6.846E-04 1.313E+00
24 5.712E-03 2.161E-01 25 1.314E-07 8.304E+01 26 9.308E-03 3.641E-01 27 4.748E-03 4.537E-01
143  24
 1 4.553E-04 2.757E+01  2 1.108E-04 7.809E+00  3 1.552E-03 3.838E+00  4 3.469E-04 7.424E+01  5 1.316E-04 5.369E+01
 6 3.500E-04 9.590E+00  7 2.538E-05 1.828E+01  8 2.321E-05 2.576E+01  9 5.088E-06 5.410E+01 10 2.405E-03 3.095E+00
11 1.473E-04 1.427E+01 12 3.965E-04 4.674E+00 13 9.928E-03 9.349E-01 15 4.674E-04 1.043E+01 16 2.591E-03 1.119E+00
17 3.800E-04 1.010E+01 19 8.749E-03 7.238E+00 20 2.457E-03 1.696E+01 22 1.892E-06 1.000E+02 23 7.377E-04 2.706E+00
24 5.693E-03 1.813E-01 25 1.899E-08 1.000E+02 26 9.270E-03 4.627E-01 27 4.701E-03 4.141E-01
144  22
 1 4.839E-04 3.861E+01  2 1.017E-04 1.152E+01  3 1.438E-03 4.651E+00  4 9.226E-05 1.000E+02  5 5.858E-05 8.549E+01
 6 2.371E-04 1.709E+01  7 2.139E-05 2.222E+01  8 2.509E-05 2.421E+01  9 2.156E-06 7.934E+01 10 2.025E-03 3.740E+00
11 8.713E-05 2.264E+01 12 4.168E-04 6.358E+00 13 9.809E-03 1.076E+00 15 4.125E-04 1.171E+01 16 2.604E-03 1.117E+00
17 3.100E-04 1.404E+01 19 8.409E-03 5.310E+00 20 2.165E-03 1.303E+01 23 8.399E-04 2.040E+00 24 5.586E-03 2.216E-01
26 7.927E-03 3.625E-01 27 3.609E-03 6.145E-01
145  23
 1 4.152E-04 3.115E+01  2 1.290E-04 6.853E+00  3 1.379E-03 5.569E+00  4 1.272E-04 1.000E+02  5 1.147E-04 5.559E+01
 6 1.729E-04 1.496E+01  7 1.725E-05 2.796E+01  8 2.076E-05 3.617E+01  9 2.880E-06 7.167E+01 10 2.173E-03 3.732E+00
11 1.047E-04 1.610E+01 12 3.729E-04 4.525E+00 13 9.552E-03 1.062E+00 15 3.573E-04 1.387E+01 16 2.616E-03 9.948E-01
17 2.941E-04 1.463E+01 19 7.856E-03 8.711E+00 20 2.506E-03 1.072E+01 22 6.483E-07 1.000E+02 23 9.006E-04 1.956E+00
24 5.497E-03 2.517E-01 26 6.902E-03 5.073E-01 27 2.831E-03 7.432E-01
146  24
 1 2.195E-04 3.060E+01  2 1.560E-04 9.543E+00  3 1.224E-03 6.962E+00  4 2.684E-06 1.000E+02  5 3.005E-04 4.653E+01
 6 2.518E-04 1.524E+01  7 1.598E-05 1.841E+01  8 2.466E-05 2.564E+01  9 8.457E-06 6.194E+01 10 1.890E-03 4.179E+00
11 1.066E-04 1.510E+01 12 3.642E-04 4.347E+00 13 8.785E-03 1.193E+00 15 3.016E-04 1.577E+01 16 2.660E-03 1.093E+00
17 2.180E-04 1.301E+01 19 7.156E-03 8.148E+00 20 2.920E-03 1.173E+01 21 3.291E-05 8.537E+01 22 1.171E-05 7.321E+01
23 1.027E-03 1.560E+00 24 5.491E-03 2.460E-01 26 6.949E-03 3.802E-01 27 2.875E-03 5.864E-01
147  23
 1 2.295E-04 3.998E+01  2 1.568E-04 8.522E+00  3 1.148E-03 4.948E+00  4 2.947E-04 4.437E+01  5 2.311E-04 4.359E+01
 6 2.106E-04 1.397E+01  7 1.271E-05 2.256E+01  8 1.759E-05 3.054E+01  9 7.897E-06 6.486E+01 10 1.761E-03 1.837E+00
11 7.040E-05 2.048E+01 12 3.297E-04 4.742E+00 13 7.623E-03 1.455E+00 15 3.506E-04 1.764E+01 16 2.659E-03 8.891E-01
17 2.476E-04 1.356E+01 19 5.889E-03 7.659E+00 20 2.907E-03 1.006E+01 23 1.109E-03 1.908E+00 24 5.595E-03 2.569E-01
25 2.033E-07 8.542E+01 26 8.760E-03 4.481E-01 27 4.254E-03 5.185E-01
148  23
 1 2.257E-04 2.643E+01  2 1.764E-04 8.811E+00  3 9.180E-04 5.254E+00  4 1.928E-04 7.898E+01  5 2.434E-04 5.157E+01
 6 1.911E-04 1.844E+01  7 1.308E-05 2.776E+01  8 1.456E-05 3.805E+01  9 6.091E-07 7.729E+01 10 1.551E-03 3.357E+00
11 7.466E-05 1.945E+01 12 3.030E-04 4.867E+00 13 6.864E-03 1.185E+00 15 2.616E-04 2.383E+01 16 2.677E-03 9.150E-01
17 2.020E-04 1.574E+01 19 4.808E-03 9.361E+00 20 3.671E-03 1.202E+01 21 2.001E-06 1.000E+02 23 1.225E-03 1.238E+00
24 5.610E-03 2.500E-01 26 9.214E-03 4.136E-01 27 4.641E-03 3.666E-01
149  24
 1 1.397E-04 3.764E+01  2 2.106E-04 6.430E+00  3 8.483E-04 6.218E+00  4 2.943E-04 6.168E+01  5 3.667E-04 4.474E+01
 6 1.470E-04 2.149E+01  7 1.263E-05 2.354E+01  8 1.000E-05 4.113E+01  9 1.307E-05 5.131E+01 10 1.467E-03 4.046E+00
11 6.547E-05 1.621E+01 12 2.660E-04 6.268E+00 13 6.445E-03 1.167E+00 15 2.154E-04 1.803E+01 16 2.643E-03 1.236E+00
17 1.716E-04 1.369E+01 19 4.541E-03 9.430E+00 20 3.750E-03 9.594E+00 22 4.369E-07 1.000E+02 23 1.371E-03 1.515E+00
24 5.563E-03 1.892E-01 25 8.760E-09 1.000E+02 26 9.141E-03 3.551E-01 27 4.550E-03 4.328E-01
150  24
 1 2.216E-04 3.151E+01  2 2.287E-04 4.563E+00  3 8.274E-04 6.581E+00  5 1.276E-04 7.517E+01  6 1.444E-04 1.429E+01
 7 1.492E-05 2.654E+01  8 1.735E-05 5.921E+01  9 4.641E-06 6.945E+01 10 1.288E-03 4.812E+00 11 7.075E-05 1.561E+01
12 2.437E-04 5.368E+00 13 6.243E-03 1.573E+00 14 1.315E-05 1.000E+02 15 2.324E-04 1.455E+01 16 2.702E-03 1.093E+00
17 2.534E-04 1.361E+01 19 3.912E-03 1.027E+01 20 4.165E-03 1.160E+01 21 5.485E-06 1.000E+02 22 4.967E-06 5.613E+01
23 1.612E-03 1.767E+00 24 5.396E-03 2.456E-01 26 7.000E-03 5.088E-01 27 2.816E-03 6.820E-01
151  22
 1 3.818E-04 2.532E+01  2 2.552E-04 6.023E+00  3 7.948E-04 4.287E+00  4 5.471E-04 5.797E+01  5 1.419E-04 6.868E+01
 6 1.467E-04 1.913E+01  7 8.830E-06 3.371E+01  8 1.283E-05 4.331E+01  9 7.671E-07 6.681E+01 10 1.205E-03 4.409E+00
11 5.677E-05 2.020E+01 12 2.263E-04 6.362E+00 13 5.624E-03 1.004E+00 15 2.441E-04 2.269E+01 16 2.695E-03 8.198E-01
17 1.580E-04 1.590E+01 19 3.712E-03 6.954E+00 20 4.856E-03 9.836E+00 23 1.742E-03 1.075E+00 24 5.305E-03 2.380E-01
26 6.825E-03 3.795E-01 27 2.717E-03 5.790E-01
152  23
 1 3.105E-04 3.412E+01  2 2.618E-04 6.977E+00  3 7.936E-04 7.324E+00  4 2.680E-04 4.686E+01  5 6.693E-05 6.213E+01
 6 1.115E-04 1.496E+01  7 2.120E-05 1.934E+01  8 2.529E-05 2.827E+01  9 3.881E-06 8.547E+01 10 1.032E-03 5.499E+00
11 8.339E-05 2.007E+01 12 2.237E-04 5.931E+00 13 4.943E-03 1.641E+00 15 1.979E-04 2.197E+01 16 2.681E-03 1.325E+00
17 2.600E-04 1.269E+01 19 2.593E-03 1.461E+01 20 5.283E-03 6.734E+00 23 1.910E-03 1.220E+00 24 5.302E-03 2.715E-01
25 1.174E-09 1.000E+02 26 7.319E-03 3.769E-01 27 3.088E-03 6.547E-01
153  21
 1 2.057E-04 3.610E+01  2 3.301E-04 6.003E+00  3 6.063E-04 4.540E+00  4 2.951E-04 4.042E+01  5 4.946E-05 8.779E+01
 6 9.701E-05 1.823E+01  7 1.158E-05 1.927E+01  8 1.654E-05 6.198E+01 10 8.912E-04 4.974E+00 11 6.900E-05 1.915E+01
12 2.121E-04 6.620E+00 13 4.246E-03 1.649E+00 15 2.703E-04 1.031E+01 16 2.673E-03 9.118E-01 17 1.856E-04 1.858E+01
19 2.914E-03 1.268E+01 20 6.495E-03 7.628E+00 23 2.147E-03 1.731E+00 24 5.377E-03 2.385E-01 26 9.121E-03 4.797E-01
27 4.502E-03 5.034E-01
154  21
 1 7.911E-05 4.442E+01  2 3.682E-04 5.385E+00  3 6.470E-04 7.250E+00  4 3.221E-04 5.390E+01  5 2.163E-05 6.867E+01
 6 9.119E-05 1.834E+01  7 6.624E-06 2.355E+01  8 1.364E-05 4.854E+01 10 8.045E-04 5.895E+00 11 4.871E-05 2.507E+01
12 1.742E-04 6.281E+00 13 3.598E-03 1.729E+00 15 2.279E-04 1.864E+01 16 2.749E-03 1.119E+00 17 1.436E-04 1.907E+01
19 2.642E-03 8.339E+00 20 6.114E-03 7.820E+00 23 2.385E-03 8.556E-01 24 5.253E-03 2.796E-01 26 9.001E-03 4.029E-01
27 4.418E-03 5.487E-01
155  22
 1 1.517E-04 3.465E+01  2 4.058E-04 5.641E+00  3 5.370E-04 9.289E+00  4 4.322E-04 5.512E+01  6 1.022E-04 2.564E+01
 7 7.963E-06 2.683E+01  8 1.903E-05 2.900E+01  9 1.236E-06 1.000E+02 10 7.979E-04 8.279E+00 11 3.569E-05 2.593E+01
12 1.705E-04 6.846E+00 13 3.149E-03 1.916E+00 15 1.275E-04 2.257E+01 16 2.836E-03 1.093E+00 17 1.614E-04 1.960E+01
19 2.205E-03 1.245E+01 20 7.798E-03 6.027E+00 23 2.728E-03 9.136E-01 24 5.067E-03 2.316E-01 25 4.368E-09 1.000E+02
26 7.770E-03 4.121E-01 27 3.546E-03 6.123E-01
156  23
 1 3.939E-04 4.925E+01  2 4.720E-04 5.933E+00  3 5.197E-04 8.474E+00  4 6.401E-04 3.288E+01  5 1.342E-04 6.363E+01
 6 8.782E-05 2.845E+01  7 9.552E-06 2.893E+01  8 1.457E-05 4.521E+01  9 2.950E-06 8.722E+01 10 6.940E-04 5.627E+00
11 5.016E-05 2.571E+01 12 1.741E-04 6.741E+00 13 2.814E-03 1.859E+00 15 1.138E-04 2.088E+01 16 2.884E-03 9.477E-01
17 1.140E-04 1.538E+01 19 2.292E-03 1.405E+01 20 8.122E-03 7.708E+00 22 2.952E-06 1.000E+02 23 3.085E-03 1.312E+00
24 4.882E-03 2.532E-01 26 7.102E-03 4.036E-01 27 2.737E-03 5.030E-01
157  22
 1 1.408E-04 3.722E+01  2 5.408E-04 5.072E+00  3 4.168E-04 6.203E+00  4 8.591E-04 3.326E+01  5 3.219E-05 7.549E+01
 6 8.367E-05 2.541E+01  7 1.057E-05 3.111E+01  8 1.415E-05 3.421E+01 10 6.382E-04 6.544E+00 11 4.335E-05 2.894E+01
12 1.417E-04 7.067E+00 13 2.538E-03 2.115E+00 14 3.763E-05 1.000E+02 15 1.264E-04 2.595E+01 16 2.954E-03 1.186E+00
17 1.039E-04 2.115E+01 19 1.864E-03 9.557E+00 20 9.065E-03 7.765E+00 23 3.445E-03 1.137E+00 24 4.731E-03 2.320E-01
26 7.263E-03 4.072E-01 27 2.755E-03 5.340E-01
158  21
 1 9.926E-05 6.101E+01  2 5.734E-04 4.695E+00  3 3.628E-04 8.044E+00  4 1.745E-04 7.485E+01  5 9.532E-05 5.930E+01
 6 8.470E-05 2.033E+01  7 9.376E-06 3.157E+01  8 8.160E-06 4.794E+01 10 5.936E-04 5.808E+00 11 4.418E-05 1.809E+01
12 1.267E-04 7.340E+00 13 2.191E-03 1.888E+00 15 7.785E-05 2.882E+01 16 3.098E-03 1.061E+00 17 1.189E-04 1.670E+01
19 2.128E-03 1.393E+01 20 1.135E-02 6.662E+00 23 4.086E-03 7.997E-01 24 4.468E-03 2.472E-01 26 6.504E-03 4.884E-01
27 2.447E-03 7.124E-01
159  22
 1 1.675E-04 5.937E+01  2 7.354E-04 4.616E+00  3 3.709E-04 7.712E+00  4 8.068E-04 3.907E+01  5 1.554E-05 1.000E+02
 6 8.110E-05 1.970E+01  7 4.333E-06 4.827E+01  8 8.114E-06 7.927E+01 10 5.677E-04 7.682E+00 11 4.481E-05 3.756E+01
12 1.018E-04 1.166E+01 13 1.979E-03 1.824E+00 15 1.249E-04 1.795E+01 16 3.408E-03 8.782E-01 17 1.155E-04 2.391E+01
19 1.825E-03 1.152E+01 20 1.333E-02 4.896E+00 21 5.416E-06 1.000E+02 23 4.907E-03 8.352E-01 24 3.943E-03 2.952E-01
26 3.586E-03 7.248E-01 27 1.571E-03 1.036E+00
160  23
 1 1.769E-04 5.341E+01  2 7.808E-04 3.306E+00  3 2.909E-04 7.889E+00  4 5.283E-04 4.401E+01  5 4.933E-05 9.674E+01
 6 5.580E-05 1.874E+01  7 3.214E-06 5.889E+01  8 3.966E-06 7.032E+01  9 5.245E-07 1.000E+02 10 5.069E-04 6.219E+00
11 3.143E-05 2.723E+01 12 1.023E-04 8.272E+00 13 1.744E-03 1.887E+00 15 5.315E-05 3.244E+01 16 1.100E-02 5.123E-01
17 5.385E-05 2.982E+01 19 1.325E-03 1.398E+01 20 1.688E-02 6.610E+00 23 5.782E-03 6.631E-01 24 3.571E-03 2.404E-01
25 1.473E-08 1.000E+02 26 3.211E-03 7.017E-01 27 1.419E-03 9.573E-01
161  21
 1 7.810E-05 4.212E+01  2 4.263E-04 3.060E+00  3 1.677E-04 6.990E+00  4 3.855E-04 3.648E+01  6 3.202E-05 2.318E+01
 7 1.970E-06 4.633E+01  8 2.801E-06 5.030E+01 10 2.768E-04 6.969E+00 11 1.153E-05 2.768E+01 12 6.826E-05 6.549E+00
13 1.190E-03 1.607E+00 14 2.314E-05 1.000E+02 15 3.446E-05 2.663E+01 16 1.707E-03 8.015E-01 17 7.030E-05 2.002E+01
19 1.056E-03 1.609E+01 20 4.517E-02 3.769E+00 23 1.336E-02 3.108E-01 24 1.094E-03 4.127E-01 26 2.503E-03 6.675E-01
27 1.140E-03 7.976E-01
162  22
 1 3.282E-05 4.332E+01  2 5.109E-04 3.482E+00  3 1.683E-04 9.866E+00  4 3.497E-04 3.385E+01  6 1.853E-05 2.530E+01
 7 2.546E-06 4.194E+01  8 3.976E-06 5.013E+01  9 1.296E-06 6.494E+01 10 2.641E-04 7.164E+00 11 2.248E-05 2.516E+01
12 5.364E-05 7.851E+00 13 1.084E-03 1.951E+00 15 4.741E-05 3.326E+01 16 1.680E-03 6.586E-01 17 5.338E-05 1.903E+01
19 8.105E-04 1.480E+01 20 7.416E-02 1.947E+00 21 2.379E-06 1.000E+02 23 1.437E-02 2.601E-01 24 9.305E-04 6.379E-01
26 2.542E-03 5.093E-01 27 1.105E-03 6.582E-01
163  21
 1 7.256E-05 5.363E+01  2 5.082E-04 2.838E+00  3 1.155E-04 1.107E+01  4 2.498E-04 7.023E+01  5 1.513E-05 8.676E+01
 6 4.516E-05 2.077E+01  7 1.390E-06 5.770E+01  8 3.666E-06 8.512E+01 10 2.216E-04 7.794E+00 11 2.090E-05 2.456E+01
12 4.637E-05 9.964E+00 13 9.817E-04 2.489E+00 15 6.772E-05 3.488E+01 16 1.722E-03 7.227E-01 17 4.031E-05 2.426E+01
19 9.087E-04 1.353E+01 20 8.699E-02 1.691E+00 23 1.520E-02 2.618E-01 24 8.156E-04 6.026E-01 26 2.592E-03 5.107E-01
27 1.080E-03 7.108E-01
164  22
 1 2.501E-05 6.891E+01  2 6.219E-04 2.752E+00  3 1.172E-04 1.077E+01  4 3.357E-04 5.172E+01  6 3.934E-05 2.608E+01
 7 1.186E-06 3.851E+01  8 3.445E-06 6.438E+01  9 8.312E-07 1.000E+02 10 2.115E-04 6.634E+00 11 9.608E-06 3.209E+01
12 5.632E-05 7.230E+00 13 8.671E-04 2.534E+00 15 3.842E-05 2.652E+01 16 1.712E-03 8.403E-01 17 4.527E-05 1.996E+01
19 6.236E-04 1.383E+01 20 8.746E-02 1.749E+00 22 1.895E-06 7.204E+01 23 1.574E-02 3.128E-01 24 7.153E-04 4.518E-01
26 2.585E-03 6.807E-01 27 1.033E-03 8.620E-01
165  21
 1 2.785E-05 4.877E+01  2 6.494E-04 2.854E+00  3 1.344E-04 8.495E+00  4 4.681E-04 3.719E+01  6 1.379E-05 3.630E+01
 7 2.950E-06 5.275E+01  8 1.271E-06 9.220E+01 10 1.932E-04 1.041E+01 11 1.001E-05 2.868E+01 12 4.567E-05 7.628E+00
13 7.393E-04 2.661E+00 15 5.481E-05 2.636E+01 16 1.703E-03 8.706E-01 17 4.225E-05 2.895E+01 19 6.884E-04 1.542E+01
20 7.942E-02 2.066E+00 23 1.623E-02 2.447E-01 24 6.267E-04 6.383E-01 25 5.508E-08 1.000E+02 26 2.678E-03 4.286E-01
27 1.037E-03 4.494E-01
166  23
 1 4.119E-05 6.570E+01  2 7.369E-04 2.428E+00  3 9.465E-05 1.151E+01  4 7.681E-04 3.300E+01  6 3.162E-05 3.111E+01
 7 2.269E-06 5.292E+01  8 2.411E-06 7.140E+01  9 1.491E-06 7.417E+01 10 1.765E-04 1.287E+01 11 5.592E-06 3.745E+01
12 3.633E-05 1.159E+01 13 6.814E-04 2.408E+00 15 2.386E-05 3.730E+01 16 1.714E-03 8.442E-01 17 2.991E-05 2.964E+01
19 5.868E-04 1.659E+01 20 7.666E-02 1.750E+00 21 2.498E-06 1.000E+02 23 1.675E-02 3.006E-01 24 5.562E-04 5.267E-01
25 3.145E-09 1.000E+02 26 2.745E-03 6.796E-01 27 1.029E-03 7.610E-01
167  22
 1 3.099E-05 6.354E+01  2 8.410E-04 2.829E+00  3 8.709E-05 1.068E+01  4 4.602E-04 3.105E+01  5 4.499E-06 1.000E+02
 6 2.877E-05 2.680E+01  7 1.631E-06 4.672E+01  8 4.611E-06 5.408E+01 10 1.680E-04 1.178E+01 11 1.276E-05 4.263E+01
12 2.914E-05 1.190E+01 13 6.263E-04 2.760E+00 15 1.398E-05 3.889E+01 16 1.685E-03 5.846E-01 17 5.211E-05 2.401E+01
19 4.311E-04 1.858E+01 20 6.922E-02 1.932E+00 22 4.104E-07 1.000E+02 23 1.713E-02 2.664E-01 24 4.986E-04 5.588E-01
26 2.824E-03 4.871E-01 27 1.026E-03 6.584E-01
168  22
 1 2.412E-05 6.659E+01  2 9.101E-04 2.440E+00  3 8.696E-05 1.476E+01  4 2.247E-04 3.613E+01  6 3.029E-05 2.518E+01
 7 1.169E-06 4.982E+01  8 9.832E-07 1.000E+02  9 1.388E-06 1.000E+02 10 1.582E-04 9.076E+00 11 1.405E-05 3.571E+01
12 3.719E-05 1.238E+01 13 5.897E-04 3.029E+00 15 2.264E-05 2.819E+01 16 2.838E-03 5.623E-01 17 3.542E-05 2.761E+01
19 6.288E-04 1.220E+01 20 5.556E-02 1.913E+00 23 1.781E-02 2.839E-01 24 4.606E-04 9.125E-01 25 9.444E-10 1.000E+02
26 3.019E-03 6.155E-01 27 1.043E-03 8.061E-01
169  21
 1 3.171E-05 5.998E+01  2 1.082E-03 2.998E+00  3 9.643E-05 1.631E+01  4 9.196E-04 3.040E+01  5 2.885E-05 1.000E+02
 6 1.378E-05 3.774E+01  7 7.005E-07 5.715E+01  8 9.930E-07 7.115E+01 10 1.483E-04 9.336E+00 11 8.049E-06 4.796E+01
12 2.605E-05 1.358E+01 13 5.266E-04 3.228E+00 15 9.490E-06 3.934E+01 16 1.881E-03 1.037E+00 17 4.616E-05 2.346E+01
19 4.739E-04 1.984E+01 20 3.461E-02 3.117E+00 23 2.015E-02 2.992E-01 24 4.309E-04 8.423E-01 26 4.932E-03 5.072E-01
27 1.510E-03 6.009E-01
170  22
 1 4.532E-05 6.348E+01  2 1.195E-03 1.813E+00  3 8.340E-05 1.143E+01  4 3.550E-04 2.978E+01  5 3.629E-05 9.121E+01
 6 2.334E-05 3.941E+01  7 1.599E-06 6.249E+01  8 1.837E-06 5.702E+01  9 1.003E-07 1.000E+02 10 1.282E-04 1.039E+01
11 6.504E-06 4.317E+01 12 2.882E-05 1.308E+01 13 4.869E-04 3.896E+00 15 2.846E-05 4.234E+01 16 1.783E-03 8.941E-01
17 8.933E-06 3.454E+01 19 5.879E-04 1.593E+01 20 2.434E-02 2.819E+00 23 2.070E-02 2.526E-01 24 3.808E-04 8.755E-01
26 5.168E-03 4.183E-01 27 1.547E-03 4.354E-01
171  20
 1 2.690E-06 5.622E+01  2 1.282E-03 2.307E+00  3 8.875E-05 1.173E+01  4 1.332E-03 2.474E+01  6 1.336E-05 4.227E+01
 7 1.473E-06 4.538E+01  8 1.886E-06 6.769E+01 10 9.808E-05 1.109E+01 11 3.347E-06 4.874E+01 12 2.776E-05 1.393E+01
13 3.837E-04 5.195E+00 15 7.933E-06 4.235E+01 16 1.773E-03 7.633E-01 17 1.359E-05 4.237E+01 19 4.024E-04 2.838E+01
20 1.606E-02 4.911E+00 23 2.102E-02 2.774E-01 24 3.345E-04 9.056E-01 26 5.310E-03 3.652E-01 27 1.572E-03 4.833E-01
172  20
 1 1.884E-05 1.000E+02  2 1.532E-03 2.475E+00  3 6.572E-05 1.237E+01  4 1.736E-03 1.584E+01  6 1.536E-05 3.337E+01
 7 6.315E-07 9.399E+01  8 1.400E-06 7.382E+01 10 8.678E-05 1.135E+01 11 9.006E-06 4.804E+01 12 2.064E-05 1.528E+01
13 3.653E-04 3.510E+00 15 2.185E-05 4.829E+01 16 1.736E-03 9.253E-01 17 2.831E-05 3.833E+01 19 3.672E-04 2.142E+01
20 1.269E-02 2.583E+00 23 2.135E-02 2.319E-01 24 2.944E-04 8.829E-01 26 5.424E-03 3.339E-01 27 1.578E-03 3.650E-01
173  21
 1 9.684E-06 8.235E+01  2 1.718E-03 2.316E+00  3 7.581E-05 1.287E+01  4 1.065E-03 2.419E+01  5 2.999E-06 1.000E+02
 6 1.991E-05 2.581E+01  7 1.578E-06 6.048E+01  8 8.772E-07 1.000E+02 10 8.665E-05 1.080E+01 11 1.644E-06 5.577E+01
12 2.439E-05 1.350E+01 13 3.505E-04 3.826E+00 15 3.500E-05 3.440E+01 16 1.720E-03 7.373E-01 17 1.333E-05 4.440E+01
19 3.513E-04 2.327E+01 20 1.155E-02 4.321E+00 23 2.153E-02 2.433E-01 24 2.636E-04 9.672E-01 26 5.507E-03 3.771E-01
27 1.592E-03 4.452E-01
174  19
 1 1.775E-05 7.926E+01  2 1.988E-03 1.623E+00  3 5.533E-05 1.811E+01  4 1.174E-03 2.190E+01  6 1.999E-05 3.989E+01
 7 5.894E-07 6.413E+01 10 9.111E-05 1.402E+01 11 2.118E-06 4.863E+01 12 1.708E-05 1.652E+01 13 2.902E-04 4.769E+00
15 2.555E-05 5.294E+01 16 1.697E-03 1.031E+00 17 3.497E-05 3.147E+01 19 2.434E-04 2.867E+01 20 9.423E-03 4.354E+00
23 2.175E-02 3.089E-01 24 2.376E-04 1.153E+00 26 5.578E-03 4.129E-01 27 1.592E-03 5.227E-01
175  20
 1 2.723E-06 1.000E+02  2 2.275E-03 1.511E+00  3 5.735E-05 1.340E+01  4 1.873E-03 1.550E+01  6 6.667E-06 4.867E+01
 7 7.025E-08 1.000E+02  8 3.940E-06 6.396E+01 10 7.724E-05 1.591E+01 11 3.573E-07 1.000E+02 12 1.974E-05 1.684E+01
13 2.813E-04 4.219E+00 15 9.059E-06 6.350E+01 16 1.672E-03 9.545E-01 17 7.641E-06 3.938E+01 19 3.259E-04 2.394E+01
20 7.241E-03 5.096E+00 23 2.198E-02 2.456E-01 24 2.113E-04 1.008E+00 26 5.674E-03 3.544E-01 27 1.600E-03 3.933E-01
176  22
 1 5.636E-06 7.388E+01  2 2.572E-03 1.506E+00  3 4.983E-05 2.175E+01  4 1.611E-03 2.276E+01  5 1.065E-05 1.000E+02
 6 1.450E-05 3.515E+01  7 5.556E-07 5.816E+01  8 4.719E-07 1.000E+02 10 7.645E-05 1.085E+01 11 3.050E-06 6.697E+01
12 1.566E-05 1.246E+01 13 2.407E-04 4.296E+00 15 1.757E-05 8.290E+01 16 1.629E-03 1.153E+00 17 2.071E-05 4.619E+01
19 2.994E-04 3.666E+01 20 6.747E-03 3.871E+00 21 6.190E-07 1.000E+02 23 2.214E-02 2.718E-01 24 1.933E-04 9.911E-01
26 5.741E-03 3.848E-01 27 1.612E-03 4.913E-01
177  20
 2 2.979E-03 1.341E+00  3 5.366E-05 1.737E+01  4 2.300E-03 1.427E+01  5 1.326E-06 1.000E+02  6 5.749E-06 5.977E+01
 7 8.967E-07 5.332E+01  8 6.931E-07 1.000E+02 10 5.278E-05 1.198E+01 11 1.045E-06 6.212E+01 12 8.943E-06 1.645E+01
13 2.056E-04 4.357E+00 15 3.855E-07 1.000E+02 16 1.673E-03 1.065E+00 17 1.305E-05 3.837E+01 19 1.854E-04 2.939E+01
20 6.365E-03 5.066E+00 23 2.234E-02 2.635E-01 24 1.720E-04 1.168E+00 26 5.817E-03 4.068E-01 27 1.618E-03 5.124E-01
178  20
 1 4.963E-06 8.056E+01  2 3.380E-03 1.448E+00  3 3.820E-05 1.843E+01  4 2.938E-03 1.322E+01  6 3.344E-06 5.749E+01
 7 6.339E-07 7.198E+01 10 5.161E-05 1.236E+01 11 2.267E-06 5.884E+01 12 1.611E-05 1.610E+01 13 2.067E-04 5.192E+00
15 8.008E-06 6.349E+01 16 1.642E-03 1.150E+00 17 5.581E-06 5.578E+01 19 2.420E-04 3.272E+01 20 5.671E-03 4.787E+00
23 2.251E-02 1.951E-01 24 1.595E-04 1.210E+00 25 1.191E-09 1.000E+02 26 5.898E-03 3.487E-01 27 1.624E-03 4.776E-01
179  20
 1 3.147E-05 5.603E+01  2 3.911E-03 1.011E+00  3 4.826E-05 2.236E+01  4 2.893E-03 1.665E+01  6 4.734E-06 6.297E+01
 7 9.990E-07 7.164E+01  8 1.478E-06 7.607E+01 10 4.189E-05 1.625E+01 11 6.360E-06 5.563E+01 12 1.216E-05 2.206E+01
13 1.694E-04 5.377E+00 15 3.033E-06 6.371E+01 16 1.632E-03 8.314E-01 17 3.217E-06 5.491E+01 19 1.068E-04 3.639E+01
20 4.306E-03 6.913E+00 23 2.255E-02 2.354E-01 24 1.405E-04 1.119E+00 26 5.922E-03 3.601E-01 27 1.611E-03 4.695E-01
180  19
 2 4.609E-03 1.163E+00  3 3.787E-05 2.284E+01  4 3.606E-03 1.227E+01  6 5.047E-06 5.060E+01  7 1.887E-08 1.000E+02
 8 2.145E-07 7.765E+01 10 3.476E-05 1.630E+01 11 1.341E-06 5.577E+01 12 9.452E-06 1.721E+01 13 1.586E-04 5.997E+00
15 1.708E-05 6.049E+01 16 1.641E-03 1.347E+00 17 9.773E-06 3.700E+01 19 1.259E-04 2.815E+01 20 4.002E-03 7.225E+00
23 2.248E-02 2.849E-01 24 1.291E-04 1.426E+00 26 5.954E-03 5.213E-01 27 1.606E-03 5.706E-01
181  20
 1 2.152E-05 9.447E+01  2 5.184E-03 1.103E+00  3 4.877E-05 1.658E+01  4 4.825E-03 9.763E+00  6 5.225E-06 5.644E+01
 7 2.156E-07 8.325E+01  8 5.636E-07 7.786E+01 10 5.409E-05 1.671E+01 11 4.063E-06 4.872E+01 12 9.792E-06 2.072E+01
13 1.471E-04 5.447E+00 15 8.110E-06 6.334E+01 16 1.604E-03 1.017E+00 17 1.332E-05 5.114E+01 19 9.592E-05 3.858E+01
20 3.747E-03 6.478E+00 23 2.268E-02 2.902E-01 24 1.136E-04 1.332E+00 26 6.154E-03 4.995E-01 27 1.637E-03 5.957E-01
182  19
 1 6.478E-06 9.067E+01  2 6.131E-03 1.005E+00  3 3.345E-05 1.957E+01  4 5.672E-03 1.141E+01  6 1.045E-05 7.087E+01
 7 7.754E-07 6.085E+01 10 3.050E-05 1.875E+01 11 3.132E-06 5.492E+01 12 1.060E-05 1.912E+01 13 1.328E-04 4.680E+00
15 8.976E-06 6.022E+01 16 1.621E-03 9.610E-01 17 4.024E-06 8.493E+01 19 6.116E-05 3.386E+01 20 3.017E-03 7.475E+00
23 2.275E-02 2.918E-01 24 1.031E-04 1.536E+00 26 6.338E-03 4.002E-01 27 1.570E-03 3.980E-01
183  20
 1 1.282E-05 1.000E+02  2 7.670E-03 8.845E-01  3 3.410E-05 2.721E+01  4 7.837E-03 7.414E+00  5 1.007E-06 1.000E+02
 6 7.531E-06 6.976E+01  7 6.716E-07 1.000E+02 10 2.126E-05 2.444E+01 11 6.832E-07 1.000E+02 12 1.068E-05 2.022E+01
13 1.210E-04 5.253E+00 15 8.781E-06 6.199E+01 16 1.592E-03 1.111E+00 17 7.676E-06 7.837E+01 19 3.528E-05 5.550E+01
20 2.454E-03 9.388E+00 23 2.331E-02 2.971E-01 24 9.615E-05 2.048E+00 26 6.868E-03 4.180E-01 27 1.688E-03 4.726E-01
184  18
 1 2.241E-06 1.000E+02  2 1.018E-02 8.246E-01  3 2.899E-05 2.470E+01  4 1.183E-02 5.349E+00  6 1.855E-06 5.138E+01
10 2.289E-05 2.523E+01 11 1.001E-05 8.506E+01 12 8.712E-06 2.903E+01 13 1.138E-04 7.453E+00 15 1.265E-05 4.421E+01
16 1.570E-03 8.378E-01 17 1.457E-06 5.344E+01 19 1.151E-04 3.940E+01 20 2.368E-03 8.853E+00 23 2.347E-02 2.354E-01
24 8.676E-05 2.112E+00 26 7.116E-03 3.130E-01 27 1.730E-03 3.007E-01
185  19
 1 2.712E-05 1.000E+02  2 1.290E-02 8.534E-01  3 2.430E-05 3.362E+01  4 1.697E-02 7.166E+00  6 5.360E-06 5.098E+01
 7 1.821E-08 1.000E+02 10 1.986E-05 1.729E+01 11 2.252E-06 6.911E+01 12 8.600E-06 2.134E+01 13 9.594E-05 6.847E+00
15 2.261E-05 5.526E+01 16 1.557E-03 9.651E-01 17 1.709E-06 6.780E+01 19 1.238E-05 5.814E+01 20 1.810E-03 1.090E+01
23 2.351E-02 2.315E-01 24 7.447E-05 1.931E+00 26 7.321E-03 3.509E-01 27 1.769E-03 4.307E-01
186  18
 2 1.609E-02 7.765E-01  3 2.937E-05 1.907E+01  4 1.531E-01 2.525E+00  6 4.872E-06 8.687E+01  7 1.345E-06 1.000E+02
10 2.049E-05 3.396E+01 11 4.171E-06 1.000E+02 12 7.486E-06 2.977E+01 13 7.794E-05 5.818E+00 15 7.833E-06 5.708E+01
16 1.471E-03 9.575E-01 17 2.057E-06 6.951E+01 19 2.276E-05 6.643E+01 20 1.643E-03 9.560E+00 23 2.357E-02 2.688E-01
24 6.884E-05 1.493E+00 26 7.356E-03 3.404E-01 27 1.767E-03 3.002E-01
187  18
 1 1.775E-05 1.000E+02  2 1.959E-02 5.002E-01  3 2.735E-05 2.310E+01  4 1.567E-01 2.764E+00  6 3.197E-06 6.889E+01
10 2.770E-05 2.026E+01 11 9.696E-07 1.000E+02 12 6.167E-06 2.732E+01 13 8.329E-05 8.794E+00 15 1.526E-05 5.847E+01
16 1.480E-03 1.035E+00 17 3.314E-06 5.058E+01 19 3.838E-05 5.032E+01 20 1.234E-03 1.284E+01 23 2.355E-02 2.308E-01
24 6.415E-05 2.223E+00 26 7.244E-03 3.181E-01 27 1.725E-03 3.313E-01
188  18
 2 2.305E-02 6.844E-01  3 2.348E-05 3.365E+01  4 1.598E-01 2.946E+00  6 3.539E-06 6.410E+01  8 1.753E-06 7.591E+01
10 2.405E-05 2.483E+01 11 2.949E-06 6.289E+01 12 6.202E-06 3.422E+01 13 6.164E-05 7.714E+00 15 3.535E-06 1.000E+02
16 1.470E-03 1.195E+00 17 4.762E-06 7.991E+01 19 2.964E-05 6.559E+01 20 1.276E-03 1.520E+01 23 2.315E-02 2.637E-01
24 5.658E-05 2.457E+00 26 6.905E-03 3.034E-01 27 1.621E-03 3.506E-01
189  18
 2 2.699E-02 4.814E-01  3 3.227E-05 2.975E+01  4 1.508E-01 2.462E+00  6 2.500E-06 8.030E+01  7 5.680E-07 1.000E+02
10 8.773E-06 4.717E+01 11 2.434E-07 1.000E+02 12 4.574E-06 2.574E+01 13 6.354E-05 4.639E+00 15 5.295E-06 6.963E+01
16 1.491E-03 9.686E-01 17 1.414E-06 1.000E+02 19 3.154E-05 4.787E+01 20 8.186E-04 1.300E+01 23 2.324E-02 2.166E-01
24 5.311E-05 2.051E+00 26 6.708E-03 3.635E-01 27 1.555E-03 3.625E-01
190  16
 1 2.379E-06 1.000E+02  2 2.972E-02 4.623E-01  3 2.549E-05 3.142E+01  4 1.735E-02 6.821E+00  6 4.571E-06 9.673E+01
10 1.520E-05 2.596E+01 11 4.300E-07 1.000E+02 12 4.296E-06 2.565E+01 13 4.903E-05 7.746E+00 16 1.536E-03 1.051E+00
19 4.327E-05 5.012E+01 20 1.114E-03 1.514E+01 23 2.293E-02 2.592E-01 24 4.699E-05 2.830E+00 26 6.493E-03 3.382E-01
27 1.498E-03 3.557E-01
191  17
 2 3.199E-02 4.112E-01  3 1.546E-05 3.432E+01  4 1.084E-02 1.003E+01  7 7.587E-09 1.000E+02 10 1.416E-05 3.558E+01
11 7.572E-07 6.989E+01 12 3.966E-06 2.908E+01 13 4.304E-05 1.174E+01 15 9.150E-07 6.949E+01 16 1.534E-03 1.169E+00
17 2.808E-06 1.000E+02 19 6.581E-05 6.554E+01 20 7.561E-04 1.413E+01 23 2.294E-02 2.384E-01 24 4.332E-05 2.721E+00
26 6.527E-03 3.257E-01 27 1.501E-03 3.878E-01
192  18
 2 3.373E-02 4.203E-01  3 2.147E-05 2.381E+01  4 9.303E-03 1.095E+01  6 5.242E-06 8.491E+01  7 2.819E-07 1.000E+02
10 1.488E-05 2.595E+01 11 1.774E-07 7.341E+01 12 1.801E-06 4.171E+01 13 4.068E-05 1.009E+01 16 1.531E-03 1.169E+00
17 3.442E-06 6.208E+01 19 2.035E-05 7.352E+01 20 7.339E-04 1.731E+01 23 2.289E-02 2.461E-01 24 4.007E-05 2.819E+00
25 1.882E-08 1.000E+02 26 6.516E-03 3.521E-01 27 1.496E-03 3.819E-01
193  18
 1 1.267E-06 1.000E+02  2 3.489E-02 4.479E-01  3 1.919E-05 2.044E+01  4 5.665E-03 7.637E+00  6 2.587E-06 5.865E+01
10 1.492E-05 2.486E+01 12 3.533E-06 2.559E+01 13 3.933E-05 1.230E+01 15 7.240E-07 1.000E+02 16 1.533E-03 9.264E-01
17 7.549E-08 1.000E+02 19 4.216E-05 5.459E+01 20 6.457E-04 9.731E+00 23 2.281E-02 2.258E-01 24 3.563E-05 2.655E+00
25 1.097E-08 1.000E+02 26 6.500E-03 3.596E-01 27 1.486E-03 4.317E-01
194  17
 2 3.509E-02 3.156E-01  3 2.314E-05 3.643E+01  4 5.182E-03 9.967E+00  6 5.536E-07 1.000E+02  7 4.670E-07 8.148E+01
 9 1.976E-07 1.000E+02 10 9.821E-06 3.366E+01 11 4.698E-07 6.956E+01 12 4.976E-06 2.882E+01 13 4.508E-05 1.328E+01
16 1.530E-03 1.181E+00 19 2.402E-05 6.117E+01 20 4.883E-04 1.780E+01 23 2.258E-02 2.537E-01 24 3.470E-05 3.794E+00
26 6.450E-03 3.595E-01 27 1.477E-03 4.087E-01
195  17
 2 3.454E-02 3.408E-01  3 2.047E-05 3.593E+01  4 4.573E-03 8.966E+00  6 2.126E-06 6.883E+01  7 2.976E-08 1.000E+02
10 8.279E-06 5.135E+01 12 1.535E-06 4.264E+01 13 3.154E-05 9.401E+00 15 3.636E-06 1.000E+02 16 1.539E-03 1.095E+00
17 2.571E-06 1.000E+02 19 1.428E-05 6.894E+01 20 4.711E-04 2.044E+01 23 2.222E-02 2.442E-01 24 3.083E-05 2.820E+00
26 6.380E-03 3.344E-01 27 1.460E-03 3.522E-01
196  18
 2 3.413E-02 4.448E-01  3 1.916E-05 3.314E+01  4 3.871E-03 1.010E+01  6 3.692E-07 1.000E+02  8 5.432E-08 1.000E+02
10 5.677E-06 4.291E+01 11 2.199E-06 9.334E+01 12 2.211E-06 3.061E+01 13 3.131E-05 1.026E+01 15 6.444E-06 6.641E+01
16 1.565E-03 8.812E-01 17 1.619E-06 7.171E+01 19 2.861E-05 5.794E+01 20 5.884E-04 1.717E+01 23 2.196E-02 2.598E-01
24 2.682E-05 3.971E+00 26 6.322E-03 4.269E-01 27 1.448E-03 4.792E-01
197  16
 2 3.312E-02 4.130E-01  3 1.625E-05 3.327E+01  4 3.035E-03 1.805E+01  6 4.966E-07 1.000E+02 10 9.872E-06 3.521E+01
12 4.032E-06 3.861E+01 13 2.939E-05 1.241E+01 15 3.925E-06 1.000E+02 16 1.520E-03 7.832E-01 17 1.932E-07 1.000E+02
19 1.426E-05 1.000E+02 20 5.980E-04 1.597E+01 23 2.166E-02 2.355E-01 24 2.332E-05 3.778E+00 26 6.326E-03 3.626E-01
27 1.452E-03 4.017E-01
198  18
 2 3.147E-02 3.643E-01  3 8.246E-06 4.284E+01  4 2.818E-03 1.393E+01  6 1.700E-07 1.000E+02  7 1.377E-06 1.000E+02
10 8.213E-06 3.875E+01 11 1.510E-07 1.000E+02 12 7.414E-07 4.462E+01 13 2.924E-05 1.533E+01 15 3.385E-07 1.000E+02
16 1.542E-03 1.072E+00 17 6.917E-07 8.004E+01 19 3.284E-05 5.608E+01 20 3.109E-04 2.198E+01 23 2.090E-02 2.537E-01
24 2.097E-05 3.614E+00 26 6.146E-03 3.544E-01 27 1.414E-03 4.207E-01
199  13
 2 2.967E-02 4.401E-01  3 4.832E-06 5.178E+01  4 2.727E-03 1.370E+01 10 5.918E-06 4.652E+01 12 1.594E-06 6.844E+01
13 1.656E-05 8.955E+00 15 4.078E-06 9.401E+01 16 1.538E-03 1.133E+00 20 2.876E-04 2.124E+01 23 2.036E-02 2.476E-01
24 1.791E-05 3.621E+00 26 6.132E-03 3.442E-01 27 1.412E-03 3.731E-01
200  13
 2 2.712E-02 4.423E-01  3 7.127E-06 3.288E+01  4 8.448E-04 2.064E+01 10 6.020E-06 4.654E+01 12 2.320E-07 6.551E+01
13 1.522E-05 1.261E+01 16 1.533E-03 9.498E-01 19 6.844E-05 7.520E+01 20 2.430E-04 3.237E+01 23 1.949E-02 2.765E-01
24 1.473E-05 3.703E+00 26 5.984E-03 3.451E-01 27 1.391E-03 3.948E-01
201  16
 1 4.194E-06 1.000E+02  2 2.405E-02 3.925E-01  3 1.970E-06 4.026E+01  4 6.958E-04 1.835E+01 10 4.145E-06 7.648E+01
12 1.395E-06 6.170E+01 13 1.330E-05 1.531E+01 15 1.119E-05 1.000E+02 16 1.539E-03 1.134E+00 17 1.519E-06 9.473E+01
19 2.253E-05 5.696E+01 20 2.645E-04 2.421E+01 23 1.847E-02 2.486E-01 24 1.373E-05 5.646E+00 26 5.842E-03 2.995E-01
27 1.360E-03 3.548E-01
202  15
 2 2.098E-02 4.439E-01  3 7.632E-06 4.130E+01  4 1.399E-03 1.954E+01  7 8.256E-07 8.316E+01 10 3.157E-06 4.442E+01
12 1.356E-06 2.917E+01 13 1.009E-05 1.541E+01 15 9.448E-07 1.000E+02 16 1.576E-03 7.214E-01 17 1.408E-06 7.098E+01
20 1.936E-04 2.792E+01 23 1.746E-02 2.405E-01 24 1.135E-05 5.383E+00 26 5.684E-03 3.117E-01 27 1.332E-03 3.539E-01
203  12
 2 1.740E-02 4.713E-01  3 9.114E-07 1.000E+02  4 1.019E-03 1.835E+01 10 4.312E-06 2.997E+01 12 5.898E-07 6.171E+01
13 7.924E-06 2.012E+01 16 1.600E-03 1.074E+00 20 1.540E-04 3.621E+01 23 1.621E-02 2.397E-01 24 8.404E-06 6.024E+00
26 5.471E-03 2.614E-01 27 1.290E-03 3.047E-01
204  13
 2 1.314E-02 6.164E-01  3 6.342E-07 9.048E+01  4 4.824E-04 2.353E+01 10 1.610E-06 5.451E+01 12 4.882E-07 7.211E+01
13 7.943E-06 1.961E+01 16 1.611E-03 7.949E-01 17 1.123E-06 1.000E+02 20 1.187E-04 2.705E+01 23 1.463E-02 3.425E-01
24 7.518E-06 4.388E+00 26 5.181E-03 3.924E-01 27 1.238E-03 4.274E-01
205  15
 1 1.516E-05 1.000E+02  2 8.786E-03 6.144E-01  3 1.500E-06 7.863E+01  4 6.528E-04 2.449E+01  6 6.768E-08 1.000E+02
10 2.670E-07 9.052E+01 12 4.987E-07 6.653E+01 13 5.903E-06 1.750E+01 16 1.579E-03 6.707E-01 19 4.712E-06 1.000E+02
20 8.472E-05 3.165E+01 23 1.271E-02 2.136E-01 24 5.349E-06 4.812E+00 26 4.729E-03 2.842E-01 27 1.145E-03 3.117E-01
206  13
 2 5.093E-03 6.116E-01  3 1.335E-06 1.000E+02  4 2.090E-04 3.422E+01 10 7.706E-07 5.863E+01 12 1.630E-06 5.374E+01
13 4.959E-06 2.735E+01 16 1.612E-03 7.181E-01 19 5.313E-06 1.000E+02 20 1.009E-04 3.206E+01 23 1.011E-02 2.666E-01
24 3.800E-06 7.517E+00 26 3.791E-03 3.459E-01 27 9.297E-04 3.932E-01
207  12
 2 3.043E-03 8.793E-01  3 1.882E-07 1.000E+02  4 1.990E-04 3.142E+01 10 9.375E-07 6.490E+01 12 8.686E-09 7.792E+01
13 2.431E-06 2.709E+01 16 1.679E-03 6.728E-01 20 1.029E-04 3.109E+01 23 6.324E-03 2.589E-01 24 2.508E-06 5.310E+00
26 1.986E-03 2.910E-01 27 4.683E-04 3.330E-01
208  11
 2 1.083E-03 1.199E+00  3 6.010E-09 1.000E+02  4 5.934E-05 4.039E+01 12 1.511E-09 1.000E+02 13 8.735E-07 3.124E+01
16 1.436E-03 5.176E-01 20 5.803E-06 6.633E+01 23 2.040E-03 5.091E-01 24 8.068E-07 9.576E+00 26 3.599E-04 1.063E+00
27 7.512E-05 1.076E+00