
    ORGAN DOSE CONVERSION FACTORS FOR AN ADULT HERMAPHRODITE
    CALCULATED FOR A VARIETY OF CT SCANNERS AND CONDITIONS.
    VALUES ARE GIVEN FOR 208 5 MM SLICES SPANNING THE BODY
    FROM 100 MM BELOW THE BOTTOM OF THE TRUNK TO THE TOP OF THE HEAD.

                     ORGANS OR REGIONS
 1 ADRENALS              10 HEART                  19 THYMUS                   
 2 BRAIN                 11 KIDNEYS                20 THYROID                  
 3 BREASTS               12 LIVER                  21 URINARY BLADDER          
 4 EYE LENSES            13 LUNGS                  22 UTERUS                   
 5 GALL BLADDER          14 OVARIES                23 HEAD REGION              
 6 STOMACH               15 PANCREAS               24 TRUNK REGION             
 7 SMALL INTESTINE       16 SKIN                   25 LEG REGION               
 8 UPPER LARGE INTESTINE 17 SPLEEN                 26 SKELETON                 
 9 LOWER LARGE INTESTINE 18 TESTICLES              27 RED MARROW               

 21 PHILIPS TOMOSCAN TX: SHAPED FILTER (ALUMINIUM)
    FOCUS TO AXIS DISTANCE IS 606 MM
    FAN ANGLE COVERS FULL WIDTH OF TRUNK
    X-RAY SPECTRUM HAS MAXIMUM ENERGY OF 130 KEV
    INITIAL FILTRATION IS 1.4 MM OF ALUMINIUM AND 0.1 MM OF COPPER

    CONVERSION FACTORS AND STATISTICAL UNCERTAINTIES(%) FOR ORGANS IN EACH SLICE
  1  17
 5 5.337E-06 1.000E+02  6 1.434E-07 1.000E+02  7 3.991E-05 1.742E+01  8 2.531E-05 2.699E+01  9 5.640E-04 7.432E+00
11 2.294E-06 6.830E+01 12 9.414E-07 6.332E+01 14 8.022E-05 6.044E+01 16 2.164E-03 1.261E+00 17 6.156E-06 9.729E+01
18 2.770E-03 8.022E+00 21 5.280E-04 1.375E+01 22 1.417E-04 3.058E+01 24 1.286E-04 1.743E+00 25 7.248E-03 2.965E-01
26 4.103E-03 7.308E-01 27 4.133E-04 9.629E-01
  2  19
 3 6.916E-07 1.000E+02  6 4.517E-06 8.495E+01  7 5.111E-05 1.169E+01  8 5.108E-05 2.269E+01  9 6.769E-04 7.629E+00
11 3.039E-06 5.096E+01 12 2.536E-06 5.576E+01 13 1.677E-06 7.794E+01 14 5.026E-05 7.217E+01 15 1.953E-06 1.000E+02
16 2.189E-03 1.033E+00 17 2.635E-06 6.920E+01 18 3.058E-03 7.022E+00 21 5.350E-04 1.209E+01 22 2.482E-04 2.267E+01
24 1.423E-04 1.431E+00 25 7.275E-03 3.712E-01 26 4.117E-03 8.482E-01 27 4.282E-04 1.169E+00
  3  19
 1 5.142E-07 1.000E+02  3 7.294E-07 9.175E+01  6 4.484E-07 8.976E+01  7 4.621E-05 1.447E+01  8 5.031E-05 2.866E+01
 9 5.719E-04 7.181E+00 11 9.182E-07 6.769E+01 12 1.168E-06 9.945E+01 13 3.928E-08 6.528E+01 14 8.477E-05 6.274E+01
15 5.034E-06 6.994E+01 16 2.157E-03 7.944E-01 18 3.091E-03 8.416E+00 21 7.563E-04 1.347E+01 22 1.650E-04 1.817E+01
24 1.547E-04 1.564E+00 25 7.285E-03 3.488E-01 26 4.155E-03 7.003E-01 27 4.598E-04 1.345E+00
  4  18
 6 8.802E-06 7.332E+01  7 5.382E-05 1.333E+01  8 4.915E-05 2.192E+01  9 7.455E-04 4.663E+00 11 7.063E-06 5.287E+01
12 1.247E-06 5.643E+01 13 1.427E-07 8.198E+01 14 2.085E-04 8.052E+01 15 1.218E-07 8.055E+01 16 2.137E-03 1.220E+00
17 8.507E-06 7.680E+01 18 3.733E-03 6.789E+00 21 6.335E-04 1.359E+01 22 1.665E-04 2.797E+01 24 1.768E-04 1.518E+00
25 7.296E-03 2.812E-01 26 4.175E-03 7.949E-01 27 4.829E-04 1.243E+00
  5  19
 3 4.183E-06 6.888E+01  6 1.455E-06 9.145E+01  7 5.777E-05 1.229E+01  8 3.332E-05 1.688E+01  9 9.593E-04 7.571E+00
10 2.089E-08 1.000E+02 11 5.665E-06 6.155E+01 12 1.610E-06 7.326E+01 13 1.783E-07 6.896E+01 14 1.523E-04 6.801E+01
16 2.145E-03 1.117E+00 17 8.605E-08 1.000E+02 18 4.783E-03 5.007E+00 21 7.402E-04 1.105E+01 22 2.314E-04 1.987E+01
24 1.994E-04 1.541E+00 25 7.259E-03 3.330E-01 26 4.085E-03 8.968E-01 27 4.802E-04 1.287E+00
  6  19
 3 1.396E-07 1.000E+02  5 1.165E-05 1.000E+02  6 3.168E-06 5.626E+01  7 5.974E-05 1.116E+01  8 4.848E-05 2.243E+01
 9 9.502E-04 6.880E+00 11 2.197E-06 6.602E+01 12 4.678E-06 2.973E+01 13 1.986E-07 1.000E+02 14 2.664E-04 5.806E+01
16 2.155E-03 1.275E+00 17 3.126E-06 1.000E+02 18 4.236E-03 8.740E+00 21 8.481E-04 1.447E+01 22 3.067E-04 1.694E+01
24 2.203E-04 1.348E+00 25 7.227E-03 3.742E-01 26 4.076E-03 7.440E-01 27 5.060E-04 1.149E+00
  7  19
 3 9.028E-08 1.000E+02  5 1.363E-05 9.480E+01  6 1.616E-05 4.442E+01  7 7.294E-05 1.049E+01  8 5.993E-05 2.849E+01
 9 1.166E-03 6.559E+00 11 8.746E-06 4.152E+01 12 4.702E-06 4.276E+01 13 7.172E-07 6.891E+01 14 5.978E-05 5.237E+01
16 2.156E-03 1.127E+00 17 2.922E-06 9.945E+01 18 4.737E-03 5.967E+00 21 1.001E-03 1.070E+01 22 1.932E-04 1.853E+01
24 2.471E-04 1.206E+00 25 7.246E-03 3.046E-01 26 4.119E-03 8.675E-01 27 5.337E-04 1.104E+00
  8  17
 3 7.755E-07 1.000E+02  6 5.174E-06 7.807E+01  7 8.772E-05 1.273E+01  8 5.935E-05 1.988E+01  9 1.129E-03 6.016E+00
10 1.123E-06 1.000E+02 11 1.307E-05 4.835E+01 12 4.812E-06 3.068E+01 14 4.854E-04 3.995E+01 16 2.168E-03 1.199E+00
18 4.506E-03 7.310E+00 21 9.490E-04 1.232E+01 22 3.749E-04 1.777E+01 24 2.757E-04 1.373E+00 25 7.213E-03 3.000E-01
26 4.021E-03 5.501E-01 27 5.300E-04 9.471E-01
  9  19
 1 1.581E-05 1.000E+02  3 6.823E-06 8.024E+01  6 7.424E-06 8.501E+01  7 1.010E-04 9.416E+00  8 7.509E-05 2.063E+01
 9 1.365E-03 5.289E+00 11 7.189E-06 3.750E+01 12 1.873E-06 5.186E+01 13 1.854E-07 7.065E+01 14 1.358E-04 5.546E+01
16 2.173E-03 7.933E-01 17 6.220E-06 9.150E+01 18 5.777E-03 5.328E+00 21 1.225E-03 8.204E+00 22 3.320E-04 2.423E+01
24 3.065E-04 1.175E+00 25 7.198E-03 3.416E-01 26 4.084E-03 7.459E-01 27 5.566E-04 1.302E+00
 10  21
 3 1.559E-06 7.426E+01  5 1.666E-06 1.000E+02  6 4.034E-06 9.652E+01  7 1.034E-04 9.830E+00  8 6.534E-05 2.814E+01
 9 1.410E-03 5.345E+00 10 2.839E-07 1.000E+02 11 4.230E-06 6.366E+01 12 4.033E-06 5.345E+01 13 4.334E-07 1.000E+02
14 4.868E-04 3.210E+01 15 1.077E-05 6.693E+01 16 2.176E-03 8.664E-01 17 1.373E-06 1.000E+02 18 6.295E-03 6.243E+00
21 1.212E-03 9.472E+00 22 5.219E-04 1.985E+01 24 3.372E-04 1.197E+00 25 7.159E-03 3.576E-01 26 3.996E-03 9.353E-01
27 5.728E-04 1.239E+00
 11  20
 3 4.460E-06 5.236E+01  6 8.718E-07 1.000E+02  7 1.070E-04 9.963E+00  8 8.508E-05 1.676E+01  9 1.630E-03 3.999E+00
10 3.449E-06 1.000E+02 11 7.842E-06 3.928E+01 12 1.507E-06 3.761E+01 13 7.330E-07 1.000E+02 14 3.642E-04 3.146E+01
15 1.598E-07 1.000E+02 16 2.912E-03 1.107E+00 17 4.424E-06 6.630E+01 18 9.565E-03 6.172E+00 21 1.289E-03 1.005E+01
22 3.920E-04 1.552E+01 24 3.795E-04 1.067E+00 25 7.062E-03 3.201E-01 26 3.902E-03 6.125E-01 27 5.765E-04 1.020E+00
 12  20
 3 2.658E-07 7.867E+01  5 9.231E-07 1.000E+02  6 1.660E-05 7.645E+01  7 1.130E-04 9.138E+00  8 1.131E-04 1.913E+01
 9 1.780E-03 4.385E+00 11 6.856E-06 5.458E+01 12 4.589E-06 4.720E+01 13 4.464E-07 6.821E+01 14 3.448E-04 3.438E+01
15 8.308E-07 1.000E+02 16 2.386E-03 9.517E-01 17 9.255E-06 5.912E+01 18 2.783E-02 2.655E+00 21 1.543E-03 9.192E+00
22 6.010E-04 1.603E+01 24 4.288E-04 1.200E+00 25 6.954E-03 3.935E-01 26 3.748E-03 5.851E-01 27 5.925E-04 1.315E+00
 13  20
 3 3.921E-06 6.500E+01  6 1.187E-05 3.734E+01  7 1.379E-04 8.148E+00  8 1.173E-04 1.586E+01  9 2.069E-03 3.434E+00
10 1.266E-06 1.000E+02 11 7.359E-06 3.961E+01 12 7.411E-06 2.563E+01 13 6.724E-08 1.000E+02 14 3.377E-04 4.644E+01
15 1.398E-05 4.688E+01 16 2.336E-03 8.591E-01 17 4.746E-06 6.101E+01 18 4.266E-02 2.785E+00 21 1.690E-03 8.449E+00
22 7.554E-04 1.498E+01 24 4.849E-04 1.019E+00 25 6.873E-03 3.771E-01 26 3.715E-03 8.742E-01 27 6.184E-04 1.401E+00
 14  21
 3 6.805E-06 4.822E+01  5 1.323E-05 7.980E+01  6 2.055E-05 4.132E+01  7 1.331E-04 7.340E+00  8 1.098E-04 1.430E+01
 9 2.492E-03 3.383E+00 10 2.363E-06 9.182E+01 11 2.570E-05 2.931E+01 12 6.433E-06 3.562E+01 13 1.176E-06 5.928E+01
14 5.616E-04 2.837E+01 15 2.586E-06 5.465E+01 16 2.349E-03 9.783E-01 17 4.509E-07 8.303E+01 18 5.581E-02 1.743E+00
21 2.000E-03 5.585E+00 22 7.011E-04 1.273E+01 24 5.399E-04 1.135E+00 25 6.816E-03 3.733E-01 26 3.666E-03 6.528E-01
27 6.520E-04 1.433E+00
 15  21
 3 1.388E-05 3.710E+01  5 7.129E-05 5.719E+01  6 1.519E-05 6.733E+01  7 1.827E-04 9.067E+00  8 1.244E-04 1.749E+01
 9 2.479E-03 4.536E+00 10 1.976E-06 1.000E+02 11 4.625E-06 4.090E+01 12 1.193E-05 2.967E+01 13 1.049E-06 6.983E+01
14 6.028E-04 3.857E+01 15 5.202E-06 7.376E+01 16 2.335E-03 1.092E+00 17 1.954E-06 7.625E+01 18 6.330E-02 2.065E+00
21 2.347E-03 5.476E+00 22 6.404E-04 1.416E+01 24 6.253E-04 7.296E-01 25 6.714E-03 3.583E-01 26 3.621E-03 7.181E-01
27 6.798E-04 1.202E+00
 16  20
 3 3.780E-06 5.878E+01  5 2.524E-05 1.000E+02  6 8.791E-06 7.272E+01  7 1.643E-04 8.141E+00  8 1.343E-04 1.381E+01
 9 2.916E-03 4.904E+00 11 1.427E-05 4.390E+01 12 9.261E-06 2.941E+01 13 2.491E-07 6.884E+01 14 7.474E-04 2.908E+01
15 9.409E-08 5.615E+01 16 2.294E-03 1.077E+00 17 1.015E-05 6.094E+01 18 6.516E-02 2.110E+00 21 2.489E-03 7.172E+00
22 6.686E-04 1.059E+01 24 6.946E-04 8.081E-01 25 6.522E-03 3.540E-01 26 3.524E-03 8.252E-01 27 7.105E-04 1.516E+00
 17  21
 3 9.965E-06 5.083E+01  6 3.581E-06 5.514E+01  7 1.768E-04 7.311E+00  8 1.642E-04 1.601E+01  9 3.214E-03 4.232E+00
10 2.287E-06 9.257E+01 11 9.432E-06 4.419E+01 12 8.503E-06 2.874E+01 13 1.406E-06 8.892E+01 14 3.688E-04 3.221E+01
15 3.585E-06 7.248E+01 16 2.286E-03 1.084E+00 17 9.993E-06 5.374E+01 18 6.124E-02 2.013E+00 21 2.837E-03 6.998E+00
22 7.131E-04 1.290E+01 23 9.711E-08 1.000E+02 24 7.968E-04 6.639E-01 25 6.384E-03 3.882E-01 26 3.452E-03 7.057E-01
27 7.514E-04 1.111E+00
 18  22
 3 1.525E-05 4.596E+01  5 3.427E-05 9.931E+01  6 1.072E-05 4.237E+01  7 2.154E-04 6.112E+00  8 1.852E-04 1.046E+01
 9 3.747E-03 5.106E+00 10 4.986E-07 1.000E+02 11 8.671E-06 3.468E+01 12 1.437E-05 2.195E+01 13 1.177E-06 5.482E+01
14 7.008E-04 3.149E+01 15 1.786E-05 8.394E+01 16 2.285E-03 8.850E-01 17 2.489E-05 5.513E+01 18 5.286E-02 1.919E+00
21 3.239E-03 5.206E+00 22 9.787E-04 1.055E+01 23 4.103E-08 1.000E+02 24 9.028E-04 6.310E-01 25 6.141E-03 3.342E-01
26 3.358E-03 6.917E-01 27 7.970E-04 7.870E-01
 19  22
 1 9.126E-06 1.000E+02  3 1.988E-05 5.091E+01  5 2.854E-05 6.954E+01  6 8.711E-06 5.045E+01  7 2.924E-04 5.131E+00
 8 2.005E-04 9.678E+00  9 4.059E-03 3.416E+00 10 3.896E-06 4.297E+01 11 3.116E-05 2.753E+01 12 1.276E-05 1.910E+01
13 2.210E-06 6.025E+01 14 6.780E-04 3.080E+01 15 7.930E-07 8.956E+01 16 2.278E-03 1.334E+00 17 5.504E-06 7.082E+01
18 4.016E-02 2.624E+00 21 3.489E-03 6.104E+00 22 1.080E-03 1.166E+01 24 1.052E-03 6.052E-01 25 5.863E-03 3.771E-01
26 3.274E-03 8.076E-01 27 8.784E-04 1.138E+00
 20  19
 3 2.106E-05 4.083E+01  6 1.222E-05 5.536E+01  7 2.812E-04 4.861E+00  8 2.572E-04 1.035E+01  9 4.744E-03 3.129E+00
11 1.066E-05 2.801E+01 12 1.462E-05 1.975E+01 13 9.728E-07 1.000E+02 14 9.641E-04 2.087E+01 15 2.860E-06 7.985E+01
16 2.254E-03 9.536E-01 17 1.935E-05 5.313E+01 18 2.295E-02 3.752E+00 21 3.980E-03 5.981E+00 22 1.038E-03 1.040E+01
24 1.234E-03 5.202E-01 25 5.455E-03 3.628E-01 26 3.139E-03 7.397E-01 27 9.492E-04 1.269E+00
 21  22
 1 8.559E-07 1.000E+02  3 1.434E-05 6.796E+01  5 2.622E-05 7.467E+01  6 1.838E-05 3.787E+01  7 2.864E-04 6.146E+00
 8 2.582E-04 1.020E+01  9 6.241E-03 3.336E+00 10 1.010E-06 7.623E+01 11 2.546E-05 2.547E+01 12 1.938E-05 1.907E+01
13 1.215E-06 5.707E+01 14 8.065E-04 2.173E+01 15 2.536E-05 5.102E+01 16 1.921E-03 9.158E-01 17 1.810E-05 5.507E+01
18 1.275E-02 3.196E+00 21 4.434E-03 4.922E+00 22 1.354E-03 8.359E+00 24 2.744E-03 3.239E-01 25 2.545E-03 4.361E-01
26 2.811E-03 7.692E-01 27 1.448E-03 1.574E+00
 22  22
 1 2.523E-05 1.000E+02  3 6.281E-06 6.876E+01  5 7.235E-06 8.024E+01  6 2.661E-05 3.277E+01  7 3.267E-04 5.205E+00
 8 2.583E-04 1.374E+01  9 7.023E-03 2.751E+00 10 2.777E-06 6.588E+01 11 2.468E-05 3.378E+01 12 1.034E-05 2.568E+01
13 4.207E-07 4.497E+01 14 1.306E-03 1.884E+01 15 5.496E-06 5.167E+01 16 1.868E-03 1.217E+00 17 3.643E-06 6.809E+01
18 1.170E-02 5.499E+00 21 4.894E-03 4.631E+00 22 1.431E-03 7.504E+00 24 2.935E-03 3.536E-01 25 2.154E-03 8.350E-01
26 2.671E-03 9.372E-01 27 1.523E-03 1.438E+00
 23  22
 1 2.712E-05 1.000E+02  3 6.945E-06 5.611E+01  5 1.867E-05 6.672E+01  6 1.838E-05 2.436E+01  7 3.691E-04 4.348E+00
 8 3.429E-04 9.748E+00  9 7.942E-03 2.896E+00 10 1.327E-06 1.000E+02 11 3.484E-05 2.885E+01 12 1.047E-05 1.719E+01
13 2.154E-06 5.473E+01 14 1.418E-03 1.842E+01 15 3.223E-05 4.824E+01 16 1.852E-03 9.651E-01 17 1.213E-05 3.449E+01
18 7.959E-03 4.899E+00 21 5.186E-03 4.470E+00 22 1.538E-03 9.694E+00 24 3.091E-03 3.626E-01 25 1.889E-03 6.473E-01
26 2.619E-03 6.108E-01 27 1.599E-03 9.100E-01
 24  22
 1 2.006E-05 1.000E+02  3 9.004E-07 6.615E+01  5 3.657E-05 7.642E+01  6 3.912E-05 2.955E+01  7 4.314E-04 5.559E+00
 8 3.302E-04 1.312E+01  9 9.361E-03 2.425E+00 10 1.331E-08 6.987E+01 11 4.070E-05 3.122E+01 12 1.678E-05 1.731E+01
13 2.812E-07 5.534E+01 14 1.151E-03 2.349E+01 15 3.233E-05 5.817E+01 16 1.786E-03 7.682E-01 17 6.817E-06 4.878E+01
18 7.180E-03 5.191E+00 21 5.551E-03 5.221E+00 22 1.746E-03 6.694E+00 24 3.202E-03 3.606E-01 25 1.619E-03 7.859E-01
26 2.519E-03 8.217E-01 27 1.664E-03 1.227E+00
 25  22
 1 5.954E-07 1.000E+02  3 6.891E-06 4.747E+01  5 3.694E-05 9.239E+01  6 3.049E-05 3.536E+01  7 4.388E-04 4.133E+00
 8 3.371E-04 6.700E+00  9 1.015E-02 2.309E+00 11 2.953E-05 3.378E+01 12 1.824E-05 1.881E+01 13 1.034E-06 7.777E+01
14 1.385E-03 2.251E+01 15 1.842E-05 4.383E+01 16 1.788E-03 1.139E+00 17 1.829E-05 4.825E+01 18 6.469E-03 5.730E+00
21 6.631E-03 5.166E+00 22 1.791E-03 7.687E+00 23 1.242E-08 1.000E+02 24 3.291E-03 3.525E-01 25 1.436E-03 8.092E-01
26 2.453E-03 8.148E-01 27 1.691E-03 1.220E+00
 26  22
 1 2.183E-05 7.084E+01  3 3.398E-06 5.834E+01  5 1.679E-04 4.474E+01  6 5.944E-05 2.197E+01  7 5.093E-04 5.444E+00
 8 4.245E-04 6.623E+00  9 1.109E-02 2.328E+00 10 3.141E-06 5.949E+01 11 3.922E-05 2.869E+01 12 2.189E-05 1.085E+01
13 2.882E-06 3.043E+01 14 1.856E-03 1.866E+01 15 3.597E-05 5.583E+01 16 1.790E-03 1.578E+00 17 3.394E-05 3.684E+01
18 5.491E-03 5.881E+00 21 7.358E-03 5.144E+00 22 2.409E-03 6.664E+00 24 3.378E-03 3.327E-01 25 1.286E-03 8.043E-01
26 2.400E-03 7.229E-01 27 1.682E-03 1.323E+00
 27  22
 1 1.195E-06 1.000E+02  3 6.081E-06 7.588E+01  5 8.030E-05 6.215E+01  6 5.478E-05 2.089E+01  7 5.388E-04 4.129E+00
 8 4.499E-04 7.538E+00  9 1.139E-02 2.205E+00 10 6.713E-06 6.305E+01 11 4.084E-05 2.454E+01 12 2.588E-05 1.630E+01
13 2.972E-06 5.744E+01 14 2.560E-03 1.669E+01 15 3.020E-05 4.922E+01 16 1.799E-03 8.472E-01 17 1.108E-05 3.379E+01
18 4.685E-03 6.045E+00 21 7.961E-03 3.203E+00 22 2.482E-03 7.431E+00 24 3.473E-03 2.808E-01 25 1.148E-03 1.041E+00
26 2.377E-03 1.036E+00 27 1.761E-03 1.339E+00
 28  22
 3 4.564E-06 6.574E+01  5 1.175E-04 5.125E+01  6 5.802E-05 2.754E+01  7 6.253E-04 4.019E+00  8 4.815E-04 8.246E+00
 9 1.102E-02 2.448E+00 10 4.120E-07 1.000E+02 11 6.173E-05 2.036E+01 12 3.899E-05 1.239E+01 13 3.404E-06 4.393E+01
14 2.185E-03 1.897E+01 15 2.106E-05 3.652E+01 16 1.768E-03 1.046E+00 17 1.602E-05 6.402E+01 18 4.236E-03 7.506E+00
21 9.813E-03 3.526E+00 22 2.447E-03 6.352E+00 23 2.394E-07 1.000E+02 24 3.539E-03 3.291E-01 25 1.009E-03 7.917E-01
26 2.346E-03 9.382E-01 27 1.811E-03 1.078E+00
 29  21
 3 1.054E-05 6.192E+01  5 6.632E-05 6.137E+01  6 6.302E-05 2.831E+01  7 6.928E-04 4.768E+00  8 5.896E-04 5.169E+00
 9 1.126E-02 2.423E+00 10 1.157E-05 4.453E+01 11 4.672E-05 2.227E+01 12 3.023E-05 1.375E+01 13 2.830E-06 5.126E+01
14 2.024E-03 1.399E+01 15 2.034E-05 4.424E+01 16 1.751E-03 7.542E-01 17 2.196E-05 3.896E+01 18 3.931E-03 6.234E+00
21 1.175E-02 3.724E+00 22 2.987E-03 4.891E+00 24 3.595E-03 3.381E-01 25 9.092E-04 1.009E+00 26 2.307E-03 8.180E-01
27 1.809E-03 1.089E+00
 30  22
 1 1.229E-05 1.000E+02  3 6.166E-06 5.657E+01  5 7.634E-05 4.777E+01  6 5.173E-05 2.271E+01  7 7.419E-04 3.771E+00
 8 6.237E-04 6.518E+00  9 9.836E-03 2.094E+00 10 4.083E-06 7.680E+01 11 7.575E-05 2.487E+01 12 3.183E-05 1.840E+01
13 3.862E-06 3.826E+01 14 2.806E-03 1.359E+01 15 4.680E-05 3.843E+01 16 1.766E-03 1.291E+00 17 1.212E-05 4.691E+01
18 3.425E-03 5.666E+00 21 1.971E-02 2.916E+00 22 3.162E-03 6.732E+00 24 3.655E-03 2.938E-01 25 8.014E-04 9.520E-01
26 2.254E-03 7.447E-01 27 1.835E-03 1.331E+00
 31  22
 1 9.071E-06 1.000E+02  3 2.350E-06 5.437E+01  5 6.765E-05 6.839E+01  6 4.667E-05 3.779E+01  7 8.519E-04 3.374E+00
 8 6.248E-04 6.872E+00  9 9.923E-03 2.675E+00 10 3.054E-06 5.530E+01 11 5.357E-05 2.151E+01 12 3.263E-05 1.774E+01
13 4.933E-06 2.995E+01 14 3.051E-03 1.244E+01 15 8.403E-06 5.245E+01 16 1.731E-03 1.356E+00 17 3.849E-05 4.148E+01
18 3.072E-03 7.551E+00 21 2.608E-02 2.680E+00 22 3.114E-03 4.661E+00 24 3.696E-03 3.226E-01 25 7.298E-04 1.200E+00
26 2.257E-03 8.339E-01 27 1.872E-03 1.028E+00
 32  21
 3 4.545E-06 5.795E+01  5 8.805E-05 5.604E+01  6 1.127E-04 2.958E+01  7 9.827E-04 3.389E+00  8 7.276E-04 7.202E+00
 9 9.156E-03 1.936E+00 10 5.274E-06 5.869E+01 11 5.503E-05 2.232E+01 12 4.900E-05 1.116E+01 13 4.370E-06 5.882E+01
14 3.352E-03 1.564E+01 15 5.288E-05 5.174E+01 16 1.728E-03 1.432E+00 17 2.643E-05 3.578E+01 18 2.877E-03 8.442E+00
21 2.587E-02 2.749E+00 22 4.491E-03 7.100E+00 24 3.750E-03 3.518E-01 25 6.495E-04 1.202E+00 26 2.229E-03 8.133E-01
27 1.891E-03 1.191E+00
 33  23
 1 3.303E-05 6.909E+01  3 3.765E-06 6.037E+01  5 3.201E-05 9.225E+01  6 6.736E-05 2.058E+01  7 1.080E-03 2.497E+00
 8 7.732E-04 5.947E+00  9 8.876E-03 2.247E+00 10 7.610E-06 5.659E+01 11 6.615E-05 3.007E+01 12 3.441E-05 1.184E+01
13 1.750E-06 4.619E+01 14 3.554E-03 1.833E+01 15 3.434E-05 4.351E+01 16 1.698E-03 9.824E-01 17 3.293E-05 4.828E+01
18 2.126E-03 9.087E+00 19 4.153E-07 1.000E+02 21 2.693E-02 2.342E+00 22 4.449E-03 4.842E+00 24 3.756E-03 3.106E-01
25 5.994E-04 1.093E+00 26 2.232E-03 9.103E-01 27 1.948E-03 9.659E-01
 34  22
 1 7.363E-05 1.000E+02  3 5.289E-06 7.046E+01  5 1.480E-04 4.527E+01  6 7.701E-05 2.065E+01  7 1.183E-03 3.147E+00
 8 9.587E-04 5.770E+00  9 8.780E-03 2.348E+00 10 3.321E-07 7.459E+01 11 1.014E-04 1.661E+01 12 5.177E-05 1.047E+01
13 3.872E-06 4.476E+01 14 4.135E-03 1.179E+01 15 3.942E-05 3.944E+01 16 1.723E-03 1.152E+00 17 4.433E-05 2.354E+01
18 2.373E-03 9.356E+00 21 2.755E-02 3.136E+00 22 5.189E-03 5.057E+00 24 3.814E-03 4.106E-01 25 5.368E-04 1.385E+00
26 2.244E-03 7.144E-01 27 1.959E-03 7.038E-01
 35  22
 1 1.162E-05 9.702E+01  3 5.668E-06 5.763E+01  5 2.451E-05 8.048E+01  6 9.125E-05 1.951E+01  7 1.314E-03 3.226E+00
 8 9.476E-04 4.701E+00  9 8.797E-03 2.223E+00 10 5.866E-06 3.939E+01 11 9.563E-05 1.408E+01 12 4.878E-05 1.170E+01
13 2.490E-06 4.416E+01 14 5.025E-03 1.187E+01 15 2.586E-05 3.349E+01 16 1.734E-03 1.198E+00 17 4.710E-05 2.920E+01
18 2.149E-03 8.264E+00 21 2.728E-02 2.360E+00 22 5.443E-03 5.216E+00 24 3.843E-03 3.108E-01 25 4.776E-04 1.428E+00
26 2.191E-03 8.708E-01 27 1.949E-03 1.357E+00
 36  23
 1 1.732E-05 1.000E+02  3 1.527E-05 5.888E+01  5 1.127E-04 4.838E+01  6 1.136E-04 1.711E+01  7 1.435E-03 2.632E+00
 8 1.117E-03 3.791E+00  9 9.025E-03 3.038E+00 10 9.351E-06 5.424E+01 11 9.203E-05 1.613E+01 12 5.462E-05 1.154E+01
13 6.037E-06 2.794E+01 14 4.438E-03 1.131E+01 15 4.398E-05 4.451E+01 16 1.715E-03 1.485E+00 17 3.580E-05 3.100E+01
18 1.557E-03 1.078E+01 21 2.582E-02 2.699E+00 22 5.695E-03 4.603E+00 23 5.359E-09 1.000E+02 24 3.840E-03 3.921E-01
25 4.249E-04 1.289E+00 26 2.214E-03 6.894E-01 27 1.998E-03 9.471E-01
 37  22
 1 5.851E-05 5.680E+01  3 2.156E-05 3.023E+01  5 2.215E-04 3.836E+01  6 8.471E-05 2.759E+01  7 1.487E-03 2.348E+00
 8 1.257E-03 5.637E+00  9 8.596E-03 1.835E+00 10 6.775E-06 4.924E+01 11 1.224E-04 1.427E+01 12 6.683E-05 1.122E+01
13 5.928E-06 3.751E+01 14 5.916E-03 8.823E+00 15 8.382E-05 3.282E+01 16 1.699E-03 1.081E+00 17 3.765E-05 3.325E+01
18 1.761E-03 1.138E+01 21 2.810E-02 2.265E+00 22 6.689E-03 4.805E+00 24 3.892E-03 3.520E-01 25 3.833E-04 1.605E+00
26 2.197E-03 8.093E-01 27 2.018E-03 9.953E-01
 38  22
 1 1.839E-05 8.640E+01  3 5.497E-06 7.906E+01  5 1.923E-04 3.465E+01  6 1.214E-04 1.551E+01  7 1.686E-03 2.943E+00
 8 1.394E-03 4.138E+00  9 8.755E-03 2.551E+00 10 7.197E-06 4.422E+01 11 1.626E-04 1.601E+01 12 7.063E-05 8.731E+00
13 3.815E-06 3.806E+01 14 5.773E-03 1.271E+01 15 6.638E-05 2.400E+01 16 1.727E-03 1.010E+00 17 4.623E-05 3.589E+01
18 1.521E-03 1.166E+01 21 2.679E-02 2.736E+00 22 7.045E-03 4.191E+00 24 3.915E-03 3.426E-01 25 3.418E-04 1.260E+00
26 2.222E-03 6.819E-01 27 2.051E-03 7.106E-01
 39  22
 1 2.333E-05 8.038E+01  3 8.873E-06 4.368E+01  5 1.915E-04 4.488E+01  6 1.199E-04 1.569E+01  7 1.920E-03 2.653E+00
 8 1.494E-03 3.808E+00  9 8.990E-03 1.997E+00 10 1.919E-06 5.762E+01 11 1.279E-04 1.148E+01 12 8.731E-05 9.403E+00
13 9.287E-06 2.394E+01 14 6.112E-03 9.838E+00 15 5.501E-05 2.970E+01 16 1.725E-03 1.347E+00 17 3.818E-05 2.125E+01
18 1.324E-03 1.305E+01 21 2.736E-02 2.364E+00 22 8.600E-03 3.462E+00 24 3.916E-03 3.876E-01 25 3.131E-04 1.809E+00
26 2.212E-03 6.537E-01 27 2.061E-03 1.206E+00
 40  24
 1 2.744E-05 6.768E+01  3 2.622E-06 6.763E+01  5 2.539E-04 3.449E+01  6 1.603E-04 1.401E+01  7 2.091E-03 2.527E+00
 8 1.652E-03 5.217E+00  9 8.645E-03 2.659E+00 10 6.940E-06 3.641E+01 11 1.521E-04 8.669E+00 12 9.663E-05 7.870E+00
13 5.265E-06 3.273E+01 14 7.200E-03 1.008E+01 15 5.314E-05 2.623E+01 16 1.664E-03 1.178E+00 17 6.994E-05 1.658E+01
18 8.340E-04 1.356E+01 20 1.572E-06 1.000E+02 21 2.562E-02 2.950E+00 22 9.293E-03 3.990E+00 23 3.278E-08 7.403E+01
24 3.918E-03 3.291E-01 25 2.790E-04 1.272E+00 26 2.209E-03 8.127E-01 27 2.087E-03 1.077E+00
 41  23
 1 4.538E-05 7.102E+01  3 1.075E-05 3.910E+01  5 3.146E-04 3.941E+01  6 1.942E-04 1.577E+01  7 2.389E-03 2.207E+00
 8 2.048E-03 4.312E+00  9 9.212E-03 3.098E+00 10 1.933E-05 4.827E+01 11 1.615E-04 1.066E+01 12 9.538E-05 6.815E+00
13 8.555E-06 3.344E+01 14 7.666E-03 1.012E+01 15 1.189E-04 2.414E+01 16 1.662E-03 1.036E+00 17 9.890E-05 3.719E+01
18 1.060E-03 8.200E+00 21 2.565E-02 3.007E+00 22 1.044E-02 3.169E+00 23 3.224E-07 1.000E+02 24 3.963E-03 3.904E-01
25 2.555E-04 1.326E+00 26 2.214E-03 8.964E-01 27 2.095E-03 1.187E+00
 42  22
 1 5.262E-05 5.332E+01  3 1.474E-05 3.916E+01  5 3.184E-04 4.202E+01  6 1.677E-04 1.616E+01  7 2.578E-03 2.328E+00
 8 2.024E-03 4.335E+00  9 8.457E-03 2.151E+00 10 1.740E-05 3.357E+01 11 2.027E-04 1.080E+01 12 1.038E-04 9.563E+00
13 9.423E-06 2.005E+01 14 8.220E-03 1.115E+01 15 8.991E-05 2.484E+01 16 1.689E-03 9.244E-01 17 8.575E-05 2.464E+01
18 1.048E-03 1.148E+01 21 2.479E-02 3.435E+00 22 1.108E-02 3.803E+00 24 3.994E-03 3.405E-01 25 2.311E-04 1.237E+00
26 2.284E-03 7.935E-01 27 2.146E-03 8.941E-01
 43  22
 1 3.711E-05 5.498E+01  3 1.054E-05 4.716E+01  5 3.876E-04 2.553E+01  6 2.089E-04 1.483E+01  7 2.744E-03 2.396E+00
 8 2.340E-03 3.956E+00  9 8.740E-03 2.770E+00 10 1.316E-05 6.489E+01 11 2.070E-04 1.184E+01 12 1.031E-04 7.172E+00
13 4.721E-06 3.862E+01 14 9.129E-03 8.208E+00 15 6.939E-05 2.981E+01 16 1.665E-03 1.509E+00 17 1.177E-04 2.447E+01
18 9.894E-04 1.452E+01 21 1.933E-02 2.667E+00 22 1.262E-02 3.313E+00 24 3.981E-03 3.494E-01 25 2.098E-04 1.600E+00
26 2.291E-03 7.083E-01 27 2.183E-03 9.899E-01
 44  23
 1 4.480E-05 7.911E+01  3 3.354E-06 8.821E+01  5 4.141E-04 3.981E+01  6 2.159E-04 1.155E+01  7 3.133E-03 2.356E+00
 8 2.646E-03 3.426E+00  9 8.967E-03 2.316E+00 10 8.420E-06 3.783E+01 11 2.348E-04 1.188E+01 12 1.284E-04 7.164E+00
13 1.122E-05 2.124E+01 14 1.104E-02 9.348E+00 15 1.803E-04 2.228E+01 16 1.684E-03 9.488E-01 17 1.308E-04 1.847E+01
18 9.382E-04 1.791E+01 21 1.185E-02 3.719E+00 22 1.455E-02 3.819E+00 23 1.427E-07 1.000E+02 24 4.001E-03 3.580E-01
25 1.849E-04 2.123E+00 26 2.311E-03 8.754E-01 27 2.272E-03 1.437E+00
 45  23
 1 9.299E-05 4.991E+01  3 1.734E-05 3.883E+01  5 5.736E-04 2.557E+01  6 2.599E-04 1.281E+01  7 3.468E-03 1.837E+00
 8 3.044E-03 3.787E+00  9 8.223E-03 2.165E+00 10 1.673E-05 3.273E+01 11 2.151E-04 9.179E+00 12 1.330E-04 6.810E+00
13 1.836E-05 2.211E+01 14 1.080E-02 7.756E+00 15 1.081E-04 2.401E+01 16 1.689E-03 1.165E+00 17 7.682E-05 1.688E+01
18 9.851E-04 1.536E+01 21 9.169E-03 3.775E+00 22 1.580E-02 2.973E+00 23 1.835E-07 1.000E+02 24 4.022E-03 3.820E-01
25 1.654E-04 2.104E+00 26 2.376E-03 1.012E+00 27 2.332E-03 1.096E+00
 46  24
 1 7.538E-05 6.503E+01  3 2.377E-05 3.705E+01  5 8.038E-04 2.460E+01  6 2.692E-04 1.183E+01  7 3.787E-03 1.528E+00
 8 3.280E-03 3.267E+00  9 8.170E-03 2.218E+00 10 9.899E-06 5.043E+01 11 2.496E-04 8.718E+00 12 1.504E-04 6.511E+00
13 1.351E-05 2.416E+01 14 1.283E-02 7.840E+00 15 1.422E-04 2.671E+01 16 1.689E-03 1.574E+00 17 1.223E-04 1.496E+01
18 7.261E-04 1.675E+01 19 1.182E-06 1.000E+02 21 8.691E-03 2.968E+00 22 2.592E-02 3.266E+00 23 6.335E-09 1.000E+02
24 4.032E-03 3.185E-01 25 1.564E-04 1.900E+00 26 2.426E-03 5.704E-01 27 2.364E-03 7.766E-01
 47  24
 1 6.531E-05 6.717E+01  3 3.502E-06 5.161E+01  5 2.451E-04 3.522E+01  6 2.974E-04 1.116E+01  7 4.310E-03 1.371E+00
 8 3.884E-03 3.029E+00  9 8.262E-03 2.639E+00 10 2.400E-05 4.295E+01 11 3.123E-04 6.561E+00 12 1.552E-04 5.762E+00
13 1.315E-05 2.373E+01 14 1.614E-02 6.938E+00 15 1.302E-04 1.785E+01 16 1.659E-03 1.190E+00 17 1.301E-04 2.480E+01
18 5.595E-04 1.532E+01 19 9.915E-06 1.000E+02 21 7.749E-03 4.102E+00 22 3.577E-02 2.009E+00 23 1.053E-07 1.000E+02
24 4.034E-03 3.266E-01 25 1.427E-04 2.401E+00 26 2.486E-03 8.999E-01 27 2.457E-03 9.552E-01
 48  23
 1 1.323E-04 5.861E+01  3 1.554E-05 4.043E+01  5 5.889E-04 3.409E+01  6 3.417E-04 9.894E+00  7 4.735E-03 1.695E+00
 8 4.324E-03 3.336E+00  9 8.514E-03 2.950E+00 10 3.113E-05 2.808E+01 11 3.558E-04 8.491E+00 12 1.841E-04 4.983E+00
13 1.241E-05 1.915E+01 14 2.266E-02 6.704E+00 15 1.831E-04 2.053E+01 16 1.622E-03 1.396E+00 17 1.445E-04 1.480E+01
18 4.749E-04 1.877E+01 21 7.131E-03 5.306E+00 22 4.198E-02 2.280E+00 23 1.292E-09 1.000E+02 24 4.070E-03 3.642E-01
25 1.206E-04 2.161E+00 26 2.583E-03 8.184E-01 27 2.584E-03 8.641E-01
 49  23
 1 7.978E-05 4.746E+01  3 1.244E-05 3.973E+01  5 5.712E-04 2.376E+01  6 3.526E-04 9.217E+00  7 4.762E-03 1.522E+00
 8 4.847E-03 2.488E+00  9 8.247E-03 2.278E+00 10 3.059E-05 3.039E+01 11 3.391E-04 7.462E+00 12 2.085E-04 6.094E+00
13 1.850E-05 1.695E+01 14 3.296E-02 6.540E+00 15 1.800E-04 1.885E+01 16 1.669E-03 1.622E+00 17 2.077E-04 1.312E+01
18 4.603E-04 1.721E+01 21 5.626E-03 5.351E+00 22 3.802E-02 1.632E+00 23 4.015E-07 9.041E+01 24 4.106E-03 3.891E-01
25 1.030E-04 2.138E+00 26 3.408E-03 5.877E-01 27 3.912E-03 7.300E-01
 50  24
 1 3.705E-05 6.085E+01  3 9.456E-06 4.260E+01  5 5.418E-04 1.646E+01  6 3.160E-04 9.885E+00  7 5.538E-03 1.203E+00
 8 7.400E-03 2.398E+00  9 8.217E-03 2.431E+00 10 1.590E-05 2.947E+01 11 4.377E-04 9.350E+00 12 2.062E-04 5.492E+00
13 1.421E-05 2.388E+01 14 2.878E-02 5.847E+00 15 1.970E-04 1.619E+01 16 1.654E-03 1.192E+00 17 2.099E-04 1.567E+01
18 4.744E-04 1.819E+01 19 6.896E-07 1.000E+02 21 5.430E-03 4.840E+00 22 3.575E-02 3.526E+00 23 2.068E-07 1.000E+02
24 4.144E-03 3.056E-01 25 1.029E-04 2.560E+00 26 3.546E-03 7.517E-01 27 4.088E-03 9.181E-01
 51  24
 1 9.023E-05 7.408E+01  3 9.732E-06 4.028E+01  5 6.443E-04 2.493E+01  6 4.116E-04 1.208E+01  7 6.283E-03 1.111E+00
 8 8.285E-03 2.807E+00  9 7.563E-03 2.999E+00 10 3.151E-05 3.626E+01 11 4.566E-04 9.291E+00 12 2.382E-04 6.860E+00
13 1.845E-05 1.781E+01 14 3.323E-02 5.131E+00 15 2.755E-04 1.775E+01 16 1.646E-03 1.190E+00 17 2.396E-04 1.576E+01
18 3.206E-04 2.171E+01 19 3.901E-07 1.000E+02 21 4.467E-03 6.321E+00 22 2.438E-02 3.053E+00 23 1.255E-07 7.653E+01
24 4.147E-03 3.340E-01 25 8.974E-05 3.887E+00 26 3.603E-03 6.174E-01 27 4.136E-03 8.035E-01
 52  23
 1 1.090E-04 5.604E+01  3 4.404E-06 3.863E+01  5 1.072E-03 2.361E+01  6 4.501E-04 8.898E+00  7 6.859E-03 1.302E+00
 8 8.807E-03 2.121E+00  9 8.220E-03 2.309E+00 10 2.515E-05 2.736E+01 11 4.418E-04 7.577E+00 12 2.643E-04 3.959E+00
13 2.575E-05 2.014E+01 14 3.078E-02 5.855E+00 15 2.219E-04 1.225E+01 16 1.624E-03 1.140E+00 17 2.539E-04 1.336E+01
18 4.276E-04 2.838E+01 21 4.186E-03 7.215E+00 22 1.472E-02 2.806E+00 23 1.607E-07 6.629E+01 24 4.141E-03 3.301E-01
25 8.452E-05 2.987E+00 26 3.672E-03 8.140E-01 27 4.256E-03 1.109E+00
 53  23
 1 1.092E-04 5.014E+01  3 1.654E-05 3.182E+01  5 7.318E-04 2.418E+01  6 5.026E-04 8.214E+00  7 7.603E-03 1.280E+00
 8 9.033E-03 2.972E+00  9 8.255E-03 2.689E+00 10 2.913E-05 2.321E+01 11 5.858E-04 6.557E+00 12 3.075E-04 5.166E+00
13 2.288E-05 1.844E+01 14 2.371E-02 9.391E+00 15 2.541E-04 1.839E+01 16 1.635E-03 1.107E+00 17 2.747E-04 1.441E+01
18 1.761E-04 2.456E+01 21 3.682E-03 5.797E+00 22 1.252E-02 4.010E+00 23 2.312E-07 9.428E+01 24 4.162E-03 3.694E-01
25 6.748E-05 3.658E+00 26 3.749E-03 5.430E-01 27 4.399E-03 6.965E-01
 54  23
 1 7.455E-05 4.269E+01  3 3.079E-05 5.018E+01  5 8.234E-04 2.639E+01  6 5.417E-04 8.488E+00  7 8.993E-03 1.361E+00
 8 9.216E-03 2.056E+00  9 7.604E-03 2.472E+00 10 3.133E-05 2.982E+01 11 5.519E-04 5.976E+00 12 3.555E-04 4.727E+00
13 2.121E-05 1.501E+01 14 1.913E-02 7.806E+00 15 3.320E-04 1.353E+01 16 1.620E-03 9.675E-01 17 2.661E-04 1.536E+01
18 4.245E-04 1.933E+01 21 3.473E-03 4.414E+00 22 1.166E-02 3.074E+00 23 2.105E-08 1.000E+02 24 4.194E-03 3.787E-01
25 6.461E-05 4.272E+00 26 3.773E-03 8.507E-01 27 4.405E-03 1.015E+00
 55  25
 1 1.594E-04 2.768E+01  2 9.973E-07 8.546E+01  3 1.679E-05 4.710E+01  5 1.387E-03 1.515E+01  6 6.825E-04 8.793E+00
 7 1.485E-02 1.065E+00  8 9.576E-03 2.388E+00  9 7.802E-03 2.619E+00 10 4.721E-05 2.835E+01 11 6.582E-04 6.375E+00
12 3.713E-04 4.311E+00 13 2.862E-05 1.575E+01 14 1.181E-02 9.069E+00 15 3.723E-04 1.122E+01 16 1.591E-03 1.196E+00
17 3.946E-04 1.091E+01 18 2.076E-04 2.500E+01 19 3.574E-05 7.621E+01 21 3.052E-03 5.631E+00 22 1.110E-02 3.806E+00
23 9.669E-07 5.391E+01 24 4.191E-03 3.147E-01 25 5.797E-05 4.047E+00 26 3.792E-03 6.714E-01 27 4.385E-03 8.597E-01
 56  24
 1 2.801E-04 4.953E+01  3 2.263E-05 2.581E+01  5 7.744E-04 2.163E+01  6 5.707E-04 8.500E+00  7 1.587E-02 1.058E+00
 8 1.050E-02 1.806E+00  9 7.713E-03 2.679E+00 10 5.688E-05 2.030E+01 11 7.116E-04 5.922E+00 12 3.898E-04 4.206E+00
13 3.261E-05 1.401E+01 14 1.134E-02 7.673E+00 15 3.386E-04 1.764E+01 16 1.610E-03 1.291E+00 17 3.584E-04 1.091E+01
18 1.187E-04 2.511E+01 19 3.151E-05 9.293E+01 21 2.666E-03 8.494E+00 22 9.178E-03 3.584E+00 23 8.147E-08 7.595E+01
24 4.180E-03 3.022E-01 25 5.290E-05 5.935E+00 26 3.754E-03 7.552E-01 27 4.311E-03 8.657E-01
 57  23
 1 2.212E-04 3.945E+01  3 3.020E-05 3.579E+01  5 1.448E-03 1.339E+01  6 8.186E-04 6.008E+00  7 1.669E-02 9.018E-01
 8 1.045E-02 2.331E+00  9 7.126E-03 2.338E+00 10 4.779E-05 2.140E+01 11 8.934E-04 4.240E+00 12 4.910E-04 3.210E+00
13 3.430E-05 1.265E+01 14 8.760E-03 1.263E+01 15 4.982E-04 1.257E+01 16 1.646E-03 1.266E+00 17 4.505E-04 1.181E+01
18 1.878E-04 1.692E+01 21 2.594E-03 6.931E+00 22 8.826E-03 3.889E+00 23 2.351E-08 1.000E+02 24 4.180E-03 3.413E-01
25 4.658E-05 3.429E+00 26 3.750E-03 7.276E-01 27 4.305E-03 1.111E+00
 58  24
 1 1.121E-04 4.698E+01  3 1.139E-05 4.810E+01  5 1.532E-03 1.828E+01  6 8.652E-04 7.071E+00  7 1.738E-02 8.441E-01
 8 1.063E-02 1.540E+00  9 7.478E-03 2.973E+00 10 4.769E-05 1.996E+01 11 9.327E-04 5.419E+00 12 5.333E-04 3.085E+00
13 3.430E-05 1.503E+01 14 7.842E-03 8.018E+00 15 4.242E-04 1.330E+01 16 1.634E-03 1.662E+00 17 5.134E-04 7.539E+00
18 2.397E-04 2.439E+01 19 8.062E-06 9.504E+01 21 2.279E-03 7.717E+00 22 7.775E-03 4.245E+00 23 4.261E-08 6.899E+01
24 4.183E-03 3.478E-01 25 4.619E-05 4.278E+00 26 3.732E-03 7.144E-01 27 4.280E-03 1.052E+00
 59  24
 1 1.363E-04 3.233E+01  3 3.791E-05 2.241E+01  5 1.089E-03 1.743E+01  6 9.900E-04 5.553E+00  7 1.784E-02 9.994E-01
 8 1.111E-02 2.391E+00  9 6.990E-03 2.365E+00 10 6.902E-05 1.729E+01 11 1.007E-03 6.208E+00 12 6.024E-04 4.022E+00
13 3.977E-05 1.117E+01 14 8.162E-03 8.277E+00 15 5.271E-04 1.281E+01 16 1.621E-03 1.104E+00 17 4.205E-04 7.151E+00
18 1.062E-04 3.921E+01 19 9.176E-06 1.000E+02 21 2.090E-03 8.012E+00 22 6.504E-03 4.470E+00 23 1.974E-07 5.557E+01
24 4.180E-03 3.584E-01 25 3.656E-05 4.778E+00 26 3.723E-03 7.017E-01 27 4.238E-03 9.522E-01
 60  23
 1 3.911E-04 3.203E+01  3 3.524E-05 2.798E+01  5 1.794E-03 1.311E+01  6 9.574E-04 7.843E+00  7 1.813E-02 1.027E+00
 8 1.158E-02 2.150E+00  9 7.273E-03 2.925E+00 10 3.736E-05 2.450E+01 11 1.281E-03 5.552E+00 12 6.451E-04 4.193E+00
13 5.450E-05 1.287E+01 14 6.181E-03 1.096E+01 15 4.936E-04 9.716E+00 16 1.652E-03 1.042E+00 17 4.929E-04 8.486E+00
18 1.411E-04 2.520E+01 21 1.708E-03 9.271E+00 22 6.282E-03 5.236E+00 23 4.795E-07 5.521E+01 24 4.189E-03 3.215E-01
25 3.684E-05 4.297E+00 26 3.703E-03 5.831E-01 27 4.236E-03 8.385E-01
 61  24
 1 3.310E-04 4.352E+01  3 1.557E-05 3.125E+01  5 2.014E-03 1.700E+01  6 1.196E-03 6.519E+00  7 1.826E-02 1.073E+00
 8 1.147E-02 1.538E+00  9 7.429E-03 2.439E+00 10 6.451E-05 1.829E+01 11 1.371E-03 5.079E+00 12 7.231E-04 4.616E+00
13 4.921E-05 8.893E+00 14 6.133E-03 9.706E+00 15 6.667E-04 9.554E+00 16 1.633E-03 1.160E+00 17 5.741E-04 7.817E+00
18 1.666E-04 2.643E+01 19 1.192E-07 1.000E+02 21 1.401E-03 7.921E+00 22 5.599E-03 5.072E+00 23 7.180E-07 7.585E+01
24 4.170E-03 4.114E-01 25 3.382E-05 5.208E+00 26 3.649E-03 6.346E-01 27 4.173E-03 9.545E-01
 62  24
 1 2.936E-04 4.046E+01  3 4.253E-05 2.028E+01  5 2.400E-03 1.241E+01  6 1.288E-03 6.328E+00  7 1.850E-02 8.335E-01
 8 1.206E-02 1.976E+00  9 7.063E-03 3.409E+00 10 9.429E-05 1.926E+01 11 1.472E-03 4.882E+00 12 7.985E-04 2.486E+00
13 5.656E-05 1.123E+01 14 6.774E-03 1.471E+01 15 6.469E-04 1.084E+01 16 1.608E-03 1.242E+00 17 6.751E-04 8.113E+00
18 1.096E-04 3.164E+01 19 2.058E-06 1.000E+02 21 1.505E-03 7.780E+00 22 4.781E-03 5.022E+00 23 6.492E-07 4.689E+01
24 4.173E-03 3.236E-01 25 2.691E-05 6.361E+00 26 3.634E-03 6.969E-01 27 4.116E-03 5.992E-01
 63  24
 1 4.870E-04 2.876E+01  3 5.410E-05 3.011E+01  5 2.040E-03 1.692E+01  6 1.375E-03 5.525E+00  7 1.848E-02 7.566E-01
 8 1.237E-02 1.847E+00  9 6.825E-03 1.908E+00 10 9.228E-05 1.587E+01 11 1.605E-03 3.996E+00 12 8.787E-04 2.721E+00
13 8.113E-05 8.968E+00 14 6.100E-03 8.690E+00 15 7.616E-04 1.194E+01 16 1.631E-03 9.901E-01 17 7.565E-04 8.939E+00
18 1.173E-04 3.635E+01 20 5.346E-07 1.000E+02 21 1.523E-03 1.146E+01 22 5.139E-03 5.613E+00 23 5.872E-07 6.080E+01
24 4.169E-03 2.971E-01 25 2.629E-05 6.920E+00 26 3.531E-03 7.593E-01 27 3.976E-03 7.696E-01
 64  25
 1 5.512E-04 2.011E+01  2 1.113E-07 1.000E+02  3 3.050E-05 2.248E+01  5 2.912E-03 7.637E+00  6 1.507E-03 5.409E+00
 7 1.860E-02 7.472E-01  8 1.317E-02 1.667E+00  9 6.893E-03 1.984E+00 10 1.277E-04 1.214E+01 11 1.672E-03 3.513E+00
12 1.013E-03 2.765E+00 13 7.618E-05 6.825E+00 14 5.020E-03 1.090E+01 15 8.644E-04 8.906E+00 16 1.639E-03 1.494E+00
17 8.513E-04 6.301E+00 18 8.534E-05 4.384E+01 19 1.834E-05 9.242E+01 21 1.267E-03 1.099E+01 22 4.016E-03 6.542E+00
23 1.147E-06 4.345E+01 24 4.175E-03 3.547E-01 25 2.454E-05 6.775E+00 26 3.433E-03 7.626E-01 27 3.812E-03 8.199E-01
 65  25
 1 5.888E-04 2.219E+01  3 3.507E-05 2.371E+01  5 3.460E-03 1.017E+01  6 1.759E-03 4.607E+00  7 1.918E-02 8.817E-01
 8 1.435E-02 1.807E+00  9 6.653E-03 2.381E+00 10 8.322E-05 1.448E+01 11 2.077E-03 3.540E+00 12 1.135E-03 2.305E+00
13 9.502E-05 1.060E+01 14 4.282E-03 1.080E+01 15 9.609E-04 9.628E+00 16 1.651E-03 1.016E+00 17 9.777E-04 6.935E+00
18 8.041E-05 4.185E+01 19 3.242E-06 1.000E+02 20 2.499E-06 1.000E+02 21 8.541E-04 1.013E+01 22 3.807E-03 6.299E+00
23 7.434E-07 3.621E+01 24 4.121E-03 3.693E-01 25 2.137E-05 5.565E+00 26 2.589E-03 6.614E-01 27 2.368E-03 9.264E-01
 66  25
 1 4.514E-04 3.003E+01  3 4.765E-05 2.165E+01  4 3.664E-05 1.000E+02  5 3.978E-03 1.081E+01  6 1.801E-03 5.026E+00
 7 1.920E-02 9.679E-01  8 1.449E-02 1.445E+00  9 6.754E-03 2.941E+00 10 1.231E-04 1.342E+01 11 2.332E-03 3.982E+00
12 1.229E-03 2.466E+00 13 9.522E-05 7.815E+00 14 4.391E-03 1.238E+01 15 8.985E-04 6.716E+00 16 1.646E-03 1.164E+00
17 1.046E-03 6.295E+00 18 5.507E-05 3.270E+01 19 6.479E-06 9.461E+01 21 1.080E-03 1.107E+01 22 3.495E-03 5.847E+00
23 1.250E-06 5.722E+01 24 4.116E-03 3.753E-01 25 2.010E-05 7.353E+00 26 2.475E-03 6.623E-01 27 2.174E-03 9.798E-01
 67  24
 1 5.950E-04 1.579E+01  3 3.203E-05 2.030E+01  5 3.627E-03 1.563E+01  6 2.085E-03 3.600E+00  7 1.838E-02 8.543E-01
 8 1.505E-02 2.014E+00  9 6.256E-03 2.711E+00 10 1.337E-04 1.817E+01 11 2.606E-03 2.931E+00 12 1.387E-03 2.417E+00
13 1.058E-04 8.979E+00 14 4.600E-03 1.288E+01 15 1.153E-03 8.039E+00 16 1.619E-03 1.115E+00 17 1.023E-03 5.939E+00
18 1.221E-04 3.656E+01 19 6.603E-06 1.000E+02 21 1.071E-03 1.111E+01 22 3.306E-03 4.495E+00 23 7.491E-07 5.157E+01
24 4.086E-03 3.744E-01 25 1.918E-05 6.067E+00 26 2.414E-03 6.678E-01 27 2.070E-03 8.930E-01
 68  25
 1 6.313E-04 2.823E+01  2 4.083E-09 1.000E+02  3 4.545E-05 2.182E+01  5 3.744E-03 1.125E+01  6 2.728E-03 3.123E+00
 7 1.806E-02 7.670E-01  8 1.645E-02 1.010E+00  9 5.726E-03 2.414E+00 10 1.224E-04 1.330E+01 11 2.926E-03 3.695E+00
12 1.531E-03 1.811E+00 13 1.009E-04 7.442E+00 14 2.301E-03 1.365E+01 15 1.206E-03 7.069E+00 16 1.655E-03 1.279E+00
17 1.272E-03 6.548E+00 18 4.198E-05 4.878E+01 19 6.738E-06 6.816E+01 21 8.049E-04 1.936E+01 22 2.949E-03 7.026E+00
23 1.126E-06 4.881E+01 24 4.087E-03 3.790E-01 25 1.548E-05 6.312E+00 26 2.343E-03 6.526E-01 27 1.987E-03 1.265E+00
 69  25
 1 4.236E-04 1.955E+01  2 6.335E-07 5.659E+01  3 6.281E-05 2.473E+01  5 5.160E-03 1.297E+01  6 2.872E-03 4.668E+00
 7 1.702E-02 6.184E-01  8 2.691E-02 1.252E+00  9 3.376E-03 3.886E+00 10 1.570E-04 1.276E+01 11 3.260E-03 3.715E+00
12 1.784E-03 1.590E+00 13 1.106E-04 5.448E+00 14 2.397E-03 1.307E+01 15 1.447E-03 8.190E+00 16 1.663E-03 1.283E+00
17 1.350E-03 5.338E+00 18 4.234E-05 5.494E+01 19 5.264E-05 5.548E+01 21 8.009E-04 8.875E+00 22 2.718E-03 7.029E+00
23 1.203E-06 3.449E+01 24 4.113E-03 3.259E-01 25 1.553E-05 7.103E+00 26 2.303E-03 7.419E-01 27 1.924E-03 1.079E+00
 70  24
 1 9.172E-04 1.964E+01  3 5.842E-05 1.852E+01  5 5.231E-03 1.272E+01  6 2.965E-03 3.361E+00  7 1.406E-02 9.095E-01
 8 2.461E-02 1.301E+00  9 3.006E-03 4.037E+00 10 1.874E-04 1.503E+01 11 3.737E-03 3.326E+00 12 2.037E-03 1.650E+00
13 1.452E-04 7.265E+00 14 3.169E-03 1.264E+01 15 1.747E-03 6.707E+00 16 1.648E-03 7.063E-01 17 1.439E-03 3.772E+00
18 5.900E-05 4.340E+01 19 4.926E-06 7.186E+01 21 7.026E-04 1.540E+01 22 2.407E-03 6.644E+00 23 2.360E-06 5.326E+01
24 4.114E-03 3.340E-01 25 1.254E-05 7.726E+00 26 2.297E-03 1.031E+00 27 1.893E-03 1.632E+00
 71  24
 1 1.044E-03 1.940E+01  3 8.421E-05 1.800E+01  5 6.253E-03 1.071E+01  6 3.288E-03 3.347E+00  7 1.261E-02 1.070E+00
 8 1.972E-02 1.546E+00  9 2.414E-03 3.948E+00 10 2.234E-04 1.076E+01 11 4.227E-03 3.178E+00 12 2.201E-03 2.028E+00
13 1.448E-04 5.997E+00 14 2.815E-03 1.684E+01 15 1.679E-03 5.785E+00 16 1.674E-03 1.114E+00 17 1.547E-03 5.881E+00
18 7.319E-05 4.765E+01 19 1.190E-05 7.320E+01 21 5.953E-04 1.211E+01 22 2.275E-03 8.259E+00 23 1.612E-06 3.731E+01
24 4.090E-03 3.027E-01 25 1.163E-05 9.306E+00 26 2.214E-03 8.570E-01 27 1.796E-03 1.418E+00
 72  26
 1 1.034E-03 1.988E+01  2 1.367E-07 1.000E+02  3 7.932E-05 1.415E+01  5 6.643E-03 7.350E+00  6 3.810E-03 3.169E+00
 7 1.198E-02 1.151E+00  8 1.988E-02 1.348E+00  9 2.327E-03 4.462E+00 10 2.441E-04 1.015E+01 11 4.961E-03 2.799E+00
12 2.458E-03 1.794E+00 13 1.653E-04 6.556E+00 14 2.232E-03 1.815E+01 15 1.902E-03 5.704E+00 16 1.609E-03 1.054E+00
17 1.785E-03 6.180E+00 18 6.933E-05 4.223E+01 19 2.949E-06 1.000E+02 20 2.086E-05 1.000E+02 21 5.132E-04 1.487E+01
22 2.115E-03 7.318E+00 23 1.297E-06 6.257E+01 24 4.103E-03 3.735E-01 25 1.119E-05 6.384E+00 26 2.259E-03 9.340E-01
27 1.833E-03 1.235E+00
 73  25
 1 8.870E-04 1.812E+01  2 2.674E-07 1.000E+02  3 7.515E-05 1.914E+01  5 8.121E-03 6.132E+00  6 4.304E-03 3.626E+00
 7 1.207E-02 1.144E+00  8 2.366E-02 1.618E+00  9 2.049E-03 5.086E+00 10 2.798E-04 9.464E+00 11 5.444E-03 2.064E+00
12 2.830E-03 1.155E+00 13 1.777E-04 5.146E+00 14 2.449E-03 1.610E+01 15 2.249E-03 6.589E+00 16 1.653E-03 9.226E-01
17 2.065E-03 5.759E+00 18 6.766E-05 5.248E+01 19 7.188E-05 4.978E+01 21 4.986E-04 1.732E+01 22 1.671E-03 7.725E+00
23 6.256E-07 5.695E+01 24 4.112E-03 3.442E-01 25 1.047E-05 9.411E+00 26 2.217E-03 8.431E-01 27 1.762E-03 1.178E+00
 74  24
 1 9.764E-04 2.340E+01  3 6.580E-05 1.858E+01  5 9.308E-03 7.827E+00  6 4.861E-03 2.964E+00  7 1.291E-02 1.027E+00
 8 2.480E-02 1.339E+00  9 1.824E-03 5.076E+00 10 2.842E-04 1.121E+01 11 6.379E-03 2.542E+00 12 3.264E-03 1.402E+00
13 1.966E-04 6.896E+00 14 1.952E-03 1.636E+01 15 2.173E-03 6.400E+00 16 1.656E-03 1.061E+00 17 2.247E-03 4.708E+00
18 3.171E-05 5.362E+01 19 3.027E-05 8.016E+01 21 4.845E-04 1.263E+01 22 1.624E-03 7.639E+00 23 1.553E-06 4.248E+01
24 4.092E-03 3.513E-01 25 1.061E-05 8.411E+00 26 2.217E-03 1.034E+00 27 1.708E-03 1.464E+00
 75  25
 1 1.057E-03 2.117E+01  2 5.365E-07 1.000E+02  3 9.188E-05 1.706E+01  5 9.541E-03 6.934E+00  6 6.495E-03 2.346E+00
 7 7.643E-03 1.045E+00  8 1.136E-02 1.584E+00  9 1.664E-03 6.163E+00 10 2.960E-04 9.598E+00 11 8.403E-03 2.084E+00
12 4.877E-03 1.191E+00 13 2.370E-04 6.010E+00 14 2.250E-03 1.770E+01 15 2.601E-03 5.248E+00 16 1.624E-03 1.291E+00
17 2.555E-03 3.724E+00 18 8.578E-06 9.500E+01 19 8.846E-05 6.467E+01 21 4.075E-04 1.835E+01 22 1.287E-03 8.462E+00
23 1.384E-06 6.769E+01 24 4.098E-03 3.331E-01 25 9.329E-06 8.005E+00 26 2.198E-03 1.022E+00 27 1.697E-03 1.538E+00
 76  25
 1 1.271E-03 1.111E+01  2 2.051E-07 1.000E+02  3 1.163E-04 1.898E+01  5 1.261E-02 7.358E+00  6 8.944E-03 3.528E+00
 7 6.675E-03 1.381E+00  8 9.507E-03 1.794E+00  9 1.390E-03 4.568E+00 10 3.433E-04 1.073E+01 11 1.137E-02 1.917E+00
12 5.411E-03 9.302E-01 13 2.381E-04 3.082E+00 14 1.276E-03 1.961E+01 15 3.027E-03 6.190E+00 16 1.645E-03 1.526E+00
17 2.934E-03 3.596E+00 18 2.333E-05 7.016E+01 19 9.440E-05 3.711E+01 21 3.172E-04 1.665E+01 22 1.307E-03 7.894E+00
23 2.091E-06 3.136E+01 24 4.090E-03 3.159E-01 25 7.833E-06 1.080E+01 26 2.205E-03 9.081E-01 27 1.704E-03 1.390E+00
 77  26
 1 1.945E-03 1.061E+01  2 1.079E-07 1.000E+02  3 9.137E-05 1.627E+01  5 2.016E-02 5.584E+00  6 1.013E-02 2.813E+00
 7 5.982E-03 1.299E+00  8 8.555E-03 1.441E+00  9 1.433E-03 4.607E+00 10 3.723E-04 9.594E+00 11 1.483E-02 2.173E+00
12 6.028E-03 1.263E+00 13 2.794E-04 4.109E+00 14 1.244E-03 1.869E+01 15 3.363E-03 5.400E+00 16 1.626E-03 1.370E+00
17 3.192E-03 3.429E+00 18 2.321E-06 1.000E+02 19 1.901E-05 8.335E+01 20 3.286E-05 7.071E+01 21 3.690E-04 1.797E+01
22 1.131E-03 1.043E+01 23 2.311E-06 3.597E+01 24 4.100E-03 3.125E-01 25 7.245E-06 7.363E+00 26 2.204E-03 1.279E+00
27 1.667E-03 1.642E+00
 78  24
 1 1.785E-03 1.511E+01  3 1.144E-04 9.130E+00  5 2.188E-02 6.068E+00  6 1.134E-02 2.506E+00  7 5.389E-03 1.349E+00
 8 7.637E-03 2.410E+00  9 1.299E-03 6.339E+00 10 3.877E-04 8.702E+00 11 1.784E-02 1.571E+00 12 6.717E-03 1.118E+00
13 3.070E-04 5.352E+00 14 1.593E-03 2.235E+01 15 3.443E-03 5.590E+00 16 1.660E-03 1.085E+00 17 3.397E-03 3.215E+00
18 1.213E-05 1.000E+02 19 3.600E-05 5.471E+01 21 2.715E-04 2.397E+01 22 1.040E-03 1.339E+01 23 2.487E-06 2.738E+01
24 4.094E-03 2.768E-01 25 6.008E-06 1.308E+01 26 2.213E-03 7.878E-01 27 1.649E-03 1.401E+00
 79  24
 1 1.406E-03 1.868E+01  3 9.413E-05 1.574E+01  5 2.532E-02 5.480E+00  6 1.203E-02 2.722E+00  7 4.768E-03 1.381E+00
 8 6.646E-03 2.149E+00  9 1.093E-03 7.787E+00 10 5.272E-04 1.030E+01 11 1.970E-02 1.381E+00 12 7.216E-03 8.386E-01
13 3.258E-04 4.944E+00 14 1.330E-03 1.949E+01 15 3.632E-03 4.152E+00 16 1.660E-03 1.243E+00 17 4.112E-03 4.074E+00
18 1.796E-05 7.131E+01 19 1.011E-04 7.276E+01 21 2.852E-04 2.252E+01 22 1.163E-03 1.332E+01 23 2.108E-06 3.216E+01
24 4.087E-03 3.283E-01 25 5.660E-06 1.177E+01 26 2.205E-03 1.003E+00 27 1.609E-03 1.341E+00
 80  24
 1 2.212E-03 1.318E+01  3 1.540E-04 1.166E+01  5 2.229E-02 5.006E+00  6 1.244E-02 2.465E+00  7 4.311E-03 1.373E+00
 8 6.159E-03 2.289E+00  9 9.432E-04 7.576E+00 10 4.214E-04 7.570E+00 11 2.284E-02 1.225E+00 12 7.905E-03 1.005E+00
13 3.914E-04 3.954E+00 14 9.914E-04 1.408E+01 15 4.500E-03 3.692E+00 16 1.681E-03 8.253E-01 17 4.531E-03 3.095E+00
19 1.106E-04 4.318E+01 20 2.125E-05 1.000E+02 21 2.050E-04 2.571E+01 22 9.928E-04 1.314E+01 23 4.010E-06 2.612E+01
24 4.112E-03 3.000E-01 25 5.129E-06 1.068E+01 26 2.231E-03 9.035E-01 27 1.617E-03 1.652E+00
 81  26
 1 2.019E-03 1.184E+01  2 1.857E-07 1.000E+02  3 1.500E-04 1.273E+01  5 2.605E-02 4.880E+00  6 1.350E-02 2.215E+00
 7 3.922E-03 1.548E+00  8 5.495E-03 2.686E+00  9 1.002E-03 4.798E+00 10 5.014E-04 6.877E+00 11 2.400E-02 1.268E+00
12 8.597E-03 9.279E-01 13 4.118E-04 4.822E+00 14 7.598E-04 3.540E+01 15 4.742E-03 3.098E+00 16 1.623E-03 1.256E+00
17 5.183E-03 3.126E+00 18 5.676E-06 9.612E+01 19 7.969E-05 4.974E+01 20 2.462E-05 9.424E+01 21 2.840E-04 2.101E+01
22 8.688E-04 1.463E+01 23 4.113E-06 2.240E+01 24 4.122E-03 3.730E-01 25 5.410E-06 1.108E+01 26 2.270E-03 1.065E+00
27 1.651E-03 1.458E+00
 82  26
 1 2.656E-03 1.375E+01  2 3.327E-07 6.780E+01  3 1.354E-04 1.105E+01  5 2.525E-02 5.650E+00  6 1.469E-02 2.135E+00
 7 3.553E-03 1.835E+00  8 4.852E-03 2.731E+00  9 7.662E-04 5.149E+00 10 5.905E-04 6.611E+00 11 2.484E-02 1.166E+00
12 9.051E-03 7.984E-01 13 4.534E-04 4.042E+00 14 9.237E-04 2.399E+01 15 5.268E-03 3.547E+00 16 1.639E-03 9.176E-01
17 5.585E-03 3.453E+00 18 2.730E-05 7.860E+01 19 6.556E-05 4.050E+01 20 4.965E-05 9.961E+01 21 1.924E-04 1.930E+01
22 8.746E-04 1.704E+01 23 5.343E-06 2.102E+01 24 4.098E-03 3.271E-01 25 5.456E-06 1.086E+01 26 2.236E-03 8.058E-01
27 1.597E-03 1.230E+00
 83  25
 1 2.661E-03 1.060E+01  2 3.034E-07 1.000E+02  3 1.558E-04 1.497E+01  5 2.433E-02 6.902E+00  6 1.528E-02 2.544E+00
 7 3.224E-03 2.205E+00  8 4.309E-03 2.967E+00  9 7.957E-04 6.588E+00 10 6.603E-04 6.203E+00 11 2.628E-02 1.090E+00
12 9.586E-03 9.824E-01 13 4.930E-04 4.673E+00 14 7.197E-04 2.954E+01 15 5.819E-03 5.090E+00 16 1.640E-03 1.067E+00
17 7.180E-03 2.636E+00 18 1.323E-06 1.000E+02 19 2.658E-05 7.038E+01 21 1.777E-04 2.607E+01 22 6.561E-04 1.661E+01
23 3.922E-06 3.274E+01 24 4.112E-03 2.908E-01 25 4.128E-06 1.364E+01 26 2.289E-03 6.111E-01 27 1.616E-03 1.010E+00
 84  26
 1 2.816E-03 1.068E+01  2 7.682E-07 9.615E+01  3 1.665E-04 1.237E+01  5 2.316E-02 6.357E+00  6 1.631E-02 1.869E+00
 7 2.823E-03 1.783E+00  8 3.799E-03 2.980E+00  9 5.837E-04 6.790E+00 10 7.471E-04 4.932E+00 11 2.724E-02 1.521E+00
12 1.041E-02 7.746E-01 13 5.434E-04 4.133E+00 14 6.591E-04 2.743E+01 15 6.819E-03 3.559E+00 16 1.647E-03 1.063E+00
17 9.142E-03 1.991E+00 18 7.304E-06 7.107E+01 19 8.798E-05 5.065E+01 20 1.910E-05 1.000E+02 21 1.850E-04 1.866E+01
22 7.205E-04 1.884E+01 23 3.754E-06 2.647E+01 24 4.130E-03 2.956E-01 25 4.523E-06 1.299E+01 26 2.307E-03 9.194E-01
27 1.596E-03 1.361E+00
 85  24
 1 3.337E-03 8.084E+00  2 5.182E-07 8.060E+01  3 1.927E-04 1.011E+01  5 1.982E-02 6.402E+00  6 1.585E-02 1.771E+00
 7 2.631E-03 3.102E+00  8 3.661E-03 2.721E+00  9 5.423E-04 9.217E+00 10 8.051E-04 4.806E+00 11 2.701E-02 1.296E+00
12 1.088E-02 1.009E+00 13 5.861E-04 3.681E+00 14 7.262E-04 2.861E+01 15 7.346E-03 4.411E+00 16 1.666E-03 9.058E-01
17 1.105E-02 2.231E+00 19 8.722E-05 4.085E+01 21 1.131E-04 4.445E+01 22 4.998E-04 1.668E+01 23 7.575E-06 2.174E+01
24 4.107E-03 3.501E-01 25 3.022E-06 1.637E+01 26 2.324E-03 8.922E-01 27 1.583E-03 1.125E+00
 86  26
 1 4.076E-03 8.488E+00  2 1.671E-07 9.877E+01  3 1.807E-04 1.327E+01  5 1.964E-02 6.757E+00  6 1.698E-02 2.490E+00
 7 2.430E-03 1.906E+00  8 3.195E-03 3.574E+00  9 5.587E-04 7.309E+00 10 8.212E-04 6.274E+00 11 2.779E-02 1.217E+00
12 1.148E-02 8.091E-01 13 6.350E-04 3.681E+00 14 6.996E-04 4.114E+01 15 7.959E-03 4.263E+00 16 1.641E-03 1.265E+00
17 1.345E-02 2.429E+00 18 1.120E-05 9.189E+01 19 8.880E-05 3.222E+01 20 4.270E-07 1.000E+02 21 1.088E-04 2.716E+01
22 4.567E-04 1.490E+01 23 5.455E-06 2.202E+01 24 4.140E-03 3.409E-01 25 2.290E-06 1.740E+01 26 2.374E-03 7.930E-01
27 1.608E-03 1.255E+00
 87  26
 1 4.347E-03 1.141E+01  2 2.199E-06 5.758E+01  3 2.311E-04 1.133E+01  5 1.888E-02 7.252E+00  6 1.684E-02 1.535E+00
 7 2.080E-03 2.193E+00  8 2.858E-03 3.391E+00  9 4.957E-04 1.182E+01 10 1.026E-03 4.976E+00 11 2.652E-02 1.177E+00
12 1.202E-02 9.893E-01 13 7.400E-04 4.131E+00 14 3.671E-04 3.257E+01 15 8.760E-03 3.896E+00 16 1.629E-03 1.087E+00
17 1.486E-02 1.961E+00 18 3.767E-07 1.000E+02 19 1.859E-04 2.936E+01 20 2.519E-05 9.608E+01 21 1.086E-04 3.021E+01
22 3.992E-04 8.373E+00 23 7.391E-06 2.205E+01 24 4.143E-03 4.305E-01 25 2.529E-06 1.976E+01 26 2.448E-03 9.544E-01
27 1.623E-03 1.444E+00
 88  25
 1 4.840E-03 1.050E+01  2 3.094E-07 7.236E+01  3 2.550E-04 1.030E+01  5 1.724E-02 7.289E+00  6 1.762E-02 1.731E+00
 7 1.955E-03 2.731E+00  8 2.581E-03 3.619E+00  9 4.655E-04 1.033E+01 10 1.096E-03 4.195E+00 11 2.633E-02 1.423E+00
12 1.268E-02 8.482E-01 13 7.608E-04 3.438E+00 14 3.683E-04 2.810E+01 15 1.018E-02 3.136E+00 16 1.649E-03 1.151E+00
17 1.648E-02 1.894E+00 18 8.737E-06 7.637E+01 19 1.589E-04 3.948E+01 21 7.360E-05 5.720E+01 22 4.613E-04 1.334E+01
23 6.588E-06 2.211E+01 24 4.139E-03 3.883E-01 25 1.832E-06 1.910E+01 26 2.517E-03 7.770E-01 27 1.668E-03 1.522E+00
 89  26
 1 5.184E-03 1.111E+01  2 6.986E-07 9.572E+01  3 2.732E-04 1.189E+01  5 1.846E-02 5.199E+00  6 1.722E-02 1.607E+00
 7 1.694E-03 2.226E+00  8 2.085E-03 3.203E+00  9 4.517E-04 8.362E+00 10 1.140E-03 5.269E+00 11 2.587E-02 1.380E+00
12 1.303E-02 7.435E-01 13 8.563E-04 3.813E+00 14 3.759E-04 3.944E+01 15 1.245E-02 3.635E+00 16 1.632E-03 1.009E+00
17 1.864E-02 2.194E+00 18 1.019E-05 1.000E+02 19 1.226E-04 5.462E+01 20 6.370E-06 1.000E+02 21 9.808E-05 2.643E+01
22 4.364E-04 1.417E+01 23 7.427E-06 2.029E+01 24 4.144E-03 2.946E-01 25 1.371E-06 2.874E+01 26 2.581E-03 5.827E-01
27 1.699E-03 8.751E-01
 90  26
 1 6.666E-03 8.445E+00  2 2.212E-06 7.432E+01  3 3.015E-04 8.473E+00  5 1.587E-02 6.325E+00  6 1.739E-02 2.054E+00
 7 1.612E-03 2.970E+00  8 2.242E-03 4.207E+00  9 3.699E-04 9.129E+00 10 1.308E-03 4.459E+00 11 2.434E-02 1.169E+00
12 1.368E-02 1.006E+00 13 9.272E-04 2.797E+00 14 3.578E-04 3.524E+01 15 1.473E-02 1.823E+00 16 1.631E-03 1.229E+00
17 1.883E-02 2.042E+00 18 1.441E-05 6.815E+01 19 3.396E-04 2.837E+01 20 3.672E-06 1.000E+02 21 1.374E-04 3.537E+01
22 3.353E-04 1.409E+01 23 9.320E-06 2.825E+01 24 4.166E-03 3.561E-01 25 2.057E-06 2.283E+01 26 2.694E-03 5.568E-01
27 1.725E-03 9.163E-01
 91  26
 1 7.563E-03 9.898E+00  2 1.892E-06 7.470E+01  3 2.970E-04 7.477E+00  5 1.426E-02 7.935E+00  6 1.670E-02 1.658E+00
 7 1.362E-03 2.157E+00  8 1.888E-03 4.334E+00  9 3.030E-04 9.537E+00 10 1.377E-03 3.230E+00 11 2.063E-02 1.161E+00
12 1.337E-02 9.839E-01 13 1.012E-03 2.237E+00 14 3.754E-04 4.066E+01 15 1.464E-02 2.505E+00 16 1.621E-03 1.174E+00
17 1.949E-02 1.200E+00 18 4.654E-07 6.986E+01 19 1.442E-04 4.260E+01 20 5.319E-07 1.000E+02 21 6.073E-05 3.046E+01
22 3.902E-04 1.759E+01 23 9.944E-06 1.502E+01 24 4.227E-03 3.499E-01 25 2.024E-06 2.037E+01 26 4.110E-03 6.069E-01
27 2.664E-03 7.647E-01
 92  26
 1 7.811E-03 9.101E+00  2 2.671E-06 5.165E+01  3 3.275E-04 9.271E+00  5 1.079E-02 6.297E+00  6 1.636E-02 2.374E+00
 7 1.227E-03 2.911E+00  8 1.639E-03 4.842E+00  9 3.482E-04 1.045E+01 10 1.538E-03 3.724E+00 11 1.849E-02 1.359E+00
12 1.363E-02 7.626E-01 13 1.169E-03 2.446E+00 14 3.314E-04 3.156E+01 15 1.662E-02 2.909E+00 16 1.603E-03 1.588E+00
17 1.984E-02 1.666E+00 18 2.551E-05 7.321E+01 19 3.152E-04 2.571E+01 20 6.873E-05 5.727E+01 21 9.770E-05 3.531E+01
22 2.698E-04 2.364E+01 23 1.512E-05 1.116E+01 24 4.267E-03 3.591E-01 25 1.493E-06 2.621E+01 26 4.546E-03 5.934E-01
27 2.932E-03 7.733E-01
 93  26
 1 8.314E-03 7.452E+00  2 2.963E-06 6.856E+01  3 3.818E-04 8.826E+00  5 1.183E-02 6.277E+00  6 1.591E-02 1.582E+00
 7 1.121E-03 2.687E+00  8 1.504E-03 4.760E+00  9 2.817E-04 8.660E+00 10 1.665E-03 4.085E+00 11 1.601E-02 1.819E+00
12 1.431E-02 8.459E-01 13 1.257E-03 2.230E+00 14 2.707E-04 5.227E+01 15 1.713E-02 2.560E+00 16 1.598E-03 1.244E+00
17 1.971E-02 1.729E+00 18 1.001E-06 1.000E+02 19 3.118E-04 3.741E+01 20 1.171E-04 5.843E+01 21 1.448E-04 2.943E+01
22 2.183E-04 1.974E+01 23 1.431E-05 1.893E+01 24 4.249E-03 4.114E-01 25 1.658E-06 2.495E+01 26 4.533E-03 6.676E-01
27 2.892E-03 8.847E-01
 94  26
 1 1.054E-02 6.150E+00  2 4.015E-06 6.770E+01  3 4.753E-04 7.117E+00  5 9.249E-03 7.447E+00  6 1.706E-02 1.406E+00
 7 1.061E-03 3.319E+00  8 1.320E-03 4.111E+00  9 2.320E-04 1.429E+01 10 1.893E-03 2.666E+00 11 1.460E-02 1.493E+00
12 1.577E-02 6.972E-01 13 1.496E-03 2.006E+00 14 1.347E-04 7.234E+01 15 2.066E-02 2.161E+00 16 1.632E-03 1.148E+00
17 2.161E-02 1.783E+00 18 5.231E-06 8.091E+01 19 2.981E-04 3.317E+01 20 2.587E-05 9.663E+01 21 9.809E-05 3.502E+01
22 1.920E-04 2.261E+01 23 1.786E-05 1.523E+01 24 4.184E-03 2.816E-01 25 1.273E-06 2.181E+01 26 2.958E-03 7.034E-01
27 1.623E-03 9.019E-01
 95  27
 1 1.066E-02 5.024E+00  2 1.433E-06 5.102E+01  3 4.482E-04 7.457E+00  4 2.052E-05 1.000E+02  5 7.945E-03 9.348E+00
 6 1.701E-02 1.994E+00  7 9.051E-04 3.021E+00  8 1.275E-03 5.298E+00  9 2.339E-04 9.955E+00 10 2.217E-03 3.834E+00
11 1.151E-02 1.737E+00 12 1.588E-02 7.318E-01 13 1.577E-03 2.370E+00 14 2.833E-04 6.476E+01 15 3.018E-02 2.314E+00
16 1.651E-03 1.144E+00 17 2.134E-02 1.995E+00 18 5.818E-06 1.000E+02 19 3.416E-04 2.301E+01 20 6.936E-05 7.018E+01
21 8.799E-05 3.321E+01 22 1.798E-04 1.904E+01 23 1.610E-05 1.546E+01 24 4.170E-03 3.051E-01 25 1.113E-06 2.229E+01
26 2.959E-03 6.422E-01 27 1.584E-03 1.075E+00
 96  25
 1 1.379E-02 6.229E+00  2 2.925E-06 6.686E+01  3 5.068E-04 7.192E+00  5 6.666E-03 9.594E+00  6 1.619E-02 1.732E+00
 7 8.028E-04 2.955E+00  8 1.157E-03 3.684E+00  9 2.300E-04 1.555E+01 10 2.378E-03 2.792E+00 11 8.478E-03 1.823E+00
12 1.597E-02 1.002E+00 13 1.837E-03 2.217E+00 14 2.161E-04 4.861E+01 15 2.998E-02 1.905E+00 16 1.654E-03 1.085E+00
17 2.130E-02 1.481E+00 19 4.512E-04 2.293E+01 20 5.503E-05 6.118E+01 21 2.240E-05 3.782E+01 22 1.359E-04 2.482E+01
23 1.646E-05 7.445E+00 24 4.184E-03 3.439E-01 25 1.367E-06 3.377E+01 26 3.340E-03 7.296E-01 27 1.884E-03 1.127E+00
 97  26
 1 3.413E-02 3.611E+00  2 9.669E-07 6.052E+01  3 5.446E-04 7.705E+00  4 2.783E-06 1.000E+02  5 6.227E-03 9.029E+00
 6 1.386E-02 1.801E+00  7 7.559E-04 4.490E+00  8 1.080E-03 7.018E+00  9 2.480E-04 9.975E+00 10 2.716E-03 2.947E+00
11 6.090E-03 2.025E+00 12 1.560E-02 7.329E-01 13 1.942E-03 2.139E+00 14 4.191E-04 6.525E+01 15 2.650E-02 1.959E+00
16 1.594E-03 1.270E+00 17 1.966E-02 1.658E+00 19 4.919E-04 2.693E+01 20 2.797E-05 5.518E+01 21 5.666E-05 3.751E+01
22 2.364E-04 2.235E+01 23 1.615E-05 1.453E+01 24 4.259E-03 4.452E-01 25 1.313E-06 2.427E+01 26 4.708E-03 6.906E-01
27 2.932E-03 7.895E-01
 98  25
 1 3.506E-02 3.045E+00  2 4.574E-06 4.245E+01  3 5.994E-04 6.566E+00  5 3.894E-03 8.061E+00  6 1.367E-02 1.871E+00
 7 6.500E-04 4.155E+00  8 8.502E-04 5.589E+00  9 1.300E-04 1.316E+01 10 2.928E-03 3.162E+00 11 5.295E-03 2.728E+00
12 1.609E-02 7.374E-01 13 2.148E-03 1.492E+00 14 1.444E-04 5.774E+01 15 2.525E-02 2.285E+00 16 1.592E-03 9.426E-01
17 1.919E-02 1.731E+00 19 3.201E-04 3.110E+01 20 6.746E-05 4.593E+01 21 4.925E-05 4.124E+01 22 1.963E-04 1.970E+01
23 2.817E-05 1.296E+01 24 4.296E-03 3.177E-01 25 4.221E-07 4.554E+01 26 4.818E-03 4.353E-01 27 2.990E-03 5.727E-01
 99  26
 1 3.695E-02 3.575E+00  2 3.029E-06 4.036E+01  3 7.114E-04 5.149E+00  5 4.877E-03 5.856E+00  6 1.423E-02 2.530E+00
 7 6.118E-04 5.028E+00  8 7.901E-04 4.414E+00  9 1.381E-04 1.792E+01 10 3.250E-03 2.454E+00 11 4.630E-03 2.539E+00
12 1.655E-02 8.523E-01 13 2.457E-03 1.811E+00 14 4.205E-05 8.122E+01 15 2.128E-02 2.062E+00 16 1.571E-03 1.048E+00
17 1.778E-02 1.804E+00 18 6.807E-06 6.950E+01 19 5.696E-04 1.511E+01 20 8.545E-05 4.630E+01 21 2.646E-05 5.570E+01
22 1.022E-04 2.671E+01 23 1.949E-05 1.080E+01 24 4.227E-03 3.168E-01 25 1.115E-06 2.855E+01 26 4.086E-03 6.614E-01
27 2.381E-03 9.714E-01
100  26
 1 3.904E-02 4.551E+00  2 4.877E-06 4.446E+01  3 7.243E-04 5.138E+00  5 4.307E-03 7.485E+00  6 1.375E-02 1.925E+00
 7 5.970E-04 3.618E+00  8 7.565E-04 6.560E+00  9 1.214E-04 1.703E+01 10 3.739E-03 3.032E+00 11 4.374E-03 2.889E+00
12 1.727E-02 7.750E-01 13 2.786E-03 1.417E+00 14 9.427E-05 5.497E+01 15 1.751E-02 2.381E+00 16 1.622E-03 9.705E-01
17 1.806E-02 2.003E+00 18 8.918E-08 1.000E+02 19 6.271E-04 2.384E+01 20 5.649E-05 7.463E+01 21 4.285E-05 4.137E+01
22 1.314E-04 3.953E+01 23 2.811E-05 7.377E+00 24 4.170E-03 3.472E-01 25 8.936E-07 1.780E+01 26 3.091E-03 7.780E-01
27 1.618E-03 1.136E+00
101  25
 1 3.430E-02 2.980E+00  2 2.405E-06 5.127E+01  3 9.007E-04 6.940E+00  5 4.639E-03 1.090E+01  6 1.290E-02 2.075E+00
 7 5.170E-04 4.570E+00  8 6.726E-04 8.092E+00  9 9.787E-05 2.192E+01 10 4.096E-03 3.551E+00 11 3.805E-03 3.227E+00
12 1.748E-02 7.393E-01 13 3.128E-03 1.890E+00 14 8.551E-05 5.016E+01 15 1.183E-02 2.469E+00 16 1.671E-03 1.589E+00
17 1.621E-02 1.697E+00 19 7.657E-04 1.859E+01 20 2.871E-05 5.580E+01 21 9.829E-06 5.926E+01 22 1.107E-04 2.958E+01
23 2.538E-05 9.244E+00 24 4.153E-03 3.775E-01 25 5.508E-07 2.761E+01 26 3.125E-03 8.865E-01 27 1.617E-03 1.278E+00
102  26
 1 2.904E-02 4.128E+00  2 4.852E-06 4.375E+01  3 9.300E-04 4.547E+00  5 3.514E-03 1.197E+01  6 1.132E-02 1.907E+00
 7 4.478E-04 4.890E+00  8 5.849E-04 6.039E+00  9 1.030E-04 1.884E+01 10 4.342E-03 2.032E+00 11 3.064E-03 3.348E+00
12 1.668E-02 5.574E-01 13 3.328E-03 1.159E+00 14 5.761E-05 9.741E+01 15 1.060E-02 2.405E+00 16 1.618E-03 8.973E-01
17 1.408E-02 2.228E+00 18 7.974E-06 1.000E+02 19 1.005E-03 1.526E+01 20 1.577E-04 5.368E+01 21 1.760E-06 8.634E+01
22 8.318E-05 3.601E+01 23 2.918E-05 6.820E+00 24 4.217E-03 3.194E-01 25 8.925E-07 2.483E+01 26 4.170E-03 5.603E-01
27 2.413E-03 7.450E-01
103  25
 1 2.522E-02 3.683E+00  2 2.581E-06 3.769E+01  3 9.469E-04 5.753E+00  5 2.992E-03 1.201E+01  6 1.007E-02 2.351E+00
 7 4.023E-04 4.428E+00  8 4.947E-04 8.333E+00  9 1.107E-04 1.815E+01 10 4.837E-03 3.164E+00 11 2.750E-03 3.251E+00
12 1.592E-02 6.947E-01 13 3.655E-03 1.265E+00 14 1.911E-04 3.559E+01 15 9.073E-03 2.951E+00 16 1.619E-03 1.095E+00
17 1.213E-02 2.186E+00 19 7.526E-04 1.465E+01 20 4.683E-05 5.806E+01 21 2.152E-05 5.713E+01 22 9.314E-05 3.423E+01
23 3.346E-05 8.745E+00 24 4.249E-03 3.708E-01 25 3.990E-07 3.851E+01 26 4.890E-03 5.622E-01 27 2.985E-03 8.043E-01
104  26
 1 2.131E-02 4.553E+00  2 4.018E-06 5.066E+01  3 9.951E-04 4.925E+00  4 5.572E-05 1.000E+02  5 2.524E-03 1.403E+01
 6 8.925E-03 2.533E+00  7 3.436E-04 6.691E+00  8 4.446E-04 6.645E+00  9 5.420E-05 1.884E+01 10 5.534E-03 2.694E+00
11 2.389E-03 3.993E+00 12 1.584E-02 6.274E-01 13 4.130E-03 1.285E+00 14 6.151E-05 6.118E+01 15 7.914E-03 3.451E+00
16 1.588E-03 1.097E+00 17 9.988E-03 2.238E+00 19 8.521E-04 1.695E+01 20 3.464E-05 8.197E+01 21 1.615E-05 6.010E+01
22 2.501E-05 3.606E+01 23 3.374E-05 1.250E+01 24 4.220E-03 2.793E-01 25 2.957E-07 3.908E+01 26 4.845E-03 5.102E-01
27 2.934E-03 6.392E-01
105  26
 1 1.869E-02 4.367E+00  2 1.035E-05 3.777E+01  3 1.160E-03 5.090E+00  5 2.384E-03 1.514E+01  6 8.681E-03 2.552E+00
 7 3.398E-04 4.887E+00  8 4.574E-04 8.558E+00  9 6.490E-05 2.007E+01 10 6.539E-03 2.515E+00 11 2.131E-03 4.458E+00
12 1.623E-02 7.638E-01 13 4.932E-03 1.078E+00 14 2.749E-05 5.318E+01 15 7.688E-03 3.742E+00 16 1.630E-03 1.221E+00
17 8.985E-03 2.604E+00 18 8.727E-08 1.000E+02 19 1.006E-03 1.433E+01 20 1.272E-04 4.067E+01 21 1.884E-05 6.883E+01
22 4.791E-05 4.145E+01 23 3.770E-05 9.247E+00 24 4.168E-03 2.968E-01 25 2.796E-07 3.344E+01 26 3.640E-03 6.709E-01
27 1.953E-03 9.175E-01
106  26
 1 1.326E-02 6.587E+00  2 3.038E-06 3.722E+01  3 1.243E-03 6.090E+00  5 2.300E-03 1.188E+01  6 6.536E-03 2.861E+00
 7 3.112E-04 4.292E+00  8 4.572E-04 8.232E+00  9 6.117E-05 3.605E+01 10 7.565E-03 2.475E+00 11 1.960E-03 3.701E+00
12 1.561E-02 6.410E-01 13 5.632E-03 1.272E+00 14 5.498E-05 8.281E+01 15 6.759E-03 3.603E+00 16 1.645E-03 1.075E+00
17 6.959E-03 2.399E+00 18 2.137E-05 1.000E+02 19 9.117E-04 1.699E+01 20 1.549E-04 4.233E+01 21 9.657E-06 5.691E+01
22 5.305E-05 3.109E+01 23 4.003E-05 9.450E+00 24 4.127E-03 3.220E-01 25 4.003E-07 3.170E+01 26 3.284E-03 7.871E-01
27 1.667E-03 1.219E+00
107  25
 1 9.886E-03 6.752E+00  2 3.713E-06 3.445E+01  3 1.550E-03 4.643E+00  5 1.747E-03 1.254E+01  6 4.582E-03 2.423E+00
 7 2.926E-04 6.107E+00  8 3.626E-04 1.026E+01  9 7.098E-05 2.367E+01 10 8.684E-03 1.539E+00 11 1.772E-03 3.739E+00
12 7.312E-03 1.103E+00 13 6.533E-03 7.940E-01 14 7.967E-05 6.141E+01 15 6.023E-03 3.837E+00 16 1.648E-03 1.065E+00
17 5.383E-03 3.434E+00 19 1.576E-03 1.707E+01 20 2.934E-04 3.450E+01 21 2.287E-05 7.386E+01 22 2.957E-05 4.819E+01
23 4.352E-05 8.680E+00 24 4.097E-03 3.169E-01 25 2.386E-07 3.698E+01 26 3.336E-03 7.215E-01 27 1.703E-03 1.089E+00
108  25
 1 7.765E-03 8.286E+00  2 4.242E-06 7.925E+01  3 1.464E-03 2.753E+00  5 1.744E-03 1.297E+01  6 3.866E-03 3.360E+00
 7 2.275E-04 6.347E+00  8 3.503E-04 8.666E+00  9 6.328E-05 2.548E+01 10 1.079E-02 1.960E+00 11 1.495E-03 3.908E+00
12 5.558E-03 1.146E+00 13 1.154E-02 1.134E+00 14 2.973E-05 7.191E+01 15 5.451E-03 3.351E+00 16 1.653E-03 1.128E+00
17 3.883E-03 2.679E+00 19 1.268E-03 1.513E+01 20 1.445E-04 5.108E+01 21 1.097E-05 7.062E+01 22 4.724E-05 3.958E+01
23 3.667E-05 6.794E+00 24 4.056E-03 3.535E-01 25 2.881E-07 5.564E+01 26 5.072E-03 5.005E-01 27 3.092E-03 5.740E-01
109  25
 1 7.035E-03 8.265E+00  2 5.143E-06 4.221E+01  3 1.495E-03 5.237E+00  5 1.081E-03 1.585E+01  6 3.426E-03 4.322E+00
 7 1.969E-04 6.390E+00  8 2.903E-04 6.502E+00  9 6.580E-05 2.303E+01 10 1.477E-02 1.248E+00 11 1.324E-03 4.321E+00
12 4.834E-03 1.260E+00 13 1.200E-02 9.788E-01 14 4.628E-05 4.654E+01 15 4.703E-03 4.055E+00 16 1.637E-03 1.057E+00
17 4.020E-03 3.506E+00 19 1.509E-03 1.604E+01 20 8.582E-05 3.610E+01 21 1.803E-05 5.917E+01 22 2.667E-05 4.014E+01
23 4.260E-05 8.724E+00 24 4.028E-03 3.541E-01 25 2.214E-07 3.874E+01 26 5.132E-03 5.166E-01 27 3.132E-03 6.647E-01
110  26
 1 6.236E-03 6.586E+00  2 4.694E-06 2.654E+01  3 1.709E-03 4.566E+00  4 3.981E-05 1.000E+02  5 1.172E-03 1.559E+01
 6 2.963E-03 4.179E+00  7 1.843E-04 9.647E+00  8 2.522E-04 9.284E+00  9 4.909E-05 1.876E+01 10 1.922E-02 1.498E+00
11 1.245E-03 4.300E+00 12 4.511E-03 1.071E+00 13 1.281E-02 1.047E+00 14 8.232E-05 6.742E+01 15 4.426E-03 5.629E+00
16 1.663E-03 9.533E-01 17 3.365E-03 4.729E+00 19 1.228E-03 1.166E+01 20 3.032E-05 4.888E+01 21 1.734E-05 7.816E+01
22 2.984E-05 5.433E+01 23 4.702E-05 8.004E+00 24 4.027E-03 3.468E-01 25 2.630E-07 6.054E+01 26 4.784E-03 4.620E-01
27 2.833E-03 6.982E-01
111  26
 1 7.125E-03 7.966E+00  2 6.865E-06 2.911E+01  3 1.782E-03 4.197E+00  5 1.649E-03 2.268E+01  6 2.747E-03 3.858E+00
 7 1.590E-04 6.948E+00  8 2.512E-04 1.138E+01  9 3.615E-05 2.446E+01 10 2.270E-02 1.317E+00 11 1.091E-03 4.166E+00
12 4.283E-03 1.162E+00 13 1.383E-02 8.011E-01 14 6.904E-05 7.028E+01 15 4.009E-03 4.760E+00 16 1.689E-03 1.067E+00
17 3.332E-03 3.047E+00 18 2.131E-06 1.000E+02 19 1.753E-03 1.068E+01 20 5.796E-05 4.237E+01 21 2.826E-06 6.730E+01
22 6.888E-05 6.250E+01 23 5.196E-05 7.502E+00 24 3.919E-03 3.144E-01 25 2.616E-07 3.961E+01 26 3.449E-03 5.812E-01
27 1.734E-03 9.780E-01
112  25
 1 5.636E-03 9.519E+00  2 8.224E-06 2.996E+01  3 2.047E-03 3.500E+00  5 1.549E-03 1.573E+01  6 2.833E-03 4.007E+00
 7 1.678E-04 7.264E+00  8 2.177E-04 1.039E+01  9 4.495E-05 3.108E+01 10 2.452E-02 1.476E+00 11 1.030E-03 6.028E+00
12 3.866E-03 1.429E+00 13 1.417E-02 8.661E-01 14 4.385E-06 1.000E+02 15 3.984E-03 4.590E+00 16 1.676E-03 1.288E+00
17 2.886E-03 4.824E+00 19 1.973E-03 1.262E+01 20 1.880E-04 3.738E+01 21 9.434E-07 8.479E+01 22 3.928E-05 6.030E+01
23 5.252E-05 7.354E+00 24 3.914E-03 4.374E-01 25 1.559E-07 5.045E+01 26 3.422E-03 5.484E-01 27 1.723E-03 8.618E-01
113  25
 1 5.458E-03 7.419E+00  2 7.921E-06 2.296E+01  3 2.116E-03 3.110E+00  5 1.199E-03 1.632E+01  6 2.247E-03 4.372E+00
 7 1.442E-04 8.068E+00  8 1.689E-04 1.398E+01  9 3.200E-05 3.034E+01 10 2.490E-02 1.613E+00 11 7.691E-04 5.532E+00
12 3.532E-03 2.034E+00 13 1.369E-02 9.036E-01 15 3.372E-03 5.804E+00 16 1.640E-03 1.183E+00 17 2.637E-03 5.175E+00
18 1.020E-05 1.000E+02 19 2.153E-03 1.393E+01 20 1.578E-04 3.472E+01 21 4.760E-07 7.954E+01 22 2.645E-05 4.042E+01
23 5.428E-05 8.073E+00 24 3.984E-03 4.040E-01 25 1.868E-07 5.484E+01 26 4.180E-03 4.988E-01 27 2.320E-03 7.652E-01
114  26
 1 4.290E-03 1.108E+01  2 8.626E-06 3.654E+01  3 2.513E-03 4.295E+00  4 2.349E-05 1.000E+02  5 1.006E-03 1.834E+01
 6 2.161E-03 4.879E+00  7 1.211E-04 8.369E+00  8 2.068E-04 1.432E+01  9 3.993E-05 3.240E+01 10 2.359E-02 1.330E+00
11 8.805E-04 6.358E+00 12 3.183E-03 1.875E+00 13 1.315E-02 6.804E-01 14 8.681E-05 6.616E+01 15 2.803E-03 4.632E+00
16 1.656E-03 1.515E+00 17 2.183E-03 4.857E+00 19 2.439E-03 1.142E+01 20 3.894E-04 4.459E+01 21 2.399E-06 1.000E+02
22 4.009E-05 5.453E+01 23 6.398E-05 6.751E+00 24 4.037E-03 3.046E-01 25 3.372E-07 7.011E+01 26 5.199E-03 6.110E-01
27 3.129E-03 7.668E-01
115  26
 1 4.295E-03 1.052E+01  2 4.990E-06 3.818E+01  3 2.674E-03 3.193E+00  4 3.282E-05 1.000E+02  5 1.272E-03 2.119E+01
 6 1.991E-03 6.012E+00  7 1.367E-04 6.770E+00  8 1.555E-04 1.477E+01  9 2.451E-05 2.385E+01 10 2.358E-02 1.249E+00
11 8.940E-04 5.230E+00 12 2.874E-03 1.707E+00 13 1.323E-02 9.152E-01 14 3.831E-05 1.000E+02 15 2.898E-03 5.209E+00
16 1.683E-03 1.306E+00 17 2.163E-03 6.076E+00 19 3.062E-03 1.217E+01 20 1.767E-04 4.878E+01 21 5.241E-06 7.746E+01
22 1.484E-05 5.363E+01 23 5.602E-05 4.970E+00 24 4.042E-03 2.941E-01 25 1.579E-07 5.308E+01 26 5.247E-03 5.271E-01
27 3.145E-03 6.594E-01
116  25
 1 3.666E-03 1.028E+01  2 1.021E-05 2.128E+01  3 3.141E-03 2.497E+00  5 9.602E-04 1.876E+01  6 1.759E-03 5.529E+00
 7 1.278E-04 9.412E+00  8 1.589E-04 1.261E+01  9 2.904E-05 2.991E+01 10 2.492E-02 9.244E-01 11 7.727E-04 6.413E+00
12 2.634E-03 1.520E+00 13 1.380E-02 8.139E-01 14 2.001E-05 1.000E+02 15 2.633E-03 4.344E+00 16 1.678E-03 1.062E+00
17 2.006E-03 4.405E+00 19 3.159E-03 1.151E+01 20 2.204E-04 3.551E+01 21 1.090E-06 7.125E+01 22 7.784E-06 6.442E+01
23 6.967E-05 5.467E+00 24 3.964E-03 4.012E-01 25 2.253E-07 5.731E+01 26 4.203E-03 6.244E-01 27 2.301E-03 8.199E-01
117  26
 1 3.456E-03 9.396E+00  2 9.942E-06 3.084E+01  3 5.687E-03 2.780E+00  5 6.778E-04 2.138E+01  6 1.775E-03 5.003E+00
 7 1.069E-04 7.378E+00  8 1.299E-04 1.844E+01  9 2.226E-05 3.652E+01 10 2.466E-02 1.092E+00 11 6.648E-04 5.508E+00
12 2.568E-03 1.767E+00 13 1.405E-02 1.074E+00 14 6.686E-05 9.875E+01 15 2.434E-03 6.139E+00 16 1.922E-03 1.083E+00
17 1.892E-03 5.872E+00 18 6.419E-06 1.000E+02 19 2.721E-03 1.108E+01 20 1.281E-04 3.986E+01 21 1.093E-06 1.000E+02
22 2.978E-06 9.900E+01 23 6.385E-05 6.228E+00 24 3.912E-03 3.675E-01 25 5.547E-07 4.533E+01 26 3.509E-03 8.054E-01
27 1.747E-03 1.138E+00
118  24
 1 3.280E-03 9.475E+00  2 1.555E-05 2.949E+01  3 1.285E-02 1.051E+00  5 8.712E-04 2.492E+01  6 1.470E-03 4.110E+00
 7 1.051E-04 1.011E+01  8 1.636E-04 1.729E+01  9 5.112E-05 3.200E+01 10 2.440E-02 1.409E+00 11 5.703E-04 6.635E+00
12 2.207E-03 1.819E+00 13 1.381E-02 6.927E-01 15 2.270E-03 5.373E+00 16 1.939E-03 1.136E+00 17 1.685E-03 5.672E+00
19 3.594E-03 9.424E+00 20 2.620E-04 3.752E+01 21 2.095E-06 1.000E+02 22 3.347E-05 7.131E+01 23 8.837E-05 5.617E+00
24 3.923E-03 4.452E-01 25 5.320E-07 3.831E+01 26 3.530E-03 8.534E-01 27 1.750E-03 1.267E+00
119  24
 1 2.051E-03 1.473E+01  2 8.559E-06 3.956E+01  3 1.804E-02 1.290E+00  5 8.560E-04 2.630E+01  6 1.393E-03 6.502E+00
 7 8.548E-05 8.124E+00  8 1.283E-04 1.358E+01  9 3.316E-05 2.744E+01 10 2.111E-02 1.533E+00 11 5.222E-04 7.522E+00
12 2.087E-03 1.794E+00 13 1.308E-02 8.852E-01 14 7.648E-05 7.147E+01 15 2.190E-03 5.114E+00 16 1.851E-03 9.967E-01
17 1.682E-03 4.734E+00 19 3.436E-03 1.077E+01 20 3.910E-04 3.896E+01 22 1.891E-05 5.275E+01 23 8.182E-05 7.600E+00
24 4.027E-03 3.481E-01 25 2.956E-07 2.815E+01 26 4.836E-03 5.849E-01 27 2.757E-03 7.309E-01
120  26
 1 1.972E-03 1.135E+01  2 9.038E-06 3.084E+01  3 2.297E-02 1.224E+00  5 5.996E-04 3.338E+01  6 1.222E-03 4.976E+00
 7 9.684E-05 1.159E+01  8 1.067E-04 1.491E+01  9 2.579E-05 3.349E+01 10 2.018E-02 1.601E+00 11 5.551E-04 7.503E+00
12 1.907E-03 2.067E+00 13 1.270E-02 9.087E-01 14 6.267E-06 1.000E+02 15 1.930E-03 8.343E+00 16 1.841E-03 9.236E-01
17 1.480E-03 4.334E+00 18 8.026E-06 1.000E+02 19 4.414E-03 6.821E+00 20 1.852E-04 4.815E+01 21 4.066E-06 9.809E+01
22 2.234E-05 5.372E+01 23 9.154E-05 7.348E+00 24 4.050E-03 3.466E-01 25 1.757E-07 5.179E+01 26 5.085E-03 6.934E-01
27 2.999E-03 8.475E-01
121  24
 1 2.468E-03 1.438E+01  2 1.681E-05 2.203E+01  3 2.583E-02 1.051E+00  5 7.692E-04 2.131E+01  6 1.038E-03 5.137E+00
 7 7.158E-05 1.028E+01  8 1.402E-04 1.453E+01  9 1.073E-05 4.372E+01 10 1.901E-02 1.764E+00 11 4.456E-04 1.033E+01
12 1.633E-03 2.666E+00 13 1.243E-02 6.874E-01 15 1.556E-03 7.359E+00 16 1.752E-03 1.209E+00 17 1.266E-03 5.344E+00
19 4.455E-03 8.897E+00 20 3.806E-04 2.199E+01 21 6.005E-07 8.663E+01 22 2.755E-05 3.497E+01 23 1.119E-04 4.640E+00
24 4.044E-03 3.667E-01 25 4.366E-07 4.004E+01 26 5.092E-03 4.627E-01 27 2.959E-03 5.945E-01
122  25
 1 1.892E-03 1.286E+01  2 1.260E-05 2.723E+01  3 2.916E-02 1.194E+00  5 6.942E-04 2.115E+01  6 1.135E-03 7.000E+00
 7 7.512E-05 1.165E+01  8 1.115E-04 1.467E+01  9 1.852E-05 3.206E+01 10 1.915E-02 1.728E+00 11 3.983E-04 7.913E+00
12 1.667E-03 2.048E+00 13 1.330E-02 1.027E+00 14 1.907E-06 1.000E+02 15 1.714E-03 7.339E+00 16 1.806E-03 1.016E+00
17 1.322E-03 1.102E+01 19 4.873E-03 7.824E+00 20 1.881E-04 3.865E+01 21 1.225E-05 6.760E+01 22 2.631E-05 5.323E+01
23 1.050E-04 6.075E+00 24 3.974E-03 3.967E-01 25 1.279E-07 5.460E+01 26 3.754E-03 5.832E-01 27 1.849E-03 1.006E+00
123  27
 1 1.740E-03 1.804E+01  2 1.640E-05 2.166E+01  3 3.067E-02 9.529E-01  4 5.066E-05 1.000E+02  5 7.891E-04 2.636E+01
 6 9.799E-04 7.831E+00  7 6.244E-05 1.015E+01  8 1.199E-04 1.641E+01  9 1.379E-05 5.510E+01 10 1.795E-02 1.117E+00
11 4.547E-04 8.314E+00 12 1.525E-03 2.818E+00 13 1.262E-02 7.657E-01 14 6.964E-05 7.228E+01 15 1.309E-03 6.673E+00
16 1.769E-03 1.097E+00 17 1.093E-03 6.868E+00 18 1.133E-07 1.000E+02 19 6.034E-03 7.056E+00 20 4.815E-04 2.401E+01
21 1.994E-05 6.914E+01 22 2.827E-05 8.015E+01 23 1.246E-04 4.257E+00 24 3.979E-03 3.321E-01 25 5.300E-07 4.112E+01
26 4.086E-03 6.182E-01 27 1.964E-03 7.753E-01
124  25
 1 2.412E-03 1.516E+01  2 1.615E-05 2.800E+01  3 3.243E-02 8.618E-01  4 5.921E-06 1.000E+02  5 5.072E-04 3.431E+01
 6 8.994E-04 8.733E+00  7 7.674E-05 1.222E+01  8 7.672E-05 2.040E+01  9 1.261E-05 5.675E+01 10 1.619E-02 1.458E+00
11 4.193E-04 1.014E+01 12 1.352E-03 2.051E+00 13 1.266E-02 9.719E-01 14 1.584E-05 1.000E+02 15 1.237E-03 7.895E+00
16 1.775E-03 1.118E+00 17 1.050E-03 6.315E+00 19 5.817E-03 6.872E+00 20 4.868E-04 2.055E+01 22 3.054E-05 4.281E+01
23 1.283E-04 5.705E+00 24 4.017E-03 3.523E-01 25 3.084E-07 3.524E+01 26 4.404E-03 5.211E-01 27 2.250E-03 7.556E-01
125  25
 1 1.456E-03 1.846E+01  2 1.985E-05 2.698E+01  3 3.123E-02 1.177E+00  5 4.419E-04 2.811E+01  6 8.521E-04 6.302E+00
 7 6.874E-05 1.407E+01  8 8.107E-05 1.745E+01  9 1.578E-05 3.929E+01 10 1.445E-02 1.763E+00 11 3.048E-04 9.645E+00
12 1.196E-03 2.653E+00 13 1.189E-02 8.234E-01 14 1.844E-06 1.000E+02 15 1.263E-03 5.760E+00 16 1.766E-03 1.008E+00
17 9.704E-04 7.593E+00 18 3.229E-06 1.000E+02 19 7.388E-03 7.828E+00 20 3.988E-04 2.203E+01 22 7.283E-06 6.636E+01
23 1.328E-04 5.079E+00 24 4.103E-03 3.977E-01 25 1.255E-07 5.596E+01 26 5.618E-03 6.703E-01 27 3.264E-03 6.679E-01
126  24
 1 1.487E-03 1.318E+01  2 2.075E-05 1.732E+01  3 3.090E-02 9.206E-01  5 6.320E-04 2.934E+01  6 8.413E-04 6.222E+00
 7 5.234E-05 1.812E+01  8 6.696E-05 2.026E+01  9 1.018E-05 6.066E+01 10 1.251E-02 1.552E+00 11 3.097E-04 9.330E+00
12 1.132E-03 3.272E+00 13 1.182E-02 8.666E-01 15 1.151E-03 7.001E+00 16 1.728E-03 1.171E+00 17 9.835E-04 6.882E+00
19 8.001E-03 7.207E+00 20 3.449E-04 2.724E+01 21 1.954E-06 1.000E+02 22 7.525E-06 9.061E+01 23 1.479E-04 5.383E+00
24 4.086E-03 3.083E-01 25 2.478E-07 4.080E+01 26 5.647E-03 4.428E-01 27 3.279E-03 6.151E-01
127  26
 1 1.122E-03 1.676E+01  2 2.345E-05 1.896E+01  3 2.996E-02 9.911E-01  4 7.293E-05 5.723E+01  5 4.057E-04 3.333E+01
 6 6.522E-04 7.697E+00  7 6.346E-05 1.092E+01  8 6.977E-05 2.324E+01  9 7.014E-06 4.726E+01 10 1.185E-02 1.865E+00
11 2.676E-04 9.794E+00 12 1.077E-03 1.888E+00 13 1.175E-02 8.289E-01 14 3.082E-06 1.000E+02 15 9.643E-04 9.011E+00
16 1.775E-03 1.136E+00 17 8.545E-04 9.883E+00 19 1.119E-02 4.605E+00 20 4.432E-04 3.085E+01 21 1.191E-06 1.000E+02
22 1.666E-05 9.893E+01 23 1.667E-04 4.877E+00 24 4.060E-03 3.689E-01 25 2.493E-07 5.923E+01 26 5.089E-03 4.662E-01
27 2.807E-03 6.212E-01
128  25
 1 1.425E-03 1.244E+01  2 2.458E-05 1.807E+01  3 2.698E-02 1.123E+00  4 6.629E-05 8.259E+01  5 2.974E-04 4.560E+01
 6 6.991E-04 9.316E+00  7 4.919E-05 1.697E+01  8 7.081E-05 1.471E+01  9 1.357E-05 4.732E+01 10 1.087E-02 1.744E+00
11 3.055E-04 9.364E+00 12 1.049E-03 2.943E+00 13 1.247E-02 1.095E+00 15 8.498E-04 1.029E+01 16 1.823E-03 1.331E+00
17 8.623E-04 4.753E+00 19 1.915E-02 3.214E+00 20 7.161E-04 2.049E+01 21 8.235E-06 1.000E+02 22 3.570E-06 8.542E+01
23 1.817E-04 3.020E+00 24 4.029E-03 3.125E-01 25 2.800E-07 6.219E+01 26 4.226E-03 5.810E-01 27 2.112E-03 8.172E-01
129  24
 1 9.213E-04 1.864E+01  2 3.529E-05 1.641E+01  3 2.305E-02 1.146E+00  4 7.344E-05 9.717E+01  5 3.858E-04 4.674E+01
 6 7.692E-04 1.144E+01  7 3.676E-05 1.454E+01  8 5.081E-05 2.719E+01  9 8.727E-06 6.374E+01 10 9.350E-03 1.683E+00
11 2.728E-04 1.165E+01 12 9.436E-04 3.076E+00 13 1.235E-02 6.111E-01 15 1.097E-03 9.892E+00 16 1.843E-03 1.120E+00
17 8.026E-04 1.066E+01 19 2.371E-02 4.080E+00 20 6.385E-04 2.706E+01 22 1.985E-07 1.000E+02 23 1.787E-04 4.822E+00
24 3.999E-03 3.774E-01 25 2.216E-07 3.864E+01 26 4.287E-03 7.219E-01 27 2.144E-03 9.410E-01
130  25
 1 1.162E-03 1.455E+01  2 2.994E-05 1.762E+01  3 1.858E-02 1.435E+00  5 5.882E-04 2.569E+01  6 4.536E-04 9.419E+00
 7 5.630E-05 1.311E+01  8 7.645E-05 1.553E+01  9 4.678E-06 4.887E+01 10 8.295E-03 2.105E+00 11 2.593E-04 1.174E+01
12 8.856E-04 2.606E+00 13 1.178E-02 9.205E-01 14 1.014E-06 1.000E+02 15 9.090E-04 9.869E+00 16 1.835E-03 1.041E+00
17 6.783E-04 9.304E+00 19 2.754E-02 4.283E+00 20 4.800E-04 1.481E+01 21 1.427E-05 8.483E+01 22 8.994E-06 4.722E+01
23 1.929E-04 3.959E+00 24 4.056E-03 3.244E-01 25 2.434E-07 5.275E+01 26 5.167E-03 5.535E-01 27 2.844E-03 5.786E-01
131  24
 1 1.405E-03 1.874E+01  2 2.559E-05 1.735E+01  3 1.264E-02 1.600E+00  4 1.347E-06 1.000E+02  5 1.456E-04 4.928E+01
 6 4.741E-04 8.065E+00  7 3.443E-05 1.625E+01  8 6.852E-05 1.969E+01  9 7.511E-06 6.853E+01 10 6.045E-03 2.515E+00
11 2.274E-04 1.141E+01 12 7.905E-04 3.215E+00 13 1.172E-02 8.002E-01 15 6.780E-04 1.287E+01 16 1.860E-03 1.193E+00
17 5.767E-04 6.280E+00 19 2.922E-02 5.368E+00 20 6.559E-04 1.703E+01 22 9.189E-07 7.995E+01 23 2.068E-04 3.941E+00
24 4.077E-03 3.659E-01 25 1.662E-07 7.340E+01 26 5.948E-03 5.336E-01 27 3.460E-03 7.970E-01
132  26
 1 1.068E-03 1.454E+01  2 4.117E-05 1.974E+01  3 5.584E-03 2.148E+00  4 2.134E-05 1.000E+02  5 1.829E-04 3.310E+01
 6 4.624E-04 8.830E+00  7 3.376E-05 1.788E+01  8 5.884E-05 1.849E+01  9 2.273E-06 6.161E+01 10 5.425E-03 2.381E+00
11 2.273E-04 9.659E+00 12 6.951E-04 3.420E+00 13 1.194E-02 9.052E-01 14 1.125E-05 9.751E+01 15 7.033E-04 9.340E+00
16 1.930E-03 1.075E+00 17 6.008E-04 6.548E+00 19 3.760E-02 4.161E+00 20 6.226E-04 2.411E+01 21 3.457E-06 9.849E+01
22 1.269E-05 6.904E+01 23 2.338E-04 2.431E+00 24 4.112E-03 2.966E-01 25 7.315E-08 7.872E+01 26 5.992E-03 3.921E-01
27 3.494E-03 5.010E-01
133  25
 1 7.105E-04 2.294E+01  2 2.994E-05 1.884E+01  3 3.030E-03 3.045E+00  4 6.424E-06 1.000E+02  5 1.711E-04 6.327E+01
 6 3.920E-04 1.028E+01  7 3.239E-05 1.481E+01  8 3.820E-05 2.054E+01  9 5.582E-06 6.511E+01 10 5.101E-03 1.908E+00
11 2.181E-04 1.071E+01 12 6.961E-04 3.215E+00 13 1.254E-02 8.572E-01 15 6.217E-04 9.756E+00 16 1.700E-03 1.038E+00
17 5.006E-04 8.219E+00 19 3.843E-02 3.476E+00 20 8.121E-04 2.515E+01 21 7.818E-06 1.000E+02 22 1.991E-05 6.765E+01
23 2.507E-04 3.671E+00 24 4.009E-03 3.358E-01 25 9.466E-08 6.625E+01 26 4.730E-03 6.802E-01 27 2.460E-03 7.667E-01
134  25
 1 6.050E-04 1.974E+01  2 3.922E-05 1.640E+01  3 2.690E-03 3.619E+00  4 1.464E-06 1.000E+02  5 1.701E-04 3.961E+01
 6 3.825E-04 1.313E+01  7 3.827E-05 1.262E+01  8 4.220E-05 2.392E+01  9 7.253E-06 4.572E+01 10 4.570E-03 2.152E+00
11 1.544E-04 1.292E+01 12 6.377E-04 4.206E+00 13 1.240E-02 9.016E-01 15 6.839E-04 1.076E+01 16 1.634E-03 1.304E+00
17 5.033E-04 9.072E+00 19 4.268E-02 3.333E+00 20 7.923E-04 1.572E+01 21 5.140E-06 1.000E+02 22 2.786E-06 1.000E+02
23 2.764E-04 3.805E+00 24 3.958E-03 3.487E-01 25 1.210E-07 5.275E+01 26 4.368E-03 6.439E-01 27 2.164E-03 9.084E-01
135  23
 1 7.756E-04 2.435E+01  2 3.185E-05 1.593E+01  3 2.563E-03 3.501E+00  5 2.459E-04 4.346E+01  6 3.281E-04 1.144E+01
 7 2.553E-05 2.482E+01  8 4.014E-05 2.314E+01  9 7.386E-06 5.209E+01 10 4.087E-03 2.456E+00 11 1.642E-04 1.354E+01
12 6.221E-04 2.545E+00 13 1.182E-02 9.179E-01 15 6.126E-04 8.073E+00 16 1.652E-03 1.136E+00 17 5.042E-04 1.132E+01
19 4.185E-02 4.103E+00 20 6.371E-04 1.647E+01 22 1.801E-06 9.775E+01 23 2.952E-04 2.852E+00 24 3.978E-03 3.518E-01
25 1.197E-07 6.870E+01 26 4.351E-03 5.810E-01 27 2.149E-03 8.018E-01
136  25
 1 4.742E-04 1.979E+01  2 5.058E-05 1.080E+01  3 2.363E-03 2.849E+00  4 8.322E-05 1.000E+02  5 3.302E-04 4.216E+01
 6 3.096E-04 7.812E+00  7 2.462E-05 1.566E+01  8 4.192E-05 2.179E+01  9 6.248E-07 6.722E+01 10 3.467E-03 3.278E+00
11 1.490E-04 8.737E+00 12 5.695E-04 3.719E+00 13 1.089E-02 1.089E+00 15 5.182E-04 1.248E+01 16 1.637E-03 9.647E-01
17 4.270E-04 9.319E+00 19 3.650E-02 3.328E+00 20 8.986E-04 2.501E+01 21 5.589E-06 8.565E+01 22 3.703E-06 9.026E+01
23 3.184E-04 4.036E+00 24 4.107E-03 3.093E-01 25 5.234E-08 5.056E+01 26 6.051E-03 4.716E-01 27 3.509E-03 5.553E-01
137  25
 1 5.976E-04 1.805E+01  2 4.371E-05 1.298E+01  3 1.905E-03 3.479E+00  4 1.293E-04 6.890E+01  5 1.125E-04 3.709E+01
 6 2.991E-04 8.493E+00  7 1.548E-05 2.060E+01  8 2.285E-05 2.784E+01  9 1.046E-06 9.279E+01 10 3.017E-03 3.323E+00
11 1.484E-04 1.533E+01 12 5.609E-04 3.846E+00 13 1.037E-02 8.223E-01 15 4.514E-04 1.115E+01 16 1.606E-03 1.191E+00
17 4.797E-04 9.699E+00 19 3.404E-02 3.690E+00 20 1.056E-03 1.537E+01 21 6.050E-08 1.000E+02 22 2.717E-06 7.644E+01
23 3.453E-04 2.422E+00 24 4.067E-03 2.929E-01 25 9.211E-08 1.000E+02 26 6.034E-03 4.802E-01 27 3.492E-03 5.943E-01
138  25
 1 4.907E-04 2.380E+01  2 4.780E-05 1.923E+01  3 1.804E-03 4.878E+00  4 1.813E-06 1.000E+02  5 2.306E-04 4.409E+01
 6 2.367E-04 1.203E+01  7 1.763E-05 2.094E+01  8 5.123E-05 2.713E+01  9 1.017E-05 8.631E+01 10 2.907E-03 2.689E+00
11 1.365E-04 1.669E+01 12 4.478E-04 3.948E+00 13 1.007E-02 9.631E-01 14 1.225E-05 1.000E+02 15 3.836E-04 1.063E+01
16 1.639E-03 1.251E+00 17 3.971E-04 1.006E+01 19 3.356E-02 3.455E+00 20 1.226E-03 1.657E+01 22 2.787E-07 1.000E+02
23 3.630E-04 3.634E+00 24 4.059E-03 2.929E-01 25 3.671E-08 6.912E+01 26 5.699E-03 3.890E-01 27 3.211E-03 6.016E-01
139  24
 1 5.744E-04 2.061E+01  2 7.458E-05 1.573E+01  3 1.583E-03 4.609E+00  5 5.956E-05 4.922E+01  6 3.167E-04 1.066E+01
 7 1.985E-05 1.716E+01  8 2.393E-05 3.140E+01  9 1.847E-06 9.453E+01 10 2.926E-03 3.125E+00 11 9.848E-05 1.515E+01
12 4.449E-04 4.784E+00 13 1.042E-02 8.560E-01 15 3.923E-04 1.317E+01 16 1.657E-03 1.305E+00 17 3.454E-04 1.419E+01
19 2.922E-02 4.590E+00 20 1.372E-03 1.261E+01 21 7.173E-07 1.000E+02 22 1.500E-05 1.000E+02 23 4.348E-04 3.225E+00
24 3.965E-03 2.784E-01 25 9.833E-09 9.359E+01 26 4.401E-03 5.835E-01 27 2.141E-03 7.424E-01
140  24
 1 4.009E-04 3.811E+01  2 5.220E-05 1.084E+01  3 1.543E-03 4.758E+00  4 4.519E-05 9.230E+01  5 1.227E-04 5.113E+01
 6 2.462E-04 1.136E+01  7 2.486E-05 2.151E+01  8 4.468E-05 2.298E+01  9 2.920E-06 4.600E+01 10 2.600E-03 3.710E+00
11 1.473E-04 1.161E+01 12 4.274E-04 3.782E+00 13 9.824E-03 1.073E+00 15 4.257E-04 1.607E+01 16 1.658E-03 1.293E+00
17 3.995E-04 1.115E+01 19 2.779E-02 4.364E+00 20 1.445E-03 1.654E+01 22 6.753E-07 1.000E+02 23 4.572E-04 2.513E+00
24 3.981E-03 3.259E-01 25 5.409E-09 1.000E+02 26 4.387E-03 6.281E-01 27 2.125E-03 7.532E-01
141  24
 1 3.281E-04 2.905E+01  2 6.952E-05 1.149E+01  3 1.441E-03 3.422E+00  4 1.220E-04 6.210E+01  5 1.184E-04 4.349E+01
 6 2.113E-04 1.282E+01  7 2.480E-05 1.760E+01  8 3.661E-05 3.042E+01  9 1.775E-06 6.075E+01 10 2.321E-03 2.756E+00
11 1.026E-04 1.384E+01 12 3.905E-04 3.322E+00 13 9.151E-03 1.080E+00 15 3.569E-04 1.289E+01 16 1.612E-03 1.337E+00
17 3.539E-04 1.522E+01 19 1.952E-02 4.169E+00 20 1.886E-03 9.910E+00 22 1.288E-05 6.843E+01 23 5.045E-04 2.398E+00
24 4.002E-03 2.970E-01 25 1.404E-07 5.899E+01 26 5.034E-03 4.508E-01 27 2.658E-03 6.555E-01
142  23
 1 2.505E-04 3.277E+01  2 7.349E-05 1.033E+01  3 1.242E-03 3.457E+00  5 3.052E-05 7.326E+01  6 1.733E-04 1.474E+01
 7 1.995E-05 2.181E+01  8 1.963E-05 3.221E+01  9 4.290E-07 1.000E+02 10 2.127E-03 3.048E+00 11 8.103E-05 1.399E+01
12 3.438E-04 3.228E+00 13 8.292E-03 1.110E+00 15 2.422E-04 1.289E+01 16 1.652E-03 1.370E+00 17 3.007E-04 1.004E+01
19 1.247E-02 5.981E+00 20 1.438E-03 1.240E+01 22 1.114E-05 1.000E+02 23 5.343E-04 2.368E+00 24 4.075E-03 3.090E-01
25 7.325E-09 1.000E+02 26 6.018E-03 3.677E-01 27 3.449E-03 3.503E-01
143  24
 1 3.798E-04 3.072E+01  2 8.054E-05 1.152E+01  3 1.146E-03 4.503E+00  5 2.619E-04 7.316E+01  6 1.684E-04 1.581E+01
 7 1.676E-05 2.097E+01  8 1.612E-05 2.769E+01  9 7.079E-06 6.148E+01 10 1.861E-03 3.667E+00 11 1.225E-04 1.268E+01
12 3.079E-04 5.021E+00 13 7.823E-03 1.140E+00 15 2.573E-04 1.462E+01 16 1.651E-03 1.689E+00 17 3.629E-04 1.018E+01
19 8.194E-03 7.002E+00 20 1.633E-03 1.540E+01 21 5.199E-06 1.000E+02 22 1.981E-06 9.785E+01 23 5.775E-04 2.830E+00
24 4.043E-03 3.284E-01 25 1.009E-07 7.688E+01 26 5.987E-03 4.802E-01 27 3.414E-03 6.062E-01
144  22
 1 2.832E-04 3.010E+01  2 8.971E-05 1.022E+01  3 9.919E-04 6.430E+00  5 2.967E-04 5.280E+01  6 1.544E-04 1.399E+01
 7 1.405E-05 2.614E+01  8 9.688E-06 3.820E+01  9 2.450E-06 5.606E+01 10 1.621E-03 2.808E+00 11 8.644E-05 1.332E+01
12 2.934E-04 4.604E+00 13 7.771E-03 9.000E-01 15 2.525E-04 1.553E+01 16 1.662E-03 1.083E+00 17 2.316E-04 1.309E+01
19 6.363E-03 6.926E+00 20 1.858E-03 1.380E+01 22 5.998E-06 1.000E+02 23 6.919E-04 2.612E+00 24 3.964E-03 3.600E-01
26 5.027E-03 4.480E-01 27 2.628E-03 6.121E-01
145  23
 1 2.653E-04 4.641E+01  2 8.799E-05 1.032E+01  3 9.047E-04 5.197E+00  4 1.451E-04 1.000E+02  5 1.425E-04 8.100E+01
 6 1.759E-04 1.222E+01  7 1.799E-05 2.606E+01  8 1.367E-05 3.406E+01  9 2.176E-06 6.399E+01 10 1.627E-03 4.411E+00
11 8.776E-05 2.283E+01 12 3.214E-04 4.637E+00 13 7.365E-03 1.366E+00 15 3.570E-04 1.580E+01 16 1.665E-03 9.393E-01
17 2.623E-04 1.359E+01 19 6.740E-03 9.170E+00 20 2.368E-03 9.352E+00 22 1.147E-05 6.045E+01 23 7.555E-04 2.313E+00
24 3.929E-03 3.847E-01 26 4.339E-03 5.553E-01 27 2.089E-03 8.123E-01
146  24
 1 3.164E-04 3.776E+01  2 1.031E-04 7.257E+00  3 9.194E-04 4.760E+00  4 2.535E-05 9.395E+01  5 6.516E-05 6.291E+01
 6 1.884E-04 1.294E+01  7 9.378E-06 4.503E+01  8 1.547E-05 2.520E+01  9 5.998E-06 5.435E+01 10 1.519E-03 3.367E+00
11 7.976E-05 1.640E+01 12 3.061E-04 4.283E+00 13 6.922E-03 7.381E-01 15 2.653E-04 1.551E+01 16 1.672E-03 1.337E+00
17 3.242E-04 1.357E+01 19 6.158E-03 5.805E+00 20 2.097E-03 1.102E+01 22 5.980E-07 1.000E+02 23 8.100E-04 2.084E+00
24 3.918E-03 3.338E-01 25 4.980E-08 7.078E+01 26 4.332E-03 6.932E-01 27 2.063E-03 9.253E-01
147  24
 1 2.257E-04 2.808E+01  2 1.280E-04 1.018E+01  3 8.269E-04 6.554E+00  4 1.195E-04 5.467E+01  5 1.037E-04 7.887E+01
 6 1.602E-04 1.790E+01  7 7.880E-06 3.657E+01  8 1.309E-05 6.093E+01  9 2.625E-06 7.210E+01 10 1.334E-03 3.492E+00
11 7.541E-05 1.686E+01 12 2.353E-04 4.997E+00 13 6.101E-03 1.267E+00 15 2.454E-04 1.775E+01 16 1.676E-03 1.424E+00
17 1.732E-04 1.563E+01 19 4.568E-03 7.514E+00 20 2.531E-03 1.210E+01 21 1.009E-06 1.000E+02 23 8.926E-04 1.922E+00
24 3.985E-03 3.749E-01 25 2.954E-09 8.429E+01 26 5.701E-03 5.316E-01 27 3.133E-03 6.713E-01
148  25
 1 2.371E-04 3.258E+01  2 1.419E-04 6.733E+00  3 8.325E-04 8.932E+00  4 7.692E-06 1.000E+02  5 1.783E-04 5.346E+01
 6 1.581E-04 1.588E+01  7 1.208E-05 3.182E+01  8 2.276E-05 4.473E+01  9 7.707E-06 8.911E+01 10 1.239E-03 4.161E+00
11 6.631E-05 2.490E+01 12 2.200E-04 4.742E+00 13 5.472E-03 1.350E+00 15 1.869E-04 1.951E+01 16 1.665E-03 1.059E+00
17 2.120E-04 1.299E+01 19 4.575E-03 9.136E+00 20 3.329E-03 8.160E+00 21 1.613E-05 9.320E+01 22 2.921E-06 1.000E+02
23 9.560E-04 1.780E+00 24 4.008E-03 3.320E-01 25 9.386E-08 1.000E+02 26 5.994E-03 5.745E-01 27 3.377E-03 7.013E-01
149  23
 1 1.802E-04 3.987E+01  2 1.336E-04 7.308E+00  3 6.367E-04 5.242E+00  4 4.550E-05 6.187E+01  5 4.341E-05 7.914E+01
 6 7.739E-05 1.564E+01  7 1.091E-05 1.992E+01  8 1.557E-05 3.785E+01  9 6.525E-07 1.000E+02 10 1.125E-03 4.556E+00
11 6.238E-05 1.905E+01 12 1.931E-04 6.649E+00 13 5.030E-03 1.671E+00 15 1.993E-04 1.590E+01 16 1.683E-03 1.282E+00
17 1.958E-04 1.660E+01 19 3.515E-03 7.904E+00 20 3.280E-03 8.886E+00 21 7.923E-07 1.000E+02 23 1.074E-03 1.019E+00
24 3.954E-03 3.066E-01 26 5.925E-03 4.377E-01 27 3.326E-03 5.482E-01
150  23
 1 1.506E-04 3.689E+01  2 1.891E-04 7.742E+00  3 6.282E-04 6.912E+00  4 4.051E-04 6.491E+01  5 9.751E-06 1.000E+02
 6 1.705E-04 1.231E+01  7 9.131E-06 3.524E+01  8 1.205E-05 4.907E+01  9 6.301E-08 1.000E+02 10 1.007E-03 4.757E+00
11 6.481E-05 1.606E+01 12 1.917E-04 6.065E+00 13 4.749E-03 1.767E+00 15 1.448E-04 2.011E+01 16 1.718E-03 1.140E+00
17 1.272E-04 1.374E+01 19 3.052E-03 8.526E+00 20 3.614E-03 8.545E+00 23 1.294E-03 1.611E+00 24 3.838E-03 3.095E-01
25 3.718E-09 1.000E+02 26 4.389E-03 6.522E-01 27 2.061E-03 8.810E-01
151  22
 1 3.240E-04 3.334E+01  2 1.970E-04 8.591E+00  3 6.463E-04 6.416E+00  4 3.478E-04 7.182E+01  5 1.790E-04 4.973E+01
 6 1.279E-04 1.989E+01  7 1.144E-05 4.559E+01  8 1.901E-05 4.430E+01  9 5.053E-06 5.782E+01 10 9.598E-04 4.954E+00
11 7.598E-05 1.763E+01 12 2.144E-04 6.268E+00 13 4.443E-03 1.749E+00 15 1.885E-04 1.849E+01 16 1.703E-03 1.076E+00
17 2.250E-04 1.650E+01 19 3.420E-03 8.669E+00 20 4.759E-03 7.542E+00 23 1.434E-03 1.459E+00 24 3.808E-03 3.672E-01
26 4.302E-03 6.654E-01 27 2.010E-03 1.039E+00
152  21
 1 2.909E-04 3.582E+01  2 2.135E-04 7.761E+00  3 5.796E-04 6.314E+00  4 1.057E-04 7.045E+01  5 6.299E-06 9.516E+01
 6 1.042E-04 2.294E+01  7 4.302E-06 4.023E+01  8 9.184E-06 3.297E+01 10 9.081E-04 4.817E+00 11 5.126E-05 2.936E+01
12 1.733E-04 5.361E+00 13 3.868E-03 1.061E+00 15 1.444E-04 2.173E+01 16 1.792E-03 1.216E+00 17 1.414E-04 1.726E+01
19 2.982E-03 8.726E+00 20 4.049E-03 1.058E+01 23 1.554E-03 1.520E+00 24 3.784E-03 3.521E-01 26 4.624E-03 5.833E-01
27 2.256E-03 8.185E-01
153  24
 1 9.535E-05 4.416E+01  2 2.130E-04 6.176E+00  3 5.023E-04 6.917E+00  4 3.702E-04 5.313E+01  5 9.743E-06 8.806E+01
 6 1.331E-04 1.736E+01  7 1.171E-05 2.502E+01  8 1.607E-05 4.204E+01  9 6.007E-07 9.573E+01 10 7.711E-04 5.382E+00
11 3.244E-05 2.833E+01 12 1.538E-04 8.445E+00 13 3.214E-03 1.801E+00 15 1.512E-04 1.968E+01 16 1.710E-03 9.427E-01
17 1.077E-04 2.044E+01 19 2.508E-03 1.262E+01 20 5.250E-03 8.305E+00 21 3.860E-07 1.000E+02 22 6.842E-07 1.000E+02
23 1.699E-03 1.155E+00 24 3.808E-03 3.259E-01 26 5.890E-03 4.521E-01 27 3.257E-03 5.567E-01
154  21
 1 1.378E-04 3.206E+01  2 2.932E-04 4.556E+00  3 4.020E-04 8.907E+00  4 3.954E-04 4.596E+01  5 9.370E-05 6.772E+01
 6 7.413E-05 2.249E+01  7 8.172E-06 2.894E+01  8 1.440E-05 3.666E+01 10 7.096E-04 5.078E+00 11 3.706E-05 1.944E+01
12 1.521E-04 6.359E+00 13 2.941E-03 1.593E+00 15 1.313E-04 2.483E+01 16 1.777E-03 1.060E+00 17 1.002E-04 1.851E+01
19 1.651E-03 1.363E+01 20 5.093E-03 7.403E+00 23 1.940E-03 8.522E-01 24 3.729E-03 3.608E-01 26 5.857E-03 5.915E-01
27 3.212E-03 7.205E-01
155  23
 1 1.557E-04 4.019E+01  2 3.206E-04 4.651E+00  3 3.743E-04 7.376E+00  4 4.260E-04 4.196E+01  5 2.027E-05 5.983E+01
 6 7.263E-05 2.483E+01  7 2.917E-06 4.209E+01  8 4.393E-06 6.288E+01 10 5.966E-04 5.689E+00 11 3.573E-05 2.483E+01
12 1.302E-04 5.585E+00 13 2.556E-03 2.065E+00 15 9.943E-05 2.296E+01 16 1.755E-03 1.215E+00 17 1.094E-04 1.784E+01
19 2.188E-03 1.283E+01 20 6.676E-03 7.644E+00 22 4.807E-07 1.000E+02 23 2.221E-03 1.235E+00 24 3.589E-03 3.191E-01
25 7.701E-08 7.315E+01 26 5.026E-03 5.121E-01 27 2.586E-03 7.382E-01
156  23
 1 1.415E-04 4.443E+01  2 3.598E-04 6.080E+00  3 3.883E-04 9.685E+00  4 6.387E-05 7.064E+01  5 2.938E-07 1.000E+02
 6 7.471E-05 2.332E+01  7 5.610E-06 3.046E+01  8 7.517E-06 4.063E+01  9 1.355E-06 7.645E+01 10 5.702E-04 6.598E+00
11 4.496E-05 2.620E+01 12 1.293E-04 7.345E+00 13 2.171E-03 1.429E+00 15 1.192E-04 1.845E+01 16 1.839E-03 1.223E+00
17 1.188E-04 2.489E+01 19 2.237E-03 1.069E+01 20 7.656E-03 5.798E+00 23 2.544E-03 9.892E-01 24 3.475E-03 3.501E-01
25 7.114E-08 1.000E+02 26 4.693E-03 4.545E-01 27 2.062E-03 6.444E-01
157  22
 1 1.128E-04 5.403E+01  2 4.382E-04 5.188E+00  3 2.862E-04 9.723E+00  4 2.767E-04 3.956E+01  5 5.916E-05 1.000E+02
 6 5.620E-05 2.512E+01  7 3.276E-06 4.848E+01  8 4.118E-06 7.061E+01 10 5.007E-04 5.504E+00 11 3.869E-05 2.362E+01
12 9.522E-05 8.436E+00 13 1.910E-03 1.468E+00 15 8.095E-05 2.622E+01 16 1.897E-03 1.185E+00 17 8.717E-05 2.476E+01
19 1.978E-03 1.097E+01 20 7.361E-03 6.653E+00 23 2.849E-03 1.242E+00 24 3.373E-03 3.545E-01 25 1.159E-08 1.000E+02
26 4.863E-03 6.128E-01 27 2.099E-03 8.986E-01
158  23
 1 1.075E-04 3.774E+01  2 4.600E-04 6.048E+00  3 3.070E-04 7.160E+00  4 3.172E-04 5.929E+01  5 4.047E-05 6.656E+01
 6 5.477E-05 2.887E+01  7 2.454E-06 5.628E+01  8 1.732E-06 8.337E+01  9 3.467E-08 1.000E+02 10 5.325E-04 5.076E+00
11 3.497E-05 2.980E+01 12 9.388E-05 8.465E+00 13 1.782E-03 1.943E+00 15 1.177E-04 2.186E+01 16 1.962E-03 1.134E+00
17 8.807E-05 2.269E+01 19 1.573E-03 1.057E+01 20 8.665E-03 4.961E+00 23 3.360E-03 1.035E+00 24 3.202E-03 3.635E-01
25 5.359E-08 1.000E+02 26 4.396E-03 6.480E-01 27 1.883E-03 7.758E-01
159  21
 1 3.316E-05 7.291E+01  2 5.251E-04 4.670E+00  3 2.797E-04 8.224E+00  4 9.144E-04 3.439E+01  5 1.958E-05 1.000E+02
 6 6.510E-05 2.394E+01  7 1.927E-06 4.524E+01  8 4.335E-06 6.410E+01 10 3.745E-04 8.145E+00 11 3.502E-05 3.315E+01
12 9.450E-05 1.040E+01 13 1.570E-03 2.244E+00 15 6.484E-05 3.200E+01 16 2.123E-03 1.068E+00 17 7.243E-05 2.110E+01
19 1.267E-03 1.596E+01 20 1.235E-02 5.177E+00 23 3.971E-03 8.866E-01 24 2.887E-03 2.848E-01 26 2.664E-03 8.273E-01
27 1.290E-03 9.826E-01
160  22
 1 8.916E-05 4.758E+01  2 6.180E-04 5.322E+00  3 2.800E-04 1.180E+01  4 7.763E-04 3.955E+01  5 4.799E-05 1.000E+02
 6 5.658E-05 2.021E+01  7 4.906E-06 3.892E+01  8 1.127E-05 4.858E+01  9 1.546E-06 8.467E+01 10 3.767E-04 9.776E+00
11 3.250E-05 3.225E+01 12 9.751E-05 6.679E+00 13 1.415E-03 2.301E+00 15 7.043E-05 2.556E+01 16 7.310E-03 5.735E-01
17 6.061E-05 2.759E+01 19 1.565E-03 1.396E+01 20 1.514E-02 4.618E+00 23 4.778E-03 8.711E-01 24 2.606E-03 3.711E-01
26 2.410E-03 9.056E-01 27 1.171E-03 1.217E+00
161  24
 1 4.403E-05 7.821E+01  2 3.840E-04 3.484E+00  3 1.590E-04 1.118E+01  4 3.066E-04 5.005E+01  5 1.373E-05 1.000E+02
 6 3.442E-05 2.709E+01  7 3.230E-06 3.244E+01  8 9.601E-07 5.802E+01  9 7.326E-07 8.544E+01 10 2.633E-04 6.097E+00
11 2.235E-05 3.008E+01 12 6.012E-05 8.138E+00 13 1.171E-03 1.833E+00 15 4.003E-05 2.645E+01 16 1.473E-03 1.344E+00
17 6.562E-05 2.399E+01 19 8.486E-04 1.404E+01 20 4.504E-02 2.120E+00 21 7.559E-07 1.000E+02 23 1.245E-02 3.459E-01
24 1.016E-03 6.537E-01 25 1.230E-09 1.000E+02 26 2.355E-03 6.851E-01 27 1.083E-03 7.803E-01
162  23
 1 4.091E-05 6.662E+01  2 4.563E-04 3.465E+00  3 1.213E-04 9.904E+00  4 9.530E-05 5.423E+01  6 4.709E-05 2.006E+01
 7 4.216E-06 4.095E+01  8 1.265E-06 8.963E+01  9 9.219E-07 1.000E+02 10 2.365E-04 7.514E+00 11 9.602E-06 3.043E+01
12 5.325E-05 9.489E+00 13 1.004E-03 2.662E+00 14 1.467E-05 1.000E+02 15 4.336E-05 2.814E+01 16 1.493E-03 9.934E-01
17 4.705E-05 2.170E+01 19 1.157E-03 1.173E+01 20 6.757E-02 1.808E+00 23 1.332E-02 3.128E-01 24 8.609E-04 6.635E-01
25 5.636E-10 1.000E+02 26 2.371E-03 5.915E-01 27 1.039E-03 7.126E-01
163  22
 1 9.481E-05 5.048E+01  2 4.805E-04 4.510E+00  3 1.030E-04 1.593E+01  4 4.841E-04 3.360E+01  5 4.753E-05 9.564E+01
 6 3.156E-05 2.139E+01  7 1.668E-06 4.353E+01  8 1.785E-06 6.917E+01  9 2.488E-08 1.000E+02 10 2.082E-04 7.649E+00
11 8.443E-06 4.331E+01 12 4.593E-05 6.999E+00 13 8.953E-04 2.248E+00 15 5.504E-05 2.249E+01 16 1.494E-03 9.305E-01
17 4.837E-05 2.260E+01 19 7.016E-04 1.412E+01 20 8.315E-02 1.901E+00 23 1.400E-02 3.425E-01 24 7.475E-04 4.907E-01
26 2.387E-03 6.884E-01 27 1.010E-03 8.047E-01
164  21
 1 5.693E-05 7.589E+01  2 5.531E-04 3.196E+00  3 9.717E-05 1.307E+01  4 3.583E-04 5.159E+01  6 1.762E-05 3.741E+01
 7 1.175E-06 5.608E+01  8 1.446E-06 7.372E+01  9 1.857E-08 1.000E+02 10 2.038E-04 5.846E+00 11 9.527E-06 3.600E+01
12 3.402E-05 8.720E+00 13 8.031E-04 2.146E+00 15 3.094E-05 3.459E+01 16 1.494E-03 7.016E-01 17 5.362E-05 2.827E+01
19 5.946E-04 1.512E+01 20 8.032E-02 2.379E+00 23 1.452E-02 3.497E-01 24 6.559E-04 7.832E-01 26 2.409E-03 7.104E-01
27 9.809E-04 9.034E-01
165  21
 1 3.456E-06 7.588E+01  2 6.332E-04 4.175E+00  3 9.534E-05 1.227E+01  4 3.809E-04 3.033E+01  5 2.420E-06 6.410E+01
 6 1.973E-05 2.386E+01  7 3.813E-06 3.312E+01  8 3.223E-06 6.902E+01 10 1.788E-04 8.067E+00 11 1.026E-05 4.452E+01
12 3.804E-05 8.931E+00 13 7.232E-04 2.070E+00 15 3.842E-05 3.569E+01 16 1.516E-03 1.088E+00 17 3.442E-05 2.253E+01
19 6.889E-04 1.910E+01 20 7.489E-02 1.765E+00 23 1.500E-02 3.089E-01 24 5.791E-04 5.877E-01 26 2.450E-03 5.076E-01
27 9.552E-04 6.654E-01
166  22
 1 8.069E-06 7.970E+01  2 7.305E-04 2.682E+00  3 9.303E-05 1.229E+01  4 3.778E-04 3.537E+01  5 1.710E-05 1.000E+02
 6 2.129E-05 2.854E+01  7 2.473E-06 4.487E+01  8 6.298E-06 6.969E+01  9 3.587E-08 1.000E+02 10 1.464E-04 9.575E+00
11 1.140E-05 3.039E+01 12 3.727E-05 1.181E+01 13 6.575E-04 2.255E+00 15 2.308E-05 3.913E+01 16 1.504E-03 9.995E-01
17 2.919E-05 2.760E+01 19 4.616E-04 1.580E+01 20 7.454E-02 2.307E+00 23 1.551E-02 3.176E-01 24 5.180E-04 7.771E-01
26 2.524E-03 5.845E-01 27 9.626E-04 6.060E-01
167  21
 1 1.560E-05 7.544E+01  2 7.833E-04 2.145E+00  3 7.541E-05 1.346E+01  4 6.795E-04 2.721E+01  6 1.562E-05 2.880E+01
 7 3.529E-06 3.877E+01  8 3.171E-06 5.586E+01  9 3.389E-08 7.584E+01 10 1.704E-04 1.051E+01 11 1.411E-05 3.444E+01
12 3.339E-05 1.207E+01 13 6.032E-04 2.679E+00 15 2.922E-05 3.699E+01 16 1.479E-03 6.537E-01 17 2.773E-05 3.149E+01
19 3.704E-04 2.195E+01 20 6.379E-02 1.782E+00 23 1.586E-02 3.832E-01 24 4.708E-04 5.970E-01 26 2.631E-03 6.891E-01
27 9.697E-04 7.461E-01
168  21
 1 3.701E-06 6.643E+01  2 8.991E-04 3.273E+00  3 7.816E-05 1.508E+01  4 9.795E-04 2.516E+01  5 1.564E-05 9.059E+01
 6 1.562E-05 4.774E+01  7 3.000E-06 4.201E+01  8 9.820E-07 9.557E+01 10 1.428E-04 1.141E+01 11 1.089E-05 3.314E+01
12 3.450E-05 1.029E+01 13 5.645E-04 3.802E+00 15 2.321E-05 4.335E+01 16 2.457E-03 5.517E-01 17 2.834E-05 2.762E+01
19 6.229E-04 1.780E+01 20 5.199E-02 2.235E+00 23 1.648E-02 3.726E-01 24 4.284E-04 7.795E-01 26 2.802E-03 5.532E-01
27 9.871E-04 5.533E-01
169  22
 1 1.865E-05 6.085E+01  2 9.812E-04 3.093E+00  3 9.000E-05 1.312E+01  4 6.029E-04 2.719E+01  5 1.302E-07 1.000E+02
 6 3.164E-05 2.938E+01  7 2.794E-06 3.787E+01  8 2.755E-06 6.331E+01 10 1.565E-04 8.332E+00 11 1.245E-05 2.790E+01
12 3.114E-05 1.069E+01 13 4.976E-04 2.260E+00 15 3.111E-05 4.018E+01 16 1.622E-03 9.950E-01 17 2.690E-05 3.355E+01
19 4.892E-04 2.328E+01 20 3.249E-02 4.085E+00 22 5.327E-07 1.000E+02 23 1.847E-02 3.692E-01 24 4.005E-04 8.271E-01
26 4.523E-03 5.356E-01 27 1.411E-03 6.760E-01
170  21
 1 3.190E-05 6.091E+01  2 1.092E-03 2.946E+00  3 6.050E-05 1.317E+01  4 7.831E-04 2.802E+01  5 1.560E-06 1.000E+02
 6 1.134E-05 5.127E+01  7 9.153E-07 8.798E+01  8 2.898E-06 9.982E+01 10 1.125E-04 9.911E+00 11 5.763E-06 3.757E+01
12 3.311E-05 1.156E+01 13 4.479E-04 2.866E+00 15 8.425E-06 3.986E+01 16 1.531E-03 1.203E+00 17 1.145E-05 4.362E+01
19 3.550E-04 1.986E+01 20 2.415E-02 3.632E+00 23 1.892E-02 3.575E-01 24 3.454E-04 6.354E-01 26 4.695E-03 4.633E-01
27 1.426E-03 5.422E-01
171  21
 1 3.835E-05 8.984E+01  2 1.224E-03 2.087E+00  3 6.883E-05 1.429E+01  4 8.261E-04 2.700E+01  5 1.030E-07 1.000E+02
 6 9.650E-06 4.230E+01  7 5.054E-07 5.916E+01  8 3.007E-07 7.282E+01 10 8.159E-05 1.393E+01 11 1.119E-05 3.291E+01
12 2.792E-05 1.563E+01 13 3.844E-04 2.769E+00 15 9.127E-06 3.314E+01 16 1.494E-03 1.127E+00 17 1.781E-05 2.746E+01
19 3.167E-04 1.911E+01 20 1.532E-02 3.549E+00 23 1.917E-02 3.193E-01 24 3.067E-04 1.020E+00 26 4.815E-03 4.851E-01
27 1.436E-03 5.367E-01
172  22
 1 4.146E-07 1.000E+02  2 1.406E-03 1.602E+00  3 6.053E-05 1.208E+01  4 9.343E-04 2.124E+01  5 3.505E-07 1.000E+02
 6 1.320E-05 6.126E+01  7 6.274E-07 6.389E+01  8 6.266E-07 9.468E+01 10 8.527E-05 1.367E+01 11 1.385E-05 3.864E+01
12 2.491E-05 1.454E+01 13 3.424E-04 3.504E+00 15 2.284E-05 3.117E+01 16 1.497E-03 9.896E-01 17 3.391E-05 3.486E+01
19 3.626E-04 1.964E+01 20 1.159E-02 3.778E+00 22 2.880E-06 1.000E+02 23 1.948E-02 3.069E-01 24 2.687E-04 1.162E+00
26 4.915E-03 4.255E-01 27 1.454E-03 5.781E-01
173  22
 1 2.568E-05 5.489E+01  2 1.608E-03 1.586E+00  3 5.546E-05 2.270E+01  4 1.419E-03 1.811E+01  5 1.989E-05 1.000E+02
 6 1.333E-05 3.289E+01  7 5.353E-07 8.536E+01  8 1.286E-08 1.000E+02 10 8.211E-05 1.672E+01 11 6.268E-06 4.857E+01
12 2.238E-05 1.077E+01 13 3.149E-04 3.318E+00 15 1.537E-05 3.857E+01 16 1.464E-03 1.012E+00 17 8.281E-06 3.355E+01
19 3.386E-04 2.609E+01 20 1.009E-02 3.704E+00 22 3.279E-06 1.000E+02 23 1.972E-02 2.906E-01 24 2.465E-04 1.041E+00
26 5.014E-03 3.518E-01 27 1.466E-03 3.995E-01
174  21
 1 1.444E-07 1.000E+02  2 1.792E-03 2.079E+00  3 6.278E-05 1.374E+01  4 1.316E-03 2.839E+01  6 1.631E-05 3.153E+01
 7 6.416E-07 7.463E+01  8 7.601E-07 1.000E+02 10 6.982E-05 1.416E+01 11 3.121E-06 3.303E+01 12 1.389E-05 1.350E+01
13 2.891E-04 3.941E+00 15 6.920E-06 6.139E+01 16 1.454E-03 8.627E-01 17 1.484E-05 3.620E+01 19 2.055E-04 1.884E+01
20 8.000E-03 5.822E+00 22 6.676E-06 1.000E+02 23 1.991E-02 3.162E-01 24 2.212E-04 1.183E+00 26 5.100E-03 4.162E-01
27 1.474E-03 4.346E-01
175  19
 1 2.702E-05 9.200E+01  2 2.070E-03 1.866E+00  3 6.178E-05 2.070E+01  4 1.680E-03 1.791E+01  6 8.487E-06 4.544E+01
 7 8.605E-08 1.000E+02 10 8.614E-05 1.217E+01 11 1.763E-06 5.881E+01 12 1.683E-05 1.953E+01 13 2.597E-04 3.995E+00
15 1.839E-05 5.226E+01 16 1.417E-03 1.048E+00 17 2.530E-05 5.524E+01 19 3.032E-04 2.590E+01 20 7.094E-03 3.600E+00
23 2.006E-02 3.287E-01 24 1.931E-04 1.120E+00 26 5.130E-03 5.183E-01 27 1.466E-03 5.771E-01
176  20
 1 2.960E-05 6.892E+01  2 2.517E-03 1.495E+00  3 3.429E-05 1.409E+01  4 1.941E-03 1.758E+01  6 1.428E-05 5.610E+01
 7 3.823E-08 6.534E+01  8 1.345E-06 1.000E+02 10 6.253E-05 1.466E+01 11 3.323E-06 5.614E+01 12 1.249E-05 2.228E+01
13 2.316E-04 4.327E+00 15 1.419E-05 6.902E+01 16 1.452E-03 7.873E-01 17 5.018E-06 4.614E+01 19 1.648E-04 2.630E+01
20 6.757E-03 5.665E+00 23 2.034E-02 3.576E-01 24 1.746E-04 1.287E+00 26 5.247E-03 4.437E-01 27 1.484E-03 5.925E-01
177  18
 2 2.761E-03 1.447E+00  3 2.977E-05 1.673E+01  4 2.012E-03 2.046E+01  6 4.557E-06 6.455E+01  7 2.329E-07 7.625E+01
10 5.821E-05 1.538E+01 11 1.739E-06 5.834E+01 12 1.322E-05 1.731E+01 13 1.901E-04 4.718E+00 15 3.026E-06 6.440E+01
16 1.429E-03 1.250E+00 17 1.523E-05 3.815E+01 19 1.747E-04 3.294E+01 20 5.838E-03 6.398E+00 23 2.036E-02 3.384E-01
24 1.602E-04 1.251E+00 26 5.276E-03 4.113E-01 27 1.483E-03 4.397E-01
178  20
 1 1.696E-05 8.228E+01  2 3.064E-03 1.519E+00  3 1.632E-05 2.589E+01  4 2.587E-03 1.329E+01  5 6.163E-07 1.000E+02
 6 1.088E-05 4.379E+01  7 8.983E-08 6.908E+01 10 4.425E-05 2.136E+01 11 2.325E-06 8.635E+01 12 8.990E-06 2.286E+01
13 1.794E-04 4.824E+00 15 1.074E-05 4.837E+01 16 1.429E-03 1.040E+00 17 1.558E-05 3.814E+01 19 1.022E-04 4.569E+01
20 4.706E-03 7.241E+00 23 2.028E-02 3.046E-01 24 1.404E-04 1.107E+00 26 5.285E-03 4.388E-01 27 1.474E-03 5.138E-01
179  19
 1 5.855E-06 1.000E+02  2 3.621E-03 1.117E+00  3 4.554E-05 1.183E+01  4 3.214E-03 1.739E+01  6 8.242E-06 4.471E+01
 7 1.192E-07 8.643E+01 10 2.886E-05 1.429E+01 11 2.315E-06 6.849E+01 12 1.018E-05 2.427E+01 13 1.550E-04 3.268E+00
15 6.338E-06 5.158E+01 16 1.370E-03 9.720E-01 17 5.307E-06 4.497E+01 19 1.382E-04 3.243E+01 20 4.772E-03 6.110E+00
23 2.054E-02 3.171E-01 24 1.288E-04 1.569E+00 26 5.413E-03 4.496E-01 27 1.491E-03 5.062E-01
180  18
 2 4.181E-03 1.251E+00  3 4.092E-05 2.099E+01  4 2.796E-03 1.858E+01  6 3.068E-06 8.601E+01  8 4.210E-07 1.000E+02
10 4.080E-05 1.674E+01 11 4.033E-06 4.967E+01 12 9.801E-06 2.082E+01 13 1.443E-04 5.717E+00 15 9.785E-06 6.694E+01
16 1.405E-03 1.196E+00 17 4.800E-06 4.405E+01 19 1.049E-04 2.965E+01 20 3.881E-03 8.168E+00 23 2.062E-02 3.497E-01
24 1.197E-04 1.477E+00 26 5.460E-03 4.241E-01 27 1.486E-03 4.556E-01
181  21
 2 4.823E-03 1.161E+00  3 2.472E-05 2.076E+01  4 4.682E-03 1.270E+01  5 4.861E-05 1.000E+02  6 5.801E-06 4.374E+01
 7 2.594E-06 7.192E+01  8 1.360E-06 7.557E+01  9 2.341E-07 1.000E+02 10 3.908E-05 2.395E+01 11 3.180E-06 6.962E+01
12 8.600E-06 1.638E+01 13 1.330E-04 6.480E+00 15 6.277E-06 6.699E+01 16 1.411E-03 1.026E+00 17 1.155E-05 4.848E+01
19 7.027E-05 5.540E+01 20 3.178E-03 6.562E+00 23 2.076E-02 3.124E-01 24 1.054E-04 1.627E+00 26 5.648E-03 4.108E-01
27 1.519E-03 4.103E-01
182  20
 2 5.772E-03 1.059E+00  3 2.124E-05 1.965E+01  4 4.914E-03 1.143E+01  6 5.812E-06 6.421E+01  7 6.812E-07 6.735E+01
 8 1.924E-06 6.550E+01  9 2.157E-06 1.000E+02 10 2.865E-05 1.792E+01 11 6.930E-07 6.160E+01 12 6.516E-06 2.429E+01
13 1.179E-04 6.444E+00 15 1.649E-05 5.702E+01 16 1.364E-03 1.027E+00 17 1.012E-05 6.438E+01 19 8.368E-05 2.944E+01
20 2.996E-03 6.885E+00 23 2.098E-02 3.112E-01 24 9.648E-05 1.563E+00 26 5.846E-03 4.464E-01 27 1.460E-03 4.908E-01
183  20
 1 1.192E-07 1.000E+02  2 7.051E-03 1.118E+00  3 2.209E-05 2.980E+01  4 6.990E-03 1.070E+01  6 3.443E-06 5.317E+01
 7 1.191E-06 7.067E+01  8 4.037E-07 8.971E+01 10 3.222E-05 1.375E+01 11 1.701E-06 9.748E+01 12 7.489E-06 2.891E+01
13 9.886E-05 4.796E+00 15 3.736E-06 8.814E+01 16 1.371E-03 1.062E+00 17 6.284E-06 5.535E+01 19 5.916E-05 5.282E+01
20 2.342E-03 8.069E+00 23 2.115E-02 3.297E-01 24 8.655E-05 1.925E+00 26 6.253E-03 3.846E-01 27 1.551E-03 3.986E-01
184  20
 1 2.066E-06 7.388E+01  2 9.581E-03 1.030E+00  3 2.245E-05 2.855E+01  4 1.036E-02 4.623E+00  5 8.240E-06 1.000E+02
 6 9.701E-07 1.000E+02  7 1.438E-07 9.284E+01 10 2.832E-05 2.795E+01 11 1.198E-06 7.274E+01 12 8.007E-06 1.966E+01
13 1.012E-04 5.000E+00 15 1.834E-06 9.745E+01 16 1.382E-03 1.265E+00 17 1.781E-05 4.434E+01 19 3.583E-05 4.224E+01
20 2.297E-03 7.080E+00 23 2.147E-02 3.107E-01 24 7.967E-05 2.319E+00 26 6.562E-03 4.067E-01 27 1.621E-03 4.850E-01
185  19
 1 5.677E-06 7.154E+01  2 1.235E-02 6.933E-01  3 3.617E-05 2.551E+01  4 1.402E-02 8.524E+00  6 5.858E-06 7.778E+01
 7 1.862E-06 7.971E+01 10 2.281E-05 1.876E+01 11 1.774E-07 1.000E+02 12 3.443E-06 2.859E+01 13 8.707E-05 7.532E+00
15 1.646E-05 6.424E+01 16 1.349E-03 8.373E-01 17 1.468E-05 6.424E+01 19 3.876E-05 5.324E+01 20 1.677E-03 1.228E+01
23 2.161E-02 2.837E-01 24 6.819E-05 1.551E+00 26 6.744E-03 3.990E-01 27 1.651E-03 5.023E-01
186  19
 2 1.531E-02 5.764E-01  3 2.828E-05 2.881E+01  4 1.278E-01 2.983E+00  6 3.678E-06 5.561E+01  7 8.427E-07 9.005E+01
 8 8.197E-07 1.000E+02 10 1.777E-05 3.692E+01 11 1.178E-06 8.215E+01 12 7.983E-06 1.695E+01 13 7.570E-05 7.119E+00
15 7.043E-06 6.796E+01 16 1.277E-03 1.052E+00 17 1.767E-05 5.231E+01 19 1.797E-04 3.965E+01 20 1.637E-03 1.082E+01
23 2.152E-02 3.205E-01 24 6.252E-05 1.886E+00 26 6.742E-03 3.724E-01 27 1.641E-03 3.616E-01
187  19
 1 9.413E-08 1.000E+02  2 1.871E-02 5.327E-01  3 2.061E-05 2.795E+01  4 1.342E-01 2.656E+00  6 6.677E-06 1.000E+02
 7 7.039E-07 1.000E+02 10 1.629E-05 2.826E+01 11 1.451E-06 7.238E+01 12 4.430E-06 2.148E+01 13 5.629E-05 7.841E+00
15 7.431E-06 8.373E+01 16 1.294E-03 1.136E+00 17 8.136E-06 9.757E+01 19 7.278E-06 4.695E+01 20 1.441E-03 1.111E+01
23 2.147E-02 3.327E-01 24 5.722E-05 1.953E+00 26 6.561E-03 4.190E-01 27 1.568E-03 4.578E-01
188  17
 2 2.197E-02 5.491E-01  3 1.569E-05 2.387E+01  4 1.349E-01 2.477E+00  6 2.900E-06 5.017E+01 10 2.011E-05 2.614E+01
11 5.316E-07 1.000E+02 12 2.899E-06 3.519E+01 13 5.997E-05 9.402E+00 15 2.756E-06 1.000E+02 16 1.265E-03 1.208E+00
17 5.039E-06 6.538E+01 19 4.373E-05 5.298E+01 20 1.060E-03 1.508E+01 23 2.123E-02 3.192E-01 24 5.276E-05 2.909E+00
26 6.302E-03 4.296E-01 27 1.495E-03 4.685E-01
189  19
 2 2.524E-02 5.407E-01  3 2.618E-05 2.271E+01  4 1.251E-01 2.631E+00  6 1.374E-06 9.373E+01  7 3.895E-07 1.000E+02
 8 1.223E-06 7.086E+01 10 1.774E-05 2.328E+01 11 1.229E-06 7.947E+01 12 8.684E-06 2.945E+01 13 5.713E-05 9.093E+00
15 9.448E-06 6.442E+01 16 1.259E-03 1.064E+00 17 5.277E-06 5.920E+01 19 5.766E-05 3.918E+01 20 1.132E-03 1.287E+01
23 2.103E-02 3.406E-01 24 4.816E-05 2.338E+00 26 6.016E-03 3.493E-01 27 1.413E-03 3.727E-01
190  17
 2 2.795E-02 4.789E-01  3 1.370E-05 2.556E+01  4 1.384E-02 7.625E+00  6 2.009E-08 1.000E+02  7 1.428E-07 1.000E+02
10 8.877E-06 3.397E+01 11 1.749E-08 1.000E+02 12 3.515E-06 3.259E+01 13 5.414E-05 9.232E+00 16 1.331E-03 1.103E+00
17 3.318E-06 9.905E+01 19 1.312E-05 7.993E+01 20 7.089E-04 1.674E+01 23 2.087E-02 2.949E-01 24 4.336E-05 2.028E+00
26 5.858E-03 3.283E-01 27 1.367E-03 3.391E-01
191  19
 2 3.003E-02 4.843E-01  3 7.522E-06 3.314E+01  4 1.208E-02 6.975E+00  6 2.979E-06 9.075E+01  7 6.441E-08 7.484E+01
 8 2.410E-07 1.000E+02 10 1.348E-05 3.537E+01 11 1.815E-07 8.626E+01 12 4.620E-06 2.644E+01 13 5.096E-05 1.143E+01
15 4.349E-07 1.000E+02 16 1.319E-03 9.397E-01 17 6.633E-08 7.459E+01 19 7.520E-05 5.080E+01 20 7.674E-04 1.752E+01
23 2.086E-02 3.056E-01 24 3.840E-05 2.360E+00 26 5.842E-03 3.461E-01 27 1.357E-03 3.871E-01
192  18
 2 3.130E-02 6.397E-01  3 1.652E-05 3.358E+01  4 7.051E-03 9.053E+00  6 2.743E-08 1.000E+02  7 4.790E-07 1.000E+02
 8 9.409E-07 1.000E+02 10 6.699E-06 2.770E+01 12 3.134E-06 3.848E+01 13 5.663E-05 9.735E+00 15 2.066E-06 1.000E+02
16 1.331E-03 1.132E+00 17 2.774E-07 1.000E+02 19 1.336E-05 4.940E+01 20 5.964E-04 2.247E+01 23 2.078E-02 3.577E-01
24 3.821E-05 3.736E+00 26 5.861E-03 4.347E-01 27 1.361E-03 4.879E-01
193  16
 2 3.233E-02 5.027E-01  3 1.424E-05 2.724E+01  4 5.683E-03 8.699E+00  6 3.684E-07 8.427E+01  7 2.452E-07 1.000E+02
10 8.766E-06 3.152E+01 12 1.996E-06 4.070E+01 13 3.636E-05 1.192E+01 16 1.320E-03 9.206E-01 17 2.179E-07 9.667E+01
19 1.926E-05 5.839E+01 20 4.649E-04 2.039E+01 23 2.068E-02 2.961E-01 24 3.337E-05 3.386E+00 26 5.829E-03 3.664E-01
27 1.350E-03 3.956E-01
194  18
 2 3.325E-02 5.433E-01  3 2.052E-05 5.345E+01  4 4.390E-03 1.355E+01  5 5.069E-07 1.000E+02  6 1.775E-06 9.799E+01
10 5.676E-06 4.745E+01 11 1.092E-07 1.000E+02 12 1.460E-06 4.382E+01 13 4.283E-05 1.197E+01 15 3.686E-06 7.678E+01
16 1.292E-03 1.099E+00 17 9.372E-07 9.151E+01 19 7.040E-06 9.779E+01 20 6.337E-04 2.008E+01 23 2.065E-02 3.291E-01
24 3.058E-05 3.237E+00 26 5.796E-03 4.018E-01 27 1.343E-03 4.532E-01
195  17
 2 3.264E-02 3.383E-01  3 1.202E-05 2.761E+01  4 4.381E-03 1.619E+01  6 2.869E-07 1.000E+02 10 1.015E-05 5.408E+01
11 6.637E-07 1.000E+02 12 4.550E-06 4.617E+01 13 3.674E-05 1.110E+01 15 3.603E-06 6.194E+01 16 1.323E-03 1.224E+00
17 3.972E-07 1.000E+02 19 1.003E-05 7.137E+01 20 2.668E-04 2.258E+01 23 2.034E-02 3.069E-01 24 2.777E-05 3.934E+00
26 5.746E-03 3.620E-01 27 1.327E-03 3.892E-01
196  16
 2 3.209E-02 5.272E-01  3 9.651E-06 3.333E+01  4 3.421E-03 1.303E+01  6 3.420E-06 6.225E+01 10 6.552E-06 2.988E+01
12 1.162E-06 4.354E+01 13 2.574E-05 1.399E+01 15 2.642E-06 1.000E+02 16 1.334E-03 1.045E+00 17 3.226E-07 1.000E+02
19 2.030E-05 6.859E+01 20 3.928E-04 1.893E+01 23 1.994E-02 3.046E-01 24 2.376E-05 2.925E+00 26 5.637E-03 3.501E-01
27 1.307E-03 3.727E-01
197  17
 1 8.041E-06 1.000E+02  2 3.109E-02 5.944E-01  3 1.328E-05 3.022E+01  4 1.899E-03 1.352E+01 10 8.614E-06 3.446E+01
11 6.748E-07 1.000E+02 12 1.808E-06 3.178E+01 13 2.695E-05 1.259E+01 15 3.562E-07 1.000E+02 16 1.315E-03 1.331E+00
17 2.731E-06 1.000E+02 19 5.187E-05 1.000E+02 20 4.383E-04 1.922E+01 23 1.964E-02 3.598E-01 24 2.258E-05 3.303E+00
26 5.635E-03 4.225E-01 27 1.307E-03 5.162E-01
198  16
 2 2.997E-02 4.894E-01  3 4.537E-06 3.547E+01  4 2.379E-03 1.702E+01  6 1.558E-08 1.000E+02 10 5.556E-06 5.598E+01
12 2.095E-06 5.006E+01 13 2.148E-05 1.627E+01 15 3.652E-06 9.793E+01 16 1.336E-03 1.040E+00 17 6.370E-08 1.000E+02
19 1.756E-05 7.373E+01 20 4.923E-04 1.531E+01 23 1.926E-02 3.065E-01 24 2.032E-05 3.720E+00 26 5.586E-03 3.779E-01
27 1.296E-03 4.150E-01
199  17
 1 7.118E-06 1.000E+02  2 2.817E-02 4.194E-01  3 5.048E-06 4.542E+01  4 1.836E-03 2.247E+01  6 4.587E-07 1.000E+02
 7 3.194E-07 1.000E+02 10 4.860E-06 4.150E+01 11 1.350E-06 6.919E+01 12 6.848E-07 6.137E+01 13 2.015E-05 1.482E+01
16 1.317E-03 1.074E+00 19 2.801E-07 1.000E+02 20 2.268E-04 2.575E+01 23 1.876E-02 3.290E-01 24 1.689E-05 4.957E+00
26 5.572E-03 3.678E-01 27 1.300E-03 3.985E-01
200  15
 2 2.574E-02 5.223E-01  3 1.233E-05 3.588E+01  4 1.631E-03 1.748E+01 10 5.146E-06 5.341E+01 12 7.862E-07 4.762E+01
13 1.621E-05 1.322E+01 15 2.423E-06 9.784E+01 16 1.367E-03 1.350E+00 17 6.657E-07 8.946E+01 19 1.957E-05 7.982E+01
20 1.735E-04 2.954E+01 23 1.801E-02 3.050E-01 24 1.511E-05 5.474E+00 26 5.472E-03 3.772E-01 27 1.282E-03 4.478E-01
201  16
 1 5.946E-06 1.000E+02  2 2.303E-02 6.007E-01  3 9.336E-06 5.084E+01  4 1.731E-03 1.875E+01  8 4.426E-07 1.000E+02
10 5.179E-06 4.135E+01 12 1.510E-06 5.847E+01 13 1.713E-05 1.493E+01 15 3.457E-08 1.000E+02 16 1.390E-03 1.220E+00
19 1.265E-06 9.411E+01 20 2.144E-04 2.254E+01 23 1.722E-02 3.443E-01 24 1.304E-05 4.484E+00 26 5.394E-03 3.927E-01
27 1.270E-03 4.640E-01
202  17
 2 2.012E-02 5.304E-01  3 1.493E-06 5.320E+01  4 6.415E-04 1.886E+01  6 2.211E-06 1.000E+02  7 1.246E-07 1.000E+02
10 1.177E-06 4.505E+01 12 1.220E-07 8.023E+01 13 1.128E-05 1.835E+01 15 3.290E-07 9.178E+01 16 1.402E-03 8.302E-01
17 3.729E-08 1.000E+02 19 5.222E-06 9.629E+01 20 1.755E-04 2.694E+01 23 1.629E-02 3.046E-01 24 9.550E-06 4.903E+00
26 5.268E-03 4.412E-01 27 1.246E-03 4.922E-01
203  16
 2 1.652E-02 5.517E-01  3 1.410E-06 9.480E+01  4 1.082E-03 2.422E+01  7 5.389E-07 1.000E+02  8 1.589E-07 1.000E+02
10 3.228E-06 3.675E+01 12 7.836E-07 6.106E+01 13 1.174E-05 1.941E+01 16 1.458E-03 8.529E-01 17 1.469E-08 1.000E+02
19 2.783E-06 6.884E+01 20 2.470E-04 2.581E+01 23 1.521E-02 3.615E-01 24 8.522E-06 6.282E+00 26 5.132E-03 4.022E-01
27 1.222E-03 4.418E-01
204  14
 2 1.266E-02 6.538E-01  3 1.103E-06 5.246E+01  4 5.866E-04 2.417E+01  7 7.610E-07 1.000E+02 10 2.296E-06 4.929E+01
12 6.454E-07 7.060E+01 13 1.078E-05 1.598E+01 16 1.450E-03 1.017E+00 19 3.949E-06 1.000E+02 20 2.087E-04 2.933E+01
23 1.386E-02 3.150E-01 24 6.554E-06 4.552E+00 26 4.901E-03 3.656E-01 27 1.178E-03 4.079E-01
205  14
 2 8.450E-03 8.873E-01  4 7.073E-04 2.967E+01  8 1.109E-06 1.000E+02 10 4.092E-08 7.145E+01 12 3.892E-07 5.640E+01
13 4.712E-06 2.618E+01 16 1.497E-03 6.304E-01 17 6.899E-07 1.000E+02 19 9.159E-06 1.000E+02 20 1.202E-04 2.872E+01
23 1.222E-02 3.246E-01 24 4.624E-06 5.429E+00 26 4.538E-03 3.020E-01 27 1.107E-03 3.228E-01
206  12
 2 4.984E-03 6.323E-01  3 1.429E-06 8.495E+01  4 1.206E-04 3.469E+01 10 1.002E-06 8.222E+01 12 2.251E-07 7.414E+01
13 5.263E-06 2.853E+01 16 1.569E-03 1.094E+00 20 9.703E-05 2.532E+01 23 9.881E-03 3.401E-01 24 3.684E-06 6.833E+00
26 3.713E-03 3.700E-01 27 9.136E-04 3.936E-01
207  14
 2 2.975E-03 1.065E+00  3 3.142E-07 5.785E+01  4 1.613E-04 4.408E+01  6 1.179E-06 6.896E+01 10 7.088E-07 5.977E+01
12 9.527E-07 6.844E+01 13 3.223E-06 3.222E+01 16 1.641E-03 4.838E-01 17 7.757E-07 9.769E+01 20 5.684E-05 3.224E+01
23 6.138E-03 3.732E-01 24 2.600E-06 4.640E+00 26 1.915E-03 4.497E-01 27 4.530E-04 4.424E-01
208  12
 2 1.067E-03 1.331E+00  3 2.993E-08 1.000E+02  4 9.803E-05 4.808E+01 10 9.731E-08 1.000E+02 12 4.604E-09 1.000E+02
13 4.778E-07 4.838E+01 16 1.409E-03 6.378E-01 20 9.349E-06 3.986E+01 23 1.984E-03 5.557E-01 24 6.827E-07 1.130E+01
26 3.454E-04 9.033E-01 27 7.189E-05 8.929E-01