
    ORGAN DOSE CONVERSION FACTORS FOR AN ADULT HERMAPHRODITE
    CALCULATED FOR A VARIETY OF CT SCANNERS AND CONDITIONS.
    VALUES ARE GIVEN FOR 208 5 MM SLICES SPANNING THE BODY
    FROM 100 MM BELOW THE BOTTOM OF THE TRUNK TO THE TOP OF THE HEAD.

                     ORGANS OR REGIONS
 1 ADRENALS              10 HEART                  19 THYMUS                   
 2 BRAIN                 11 KIDNEYS                20 THYROID                  
 3 BREASTS               12 LIVER                  21 URINARY BLADDER          
 4 EYE LENSES            13 LUNGS                  22 UTERUS                   
 5 GALL BLADDER          14 OVARIES                23 HEAD REGION              
 6 STOMACH               15 PANCREAS               24 TRUNK REGION             
 7 SMALL INTESTINE       16 SKIN                   25 LEG REGION               
 8 UPPER LARGE INTESTINE 17 SPLEEN                 26 SKELETON                 
 9 LOWER LARGE INTESTINE 18 TESTICLES              27 RED MARROW               

 08 GE CT 9800,9800QUICK: SHAPED FILTER (PTFE)
    FOCUS TO AXIS DISTANCE IS 630 MM
    FAN ANGLE COVERS FULL WIDTH OF TRUNK
    X-RAY SPECTRUM HAS MAXIMUM ENERGY OF 120 KEV
    INITIAL FILTRATION IS 2.7 MM OF ALUMINIUM

    CONVERSION FACTORS AND STATISTICAL UNCERTAINTIES(%) FOR ORGANS IN EACH SLICE
  1  17
 7 1.620E-05 1.687E+01  8 1.387E-05 3.927E+01  9 3.582E-04 8.269E+00 10 3.559E-07 1.000E+02 11 6.566E-07 7.509E+01
12 4.259E-07 1.000E+02 13 6.088E-09 1.000E+02 14 7.107E-05 5.172E+01 16 1.443E-03 1.129E+00 17 1.823E-06 1.000E+02
18 1.966E-03 8.343E+00 21 3.098E-04 2.027E+01 22 8.223E-05 2.454E+01 24 7.267E-05 1.814E+00 25 4.609E-03 3.112E-01
26 2.528E-03 8.882E-01 27 2.381E-04 1.222E+00
  2  17
 5 3.060E-05 1.000E+02  6 1.613E-06 1.000E+02  7 2.280E-05 1.549E+01  8 1.252E-05 3.010E+01  9 3.592E-04 1.005E+01
11 1.937E-06 6.420E+01 12 4.212E-08 1.000E+02 14 1.950E-04 4.074E+01 15 3.574E-06 6.924E+01 16 1.453E-03 9.439E-01
18 1.850E-03 9.903E+00 21 3.523E-04 1.307E+01 22 1.182E-04 3.474E+01 24 8.251E-05 1.742E+00 25 4.596E-03 3.396E-01
26 2.537E-03 5.729E-01 27 2.529E-04 1.266E+00
  3  18
 6 7.087E-07 6.701E+01  7 2.651E-05 1.638E+01  8 1.040E-05 2.529E+01  9 5.015E-04 4.638E+00 10 1.724E-08 1.000E+02
11 3.471E-06 5.668E+01 12 1.639E-06 6.933E+01 13 3.654E-07 1.000E+02 14 2.257E-04 3.779E+01 15 9.608E-06 9.387E+01
16 1.449E-03 1.284E+00 18 2.376E-03 6.860E+00 21 3.383E-04 2.143E+01 22 1.237E-04 2.253E+01 24 9.406E-05 1.942E+00
25 4.605E-03 3.651E-01 26 2.489E-03 7.228E-01 27 2.546E-04 1.071E+00
  4  17
 3 1.360E-06 1.000E+02  6 5.383E-08 1.000E+02  7 2.887E-05 1.120E+01  8 2.851E-05 2.571E+01  9 5.279E-04 5.339E+00
10 1.767E-06 1.000E+02 11 9.178E-07 8.767E+01 12 6.862E-07 5.878E+01 14 5.468E-05 5.953E+01 16 1.459E-03 1.654E+00
18 2.505E-03 8.632E+00 21 4.620E-04 1.280E+01 22 1.162E-04 2.346E+01 24 1.034E-04 1.681E+00 25 4.596E-03 3.353E-01
26 2.489E-03 7.297E-01 27 2.665E-04 1.309E+00
  5  18
 1 1.688E-07 1.000E+02  3 7.071E-07 1.000E+02  6 6.780E-08 1.000E+02  7 2.799E-05 1.348E+01  8 1.649E-05 3.028E+01
 9 5.475E-04 8.514E+00 11 5.122E-07 6.988E+01 12 5.697E-07 7.252E+01 13 2.034E-09 1.000E+02 14 1.159E-04 6.340E+01
16 1.436E-03 1.302E+00 18 2.911E-03 8.304E+00 21 4.330E-04 1.441E+01 22 1.278E-04 2.613E+01 24 1.154E-04 1.319E+00
25 4.613E-03 3.521E-01 26 2.480E-03 6.961E-01 27 2.754E-04 1.363E+00
  6  18
 3 5.472E-06 5.901E+01  6 5.504E-06 9.443E+01  7 4.127E-05 1.255E+01  8 2.277E-05 2.365E+01  9 5.465E-04 6.968E+00
11 6.819E-06 7.695E+01 12 7.250E-07 4.635E+01 13 6.518E-07 9.916E+01 14 1.471E-04 4.133E+01 15 8.756E-07 1.000E+02
16 1.431E-03 1.354E+00 18 3.237E-03 6.488E+00 21 5.556E-04 1.024E+01 22 2.055E-04 2.263E+01 24 1.289E-04 1.426E+00
25 4.576E-03 4.032E-01 26 2.473E-03 6.608E-01 27 2.844E-04 1.145E+00
  7  18
 1 2.337E-05 1.000E+02  6 6.231E-06 6.335E+01  7 4.068E-05 1.767E+01  8 4.013E-05 2.270E+01  9 7.483E-04 6.838E+00
11 9.309E-07 9.916E+01 12 2.768E-06 3.830E+01 14 8.958E-05 4.373E+01 15 4.835E-06 5.766E+01 16 1.476E-03 1.314E+00
17 4.147E-07 1.000E+02 18 3.361E-03 5.804E+00 21 5.428E-04 1.162E+01 22 2.279E-04 1.819E+01 24 1.475E-04 1.962E+00
25 4.566E-03 3.587E-01 26 2.461E-03 6.472E-01 27 2.968E-04 1.089E+00
  8  18
 3 2.364E-06 7.973E+01  6 1.195E-06 9.282E+01  7 5.086E-05 1.202E+01  8 3.560E-05 2.488E+01  9 7.286E-04 5.414E+00
10 9.672E-07 1.000E+02 11 7.170E-07 6.466E+01 12 4.613E-07 5.139E+01 14 2.423E-04 3.909E+01 16 1.443E-03 1.064E+00
17 2.514E-07 1.000E+02 18 3.486E-03 7.861E+00 21 6.376E-04 1.097E+01 22 1.791E-04 2.029E+01 24 1.608E-04 1.345E+00
25 4.554E-03 4.617E-01 26 2.445E-03 9.637E-01 27 3.054E-04 1.515E+00
  9  22
 1 1.905E-05 1.000E+02  3 4.146E-06 5.791E+01  5 8.520E-05 7.308E+01  6 7.969E-06 4.713E+01  7 4.929E-05 1.033E+01
 8 3.548E-05 1.919E+01  9 8.646E-04 5.285E+00 10 5.417E-08 1.000E+02 11 2.521E-08 6.890E+01 12 1.634E-06 4.483E+01
13 4.437E-09 1.000E+02 14 6.356E-05 5.895E+01 15 1.525E-06 9.114E+01 16 1.421E-03 8.889E-01 17 3.701E-06 6.926E+01
18 3.834E-03 6.949E+00 21 8.069E-04 1.082E+01 22 2.738E-04 1.436E+01 24 1.870E-04 1.653E+00 25 4.529E-03 3.628E-01
26 2.410E-03 5.711E-01 27 3.131E-04 8.651E-01
 10  19
 3 1.686E-06 4.410E+01  6 2.757E-06 6.977E+01  7 6.284E-05 1.054E+01  8 3.720E-05 2.602E+01  9 9.311E-04 4.836E+00
10 1.579E-06 1.000E+02 11 1.906E-06 5.447E+01 12 2.666E-06 3.718E+01 13 5.967E-08 1.000E+02 14 1.876E-04 3.789E+01
16 1.472E-03 1.169E+00 17 1.053E-07 1.000E+02 18 4.760E-03 5.290E+00 21 7.743E-04 1.104E+01 22 2.296E-04 1.523E+01
24 2.079E-04 1.253E+00 25 4.479E-03 3.694E-01 26 2.396E-03 8.513E-01 27 3.197E-04 1.233E+00
 11  19
 3 9.503E-07 5.129E+01  5 3.125E-05 1.000E+02  6 1.349E-05 5.014E+01  7 6.832E-05 1.282E+01  8 4.466E-05 2.616E+01
 9 1.096E-03 4.506E+00 11 2.546E-06 9.361E+01 12 2.312E-06 3.646E+01 13 5.389E-08 1.000E+02 14 1.972E-04 4.601E+01
16 1.957E-03 1.024E+00 17 1.279E-07 1.000E+02 18 7.292E-03 5.866E+00 21 9.123E-04 8.058E+00 22 3.273E-04 2.089E+01
24 2.314E-04 1.096E+00 25 4.472E-03 4.203E-01 26 2.333E-03 8.029E-01 27 3.295E-04 1.425E+00
 12  21
 3 1.080E-06 4.998E+01  5 1.019E-05 5.989E+01  6 8.128E-07 8.747E+01  7 6.501E-05 1.063E+01  8 6.211E-05 2.188E+01
 9 1.119E-03 4.760E+00 10 2.884E-07 6.884E+01 11 2.027E-06 6.123E+01 12 2.632E-06 3.119E+01 13 4.124E-08 8.528E+01
14 7.172E-05 4.504E+01 15 2.740E-06 1.000E+02 16 1.596E-03 8.648E-01 17 1.036E-06 1.000E+02 18 1.842E-02 3.068E+00
21 1.086E-03 7.526E+00 22 3.146E-04 1.845E+01 24 2.616E-04 1.165E+00 25 4.376E-03 4.061E-01 26 2.205E-03 6.961E-01
27 3.302E-04 1.572E+00
 13  18
 3 3.008E-06 5.888E+01  6 2.577E-06 5.515E+01  7 6.968E-05 8.784E+00  8 6.075E-05 2.290E+01  9 1.297E-03 5.008E+00
11 6.451E-06 4.408E+01 12 2.300E-06 2.719E+01 14 1.596E-04 3.350E+01 15 8.123E-07 8.339E+01 16 1.537E-03 1.208E+00
17 8.454E-07 8.954E+01 18 3.263E-02 2.250E+00 21 1.161E-03 1.000E+01 22 4.926E-04 1.478E+01 24 2.995E-04 1.395E+00
25 4.364E-03 3.066E-01 26 2.198E-03 5.548E-01 27 3.499E-04 1.200E+00
 14  22
 1 4.056E-06 1.000E+02  3 5.575E-06 6.173E+01  5 1.212E-05 5.944E+01  6 5.980E-06 5.760E+01  7 9.330E-05 7.545E+00
 8 5.144E-05 1.556E+01  9 1.612E-03 4.310E+00 10 2.764E-06 9.630E+01 11 1.859E-06 6.267E+01 12 5.814E-06 3.570E+01
13 3.253E-07 9.028E+01 14 2.894E-04 4.273E+01 15 2.386E-06 1.000E+02 16 1.539E-03 8.839E-01 17 3.592E-07 1.000E+02
18 4.175E-02 1.702E+00 21 1.307E-03 7.594E+00 22 3.089E-04 1.351E+01 24 3.358E-04 1.426E+00 25 4.294E-03 3.847E-01
26 2.185E-03 9.242E-01 27 3.622E-04 1.351E+00
 15  20
 3 2.322E-06 6.436E+01  5 7.686E-07 1.000E+02  6 7.190E-06 5.932E+01  7 9.390E-05 7.228E+00  8 8.078E-05 1.668E+01
 9 1.512E-03 5.037E+00 11 4.273E-06 5.922E+01 12 3.612E-06 2.765E+01 13 5.802E-07 6.553E+01 14 3.578E-04 4.417E+01
15 9.140E-06 9.822E+01 16 1.541E-03 1.236E+00 17 2.758E-07 7.003E+01 18 4.762E-02 1.693E+00 21 1.406E-03 7.538E+00
22 4.738E-04 1.423E+01 24 3.792E-04 7.503E-01 25 4.214E-03 3.849E-01 26 2.141E-03 9.396E-01 27 3.799E-04 1.343E+00
 16  20
 3 4.257E-06 5.141E+01  6 1.198E-05 5.348E+01  7 8.606E-05 1.113E+01  8 7.208E-05 1.737E+01  9 1.785E-03 3.744E+00
10 9.562E-07 1.000E+02 11 3.212E-06 5.470E+01 12 5.480E-06 2.623E+01 13 2.338E-09 1.000E+02 14 4.811E-04 3.962E+01
15 9.380E-06 9.781E+01 16 1.503E-03 1.402E+00 17 5.083E-06 6.478E+01 18 4.663E-02 1.928E+00 21 1.637E-03 8.192E+00
22 4.390E-04 1.607E+01 24 4.229E-04 8.984E-01 25 4.092E-03 4.097E-01 26 2.053E-03 7.399E-01 27 3.905E-04 1.735E+00
 17  20
 3 5.478E-07 7.937E+01  5 2.306E-05 7.099E+01  6 2.888E-05 3.832E+01  7 1.250E-04 8.491E+00  8 1.104E-04 1.781E+01
 9 2.268E-03 3.991E+00 10 9.891E-08 1.000E+02 11 7.237E-06 3.008E+01 12 6.946E-06 3.263E+01 14 4.927E-04 2.464E+01
15 1.806E-06 1.000E+02 16 1.512E-03 1.062E+00 17 1.294E-05 6.012E+01 18 4.594E-02 2.682E+00 21 1.977E-03 4.389E+00
22 6.174E-04 9.998E+00 24 4.931E-04 5.926E-01 25 3.997E-03 3.936E-01 26 2.053E-03 8.095E-01 27 4.247E-04 1.117E+00
 18  20
 3 5.015E-06 6.406E+01  5 5.345E-06 1.000E+02  6 1.545E-05 4.514E+01  7 1.247E-04 8.643E+00  8 1.111E-04 1.752E+01
 9 2.221E-03 3.097E+00 11 1.343E-05 4.383E+01 12 6.380E-06 3.539E+01 13 4.632E-07 8.973E+01 14 2.976E-04 2.893E+01
15 6.357E-07 1.000E+02 16 1.488E-03 1.304E+00 17 1.053E-05 4.935E+01 18 3.940E-02 2.290E+00 21 2.335E-03 7.735E+00
22 5.640E-04 8.290E+00 24 5.576E-04 5.977E-01 25 3.837E-03 3.242E-01 26 1.970E-03 7.715E-01 27 4.431E-04 1.178E+00
 19  21
 3 9.020E-06 3.933E+01  5 2.498E-05 7.931E+01  6 5.836E-06 5.573E+01  7 1.572E-04 7.745E+00  8 9.562E-05 1.623E+01
 9 2.771E-03 3.333E+00 10 6.774E-08 1.000E+02 11 2.793E-06 5.208E+01 12 5.967E-06 2.665E+01 13 7.457E-07 7.049E+01
14 5.606E-04 2.430E+01 15 3.949E-08 1.000E+02 16 1.462E-03 9.994E-01 17 3.314E-06 8.732E+01 18 2.952E-02 3.463E+00
21 1.930E-03 7.132E+00 22 6.550E-04 1.078E+01 24 6.482E-04 9.542E-01 25 3.680E-03 4.853E-01 26 1.898E-03 1.052E+00
27 4.804E-04 1.524E+00
 20  21
 3 1.291E-05 4.466E+01  5 1.344E-05 1.000E+02  6 1.083E-05 4.745E+01  7 1.540E-04 7.868E+00  8 1.245E-04 8.667E+00
 9 3.283E-03 3.581E+00 10 2.943E-06 1.000E+02 11 6.728E-06 4.237E+01 12 5.345E-06 2.198E+01 13 3.143E-07 5.724E+01
14 3.217E-04 3.672E+01 15 1.307E-05 7.092E+01 16 1.422E-03 1.313E+00 17 9.027E-06 6.766E+01 18 1.611E-02 3.491E+00
21 2.408E-03 6.596E+00 22 6.467E-04 9.456E+00 24 7.751E-04 7.535E-01 25 3.419E-03 4.273E-01 26 1.834E-03 8.174E-01
27 5.235E-04 1.467E+00
 21  21
 3 1.855E-07 9.413E+01  5 1.020E-05 6.912E+01  6 1.955E-05 3.558E+01  7 1.827E-04 6.378E+00  8 1.359E-04 1.448E+01
 9 4.607E-03 3.265E+00 10 3.493E-06 7.860E+01 11 5.328E-06 3.991E+01 12 9.866E-06 2.786E+01 13 6.128E-08 7.443E+01
14 3.386E-04 2.593E+01 15 3.980E-06 7.109E+01 16 1.183E-03 1.331E+00 17 4.843E-06 5.754E+01 18 8.755E-03 3.865E+00
21 3.275E-03 6.308E+00 22 8.143E-04 1.217E+01 24 1.734E-03 4.395E-01 25 1.580E-03 6.870E-01 26 1.663E-03 8.289E-01
27 8.103E-04 1.655E+00
 22  19
 3 3.021E-06 9.387E+01  6 5.632E-06 5.847E+01  7 1.991E-04 7.523E+00  8 1.350E-04 1.274E+01  9 5.099E-03 3.284E+00
11 1.777E-05 3.158E+01 12 4.183E-06 2.154E+01 13 1.263E-06 4.672E+01 14 4.188E-04 2.977E+01 15 5.668E-06 7.014E+01
16 1.162E-03 1.190E+00 17 3.036E-06 6.097E+01 18 6.898E-03 4.471E+00 21 3.513E-03 5.360E+00 22 9.797E-04 9.448E+00
24 1.859E-03 3.801E-01 25 1.331E-03 6.228E-01 26 1.618E-03 8.794E-01 27 8.692E-04 1.293E+00
 23  22
 1 1.361E-06 1.000E+02  3 2.898E-06 8.666E+01  5 3.433E-05 6.926E+01  6 2.130E-05 3.949E+01  7 2.177E-04 5.097E+00
 8 1.417E-04 1.021E+01  9 5.580E-03 2.260E+00 11 1.304E-05 4.357E+01 12 7.122E-06 2.567E+01 13 6.297E-08 1.000E+02
14 7.719E-04 3.182E+01 15 1.094E-05 6.672E+01 16 1.162E-03 1.267E+00 17 1.475E-05 5.906E+01 18 6.303E-03 6.043E+00
21 3.819E-03 4.441E+00 22 1.146E-03 1.057E+01 23 2.629E-09 1.000E+02 24 1.964E-03 4.146E-01 25 1.146E-03 6.870E-01
26 1.545E-03 9.826E-01 27 8.865E-04 1.455E+00
 24  21
 3 8.449E-07 7.003E+01  5 1.101E-05 7.266E+01  6 9.969E-06 3.418E+01  7 2.610E-04 5.486E+00  8 1.684E-04 1.081E+01
 9 6.966E-03 2.825E+00 10 5.613E-08 7.475E+01 11 1.318E-05 2.497E+01 12 9.941E-06 1.970E+01 13 1.849E-06 4.002E+01
14 7.804E-04 2.189E+01 15 1.371E-05 6.482E+01 16 1.139E-03 1.338E+00 17 5.722E-06 5.218E+01 18 5.036E-03 6.296E+00
21 3.946E-03 5.366E+00 22 1.095E-03 8.669E+00 24 2.050E-03 3.126E-01 25 1.027E-03 8.015E-01 26 1.545E-03 8.837E-01
27 9.312E-04 1.440E+00
 25  22
 1 8.932E-06 1.000E+02  3 7.423E-06 5.356E+01  5 1.042E-04 7.723E+01  6 2.197E-05 3.021E+01  7 2.563E-04 4.359E+00
 8 2.196E-04 1.080E+01  9 7.632E-03 2.205E+00 10 1.599E-06 8.818E+01 11 2.340E-05 2.542E+01 12 1.122E-05 2.366E+01
13 4.480E-07 7.002E+01 14 9.963E-04 2.707E+01 15 7.304E-06 5.740E+01 16 1.114E-03 1.850E+00 17 5.618E-06 7.159E+01
18 4.189E-03 4.471E+00 21 4.675E-03 4.437E+00 22 1.181E-03 9.744E+00 24 2.099E-03 3.995E-01 25 8.809E-04 8.752E-01
26 1.461E-03 7.953E-01 27 9.451E-04 1.348E+00
 26  21
 3 4.404E-06 4.693E+01  5 5.132E-05 7.623E+01  6 1.095E-05 3.444E+01  7 3.006E-04 4.433E+00  8 2.314E-04 1.018E+01
 9 7.521E-03 2.438E+00 10 2.342E-06 5.905E+01 11 1.194E-05 3.394E+01 12 1.559E-05 1.704E+01 13 7.869E-07 5.177E+01
14 1.564E-03 1.974E+01 15 1.274E-05 6.263E+01 16 1.109E-03 1.025E+00 17 1.641E-05 4.114E+01 18 3.803E-03 5.926E+00
21 4.994E-03 4.832E+00 22 1.381E-03 8.518E+00 24 2.158E-03 3.997E-01 25 7.788E-04 8.387E-01 26 1.445E-03 8.865E-01
27 9.846E-04 1.229E+00
 27  20
 5 4.463E-05 8.175E+01  6 1.631E-05 2.830E+01  7 3.174E-04 4.027E+00  8 2.847E-04 8.914E+00  9 7.524E-03 1.692E+00
10 6.433E-09 1.000E+02 11 2.515E-05 2.954E+01 12 9.146E-06 1.985E+01 13 4.814E-07 5.793E+01 14 1.427E-03 2.051E+01
15 4.886E-06 4.243E+01 16 1.103E-03 1.061E+00 17 4.136E-06 4.073E+01 18 3.073E-03 7.654E+00 21 5.482E-03 3.707E+00
22 1.741E-03 6.090E+00 24 2.193E-03 2.998E-01 25 6.948E-04 8.727E-01 26 1.421E-03 8.096E-01 27 9.865E-04 1.096E+00
 28  21
 3 3.887E-06 8.577E+01  5 6.023E-05 6.042E+01  6 3.719E-05 3.400E+01  7 3.720E-04 3.458E+00  8 2.837E-04 8.902E+00
 9 7.812E-03 2.471E+00 10 1.284E-07 7.954E+01 11 2.806E-05 2.116E+01 12 2.113E-05 1.614E+01 13 1.902E-06 3.693E+01
14 1.101E-03 2.146E+01 15 7.643E-06 5.401E+01 16 1.085E-03 1.385E+00 17 1.309E-05 3.833E+01 18 2.907E-03 6.281E+00
21 6.657E-03 3.596E+00 22 2.020E-03 6.453E+00 24 2.238E-03 3.216E-01 25 6.033E-04 1.165E+00 26 1.389E-03 8.550E-01
27 1.029E-03 1.166E+00
 29  21
 3 1.517E-07 6.900E+01  5 1.146E-04 7.644E+01  6 2.948E-05 2.265E+01  7 4.160E-04 3.351E+00  8 3.535E-04 8.150E+00
 9 7.696E-03 2.299E+00 10 3.187E-06 5.842E+01 11 2.812E-05 2.361E+01 12 1.624E-05 1.865E+01 13 8.379E-07 5.134E+01
14 8.871E-04 1.592E+01 15 1.535E-05 4.591E+01 16 1.095E-03 1.308E+00 17 1.907E-05 3.966E+01 18 2.353E-03 6.745E+00
21 7.529E-03 3.068E+00 22 2.130E-03 6.471E+00 24 2.294E-03 3.755E-01 25 5.486E-04 9.561E-01 26 1.390E-03 7.295E-01
27 1.049E-03 1.084E+00
 30  22
 1 6.292E-06 6.528E+01  3 5.916E-06 4.904E+01  5 2.387E-07 1.000E+02  6 2.832E-05 3.677E+01  7 4.519E-04 3.749E+00
 8 3.406E-04 7.593E+00  9 6.487E-03 1.963E+00 10 9.401E-07 9.352E+01 11 3.276E-05 2.990E+01 12 2.177E-05 1.792E+01
13 3.444E-06 4.365E+01 14 1.120E-03 1.649E+01 15 6.788E-06 4.916E+01 16 1.070E-03 1.424E+00 17 2.836E-05 7.048E+01
18 1.967E-03 8.037E+00 21 1.434E-02 3.658E+00 22 2.195E-03 5.664E+00 24 2.310E-03 3.597E-01 25 4.811E-04 1.240E+00
26 1.334E-03 7.754E-01 27 1.024E-03 9.724E-01
 31  22
 1 2.718E-05 9.378E+01  3 5.718E-06 7.262E+01  5 2.974E-05 9.938E+01  6 3.109E-05 3.682E+01  7 4.939E-04 3.570E+00
 8 3.622E-04 7.362E+00  9 6.099E-03 2.918E+00 10 6.260E-06 5.314E+01 11 4.984E-05 2.729E+01 12 2.112E-05 1.453E+01
13 4.383E-06 3.702E+01 14 2.472E-03 1.195E+01 15 1.918E-05 5.470E+01 16 1.083E-03 1.157E+00 17 1.772E-05 3.841E+01
18 1.980E-03 1.033E+01 21 1.844E-02 3.420E+00 22 2.419E-03 5.924E+00 24 2.340E-03 4.054E-01 25 4.440E-04 1.413E+00
26 1.377E-03 8.893E-01 27 1.091E-03 1.362E+00
 32  22
 1 2.636E-06 1.000E+02  3 4.260E-06 7.650E+01  5 8.500E-05 3.659E+01  6 5.389E-05 2.542E+01  7 5.329E-04 3.597E+00
 8 4.214E-04 7.577E+00  9 5.761E-03 2.817E+00 10 3.006E-06 4.588E+01 11 2.703E-05 2.647E+01 12 2.446E-05 1.439E+01
13 2.105E-06 4.906E+01 14 2.165E-03 2.219E+01 15 2.028E-05 3.504E+01 16 1.076E-03 1.299E+00 17 1.380E-05 3.346E+01
18 1.541E-03 7.367E+00 21 1.947E-02 2.669E+00 22 2.752E-03 5.277E+00 24 2.365E-03 4.047E-01 25 3.952E-04 9.940E-01
26 1.344E-03 1.157E+00 27 1.072E-03 1.238E+00
 33  22
 1 6.680E-07 1.000E+02  3 1.990E-06 6.108E+01  5 6.118E-05 6.745E+01  6 5.309E-05 2.284E+01  7 6.485E-04 3.726E+00
 8 5.766E-04 8.146E+00  9 5.753E-03 2.703E+00 10 9.224E-06 6.869E+01 11 3.687E-05 2.080E+01 12 2.105E-05 1.895E+01
13 1.203E-06 5.031E+01 14 2.058E-03 1.988E+01 15 1.080E-05 5.740E+01 16 1.091E-03 1.637E+00 17 2.593E-05 5.571E+01
18 1.795E-03 7.781E+00 21 1.947E-02 3.032E+00 22 2.930E-03 5.875E+00 24 2.403E-03 4.236E-01 25 3.476E-04 9.421E-01
26 1.354E-03 1.113E+00 27 1.108E-03 1.483E+00
 34  22
 3 1.352E-06 4.573E+01  5 1.090E-04 4.053E+01  6 4.840E-05 2.378E+01  7 6.684E-04 3.307E+00  8 4.692E-04 7.524E+00
 9 5.421E-03 2.588E+00 10 2.170E-06 6.228E+01 11 4.529E-05 2.129E+01 12 2.048E-05 1.549E+01 13 1.966E-06 3.390E+01
14 2.602E-03 1.651E+01 15 1.465E-05 4.301E+01 16 1.037E-03 1.076E+00 17 2.125E-05 3.377E+01 18 1.488E-03 8.986E+00
21 2.021E-02 2.736E+00 22 3.210E-03 6.085E+00 23 3.810E-08 1.000E+02 24 2.388E-03 3.645E-01 25 3.154E-04 1.888E+00
26 1.316E-03 9.418E-01 27 1.072E-03 1.193E+00
 35  22
 1 9.090E-06 1.000E+02  3 4.752E-06 9.204E+01  5 1.268E-04 5.857E+01  6 3.712E-05 2.780E+01  7 7.892E-04 3.634E+00
 8 6.007E-04 6.149E+00  9 5.299E-03 3.700E+00 10 2.355E-06 7.109E+01 11 5.641E-05 1.871E+01 12 2.228E-05 9.544E+00
13 1.865E-06 3.565E+01 14 3.467E-03 1.363E+01 15 2.218E-05 4.105E+01 16 1.049E-03 1.292E+00 17 2.432E-05 2.668E+01
18 1.324E-03 8.844E+00 21 2.127E-02 2.574E+00 22 3.888E-03 3.404E+00 24 2.438E-03 4.175E-01 25 2.895E-04 2.101E+00
26 1.341E-03 7.494E-01 27 1.129E-03 9.719E-01
 36  24
 1 1.051E-05 1.000E+02  2 5.339E-09 1.000E+02  3 3.171E-06 5.721E+01  5 1.138E-04 6.916E+01  6 4.484E-05 1.926E+01
 7 8.841E-04 3.345E+00  8 6.963E-04 5.174E+00  9 5.200E-03 2.536E+00 10 4.067E-06 4.713E+01 11 7.718E-05 1.767E+01
12 4.018E-05 1.277E+01 13 1.413E-06 3.599E+01 14 2.713E-03 2.083E+01 15 4.574E-05 3.166E+01 16 1.051E-03 1.128E+00
17 2.003E-05 4.607E+01 18 1.024E-03 1.190E+01 21 1.989E-02 2.547E+00 22 4.242E-03 5.712E+00 23 1.197E-08 1.000E+02
24 2.439E-03 3.412E-01 25 2.543E-04 1.631E+00 26 1.330E-03 9.557E-01 27 1.135E-03 1.421E+00
 37  22
 1 7.565E-06 1.000E+02  3 5.998E-06 5.713E+01  5 8.373E-05 3.974E+01  6 4.446E-05 2.235E+01  7 9.625E-04 3.476E+00
 8 8.129E-04 6.181E+00  9 5.054E-03 2.135E+00 10 3.072E-06 7.508E+01 11 6.741E-05 1.917E+01 12 3.164E-05 9.663E+00
13 4.320E-06 4.472E+01 14 3.149E-03 1.291E+01 15 2.719E-05 3.094E+01 16 1.044E-03 1.407E+00 17 1.920E-05 2.735E+01
18 1.045E-03 1.099E+01 21 2.072E-02 2.861E+00 22 4.327E-03 5.502E+00 24 2.450E-03 3.648E-01 25 2.261E-04 1.307E+00
26 1.319E-03 9.738E-01 27 1.122E-03 1.113E+00
 38  22
 1 2.665E-05 7.362E+01  3 7.400E-06 5.824E+01  5 1.098E-04 6.460E+01  6 6.729E-05 2.579E+01  7 1.061E-03 2.474E+00
 8 8.859E-04 5.556E+00  9 5.478E-03 2.566E+00 10 3.266E-06 5.967E+01 11 6.438E-05 1.457E+01 12 4.416E-05 1.252E+01
13 2.903E-06 3.516E+01 14 4.093E-03 1.238E+01 15 4.077E-05 3.670E+01 16 1.025E-03 1.233E+00 17 1.546E-05 2.611E+01
18 8.603E-04 1.501E+01 21 2.065E-02 2.283E+00 22 5.228E-03 3.845E+00 24 2.477E-03 3.619E-01 25 2.087E-04 1.550E+00
26 1.334E-03 8.045E-01 27 1.164E-03 1.102E+00
 39  22
 1 1.679E-05 7.422E+01  3 6.770E-06 4.996E+01  5 5.882E-05 5.479E+01  6 6.915E-05 1.885E+01  7 1.133E-03 3.167E+00
 8 8.976E-04 4.638E+00  9 5.413E-03 2.409E+00 10 4.514E-06 5.554E+01 11 1.182E-04 1.324E+01 12 4.469E-05 9.683E+00
13 4.390E-06 3.961E+01 14 3.650E-03 9.960E+00 15 4.687E-05 4.509E+01 16 1.029E-03 1.384E+00 17 2.771E-05 2.375E+01
18 7.529E-04 8.764E+00 21 1.976E-02 2.876E+00 22 5.696E-03 5.474E+00 24 2.486E-03 3.137E-01 25 1.811E-04 2.097E+00
26 1.342E-03 8.993E-01 27 1.181E-03 1.301E+00
 40  22
 1 1.329E-05 1.000E+02  3 2.737E-07 1.000E+02  5 4.250E-05 6.171E+01  6 7.714E-05 1.502E+01  7 1.333E-03 2.541E+00
 8 1.157E-03 5.013E+00  9 5.094E-03 2.796E+00 10 3.671E-06 5.059E+01 11 8.484E-05 1.525E+01 12 5.660E-05 1.369E+01
13 2.228E-06 3.430E+01 14 4.014E-03 1.100E+01 15 5.307E-05 4.216E+01 16 1.034E-03 1.168E+00 17 3.304E-05 3.247E+01
18 7.213E-04 1.298E+01 21 1.833E-02 2.899E+00 22 6.017E-03 4.687E+00 24 2.485E-03 3.022E-01 25 1.691E-04 1.669E+00
26 1.348E-03 9.416E-01 27 1.193E-03 1.290E+00
 41  24
 1 2.378E-07 1.000E+02  3 2.874E-06 7.742E+01  5 2.415E-04 3.142E+01  6 9.104E-05 2.153E+01  7 1.435E-03 2.836E+00
 8 1.174E-03 3.674E+00  9 5.255E-03 2.662E+00 10 1.306E-05 4.283E+01 11 9.368E-05 1.288E+01 12 6.213E-05 1.177E+01
13 4.319E-06 2.837E+01 14 6.032E-03 8.589E+00 15 8.113E-05 2.924E+01 16 1.034E-03 1.728E+00 17 5.086E-05 3.392E+01
18 7.783E-04 1.042E+01 19 3.008E-07 1.000E+02 21 1.977E-02 3.038E+00 22 7.141E-03 3.617E+00 23 3.152E-07 9.918E+01
24 2.510E-03 3.479E-01 25 1.491E-04 2.442E+00 26 1.347E-03 1.074E+00 27 1.197E-03 1.273E+00
 42  23
 1 9.389E-06 1.000E+02  3 6.703E-06 4.703E+01  5 1.467E-04 3.741E+01  6 1.262E-04 1.356E+01  7 1.649E-03 2.573E+00
 8 1.347E-03 4.281E+00  9 5.122E-03 2.563E+00 10 1.137E-05 3.447E+01 11 1.291E-04 9.846E+00 12 6.986E-05 9.381E+00
13 4.115E-06 3.091E+01 14 5.105E-03 1.139E+01 15 6.152E-05 2.927E+01 16 1.059E-03 1.255E+00 17 5.427E-05 2.507E+01
18 8.256E-04 1.382E+01 21 1.735E-02 2.811E+00 22 8.337E-03 3.811E+00 23 1.270E-07 1.000E+02 24 2.514E-03 3.193E-01
25 1.349E-04 2.309E+00 26 1.372E-03 9.013E-01 27 1.230E-03 1.262E+00
 43  22
 1 2.755E-05 7.418E+01  3 7.971E-06 4.530E+01  5 2.533E-04 3.431E+01  6 7.907E-05 1.862E+01  7 1.772E-03 2.289E+00
 8 1.428E-03 5.092E+00  9 4.837E-03 2.006E+00 10 4.182E-06 4.797E+01 11 1.279E-04 1.266E+01 12 6.271E-05 7.373E+00
13 3.183E-06 3.134E+01 14 6.354E-03 9.118E+00 15 6.309E-05 2.587E+01 16 1.004E-03 1.253E+00 17 4.212E-05 2.146E+01
18 4.784E-04 1.530E+01 21 1.444E-02 3.240E+00 22 9.118E-03 3.490E+00 24 2.512E-03 4.549E-01 25 1.187E-04 1.988E+00
26 1.378E-03 7.742E-01 27 1.250E-03 1.072E+00
 44  23
 1 1.701E-05 7.431E+01  3 6.632E-06 5.608E+01  5 1.871E-04 2.916E+01  6 1.215E-04 1.646E+01  7 1.986E-03 2.060E+00
 8 1.510E-03 3.631E+00  9 5.100E-03 2.691E+00 10 5.211E-06 3.482E+01 11 1.319E-04 1.169E+01 12 7.241E-05 9.801E+00
13 4.197E-06 2.782E+01 14 5.978E-03 8.707E+00 15 6.263E-05 3.680E+01 16 1.027E-03 1.254E+00 17 5.971E-05 2.028E+01
18 5.168E-04 2.031E+01 21 7.916E-03 2.847E+00 22 9.863E-03 4.537E+00 23 1.669E-07 9.785E+01 24 2.537E-03 4.527E-01
25 1.066E-04 2.387E+00 26 1.414E-03 8.743E-01 27 1.293E-03 8.353E-01
 45  22
 1 1.711E-05 6.218E+01  3 3.045E-06 4.790E+01  5 3.016E-04 2.545E+01  6 1.689E-04 1.320E+01  7 2.240E-03 1.456E+00
 8 1.712E-03 4.172E+00  9 5.405E-03 2.426E+00 10 5.596E-06 5.219E+01 11 1.389E-04 1.200E+01 12 8.151E-05 7.990E+00
13 8.064E-06 2.250E+01 14 7.320E-03 1.039E+01 15 7.700E-05 2.846E+01 16 1.029E-03 1.408E+00 17 5.973E-05 2.051E+01
18 4.163E-04 1.914E+01 21 6.800E-03 4.288E+00 22 1.157E-02 3.621E+00 24 2.551E-03 3.497E-01 25 1.015E-04 2.022E+00
26 1.469E-03 1.053E+00 27 1.346E-03 1.134E+00
 46  22
 1 1.087E-04 4.897E+01  3 7.721E-06 6.880E+01  5 4.256E-04 2.337E+01  6 1.284E-04 1.434E+01  7 2.379E-03 1.879E+00
 8 2.059E-03 2.824E+00  9 4.968E-03 2.994E+00 10 7.408E-06 3.656E+01 11 1.287E-04 1.047E+01 12 8.364E-05 7.809E+00
13 4.997E-06 2.436E+01 14 8.503E-03 7.404E+00 15 6.118E-05 2.941E+01 16 1.021E-03 1.454E+00 17 9.187E-05 1.881E+01
18 4.020E-04 2.168E+01 21 5.891E-03 4.507E+00 22 1.845E-02 2.701E+00 24 2.547E-03 3.475E-01 25 9.012E-05 1.928E+00
26 1.486E-03 8.403E-01 27 1.360E-03 9.591E-01
 47  23
 1 8.487E-06 6.717E+01  3 8.535E-06 3.926E+01  5 4.451E-04 2.622E+01  6 1.739E-04 1.267E+01  7 2.699E-03 1.580E+00
 8 2.305E-03 3.134E+00  9 5.043E-03 2.833E+00 10 1.156E-05 3.839E+01 11 1.967E-04 1.252E+01 12 1.002E-04 6.293E+00
13 8.098E-06 4.141E+01 14 1.351E-02 5.671E+00 15 1.063E-04 1.798E+01 16 1.010E-03 1.776E+00 17 1.007E-04 2.287E+01
18 4.295E-04 2.098E+01 21 5.341E-03 4.542E+00 22 2.869E-02 1.750E+00 23 1.998E-08 1.000E+02 24 2.568E-03 3.975E-01
25 8.311E-05 2.524E+00 26 1.538E-03 8.907E-01 27 1.438E-03 1.199E+00
 48  22
 1 3.125E-05 5.331E+01  3 1.003E-05 4.335E+01  5 1.766E-04 3.351E+01  6 1.890E-04 1.187E+01  7 2.992E-03 1.858E+00
 8 2.607E-03 4.032E+00  9 4.918E-03 2.732E+00 10 1.859E-05 4.276E+01 11 2.096E-04 7.904E+00 12 1.093E-04 6.506E+00
13 1.267E-05 2.263E+01 14 1.787E-02 6.162E+00 15 9.691E-05 2.137E+01 16 1.013E-03 1.239E+00 17 5.896E-05 2.099E+01
18 3.068E-04 1.969E+01 21 4.427E-03 4.096E+00 22 3.245E-02 2.356E+00 24 2.574E-03 4.533E-01 25 7.363E-05 2.303E+00
26 1.619E-03 6.825E-01 27 1.533E-03 7.810E-01
 49  22
 1 9.237E-05 6.746E+01  3 8.314E-06 4.210E+01  5 7.809E-04 2.402E+01  6 1.643E-04 1.455E+01  7 3.104E-03 1.913E+00
 8 3.058E-03 3.576E+00  9 4.798E-03 2.021E+00 10 1.142E-05 2.706E+01 11 2.045E-04 9.410E+00 12 1.168E-04 7.268E+00
13 6.457E-06 2.037E+01 14 1.947E-02 7.090E+00 15 1.273E-04 2.048E+01 16 1.031E-03 1.051E+00 17 7.818E-05 2.835E+01
18 3.065E-04 1.970E+01 21 4.058E-03 3.770E+00 22 3.089E-02 2.083E+00 24 2.600E-03 3.642E-01 25 6.581E-05 3.031E+00
26 2.239E-03 5.284E-01 27 2.448E-03 7.055E-01
 50  22
 1 2.507E-05 9.255E+01  3 6.522E-06 4.081E+01  5 6.524E-04 1.871E+01  6 2.601E-04 1.569E+01  7 3.503E-03 2.214E+00
 8 4.591E-03 2.191E+00  9 4.918E-03 2.901E+00 10 2.170E-05 2.723E+01 11 2.179E-04 8.429E+00 12 1.121E-04 6.894E+00
13 1.005E-05 2.028E+01 14 2.025E-02 5.228E+00 15 1.198E-04 1.661E+01 16 1.021E-03 1.140E+00 17 9.308E-05 1.573E+01
18 2.889E-04 1.850E+01 21 3.688E-03 5.225E+00 22 2.620E-02 2.698E+00 24 2.609E-03 3.751E-01 25 5.682E-05 2.972E+00
26 2.321E-03 6.071E-01 27 2.552E-03 8.734E-01
 51  25
 1 5.185E-05 6.337E+01  2 1.316E-06 1.000E+02  3 1.666E-05 3.308E+01  5 5.356E-04 3.229E+01  6 2.355E-04 1.073E+01
 7 3.958E-03 1.050E+00  8 4.875E-03 2.053E+00  9 4.896E-03 2.011E+00 10 2.104E-05 4.227E+01 11 2.294E-04 9.893E+00
12 1.441E-04 7.280E+00 13 1.318E-05 2.574E+01 14 2.086E-02 4.864E+00 15 8.559E-05 2.111E+01 16 9.991E-04 1.136E+00
17 1.138E-04 2.145E+01 18 2.769E-04 1.593E+01 19 3.827E-06 1.000E+02 21 3.023E-03 6.289E+00 22 1.820E-02 3.029E+00
23 4.968E-07 8.609E+01 24 2.630E-03 3.503E-01 25 5.478E-05 4.125E+00 26 2.387E-03 6.339E-01 27 2.621E-03 9.080E-01
 52  23
 1 8.203E-05 4.624E+01  3 4.566E-06 4.840E+01  5 7.426E-04 2.176E+01  6 2.542E-04 9.076E+00  7 4.589E-03 1.801E+00
 8 5.253E-03 2.441E+00  9 4.698E-03 2.946E+00 10 1.501E-05 2.914E+01 11 2.751E-04 7.125E+00 12 1.574E-04 5.257E+00
13 1.259E-05 2.081E+01 14 1.812E-02 5.930E+00 15 1.714E-04 2.801E+01 16 1.004E-03 1.128E+00 17 1.207E-04 1.448E+01
18 1.492E-04 2.483E+01 21 2.657E-03 5.214E+00 22 1.106E-02 1.986E+00 23 1.484E-07 7.048E+01 24 2.652E-03 5.235E-01
25 4.568E-05 3.446E+00 26 2.423E-03 6.830E-01 27 2.664E-03 8.148E-01
 53  23
 1 9.476E-05 3.587E+01  3 1.176E-05 4.487E+01  5 7.043E-04 2.302E+01  6 2.559E-04 1.222E+01  7 5.198E-03 1.956E+00
 8 5.441E-03 2.737E+00  9 4.738E-03 3.322E+00 10 1.621E-05 2.429E+01 11 3.063E-04 8.195E+00 12 1.690E-04 3.832E+00
13 1.558E-05 1.720E+01 14 1.635E-02 1.023E+01 15 1.804E-04 2.239E+01 16 1.014E-03 1.857E+00 17 1.129E-04 1.552E+01
18 2.595E-04 2.980E+01 21 2.257E-03 6.129E+00 22 9.613E-03 3.779E+00 23 3.184E-09 1.000E+02 24 2.642E-03 3.671E-01
25 4.291E-05 3.705E+00 26 2.427E-03 6.672E-01 27 2.664E-03 7.232E-01
 54  23
 1 1.069E-04 3.914E+01  3 9.545E-06 6.657E+01  5 6.833E-04 1.600E+01  6 2.876E-04 7.292E+00  7 5.904E-03 1.323E+00
 8 5.715E-03 2.977E+00  9 4.452E-03 3.250E+00 10 1.195E-05 2.724E+01 11 3.592E-04 7.041E+00 12 2.119E-04 3.569E+00
13 1.817E-05 1.711E+01 14 1.051E-02 6.721E+00 15 1.117E-04 2.409E+01 16 1.004E-03 1.198E+00 17 1.814E-04 1.587E+01
18 2.330E-04 2.823E+01 21 2.049E-03 5.071E+00 22 8.497E-03 4.332E+00 23 1.016E-07 1.000E+02 24 2.631E-03 4.158E-01
25 3.677E-05 4.602E+00 26 2.446E-03 7.360E-01 27 2.692E-03 9.317E-01
 55  25
 1 1.290E-04 4.566E+01  2 4.169E-08 1.000E+02  3 1.889E-05 2.968E+01  5 8.000E-04 2.540E+01  6 3.093E-04 1.324E+01
 7 1.010E-02 1.186E+00  8 6.150E-03 2.118E+00  9 4.489E-03 3.334E+00 10 2.194E-05 2.070E+01 11 4.346E-04 6.413E+00
12 2.297E-04 4.216E+00 13 1.403E-05 1.908E+01 14 7.746E-03 9.837E+00 15 1.683E-04 2.331E+01 16 9.973E-04 1.245E+00
17 2.330E-04 1.038E+01 18 1.639E-04 2.577E+01 19 2.656E-05 6.883E+01 21 1.933E-03 8.864E+00 22 7.044E-03 3.585E+00
23 5.836E-07 7.861E+01 24 2.653E-03 4.408E-01 25 3.200E-05 3.925E+00 26 2.479E-03 8.055E-01 27 2.742E-03 9.246E-01
 56  24
 1 9.780E-06 6.476E+01  3 2.415E-05 2.870E+01  5 5.909E-04 2.056E+01  6 4.205E-04 9.828E+00  7 1.089E-02 8.663E-01
 8 6.027E-03 2.021E+00  9 4.529E-03 2.483E+00 10 2.364E-05 2.553E+01 11 4.432E-04 9.405E+00 12 2.320E-04 4.081E+00
13 1.869E-05 1.496E+01 14 7.419E-03 1.096E+01 15 1.669E-04 1.853E+01 16 9.870E-04 1.052E+00 17 1.306E-04 8.740E+00
18 1.745E-04 3.307E+01 19 8.337E-07 8.421E+01 21 1.642E-03 8.060E+00 22 6.799E-03 3.899E+00 23 3.603E-07 6.303E+01
24 2.650E-03 3.490E-01 25 3.252E-05 3.588E+00 26 2.468E-03 6.866E-01 27 2.690E-03 8.119E-01
 57  23
 1 6.173E-05 3.843E+01  3 1.977E-05 4.831E+01  5 8.438E-04 1.835E+01  6 4.529E-04 8.126E+00  7 1.143E-02 1.225E+00
 8 6.589E-03 2.627E+00  9 4.462E-03 2.727E+00 10 2.942E-05 2.847E+01 11 5.315E-04 4.807E+00 12 2.461E-04 4.066E+00
13 1.646E-05 1.330E+01 14 6.266E-03 9.153E+00 15 2.487E-04 1.592E+01 16 1.000E-03 1.674E+00 17 1.999E-04 1.409E+01
18 1.062E-04 2.827E+01 21 1.630E-03 7.132E+00 22 5.441E-03 4.454E+00 23 7.331E-09 1.000E+02 24 2.625E-03 3.777E-01
25 2.587E-05 5.399E+00 26 2.419E-03 9.076E-01 27 2.625E-03 1.100E+00
 58  23
 1 8.893E-05 5.369E+01  3 1.634E-05 2.759E+01  5 1.065E-03 1.818E+01  6 5.250E-04 8.099E+00  7 1.167E-02 1.135E+00
 8 6.414E-03 1.418E+00  9 4.384E-03 2.352E+00 10 4.195E-05 1.970E+01 11 5.970E-04 5.514E+00 12 2.869E-04 2.683E+00
13 2.865E-05 1.763E+01 14 5.684E-03 1.171E+01 15 2.245E-04 1.472E+01 16 9.947E-04 1.378E+00 17 2.428E-04 1.210E+01
18 6.363E-05 2.744E+01 21 1.481E-03 8.324E+00 22 4.990E-03 5.010E+00 23 5.978E-07 5.514E+01 24 2.636E-03 3.523E-01
25 2.549E-05 5.807E+00 26 2.445E-03 7.562E-01 27 2.649E-03 9.608E-01
 59  24
 1 6.925E-05 3.445E+01  3 5.712E-06 3.149E+01  5 1.022E-03 2.732E+01  6 5.122E-04 4.877E+00  7 1.205E-02 9.187E-01
 8 6.962E-03 2.613E+00  9 4.444E-03 3.066E+00 10 3.473E-05 3.577E+01 11 5.484E-04 5.143E+00 12 3.159E-04 4.144E+00
13 2.964E-05 9.471E+00 14 4.647E-03 1.282E+01 15 3.000E-04 1.728E+01 16 1.007E-03 1.454E+00 17 2.826E-04 1.263E+01
18 1.207E-04 3.474E+01 19 6.056E-06 8.164E+01 21 1.276E-03 7.803E+00 22 4.546E-03 4.773E+00 23 1.353E-07 6.792E+01
24 2.642E-03 3.192E-01 25 2.091E-05 5.969E+00 26 2.433E-03 6.727E-01 27 2.655E-03 9.459E-01
 60  24
 1 2.633E-04 2.664E+01  3 1.132E-05 3.505E+01  5 1.129E-03 1.883E+01  6 6.801E-04 8.073E+00  7 1.266E-02 9.808E-01
 8 6.987E-03 2.399E+00  9 4.353E-03 1.845E+00 10 2.907E-05 2.368E+01 11 6.611E-04 5.665E+00 12 3.621E-04 3.829E+00
13 3.730E-05 1.487E+01 14 4.686E-03 9.988E+00 15 3.145E-04 1.563E+01 16 9.978E-04 9.654E-01 17 2.872E-04 1.034E+01
18 8.459E-05 4.701E+01 19 4.807E-07 8.168E+01 21 1.387E-03 8.197E+00 22 4.005E-03 4.824E+00 23 7.934E-07 5.492E+01
24 2.655E-03 3.849E-01 25 1.957E-05 5.496E+00 26 2.425E-03 7.946E-01 27 2.622E-03 1.120E+00
 61  24
 1 1.133E-04 4.183E+01  3 1.540E-05 2.805E+01  5 1.236E-03 1.525E+01  6 6.770E-04 7.741E+00  7 1.261E-02 9.810E-01
 8 6.966E-03 2.083E+00  9 4.202E-03 2.465E+00 10 3.979E-05 2.109E+01 11 7.505E-04 5.597E+00 12 4.025E-04 4.780E+00
13 2.850E-05 1.477E+01 14 3.909E-03 1.269E+01 15 3.326E-04 1.689E+01 16 1.006E-03 1.077E+00 17 3.420E-04 1.255E+01
18 7.002E-05 4.947E+01 19 6.769E-07 1.000E+02 21 1.193E-03 9.565E+00 22 3.923E-03 4.838E+00 23 5.715E-08 7.134E+01
24 2.633E-03 3.109E-01 25 1.833E-05 5.824E+00 26 2.384E-03 7.084E-01 27 2.594E-03 9.652E-01
 62  25
 1 1.472E-04 3.543E+01  3 2.097E-05 3.176E+01  5 1.729E-03 1.679E+01  6 7.133E-04 4.455E+00  7 1.281E-02 1.030E+00
 8 7.668E-03 1.642E+00  9 4.287E-03 3.552E+00 10 6.293E-05 1.625E+01 11 8.775E-04 5.557E+00 12 4.797E-04 3.649E+00
13 3.923E-05 8.863E+00 14 3.515E-03 1.380E+01 15 4.033E-04 8.274E+00 16 9.929E-04 1.506E+00 17 3.527E-04 9.658E+00
18 1.087E-04 3.223E+01 19 5.979E-06 1.000E+02 20 8.339E-06 9.117E+01 21 8.180E-04 1.112E+01 22 3.385E-03 5.687E+00
23 2.430E-07 4.315E+01 24 2.640E-03 3.693E-01 25 1.533E-05 6.768E+00 26 2.359E-03 5.734E-01 27 2.531E-03 6.593E-01
 63  24
 1 2.474E-04 3.240E+01  3 2.235E-05 2.920E+01  5 1.741E-03 1.207E+01  6 9.911E-04 7.095E+00  7 1.258E-02 1.114E+00
 8 7.544E-03 2.034E+00  9 3.947E-03 2.980E+00 10 6.160E-05 1.289E+01 11 9.051E-04 4.713E+00 12 5.229E-04 3.037E+00
13 4.089E-05 9.059E+00 14 3.738E-03 1.300E+01 15 4.872E-04 1.262E+01 16 1.005E-03 1.625E+00 17 4.280E-04 8.118E+00
18 4.570E-05 4.386E+01 19 8.424E-06 8.865E+01 21 6.659E-04 8.610E+00 22 2.817E-03 4.935E+00 23 9.331E-07 5.972E+01
24 2.634E-03 2.959E-01 25 1.618E-05 4.997E+00 26 2.307E-03 6.811E-01 27 2.444E-03 9.563E-01
 64  25
 1 4.040E-04 4.402E+01  2 3.388E-07 6.978E+01  3 2.820E-05 2.409E+01  5 1.596E-03 1.727E+01  6 9.936E-04 6.806E+00
 7 1.303E-02 9.590E-01  8 8.071E-03 1.744E+00  9 3.870E-03 3.210E+00 10 3.807E-05 2.261E+01 11 1.116E-03 3.894E+00
12 5.841E-04 2.280E+00 13 3.556E-05 1.129E+01 14 3.744E-03 8.798E+00 15 5.350E-04 1.144E+01 16 1.029E-03 1.428E+00
17 4.076E-04 7.212E+00 18 5.010E-05 4.173E+01 19 1.036E-06 1.000E+02 21 8.624E-04 9.906E+00 22 2.858E-03 5.139E+00
23 8.520E-07 4.546E+01 24 2.650E-03 3.401E-01 25 1.337E-05 6.226E+00 26 2.262E-03 5.234E-01 27 2.407E-03 6.788E-01
 65  24
 1 2.949E-04 3.719E+01  3 1.936E-05 2.666E+01  5 2.193E-03 1.113E+01  6 9.615E-04 5.449E+00  7 1.337E-02 9.859E-01
 8 8.626E-03 1.735E+00  9 4.025E-03 2.887E+00 10 6.240E-05 1.402E+01 11 1.318E-03 4.907E+00 12 6.534E-04 2.432E+00
13 3.923E-05 1.380E+01 14 2.490E-03 1.544E+01 15 4.982E-04 8.046E+00 16 9.826E-04 1.155E+00 17 4.560E-04 9.667E+00
18 3.614E-05 4.230E+01 19 1.421E-06 1.000E+02 21 6.045E-04 1.275E+01 22 2.547E-03 6.904E+00 23 1.131E-06 7.321E+01
24 2.615E-03 4.390E-01 25 1.330E-05 8.188E+00 26 1.695E-03 8.508E-01 27 1.503E-03 8.789E-01
 66  23
 1 2.305E-04 3.372E+01  3 1.862E-05 3.605E+01  5 2.263E-03 1.262E+01  6 1.323E-03 3.493E+00  7 1.291E-02 1.194E+00
 8 9.071E-03 1.599E+00  9 3.917E-03 2.530E+00 10 6.596E-05 1.504E+01 11 1.457E-03 3.256E+00 12 7.558E-04 2.487E+00
13 6.240E-05 9.932E+00 14 2.261E-03 1.287E+01 15 6.088E-04 8.289E+00 16 1.012E-03 1.439E+00 17 6.629E-04 7.507E+00
18 3.613E-05 4.582E+01 21 6.399E-04 1.160E+01 22 2.433E-03 6.068E+00 23 5.237E-07 8.845E+01 24 2.610E-03 3.665E-01
25 1.019E-05 6.262E+00 26 1.642E-03 1.031E+00 27 1.423E-03 1.374E+00
 67  25
 1 3.426E-04 2.329E+01  2 5.721E-08 1.000E+02  3 3.568E-05 2.415E+01  5 2.786E-03 1.022E+01  6 1.443E-03 4.747E+00
 7 1.263E-02 1.148E+00  8 9.764E-03 1.252E+00  9 3.838E-03 2.238E+00 10 7.738E-05 1.338E+01 11 1.736E-03 3.007E+00
12 7.882E-04 3.071E+00 13 5.865E-05 1.065E+01 14 1.968E-03 2.042E+01 15 6.083E-04 9.041E+00 16 9.985E-04 1.385E+00
17 6.643E-04 7.606E+00 18 3.067E-05 2.821E+01 19 3.598E-06 6.865E+01 21 4.475E-04 1.596E+01 22 2.091E-03 6.556E+00
23 6.257E-07 3.950E+01 24 2.604E-03 3.712E-01 25 1.016E-05 7.152E+00 26 1.605E-03 8.480E-01 27 1.389E-03 1.262E+00
 68  24
 1 3.264E-04 2.626E+01  3 1.744E-05 2.871E+01  5 2.159E-03 1.286E+01  6 1.477E-03 4.079E+00  7 1.214E-02 8.749E-01
 8 1.011E-02 1.566E+00  9 3.476E-03 2.882E+00 10 7.381E-05 1.260E+01 11 1.761E-03 3.466E+00 12 8.925E-04 2.458E+00
13 6.358E-05 8.868E+00 14 2.344E-03 1.529E+01 15 7.286E-04 9.786E+00 16 1.004E-03 1.318E+00 17 7.509E-04 7.759E+00
18 4.398E-05 3.461E+01 19 1.100E-05 1.000E+02 21 5.835E-04 9.577E+00 22 1.786E-03 6.181E+00 23 6.694E-07 5.697E+01
24 2.589E-03 4.611E-01 25 7.900E-06 7.774E+00 26 1.540E-03 1.090E+00 27 1.293E-03 1.359E+00
 69  26
 1 4.883E-04 2.232E+01  2 4.984E-08 1.000E+02  3 3.206E-05 2.630E+01  5 2.740E-03 1.262E+01  6 1.733E-03 4.312E+00
 7 1.097E-02 8.143E-01  8 1.784E-02 1.521E+00  9 2.003E-03 3.222E+00 10 6.767E-05 1.407E+01 11 2.051E-03 2.748E+00
12 1.020E-03 2.190E+00 13 6.977E-05 8.707E+00 14 1.842E-03 1.961E+01 15 8.820E-04 8.690E+00 16 1.003E-03 1.312E+00
17 7.986E-04 5.561E+00 18 1.685E-05 7.250E+01 19 4.308E-05 9.406E+01 20 1.181E-05 1.000E+02 21 4.923E-04 1.157E+01
22 1.448E-03 8.572E+00 23 1.226E-06 5.651E+01 24 2.589E-03 4.249E-01 25 7.905E-06 1.017E+01 26 1.531E-03 9.491E-01
27 1.257E-03 1.339E+00
 70  24
 1 3.438E-04 2.593E+01  3 2.639E-05 1.878E+01  5 3.039E-03 1.076E+01  6 1.882E-03 4.766E+00  7 9.194E-03 1.184E+00
 8 1.636E-02 1.009E+00  9 1.741E-03 4.814E+00 10 1.173E-04 2.123E+01 11 2.337E-03 3.548E+00 12 1.144E-03 2.184E+00
13 7.041E-05 9.633E+00 14 1.244E-03 1.839E+01 15 9.937E-04 9.192E+00 16 1.025E-03 1.261E+00 17 8.103E-04 6.948E+00
18 4.886E-05 4.885E+01 19 1.227E-07 1.000E+02 21 3.556E-04 1.266E+01 22 1.433E-03 9.218E+00 23 5.435E-07 4.576E+01
24 2.581E-03 3.407E-01 25 7.218E-06 8.130E+00 26 1.483E-03 8.844E-01 27 1.201E-03 1.351E+00
 71  25
 1 4.605E-04 2.776E+01  2 1.031E-08 1.000E+02  3 3.877E-05 2.881E+01  5 3.404E-03 9.827E+00  6 2.130E-03 3.889E+00
 7 8.465E-03 1.004E+00  8 1.354E-02 1.490E+00  9 1.526E-03 4.388E+00 10 1.167E-04 1.246E+01 11 2.596E-03 2.788E+00
12 1.321E-03 2.036E+00 13 8.489E-05 7.159E+00 14 1.356E-03 2.028E+01 15 1.008E-03 8.326E+00 16 1.012E-03 1.506E+00
17 9.528E-04 5.517E+00 18 1.228E-05 8.963E+01 19 1.580E-05 8.069E+01 21 3.593E-04 1.328E+01 22 1.383E-03 9.976E+00
23 1.225E-06 4.570E+01 24 2.603E-03 3.497E-01 25 5.916E-06 9.246E+00 26 1.487E-03 1.006E+00 27 1.199E-03 1.254E+00
 72  24
 1 3.909E-04 2.582E+01  3 3.718E-05 2.369E+01  5 4.261E-03 1.031E+01  6 2.307E-03 3.141E+00  7 7.902E-03 1.023E+00
 8 1.333E-02 1.395E+00  9 1.425E-03 4.740E+00 10 1.343E-04 9.933E+00 11 3.098E-03 3.414E+00 12 1.455E-03 1.450E+00
13 8.161E-05 9.313E+00 14 1.050E-03 2.069E+01 15 1.167E-03 8.608E+00 16 1.009E-03 1.109E+00 17 9.824E-04 5.207E+00
18 1.749E-05 6.963E+01 19 4.013E-05 9.068E+01 21 2.917E-04 1.551E+01 22 1.218E-03 6.636E+00 23 8.621E-07 3.802E+01
24 2.585E-03 4.611E-01 25 6.162E-06 9.999E+00 26 1.457E-03 9.196E-01 27 1.157E-03 1.305E+00
 73  25
 1 5.589E-04 1.557E+01  2 8.188E-08 1.000E+02  3 6.001E-05 2.197E+01  5 5.489E-03 8.033E+00  6 2.635E-03 2.882E+00
 7 7.742E-03 1.085E+00  8 1.575E-02 1.614E+00  9 1.221E-03 4.463E+00 10 1.735E-04 9.435E+00 11 3.472E-03 2.241E+00
12 1.669E-03 1.371E+00 13 9.694E-05 6.261E+00 14 7.528E-04 1.597E+01 15 1.337E-03 6.836E+00 16 1.020E-03 9.945E-01
17 1.182E-03 5.917E+00 18 5.357E-05 6.874E+01 19 1.990E-05 7.726E+01 21 2.322E-04 1.252E+01 22 9.709E-04 8.748E+00
23 7.399E-07 3.772E+01 24 2.573E-03 3.242E-01 25 4.269E-06 1.477E+01 26 1.457E-03 7.896E-01 27 1.144E-03 1.294E+00
 74  24
 1 6.967E-04 1.500E+01  3 4.563E-05 1.765E+01  5 6.443E-03 9.803E+00  6 3.047E-03 3.170E+00  7 8.671E-03 1.112E+00
 8 1.645E-02 1.076E+00  9 1.117E-03 5.056E+00 10 1.741E-04 9.065E+00 11 4.081E-03 1.989E+00 12 1.959E-03 1.591E+00
13 1.191E-04 5.925E+00 14 9.689E-04 1.987E+01 15 1.584E-03 6.676E+00 16 1.036E-03 1.300E+00 17 1.220E-03 4.380E+00
18 1.880E-05 5.373E+01 19 1.611E-05 6.417E+01 21 2.642E-04 1.881E+01 22 8.658E-04 1.044E+01 23 1.489E-07 5.892E+01
24 2.618E-03 3.873E-01 25 5.223E-06 1.119E+01 26 1.456E-03 1.049E+00 27 1.134E-03 1.462E+00
 75  25
 1 7.723E-04 2.114E+01  2 7.320E-09 1.000E+02  3 5.792E-05 1.450E+01  5 6.912E-03 8.279E+00  6 4.148E-03 3.565E+00
 7 4.913E-03 1.694E+00  8 7.302E-03 2.230E+00  9 9.714E-04 4.770E+00 10 1.472E-04 9.702E+00 11 5.674E-03 2.449E+00
12 2.821E-03 1.356E+00 13 1.278E-04 5.646E+00 14 1.450E-03 1.940E+01 15 1.535E-03 5.499E+00 16 1.013E-03 1.359E+00
17 1.485E-03 5.274E+00 18 3.841E-05 5.256E+01 19 3.440E-05 6.920E+01 21 2.969E-04 1.390E+01 22 8.273E-04 7.399E+00
23 8.282E-07 3.944E+01 24 2.600E-03 3.912E-01 25 4.373E-06 1.105E+01 26 1.477E-03 8.048E-01 27 1.129E-03 1.271E+00
 76  25
 1 8.973E-04 1.298E+01  2 7.688E-08 1.000E+02  3 7.756E-05 1.647E+01  5 9.124E-03 9.227E+00  6 5.271E-03 3.324E+00
 7 4.241E-03 1.500E+00  8 6.419E-03 2.143E+00  9 8.467E-04 7.353E+00 10 1.437E-04 1.055E+01 11 7.562E-03 1.729E+00
12 3.100E-03 1.505E+00 13 1.286E-04 5.034E+00 14 6.336E-04 3.266E+01 15 1.784E-03 5.229E+00 16 1.007E-03 1.237E+00
17 1.578E-03 4.803E+00 18 1.618E-05 9.127E+01 19 6.894E-06 6.880E+01 21 2.319E-04 1.633E+01 22 7.332E-04 9.618E+00
23 1.614E-06 4.226E+01 24 2.586E-03 3.686E-01 25 4.094E-06 1.100E+01 26 1.464E-03 1.040E+00 27 1.110E-03 1.167E+00
 77  25
 1 9.019E-04 1.496E+01  3 5.093E-05 2.304E+01  5 1.534E-02 6.054E+00  6 6.016E-03 2.280E+00  7 3.874E-03 1.498E+00
 8 5.547E-03 2.708E+00  9 8.632E-04 4.452E+00 10 2.011E-04 1.200E+01 11 9.736E-03 1.701E+00 12 3.510E-03 1.174E+00
13 1.707E-04 5.411E+00 14 9.037E-04 2.022E+01 15 1.879E-03 7.623E+00 16 1.004E-03 1.253E+00 17 1.869E-03 3.999E+00
18 1.439E-06 1.000E+02 19 6.274E-05 7.724E+01 20 6.064E-07 1.000E+02 21 3.021E-04 1.838E+01 22 7.020E-04 6.647E+00
23 1.548E-06 3.511E+01 24 2.596E-03 4.522E-01 25 3.480E-06 1.032E+01 26 1.469E-03 8.779E-01 27 1.106E-03 1.090E+00
 78  25
 1 1.104E-03 2.029E+01  2 7.337E-08 1.000E+02  3 7.939E-05 1.841E+01  5 1.493E-02 6.286E+00  6 6.631E-03 2.301E+00
 7 3.408E-03 1.361E+00  8 4.875E-03 2.038E+00  9 7.470E-04 6.367E+00 10 2.155E-04 8.529E+00 11 1.205E-02 1.508E+00
12 3.831E-03 1.187E+00 13 1.724E-04 4.728E+00 14 1.029E-03 3.623E+01 15 2.287E-03 4.023E+00 16 1.012E-03 1.205E+00
17 2.108E-03 4.195E+00 18 7.401E-06 5.278E+01 19 5.744E-05 4.809E+01 21 3.137E-04 2.230E+01 22 6.520E-04 1.563E+01
23 2.546E-06 3.146E+01 24 2.592E-03 4.415E-01 25 3.246E-06 1.255E+01 26 1.467E-03 7.753E-01 27 1.096E-03 1.017E+00
 79  25
 1 8.689E-04 2.010E+01  2 1.077E-06 9.980E+01  3 6.719E-05 1.417E+01  5 1.724E-02 4.904E+00  6 7.483E-03 2.826E+00
 7 3.003E-03 2.201E+00  8 4.461E-03 2.545E+00  9 6.317E-04 7.248E+00 10 2.430E-04 9.725E+00 11 1.297E-02 1.313E+00
12 4.193E-03 9.563E-01 13 1.974E-04 4.783E+00 14 5.999E-04 2.829E+01 15 2.454E-03 5.407E+00 16 9.955E-04 1.324E+00
17 2.290E-03 3.810E+00 18 2.537E-05 5.412E+01 19 7.966E-05 5.869E+01 21 1.888E-04 2.824E+01 22 6.447E-04 1.114E+01
23 2.026E-06 2.571E+01 24 2.594E-03 4.270E-01 25 2.894E-06 1.365E+01 26 1.467E-03 1.316E+00 27 1.078E-03 1.870E+00
 80  25
 1 1.374E-03 1.103E+01  2 2.176E-07 8.966E+01  3 6.957E-05 1.421E+01  5 1.581E-02 7.266E+00  6 8.021E-03 2.303E+00
 7 2.700E-03 2.130E+00  8 3.890E-03 2.135E+00  9 5.953E-04 7.016E+00 10 3.070E-04 9.705E+00 11 1.434E-02 1.580E+00
12 4.630E-03 1.108E+00 13 2.160E-04 5.604E+00 14 3.841E-04 2.868E+01 15 2.873E-03 4.684E+00 16 1.024E-03 1.062E+00
17 2.731E-03 3.660E+00 18 2.920E-05 5.245E+01 19 4.967E-05 4.750E+01 21 1.155E-04 1.888E+01 22 5.952E-04 1.440E+01
23 2.229E-06 2.507E+01 24 2.603E-03 4.560E-01 25 3.372E-06 1.284E+01 26 1.482E-03 8.264E-01 27 1.092E-03 1.478E+00
 81  25
 1 1.513E-03 1.715E+01  2 5.947E-07 7.980E+01  3 7.273E-05 2.934E+01  5 1.733E-02 4.484E+00  6 8.489E-03 2.351E+00
 7 2.433E-03 1.920E+00  8 3.489E-03 3.006E+00  9 5.794E-04 6.277E+00 10 2.936E-04 5.998E+00 11 1.625E-02 1.827E+00
12 4.968E-03 7.415E-01 13 2.347E-04 5.041E+00 14 5.446E-04 2.527E+01 15 2.985E-03 4.881E+00 16 1.022E-03 1.185E+00
17 2.881E-03 2.920E+00 18 2.376E-05 6.697E+01 19 4.909E-05 4.459E+01 21 1.473E-04 2.354E+01 22 4.136E-04 7.195E+00
23 3.190E-06 2.751E+01 24 2.603E-03 4.054E-01 25 3.050E-06 1.408E+01 26 1.479E-03 9.652E-01 27 1.079E-03 1.467E+00
 82  25
 1 1.596E-03 1.235E+01  3 1.070E-04 1.680E+01  5 1.775E-02 5.985E+00  6 9.122E-03 2.415E+00  7 2.219E-03 1.997E+00
 8 3.013E-03 2.333E+00  9 4.762E-04 8.506E+00 10 3.813E-04 7.984E+00 11 1.703E-02 1.377E+00 12 5.332E-03 1.274E+00
13 2.475E-04 3.288E+00 14 3.855E-04 2.954E+01 15 3.394E-03 3.546E+00 16 1.026E-03 1.460E+00 17 3.341E-03 3.873E+00
18 9.699E-06 9.252E+01 19 4.805E-05 5.872E+01 20 1.225E-07 1.000E+02 21 1.339E-04 2.284E+01 22 4.642E-04 1.592E+01
23 2.139E-06 2.776E+01 24 2.618E-03 4.377E-01 25 2.043E-06 2.090E+01 26 1.503E-03 8.894E-01 27 1.078E-03 1.131E+00
 83  26
 1 1.481E-03 9.797E+00  2 1.485E-06 6.085E+01  3 7.350E-05 1.221E+01  5 1.691E-02 5.919E+00  6 9.375E-03 1.580E+00
 7 2.005E-03 1.725E+00  8 2.650E-03 2.787E+00  9 4.387E-04 7.957E+00 10 3.990E-04 8.074E+00 11 1.755E-02 1.140E+00
12 5.760E-03 1.080E+00 13 2.973E-04 3.625E+00 14 3.653E-04 3.111E+01 15 3.954E-03 5.584E+00 16 1.016E-03 1.006E+00
17 4.178E-03 2.876E+00 18 6.571E-06 6.154E+01 19 1.580E-04 3.229E+01 20 6.062E-07 1.000E+02 21 8.624E-05 2.969E+01
22 3.766E-04 1.259E+01 23 2.542E-06 2.434E+01 24 2.605E-03 4.510E-01 25 2.309E-06 1.525E+01 26 1.515E-03 7.807E-01
27 1.080E-03 1.136E+00
 84  26
 1 1.951E-03 1.335E+01  2 3.654E-07 1.000E+02  3 1.010E-04 1.271E+01  5 1.752E-02 4.394E+00  6 9.676E-03 2.579E+00
 7 1.784E-03 1.971E+00  8 2.656E-03 3.148E+00  9 4.450E-04 8.261E+00 10 3.789E-04 5.348E+00 11 1.726E-02 1.392E+00
12 6.120E-03 9.454E-01 13 3.072E-04 4.845E+00 14 2.804E-04 3.729E+01 15 4.392E-03 3.942E+00 16 1.021E-03 1.230E+00
17 5.353E-03 2.290E+00 18 3.346E-05 6.888E+01 19 8.330E-05 3.439E+01 20 4.213E-05 6.976E+01 21 8.893E-05 2.968E+01
22 3.772E-04 1.509E+01 23 2.796E-06 3.160E+01 24 2.609E-03 4.450E-01 25 1.970E-06 1.725E+01 26 1.553E-03 1.002E+00
27 1.091E-03 1.337E+00
 85  25
 1 2.080E-03 1.370E+01  2 4.012E-07 6.924E+01  3 1.294E-04 1.032E+01  5 1.475E-02 5.265E+00  6 1.018E-02 2.674E+00
 7 1.632E-03 1.682E+00  8 2.160E-03 4.107E+00  9 3.412E-04 8.475E+00 10 4.399E-04 6.058E+00 11 1.804E-02 1.381E+00
12 6.412E-03 1.233E+00 13 3.406E-04 3.736E+00 14 2.985E-04 3.149E+01 15 4.607E-03 4.596E+00 16 1.002E-03 1.173E+00
17 6.670E-03 2.182E+00 18 2.117E-05 7.161E+01 19 1.754E-04 3.414E+01 21 8.376E-05 3.121E+01 22 2.776E-04 1.179E+01
23 3.100E-06 3.414E+01 24 2.606E-03 4.009E-01 25 1.760E-06 1.651E+01 26 1.530E-03 1.006E+00 27 1.061E-03 1.439E+00
 86  26
 1 2.691E-03 1.111E+01  2 2.142E-07 6.574E+01  3 1.209E-04 1.547E+01  5 1.456E-02 5.755E+00  6 1.056E-02 1.507E+00
 7 1.398E-03 2.481E+00  8 2.069E-03 4.603E+00  9 3.051E-04 1.195E+01 10 5.638E-04 4.431E+00 11 1.847E-02 1.478E+00
12 6.850E-03 8.391E-01 13 4.412E-04 4.054E+00 14 2.425E-04 3.876E+01 15 5.008E-03 3.237E+00 16 1.020E-03 1.346E+00
17 7.922E-03 2.217E+00 18 7.488E-06 8.873E+01 19 8.081E-05 4.850E+01 20 9.495E-07 7.456E+01 21 4.547E-05 3.260E+01
22 2.514E-04 1.832E+01 23 5.762E-06 2.266E+01 24 2.617E-03 4.355E-01 25 1.244E-06 1.529E+01 26 1.570E-03 1.033E+00
27 1.090E-03 1.516E+00
 87  25
 1 2.324E-03 9.183E+00  2 2.271E-07 6.952E+01  3 1.362E-04 1.183E+01  5 1.579E-02 7.779E+00  6 1.065E-02 1.408E+00
 7 1.312E-03 2.147E+00  8 1.798E-03 2.718E+00  9 3.001E-04 1.391E+01 10 5.411E-04 5.560E+00 11 1.790E-02 1.335E+00
12 7.133E-03 1.086E+00 13 4.403E-04 3.063E+00 14 2.502E-04 3.697E+01 15 6.196E-03 4.075E+00 16 1.022E-03 1.532E+00
17 8.851E-03 1.904E+00 19 3.552E-05 6.772E+01 20 1.022E-05 9.660E+01 21 7.354E-05 3.300E+01 22 2.660E-04 1.602E+01
23 3.109E-06 2.297E+01 24 2.618E-03 3.793E-01 25 1.194E-06 1.942E+01 26 1.614E-03 9.278E-01 27 1.095E-03 1.265E+00
 88  26
 1 3.269E-03 9.234E+00  2 3.923E-07 7.198E+01  3 1.438E-04 1.014E+01  5 1.331E-02 7.723E+00  6 1.115E-02 1.943E+00
 7 1.131E-03 3.171E+00  8 1.619E-03 4.686E+00  9 2.783E-04 8.001E+00 10 6.602E-04 6.549E+00 11 1.737E-02 1.489E+00
12 7.605E-03 7.763E-01 13 5.060E-04 3.401E+00 14 2.206E-04 4.178E+01 15 7.200E-03 2.759E+00 16 9.997E-04 1.093E+00
17 1.009E-02 2.033E+00 18 1.798E-06 1.000E+02 19 1.176E-04 3.045E+01 20 1.383E-06 8.231E+01 21 6.442E-05 3.105E+01
22 2.485E-04 2.704E+01 23 4.085E-06 2.543E+01 24 2.633E-03 4.315E-01 25 1.773E-06 2.049E+01 26 1.636E-03 8.044E-01
27 1.084E-03 1.469E+00
 89  25
 1 4.496E-03 9.759E+00  2 1.227E-07 8.752E+01  3 2.030E-04 9.695E+00  5 1.120E-02 7.369E+00  6 1.105E-02 2.022E+00
 7 1.123E-03 2.993E+00  8 1.523E-03 5.886E+00  9 2.133E-04 1.095E+01 10 6.434E-04 5.867E+00 11 1.690E-02 1.450E+00
12 8.092E-03 7.799E-01 13 5.295E-04 3.306E+00 14 1.971E-04 3.729E+01 15 9.153E-03 2.378E+00 16 1.028E-03 1.270E+00
17 9.919E-03 2.239E+00 19 8.328E-05 5.075E+01 20 2.563E-05 6.841E+01 21 1.672E-05 2.688E+01 22 2.097E-04 1.820E+01
23 5.294E-06 1.712E+01 24 2.645E-03 3.429E-01 25 1.076E-06 2.093E+01 26 1.700E-03 1.008E+00 27 1.116E-03 1.444E+00
 90  26
 1 4.811E-03 7.293E+00  2 4.420E-07 6.961E+01  3 1.815E-04 1.031E+01  5 9.383E-03 7.783E+00  6 1.139E-02 2.208E+00
 7 9.424E-04 2.800E+00  8 1.283E-03 4.652E+00  9 2.157E-04 1.242E+01 10 7.801E-04 6.329E+00 11 1.581E-02 1.702E+00
12 8.249E-03 1.000E+00 13 5.806E-04 2.970E+00 14 6.206E-04 2.880E+01 15 9.965E-03 2.876E+00 16 1.008E-03 1.078E+00
17 1.089E-02 2.296E+00 18 2.125E-06 8.938E+01 19 1.963E-04 4.420E+01 20 4.047E-05 7.203E+01 21 1.548E-04 4.127E+01
22 1.529E-04 1.393E+01 23 4.205E-06 1.800E+01 24 2.618E-03 3.455E-01 25 1.267E-06 2.115E+01 26 1.769E-03 7.225E-01
27 1.130E-03 8.763E-01
 91  25
 1 3.875E-03 9.534E+00  2 2.280E-06 4.881E+01  3 2.164E-04 8.233E+00  5 8.615E-03 7.160E+00  6 1.082E-02 2.355E+00
 7 7.994E-04 2.676E+00  8 1.085E-03 3.453E+00  9 1.934E-04 1.131E+01 10 8.019E-04 4.225E+00 11 1.336E-02 1.361E+00
12 8.088E-03 9.671E-01 13 6.409E-04 2.731E+00 14 2.338E-04 5.149E+01 15 1.108E-02 3.043E+00 16 1.002E-03 1.552E+00
17 1.104E-02 1.938E+00 19 8.977E-05 4.520E+01 20 4.069E-07 1.000E+02 21 6.520E-05 5.409E+01 22 2.549E-04 1.943E+01
23 5.956E-06 2.413E+01 24 2.690E-03 4.358E-01 25 1.266E-06 2.539E+01 26 2.744E-03 7.294E-01 27 1.692E-03 7.385E-01
 92  25
 1 4.686E-03 5.234E+00  2 9.852E-07 4.241E+01  3 1.966E-04 1.186E+01  5 8.045E-03 8.793E+00  6 9.757E-03 2.021E+00
 7 7.235E-04 3.085E+00  8 9.477E-04 5.352E+00  9 1.629E-04 1.442E+01 10 8.764E-04 3.306E+00 11 1.211E-02 1.505E+00
12 8.392E-03 9.323E-01 13 6.976E-04 3.345E+00 14 7.064E-05 5.460E+01 15 1.135E-02 3.101E+00 16 9.650E-04 1.043E+00
17 1.117E-02 1.326E+00 19 1.419E-04 3.978E+01 20 6.168E-06 1.000E+02 21 4.123E-05 5.936E+01 22 1.194E-04 2.699E+01
23 6.569E-06 2.034E+01 24 2.696E-03 3.857E-01 25 1.178E-06 2.826E+01 26 3.024E-03 6.514E-01 27 1.844E-03 8.420E-01
 93  26
 1 6.117E-03 5.311E+00  2 2.405E-06 5.688E+01  3 1.871E-04 8.459E+00  5 7.394E-03 9.112E+00  6 9.852E-03 1.948E+00
 7 6.496E-04 4.238E+00  8 8.946E-04 4.629E+00  9 2.000E-04 1.138E+01 10 1.001E-03 3.644E+00 11 1.045E-02 1.756E+00
12 8.538E-03 9.452E-01 13 7.496E-04 2.567E+00 14 2.345E-04 4.242E+01 15 1.231E-02 2.848E+00 16 9.772E-04 1.276E+00
17 1.147E-02 1.757E+00 18 3.995E-06 6.301E+01 19 2.424E-04 2.410E+01 20 1.815E-06 1.000E+02 21 4.564E-05 4.721E+01
22 1.347E-04 2.006E+01 23 6.760E-06 1.671E+01 24 2.685E-03 3.683E-01 25 8.162E-07 2.197E+01 26 2.997E-03 5.681E-01
27 1.797E-03 8.367E-01
 94  25
 1 7.007E-03 8.955E+00  2 4.687E-07 9.177E+01  3 2.435E-04 6.158E+00  5 7.356E-03 8.842E+00  6 1.058E-02 2.339E+00
 7 6.285E-04 3.117E+00  8 8.168E-04 6.268E+00  9 1.250E-04 1.145E+01 10 1.204E-03 4.666E+00 11 9.728E-03 1.930E+00
12 9.671E-03 8.027E-01 13 9.103E-04 2.459E+00 14 1.270E-04 3.768E+01 15 1.446E-02 2.054E+00 16 1.010E-03 1.228E+00
17 1.244E-02 1.998E+00 19 9.269E-05 3.462E+01 20 3.284E-05 4.477E+01 21 5.776E-05 3.413E+01 22 1.092E-04 2.210E+01
23 7.891E-06 1.435E+01 24 2.653E-03 2.944E-01 25 8.618E-07 3.034E+01 26 1.935E-03 6.543E-01 27 1.042E-03 9.646E-01
 95  26
 1 7.977E-03 5.993E+00  2 1.296E-07 6.710E+01  3 2.556E-04 8.623E+00  5 5.602E-03 1.419E+01  6 1.015E-02 1.896E+00
 7 5.633E-04 4.548E+00  8 7.624E-04 5.002E+00  9 1.244E-04 1.191E+01 10 1.447E-03 4.126E+00 11 7.745E-03 2.010E+00
12 9.905E-03 9.975E-01 13 1.025E-03 2.602E+00 14 6.978E-05 7.727E+01 15 2.115E-02 1.769E+00 16 9.904E-04 1.261E+00
17 1.281E-02 1.663E+00 18 9.773E-06 1.000E+02 19 2.272E-04 2.352E+01 20 2.908E-05 6.909E+01 21 4.048E-05 6.153E+01
22 1.152E-04 3.022E+01 23 6.450E-06 2.173E+01 24 2.652E-03 4.502E-01 25 4.931E-07 3.104E+01 26 1.943E-03 9.933E-01
27 1.024E-03 1.343E+00
 96  26
 1 1.120E-02 5.522E+00  2 1.294E-06 7.306E+01  3 2.764E-04 6.493E+00  5 4.059E-03 8.754E+00  6 1.022E-02 1.982E+00
 7 5.149E-04 4.091E+00  8 7.681E-04 7.564E+00  9 1.025E-04 1.604E+01 10 1.498E-03 4.468E+00 11 5.541E-03 2.438E+00
12 1.009E-02 8.631E-01 13 1.109E-03 2.609E+00 14 8.722E-05 3.364E+01 15 2.011E-02 2.492E+00 16 9.909E-04 1.203E+00
17 1.172E-02 2.250E+00 18 6.630E-08 1.000E+02 19 3.866E-04 2.619E+01 20 1.270E-05 9.650E+01 21 1.245E-05 4.575E+01
22 8.945E-05 2.313E+01 23 8.317E-06 1.227E+01 24 2.652E-03 3.274E-01 25 4.541E-07 3.271E+01 26 2.182E-03 6.793E-01
27 1.196E-03 9.341E-01
 97  26
 1 2.280E-02 4.483E+00  2 1.135E-06 6.509E+01  3 3.388E-04 6.212E+00  5 3.794E-03 1.151E+01  6 9.089E-03 2.575E+00
 7 4.372E-04 4.631E+00  8 5.854E-04 6.883E+00  9 8.235E-05 9.701E+00 10 1.592E-03 3.283E+00 11 3.660E-03 2.562E+00
12 9.558E-03 1.104E+00 13 1.210E-03 1.847E+00 14 2.058E-04 4.190E+01 15 1.803E-02 2.703E+00 16 9.808E-04 1.510E+00
17 1.078E-02 2.326E+00 18 7.033E-06 6.466E+01 19 1.542E-04 3.533E+01 20 1.655E-06 1.000E+02 21 1.215E-05 5.201E+01
22 8.105E-05 2.680E+01 23 9.742E-06 1.301E+01 24 2.687E-03 3.401E-01 25 8.106E-07 2.575E+01 26 3.108E-03 4.763E-01
27 1.819E-03 7.091E-01
 98  25
 1 2.277E-02 4.117E+00  2 2.133E-06 4.728E+01  3 3.638E-04 6.683E+00  5 3.580E-03 7.970E+00  6 8.764E-03 1.824E+00
 7 4.245E-04 5.489E+00  8 4.806E-04 5.864E+00  9 9.075E-05 1.728E+01 10 1.883E-03 4.572E+00 11 3.205E-03 3.681E+00
12 9.624E-03 7.456E-01 13 1.345E-03 1.758E+00 14 5.858E-05 5.213E+01 15 1.620E-02 2.718E+00 16 9.841E-04 1.205E+00
17 1.052E-02 1.545E+00 19 3.266E-04 2.317E+01 20 6.398E-05 5.644E+01 21 1.504E-05 5.425E+01 22 5.102E-05 3.267E+01
23 8.396E-06 1.115E+01 24 2.699E-03 3.548E-01 25 6.561E-07 2.583E+01 26 3.164E-03 5.955E-01 27 1.862E-03 6.010E-01
 99  26
 1 2.613E-02 3.778E+00  2 8.158E-07 4.580E+01  3 3.239E-04 5.330E+00  5 3.405E-03 1.107E+01  6 8.483E-03 2.328E+00
 7 3.510E-04 3.689E+00  8 4.664E-04 5.041E+00  9 9.250E-05 1.742E+01 10 2.122E-03 3.485E+00 11 3.001E-03 3.345E+00
12 1.025E-02 8.918E-01 13 1.508E-03 1.157E+00 14 3.662E-05 6.089E+01 15 1.501E-02 3.120E+00 16 9.676E-04 1.526E+00
17 1.073E-02 1.679E+00 18 7.237E-06 1.000E+02 19 1.757E-04 2.326E+01 20 1.288E-05 6.934E+01 21 2.949E-05 5.284E+01
22 6.203E-05 2.442E+01 23 9.298E-06 1.098E+01 24 2.687E-03 4.263E-01 25 2.773E-07 5.243E+01 26 2.702E-03 6.381E-01
27 1.518E-03 6.988E-01
100  25
 1 2.724E-02 3.442E+00  2 6.593E-06 4.887E+01  3 4.170E-04 6.438E+00  5 3.015E-03 1.137E+01  6 8.606E-03 2.070E+00
 7 3.388E-04 3.870E+00  8 4.259E-04 5.340E+00  9 6.234E-05 2.237E+01 10 2.244E-03 2.406E+00 11 2.707E-03 3.113E+00
12 1.104E-02 8.068E-01 13 1.684E-03 1.259E+00 14 6.031E-05 6.627E+01 15 1.196E-02 3.039E+00 16 9.938E-04 1.098E+00
17 1.018E-02 1.979E+00 19 2.088E-04 2.686E+01 20 1.091E-05 6.680E+01 21 3.185E-05 4.371E+01 22 6.543E-05 3.982E+01
23 1.540E-05 1.107E+01 24 2.654E-03 3.267E-01 25 3.339E-07 2.948E+01 26 2.043E-03 7.121E-01 27 1.052E-03 1.143E+00
101  26
 1 2.413E-02 2.930E+00  2 6.566E-07 7.961E+01  3 4.995E-04 8.341E+00  5 2.042E-03 1.671E+01  6 8.057E-03 2.115E+00
 7 2.763E-04 6.162E+00  8 4.100E-04 9.607E+00  9 7.234E-05 1.828E+01 10 2.710E-03 3.405E+00 11 2.268E-03 2.969E+00
12 1.115E-02 7.800E-01 13 1.904E-03 2.376E+00 14 7.680E-05 4.432E+01 15 8.353E-03 2.709E+00 16 1.001E-03 1.260E+00
17 9.455E-03 2.631E+00 18 5.784E-06 1.000E+02 19 4.003E-04 2.393E+01 20 2.294E-05 5.561E+01 21 1.189E-05 5.654E+01
22 5.936E-05 3.826E+01 23 1.256E-05 1.423E+01 24 2.639E-03 3.958E-01 25 2.367E-07 3.291E+01 26 2.044E-03 6.148E-01
27 1.045E-03 9.709E-01
102  25
 1 2.055E-02 5.516E+00  2 1.650E-06 8.762E+01  3 5.443E-04 7.103E+00  5 2.056E-03 1.226E+01  6 7.042E-03 1.916E+00
 7 2.630E-04 6.077E+00  8 3.686E-04 5.063E+00  9 4.937E-05 2.321E+01 10 2.904E-03 2.818E+00 11 2.034E-03 3.185E+00
12 1.058E-02 6.938E-01 13 2.026E-03 1.584E+00 14 8.019E-05 8.385E+01 15 6.858E-03 3.964E+00 16 9.817E-04 1.155E+00
17 8.234E-03 2.826E+00 19 2.864E-04 1.860E+01 20 9.681E-06 6.401E+01 21 6.611E-06 5.310E+01 22 6.627E-05 2.852E+01
23 1.185E-05 1.292E+01 24 2.673E-03 3.620E-01 25 6.639E-08 4.233E+01 26 2.761E-03 7.347E-01 27 1.534E-03 8.432E-01
103  26
 1 1.868E-02 5.348E+00  2 2.755E-06 4.798E+01  3 5.744E-04 4.942E+00  5 1.614E-03 1.326E+01  6 5.920E-03 2.173E+00
 7 2.528E-04 4.476E+00  8 3.193E-04 6.641E+00  9 3.182E-05 1.882E+01 10 3.171E-03 3.066E+00 11 1.688E-03 2.605E+00
12 9.996E-03 9.825E-01 13 2.280E-03 1.882E+00 14 8.066E-05 8.239E+01 15 5.675E-03 2.833E+00 16 9.658E-04 1.184E+00
17 6.940E-03 2.372E+00 18 5.169E-08 1.000E+02 19 6.160E-04 2.377E+01 20 2.476E-05 6.770E+01 21 4.045E-06 6.549E+01
22 9.171E-05 3.178E+01 23 1.509E-05 9.924E+00 24 2.679E-03 3.937E-01 25 1.473E-07 5.946E+01 26 3.234E-03 6.220E-01
27 1.875E-03 8.237E-01
104  24
 1 1.711E-02 5.488E+00  2 6.804E-07 4.691E+01  3 6.212E-04 6.564E+00  5 1.758E-03 1.347E+01  6 5.537E-03 2.664E+00
 7 2.042E-04 6.015E+00  8 2.615E-04 9.723E+00  9 3.748E-05 2.829E+01 10 3.418E-03 3.180E+00 11 1.434E-03 4.384E+00
12 9.771E-03 9.012E-01 13 2.539E-03 1.692E+00 15 5.504E-03 3.867E+00 16 1.013E-03 1.368E+00 17 5.740E-03 3.045E+00
19 7.608E-04 1.550E+01 20 2.317E-05 5.785E+01 21 1.312E-05 9.737E+01 22 2.857E-05 4.924E+01 23 1.573E-05 1.363E+01
24 2.666E-03 4.161E-01 25 2.146E-07 4.786E+01 26 3.217E-03 7.207E-01 27 1.850E-03 7.313E-01
105  26
 1 1.322E-02 6.219E+00  2 1.119E-06 5.005E+01  3 7.148E-04 5.716E+00  5 1.741E-03 1.785E+01  6 5.585E-03 2.668E+00
 7 1.976E-04 5.267E+00  8 2.439E-04 7.893E+00  9 6.211E-05 2.071E+01 10 4.268E-03 1.859E+00 11 1.322E-03 5.040E+00
12 1.038E-02 7.197E-01 13 3.049E-03 1.352E+00 14 2.908E-05 7.617E+01 15 5.100E-03 4.049E+00 16 1.005E-03 1.387E+00
17 5.057E-03 2.907E+00 18 8.582E-07 8.134E+01 19 5.910E-04 2.145E+01 20 2.188E-05 7.829E+01 21 2.231E-05 5.008E+01
22 2.444E-05 5.152E+01 23 1.732E-05 1.010E+01 24 2.648E-03 3.125E-01 25 3.795E-07 3.390E+01 26 2.361E-03 5.212E-01
27 1.239E-03 7.481E-01
106  25
 1 9.187E-03 6.842E+00  2 2.247E-06 5.254E+01  3 7.688E-04 7.194E+00  5 1.316E-03 1.146E+01  6 4.014E-03 2.712E+00
 7 1.727E-04 5.998E+00  8 2.944E-04 1.262E+01  9 3.653E-05 2.162E+01 10 4.810E-03 2.460E+00 11 1.198E-03 4.542E+00
12 1.020E-02 8.426E-01 13 3.561E-03 1.249E+00 15 4.463E-03 3.634E+00 16 1.004E-03 1.192E+00 17 4.074E-03 3.148E+00
18 5.548E-06 1.000E+02 19 6.853E-04 1.938E+01 20 5.717E-05 5.689E+01 21 1.311E-06 9.168E+01 22 3.364E-05 4.095E+01
23 2.135E-05 9.804E+00 24 2.610E-03 3.776E-01 25 2.819E-07 4.107E+01 26 2.111E-03 9.197E-01 27 1.052E-03 1.250E+00
107  25
 1 6.663E-03 5.393E+00  2 2.303E-06 4.019E+01  3 8.014E-04 3.822E+00  5 1.175E-03 1.864E+01  6 2.917E-03 3.403E+00
 7 1.529E-04 6.706E+00  8 2.043E-04 1.410E+01  9 3.624E-05 2.922E+01 10 5.582E-03 2.401E+00 11 1.151E-03 5.142E+00
12 4.865E-03 9.487E-01 13 4.049E-03 1.255E+00 14 9.382E-06 9.119E+01 15 3.960E-03 3.690E+00 16 9.977E-04 1.371E+00
17 3.267E-03 3.122E+00 19 7.001E-04 1.850E+01 20 2.743E-05 6.795E+01 21 7.897E-06 8.444E+01 22 2.537E-05 5.049E+01
23 2.724E-05 1.061E+01 24 2.620E-03 3.225E-01 25 3.147E-07 4.271E+01 26 2.207E-03 6.451E-01 27 1.116E-03 7.392E-01
108  26
 1 4.780E-03 5.907E+00  2 2.380E-06 4.224E+01  3 8.185E-04 4.984E+00  5 1.368E-03 1.682E+01  6 2.265E-03 3.466E+00
 7 1.319E-04 6.060E+00  8 2.112E-04 1.036E+01  9 3.232E-05 3.321E+01 10 7.327E-03 2.231E+00 11 8.779E-04 5.440E+00
12 3.595E-03 1.660E+00 13 7.061E-03 1.040E+00 14 1.706E-04 7.846E+01 15 3.412E-03 3.137E+00 16 1.002E-03 1.208E+00
17 2.409E-03 4.249E+00 18 9.127E-06 9.891E+01 19 6.388E-04 1.716E+01 20 4.374E-05 5.710E+01 21 3.684E-07 1.000E+02
22 4.030E-05 3.813E+01 23 2.110E-05 9.264E+00 24 2.583E-03 3.411E-01 25 7.992E-08 7.212E+01 26 3.300E-03 4.638E-01
27 1.895E-03 5.797E-01
109  25
 1 4.695E-03 9.462E+00  2 1.645E-06 4.325E+01  3 9.359E-04 6.174E+00  5 1.105E-03 1.775E+01  6 2.230E-03 4.772E+00
 7 1.169E-04 8.293E+00  8 1.368E-04 1.283E+01  9 2.781E-05 2.612E+01 10 1.045E-02 1.570E+00 11 8.082E-04 5.123E+00
12 3.211E-03 1.551E+00 13 7.424E-03 7.401E-01 14 3.921E-05 9.536E+01 15 3.289E-03 3.460E+00 16 1.007E-03 1.206E+00
17 2.208E-03 3.840E+00 19 7.322E-04 2.032E+01 20 6.678E-06 5.644E+01 21 1.031E-07 1.000E+02 22 3.394E-05 5.216E+01
23 2.095E-05 1.107E+01 24 2.589E-03 3.349E-01 25 6.044E-08 4.081E+01 26 3.355E-03 5.237E-01 27 1.931E-03 8.286E-01
110  25
 1 4.367E-03 6.845E+00  2 4.347E-06 3.431E+01  3 9.802E-04 4.013E+00  5 6.897E-04 2.417E+01  6 1.920E-03 4.197E+00
 7 1.144E-04 1.017E+01  8 1.680E-04 1.283E+01  9 2.308E-05 2.998E+01 10 1.369E-02 1.623E+00 11 7.189E-04 5.033E+00
12 2.840E-03 1.267E+00 13 7.856E-03 9.356E-01 14 6.673E-06 1.000E+02 15 2.944E-03 4.867E+00 16 1.013E-03 1.470E+00
17 2.041E-03 4.078E+00 19 8.894E-04 1.973E+01 20 6.734E-05 3.755E+01 21 1.019E-05 8.990E+01 22 2.174E-05 3.180E+01
23 3.032E-05 9.316E+00 24 2.577E-03 3.673E-01 25 1.908E-07 7.495E+01 26 3.149E-03 5.974E-01 27 1.767E-03 7.589E-01
111  27
 1 3.474E-03 8.192E+00  2 3.502E-06 4.253E+01  3 1.184E-03 3.741E+00  4 2.227E-05 1.000E+02  5 6.907E-04 2.293E+01
 6 1.747E-03 4.681E+00  7 9.994E-05 7.789E+00  8 1.473E-04 9.391E+00  9 2.144E-05 3.182E+01 10 1.658E-02 1.563E+00
11 6.345E-04 6.083E+00 12 2.699E-03 1.339E+00 13 8.633E-03 9.438E-01 14 3.341E-07 1.000E+02 15 2.833E-03 4.688E+00
16 1.001E-03 1.435E+00 17 1.847E-03 4.864E+00 18 1.863E-06 1.000E+02 19 1.093E-03 1.329E+01 20 2.023E-05 4.395E+01
21 1.494E-05 7.408E+01 22 5.073E-06 7.233E+01 23 2.531E-05 9.608E+00 24 2.500E-03 3.991E-01 25 2.228E-07 6.135E+01
26 2.219E-03 6.550E-01 27 1.127E-03 9.697E-01
112  26
 1 3.742E-03 8.707E+00  2 2.128E-06 6.198E+01  3 1.215E-03 4.796E+00  4 1.102E-05 1.000E+02  5 1.048E-03 1.718E+01
 6 1.749E-03 5.178E+00  7 9.106E-05 1.066E+01  8 1.364E-04 1.284E+01  9 1.764E-05 2.974E+01 10 1.795E-02 1.521E+00
11 5.025E-04 6.380E+00 12 2.495E-03 1.232E+00 13 8.706E-03 7.704E-01 14 5.111E-05 9.874E+01 15 2.491E-03 4.712E+00
16 1.012E-03 1.329E+00 17 1.565E-03 5.126E+00 19 1.095E-03 1.601E+01 20 9.650E-05 4.898E+01 21 3.844E-06 1.000E+02
22 2.345E-05 4.838E+01 23 2.707E-05 1.087E+01 24 2.522E-03 4.786E-01 25 1.502E-07 6.294E+01 26 2.227E-03 8.569E-01
27 1.102E-03 1.032E+00
113  25
 1 3.376E-03 9.705E+00  2 6.811E-06 3.891E+01  3 1.378E-03 4.282E+00  5 6.135E-04 2.221E+01  6 1.514E-03 4.714E+00
 7 8.980E-05 9.409E+00  8 1.188E-04 1.472E+01  9 1.118E-05 4.036E+01 10 1.780E-02 1.100E+00 11 5.987E-04 6.924E+00
12 2.283E-03 1.412E+00 13 8.306E-03 1.013E+00 14 1.680E-05 1.000E+02 15 2.381E-03 6.549E+00 16 1.007E-03 1.073E+00
17 1.635E-03 4.980E+00 19 1.301E-03 1.588E+01 20 7.869E-05 4.353E+01 21 4.565E-06 4.911E+01 22 1.754E-05 5.179E+01
23 3.158E-05 9.394E+00 24 2.556E-03 3.030E-01 25 2.265E-08 9.195E+01 26 2.738E-03 6.072E-01 27 1.455E-03 8.220E-01
114  25
 1 2.693E-03 1.073E+01  2 6.043E-06 3.536E+01  3 1.386E-03 3.695E+00  5 6.985E-04 2.103E+01  6 1.227E-03 4.772E+00
 7 8.442E-05 6.205E+00  8 1.111E-04 1.387E+01  9 3.211E-05 2.167E+01 10 1.708E-02 1.762E+00 11 5.512E-04 6.917E+00
12 1.941E-03 1.311E+00 13 8.002E-03 7.350E-01 14 1.768E-07 1.000E+02 15 1.832E-03 4.732E+00 16 9.880E-04 1.201E+00
17 1.391E-03 4.219E+00 19 1.588E-03 1.324E+01 20 2.913E-05 4.835E+01 21 2.389E-07 1.000E+02 22 3.559E-05 7.514E+01
23 3.265E-05 9.186E+00 24 2.588E-03 3.890E-01 25 1.860E-07 4.416E+01 26 3.428E-03 6.038E-01 27 1.932E-03 7.015E-01
115  25
 1 2.888E-03 1.335E+01  2 3.834E-06 3.720E+01  3 1.618E-03 4.598E+00  5 4.575E-04 2.939E+01  6 1.191E-03 5.857E+00
 7 7.100E-05 9.613E+00  8 1.213E-04 1.857E+01  9 1.361E-05 3.675E+01 10 1.621E-02 1.427E+00 11 4.762E-04 7.262E+00
12 1.845E-03 2.008E+00 13 7.942E-03 9.047E-01 14 3.089E-05 1.000E+02 15 1.682E-03 5.827E+00 16 9.684E-04 1.625E+00
17 1.255E-03 4.547E+00 19 1.644E-03 9.141E+00 20 7.038E-05 4.486E+01 21 3.546E-06 6.913E+01 22 4.750E-05 6.555E+01
23 3.602E-05 8.124E+00 24 2.583E-03 4.210E-01 25 7.648E-08 5.640E+01 26 3.439E-03 5.702E-01 27 1.957E-03 7.958E-01
116  24
 1 2.205E-03 8.195E+00  2 5.705E-06 2.960E+01  3 1.917E-03 2.647E+00  5 6.336E-04 2.543E+01  6 1.074E-03 4.507E+00
 7 6.608E-05 1.164E+01  8 1.117E-04 1.055E+01  9 1.153E-05 3.387E+01 10 1.786E-02 1.458E+00 11 3.909E-04 6.750E+00
12 1.646E-03 1.804E+00 13 8.631E-03 8.166E-01 15 1.572E-03 5.906E+00 16 1.004E-03 1.370E+00 17 1.172E-03 4.059E+00
19 1.382E-03 1.490E+01 20 1.115E-04 4.694E+01 21 5.453E-06 1.000E+02 22 5.510E-06 7.755E+01 23 3.864E-05 7.894E+00
24 2.544E-03 3.565E-01 25 1.812E-08 6.822E+01 26 2.756E-03 6.438E-01 27 1.452E-03 9.136E-01
117  25
 1 2.135E-03 1.490E+01  2 1.742E-06 3.648E+01  3 3.294E-03 2.217E+00  5 3.916E-04 2.066E+01  6 1.066E-03 3.985E+00
 7 6.434E-05 1.087E+01  8 8.524E-05 1.636E+01  9 2.132E-06 3.855E+01 10 1.743E-02 1.414E+00 11 3.810E-04 8.602E+00
12 1.530E-03 1.601E+00 13 8.725E-03 9.650E-01 14 7.953E-05 1.000E+02 15 1.532E-03 5.741E+00 16 1.199E-03 1.246E+00
17 1.135E-03 5.429E+00 19 1.794E-03 1.050E+01 20 8.115E-05 4.540E+01 21 1.583E-06 9.442E+01 22 7.202E-06 7.259E+01
23 4.110E-05 6.902E+00 24 2.510E-03 4.383E-01 25 7.016E-08 4.858E+01 26 2.291E-03 8.704E-01 27 1.120E-03 1.105E+00
118  24
 1 1.786E-03 1.028E+01  2 1.075E-05 3.148E+01  3 7.435E-03 2.106E+00  5 4.339E-04 1.704E+01  6 9.419E-04 7.222E+00
 7 5.045E-05 9.484E+00  8 7.996E-05 1.419E+01  9 1.230E-05 3.561E+01 10 1.676E-02 1.664E+00 11 3.580E-04 8.872E+00
12 1.425E-03 2.134E+00 13 8.658E-03 8.865E-01 14 3.632E-06 1.000E+02 15 1.492E-03 7.916E+00 16 1.146E-03 1.184E+00
17 1.237E-03 4.919E+00 19 2.477E-03 7.896E+00 20 2.046E-04 3.877E+01 22 1.647E-05 5.758E+01 23 4.839E-05 7.567E+00
24 2.523E-03 4.187E-01 25 3.979E-07 4.393E+01 26 2.299E-03 7.282E-01 27 1.139E-03 1.170E+00
119  24
 1 1.644E-03 1.324E+01  2 5.700E-06 3.347E+01  3 1.045E-02 1.326E+00  5 4.064E-04 3.029E+01  6 8.301E-04 7.139E+00
 7 4.743E-05 1.055E+01  8 6.882E-05 1.772E+01  9 9.011E-06 3.984E+01 10 1.506E-02 1.650E+00 11 3.323E-04 8.996E+00
12 1.265E-03 1.548E+00 13 7.863E-03 9.718E-01 15 1.272E-03 6.093E+00 16 1.125E-03 1.073E+00 17 9.324E-04 7.179E+00
19 2.384E-03 1.199E+01 20 1.858E-04 3.850E+01 21 3.611E-06 1.000E+02 22 3.689E-05 8.110E+01 23 4.505E-05 7.394E+00
24 2.565E-03 3.731E-01 25 7.594E-08 5.226E+01 26 3.136E-03 6.168E-01 27 1.719E-03 7.397E-01
120  26
 1 1.014E-03 1.126E+01  2 4.201E-06 3.359E+01  3 1.302E-02 1.490E+00  4 6.367E-06 1.000E+02  5 2.168E-04 3.557E+01
 6 7.553E-04 5.297E+00  7 5.896E-05 1.181E+01  8 7.329E-05 1.945E+01  9 7.104E-06 5.005E+01 10 1.412E-02 1.474E+00
11 2.872E-04 9.198E+00 12 1.120E-03 2.294E+00 13 7.790E-03 1.107E+00 14 1.234E-06 1.000E+02 15 1.033E-03 7.403E+00
16 1.110E-03 1.123E+00 17 9.156E-04 6.038E+00 19 2.359E-03 1.192E+01 20 2.000E-04 3.143E+01 21 3.419E-07 1.000E+02
22 1.314E-05 6.843E+01 23 4.828E-05 7.095E+00 24 2.571E-03 3.796E-01 25 1.531E-07 4.673E+01 26 3.360E-03 4.658E-01
27 1.867E-03 5.970E-01
121  23
 1 1.343E-03 1.532E+01  2 3.867E-06 3.315E+01  3 1.481E-02 1.210E+00  5 5.485E-04 3.259E+01  6 7.241E-04 7.509E+00
 7 4.500E-05 1.385E+01  8 7.765E-05 1.968E+01  9 6.263E-06 5.827E+01 10 1.330E-02 1.548E+00 11 2.726E-04 7.793E+00
12 1.046E-03 2.678E+00 13 7.641E-03 8.858E-01 15 1.015E-03 7.666E+00 16 1.075E-03 1.381E+00 17 7.828E-04 5.505E+00
19 2.238E-03 8.666E+00 20 1.722E-04 3.058E+01 22 7.164E-08 6.947E+01 23 5.325E-05 5.802E+00 24 2.564E-03 3.786E-01
25 6.539E-08 7.774E+01 26 3.325E-03 4.829E-01 27 1.833E-03 6.061E-01
122  23
 1 1.116E-03 1.233E+01  2 8.057E-06 4.234E+01  3 1.707E-02 1.244E+00  5 3.441E-04 2.543E+01  6 7.058E-04 6.789E+00
 7 4.468E-05 1.065E+01  8 6.301E-05 1.052E+01  9 1.329E-05 3.651E+01 10 1.362E-02 1.886E+00 11 2.467E-04 8.846E+00
12 9.944E-04 2.948E+00 13 8.051E-03 8.364E-01 15 9.990E-04 9.541E+00 16 1.111E-03 1.440E+00 17 7.420E-04 6.441E+00
19 3.534E-03 9.623E+00 20 1.664E-04 3.039E+01 22 1.045E-05 6.114E+01 23 5.655E-05 5.677E+00 24 2.531E-03 3.735E-01
25 1.505E-07 3.418E+01 26 2.458E-03 7.122E-01 27 1.188E-03 1.000E+00
123  24
 1 1.043E-03 1.184E+01  2 8.549E-06 2.819E+01  3 1.761E-02 1.259E+00  5 1.973E-04 2.213E+01  6 5.754E-04 7.370E+00
 7 3.273E-05 1.444E+01  8 4.011E-05 2.116E+01  9 3.396E-06 7.755E+01 10 1.259E-02 1.550E+00 11 2.146E-04 9.675E+00
12 8.863E-04 2.640E+00 13 7.732E-03 9.380E-01 15 7.679E-04 7.793E+00 16 1.106E-03 1.164E+00 17 6.408E-04 7.820E+00
19 4.366E-03 6.545E+00 20 1.311E-04 3.149E+01 21 4.919E-06 6.928E+01 22 5.370E-05 4.846E+01 23 6.600E-05 6.352E+00
24 2.521E-03 4.041E-01 25 7.483E-08 4.288E+01 26 2.642E-03 7.247E-01 27 1.230E-03 1.116E+00
124  25
 1 7.860E-04 2.081E+01  2 1.225E-05 2.835E+01  3 1.809E-02 1.172E+00  4 2.680E-05 1.000E+02  5 1.398E-04 3.860E+01
 6 5.000E-04 8.777E+00  7 3.164E-05 1.562E+01  8 5.310E-05 2.199E+01  9 5.778E-06 5.101E+01 10 1.155E-02 1.763E+00
11 1.876E-04 9.424E+00 12 8.065E-04 2.719E+00 13 7.477E-03 7.486E-01 15 8.931E-04 1.022E+01 16 1.086E-03 1.360E+00
17 6.215E-04 9.348E+00 19 4.098E-03 8.918E+00 20 2.619E-04 3.075E+01 21 6.643E-07 1.000E+02 22 6.413E-07 1.000E+02
23 6.564E-05 6.497E+00 24 2.543E-03 4.146E-01 25 2.652E-07 5.657E+01 26 2.883E-03 7.489E-01 27 1.414E-03 1.050E+00
125  23
 1 9.722E-04 2.051E+01  2 8.100E-06 3.069E+01  3 1.806E-02 1.470E+00  5 1.946E-04 4.358E+01  6 4.658E-04 7.288E+00
 7 3.779E-05 1.809E+01  8 5.449E-05 2.125E+01  9 5.529E-06 4.121E+01 10 9.872E-03 2.037E+00 11 2.041E-04 1.373E+01
12 7.244E-04 2.684E+00 13 7.096E-03 9.336E-01 15 7.077E-04 1.049E+01 16 1.068E-03 1.379E+00 17 5.500E-04 8.062E+00
19 4.296E-03 8.753E+00 20 2.122E-04 3.309E+01 22 5.646E-06 9.898E+01 23 7.195E-05 7.069E+00 24 2.578E-03 3.828E-01
25 3.406E-07 4.441E+01 26 3.647E-03 6.393E-01 27 2.004E-03 7.134E-01
126  23
 1 4.709E-04 2.347E+01  2 1.003E-05 2.551E+01  3 1.736E-02 1.156E+00  5 2.283E-04 3.576E+01  6 4.038E-04 9.519E+00
 7 2.859E-05 1.646E+01  8 3.152E-05 1.970E+01  9 5.038E-06 8.098E+01 10 8.890E-03 2.327E+00 11 1.910E-04 1.363E+01
12 6.310E-04 2.567E+00 13 6.970E-03 9.914E-01 15 6.408E-04 1.035E+01 16 1.060E-03 1.457E+00 17 5.212E-04 8.440E+00
19 4.798E-03 1.015E+01 20 2.319E-04 2.350E+01 22 7.337E-07 1.000E+02 23 7.909E-05 4.918E+00 24 2.581E-03 4.220E-01
25 1.359E-07 6.859E+01 26 3.710E-03 7.321E-01 27 2.035E-03 8.363E-01
127  23
 1 9.119E-04 2.453E+01  2 1.637E-05 3.041E+01  3 1.651E-02 1.117E+00  5 1.840E-04 4.949E+01  6 4.237E-04 6.306E+00
 7 1.750E-05 1.544E+01  8 3.169E-05 2.089E+01  9 1.839E-05 5.325E+01 10 7.892E-03 1.821E+00 11 1.881E-04 1.047E+01
12 6.384E-04 2.769E+00 13 7.196E-03 1.011E+00 15 6.729E-04 9.352E+00 16 1.110E-03 1.138E+00 17 4.452E-04 6.998E+00
19 9.734E-03 6.600E+00 20 2.870E-04 2.468E+01 22 4.636E-07 1.000E+02 23 9.252E-05 4.694E+00 24 2.571E-03 3.563E-01
25 6.937E-08 3.885E+01 26 3.319E-03 6.392E-01 27 1.748E-03 7.488E-01
128  25
 1 5.994E-04 1.841E+01  2 9.037E-06 2.385E+01  3 1.510E-02 1.347E+00  5 1.196E-04 5.714E+01  6 3.826E-04 6.794E+00
 7 1.645E-05 1.995E+01  8 2.680E-05 2.521E+01  9 2.283E-06 6.391E+01 10 7.576E-03 2.174E+00 11 1.579E-04 1.061E+01
12 5.773E-04 2.227E+00 13 7.445E-03 8.391E-01 14 3.004E-05 9.581E+01 15 6.126E-04 9.907E+00 16 1.094E-03 1.339E+00
17 4.386E-04 6.727E+00 18 3.877E-06 1.000E+02 19 1.442E-02 4.185E+00 20 2.425E-04 2.424E+01 22 1.465E-06 9.317E+01
23 9.661E-05 4.596E+00 24 2.539E-03 3.795E-01 25 1.414E-07 4.152E+01 26 2.757E-03 7.256E-01 27 1.347E-03 8.108E-01
129  25
 1 6.143E-04 2.060E+01  2 1.420E-05 2.129E+01  3 1.280E-02 1.521E+00  4 1.136E-05 9.657E+01  5 1.677E-04 5.130E+01
 6 3.553E-04 1.013E+01  7 1.980E-05 1.362E+01  8 3.271E-05 2.234E+01  9 6.495E-06 5.335E+01 10 6.753E-03 1.873E+00
11 1.723E-04 1.118E+01 12 5.770E-04 3.257E+00 13 7.691E-03 7.162E-01 14 1.466E-05 1.000E+02 15 5.958E-04 1.305E+01
16 1.120E-03 1.250E+00 17 3.517E-04 8.855E+00 19 1.845E-02 4.439E+00 20 2.904E-04 2.155E+01 21 5.710E-06 1.000E+02
22 6.639E-06 9.537E+01 23 1.044E-04 5.258E+00 24 2.542E-03 3.489E-01 26 2.771E-03 5.543E-01 27 1.347E-03 7.738E-01
130  25
 1 6.372E-04 2.441E+01  2 1.607E-05 1.858E+01  3 1.075E-02 1.724E+00  4 6.694E-05 7.055E+01  5 1.496E-04 3.843E+01
 6 3.222E-04 9.282E+00  7 2.211E-05 1.831E+01  8 3.169E-05 2.475E+01  9 3.486E-06 6.396E+01 10 5.579E-03 2.241E+00
11 1.293E-04 1.463E+01 12 5.102E-04 3.676E+00 13 7.252E-03 1.154E+00 15 4.875E-04 1.345E+01 16 1.134E-03 8.478E-01
17 4.172E-04 8.390E+00 19 1.943E-02 4.367E+00 20 2.240E-04 2.373E+01 21 9.189E-07 1.000E+02 22 1.302E-05 5.979E+01
23 1.157E-04 5.380E+00 24 2.576E-03 4.086E-01 25 3.951E-08 6.901E+01 26 3.386E-03 6.101E-01 27 1.782E-03 6.083E-01
131  24
 1 5.941E-04 2.600E+01  2 2.573E-05 2.190E+01  3 6.867E-03 1.467E+00  4 1.329E-05 1.000E+02  5 2.281E-04 4.053E+01
 6 3.296E-04 7.992E+00  7 1.595E-05 2.050E+01  8 1.996E-05 3.515E+01  9 2.115E-06 6.589E+01 10 4.063E-03 2.523E+00
11 1.605E-04 9.519E+00 12 4.610E-04 3.449E+00 13 7.281E-03 9.723E-01 15 4.590E-04 9.482E+00 16 1.148E-03 1.581E+00
17 3.503E-04 8.568E+00 19 2.331E-02 4.563E+00 20 4.093E-04 2.632E+01 22 5.287E-07 1.000E+02 23 1.242E-04 3.723E+00
24 2.601E-03 4.026E-01 25 2.792E-08 9.078E+01 26 3.854E-03 5.068E-01 27 2.100E-03 6.209E-01
132  23
 1 5.285E-04 1.433E+01  2 1.535E-05 2.756E+01  3 3.146E-03 2.208E+00  5 1.982E-04 3.343E+01  6 2.824E-04 1.293E+01
 7 2.124E-05 2.361E+01  8 1.655E-05 2.348E+01  9 8.385E-06 6.785E+01 10 3.518E-03 2.996E+00 11 1.028E-04 1.549E+01
12 4.209E-04 3.691E+00 13 7.288E-03 1.240E+00 15 3.394E-04 9.818E+00 16 1.146E-03 1.235E+00 17 3.868E-04 1.148E+01
19 2.528E-02 3.871E+00 20 4.042E-04 1.820E+01 22 2.342E-06 1.000E+02 23 1.308E-04 4.350E+00 24 2.600E-03 3.937E-01
25 6.480E-08 6.929E+01 26 3.896E-03 4.580E-01 27 2.134E-03 6.274E-01
133  25
 1 4.263E-04 2.526E+01  2 1.347E-05 1.726E+01  3 1.756E-03 3.451E+00  4 5.871E-05 1.000E+02  5 1.032E-04 4.844E+01
 6 2.359E-04 1.234E+01  7 2.082E-05 1.648E+01  8 1.833E-05 2.620E+01  9 2.280E-06 7.977E+01 10 3.309E-03 2.155E+00
11 1.166E-04 1.498E+01 12 3.933E-04 3.570E+00 13 7.626E-03 8.125E-01 14 8.706E-06 1.000E+02 15 4.011E-04 1.394E+01
16 1.009E-03 1.424E+00 17 3.512E-04 8.572E+00 19 2.831E-02 2.548E+00 20 4.386E-04 1.685E+01 21 1.905E-06 9.252E+01
22 1.338E-06 9.250E+01 23 1.490E-04 5.173E+00 24 2.549E-03 4.157E-01 26 3.039E-03 7.657E-01 27 1.514E-03 9.796E-01
134  24
 1 4.451E-04 3.055E+01  2 2.288E-05 1.748E+01  3 1.647E-03 3.974E+00  4 1.058E-06 1.000E+02  5 1.994E-04 5.619E+01
 6 2.065E-04 1.169E+01  7 1.926E-05 1.760E+01  8 2.823E-05 2.127E+01  9 1.101E-06 5.849E+01 10 2.987E-03 2.826E+00
11 1.003E-04 1.145E+01 12 3.835E-04 3.707E+00 13 7.557E-03 6.991E-01 15 2.968E-04 1.099E+01 16 1.028E-03 1.041E+00
17 2.661E-04 1.488E+01 19 3.066E-02 3.772E+00 20 5.892E-04 2.225E+01 22 1.627E-07 1.000E+02 23 1.581E-04 3.034E+00
24 2.547E-03 3.948E-01 25 9.004E-08 9.991E+01 26 2.826E-03 8.172E-01 27 1.365E-03 9.687E-01
135  23
 1 2.635E-04 2.656E+01  2 1.925E-05 2.714E+01  3 1.453E-03 3.472E+00  4 3.427E-06 1.000E+02  5 8.538E-05 4.668E+01
 6 2.098E-04 1.499E+01  7 9.570E-06 1.956E+01  8 1.882E-05 3.568E+01  9 2.160E-06 8.769E+01 10 2.731E-03 2.661E+00
11 1.017E-04 1.645E+01 12 3.558E-04 4.103E+00 13 7.450E-03 1.062E+00 15 2.847E-04 1.336E+01 16 1.014E-03 1.435E+00
17 3.741E-04 9.441E+00 19 3.128E-02 2.615E+00 20 6.028E-04 2.755E+01 23 1.725E-04 3.779E+00 24 2.539E-03 3.521E-01
25 2.662E-10 1.000E+02 26 2.839E-03 6.185E-01 27 1.364E-03 7.841E-01
136  25
 1 2.238E-04 2.668E+01  2 2.800E-05 1.123E+01  3 1.400E-03 3.584E+00  4 3.911E-07 1.000E+02  5 1.333E-04 5.920E+01
 6 1.925E-04 1.219E+01  7 1.364E-05 2.286E+01  8 2.032E-05 2.579E+01  9 3.695E-06 6.215E+01 10 2.362E-03 3.563E+00
11 1.023E-04 1.743E+01 12 3.187E-04 4.022E+00 13 6.443E-03 1.139E+00 15 2.901E-04 1.152E+01 16 9.889E-04 1.074E+00
17 2.568E-04 1.163E+01 19 2.788E-02 3.681E+00 20 3.548E-04 2.051E+01 21 5.117E-06 9.388E+01 22 4.531E-06 1.000E+02
23 1.942E-04 2.975E+00 24 2.597E-03 4.279E-01 25 2.912E-08 8.773E+01 26 3.962E-03 4.497E-01 27 2.147E-03 5.329E-01
137  23
 1 2.310E-04 3.591E+01  2 2.011E-05 2.056E+01  3 1.157E-03 4.084E+00  4 2.998E-05 7.036E+01  5 8.442E-05 5.063E+01
 6 2.006E-04 1.272E+01  7 9.630E-06 2.088E+01  8 1.717E-05 3.394E+01  9 5.693E-07 9.051E+01 10 2.061E-03 3.354E+00
11 7.233E-05 2.053E+01 12 3.089E-04 4.247E+00 13 6.307E-03 9.301E-01 14 1.619E-05 1.000E+02 15 2.171E-04 1.833E+01
16 9.870E-04 1.354E+00 17 2.155E-04 1.153E+01 19 2.438E-02 4.420E+00 20 5.785E-04 1.432E+01 23 2.017E-04 3.517E+00
24 2.599E-03 3.429E-01 26 3.924E-03 5.523E-01 27 2.125E-03 6.756E-01
138  24
 1 3.790E-04 2.448E+01  2 2.241E-05 1.772E+01  3 1.059E-03 5.299E+00  5 2.991E-05 4.605E+01  6 1.636E-04 1.272E+01
 7 1.074E-05 1.841E+01  8 1.167E-05 3.092E+01  9 2.928E-06 6.147E+01 10 1.888E-03 3.314E+00 11 8.324E-05 1.212E+01
12 2.797E-04 4.433E+00 13 6.231E-03 8.544E-01 14 4.742E-07 1.000E+02 15 1.993E-04 1.262E+01 16 1.030E-03 1.299E+00
17 2.583E-04 8.922E+00 19 2.393E-02 3.179E+00 20 6.489E-04 2.199E+01 21 5.322E-08 1.000E+02 23 2.104E-04 2.673E+00
24 2.592E-03 4.589E-01 25 3.676E-08 7.643E+01 26 3.675E-03 6.316E-01 27 1.964E-03 7.807E-01
139  23
 1 3.267E-04 3.325E+01  2 2.627E-05 1.275E+01  3 9.797E-04 4.483E+00  5 3.711E-05 5.266E+01  6 1.589E-04 8.937E+00
 7 2.122E-05 2.144E+01  8 2.607E-05 2.175E+01  9 3.579E-06 7.626E+01 10 1.692E-03 1.846E+00 11 6.509E-05 1.937E+01
12 2.516E-04 4.106E+00 13 6.283E-03 8.262E-01 15 2.490E-04 1.326E+01 16 1.024E-03 1.174E+00 17 2.091E-04 9.942E+00
19 2.242E-02 3.850E+00 20 8.418E-04 1.680E+01 22 2.486E-05 1.000E+02 23 2.501E-04 3.212E+00 24 2.542E-03 4.552E-01
25 1.737E-08 1.000E+02 26 2.858E-03 7.099E-01 27 1.353E-03 8.440E-01
140  23
 1 3.759E-04 2.445E+01  2 3.501E-05 1.566E+01  3 9.629E-04 3.782E+00  5 2.504E-04 5.589E+01  6 1.408E-04 1.237E+01
 7 7.554E-06 2.634E+01  8 1.362E-05 3.288E+01  9 1.002E-06 1.000E+02 10 1.579E-03 4.136E+00 11 5.418E-05 1.633E+01
12 2.688E-04 3.841E+00 13 6.130E-03 1.226E+00 15 2.226E-04 1.453E+01 16 1.052E-03 1.073E+00 17 2.087E-04 1.170E+01
19 1.905E-02 3.194E+00 20 6.474E-04 1.497E+01 22 3.317E-06 1.000E+02 23 2.729E-04 3.271E+00 24 2.556E-03 4.594E-01
25 3.851E-09 1.000E+02 26 2.845E-03 7.061E-01 27 1.346E-03 8.783E-01
141  25
 1 2.541E-04 2.564E+01  2 4.328E-05 1.227E+01  3 7.866E-04 4.488E+00  4 1.317E-05 1.000E+02  5 7.714E-05 6.573E+01
 6 1.151E-04 1.349E+01  7 9.619E-06 2.671E+01  8 1.528E-05 3.634E+01  9 4.762E-06 8.995E+01 10 1.474E-03 2.996E+00
11 6.794E-05 1.877E+01 12 2.108E-04 5.950E+00 13 5.685E-03 1.147E+00 15 2.875E-04 1.045E+01 16 9.896E-04 1.190E+00
17 1.818E-04 1.281E+01 19 1.528E-02 4.817E+00 20 7.804E-04 1.597E+01 21 7.709E-07 1.000E+02 22 3.819E-06 9.650E+01
23 3.054E-04 2.162E+00 24 2.579E-03 3.570E-01 25 4.978E-09 1.000E+02 26 3.297E-03 6.475E-01 27 1.667E-03 8.057E-01
142  23
 1 1.259E-04 3.241E+01  2 4.770E-05 1.365E+01  3 7.252E-04 4.043E+00  4 8.295E-05 6.523E+01  5 4.593E-05 7.531E+01
 6 1.390E-04 1.421E+01  7 1.297E-05 2.876E+01  8 1.183E-05 3.150E+01  9 2.000E-08 1.000E+02 10 1.229E-03 3.599E+00
11 4.437E-05 1.662E+01 12 1.788E-04 5.604E+00 13 5.044E-03 1.165E+00 15 1.467E-04 1.632E+01 16 9.884E-04 1.582E+00
17 1.637E-04 1.247E+01 19 8.217E-03 6.489E+00 20 1.034E-03 1.321E+01 22 1.764E-07 1.000E+02 23 3.285E-04 2.771E+00
24 2.595E-03 3.435E-01 26 3.919E-03 6.382E-01 27 2.106E-03 7.976E-01
143  21
 1 9.924E-05 3.558E+01  2 5.097E-05 1.297E+01  3 6.423E-04 5.049E+00  5 3.444E-05 6.318E+01  6 8.828E-05 1.604E+01
 7 6.372E-06 2.272E+01  8 1.532E-05 4.737E+01 10 1.185E-03 4.582E+00 11 4.682E-05 1.600E+01 12 1.785E-04 5.671E+00
13 4.716E-03 1.301E+00 15 1.475E-04 2.084E+01 16 9.825E-04 1.583E+00 17 1.200E-04 1.492E+01 19 6.279E-03 5.985E+00
20 1.126E-03 2.097E+01 22 7.882E-06 9.751E+01 23 3.576E-04 3.111E+00 24 2.587E-03 3.943E-01 26 3.923E-03 6.117E-01
27 2.114E-03 7.917E-01
144  25
 1 2.039E-04 2.688E+01  2 5.587E-05 1.327E+01  3 5.796E-04 6.385E+00  4 8.219E-05 8.929E+01  5 4.482E-05 6.445E+01
 6 1.365E-04 1.453E+01  7 6.215E-06 3.181E+01  8 1.661E-05 3.204E+01  9 7.752E-07 8.461E+01 10 1.065E-03 3.931E+00
11 4.813E-05 1.262E+01 12 1.942E-04 4.743E+00 13 4.570E-03 1.007E+00 15 1.107E-04 2.022E+01 16 1.025E-03 1.342E+00
17 1.270E-04 1.657E+01 19 5.286E-03 7.806E+00 20 1.465E-03 1.181E+01 21 1.030E-07 1.000E+02 22 2.492E-06 6.959E+01
23 4.029E-04 3.166E+00 24 2.537E-03 3.597E-01 25 1.057E-09 9.012E+01 26 3.266E-03 6.891E-01 27 1.635E-03 7.665E-01
145  24
 1 6.024E-05 3.412E+01  2 6.616E-05 9.933E+00  3 6.132E-04 4.869E+00  4 2.325E-06 7.298E+01  5 4.589E-05 4.464E+01
 6 1.073E-04 1.452E+01  7 8.925E-06 3.168E+01  8 7.785E-06 3.946E+01  9 9.142E-08 6.884E+01 10 1.019E-03 3.520E+00
11 4.446E-05 1.760E+01 12 1.787E-04 3.863E+00 13 4.472E-03 1.055E+00 15 1.937E-04 1.893E+01 16 1.008E-03 1.237E+00
17 1.363E-04 2.106E+01 19 4.828E-03 6.954E+00 20 1.504E-03 1.229E+01 22 1.803E-07 1.000E+02 23 4.675E-04 2.438E+00
24 2.510E-03 4.008E-01 25 4.603E-09 9.476E+01 26 2.826E-03 5.965E-01 27 1.317E-03 8.148E-01
146  25
 1 1.899E-04 4.484E+01  2 5.829E-05 1.580E+01  3 5.017E-04 4.668E+00  4 2.544E-06 1.000E+02  5 1.255E-04 4.867E+01
 6 1.566E-04 1.548E+01  7 7.619E-06 3.753E+01  8 5.336E-06 4.800E+01  9 1.725E-06 6.595E+01 10 8.760E-04 4.191E+00
11 4.148E-05 1.495E+01 12 1.721E-04 4.215E+00 13 4.245E-03 1.265E+00 15 1.184E-04 1.818E+01 16 1.007E-03 1.640E+00
17 1.358E-04 1.270E+01 19 4.224E-03 7.310E+00 20 1.498E-03 1.439E+01 21 2.015E-06 1.000E+02 22 1.379E-06 1.000E+02
23 5.017E-04 2.997E+00 24 2.500E-03 3.925E-01 25 3.434E-08 6.738E+01 26 2.820E-03 7.309E-01 27 1.305E-03 1.020E+00
147  24
 1 1.350E-04 3.939E+01  2 7.229E-05 1.045E+01  3 4.550E-04 5.069E+00  4 6.152E-05 8.220E+01  5 1.183E-05 6.770E+01
 6 7.018E-05 1.556E+01  7 5.304E-06 3.842E+01  8 1.108E-05 3.444E+01  9 1.189E-06 1.000E+02 10 8.113E-04 4.715E+00
11 4.028E-05 2.679E+01 12 1.527E-04 5.861E+00 13 3.660E-03 9.615E-01 15 1.091E-04 1.142E+01 16 1.024E-03 1.532E+00
17 1.548E-04 1.826E+01 19 3.309E-03 1.039E+01 20 1.649E-03 1.314E+01 21 6.421E-08 1.000E+02 22 1.834E-05 8.904E+01
23 5.519E-04 2.791E+00 24 2.543E-03 3.505E-01 26 3.667E-03 4.918E-01 27 1.912E-03 6.710E-01
148  23
 1 1.290E-04 2.966E+01  2 7.258E-05 8.456E+00  3 4.329E-04 8.197E+00  4 3.202E-05 7.326E+01  5 3.936E-05 8.956E+01
 6 6.202E-05 2.655E+01  7 4.014E-06 4.087E+01  8 7.007E-06 5.085E+01  9 9.630E-07 1.000E+02 10 6.915E-04 5.018E+00
11 4.374E-05 1.868E+01 12 1.423E-04 5.305E+00 13 3.249E-03 1.444E+00 15 7.538E-05 2.204E+01 16 1.023E-03 1.464E+00
17 7.778E-05 1.753E+01 19 2.795E-03 8.680E+00 20 1.914E-03 1.341E+01 23 5.972E-04 1.458E+00 24 2.535E-03 3.055E-01
25 6.203E-09 1.000E+02 26 3.872E-03 4.505E-01 27 2.057E-03 5.277E-01
149  23
 1 4.285E-05 3.798E+01  2 8.387E-05 7.862E+00  3 4.446E-04 8.097E+00  4 1.809E-04 6.566E+01  5 1.098E-04 6.520E+01
 6 4.725E-05 2.673E+01  7 4.581E-06 3.611E+01  8 1.208E-05 6.406E+01  9 3.536E-08 7.213E+01 10 6.800E-04 5.596E+00
11 4.733E-05 2.248E+01 12 1.179E-04 7.153E+00 13 2.996E-03 1.423E+00 15 1.191E-04 2.662E+01 16 1.018E-03 1.347E+00
17 7.289E-05 1.955E+01 19 2.651E-03 1.121E+01 20 1.806E-03 9.717E+00 22 2.876E-08 1.000E+02 23 6.889E-04 2.140E+00
24 2.501E-03 3.267E-01 26 3.835E-03 4.522E-01 27 2.033E-03 5.512E-01
150  22
 1 1.106E-04 4.210E+01  2 1.058E-04 8.449E+00  3 3.723E-04 6.491E+00  4 2.180E-04 5.999E+01  5 9.870E-05 4.881E+01
 6 7.787E-05 1.316E+01  7 4.514E-06 2.343E+01  8 5.972E-06 4.736E+01  9 2.344E-06 5.772E+01 10 6.237E-04 5.647E+00
11 2.940E-05 1.774E+01 12 1.233E-04 5.692E+00 13 2.974E-03 1.603E+00 15 1.039E-04 1.177E+01 16 1.040E-03 1.315E+00
17 1.017E-04 1.812E+01 19 2.305E-03 1.103E+01 20 2.527E-03 5.418E+00 23 8.109E-04 1.933E+00 24 2.443E-03 3.990E-01
26 2.824E-03 5.706E-01 27 1.292E-03 7.540E-01
151  23
 1 9.421E-05 4.091E+01  2 1.007E-04 6.251E+00  3 3.470E-04 9.356E+00  4 3.619E-05 4.942E+01  5 9.260E-06 6.548E+01
 6 6.217E-05 2.026E+01  7 4.484E-06 3.239E+01  8 9.963E-06 5.229E+01  9 1.248E-06 6.962E+01 10 5.172E-04 5.326E+00
11 2.138E-05 2.085E+01 12 1.030E-04 6.429E+00 13 2.619E-03 1.574E+00 15 1.189E-04 2.262E+01 16 1.033E-03 1.276E+00
17 1.067E-04 2.430E+01 19 2.222E-03 8.445E+00 20 2.464E-03 1.107E+01 22 4.422E-08 1.000E+02 23 8.881E-04 1.993E+00
24 2.395E-03 3.787E-01 26 2.719E-03 6.640E-01 27 1.223E-03 8.672E-01
152  24
 1 8.989E-05 4.451E+01  2 1.100E-04 9.995E+00  3 3.289E-04 7.966E+00  4 4.573E-05 7.796E+01  5 1.002E-05 1.000E+02
 6 5.397E-05 2.166E+01  7 2.494E-06 2.350E+01  8 8.895E-06 4.959E+01  9 5.301E-08 1.000E+02 10 5.390E-04 7.581E+00
11 4.525E-05 2.531E+01 12 8.687E-05 7.149E+00 13 2.405E-03 1.474E+00 15 9.639E-05 1.772E+01 16 1.047E-03 1.138E+00
17 9.634E-05 1.871E+01 19 1.718E-03 1.096E+01 20 3.053E-03 9.537E+00 22 4.721E-07 1.000E+02 23 9.735E-04 9.608E-01
24 2.398E-03 3.813E-01 25 3.848E-08 9.949E+01 26 2.980E-03 6.273E-01 27 1.386E-03 8.287E-01
153  23
 1 8.007E-05 5.490E+01  2 1.197E-04 7.161E+00  3 2.890E-04 1.044E+01  4 1.048E-04 5.181E+01  5 5.427E-05 5.049E+01
 6 5.378E-05 1.929E+01  7 2.801E-06 2.599E+01  8 4.800E-06 5.967E+01 10 4.410E-04 7.198E+00 11 2.102E-05 2.685E+01
12 8.848E-05 8.346E+00 13 1.928E-03 1.626E+00 15 8.380E-05 2.489E+01 16 1.066E-03 1.327E+00 17 1.101E-04 1.961E+01
19 1.406E-03 1.394E+01 20 3.065E-03 9.884E+00 22 6.016E-06 9.057E+01 23 1.052E-03 1.527E+00 24 2.416E-03 3.826E-01
25 6.120E-09 1.000E+02 26 3.844E-03 5.647E-01 27 2.006E-03 6.648E-01
154  23
 1 5.107E-05 5.148E+01  2 1.474E-04 6.353E+00  3 2.676E-04 6.351E+00  4 2.655E-04 5.016E+01  5 7.647E-06 6.087E+01
 6 3.865E-05 1.870E+01  7 6.841E-06 4.562E+01  8 5.994E-06 4.211E+01  9 1.239E-06 8.057E+01 10 4.560E-04 7.868E+00
11 3.215E-05 2.709E+01 12 8.678E-05 1.154E+01 13 1.727E-03 2.201E+00 15 5.620E-05 2.160E+01 16 1.045E-03 1.055E+00
17 7.369E-05 2.258E+01 19 1.564E-03 1.115E+01 20 3.740E-03 7.590E+00 22 4.177E-06 1.000E+02 23 1.186E-03 1.978E+00
24 2.377E-03 4.064E-01 26 3.847E-03 5.676E-01 27 1.998E-03 7.275E-01
155  23
 1 1.022E-04 4.228E+01  2 1.920E-04 6.872E+00  3 2.725E-04 9.592E+00  4 3.436E-04 5.258E+01  5 2.207E-05 9.793E+01
 6 4.757E-05 2.107E+01  7 1.680E-06 4.147E+01  8 3.773E-06 5.844E+01  9 5.304E-07 1.000E+02 10 3.953E-04 6.906E+00
11 2.020E-05 2.155E+01 12 7.268E-05 8.012E+00 13 1.519E-03 2.227E+00 15 4.295E-05 2.507E+01 16 1.093E-03 1.145E+00
17 7.535E-05 1.788E+01 19 1.426E-03 1.032E+01 20 3.841E-03 8.121E+00 23 1.398E-03 1.636E+00 24 2.303E-03 3.876E-01
25 7.234E-09 1.000E+02 26 3.297E-03 5.155E-01 27 1.632E-03 6.562E-01
156  24
 1 4.059E-05 7.362E+01  2 2.066E-04 6.229E+00  3 2.204E-04 1.054E+01  4 5.217E-04 4.573E+01  5 6.219E-05 8.124E+01
 6 3.461E-05 2.557E+01  7 3.659E-06 5.081E+01  8 2.262E-06 6.302E+01  9 9.120E-07 1.000E+02 10 3.131E-04 8.670E+00
11 1.229E-05 2.785E+01 12 7.042E-05 8.733E+00 13 1.336E-03 1.971E+00 15 6.003E-05 3.024E+01 16 1.114E-03 1.277E+00
17 6.489E-05 2.684E+01 19 1.260E-03 1.345E+01 20 5.031E-03 7.077E+00 21 8.464E-06 1.000E+02 23 1.599E-03 1.546E+00
24 2.217E-03 3.640E-01 25 3.622E-08 6.022E+01 26 3.070E-03 5.667E-01 27 1.288E-03 7.818E-01
157  22
 1 6.363E-05 5.718E+01  2 2.382E-04 4.988E+00  3 1.806E-04 1.411E+01  4 3.256E-04 5.855E+01  5 1.423E-05 5.857E+01
 6 3.165E-05 2.399E+01  7 2.893E-06 3.819E+01  8 1.468E-06 5.391E+01 10 3.298E-04 5.995E+00 11 1.814E-05 3.264E+01
12 6.430E-05 1.055E+01 13 1.166E-03 2.409E+00 14 1.173E-05 1.000E+02 15 2.798E-05 2.685E+01 16 1.147E-03 1.243E+00
17 4.844E-05 2.751E+01 19 7.395E-04 1.114E+01 20 4.830E-03 9.142E+00 23 1.816E-03 1.393E+00 24 2.166E-03 4.361E-01
26 3.210E-03 6.843E-01 27 1.333E-03 6.151E-01
158  24
 1 8.320E-05 3.399E+01  2 2.837E-04 4.466E+00  3 1.637E-04 9.843E+00  4 3.924E-04 3.628E+01  5 6.659E-07 6.893E+01
 6 3.952E-05 3.144E+01  7 5.512E-06 5.015E+01  8 5.949E-06 3.985E+01  9 1.466E-07 1.000E+02 10 2.744E-04 7.531E+00
11 1.704E-05 2.759E+01 12 6.002E-05 1.160E+01 13 1.055E-03 2.067E+00 14 2.767E-05 1.000E+02 15 3.986E-05 2.158E+01
16 1.219E-03 1.208E+00 17 4.680E-05 3.089E+01 19 8.634E-04 1.399E+01 20 6.240E-03 6.870E+00 21 3.499E-06 1.000E+02
23 2.120E-03 1.551E+00 24 2.048E-03 3.906E-01 26 2.887E-03 5.742E-01 27 1.200E-03 8.532E-01
159  20
 1 2.376E-05 5.422E+01  2 2.939E-04 5.655E+00  3 1.769E-04 9.210E+00  4 7.206E-05 5.739E+01  6 3.490E-05 2.510E+01
 7 3.731E-06 6.051E+01  8 4.286E-07 5.733E+01 10 2.630E-04 8.115E+00 11 2.307E-05 3.667E+01 12 4.480E-05 8.882E+00
13 9.743E-04 1.824E+00 15 3.027E-05 2.539E+01 16 1.348E-03 1.180E+00 17 3.519E-05 3.191E+01 19 7.186E-04 1.639E+01
20 9.277E-03 6.374E+00 23 2.580E-03 1.002E+00 24 1.845E-03 4.091E-01 26 1.766E-03 5.618E-01 27 8.311E-04 1.083E+00
160  21
 1 5.374E-06 7.264E+01  2 3.394E-04 5.556E+00  3 1.383E-04 1.331E+01  4 2.464E-04 3.083E+01  5 3.126E-07 1.000E+02
 6 1.924E-05 2.797E+01  7 1.400E-06 5.082E+01  8 2.598E-06 6.162E+01 10 2.882E-04 6.815E+00 11 9.984E-06 4.456E+01
12 4.925E-05 1.125E+01 13 8.734E-04 2.846E+00 15 1.847E-05 3.578E+01 16 4.425E-03 5.932E-01 17 3.615E-05 2.926E+01
19 7.189E-04 1.188E+01 20 1.088E-02 4.605E+00 23 3.138E-03 1.194E+00 24 1.677E-03 5.190E-01 26 1.631E-03 1.077E+00
27 7.609E-04 1.389E+00
161  23
 1 5.861E-05 5.034E+01  2 2.684E-04 5.548E+00  3 1.145E-04 7.665E+00  4 2.683E-05 6.914E+01  5 1.201E-06 7.533E+01
 6 2.936E-05 2.008E+01  7 2.021E-06 4.014E+01  8 1.071E-06 6.470E+01  9 2.554E-08 7.503E+01 10 1.725E-04 4.368E+00
11 1.088E-05 2.756E+01 12 4.195E-05 7.374E+00 13 7.620E-04 2.186E+00 15 2.153E-05 2.497E+01 16 1.057E-03 1.103E+00
17 4.249E-05 2.540E+01 19 6.734E-04 1.607E+01 20 3.604E-02 2.302E+00 23 9.391E-03 3.422E-01 24 7.471E-04 5.462E-01
25 1.499E-09 1.000E+02 26 1.720E-03 6.669E-01 27 7.477E-04 9.355E-01
162  20
 1 7.338E-05 6.177E+01  2 2.939E-04 3.117E+00  3 9.693E-05 1.140E+01  4 2.216E-04 4.870E+01  6 1.854E-05 2.256E+01
 7 1.566E-06 4.380E+01  8 1.110E-06 6.022E+01 10 1.573E-04 8.306E+00 11 1.122E-05 2.497E+01 12 3.546E-05 1.076E+01
13 7.309E-04 2.598E+00 15 2.400E-05 3.758E+01 16 1.053E-03 1.086E+00 17 4.182E-05 2.365E+01 19 5.065E-04 1.468E+01
20 5.354E-02 2.090E+00 23 1.002E-02 3.750E-01 24 6.315E-04 6.413E-01 26 1.716E-03 6.787E-01 27 7.067E-04 7.640E-01
163  20
 1 3.307E-05 6.255E+01  2 3.642E-04 4.107E+00  3 8.897E-05 1.466E+01  4 1.074E-04 5.645E+01  6 2.305E-05 3.244E+01
 7 6.264E-07 4.973E+01  8 1.599E-06 7.177E+01 10 1.557E-04 7.982E+00 11 9.941E-06 3.352E+01 12 3.779E-05 7.632E+00
13 6.132E-04 2.410E+00 15 1.931E-05 3.201E+01 16 1.059E-03 1.232E+00 17 3.791E-05 2.204E+01 19 5.722E-04 1.620E+01
20 6.382E-02 2.086E+00 23 1.068E-02 3.661E-01 24 5.459E-04 7.144E-01 26 1.785E-03 8.010E-01 27 7.095E-04 9.403E-01
164  22
 1 5.084E-05 4.614E+01  2 3.976E-04 5.123E+00  3 6.213E-05 1.353E+01  4 1.708E-04 4.663E+01  5 7.114E-06 9.293E+01
 6 2.048E-05 2.766E+01  7 8.716E-07 5.436E+01  8 2.181E-06 6.251E+01  9 2.144E-08 1.000E+02 10 1.220E-04 1.022E+01
11 6.283E-06 3.227E+01 12 3.362E-05 1.177E+01 13 5.674E-04 2.109E+00 15 1.050E-05 3.290E+01 16 1.062E-03 8.596E-01
17 4.054E-05 2.177E+01 19 4.683E-04 1.518E+01 20 6.802E-02 1.241E+00 23 1.107E-02 2.984E-01 24 4.806E-04 7.482E-01
26 1.809E-03 5.929E-01 27 6.933E-04 7.376E-01
165  22
 1 6.403E-06 7.042E+01  2 4.511E-04 3.404E+00  3 6.212E-05 1.288E+01  4 1.528E-04 4.366E+01  5 5.519E-06 9.241E+01
 6 1.290E-05 3.649E+01  7 3.918E-07 5.630E+01  8 2.220E-06 8.857E+01  9 6.296E-08 1.000E+02 10 1.468E-04 6.852E+00
11 3.488E-06 5.823E+01 12 3.288E-05 8.387E+00 13 4.795E-04 2.591E+00 15 1.937E-05 5.012E+01 16 1.070E-03 1.002E+00
17 2.599E-05 3.009E+01 19 3.138E-04 1.495E+01 20 6.146E-02 2.477E+00 23 1.136E-02 3.538E-01 24 4.238E-04 5.902E-01
26 1.825E-03 5.474E-01 27 6.766E-04 7.235E-01
166  22
 1 7.447E-06 7.739E+01  2 4.788E-04 3.500E+00  3 5.611E-05 1.237E+01  4 4.307E-04 3.597E+01  5 2.357E-07 1.000E+02
 6 1.132E-05 3.232E+01  7 2.470E-06 3.373E+01  8 3.342E-06 5.036E+01 10 1.205E-04 9.015E+00 11 2.874E-06 4.933E+01
12 2.813E-05 1.002E+01 13 4.598E-04 2.864E+00 15 8.966E-06 3.793E+01 16 1.058E-03 1.105E+00 17 3.247E-05 2.361E+01
19 4.067E-04 1.950E+01 20 5.641E-02 2.255E+00 21 7.909E-07 1.000E+02 23 1.167E-02 3.157E-01 24 3.752E-04 5.772E-01
26 1.872E-03 6.743E-01 27 6.665E-04 8.983E-01
167  21
 1 3.853E-05 6.911E+01  2 5.576E-04 2.356E+00  3 5.477E-05 1.488E+01  4 1.184E-04 5.415E+01  5 2.985E-06 1.000E+02
 6 1.184E-05 2.501E+01  7 4.903E-07 4.883E+01  8 2.522E-07 7.749E+01 10 8.804E-05 1.032E+01 11 3.423E-06 4.020E+01
12 2.313E-05 1.279E+01 13 4.055E-04 1.597E+00 15 1.327E-05 4.011E+01 16 1.071E-03 1.140E+00 17 1.980E-05 3.160E+01
19 2.906E-04 1.838E+01 20 5.253E-02 1.868E+00 23 1.205E-02 3.331E-01 24 3.343E-04 9.007E-01 26 1.954E-03 5.614E-01
27 6.769E-04 7.884E-01
168  20
 1 3.067E-07 1.000E+02  2 6.206E-04 2.259E+00  3 6.601E-05 1.672E+01  4 3.094E-04 4.358E+01  6 8.858E-06 4.354E+01
 7 4.263E-07 5.683E+01  8 3.337E-06 6.759E+01 10 8.621E-05 9.299E+00 11 4.727E-06 4.137E+01 12 2.324E-05 1.004E+01
13 3.773E-04 2.868E+00 15 1.760E-05 4.532E+01 16 1.733E-03 7.509E-01 17 1.686E-05 3.210E+01 19 3.016E-04 2.214E+01
20 4.201E-02 3.095E+00 23 1.245E-02 3.316E-01 24 3.099E-04 9.098E-01 26 2.110E-03 5.099E-01 27 7.027E-04 7.452E-01
169  22
 1 1.406E-05 5.951E+01  2 6.476E-04 2.383E+00  3 5.388E-05 1.572E+01  4 3.744E-04 3.167E+01  5 2.435E-06 1.000E+02
 6 1.003E-05 3.712E+01  7 1.359E-06 4.437E+01  8 2.010E-06 6.780E+01  9 5.966E-07 1.000E+02 10 7.932E-05 1.289E+01
11 1.380E-06 5.021E+01 12 2.216E-05 1.132E+01 13 3.368E-04 3.606E+00 15 8.525E-06 4.443E+01 16 1.092E-03 1.250E+00
17 2.463E-05 3.695E+01 19 2.954E-04 2.354E+01 20 2.157E-02 3.132E+00 23 1.364E-02 3.085E-01 24 2.689E-04 8.924E-01
26 3.360E-03 4.442E-01 27 9.713E-04 4.872E-01
170  21
 1 8.886E-06 1.000E+02  2 7.320E-04 2.489E+00  3 4.647E-05 1.743E+01  4 2.647E-04 3.310E+01  5 2.228E-05 1.000E+02
 6 5.613E-06 3.738E+01  7 9.374E-07 5.049E+01  8 3.332E-06 6.771E+01 10 6.479E-05 1.513E+01 11 1.192E-05 3.412E+01
12 1.597E-05 1.368E+01 13 2.690E-04 4.487E+00 15 3.925E-06 5.956E+01 16 1.045E-03 8.091E-01 17 1.398E-05 3.471E+01
19 1.920E-04 2.349E+01 20 1.597E-02 3.728E+00 23 1.402E-02 3.504E-01 24 2.357E-04 8.680E-01 26 3.502E-03 5.892E-01
27 9.874E-04 7.050E-01
171  20
 2 8.107E-04 2.203E+00  3 5.424E-05 1.355E+01  4 3.319E-04 4.068E+01  5 1.335E-06 1.000E+02  6 7.316E-06 3.470E+01
 7 1.522E-06 5.170E+01  8 4.420E-07 7.494E+01 10 6.529E-05 1.311E+01 11 2.801E-06 3.921E+01 12 1.569E-05 1.236E+01
13 2.761E-04 2.877E+00 15 8.336E-06 4.136E+01 16 1.001E-03 8.149E-01 17 1.585E-05 2.603E+01 19 2.100E-04 1.847E+01
20 8.748E-03 5.550E+00 23 1.415E-02 3.187E-01 24 2.087E-04 9.438E-01 26 3.601E-03 3.734E-01 27 1.002E-03 4.544E-01
172  23
 1 1.226E-05 1.000E+02  2 1.000E-03 2.606E+00  3 3.160E-05 1.866E+01  4 5.267E-04 3.676E+01  5 7.394E-07 1.000E+02
 6 7.563E-06 4.172E+01  7 1.290E-07 5.545E+01  8 1.681E-06 9.935E+01  9 8.630E-08 1.000E+02 10 5.905E-05 1.629E+01
11 3.102E-06 5.320E+01 12 1.654E-05 1.426E+01 13 2.281E-04 5.252E+00 15 1.021E-05 3.392E+01 16 1.020E-03 1.102E+00
17 2.319E-05 3.325E+01 19 1.714E-04 2.833E+01 20 8.177E-03 5.450E+00 23 1.432E-02 3.719E-01 24 1.861E-04 1.125E+00
25 6.514E-09 1.000E+02 26 3.649E-03 5.957E-01 27 1.004E-03 6.366E-01
173  20
 1 3.803E-06 6.916E+01  2 1.087E-03 1.415E+00  3 4.461E-05 1.691E+01  4 7.462E-04 2.774E+01  6 4.755E-06 4.785E+01
 7 5.232E-08 1.000E+02  8 2.360E-07 1.000E+02 10 5.388E-05 1.577E+01 11 1.501E-06 4.552E+01 12 1.439E-05 1.708E+01
13 2.033E-04 3.676E+00 15 6.567E-06 5.352E+01 16 9.869E-04 9.756E-01 17 1.174E-05 4.384E+01 19 1.346E-04 3.748E+01
20 7.131E-03 4.770E+00 23 1.448E-02 3.326E-01 24 1.679E-04 1.065E+00 26 3.728E-03 4.884E-01 27 1.013E-03 5.310E-01
174  19
 1 2.433E-05 7.213E+01  2 1.275E-03 2.058E+00  3 4.000E-05 1.645E+01  4 5.056E-04 2.295E+01  6 2.977E-06 4.724E+01
 7 1.521E-07 1.000E+02 10 4.545E-05 1.524E+01 11 3.486E-06 6.713E+01 12 1.319E-05 1.880E+01 13 1.913E-04 4.209E+00
15 3.167E-06 6.163E+01 16 9.812E-04 1.176E+00 17 1.661E-05 3.511E+01 19 1.735E-04 3.514E+01 20 5.994E-03 4.920E+00
23 1.468E-02 3.759E-01 24 1.492E-04 1.064E+00 26 3.797E-03 5.454E-01 27 1.021E-03 6.173E-01
175  21
 1 1.726E-05 9.087E+01  2 1.428E-03 1.374E+00  3 3.575E-05 2.319E+01  4 1.003E-03 3.061E+01  6 9.241E-07 5.869E+01
 7 4.932E-07 6.263E+01  8 5.444E-09 1.000E+02  9 7.271E-08 1.000E+02 10 3.951E-05 1.964E+01 11 6.001E-06 6.717E+01
12 1.093E-05 1.942E+01 13 1.634E-04 4.445E+00 15 6.043E-06 5.101E+01 16 1.003E-03 1.140E+00 17 5.801E-06 4.239E+01
19 1.402E-04 2.671E+01 20 5.159E-03 6.078E+00 23 1.486E-02 2.994E-01 24 1.334E-04 9.174E-01 26 3.862E-03 3.343E-01
27 1.033E-03 3.818E-01
176  20
 1 2.824E-06 8.829E+01  2 1.673E-03 1.461E+00  3 2.384E-05 1.715E+01  4 1.247E-03 1.880E+01  6 9.405E-06 4.945E+01
 7 2.492E-07 1.000E+02  8 1.329E-07 1.000E+02 10 3.280E-05 1.629E+01 11 2.690E-06 9.537E+01 12 7.549E-06 2.204E+01
13 1.515E-04 3.750E+00 15 2.222E-06 6.962E+01 16 9.734E-04 7.781E-01 17 4.310E-06 5.589E+01 19 1.151E-04 3.373E+01
20 4.441E-03 9.083E+00 23 1.494E-02 3.187E-01 24 1.188E-04 1.456E+00 26 3.887E-03 4.042E-01 27 1.028E-03 5.083E-01
177  18
 1 3.583E-06 9.641E+01  2 1.907E-03 1.917E+00  3 2.809E-05 2.013E+01  4 1.252E-03 1.913E+01  6 6.334E-06 4.042E+01
10 3.402E-05 1.892E+01 11 8.895E-07 7.820E+01 12 1.066E-05 1.938E+01 13 1.342E-04 4.240E+00 15 5.509E-06 7.172E+01
16 9.763E-04 1.154E+00 17 1.366E-05 5.116E+01 19 9.008E-05 2.907E+01 20 4.297E-03 7.799E+00 23 1.493E-02 3.428E-01
24 1.073E-04 1.326E+00 26 3.918E-03 3.916E-01 27 1.025E-03 4.608E-01
178  21
 1 4.059E-07 1.000E+02  2 2.181E-03 1.489E+00  3 2.692E-05 1.938E+01  4 2.166E-03 1.837E+01  5 2.781E-05 9.560E+01
 6 3.720E-06 4.133E+01  7 2.980E-09 1.000E+02  8 1.019E-07 1.000E+02 10 3.431E-05 1.501E+01 11 2.440E-06 5.540E+01
12 9.181E-06 1.941E+01 13 1.206E-04 4.651E+00 15 7.389E-06 5.888E+01 16 9.625E-04 1.116E+00 17 9.291E-06 4.986E+01
19 8.065E-05 4.175E+01 20 3.695E-03 5.398E+00 23 1.504E-02 3.414E-01 24 9.815E-05 1.148E+00 26 3.973E-03 4.275E-01
27 1.031E-03 5.294E-01
179  21
 1 3.220E-07 1.000E+02  2 2.487E-03 1.681E+00  3 1.522E-05 2.211E+01  4 1.838E-03 1.394E+01  6 8.402E-06 3.896E+01
 7 6.647E-07 7.506E+01  8 1.112E-06 7.101E+01  9 1.205E-06 1.000E+02 10 2.393E-05 1.995E+01 11 2.629E-06 7.319E+01
12 7.733E-06 2.172E+01 13 1.135E-04 5.895E+00 15 1.428E-05 5.643E+01 16 9.523E-04 9.984E-01 17 3.923E-06 6.300E+01
19 1.834E-04 4.005E+01 20 3.145E-03 7.104E+00 23 1.504E-02 3.355E-01 24 8.766E-05 2.238E+00 26 4.008E-03 4.026E-01
27 1.028E-03 4.793E-01
180  21
 1 9.474E-06 8.597E+01  2 2.921E-03 1.455E+00  3 2.025E-05 2.195E+01  4 3.176E-03 1.228E+01  5 3.850E-06 9.228E+01
 6 5.248E-06 5.059E+01  7 3.108E-07 6.501E+01  8 1.298E-08 1.000E+02 10 3.828E-05 1.785E+01 11 3.208E-07 6.903E+01
12 8.579E-06 1.900E+01 13 8.910E-05 5.869E+00 15 1.000E-06 6.892E+01 16 9.500E-04 9.315E-01 17 3.114E-06 5.878E+01
19 9.618E-05 3.459E+01 20 2.390E-03 7.036E+00 23 1.517E-02 3.011E-01 24 7.835E-05 1.466E+00 26 4.063E-03 3.873E-01
27 1.033E-03 4.825E-01
181  21
 1 1.185E-06 1.000E+02  2 3.503E-03 1.294E+00  3 1.444E-05 2.636E+01  4 3.038E-03 1.278E+01  5 3.396E-05 7.206E+01
 6 2.826E-06 4.635E+01  7 5.230E-08 7.400E+01  8 2.796E-08 7.229E+01 10 1.599E-05 1.680E+01 11 2.863E-06 5.539E+01
12 8.553E-06 1.808E+01 13 9.025E-05 6.608E+00 15 2.477E-06 1.000E+02 16 9.442E-04 1.109E+00 17 7.689E-06 4.902E+01
19 3.285E-05 3.891E+01 20 2.306E-03 7.147E+00 23 1.534E-02 3.981E-01 24 7.091E-05 1.788E+00 26 4.224E-03 5.157E-01
27 1.054E-03 6.023E-01
182  18
 2 4.077E-03 9.616E-01  3 1.956E-05 1.779E+01  4 3.538E-03 1.177E+01  6 1.125E-06 7.369E+01  8 6.085E-07 1.000E+02
10 1.998E-05 2.638E+01 11 5.166E-07 7.314E+01 12 4.705E-06 2.951E+01 13 7.063E-05 5.246E+00 15 3.383E-06 5.322E+01
16 9.367E-04 7.592E-01 17 2.876E-06 6.005E+01 19 7.232E-05 3.617E+01 20 2.026E-03 8.667E+00 23 1.551E-02 3.441E-01
24 6.658E-05 1.524E+00 26 4.428E-03 4.800E-01 27 1.034E-03 5.013E-01
183  19
 1 1.075E-06 1.000E+02  2 4.962E-03 9.796E-01  3 1.855E-05 2.642E+01  4 4.173E-03 1.060E+01  5 3.050E-05 1.000E+02
 6 1.669E-06 6.783E+01 10 1.650E-05 2.348E+01 11 5.034E-07 8.714E+01 12 4.983E-06 2.242E+01 13 6.849E-05 6.735E+00
15 8.624E-06 5.934E+01 16 9.328E-04 9.988E-01 17 2.869E-06 6.006E+01 19 6.613E-05 4.002E+01 20 1.547E-03 1.050E+01
23 1.553E-02 3.418E-01 24 5.720E-05 1.612E+00 26 4.701E-03 3.825E-01 27 1.087E-03 3.747E-01
184  20
 2 7.071E-03 7.385E-01  3 1.158E-05 2.424E+01  4 7.485E-03 6.776E+00  5 2.232E-06 1.000E+02  6 8.574E-07 7.328E+01
 7 7.795E-07 9.940E+01  8 5.592E-07 8.172E+01 10 1.586E-05 2.845E+01 11 2.521E-08 6.887E+01 12 3.808E-06 2.624E+01
13 6.103E-05 6.681E+00 15 2.194E-06 7.166E+01 16 9.174E-04 1.310E+00 17 5.087E-07 9.720E+01 19 3.942E-05 6.388E+01
20 1.133E-03 7.156E+00 23 1.589E-02 2.907E-01 24 5.209E-05 1.495E+00 26 4.970E-03 4.219E-01 27 1.136E-03 4.799E-01
185  18
 2 8.922E-03 1.046E+00  3 1.945E-05 2.338E+01  4 9.746E-03 7.710E+00  6 1.266E-06 6.390E+01  7 8.317E-08 1.000E+02
10 1.206E-05 2.219E+01 11 1.484E-07 1.000E+02 12 3.964E-06 2.786E+01 13 5.694E-05 6.709E+00 15 6.712E-08 1.000E+02
16 8.940E-04 9.246E-01 17 3.414E-07 1.000E+02 19 2.507E-05 4.932E+01 20 1.040E-03 1.231E+01 23 1.582E-02 3.046E-01
24 4.557E-05 1.780E+00 26 5.070E-03 4.063E-01 27 1.150E-03 4.855E-01
186  18
 2 1.131E-02 7.056E-01  3 1.706E-05 2.462E+01  4 8.251E-02 2.613E+00  5 3.125E-07 1.000E+02  6 4.409E-06 5.363E+01
 7 8.041E-07 1.000E+02 10 1.021E-05 3.125E+01 11 3.647E-06 9.219E+01 12 2.853E-06 3.532E+01 13 4.777E-05 8.581E+00
16 8.647E-04 1.349E+00 17 8.657E-06 6.972E+01 19 3.204E-05 4.632E+01 20 1.121E-03 8.616E+00 23 1.585E-02 3.267E-01
24 4.185E-05 1.856E+00 26 5.055E-03 3.889E-01 27 1.139E-03 4.626E-01
187  18
 2 1.377E-02 5.821E-01  3 1.294E-05 2.574E+01  4 8.473E-02 2.732E+00  6 3.595E-06 6.816E+01  7 2.721E-08 1.000E+02
10 8.254E-06 3.807E+01 11 1.364E-06 9.954E+01 12 2.720E-06 2.558E+01 13 4.306E-05 8.442E+00 15 5.814E-06 8.157E+01
16 8.547E-04 1.245E+00 17 1.114E-07 1.000E+02 19 3.298E-05 6.600E+01 20 8.176E-04 1.115E+01 23 1.570E-02 3.334E-01
24 3.727E-05 1.904E+00 26 4.895E-03 4.452E-01 27 1.088E-03 4.778E-01
188  18
 1 1.554E-06 1.000E+02  2 1.644E-02 5.741E-01  3 1.240E-05 2.428E+01  4 8.520E-02 2.242E+00  5 1.776E-07 1.000E+02
10 1.255E-05 5.471E+01 11 1.569E-06 8.599E+01 12 5.129E-06 3.123E+01 13 4.365E-05 1.072E+01 15 1.695E-06 1.000E+02
16 8.732E-04 9.722E-01 17 3.627E-07 1.000E+02 19 2.464E-05 8.163E+01 20 8.927E-04 1.363E+01 23 1.565E-02 2.970E-01
24 3.490E-05 2.727E+00 26 4.727E-03 3.631E-01 27 1.038E-03 4.181E-01
189  18
 1 1.224E-07 1.000E+02  2 1.892E-02 4.856E-01  3 1.186E-05 2.439E+01  4 8.342E-02 2.244E+00  6 5.045E-07 6.419E+01
10 4.628E-06 3.920E+01 11 2.416E-08 6.884E+01 12 3.232E-06 2.529E+01 13 3.295E-05 1.080E+01 15 2.030E-06 1.000E+02
16 8.353E-04 1.135E+00 17 3.545E-06 7.005E+01 19 9.817E-06 4.615E+01 20 6.733E-04 1.393E+01 23 1.544E-02 2.952E-01
24 2.910E-05 2.903E+00 26 4.470E-03 3.395E-01 27 9.692E-04 3.473E-01
190  18
 1 1.080E-07 1.000E+02  2 2.102E-02 4.269E-01  3 1.148E-05 2.569E+01  4 1.016E-02 5.388E+00  8 1.194E-07 1.000E+02
10 7.261E-06 4.681E+01 11 1.159E-06 1.000E+02 12 3.976E-06 2.565E+01 13 3.221E-05 7.719E+00 15 1.698E-07 7.039E+01
16 9.108E-04 1.185E+00 17 6.864E-06 6.811E+01 19 3.906E-05 7.843E+01 20 5.945E-04 1.512E+01 23 1.541E-02 3.226E-01
24 2.842E-05 2.338E+00 26 4.360E-03 3.937E-01 27 9.401E-04 4.459E-01
191  15
 2 2.226E-02 4.902E-01  3 6.634E-06 1.937E+01  4 7.039E-03 9.606E+00  6 8.197E-07 8.354E+01 10 6.018E-06 3.808E+01
12 1.880E-06 4.868E+01 13 2.959E-05 1.303E+01 16 8.983E-04 1.255E+00 17 1.627E-06 6.810E+01 19 2.002E-05 4.633E+01
20 3.678E-04 1.862E+01 23 1.532E-02 3.084E-01 24 2.623E-05 3.524E+00 26 4.352E-03 4.765E-01 27 9.366E-04 5.516E-01
192  17
 1 5.180E-07 1.000E+02  2 2.352E-02 4.988E-01  3 1.638E-05 3.234E+01  4 4.675E-03 8.796E+00  6 4.120E-07 8.856E+01
10 5.098E-06 2.564E+01 11 2.045E-07 1.000E+02 12 3.275E-06 4.660E+01 13 2.580E-05 1.247E+01 15 3.540E-06 1.000E+02
16 8.830E-04 1.059E+00 19 2.469E-05 4.820E+01 20 4.280E-04 1.507E+01 23 1.532E-02 3.317E-01 24 2.525E-05 2.623E+00
26 4.350E-03 3.829E-01 27 9.324E-04 4.921E-01
193  17
 2 2.423E-02 5.373E-01  3 1.054E-05 2.791E+01  4 3.476E-03 1.173E+01 10 2.743E-06 3.562E+01 11 3.192E-07 8.603E+01
12 3.307E-06 3.654E+01 13 2.399E-05 1.019E+01 15 8.714E-07 1.000E+02 16 9.039E-04 1.121E+00 17 2.150E-08 1.000E+02
19 6.150E-06 8.959E+01 20 3.132E-04 1.487E+01 23 1.521E-02 3.397E-01 24 2.174E-05 2.596E+00 25 2.362E-09 1.000E+02
26 4.291E-03 3.924E-01 27 9.153E-04 4.384E-01
194  16
 1 1.362E-06 1.000E+02  2 2.472E-02 5.134E-01  3 4.717E-06 4.376E+01  4 2.395E-03 1.268E+01  6 1.298E-08 1.000E+02
10 4.301E-06 3.789E+01 12 8.607E-07 5.343E+01 13 2.104E-05 9.074E+00 16 8.889E-04 1.250E+00 17 6.035E-06 6.808E+01
19 9.954E-06 9.218E+01 20 5.755E-04 2.013E+01 23 1.511E-02 3.498E-01 24 2.102E-05 2.903E+00 26 4.256E-03 4.063E-01
27 9.083E-04 4.382E-01
195  17
 2 2.434E-02 5.006E-01  3 9.625E-06 3.212E+01  4 2.575E-03 1.470E+01  6 1.500E-06 1.000E+02 10 7.771E-06 3.899E+01
11 7.093E-07 1.000E+02 12 2.043E-06 4.617E+01 13 2.006E-05 1.328E+01 15 6.776E-08 1.000E+02 16 8.950E-04 1.092E+00
17 6.567E-07 1.000E+02 19 2.037E-05 5.436E+01 20 3.397E-04 1.894E+01 23 1.487E-02 2.948E-01 24 1.806E-05 3.454E+00
26 4.196E-03 3.928E-01 27 8.958E-04 4.172E-01
196  17
 2 2.397E-02 4.792E-01  3 7.372E-06 3.299E+01  4 1.815E-03 1.737E+01  6 4.658E-06 6.159E+01 10 3.755E-06 3.730E+01
11 1.037E-06 7.385E+01 12 1.736E-06 3.595E+01 13 2.084E-05 1.016E+01 15 4.796E-06 9.853E+01 16 8.873E-04 1.157E+00
17 3.553E-06 6.264E+01 19 1.930E-07 7.305E+01 20 2.624E-04 2.299E+01 23 1.480E-02 3.322E-01 24 1.640E-05 3.226E+00
26 4.230E-03 4.032E-01 27 9.029E-04 4.237E-01
197  14
 2 2.325E-02 5.352E-01  3 7.677E-06 4.184E+01  4 1.704E-03 2.091E+01  6 1.093E-06 1.000E+02 10 2.611E-06 4.463E+01
12 1.081E-06 4.500E+01 13 1.259E-05 1.576E+01 16 8.914E-04 8.118E-01 19 2.406E-05 7.592E+01 20 2.063E-04 3.344E+01
23 1.452E-02 3.363E-01 24 1.434E-05 4.383E+00 26 4.199E-03 3.975E-01 27 8.998E-04 4.395E-01
198  18
 1 1.060E-07 1.000E+02  2 2.217E-02 5.064E-01  3 7.655E-06 3.597E+01  4 1.384E-03 1.971E+01  6 4.370E-07 1.000E+02
 8 1.252E-07 1.000E+02 10 5.799E-06 4.980E+01 11 1.617E-07 1.000E+02 12 6.049E-07 5.665E+01 13 1.762E-05 1.623E+01
16 9.199E-04 1.107E+00 17 1.545E-06 1.000E+02 19 6.479E-06 1.000E+02 20 1.453E-04 2.444E+01 23 1.423E-02 3.275E-01
24 1.352E-05 3.180E+00 26 4.181E-03 3.718E-01 27 8.941E-04 3.833E-01
199  14
 2 2.115E-02 4.892E-01  3 5.816E-06 4.869E+01  4 1.211E-03 1.644E+01  6 1.006E-06 1.000E+02 10 7.618E-06 4.214E+01
12 1.052E-06 7.281E+01 13 1.365E-05 1.784E+01 16 9.457E-04 1.247E+00 19 3.448E-06 1.000E+02 20 1.732E-04 2.273E+01
23 1.401E-02 3.280E-01 24 1.041E-05 3.880E+00 26 4.188E-03 3.820E-01 27 8.989E-04 3.977E-01
200  14
 2 1.949E-02 5.905E-01  3 4.704E-06 4.528E+01  4 6.435E-04 2.147E+01 10 3.944E-06 5.037E+01 11 6.599E-07 1.000E+02
12 2.254E-07 6.261E+01 13 8.903E-06 1.471E+01 16 9.583E-04 7.933E-01 19 6.286E-06 8.268E+01 20 1.903E-04 2.418E+01
23 1.369E-02 3.179E-01 24 9.132E-06 5.124E+00 26 4.222E-03 4.460E-01 27 9.106E-04 5.064E-01
201  14
 2 1.762E-02 5.144E-01  3 5.813E-07 5.829E+01  4 7.773E-04 2.376E+01  5 2.564E-07 1.000E+02 10 2.806E-06 4.706E+01
12 5.118E-07 5.661E+01 13 1.082E-05 1.659E+01 16 1.002E-03 1.061E+00 19 5.788E-05 6.588E+01 20 2.618E-04 2.041E+01
23 1.320E-02 3.073E-01 24 8.084E-06 4.627E+00 26 4.193E-03 3.799E-01 27 9.067E-04 3.862E-01
202  15
 2 1.539E-02 5.113E-01  3 1.376E-06 6.689E+01  4 6.838E-04 2.375E+01  6 4.284E-08 1.000E+02 10 1.297E-06 8.599E+01
12 6.778E-07 6.101E+01 13 9.215E-06 1.540E+01 16 1.012E-03 9.426E-01 17 6.937E-07 8.339E+01 19 1.012E-05 6.764E+01
20 1.286E-04 3.479E+01 23 1.269E-02 2.876E-01 24 6.669E-06 4.400E+00 26 4.190E-03 3.433E-01 27 9.137E-04 3.474E-01
203  16
 2 1.288E-02 6.211E-01  3 5.973E-06 6.078E+01  4 4.266E-04 3.330E+01  6 7.296E-08 8.922E+01 10 9.216E-07 5.466E+01
11 3.702E-07 1.000E+02 12 2.273E-07 5.749E+01 13 5.834E-06 1.802E+01 16 1.065E-03 9.044E-01 17 3.527E-08 1.000E+02
19 1.569E-06 1.000E+02 20 1.201E-04 2.479E+01 23 1.203E-02 3.583E-01 24 6.086E-06 5.610E+00 26 4.140E-03 3.696E-01
27 9.060E-04 3.979E-01
204  13
 2 9.887E-03 6.017E-01  3 1.501E-06 7.135E+01  4 6.099E-04 2.633E+01  6 4.473E-07 1.000E+02 10 1.775E-06 5.472E+01
12 1.737E-06 5.102E+01 13 5.898E-06 1.912E+01 16 1.103E-03 9.534E-01 20 9.206E-05 2.902E+01 23 1.120E-02 2.905E-01
24 4.895E-06 4.043E+00 26 4.053E-03 3.832E-01 27 8.975E-04 4.346E-01
205  14
 2 6.681E-03 6.921E-01  3 1.847E-06 7.180E+01  4 3.654E-04 3.460E+01 10 1.383E-06 5.668E+01 12 2.665E-09 1.000E+02
13 3.515E-06 2.739E+01 16 1.187E-03 8.572E-01 17 1.716E-07 1.000E+02 19 2.277E-06 1.000E+02 20 9.804E-05 3.153E+01
23 1.014E-02 3.025E-01 24 3.490E-06 7.845E+00 26 3.856E-03 3.253E-01 27 8.642E-04 3.331E-01
206  13
 2 3.991E-03 7.851E-01  3 9.125E-08 7.821E+01  4 3.473E-04 2.855E+01 10 1.453E-07 8.442E+01 12 1.912E-07 6.947E+01
13 1.664E-06 3.189E+01 16 1.279E-03 9.274E-01 17 4.420E-07 1.000E+02 20 5.102E-05 4.190E+01 23 8.430E-03 3.355E-01
24 2.806E-06 6.756E+00 26 3.229E-03 3.687E-01 27 7.306E-04 3.750E-01
207  15
 2 2.431E-03 1.174E+00  3 1.433E-07 9.899E+01  4 2.240E-04 3.296E+01  7 4.551E-08 1.000E+02  8 2.615E-07 1.000E+02
10 9.261E-07 1.000E+02 12 2.689E-07 7.885E+01 13 2.187E-06 3.945E+01 16 1.439E-03 7.448E-01 19 2.736E-06 1.000E+02
20 3.340E-05 4.985E+01 23 5.442E-03 3.942E-01 24 1.553E-06 7.843E+00 26 1.733E-03 4.858E-01 27 3.792E-04 5.987E-01
208  13
 2 8.986E-04 1.398E+00  3 2.316E-07 1.000E+02  4 2.711E-05 6.000E+01 10 8.739E-09 7.265E+01 12 1.508E-07 7.362E+01
13 5.101E-07 4.036E+01 16 1.330E-03 4.682E-01 19 2.281E-06 1.000E+02 20 2.331E-05 4.375E+01 23 1.828E-03 5.165E-01
24 6.455E-07 1.133E+01 26 3.183E-04 7.340E-01 27 6.173E-05 7.964E-01