
    ORGAN DOSE CONVERSION FACTORS FOR AN ADULT HERMAPHRODITE
    CALCULATED FOR A VARIETY OF CT SCANNERS AND CONDITIONS.
    VALUES ARE GIVEN FOR 208 5 MM SLICES SPANNING THE BODY
    FROM 100 MM BELOW THE BOTTOM OF THE TRUNK TO THE TOP OF THE HEAD.

                     ORGANS OR REGIONS
 1 ADRENALS              10 HEART                  19 THYMUS                   
 2 BRAIN                 11 KIDNEYS                20 THYROID                  
 3 BREASTS               12 LIVER                  21 URINARY BLADDER          
 4 EYE LENSES            13 LUNGS                  22 UTERUS                   
 5 GALL BLADDER          14 OVARIES                23 HEAD REGION              
 6 STOMACH               15 PANCREAS               24 TRUNK REGION             
 7 SMALL INTESTINE       16 SKIN                   25 LEG REGION               
 8 UPPER LARGE INTESTINE 17 SPLEEN                 26 SKELETON                 
 9 LOWER LARGE INTESTINE 18 TESTICLES              27 RED MARROW               

 06 GE CT 8800,9000I/II/HP: SHAPED FILTER (PMMA) FOR HEAD IRRADIATION
    FOCUS TO AXIS DISTANCE IS 780 MM
    FAN ANGLE COVERS FULL WIDTH OF TRUNK
    X-RAY SPECTRUM HAS MAXIMUM ENERGY OF 120 KEV
    INITIAL FILTRATION IS 2.7 MM OF ALUMINIUM

    CONVERSION FACTORS AND STATISTICAL UNCERTAINTIES(%) FOR ORGANS IN EACH SLICE
  1  16
 3 1.901E-06 1.000E+02  6 5.960E-07 8.767E+01  7 1.398E-05 2.793E+01  8 9.369E-06 3.825E+01  9 2.327E-04 9.935E+00
12 1.413E-07 9.384E+01 13 7.921E-08 1.000E+02 14 1.062E-06 7.355E+01 16 1.021E-03 1.316E+00 18 1.216E-03 9.351E+00
21 1.635E-04 2.502E+01 22 4.024E-05 2.602E+01 24 5.195E-05 2.206E+00 25 3.051E-03 5.034E-01 26 1.565E-03 1.119E+00
27 1.455E-04 1.433E+00
  2  16
 3 2.451E-07 1.000E+02  5 2.375E-06 1.000E+02  7 1.836E-05 2.426E+01  8 5.553E-06 2.750E+01  9 2.473E-04 1.255E+01
11 2.074E-06 1.000E+02 12 6.919E-07 6.238E+01 14 2.128E-06 7.066E+01 16 1.004E-03 1.365E+00 18 1.319E-03 1.072E+01
21 2.149E-04 1.422E+01 22 5.041E-05 3.171E+01 24 5.695E-05 3.210E+00 25 3.051E-03 5.164E-01 26 1.575E-03 9.738E-01
27 1.532E-04 1.494E+00
  3  20
 3 1.842E-07 7.115E+01  5 4.663E-06 1.000E+02  6 2.956E-06 5.905E+01  7 1.306E-05 1.735E+01  8 1.463E-05 3.676E+01
 9 3.106E-04 9.996E+00 11 1.142E-06 9.713E+01 12 1.775E-07 6.190E+01 13 7.342E-09 1.000E+02 14 3.272E-05 5.470E+01
15 2.935E-07 7.387E+01 16 1.034E-03 1.008E+00 17 1.619E-06 6.973E+01 18 1.976E-03 8.482E+00 21 2.317E-04 2.008E+01
22 1.372E-04 3.232E+01 24 6.168E-05 1.961E+00 25 3.038E-03 4.515E-01 26 1.534E-03 1.129E+00 27 1.560E-04 1.744E+00
  4  16
 6 6.826E-07 5.875E+01  7 1.115E-05 2.024E+01  8 1.105E-05 2.745E+01  9 3.947E-04 7.678E+00 11 2.416E-06 5.707E+01
12 6.147E-07 4.548E+01 14 6.818E-05 6.986E+01 15 4.979E-08 1.000E+02 16 1.018E-03 1.821E+00 18 1.917E-03 1.130E+01
21 3.074E-04 1.762E+01 22 8.991E-05 2.486E+01 24 7.232E-05 2.336E+00 25 3.043E-03 5.137E-01 26 1.529E-03 4.642E-01
27 1.641E-04 1.400E+00
  5  17
 5 3.342E-07 1.000E+02  6 2.681E-06 9.667E+01  7 2.494E-05 1.657E+01  8 2.298E-05 2.749E+01  9 4.758E-04 9.624E+00
11 6.694E-07 1.000E+02 12 4.099E-07 5.455E+01 14 8.741E-06 7.111E+01 16 1.052E-03 1.130E+00 17 8.027E-08 1.000E+02
18 1.992E-03 1.027E+01 21 3.704E-04 1.246E+01 22 8.225E-05 3.221E+01 24 8.302E-05 1.673E+00 25 3.043E-03 5.528E-01
26 1.523E-03 8.998E-01 27 1.686E-04 1.455E+00
  6  17
 3 6.270E-07 1.000E+02  6 4.378E-06 6.886E+01  7 2.470E-05 1.712E+01  8 1.561E-05 2.475E+01  9 4.487E-04 4.801E+00
11 2.355E-07 8.164E+01 12 1.463E-06 5.215E+01 13 5.968E-09 1.000E+02 14 1.212E-04 4.622E+01 16 1.059E-03 1.355E+00
18 2.157E-03 9.940E+00 21 3.052E-04 2.152E+01 22 8.942E-05 2.192E+01 24 9.087E-05 1.472E+00 25 3.069E-03 4.992E-01
26 1.548E-03 7.638E-01 27 1.801E-04 1.051E+00
  7  20
 5 6.557E-06 1.000E+02  6 4.595E-06 7.448E+01  7 3.157E-05 1.746E+01  8 2.381E-05 2.385E+01  9 5.124E-04 8.774E+00
10 1.181E-07 1.000E+02 11 6.961E-06 6.260E+01 12 2.158E-06 6.232E+01 13 4.328E-08 1.000E+02 14 1.566E-05 5.213E+01
16 1.033E-03 1.348E+00 17 6.445E-08 7.583E+01 18 2.482E-03 1.067E+01 19 5.504E-07 1.000E+02 21 4.447E-04 1.194E+01
22 1.255E-04 2.319E+01 24 1.023E-04 1.482E+00 25 3.012E-03 6.710E-01 26 1.492E-03 1.261E+00 27 1.810E-04 1.842E+00
  8  19
 3 1.482E-06 9.217E+01  5 1.597E-05 1.000E+02  6 2.506E-06 9.836E+01  7 2.263E-05 1.814E+01  8 3.208E-05 2.348E+01
 9 5.838E-04 4.579E+00 11 6.330E-06 7.235E+01 12 2.731E-06 4.268E+01 13 3.498E-07 9.905E+01 14 8.245E-05 6.573E+01
15 1.973E-06 6.885E+01 16 1.065E-03 1.385E+00 18 2.829E-03 8.011E+00 21 4.433E-04 1.074E+01 22 1.502E-04 1.820E+01
24 1.175E-04 2.165E+00 25 3.024E-03 3.778E-01 26 1.502E-03 9.725E-01 27 1.914E-04 1.476E+00
  9  19
 3 6.299E-08 7.350E+01  6 1.089E-06 6.762E+01  7 3.121E-05 1.311E+01  8 1.714E-05 3.973E+01  9 6.813E-04 6.154E+00
11 9.934E-08 8.339E+01 12 1.885E-06 4.852E+01 13 1.549E-07 1.000E+02 14 8.145E-05 5.046E+01 15 4.884E-06 1.000E+02
16 1.026E-03 1.754E+00 17 1.745E-06 1.000E+02 18 2.533E-03 8.665E+00 21 4.817E-04 1.150E+01 22 1.775E-04 2.282E+01
24 1.288E-04 1.618E+00 25 3.001E-03 4.623E-01 26 1.477E-03 9.927E-01 27 1.939E-04 1.434E+00
 10  19
 3 6.348E-07 1.000E+02  6 2.163E-06 6.203E+01  7 3.765E-05 9.760E+00  8 2.720E-05 2.217E+01  9 8.449E-04 6.128E+00
10 1.569E-08 1.000E+02 11 6.220E-06 5.897E+01 12 1.925E-06 4.570E+01 13 1.409E-07 9.712E+01 14 1.142E-04 4.432E+01
16 1.022E-03 1.576E+00 17 4.035E-06 9.908E+01 18 3.139E-03 8.203E+00 21 5.820E-04 1.258E+01 22 1.477E-04 2.094E+01
24 1.406E-04 1.186E+00 25 2.950E-03 4.581E-01 26 1.450E-03 8.276E-01 27 1.933E-04 2.030E+00
 11  20
 3 9.193E-07 5.942E+01  5 1.479E-07 1.000E+02  6 4.114E-06 6.849E+01  7 5.254E-05 1.307E+01  8 3.068E-05 2.516E+01
 9 7.899E-04 5.727E+00 10 5.940E-07 1.000E+02 11 1.775E-06 6.584E+01 12 4.440E-07 4.706E+01 14 1.221E-04 4.173E+01
15 2.080E-06 1.000E+02 16 1.379E-03 1.117E+00 17 5.977E-07 7.112E+01 18 4.992E-03 4.785E+00 21 8.002E-04 1.251E+01
22 1.539E-04 1.969E+01 24 1.606E-04 1.713E+00 25 2.946E-03 5.968E-01 26 1.415E-03 8.467E-01 27 2.035E-04 1.181E+00
 12  22
 3 2.640E-08 8.170E+01  5 5.032E-06 9.252E+01  6 6.924E-07 9.455E+01  7 4.223E-05 1.171E+01  8 4.025E-05 2.225E+01
 9 8.627E-04 6.582E+00 10 8.663E-08 1.000E+02 11 3.635E-06 6.540E+01 12 2.984E-06 4.768E+01 13 1.443E-08 1.000E+02
14 1.810E-04 5.319E+01 15 2.078E-06 1.000E+02 16 1.115E-03 1.473E+00 17 4.451E-07 5.956E+01 18 1.443E-02 3.258E+00
21 8.315E-04 1.152E+01 22 1.730E-04 1.950E+01 23 1.944E-08 9.421E+01 24 1.825E-04 1.289E+00 25 2.907E-03 4.653E-01
26 1.364E-03 1.038E+00 27 2.098E-04 1.941E+00
 13  19
 3 4.336E-07 9.596E+01  5 1.281E-06 1.000E+02  6 6.675E-06 5.334E+01  7 5.227E-05 1.684E+01  8 5.449E-05 2.339E+01
 9 1.041E-03 5.993E+00 11 9.547E-07 4.708E+01 12 8.816E-07 3.550E+01 14 9.141E-05 3.367E+01 15 1.989E-06 7.077E+01
16 1.069E-03 1.344E+00 18 2.340E-02 3.665E+00 21 7.960E-04 9.424E+00 22 2.741E-04 1.704E+01 23 2.004E-08 1.000E+02
24 2.029E-04 1.469E+00 25 2.868E-03 5.209E-01 26 1.347E-03 1.039E+00 27 2.133E-04 1.801E+00
 14  19
 3 2.995E-06 8.400E+01  5 1.343E-06 1.000E+02  6 8.704E-06 5.005E+01  7 5.963E-05 1.085E+01  8 4.938E-05 2.912E+01
 9 1.109E-03 6.541E+00 11 1.824E-06 4.899E+01 12 7.294E-07 4.083E+01 13 4.404E-07 8.195E+01 14 1.365E-04 5.526E+01
16 1.041E-03 1.504E+00 17 1.149E-06 7.233E+01 18 3.093E-02 1.868E+00 21 7.891E-04 9.479E+00 22 2.310E-04 1.396E+01
24 2.262E-04 1.441E+00 25 2.830E-03 5.355E-01 26 1.312E-03 8.972E-01 27 2.134E-04 1.798E+00
 15  22
 3 4.799E-06 5.496E+01  5 6.375E-07 1.000E+02  6 2.108E-08 1.000E+02  7 7.101E-05 1.040E+01  8 5.534E-05 2.315E+01
 9 1.248E-03 4.928E+00 10 1.461E-06 1.000E+02 11 1.076E-06 8.137E+01 12 2.908E-06 3.762E+01 13 9.011E-07 7.039E+01
14 2.764E-04 4.495E+01 15 3.023E-06 6.429E+01 16 1.051E-03 1.009E+00 17 4.463E-07 8.164E+01 18 3.495E-02 3.357E+00
21 9.768E-04 8.666E+00 22 2.729E-04 1.561E+01 23 3.691E-09 1.000E+02 24 2.541E-04 1.005E+00 25 2.767E-03 6.439E-01
26 1.294E-03 1.318E+00 27 2.303E-04 2.004E+00
 16  21
 3 2.299E-07 5.462E+01  5 2.207E-05 9.582E+01  6 1.459E-05 4.262E+01  7 5.690E-05 1.027E+01  8 5.696E-05 1.202E+01
 9 1.433E-03 5.175E+00 10 1.661E-06 8.185E+01 11 9.206E-06 4.192E+01 12 5.984E-06 2.572E+01 13 5.944E-07 6.042E+01
14 1.500E-04 3.556E+01 15 1.611E-06 8.739E+01 16 1.049E-03 1.316E+00 17 9.993E-06 6.761E+01 18 3.411E-02 2.822E+00
21 1.233E-03 8.292E+00 22 3.423E-04 2.059E+01 24 2.938E-04 1.186E+00 25 2.721E-03 5.163E-01 26 1.263E-03 8.147E-01
27 2.346E-04 1.711E+00
 17  21
 3 5.097E-07 8.043E+01  5 1.108E-06 1.000E+02  6 1.009E-06 5.746E+01  7 7.517E-05 7.393E+00  8 7.995E-05 1.868E+01
 9 1.587E-03 6.119E+00 10 1.185E-07 1.000E+02 11 4.965E-06 4.705E+01 12 2.020E-06 3.681E+01 13 6.132E-08 1.000E+02
14 2.997E-04 3.178E+01 15 2.499E-06 7.025E+01 16 1.041E-03 1.491E+00 17 9.368E-06 5.745E+01 18 3.303E-02 2.384E+00
21 1.159E-03 1.085E+01 22 3.402E-04 1.461E+01 24 3.307E-04 9.961E-01 25 2.634E-03 4.541E-01 26 1.239E-03 8.566E-01
27 2.606E-04 1.859E+00
 18  22
 1 2.501E-07 1.000E+02  3 5.602E-06 5.415E+01  5 1.414E-06 1.000E+02  6 4.716E-06 6.227E+01  7 8.495E-05 1.266E+01
 8 7.302E-05 2.188E+01  9 1.967E-03 4.543E+00 10 2.676E-06 8.841E+01 11 3.249E-06 4.270E+01 12 5.067E-06 3.735E+01
13 8.526E-07 5.535E+01 14 3.349E-04 3.037E+01 15 8.025E-06 9.544E+01 16 1.003E-03 1.469E+00 17 6.426E-07 9.671E+01
18 2.873E-02 1.734E+00 21 1.380E-03 7.526E+00 22 4.201E-04 1.362E+01 24 3.867E-04 1.099E+00 25 2.534E-03 5.109E-01
26 1.201E-03 1.233E+00 27 2.759E-04 1.939E+00
 19  21
 3 5.399E-06 4.909E+01  5 2.306E-05 9.885E+01  6 9.988E-06 4.234E+01  7 9.682E-05 7.016E+00  8 8.167E-05 1.727E+01
 9 2.032E-03 3.553E+00 10 5.276E-07 1.000E+02 11 7.226E-06 5.058E+01 12 3.512E-06 3.797E+01 13 5.418E-07 7.460E+01
14 4.177E-04 3.316E+01 15 6.728E-07 1.000E+02 16 1.007E-03 1.419E+00 17 8.078E-06 9.114E+01 18 2.177E-02 2.311E+00
21 1.632E-03 9.210E+00 22 5.411E-04 1.812E+01 24 4.396E-04 8.377E-01 25 2.425E-03 5.090E-01 26 1.176E-03 8.590E-01
27 2.971E-04 2.016E+00
 20  21
 1 4.783E-07 1.000E+02  3 1.131E-05 4.841E+01  6 9.394E-06 7.176E+01  7 9.509E-05 7.752E+00  8 8.089E-05 1.294E+01
 9 2.537E-03 4.146E+00 11 4.462E-06 7.150E+01 12 3.170E-06 2.950E+01 13 4.208E-08 9.061E+01 14 6.192E-04 2.195E+01
15 5.807E-06 7.848E+01 16 9.658E-04 1.677E+00 17 5.267E-06 6.972E+01 18 1.216E-02 4.051E+00 21 1.627E-03 6.891E+00
22 4.552E-04 1.433E+01 23 1.550E-07 1.000E+02 24 5.213E-04 1.001E+00 25 2.237E-03 5.496E-01 26 1.097E-03 1.277E+00
27 3.223E-04 1.615E+00
 21  19
 3 1.871E-07 9.218E+01  5 2.665E-05 1.000E+02  6 2.296E-05 4.797E+01  7 1.099E-04 5.573E+00  8 8.172E-05 1.684E+01
 9 3.653E-03 3.213E+00 11 7.841E-06 3.401E+01 12 5.402E-06 3.007E+01 13 5.171E-07 7.068E+01 14 4.619E-04 2.750E+01
16 7.650E-04 1.320E+00 17 1.623E-07 8.164E+01 18 6.437E-03 4.548E+00 21 2.083E-03 6.453E+00 22 6.915E-04 1.284E+01
24 1.168E-03 5.801E-01 25 1.075E-03 7.313E-01 26 1.059E-03 1.409E+00 27 4.810E-04 2.399E+00
 22  21
 3 1.148E-06 8.081E+01  5 7.476E-05 6.882E+01  6 6.121E-06 3.199E+01  7 1.383E-04 5.464E+00  8 9.584E-05 1.614E+01
 9 4.168E-03 3.881E+00 10 1.819E-06 7.029E+01 11 4.335E-06 4.732E+01 12 3.040E-06 2.570E+01 13 8.400E-07 6.412E+01
14 6.761E-04 2.510E+01 15 1.893E-05 1.000E+02 16 7.609E-04 1.544E+00 17 3.215E-06 6.902E+01 18 5.301E-03 4.981E+00
21 2.242E-03 6.897E+00 22 6.716E-04 1.179E+01 24 1.250E-03 4.850E-01 25 9.010E-04 8.378E-01 26 1.011E-03 6.525E-01
27 5.117E-04 1.676E+00
 23  21
 3 4.951E-08 1.000E+02  5 3.666E-05 1.000E+02  6 1.514E-05 3.022E+01  7 1.562E-04 7.729E+00  8 1.188E-04 1.009E+01
 9 4.404E-03 3.880E+00 10 9.040E-07 8.782E+01 11 9.367E-06 6.022E+01 12 4.443E-06 2.706E+01 13 3.993E-07 7.334E+01
14 4.908E-04 2.492E+01 15 1.251E-05 6.833E+01 16 7.462E-04 1.711E+00 17 8.961E-06 6.373E+01 18 4.360E-03 6.120E+00
21 2.505E-03 5.935E+00 22 8.577E-04 8.395E+00 24 1.322E-03 4.654E-01 25 7.696E-04 9.646E-01 26 9.624E-04 1.111E+00
27 5.293E-04 1.612E+00
 24  20
 3 3.151E-06 6.297E+01  5 3.368E-05 9.360E+01  6 1.120E-05 3.591E+01  7 1.882E-04 7.586E+00  8 1.153E-04 1.228E+01
 9 5.446E-03 3.091E+00 11 1.342E-05 3.783E+01 12 7.398E-06 1.970E+01 13 6.058E-07 7.376E+01 14 3.974E-04 2.597E+01
15 6.571E-06 6.605E+01 16 7.437E-04 1.682E+00 17 2.470E-06 6.166E+01 18 3.645E-03 6.563E+00 21 2.927E-03 6.754E+00
22 8.173E-04 9.898E+00 24 1.377E-03 4.919E-01 25 6.820E-04 9.069E-01 26 9.476E-04 1.083E+00 27 5.470E-04 1.778E+00
 25  20
 5 2.871E-06 1.000E+02  6 9.020E-06 3.280E+01  7 1.663E-04 7.436E+00  8 1.298E-04 1.222E+01  9 6.186E-03 3.549E+00
10 1.775E-07 1.000E+02 11 7.503E-06 3.668E+01 12 7.971E-06 3.460E+01 13 3.198E-07 7.860E+01 14 6.162E-04 2.770E+01
15 7.806E-06 6.990E+01 16 7.105E-04 1.604E+00 17 1.344E-06 6.496E+01 18 2.988E-03 6.585E+00 21 3.280E-03 7.594E+00
22 8.136E-04 9.340E+00 24 1.410E-03 5.029E-01 25 6.044E-04 7.112E-01 26 9.349E-04 7.596E-01 27 5.752E-04 1.478E+00
 26  21
 3 2.355E-06 9.595E+01  5 7.484E-07 8.000E+01  6 1.295E-05 3.397E+01  7 2.060E-04 7.295E+00  8 1.484E-04 1.232E+01
 9 5.968E-03 2.563E+00 10 8.750E-07 1.000E+02 11 1.206E-05 2.937E+01 12 6.328E-06 2.551E+01 13 1.445E-07 9.806E+01
14 7.031E-04 2.806E+01 15 4.293E-06 6.265E+01 16 7.147E-04 1.862E+00 17 1.147E-05 5.803E+01 18 2.803E-03 8.324E+00
21 4.002E-03 4.374E+00 22 9.990E-04 9.036E+00 24 1.446E-03 4.984E-01 25 5.330E-04 9.047E-01 26 9.187E-04 1.211E+00
27 5.780E-04 1.628E+00
 27  22
 1 1.004E-05 6.927E+01  3 8.351E-07 1.000E+02  5 6.744E-06 8.079E+01  6 1.217E-05 2.574E+01  7 2.306E-04 5.194E+00
 8 1.965E-04 8.520E+00  9 5.885E-03 2.930E+00 10 2.281E-07 1.000E+02 11 2.707E-05 3.088E+01 12 9.836E-06 2.067E+01
13 2.855E-07 4.928E+01 14 9.165E-04 2.604E+01 15 1.076E-05 6.944E+01 16 7.039E-04 1.601E+00 17 7.264E-06 7.952E+01
18 2.469E-03 8.171E+00 21 4.838E-03 4.597E+00 22 1.000E-03 9.500E+00 24 1.487E-03 5.929E-01 25 4.640E-04 1.095E+00
26 8.833E-04 1.381E+00 27 6.019E-04 1.807E+00
 28  21
 3 4.532E-07 9.026E+01  5 8.623E-06 9.584E+01  6 1.494E-05 4.417E+01  7 2.599E-04 4.904E+00  8 2.115E-04 1.088E+01
 9 6.027E-03 2.843E+00 10 4.406E-07 5.511E+01 11 1.375E-05 3.036E+01 12 1.288E-05 3.238E+01 13 1.359E-06 4.060E+01
14 1.354E-03 1.815E+01 15 5.836E-06 4.484E+01 16 6.869E-04 1.601E+00 17 9.423E-07 6.048E+01 18 1.972E-03 8.195E+00
21 5.287E-03 4.282E+00 22 1.321E-03 7.157E+00 24 1.508E-03 4.956E-01 25 4.152E-04 1.097E+00 26 8.609E-04 1.331E+00
27 6.010E-04 2.104E+00
 29  22
 1 1.619E-05 1.000E+02  3 1.890E-06 6.596E+01  5 5.059E-06 1.000E+02  6 1.459E-05 3.585E+01  7 2.787E-04 6.318E+00
 8 2.014E-04 1.112E+01  9 5.321E-03 2.423E+00 10 6.777E-07 8.198E+01 11 1.884E-05 3.178E+01 12 7.397E-06 1.892E+01
13 9.130E-07 7.543E+01 14 6.130E-04 2.454E+01 15 1.133E-05 5.486E+01 16 7.002E-04 1.412E+00 17 9.359E-06 4.779E+01
18 1.670E-03 8.791E+00 21 6.028E-03 2.806E+00 22 1.521E-03 9.530E+00 24 1.534E-03 5.506E-01 25 3.628E-04 1.523E+00
26 8.552E-04 1.147E+00 27 6.110E-04 1.678E+00
 30  23
 1 1.232E-05 1.000E+02  3 2.310E-06 5.736E+01  5 8.345E-05 5.270E+01  6 3.339E-05 3.200E+01  7 3.241E-04 5.578E+00
 8 2.424E-04 1.228E+01  9 4.505E-03 3.371E+00 10 3.724E-06 6.567E+01 11 3.436E-05 2.046E+01 12 1.078E-05 2.092E+01
13 2.520E-06 6.109E+01 14 1.090E-03 1.917E+01 15 2.485E-05 9.027E+01 16 6.913E-04 1.664E+00 17 1.912E-05 6.044E+01
18 1.739E-03 5.876E+00 21 1.262E-02 3.305E+00 22 1.698E-03 8.246E+00 23 2.231E-08 1.000E+02 24 1.559E-03 3.824E-01
25 3.280E-04 1.479E+00 26 8.459E-04 1.182E+00 27 6.262E-04 1.953E+00
 31  21
 3 3.236E-06 9.669E+01  5 2.387E-05 6.720E+01  6 2.076E-05 3.553E+01  7 3.410E-04 4.342E+00  8 2.506E-04 1.092E+01
 9 4.170E-03 3.162E+00 10 1.045E-06 8.223E+01 11 2.490E-05 3.215E+01 12 9.710E-06 1.901E+01 13 5.795E-07 6.117E+01
14 1.562E-03 1.559E+01 15 6.605E-06 4.572E+01 16 6.979E-04 1.200E+00 17 6.389E-06 5.678E+01 18 1.338E-03 9.858E+00
21 1.445E-02 2.935E+00 22 1.722E-03 6.269E+00 24 1.575E-03 5.090E-01 25 2.894E-04 1.939E+00 26 8.360E-04 1.144E+00
27 6.325E-04 1.242E+00
 32  22
 1 2.249E-05 7.210E+01  3 1.850E-07 7.720E+01  5 6.424E-05 8.633E+01  6 2.108E-05 3.395E+01  7 3.643E-04 3.293E+00
 8 3.203E-04 9.265E+00  9 3.960E-03 3.669E+00 10 2.436E-06 8.221E+01 11 3.393E-05 1.937E+01 12 1.444E-05 1.942E+01
13 3.476E-06 4.332E+01 14 1.084E-03 1.818E+01 15 1.014E-05 4.440E+01 16 6.758E-04 1.269E+00 17 1.209E-05 5.258E+01
18 1.450E-03 1.081E+01 21 1.598E-02 2.364E+00 22 2.109E-03 6.462E+00 24 1.599E-03 5.876E-01 25 2.661E-04 1.428E+00
26 8.296E-04 1.324E+00 27 6.375E-04 1.805E+00
 33  22
 1 2.521E-05 9.648E+01  3 3.583E-06 5.201E+01  5 4.497E-05 4.034E+01  6 2.625E-05 2.821E+01  7 4.653E-04 2.804E+00
 8 3.761E-04 7.033E+00  9 3.616E-03 1.697E+00 10 1.610E-08 1.000E+02 11 2.877E-05 3.497E+01 12 1.974E-05 1.777E+01
13 2.747E-06 4.150E+01 14 2.087E-03 1.398E+01 15 3.399E-05 5.094E+01 16 6.933E-04 1.462E+00 17 5.411E-06 3.725E+01
18 1.123E-03 1.156E+01 21 1.573E-02 2.508E+00 22 2.104E-03 7.845E+00 24 1.609E-03 4.685E-01 25 2.384E-04 1.898E+00
26 8.472E-04 1.416E+00 27 6.678E-04 1.786E+00
 34  22
 1 3.489E-06 9.652E+01  3 1.878E-06 5.948E+01  5 7.358E-05 5.477E+01  6 1.761E-05 3.320E+01  7 4.651E-04 3.407E+00
 8 3.619E-04 9.222E+00  9 3.713E-03 3.351E+00 10 4.637E-08 1.000E+02 11 2.568E-05 2.689E+01 12 1.587E-05 1.810E+01
13 1.162E-06 5.070E+01 14 1.148E-03 1.599E+01 15 1.727E-05 5.544E+01 16 6.536E-04 1.631E+00 17 1.348E-05 4.312E+01
18 1.055E-03 1.140E+01 21 1.570E-02 2.436E+00 22 2.295E-03 4.450E+00 24 1.621E-03 5.690E-01 25 2.091E-04 1.792E+00
26 8.285E-04 1.129E+00 27 6.500E-04 1.863E+00
 35  22
 1 2.543E-05 9.937E+01  3 9.565E-07 7.368E+01  5 1.865E-04 4.057E+01  6 4.461E-05 1.955E+01  7 5.716E-04 5.059E+00
 8 4.072E-04 6.076E+00  9 3.403E-03 4.681E+00 10 4.864E-06 8.918E+01 11 3.440E-05 2.410E+01 12 1.565E-05 1.486E+01
13 2.399E-06 4.012E+01 14 1.700E-03 1.181E+01 15 4.628E-05 3.647E+01 16 6.563E-04 1.886E+00 17 2.284E-05 3.991E+01
18 1.072E-03 9.274E+00 21 1.603E-02 3.220E+00 22 2.569E-03 5.411E+00 24 1.627E-03 4.493E-01 25 1.923E-04 2.122E+00
26 8.265E-04 1.203E+00 27 6.768E-04 1.632E+00
 36  22
 1 8.866E-06 1.000E+02  3 2.986E-06 6.530E+01  5 1.033E-04 4.858E+01  6 2.726E-05 2.578E+01  7 5.887E-04 3.793E+00
 8 4.336E-04 7.566E+00  9 3.545E-03 2.568E+00 10 2.209E-06 6.965E+01 11 3.467E-05 1.601E+01 12 1.934E-05 1.105E+01
13 2.030E-06 3.706E+01 14 2.380E-03 1.335E+01 15 1.911E-05 4.093E+01 16 6.670E-04 1.178E+00 17 1.413E-05 3.353E+01
18 8.976E-04 1.371E+01 21 1.536E-02 2.495E+00 22 3.067E-03 4.911E+00 24 1.654E-03 5.447E-01 25 1.704E-04 2.204E+00
26 8.319E-04 1.032E+00 27 6.814E-04 1.394E+00
 37  22
 1 1.878E-05 7.850E+01  3 3.870E-07 7.141E+01  5 3.090E-05 5.223E+01  6 5.880E-05 2.295E+01  7 6.757E-04 3.802E+00
 8 5.073E-04 5.846E+00  9 3.398E-03 3.347E+00 10 1.378E-06 7.004E+01 11 3.779E-05 1.755E+01 12 2.004E-05 9.873E+00
13 4.784E-06 4.033E+01 14 2.140E-03 1.310E+01 15 1.553E-05 4.317E+01 16 6.564E-04 1.311E+00 17 2.342E-05 3.180E+01
18 7.092E-04 1.341E+01 21 1.639E-02 2.993E+00 22 3.043E-03 5.173E+00 24 1.649E-03 4.320E-01 25 1.548E-04 2.356E+00
26 8.338E-04 1.537E+00 27 7.118E-04 1.590E+00
 38  23
 1 3.070E-06 1.000E+02  3 6.773E-06 6.677E+01  5 5.714E-05 4.983E+01  6 4.196E-05 2.191E+01  7 7.150E-04 3.052E+00
 8 5.151E-04 6.843E+00  9 3.531E-03 2.962E+00 10 1.944E-06 6.731E+01 11 6.081E-05 2.734E+01 12 2.627E-05 2.268E+01
13 3.770E-06 3.938E+01 14 2.600E-03 1.216E+01 15 1.093E-05 3.570E+01 16 6.446E-04 1.637E+00 17 2.568E-05 3.700E+01
18 6.538E-04 1.773E+01 21 1.614E-02 2.714E+00 22 3.596E-03 4.436E+00 23 2.430E-09 1.000E+02 24 1.669E-03 4.994E-01
25 1.402E-04 2.047E+00 26 8.370E-04 1.482E+00 27 7.012E-04 1.711E+00
 39  22
 1 1.539E-05 5.526E+01  3 3.341E-06 4.243E+01  5 7.635E-05 4.660E+01  6 6.730E-05 2.308E+01  7 8.486E-04 4.028E+00
 8 6.511E-04 6.396E+00  9 3.675E-03 3.448E+00 10 1.882E-06 3.673E+01 11 6.028E-05 2.241E+01 12 3.691E-05 1.216E+01
13 2.506E-06 3.099E+01 14 3.130E-03 1.256E+01 15 3.669E-05 5.271E+01 16 6.337E-04 1.325E+00 17 2.480E-05 3.017E+01
18 6.497E-04 1.194E+01 21 1.539E-02 1.969E+00 22 4.285E-03 4.121E+00 24 1.662E-03 4.404E-01 25 1.226E-04 3.236E+00
26 8.364E-04 1.183E+00 27 7.131E-04 1.596E+00
 40  22
 1 4.244E-05 6.071E+01  3 1.059E-06 5.698E+01  5 1.171E-04 4.772E+01  6 5.217E-05 2.392E+01  7 9.861E-04 2.390E+00
 8 7.720E-04 6.292E+00  9 3.384E-03 3.550E+00 10 1.557E-06 5.998E+01 11 6.613E-05 1.243E+01 12 3.717E-05 1.410E+01
13 1.178E-06 3.634E+01 14 3.561E-03 1.672E+01 15 5.077E-05 5.691E+01 16 6.478E-04 2.069E+00 17 2.884E-05 2.060E+01
18 5.093E-04 1.433E+01 21 1.541E-02 3.029E+00 22 4.952E-03 5.034E+00 24 1.680E-03 4.784E-01 25 1.150E-04 3.143E+00
26 8.433E-04 9.770E-01 27 7.243E-04 1.228E+00
 41  22
 1 1.713E-05 5.710E+01  3 5.000E-06 7.186E+01  5 2.061E-04 3.734E+01  6 5.347E-05 1.706E+01  7 9.851E-04 2.988E+00
 8 7.648E-04 4.837E+00  9 3.408E-03 4.204E+00 10 2.693E-06 6.786E+01 11 7.472E-05 1.368E+01 12 3.207E-05 1.400E+01
13 2.253E-06 4.008E+01 14 2.662E-03 1.127E+01 15 4.607E-05 3.922E+01 16 6.578E-04 1.210E+00 17 2.109E-05 2.551E+01
18 3.857E-04 1.880E+01 21 1.445E-02 3.927E+00 22 5.137E-03 5.572E+00 24 1.679E-03 5.145E-01 25 1.035E-04 2.170E+00
26 8.602E-04 9.796E-01 27 7.584E-04 1.459E+00
 42  22
 1 4.464E-05 9.592E+01  3 2.945E-06 3.661E+01  5 2.107E-04 5.773E+01  6 5.163E-05 1.863E+01  7 1.113E-03 2.123E+00
 8 8.244E-04 5.436E+00  9 3.451E-03 3.979E+00 10 9.947E-08 8.610E+01 11 1.063E-04 1.557E+01 12 4.561E-05 9.358E+00
13 3.897E-06 3.757E+01 14 3.575E-03 1.162E+01 15 4.456E-05 2.960E+01 16 6.470E-04 1.756E+00 17 2.799E-05 4.110E+01
18 4.476E-04 1.557E+01 21 1.532E-02 3.414E+00 22 6.298E-03 5.119E+00 24 1.689E-03 4.047E-01 25 9.143E-05 3.320E+00
26 8.592E-04 1.118E+00 27 7.563E-04 1.236E+00
 43  23
 1 3.566E-05 6.549E+01  3 3.794E-06 7.415E+01  5 1.814E-04 6.329E+01  6 7.553E-05 2.083E+01  7 1.255E-03 2.511E+00
 8 1.068E-03 3.976E+00  9 3.214E-03 3.030E+00 10 1.127E-05 3.060E+01 11 9.301E-05 1.157E+01 12 5.472E-05 1.107E+01
13 3.384E-06 2.746E+01 14 4.099E-03 1.006E+01 15 3.303E-05 3.201E+01 16 6.531E-04 1.770E+00 17 3.018E-05 2.577E+01
18 3.723E-04 1.582E+01 21 1.198E-02 3.195E+00 22 7.492E-03 4.052E+00 23 2.072E-09 1.000E+02 24 1.701E-03 4.431E-01
25 8.195E-05 2.611E+00 26 8.749E-04 1.273E+00 27 7.714E-04 1.459E+00
 44  24
 1 1.080E-05 7.434E+01  3 4.069E-06 9.747E+01  5 3.892E-04 4.554E+01  6 9.703E-05 2.097E+01  7 1.371E-03 1.981E+00
 8 1.168E-03 4.647E+00  9 3.394E-03 2.647E+00 10 8.352E-06 4.680E+01 11 8.915E-05 1.669E+01 12 5.417E-05 8.533E+00
13 4.039E-06 2.662E+01 14 4.735E-03 1.191E+01 15 4.296E-05 3.515E+01 16 6.458E-04 1.866E+00 17 2.125E-05 2.680E+01
18 3.029E-04 1.786E+01 19 3.448E-06 1.000E+02 21 6.120E-03 3.364E+00 22 8.184E-03 4.269E+00 23 4.384E-08 8.219E+01
24 1.713E-03 4.876E-01 25 7.060E-05 3.107E+00 26 8.905E-04 1.202E+00 27 7.866E-04 1.208E+00
 45  22
 1 7.443E-06 1.000E+02  3 4.023E-06 5.878E+01  5 1.062E-04 3.239E+01  6 9.313E-05 1.601E+01  7 1.598E-03 1.981E+00
 8 1.156E-03 6.048E+00  9 3.343E-03 3.450E+00 10 5.020E-06 4.678E+01 11 8.207E-05 1.299E+01 12 6.700E-05 6.126E+00
13 5.832E-06 3.192E+01 14 4.977E-03 9.542E+00 15 4.414E-05 2.773E+01 16 6.381E-04 1.007E+00 17 3.480E-05 2.416E+01
18 2.215E-04 1.967E+01 21 4.923E-03 5.236E+00 22 9.889E-03 3.701E+00 24 1.709E-03 4.034E-01 25 6.736E-05 3.263E+00
26 9.070E-04 1.257E+00 27 7.975E-04 1.248E+00
 46  23
 1 1.236E-05 4.992E+01  3 2.060E-06 7.848E+01  5 3.362E-04 3.378E+01  6 8.359E-05 1.450E+01  7 1.791E-03 2.694E+00
 8 1.209E-03 4.212E+00  9 3.228E-03 3.238E+00 10 5.448E-06 4.241E+01 11 1.415E-04 1.627E+01 12 6.762E-05 7.076E+00
13 8.110E-06 2.679E+01 14 5.986E-03 9.706E+00 15 5.350E-05 2.096E+01 16 6.302E-04 2.026E+00 17 6.697E-05 2.762E+01
18 2.477E-04 2.450E+01 21 4.718E-03 5.325E+00 22 1.701E-02 2.569E+00 23 2.514E-08 9.536E+01 24 1.714E-03 4.106E-01
25 6.074E-05 4.093E+00 26 9.345E-04 1.002E+00 27 8.527E-04 1.383E+00
 47  24
 1 4.210E-05 4.939E+01  3 3.530E-06 4.527E+01  5 2.117E-04 3.568E+01  6 7.524E-05 1.685E+01  7 1.925E-03 2.256E+00
 8 1.481E-03 3.940E+00  9 3.133E-03 3.663E+00 10 1.565E-05 6.337E+01 11 1.102E-04 1.358E+01 12 6.404E-05 6.779E+00
13 2.339E-06 2.620E+01 14 8.736E-03 8.533E+00 15 2.994E-05 4.011E+01 16 6.487E-04 1.125E+00 17 5.912E-05 2.767E+01
18 1.350E-04 2.706E+01 19 3.005E-06 1.000E+02 21 4.017E-03 4.356E+00 22 2.527E-02 2.058E+00 23 3.830E-07 9.322E+01
24 1.719E-03 4.209E-01 25 5.445E-05 3.386E+00 26 9.695E-04 9.678E-01 27 8.873E-04 1.330E+00
 48  23
 1 3.296E-05 5.078E+01  3 2.136E-06 6.709E+01  5 2.370E-04 2.898E+01  6 8.022E-05 1.855E+01  7 2.105E-03 1.743E+00
 8 1.651E-03 2.680E+00  9 3.139E-03 3.168E+00 10 3.494E-06 3.771E+01 11 1.077E-04 7.634E+00 12 8.168E-05 8.697E+00
13 2.971E-06 2.245E+01 14 1.142E-02 7.264E+00 15 5.156E-05 2.593E+01 16 6.495E-04 2.146E+00 17 6.491E-05 2.111E+01
18 1.813E-04 2.247E+01 21 3.633E-03 5.291E+00 22 3.000E-02 1.828E+00 23 1.422E-07 1.000E+02 24 1.737E-03 4.541E-01
25 4.821E-05 3.557E+00 26 1.019E-03 9.879E-01 27 9.545E-04 1.456E+00
 49  26
 1 1.101E-05 4.754E+01  2 2.424E-07 1.000E+02  3 8.363E-06 5.901E+01  5 5.604E-04 3.279E+01  6 1.449E-04 1.174E+01
 7 2.264E-03 2.114E+00  8 1.962E-03 3.395E+00  9 2.983E-03 3.024E+00 10 1.221E-05 4.633E+01 11 1.662E-04 8.955E+00
12 7.694E-05 7.856E+00 13 1.185E-05 3.455E+01 14 1.360E-02 7.500E+00 15 8.194E-05 3.101E+01 16 6.586E-04 2.074E+00
17 4.337E-05 2.720E+01 18 1.567E-04 2.285E+01 19 4.412E-06 1.000E+02 20 8.629E-06 1.000E+02 21 3.067E-03 6.426E+00
22 2.709E-02 3.209E+00 23 3.322E-07 7.613E+01 24 1.756E-03 4.327E-01 25 4.373E-05 3.928E+00 26 1.480E-03 8.054E-01
27 1.609E-03 1.142E+00
 50  24
 1 2.319E-05 7.890E+01  3 6.336E-06 5.853E+01  5 3.442E-04 3.497E+01  6 1.482E-04 1.160E+01  7 2.610E-03 1.441E+00
 8 2.937E-03 3.041E+00  9 2.858E-03 3.092E+00 10 1.280E-05 3.721E+01 11 1.671E-04 1.175E+01 12 8.936E-05 8.587E+00
13 6.593E-06 2.869E+01 14 1.426E-02 8.004E+00 15 1.150E-04 3.116E+01 16 6.403E-04 1.686E+00 17 5.941E-05 2.201E+01
18 1.807E-04 2.787E+01 19 8.334E-08 1.000E+02 21 2.435E-03 6.886E+00 22 2.167E-02 1.953E+00 23 6.636E-08 1.000E+02
24 1.759E-03 5.061E-01 25 3.777E-05 4.368E+00 26 1.556E-03 7.254E-01 27 1.688E-03 9.091E-01
 51  24
 1 2.679E-05 7.718E+01  3 4.930E-06 4.998E+01  5 2.518E-04 2.503E+01  6 1.923E-04 1.080E+01  7 3.000E-03 1.554E+00
 8 3.185E-03 3.014E+00  9 2.926E-03 3.944E+00 10 2.111E-05 3.875E+01 11 1.983E-04 1.009E+01 12 9.345E-05 6.724E+00
13 6.553E-06 2.468E+01 14 1.444E-02 5.050E+00 15 1.321E-04 2.186E+01 16 6.297E-04 2.294E+00 17 7.633E-05 2.107E+01
18 2.221E-04 2.011E+01 19 9.787E-07 1.000E+02 21 1.887E-03 6.560E+00 22 1.593E-02 1.886E+00 23 4.982E-08 9.451E+01
24 1.778E-03 5.121E-01 25 3.384E-05 4.566E+00 26 1.568E-03 1.040E+00 27 1.707E-03 1.228E+00
 52  24
 1 7.739E-05 4.851E+01  3 4.421E-06 5.822E+01  5 2.466E-04 2.857E+01  6 2.048E-04 1.172E+01  7 3.356E-03 1.710E+00
 8 3.321E-03 2.436E+00  9 3.001E-03 3.570E+00 10 1.516E-05 2.958E+01 11 2.117E-04 7.692E+00 12 1.128E-04 6.867E+00
13 8.443E-06 3.075E+01 14 1.398E-02 6.285E+00 15 8.454E-05 2.292E+01 16 6.041E-04 2.223E+00 17 8.134E-05 1.978E+01
18 1.267E-04 2.816E+01 19 1.183E-05 9.220E+01 21 1.883E-03 5.229E+00 22 8.707E-03 3.488E+00 23 3.401E-07 1.000E+02
24 1.763E-03 4.094E-01 25 2.989E-05 4.290E+00 26 1.593E-03 8.773E-01 27 1.755E-03 9.606E-01
 53  22
 1 3.364E-05 6.572E+01  3 6.961E-06 7.419E+01  5 3.816E-04 2.722E+01  6 2.095E-04 1.258E+01  7 3.822E-03 1.274E+00
 8 3.591E-03 3.246E+00  9 2.960E-03 2.775E+00 10 8.373E-06 2.630E+01 11 1.946E-04 1.152E+01 12 1.194E-04 5.403E+00
13 1.027E-05 1.963E+01 14 1.023E-02 6.327E+00 15 1.104E-04 1.706E+01 16 6.427E-04 1.687E+00 17 8.312E-05 2.127E+01
18 1.271E-04 3.498E+01 21 1.916E-03 6.853E+00 22 7.311E-03 3.147E+00 24 1.775E-03 4.579E-01 25 2.691E-05 4.642E+00
26 1.591E-03 7.715E-01 27 1.737E-03 8.939E-01
 54  25
 1 1.485E-04 5.213E+01  3 1.551E-05 4.891E+01  5 4.943E-04 2.352E+01  6 2.174E-04 1.400E+01  7 4.441E-03 1.652E+00
 8 3.925E-03 2.359E+00  9 2.774E-03 4.179E+00 10 1.793E-05 4.547E+01 11 2.305E-04 1.042E+01 12 1.283E-04 5.362E+00
13 9.658E-06 1.807E+01 14 9.627E-03 6.824E+00 15 1.278E-04 2.076E+01 16 6.312E-04 1.530E+00 17 1.051E-04 1.503E+01
18 1.010E-04 4.026E+01 19 3.808E-06 1.000E+02 20 1.165E-05 1.000E+02 21 1.673E-03 1.126E+01 22 7.113E-03 3.996E+00
23 6.322E-07 8.233E+01 24 1.787E-03 5.125E-01 25 2.617E-05 6.317E+00 26 1.636E-03 6.937E-01 27 1.784E-03 8.755E-01
 55  23
 1 6.110E-05 5.330E+01  3 1.383E-05 3.031E+01  5 4.677E-04 2.989E+01  6 2.254E-04 1.085E+01  7 7.839E-03 1.106E+00
 8 3.975E-03 2.434E+00  9 3.026E-03 3.842E+00 10 1.723E-05 2.657E+01 11 2.706E-04 7.674E+00 12 1.447E-04 4.591E+00
13 1.279E-05 1.632E+01 14 4.986E-03 7.757E+00 15 1.274E-04 1.674E+01 16 6.102E-04 2.090E+00 17 1.209E-04 1.563E+01
18 6.692E-05 3.105E+01 21 1.403E-03 8.806E+00 22 5.654E-03 3.870E+00 23 3.777E-07 9.945E+01 24 1.782E-03 4.395E-01
25 2.259E-05 5.039E+00 26 1.652E-03 7.380E-01 27 1.806E-03 8.543E-01
 56  24
 1 2.741E-05 5.499E+01  3 1.433E-05 3.398E+01  5 5.051E-04 2.278E+01  6 2.814E-04 9.030E+00  7 8.447E-03 1.227E+00
 8 4.166E-03 2.741E+00  9 2.871E-03 4.044E+00 10 2.580E-05 2.190E+01 11 2.941E-04 8.135E+00 12 1.578E-04 5.155E+00
13 1.463E-05 1.995E+01 14 5.587E-03 9.801E+00 15 1.205E-04 1.950E+01 16 6.123E-04 1.586E+00 17 1.152E-04 2.331E+01
18 8.484E-05 4.593E+01 19 3.793E-07 1.000E+02 21 1.442E-03 6.977E+00 22 4.593E-03 3.661E+00 23 1.970E-09 7.261E+01
24 1.790E-03 5.765E-01 25 2.021E-05 5.938E+00 26 1.642E-03 9.647E-01 27 1.798E-03 1.245E+00
 57  23
 1 9.902E-05 3.717E+01  3 2.831E-06 4.275E+01  5 6.591E-04 2.159E+01  6 3.172E-04 9.762E+00  7 8.932E-03 1.064E+00
 8 4.021E-03 2.742E+00  9 2.832E-03 3.892E+00 10 2.121E-05 2.263E+01 11 3.795E-04 7.460E+00 12 1.797E-04 4.796E+00
13 1.764E-05 2.571E+01 14 4.361E-03 1.410E+01 15 2.072E-04 1.806E+01 16 6.288E-04 1.185E+00 17 1.353E-04 1.851E+01
18 7.610E-05 2.466E+01 21 1.099E-03 8.979E+00 22 4.543E-03 2.725E+00 23 3.421E-07 9.941E+01 24 1.796E-03 4.113E-01
25 1.857E-05 6.126E+00 26 1.669E-03 9.312E-01 27 1.829E-03 1.123E+00
 58  24
 1 8.205E-05 4.049E+01  3 2.010E-05 4.234E+01  5 5.398E-04 1.568E+01  6 3.013E-04 1.013E+01  7 9.021E-03 1.077E+00
 8 4.326E-03 2.032E+00  9 2.687E-03 4.202E+00 10 1.696E-05 2.960E+01 11 3.661E-04 9.136E+00 12 1.869E-04 4.716E+00
13 1.178E-05 1.637E+01 14 4.675E-03 1.484E+01 15 1.584E-04 1.736E+01 16 6.263E-04 1.681E+00 17 1.111E-04 1.537E+01
18 7.843E-05 2.813E+01 19 5.760E-06 1.000E+02 21 1.012E-03 1.003E+01 22 4.093E-03 4.832E+00 23 1.156E-08 1.000E+02
24 1.778E-03 4.719E-01 25 1.652E-05 7.337E+00 26 1.638E-03 9.658E-01 27 1.790E-03 1.246E+00
 59  24
 1 5.486E-05 6.542E+01  2 6.665E-09 1.000E+02  3 1.033E-05 3.162E+01  5 6.653E-04 1.805E+01  6 3.751E-04 1.145E+01
 7 8.984E-03 1.055E+00  8 4.682E-03 3.192E+00  9 2.877E-03 3.263E+00 10 1.678E-05 2.436E+01 11 4.492E-04 5.855E+00
12 2.101E-04 4.018E+00 13 1.698E-05 1.305E+01 14 3.868E-03 8.502E+00 15 2.053E-04 1.669E+01 16 6.268E-04 1.884E+00
17 1.861E-04 1.052E+01 18 7.638E-05 3.237E+01 21 8.577E-04 9.324E+00 22 3.334E-03 5.320E+00 23 1.381E-07 6.177E+01
24 1.778E-03 4.349E-01 25 1.615E-05 6.610E+00 26 1.628E-03 8.049E-01 27 1.765E-03 9.157E-01
 60  24
 1 1.175E-04 3.435E+01  3 6.080E-06 4.836E+01  5 7.701E-04 2.189E+01  6 4.472E-04 8.475E+00  7 9.347E-03 1.129E+00
 8 4.589E-03 3.038E+00  9 2.714E-03 2.711E+00 10 2.208E-05 2.447E+01 11 5.087E-04 4.867E+00 12 2.360E-04 4.439E+00
13 1.828E-05 1.922E+01 14 3.137E-03 1.772E+01 15 2.370E-04 1.596E+01 16 6.283E-04 1.918E+00 17 1.920E-04 1.069E+01
18 4.891E-05 3.474E+01 19 6.111E-06 1.000E+02 21 7.254E-04 9.694E+00 22 2.919E-03 5.209E+00 23 7.844E-08 9.829E+01
24 1.774E-03 4.675E-01 25 1.250E-05 7.310E+00 26 1.626E-03 8.991E-01 27 1.764E-03 9.781E-01
 61  25
 1 6.611E-05 4.744E+01  2 9.445E-10 1.000E+02  3 1.633E-05 4.626E+01  5 8.706E-04 1.366E+01  6 4.356E-04 7.112E+00
 7 9.370E-03 9.303E-01  8 4.744E-03 2.065E+00  9 2.653E-03 3.607E+00 10 2.803E-05 1.497E+01 11 5.493E-04 5.091E+00
12 2.849E-04 3.329E+00 13 2.094E-05 1.616E+01 14 2.853E-03 1.166E+01 15 2.151E-04 1.317E+01 16 6.401E-04 1.285E+00
17 1.980E-04 1.383E+01 18 5.381E-05 3.769E+01 19 5.167E-07 1.000E+02 21 5.508E-04 1.306E+01 22 2.687E-03 5.553E+00
23 1.309E-07 7.794E+01 24 1.769E-03 5.288E-01 25 1.291E-05 8.455E+00 26 1.586E-03 1.082E+00 27 1.701E-03 1.370E+00
 62  24
 1 1.482E-04 2.846E+01  3 5.031E-06 4.025E+01  5 1.033E-03 1.006E+01  6 4.696E-04 9.455E+00  7 9.536E-03 9.316E-01
 8 5.111E-03 1.864E+00  9 2.687E-03 3.845E+00 10 2.377E-05 1.860E+01 11 5.710E-04 6.875E+00 12 3.115E-04 3.104E+00
13 2.699E-05 1.599E+01 14 2.045E-03 1.490E+01 15 2.880E-04 1.312E+01 16 6.169E-04 2.014E+00 17 2.413E-04 1.207E+01
18 1.096E-04 5.023E+01 19 7.999E-08 1.000E+02 21 6.613E-04 1.140E+01 22 2.562E-03 5.372E+00 23 1.776E-07 7.836E+01
24 1.793E-03 3.766E-01 25 1.139E-05 7.612E+00 26 1.620E-03 8.960E-01 27 1.745E-03 1.010E+00
 63  23
 1 2.266E-04 5.201E+01  3 1.520E-05 3.873E+01  5 1.407E-03 1.999E+01  6 5.459E-04 6.826E+00  7 9.659E-03 1.124E+00
 8 4.991E-03 1.845E+00  9 2.462E-03 3.331E+00 10 2.899E-05 2.481E+01 11 6.310E-04 5.174E+00 12 3.191E-04 4.114E+00
13 2.684E-05 1.164E+01 14 2.215E-03 1.546E+01 15 3.243E-04 1.469E+01 16 6.270E-04 1.704E+00 17 3.037E-04 1.391E+01
18 3.142E-05 4.831E+01 21 5.810E-04 1.208E+01 22 2.176E-03 7.055E+00 23 1.835E-07 8.301E+01 24 1.787E-03 4.652E-01
25 9.611E-06 7.047E+00 26 1.575E-03 7.981E-01 27 1.678E-03 1.048E+00
 64  24
 1 1.516E-04 3.730E+01  3 1.796E-05 2.731E+01  5 1.351E-03 1.632E+01  6 6.370E-04 6.779E+00  7 9.434E-03 1.144E+00
 8 5.451E-03 2.173E+00  9 2.414E-03 2.870E+00 10 5.227E-05 2.187E+01 11 7.190E-04 5.806E+00 12 3.808E-04 3.125E+00
13 2.633E-05 1.513E+01 14 2.314E-03 1.303E+01 15 2.924E-04 8.430E+00 16 6.186E-04 1.866E+00 17 3.452E-04 1.089E+01
18 4.064E-05 5.545E+01 19 9.428E-06 1.000E+02 21 5.519E-04 1.347E+01 22 1.902E-03 6.316E+00 23 3.229E-07 7.565E+01
24 1.772E-03 5.165E-01 25 8.806E-06 6.470E+00 26 1.528E-03 7.780E-01 27 1.606E-03 1.069E+00
 65  24
 1 1.688E-04 4.505E+01  3 1.235E-05 3.074E+01  5 1.656E-03 1.793E+01  6 6.521E-04 6.669E+00  7 1.015E-02 7.643E-01
 8 5.764E-03 2.127E+00  9 2.481E-03 2.993E+00 10 4.164E-05 2.431E+01 11 8.676E-04 4.819E+00 12 4.301E-04 3.821E+00
13 2.911E-05 1.157E+01 14 1.756E-03 1.932E+01 15 3.861E-04 9.533E+00 16 6.353E-04 2.101E+00 17 3.188E-04 8.239E+00
18 2.003E-05 4.630E+01 20 1.610E-06 1.000E+02 21 5.495E-04 1.111E+01 22 1.882E-03 6.277E+00 23 5.654E-07 6.484E+01
24 1.775E-03 4.430E-01 25 7.731E-06 9.571E+00 26 1.190E-03 1.397E+00 27 1.101E-03 1.586E+00
 66  25
 1 1.880E-04 2.726E+01  2 5.910E-09 1.000E+02  3 1.248E-05 2.598E+01  5 1.991E-03 1.665E+01  6 8.196E-04 6.330E+00
 7 9.792E-03 1.061E+00  8 6.215E-03 2.189E+00  9 2.346E-03 4.808E+00 10 4.606E-05 1.980E+01 11 1.048E-03 4.381E+00
12 4.817E-04 3.240E+00 13 3.487E-05 7.082E+00 14 2.487E-03 1.495E+01 15 4.040E-04 1.171E+01 16 6.277E-04 1.956E+00
17 4.300E-04 9.811E+00 18 9.024E-06 4.418E+01 19 4.047E-07 7.215E+01 21 4.820E-04 1.536E+01 22 1.578E-03 8.751E+00
23 1.866E-07 5.442E+01 24 1.777E-03 5.360E-01 25 6.978E-06 8.017E+00 26 1.164E-03 1.163E+00 27 1.040E-03 1.379E+00
 67  26
 1 1.416E-04 2.320E+01  2 5.278E-09 1.000E+02  3 2.696E-05 2.345E+01  5 1.644E-03 1.382E+01  6 9.025E-04 5.456E+00
 7 9.624E-03 1.052E+00  8 6.148E-03 1.626E+00  9 2.226E-03 4.363E+00 10 5.496E-05 1.554E+01 11 1.174E-03 4.821E+00
12 5.282E-04 3.848E+00 13 4.588E-05 1.134E+01 14 1.514E-03 1.556E+01 15 5.103E-04 1.022E+01 16 6.455E-04 1.787E+00
17 3.767E-04 8.222E+00 18 2.519E-05 4.968E+01 19 4.825E-06 6.254E+01 20 5.909E-08 1.000E+02 21 3.685E-04 1.306E+01
22 1.370E-03 8.993E+00 23 2.546E-07 4.378E+01 24 1.763E-03 5.049E-01 25 4.832E-06 1.012E+01 26 1.122E-03 1.337E+00
27 9.921E-04 1.848E+00
 68  25
 1 4.127E-04 2.594E+01  2 1.444E-08 1.000E+02  3 3.087E-05 3.716E+01  5 1.796E-03 1.293E+01  6 1.034E-03 6.857E+00
 7 9.302E-03 8.465E-01  8 6.985E-03 1.923E+00  9 2.025E-03 4.283E+00 10 6.981E-05 1.409E+01 11 1.240E-03 5.201E+00
12 6.105E-04 2.948E+00 13 4.229E-05 8.798E+00 14 1.703E-03 1.638E+01 15 4.934E-04 1.301E+01 16 6.288E-04 2.079E+00
17 4.630E-04 9.781E+00 18 9.989E-06 9.672E+01 19 1.842E-06 1.000E+02 21 4.340E-04 1.185E+01 22 1.290E-03 5.229E+00
23 2.486E-07 7.004E+01 24 1.769E-03 4.710E-01 25 6.399E-06 1.073E+01 26 1.112E-03 1.461E+00 27 9.725E-04 1.562E+00
 69  24
 1 4.432E-04 3.128E+01  3 1.851E-05 2.689E+01  5 2.143E-03 1.011E+01  6 1.004E-03 5.165E+00  7 7.969E-03 1.172E+00
 8 1.284E-02 1.468E+00  9 1.245E-03 5.654E+00 10 6.717E-05 1.156E+01 11 1.432E-03 4.077E+00 12 6.833E-04 3.392E+00
13 6.069E-05 8.225E+00 14 1.168E-03 1.754E+01 15 6.137E-04 7.581E+00 16 6.107E-04 1.570E+00 17 5.649E-04 9.253E+00
18 1.408E-05 6.476E+01 19 4.985E-05 6.569E+01 21 4.483E-04 1.730E+01 22 1.230E-03 8.630E+00 23 4.632E-07 4.999E+01
24 1.763E-03 4.526E-01 25 5.045E-06 1.122E+01 26 1.107E-03 1.104E+00 27 9.559E-04 1.294E+00
 70  24
 1 3.309E-04 1.769E+01  3 2.429E-05 2.194E+01  5 2.680E-03 8.893E+00  6 1.355E-03 4.946E+00  7 6.911E-03 1.257E+00
 8 1.231E-02 1.656E+00  9 1.170E-03 3.377E+00 10 8.708E-05 1.573E+01 11 1.603E-03 3.100E+00 12 7.634E-04 2.567E+00
13 5.415E-05 1.057E+01 14 1.198E-03 1.979E+01 15 6.840E-04 8.701E+00 16 6.443E-04 1.659E+00 17 5.887E-04 6.993E+00
18 4.732E-05 4.553E+01 19 2.375E-05 9.942E+01 21 2.850E-04 1.466E+01 22 9.557E-04 6.218E+00 23 8.614E-07 4.661E+01
24 1.777E-03 5.739E-01 25 5.431E-06 9.922E+00 26 1.093E-03 1.285E+00 27 9.345E-04 1.354E+00
 71  24
 1 2.216E-04 2.562E+01  2 4.219E-08 6.887E+01  3 1.970E-05 3.293E+01  5 2.458E-03 1.234E+01  6 1.413E-03 3.731E+00
 7 6.136E-03 1.245E+00  8 9.979E-03 1.730E+00  9 9.731E-04 5.594E+00 10 9.430E-05 1.295E+01 11 1.842E-03 4.287E+00
12 8.499E-04 2.951E+00 13 5.100E-05 8.102E+00 14 9.020E-04 1.490E+01 15 7.292E-04 9.059E+00 16 6.395E-04 1.601E+00
17 5.974E-04 5.753E+00 18 1.076E-05 6.072E+01 21 2.689E-04 2.616E+01 22 9.597E-04 7.331E+00 23 3.148E-07 4.029E+01
24 1.764E-03 4.565E-01 25 4.378E-06 1.099E+01 26 1.089E-03 1.170E+00 27 9.359E-04 1.359E+00
 72  24
 1 3.349E-04 2.473E+01  2 3.795E-08 1.000E+02  3 2.336E-05 2.985E+01  5 3.637E-03 1.112E+01  6 1.586E-03 5.370E+00
 7 5.629E-03 1.326E+00  8 9.778E-03 1.809E+00  9 8.652E-04 4.915E+00 10 7.252E-05 1.230E+01 11 2.061E-03 2.889E+00
12 9.126E-04 2.497E+00 13 5.979E-05 6.701E+00 14 1.282E-03 2.243E+01 15 7.120E-04 8.562E+00 16 6.255E-04 1.147E+00
17 7.160E-04 6.445E+00 18 2.151E-05 4.921E+01 21 1.602E-04 1.743E+01 22 8.270E-04 7.746E+00 23 5.362E-07 5.806E+01
24 1.746E-03 4.836E-01 25 4.509E-06 1.110E+01 26 1.047E-03 1.353E+00 27 8.919E-04 1.966E+00
 73  25
 1 2.821E-04 2.121E+01  2 1.941E-07 1.000E+02  3 2.359E-05 2.219E+01  5 3.908E-03 9.588E+00  6 1.605E-03 4.855E+00
 7 5.672E-03 8.167E-01  8 1.206E-02 2.076E+00  9 7.776E-04 5.214E+00 10 9.113E-05 1.216E+01 11 2.371E-03 3.630E+00
12 1.076E-03 2.384E+00 13 6.570E-05 6.407E+00 14 6.190E-04 2.508E+01 15 9.092E-04 7.193E+00 16 6.239E-04 1.650E+00
17 7.550E-04 7.839E+00 18 7.034E-06 7.003E+01 19 7.019E-07 1.000E+02 21 1.715E-04 1.542E+01 22 7.196E-04 1.114E+01
23 5.760E-07 5.378E+01 24 1.748E-03 5.323E-01 25 3.702E-06 9.330E+00 26 1.059E-03 1.281E+00 27 8.924E-04 1.756E+00
 74  24
 1 5.526E-04 1.988E+01  3 2.115E-05 2.144E+01  5 4.081E-03 9.008E+00  6 1.958E-03 4.026E+00  7 6.008E-03 1.299E+00
 8 1.203E-02 1.784E+00  9 7.463E-04 4.913E+00 10 1.300E-04 6.671E+00 11 2.658E-03 3.162E+00 12 1.224E-03 2.080E+00
13 8.216E-05 7.398E+00 14 1.024E-03 1.947E+01 15 1.054E-03 5.923E+00 16 6.454E-04 1.265E+00 17 8.444E-04 6.740E+00
18 1.393E-05 6.013E+01 19 9.762E-05 7.312E+01 21 2.034E-04 2.896E+01 22 7.671E-04 1.090E+01 23 7.003E-08 4.456E+01
24 1.749E-03 4.632E-01 25 4.031E-06 1.090E+01 26 1.052E-03 1.145E+00 27 8.688E-04 1.647E+00
 75  24
 1 4.198E-04 2.034E+01  3 4.837E-05 2.651E+01  5 5.145E-03 8.674E+00  6 2.713E-03 4.148E+00  7 3.634E-03 1.570E+00
 8 5.065E-03 2.997E+00  9 7.254E-04 4.313E+00 10 1.304E-04 9.788E+00 11 3.766E-03 3.131E+00 12 1.741E-03 1.881E+00
13 8.210E-05 7.313E+00 14 7.848E-04 1.777E+01 15 1.167E-03 6.231E+00 16 6.262E-04 1.337E+00 17 9.472E-04 5.918E+00
18 1.089E-05 8.530E+01 19 5.732E-05 5.276E+01 21 1.757E-04 1.440E+01 22 5.758E-04 1.604E+01 23 5.237E-07 6.257E+01
24 1.767E-03 5.033E-01 25 2.397E-06 1.390E+01 26 1.069E-03 1.103E+00 27 8.760E-04 1.722E+00
 76  25
 1 5.759E-04 2.163E+01  2 3.989E-07 6.994E+01  3 2.600E-05 3.166E+01  5 6.929E-03 9.805E+00  6 3.389E-03 3.387E+00
 7 3.024E-03 1.442E+00  8 4.410E-03 2.385E+00  9 6.907E-04 6.040E+00 10 1.485E-04 7.975E+00 11 5.201E-03 2.792E+00
12 1.955E-03 1.607E+00 13 9.659E-05 8.317E+00 14 4.323E-04 2.510E+01 15 1.325E-03 7.275E+00 16 6.364E-04 1.484E+00
17 1.028E-03 7.133E+00 18 8.307E-06 8.010E+01 19 4.073E-06 5.755E+01 21 1.871E-04 1.461E+01 22 6.661E-04 1.396E+01
23 8.871E-07 4.086E+01 24 1.744E-03 5.818E-01 25 2.569E-06 1.472E+01 26 1.033E-03 1.306E+00 27 8.327E-04 1.842E+00
 77  25
 1 5.030E-04 1.687E+01  3 4.220E-05 1.965E+01  5 1.069E-02 6.459E+00  6 3.927E-03 3.672E+00  7 2.778E-03 1.393E+00
 8 3.953E-03 2.316E+00  9 5.342E-04 9.090E+00 10 1.547E-04 1.414E+01 11 6.764E-03 1.692E+00 12 2.119E-03 1.728E+00
13 1.178E-04 7.524E+00 14 7.505E-04 2.246E+01 15 1.440E-03 5.373E+00 16 6.447E-04 1.709E+00 17 1.208E-03 5.146E+00
18 1.398E-05 7.106E+01 19 2.425E-05 8.412E+01 20 1.973E-06 1.000E+02 21 1.363E-04 1.684E+01 22 5.344E-04 1.096E+01
23 1.386E-06 4.155E+01 24 1.767E-03 4.603E-01 25 3.142E-06 1.453E+01 26 1.048E-03 9.793E-01 27 8.458E-04 1.773E+00
 78  25
 1 6.220E-04 1.734E+01  2 5.506E-07 7.200E+01  3 2.641E-05 1.602E+01  5 1.220E-02 7.549E+00  6 4.443E-03 2.958E+00
 7 2.422E-03 2.097E+00  8 3.638E-03 2.828E+00  9 4.874E-04 6.447E+00 10 1.621E-04 9.300E+00 11 8.276E-03 2.202E+00
12 2.468E-03 1.573E+00 13 1.113E-04 1.105E+01 14 5.589E-04 3.759E+01 15 1.544E-03 9.218E+00 16 6.388E-04 1.143E+00
17 1.272E-03 6.924E+00 18 2.273E-05 9.282E+01 19 4.189E-06 3.999E+01 21 1.533E-04 1.673E+01 22 5.012E-04 1.283E+01
23 1.296E-06 5.578E+01 24 1.763E-03 4.701E-01 25 2.646E-06 1.020E+01 26 1.057E-03 1.326E+00 27 8.522E-04 1.935E+00
 79  25
 1 7.274E-04 1.497E+01  2 3.022E-07 1.000E+02  3 4.741E-05 2.219E+01  5 1.188E-02 5.654E+00  6 4.612E-03 3.072E+00
 7 2.185E-03 2.026E+00  8 2.937E-03 3.713E+00  9 4.447E-04 8.734E+00 10 1.942E-04 9.100E+00 11 9.168E-03 1.335E+00
12 2.648E-03 1.126E+00 13 1.289E-04 7.069E+00 14 5.485E-04 3.530E+01 15 1.799E-03 4.897E+00 16 6.477E-04 1.275E+00
17 1.366E-03 5.092E+00 18 4.399E-05 8.942E+01 19 6.247E-05 6.885E+01 21 1.463E-04 2.122E+01 22 4.774E-04 1.444E+01
23 1.286E-06 3.554E+01 24 1.760E-03 4.786E-01 25 2.236E-06 2.348E+01 26 1.077E-03 1.038E+00 27 8.477E-04 1.396E+00
 80  26
 1 6.224E-04 1.722E+01  2 6.661E-07 1.000E+02  3 5.589E-05 1.439E+01  5 1.239E-02 5.504E+00  6 5.397E-03 2.891E+00
 7 1.954E-03 1.935E+00  8 2.739E-03 3.445E+00  9 4.036E-04 6.160E+00 10 1.854E-04 8.316E+00 11 1.011E-02 1.910E+00
12 2.871E-03 1.270E+00 13 1.349E-04 7.686E+00 14 3.390E-04 3.125E+01 15 1.939E-03 5.979E+00 16 6.443E-04 1.585E+00
17 1.588E-03 3.723E+00 18 3.977E-07 8.645E+01 19 2.548E-05 5.257E+01 20 2.404E-05 9.826E+01 21 8.913E-05 4.255E+01
22 3.434E-04 1.387E+01 23 9.905E-07 3.762E+01 24 1.769E-03 5.486E-01 25 1.968E-06 2.274E+01 26 1.066E-03 1.195E+00
27 8.396E-04 1.628E+00
 81  26
 1 9.175E-04 1.446E+01  2 1.349E-09 1.000E+02  3 6.809E-05 1.798E+01  5 1.230E-02 5.016E+00  6 5.295E-03 1.586E+00
 7 1.764E-03 1.596E+00  8 2.553E-03 2.608E+00  9 3.321E-04 7.161E+00 10 2.636E-04 1.147E+01 11 1.068E-02 1.899E+00
12 3.072E-03 1.662E+00 13 1.563E-04 4.538E+00 14 4.475E-04 3.448E+01 15 2.181E-03 6.980E+00 16 6.390E-04 1.627E+00
17 1.868E-03 4.645E+00 18 2.959E-07 8.064E+01 19 6.841E-05 6.413E+01 20 7.364E-06 9.574E+01 21 5.932E-05 3.961E+01
22 3.646E-04 1.669E+01 23 1.449E-06 2.879E+01 24 1.762E-03 5.679E-01 25 1.640E-06 1.746E+01 26 1.063E-03 1.151E+00
27 8.305E-04 1.570E+00
 82  26
 1 9.386E-04 1.422E+01  2 3.742E-07 9.295E+01  3 5.590E-05 1.645E+01  5 1.284E-02 4.949E+00  6 6.054E-03 2.443E+00
 7 1.482E-03 1.815E+00  8 2.216E-03 3.520E+00  9 3.359E-04 8.827E+00 10 2.052E-04 9.329E+00 11 1.111E-02 1.691E+00
12 3.261E-03 1.790E+00 13 1.712E-04 6.160E+00 14 1.737E-04 4.408E+01 15 2.520E-03 3.498E+00 16 6.212E-04 1.834E+00
17 2.147E-03 5.257E+00 18 2.108E-05 6.804E+01 19 5.643E-05 6.495E+01 20 1.158E-05 6.630E+01 21 5.065E-05 2.607E+01
22 2.829E-04 1.466E+01 23 1.713E-06 2.434E+01 24 1.759E-03 5.075E-01 25 1.449E-06 2.054E+01 26 1.058E-03 1.180E+00
27 8.050E-04 1.378E+00
 83  25
 1 1.172E-03 1.322E+01  2 2.581E-07 8.217E+01  3 5.316E-05 1.797E+01  5 1.297E-02 6.128E+00  6 6.128E-03 2.774E+00
 7 1.400E-03 1.608E+00  8 2.018E-03 2.976E+00  9 3.081E-04 1.060E+01 10 3.010E-04 7.801E+00 11 1.158E-02 1.591E+00
12 3.545E-03 1.348E+00 13 2.181E-04 6.047E+00 14 1.651E-04 3.448E+01 15 2.686E-03 3.844E+00 16 6.317E-04 1.633E+00
17 2.417E-03 4.176E+00 18 1.859E-06 9.116E+01 19 2.921E-05 5.472E+01 21 1.091E-04 2.963E+01 22 2.747E-04 1.326E+01
23 2.795E-06 2.921E+01 24 1.769E-03 4.749E-01 25 1.131E-06 2.322E+01 26 1.091E-03 1.176E+00 27 8.314E-04 1.714E+00
 84  25
 1 1.495E-03 1.188E+01  2 8.598E-09 1.000E+02  3 7.037E-05 1.476E+01  5 1.195E-02 9.872E+00  6 6.613E-03 1.945E+00
 7 1.246E-03 3.111E+00  8 1.792E-03 3.524E+00  9 2.324E-04 1.118E+01 10 2.943E-04 1.048E+01 11 1.236E-02 2.072E+00
12 3.824E-03 1.152E+00 13 2.232E-04 5.210E+00 14 1.975E-04 4.125E+01 15 3.267E-03 4.096E+00 16 6.151E-04 1.170E+00
17 3.087E-03 3.000E+00 18 8.588E-06 9.775E+01 19 5.787E-05 6.845E+01 21 7.485E-05 3.259E+01 22 3.233E-04 1.412E+01
23 1.896E-06 3.166E+01 24 1.771E-03 5.899E-01 25 9.786E-07 1.954E+01 26 1.079E-03 1.117E+00 27 8.086E-04 1.527E+00
 85  23
 1 1.460E-03 1.423E+01  3 8.984E-05 1.207E+01  5 1.090E-02 7.471E+00  6 6.530E-03 2.013E+00  7 1.118E-03 2.698E+00
 8 1.462E-03 4.139E+00  9 1.975E-04 1.068E+01 10 4.073E-04 8.399E+00 11 1.237E-02 1.349E+00 12 4.050E-03 1.108E+00
13 2.483E-04 5.475E+00 14 4.344E-04 4.424E+01 15 3.521E-03 4.682E+00 16 6.400E-04 1.510E+00 17 3.856E-03 2.889E+00
19 1.697E-05 4.286E+01 21 5.319E-05 4.211E+01 22 2.128E-04 2.027E+01 23 1.442E-06 3.608E+01 24 1.763E-03 4.768E-01
25 1.282E-06 2.984E+01 26 1.098E-03 9.511E-01 27 8.103E-04 1.252E+00
 86  26
 1 1.828E-03 1.214E+01  2 5.471E-09 9.061E+01  3 7.255E-05 1.401E+01  5 1.049E-02 5.572E+00  6 6.733E-03 1.714E+00
 7 1.034E-03 2.194E+00  8 1.386E-03 3.061E+00  9 2.083E-04 1.362E+01 10 3.403E-04 5.676E+00 11 1.235E-02 1.796E+00
12 4.300E-03 1.190E+00 13 2.644E-04 4.910E+00 14 2.594E-04 3.348E+01 15 4.031E-03 3.536E+00 16 6.257E-04 1.939E+00
17 4.545E-03 2.689E+00 18 1.250E-05 1.000E+02 19 6.195E-05 5.683E+01 20 3.891E-06 1.000E+02 21 1.093E-04 2.958E+01
22 2.559E-04 2.400E+01 23 2.052E-06 2.259E+01 24 1.769E-03 5.248E-01 25 9.510E-07 2.357E+01 26 1.114E-03 1.054E+00
27 8.203E-04 1.506E+00
 87  25
 1 2.240E-03 1.139E+01  2 1.706E-08 1.000E+02  3 8.044E-05 1.376E+01  5 1.017E-02 6.437E+00  6 7.019E-03 2.640E+00
 7 8.902E-04 3.233E+00  8 1.307E-03 5.268E+00  9 1.959E-04 1.400E+01 10 3.898E-04 8.007E+00 11 1.202E-02 2.168E+00
12 4.475E-03 1.094E+00 13 2.778E-04 3.575E+00 14 4.084E-04 3.321E+01 15 4.331E-03 3.452E+00 16 6.072E-04 1.377E+00
17 5.148E-03 3.092E+00 19 2.734E-05 4.136E+01 20 1.121E-05 8.313E+01 21 4.947E-05 3.718E+01 22 1.902E-04 2.013E+01
23 2.817E-06 2.748E+01 24 1.756E-03 5.319E-01 25 1.014E-06 2.523E+01 26 1.143E-03 1.203E+00 27 8.322E-04 1.621E+00
 88  26
 1 2.440E-03 1.034E+01  2 2.639E-07 9.838E+01  3 9.271E-05 1.223E+01  5 1.099E-02 7.607E+00  6 7.253E-03 2.228E+00
 7 7.866E-04 2.557E+00  8 1.053E-03 3.452E+00  9 1.416E-04 6.153E+00 10 4.724E-04 6.731E+00 11 1.191E-02 1.620E+00
12 4.761E-03 1.015E+00 13 3.363E-04 3.344E+00 14 5.686E-05 5.413E+01 15 5.947E-03 4.023E+00 16 6.202E-04 1.581E+00
17 5.756E-03 4.069E+00 18 1.028E-05 7.010E+01 19 5.081E-05 3.947E+01 20 3.356E-07 7.472E+01 21 6.234E-05 3.747E+01
22 1.844E-04 1.573E+01 23 2.339E-06 3.651E+01 24 1.772E-03 4.423E-01 25 8.539E-07 2.550E+01 26 1.169E-03 9.535E-01
27 8.252E-04 1.424E+00
 89  25
 1 2.964E-03 1.368E+01  2 1.025E-06 1.000E+02  3 9.151E-05 1.810E+01  5 7.852E-03 9.053E+00  6 7.508E-03 2.056E+00
 7 7.251E-04 2.094E+00  8 1.016E-03 4.403E+00  9 1.307E-04 1.438E+01 10 4.636E-04 6.542E+00 11 1.134E-02 1.436E+00
12 5.076E-03 1.028E+00 13 3.601E-04 3.876E+00 14 1.127E-04 3.109E+01 15 6.999E-03 2.342E+00 16 6.247E-04 1.563E+00
17 6.000E-03 2.670E+00 19 4.204E-05 4.703E+01 20 1.082E-07 1.000E+02 21 5.420E-05 3.243E+01 22 1.597E-04 2.253E+01
23 2.129E-06 3.368E+01 24 1.776E-03 5.035E-01 25 5.495E-07 2.512E+01 26 1.192E-03 1.167E+00 27 8.455E-04 1.455E+00
 90  26
 1 3.199E-03 7.935E+00  2 1.899E-07 9.352E+01  3 1.193E-04 1.132E+01  5 9.443E-03 8.303E+00  6 7.121E-03 2.850E+00
 7 6.466E-04 2.700E+00  8 9.537E-04 3.643E+00  9 1.464E-04 1.480E+01 10 5.380E-04 5.748E+00 11 1.074E-02 1.665E+00
12 5.369E-03 9.244E-01 13 3.778E-04 4.251E+00 14 1.018E-04 4.104E+01 15 7.960E-03 3.184E+00 16 6.197E-04 1.705E+00
17 6.384E-03 2.115E+00 18 3.341E-06 7.709E+01 19 5.171E-05 8.547E+01 20 1.239E-06 7.082E+01 21 1.794E-05 3.133E+01
22 1.583E-04 2.599E+01 23 4.327E-06 2.210E+01 24 1.773E-03 5.483E-01 25 9.615E-07 2.360E+01 26 1.236E-03 1.124E+00
27 8.361E-04 1.591E+00
 91  25
 1 3.141E-03 8.440E+00  3 1.307E-04 8.538E+00  5 7.629E-03 8.623E+00  6 6.607E-03 2.457E+00  7 5.840E-04 3.072E+00
 8 8.400E-04 5.941E+00  9 1.124E-04 1.615E+01 10 5.716E-04 7.651E+00 11 9.744E-03 1.438E+00 12 5.248E-03 1.114E+00
13 4.120E-04 4.177E+00 14 1.326E-04 4.279E+01 15 8.658E-03 3.743E+00 16 6.226E-04 1.148E+00 17 6.408E-03 2.414E+00
18 5.654E-06 1.000E+02 19 1.658E-04 4.919E+01 20 1.108E-06 8.382E+01 21 3.179E-05 4.420E+01 22 9.211E-05 1.980E+01
23 2.487E-06 2.945E+01 24 1.809E-03 5.251E-01 25 6.829E-07 2.746E+01 26 1.865E-03 7.960E-01 27 1.189E-03 9.970E-01
 92  25
 1 3.502E-03 8.676E+00  3 1.102E-04 1.251E+01  5 7.352E-03 9.593E+00  6 6.649E-03 2.665E+00  7 5.142E-04 2.909E+00
 8 7.152E-04 8.075E+00  9 1.476E-04 1.799E+01 10 6.537E-04 5.273E+00 11 8.126E-03 1.968E+00 12 5.365E-03 1.484E+00
13 4.933E-04 3.293E+00 14 3.364E-05 5.066E+01 15 9.279E-03 2.699E+00 16 5.998E-04 2.035E+00 17 6.456E-03 2.867E+00
18 1.115E-06 7.889E+01 19 5.776E-05 4.901E+01 20 6.116E-07 1.000E+02 21 5.793E-05 3.495E+01 22 1.208E-04 2.578E+01
23 3.712E-06 3.638E+01 24 1.834E-03 4.648E-01 25 7.875E-07 2.469E+01 26 2.059E-03 7.360E-01 27 1.263E-03 9.288E-01
 93  26
 1 4.718E-03 8.793E+00  2 1.746E-07 5.823E+01  3 1.416E-04 9.752E+00  5 5.347E-03 9.282E+00  6 6.575E-03 2.619E+00
 7 4.615E-04 3.983E+00  8 6.256E-04 5.050E+00  9 8.984E-05 1.508E+01 10 7.700E-04 4.311E+00 11 6.997E-03 1.986E+00
12 5.591E-03 1.036E+00 13 4.874E-04 3.619E+00 14 1.342E-04 5.806E+01 15 1.021E-02 3.193E+00 16 6.303E-04 1.515E+00
17 6.137E-03 3.227E+00 18 1.543E-07 1.000E+02 19 1.294E-04 3.800E+01 20 7.105E-06 6.439E+01 21 2.795E-05 4.417E+01
22 9.359E-05 2.710E+01 23 4.169E-06 1.970E+01 24 1.818E-03 5.284E-01 25 4.740E-07 2.689E+01 26 2.048E-03 9.109E-01
27 1.253E-03 1.061E+00
 94  26
 1 5.147E-03 6.595E+00  2 1.269E-07 8.215E+01  3 1.686E-04 1.255E+01  5 5.036E-03 1.041E+01  6 7.031E-03 2.814E+00
 7 4.041E-04 3.599E+00  8 5.827E-04 6.292E+00  9 1.071E-04 1.603E+01 10 7.936E-04 5.372E+00 11 6.494E-03 2.361E+00
12 6.227E-03 1.190E+00 13 6.083E-04 4.076E+00 14 9.131E-05 6.606E+01 15 1.141E-02 3.272E+00 16 6.055E-04 1.820E+00
17 7.357E-03 2.382E+00 18 1.309E-05 9.622E+01 19 1.942E-04 6.400E+01 20 3.838E-06 1.000E+02 21 1.552E-05 3.358E+01
22 6.044E-05 3.095E+01 23 5.045E-06 1.702E+01 24 1.794E-03 4.879E-01 25 3.914E-07 2.566E+01 26 1.365E-03 9.654E-01
27 7.639E-04 1.197E+00
 95  26
 1 6.034E-03 7.468E+00  2 1.660E-07 6.017E+01  3 1.665E-04 9.953E+00  5 3.903E-03 9.161E+00  6 7.007E-03 2.371E+00
 7 4.011E-04 4.406E+00  8 5.603E-04 6.908E+00  9 9.648E-05 1.607E+01 10 9.663E-04 3.813E+00 11 5.281E-03 1.986E+00
12 6.381E-03 7.032E-01 13 6.707E-04 2.618E+00 14 3.548E-05 5.041E+01 15 1.565E-02 2.198E+00 16 6.196E-04 2.154E+00
17 7.119E-03 2.626E+00 18 1.127E-06 7.963E+01 19 1.100E-04 3.551E+01 20 1.870E-05 6.753E+01 21 8.411E-06 6.139E+01
22 5.952E-05 2.971E+01 23 5.608E-06 2.297E+01 24 1.783E-03 3.662E-01 25 3.812E-07 2.495E+01 26 1.341E-03 8.975E-01
27 7.541E-04 1.289E+00
 96  25
 1 7.900E-03 5.354E+00  2 1.304E-06 6.473E+01  3 1.972E-04 1.239E+01  5 3.236E-03 1.440E+01  6 6.359E-03 2.020E+00
 7 3.419E-04 4.787E+00  8 4.762E-04 6.332E+00  9 8.299E-05 2.516E+01 10 1.094E-03 5.083E+00 11 3.729E-03 2.557E+00
12 6.613E-03 1.217E+00 13 7.312E-04 2.796E+00 14 1.206E-04 6.663E+01 15 1.536E-02 2.927E+00 16 6.227E-04 1.887E+00
17 7.137E-03 2.299E+00 19 1.875E-04 3.336E+01 20 1.534E-06 6.549E+01 21 1.840E-05 5.192E+01 22 1.043E-04 3.316E+01
23 6.066E-06 2.019E+01 24 1.797E-03 4.788E-01 25 2.693E-07 4.544E+01 26 1.522E-03 7.271E-01 27 8.576E-04 9.948E-01
 97  26
 1 1.956E-02 5.136E+00  2 1.098E-06 9.567E+01  3 2.152E-04 8.457E+00  5 2.583E-03 1.013E+01  6 5.893E-03 2.223E+00
 7 2.956E-04 5.452E+00  8 3.758E-04 7.120E+00  9 6.806E-05 1.563E+01 10 1.080E-03 3.980E+00 11 2.785E-03 2.306E+00
12 6.322E-03 1.093E+00 13 7.514E-04 2.874E+00 14 5.519E-05 8.525E+01 15 1.380E-02 2.372E+00 16 5.856E-04 1.405E+00
17 6.679E-03 2.205E+00 18 2.315E-06 8.251E+01 19 2.206E-04 3.108E+01 20 7.521E-06 9.425E+01 21 3.384E-05 5.172E+01
22 5.502E-05 2.296E+01 23 5.713E-06 1.937E+01 24 1.825E-03 4.862E-01 25 2.965E-07 5.576E+01 26 2.116E-03 8.333E-01
27 1.254E-03 1.085E+00
 98  25
 1 2.051E-02 4.292E+00  2 2.280E-07 7.293E+01  3 2.330E-04 9.968E+00  5 2.829E-03 1.107E+01  6 5.521E-03 3.155E+00
 7 2.830E-04 5.282E+00  8 3.679E-04 5.858E+00  9 4.006E-05 1.740E+01 10 1.320E-03 3.199E+00 11 2.258E-03 3.140E+00
12 6.519E-03 1.158E+00 13 8.637E-04 2.660E+00 14 1.624E-05 6.352E+01 15 1.247E-02 2.633E+00 16 6.163E-04 1.802E+00
17 6.669E-03 2.681E+00 19 1.433E-04 3.493E+01 20 1.053E-05 8.417E+01 21 5.548E-05 5.046E+01 22 4.332E-05 5.229E+01
23 6.226E-06 1.608E+01 24 1.819E-03 4.095E-01 25 3.229E-07 4.543E+01 26 2.127E-03 5.322E-01 27 1.259E-03 7.205E-01
 99  26
 1 2.057E-02 4.407E+00  2 2.171E-06 5.431E+01  3 2.171E-04 7.996E+00  5 2.301E-03 1.246E+01  6 5.622E-03 2.181E+00
 7 2.539E-04 6.116E+00  8 3.279E-04 1.152E+01  9 5.031E-05 2.522E+01 10 1.441E-03 3.006E+00 11 1.969E-03 2.900E+00
12 6.800E-03 1.284E+00 13 9.138E-04 2.140E+00 14 5.697E-06 5.673E+01 15 1.098E-02 2.587E+00 16 6.116E-04 1.493E+00
17 6.185E-03 2.318E+00 18 2.161E-06 1.000E+02 19 3.013E-04 3.061E+01 20 2.005E-05 6.856E+01 21 1.793E-05 3.998E+01
22 5.574E-05 3.522E+01 23 8.461E-06 1.633E+01 24 1.796E-03 5.170E-01 25 4.801E-07 4.452E+01 26 1.829E-03 9.356E-01
27 1.040E-03 1.402E+00
100  26
 1 2.092E-02 4.202E+00  2 2.138E-06 5.407E+01  3 2.795E-04 7.770E+00  5 2.063E-03 1.540E+01  6 5.501E-03 3.493E+00
 7 2.340E-04 5.153E+00  8 3.040E-04 7.485E+00  9 5.596E-05 1.868E+01 10 1.697E-03 3.844E+00 11 1.847E-03 2.772E+00
12 7.469E-03 8.455E-01 13 1.157E-03 2.139E+00 14 7.543E-06 7.131E+01 15 9.659E-03 3.153E+00 16 6.327E-04 1.856E+00
17 5.910E-03 1.888E+00 18 4.157E-07 1.000E+02 19 2.174E-04 2.027E+01 20 7.534E-06 5.028E+01 21 1.136E-05 6.528E+01
22 3.183E-05 4.710E+01 23 7.774E-06 1.821E+01 24 1.783E-03 4.725E-01 25 2.784E-07 4.108E+01 26 1.387E-03 7.729E-01
27 7.512E-04 1.002E+00
101  25
 1 1.951E-02 4.031E+00  2 1.229E-06 4.882E+01  3 2.735E-04 7.279E+00  5 1.904E-03 1.268E+01  6 5.460E-03 2.642E+00
 7 2.095E-04 5.350E+00  8 2.673E-04 1.075E+01  9 4.849E-05 2.177E+01 10 1.947E-03 3.965E+00 11 1.478E-03 2.965E+00
12 7.414E-03 1.041E+00 13 1.274E-03 2.028E+00 14 1.922E-06 5.562E+01 15 6.253E-03 4.083E+00 16 6.235E-04 1.727E+00
17 5.454E-03 4.139E+00 19 3.523E-04 1.892E+01 20 6.454E-05 7.196E+01 21 1.147E-05 4.520E+01 22 5.276E-05 3.255E+01
23 1.080E-05 1.273E+01 24 1.785E-03 4.905E-01 25 1.314E-07 4.296E+01 26 1.410E-03 1.156E+00 27 7.491E-04 1.585E+00
102  26
 1 1.601E-02 4.563E+00  2 3.511E-06 5.597E+01  3 3.528E-04 6.920E+00  5 1.407E-03 1.941E+01  6 4.535E-03 2.901E+00
 7 1.845E-04 5.574E+00  8 2.443E-04 8.672E+00  9 4.270E-05 2.072E+01 10 2.082E-03 2.599E+00 11 1.368E-03 2.951E+00
12 7.116E-03 1.083E+00 13 1.345E-03 2.294E+00 14 3.321E-05 6.679E+01 15 5.139E-03 3.338E+00 16 6.068E-04 1.583E+00
17 4.870E-03 3.308E+00 18 3.176E-06 1.000E+02 19 3.059E-04 2.481E+01 20 1.155E-05 7.507E+01 21 9.490E-06 7.620E+01
22 4.438E-05 5.752E+01 23 9.736E-06 1.383E+01 24 1.794E-03 5.546E-01 25 4.313E-07 4.098E+01 26 1.854E-03 6.709E-01
27 1.063E-03 9.194E-01
103  26
 1 1.444E-02 5.386E+00  2 9.433E-07 4.435E+01  3 3.992E-04 8.795E+00  5 8.883E-04 1.383E+01  6 3.992E-03 3.471E+00
 7 1.568E-04 4.856E+00  8 2.112E-04 9.975E+00  9 1.669E-05 3.572E+01 10 2.258E-03 2.784E+00 11 1.115E-03 4.950E+00
12 6.803E-03 9.932E-01 13 1.486E-03 2.597E+00 14 1.666E-05 8.690E+01 15 4.202E-03 3.898E+00 16 6.147E-04 1.827E+00
17 4.133E-03 3.427E+00 18 1.524E-06 1.000E+02 19 2.480E-04 3.296E+01 20 7.523E-06 7.598E+01 21 1.736E-05 6.044E+01
22 3.653E-05 5.653E+01 23 1.003E-05 1.232E+01 24 1.802E-03 4.091E-01 25 2.866E-07 5.075E+01 26 2.178E-03 7.698E-01
27 1.264E-03 9.909E-01
104  26
 1 1.195E-02 6.340E+00  2 6.189E-07 6.098E+01  3 3.988E-04 4.921E+00  4 4.277E-05 1.000E+02  5 1.003E-03 1.467E+01
 6 3.728E-03 2.989E+00  7 1.494E-04 6.946E+00  8 1.729E-04 8.808E+00  9 3.744E-05 2.687E+01 10 2.484E-03 3.312E+00
11 9.644E-04 4.321E+00 12 6.609E-03 1.134E+00 13 1.684E-03 1.668E+00 14 1.025E-04 6.178E+01 15 3.845E-03 3.612E+00
16 6.178E-04 1.507E+00 17 3.750E-03 2.385E+00 19 2.952E-04 2.726E+01 20 3.911E-05 5.485E+01 21 7.645E-06 6.959E+01
22 3.734E-05 3.738E+01 23 1.158E-05 1.457E+01 24 1.795E-03 5.017E-01 25 2.041E-07 3.828E+01 26 2.162E-03 7.813E-01
27 1.237E-03 9.549E-01
105  25
 1 9.327E-03 7.659E+00  2 1.952E-07 4.891E+01  3 4.509E-04 6.612E+00  5 9.807E-04 1.471E+01  6 3.029E-03 3.082E+00
 7 1.193E-04 7.014E+00  8 1.764E-04 1.054E+01  9 3.443E-05 2.766E+01 10 3.142E-03 3.028E+00 11 9.274E-04 5.174E+00
12 7.133E-03 9.720E-01 13 1.995E-03 2.024E+00 14 4.005E-05 5.873E+01 15 3.893E-03 5.098E+00 16 6.290E-04 1.532E+00
17 3.127E-03 3.707E+00 19 4.059E-04 2.630E+01 20 5.494E-05 5.836E+01 21 3.163E-06 7.405E+01 22 1.866E-05 5.374E+01
23 1.345E-05 1.364E+01 24 1.775E-03 5.231E-01 25 1.139E-07 4.954E+01 26 1.610E-03 1.002E+00 27 8.553E-04 1.203E+00
106  25
 1 7.449E-03 5.332E+00  2 2.397E-06 5.456E+01  3 5.194E-04 4.921E+00  5 1.046E-03 1.978E+01  6 2.485E-03 4.647E+00
 7 1.299E-04 8.056E+00  8 1.598E-04 1.310E+01  9 2.813E-05 2.934E+01 10 3.700E-03 1.620E+00 11 8.998E-04 4.901E+00
12 6.949E-03 6.742E-01 13 2.273E-03 1.951E+00 14 1.754E-05 7.526E+01 15 3.369E-03 4.748E+00 16 6.251E-04 1.499E+00
17 2.566E-03 3.490E+00 19 3.173E-04 2.132E+01 20 2.035E-05 3.598E+01 21 6.237E-06 6.530E+01 22 1.273E-05 6.204E+01
23 1.522E-05 1.322E+01 24 1.775E-03 4.330E-01 25 9.803E-08 3.265E+01 26 1.473E-03 1.045E+00 27 7.770E-04 1.522E+00
107  25
 1 4.741E-03 6.114E+00  2 3.548E-06 4.209E+01  3 4.838E-04 5.732E+00  5 8.312E-04 2.405E+01  6 1.848E-03 4.088E+00
 7 1.216E-04 8.453E+00  8 1.352E-04 1.128E+01  9 2.624E-05 2.344E+01 10 4.258E-03 2.213E+00 11 7.870E-04 4.325E+00
12 3.274E-03 1.304E+00 13 2.608E-03 1.324E+00 14 7.174E-05 9.659E+01 15 2.796E-03 3.796E+00 16 6.333E-04 1.897E+00
17 2.064E-03 4.346E+00 19 6.292E-04 1.759E+01 20 3.612E-05 6.049E+01 21 6.029E-06 7.863E+01 22 2.588E-05 3.943E+01
23 1.694E-05 1.106E+01 24 1.778E-03 5.440E-01 25 1.404E-07 4.890E+01 26 1.531E-03 9.189E-01 27 8.014E-04 1.396E+00
108  25
 1 4.160E-03 7.170E+00  2 2.021E-06 5.307E+01  3 5.211E-04 5.639E+00  5 1.018E-03 1.914E+01  6 1.587E-03 4.815E+00
 7 8.932E-05 1.044E+01  8 1.176E-04 1.513E+01  9 8.927E-06 3.747E+01 10 5.403E-03 2.623E+00 11 6.464E-04 5.942E+00
12 2.476E-03 1.508E+00 13 4.326E-03 1.036E+00 14 4.764E-07 1.000E+02 15 2.503E-03 5.280E+00 16 6.083E-04 1.788E+00
17 1.513E-03 6.095E+00 19 4.763E-04 2.112E+01 20 2.239E-05 6.888E+01 21 1.309E-05 4.819E+01 22 5.454E-06 7.768E+01
23 1.582E-05 1.297E+01 24 1.765E-03 3.959E-01 25 4.329E-08 8.868E+01 26 2.261E-03 7.226E-01 27 1.326E-03 7.778E-01
109  26
 1 3.767E-03 1.006E+01  2 1.785E-06 6.650E+01  3 5.912E-04 6.116E+00  5 9.135E-04 1.761E+01  6 1.439E-03 5.680E+00
 7 8.388E-05 1.129E+01  8 1.482E-04 1.430E+01  9 1.623E-05 4.786E+01 10 7.989E-03 1.922E+00 11 5.635E-04 6.976E+00
12 2.164E-03 1.750E+00 13 4.602E-03 7.972E-01 14 8.315E-06 5.566E+01 15 2.283E-03 7.869E+00 16 5.995E-04 1.869E+00
17 1.397E-03 5.188E+00 18 1.030E-07 1.000E+02 19 5.643E-04 2.077E+01 20 3.014E-05 9.230E+01 21 5.660E-06 8.659E+01
22 7.347E-06 5.012E+01 23 1.577E-05 1.145E+01 24 1.765E-03 4.614E-01 25 2.499E-07 3.751E+01 26 2.307E-03 6.238E-01
27 1.330E-03 8.821E-01
110  23
 1 3.189E-03 1.145E+01  2 5.734E-07 6.601E+01  3 7.014E-04 6.265E+00  5 7.343E-04 1.505E+01  6 1.226E-03 5.070E+00
 7 7.038E-05 8.495E+00  8 7.947E-05 1.804E+01  9 1.956E-05 2.969E+01 10 1.064E-02 1.729E+00 11 4.629E-04 7.170E+00
12 2.028E-03 1.483E+00 13 4.946E-03 1.361E+00 15 2.098E-03 6.293E+00 16 6.123E-04 1.577E+00 17 1.328E-03 5.184E+00
19 8.935E-04 2.510E+01 20 3.107E-05 4.756E+01 22 8.037E-06 5.524E+01 23 1.596E-05 1.068E+01 24 1.752E-03 4.141E-01
25 4.382E-08 5.819E+01 26 2.114E-03 8.580E-01 27 1.205E-03 1.136E+00
111  25
 1 3.067E-03 9.345E+00  2 4.117E-06 4.014E+01  3 7.231E-04 4.083E+00  5 6.975E-04 2.104E+01  6 1.284E-03 4.657E+00
 7 7.060E-05 1.089E+01  8 9.617E-05 1.574E+01  9 1.560E-05 3.212E+01 10 1.327E-02 1.732E+00 11 4.583E-04 6.019E+00
12 1.922E-03 1.697E+00 13 5.422E-03 1.120E+00 14 8.660E-06 6.652E+01 15 2.291E-03 4.288E+00 16 6.337E-04 1.891E+00
17 1.206E-03 4.227E+00 19 3.996E-04 2.014E+01 20 7.862E-05 5.162E+01 21 3.031E-06 8.111E+01 22 7.625E-06 5.823E+01
23 1.867E-05 8.907E+00 24 1.738E-03 4.877E-01 25 5.029E-08 5.318E+01 26 1.581E-03 1.082E+00 27 8.306E-04 1.346E+00
112  25
 1 2.122E-03 1.123E+01  2 3.125E-06 6.425E+01  3 7.639E-04 4.504E+00  5 5.952E-04 2.320E+01  6 1.124E-03 4.445E+00
 7 6.735E-05 1.256E+01  8 8.047E-05 1.241E+01  9 2.021E-05 4.840E+01 10 1.418E-02 1.542E+00 11 4.326E-04 7.767E+00
12 1.716E-03 1.863E+00 13 5.556E-03 1.011E+00 14 4.602E-06 9.518E+01 15 1.878E-03 5.164E+00 16 6.322E-04 1.538E+00
17 1.055E-03 4.800E+00 19 8.414E-04 2.107E+01 20 4.858E-05 4.336E+01 21 5.680E-06 9.507E+01 22 2.972E-05 5.622E+01
23 1.697E-05 9.751E+00 24 1.723E-03 4.783E-01 25 2.839E-08 7.383E+01 26 1.546E-03 1.079E+00 27 8.087E-04 1.426E+00
113  24
 1 2.088E-03 8.171E+00  2 1.644E-06 5.096E+01  3 8.003E-04 3.681E+00  5 3.214E-04 2.918E+01  6 1.030E-03 5.671E+00
 7 4.837E-05 1.078E+01  8 9.170E-05 1.728E+01  9 1.518E-05 3.354E+01 10 1.395E-02 1.338E+00 11 4.298E-04 6.992E+00
12 1.552E-03 1.993E+00 13 5.253E-03 9.985E-01 15 1.487E-03 5.921E+00 16 6.258E-04 1.341E+00 17 9.685E-04 4.931E+00
19 8.755E-04 1.781E+01 20 3.046E-05 5.287E+01 21 1.093E-05 7.025E+01 22 7.420E-06 5.317E+01 23 2.037E-05 1.058E+01
24 1.751E-03 5.595E-01 25 1.608E-08 4.818E+01 26 1.854E-03 8.665E-01 27 1.025E-03 1.203E+00
114  25
 1 1.804E-03 1.251E+01  2 2.718E-06 2.098E+01  3 9.312E-04 4.960E+00  5 5.180E-04 1.746E+01  6 9.583E-04 6.786E+00
 7 5.042E-05 1.030E+01  8 6.530E-05 1.393E+01  9 8.408E-06 2.788E+01 10 1.308E-02 1.390E+00 11 3.054E-04 6.139E+00
12 1.336E-03 2.247E+00 13 5.056E-03 9.198E-01 14 1.372E-06 1.000E+02 15 1.462E-03 7.544E+00 16 6.369E-04 1.830E+00
17 8.462E-04 5.330E+00 19 1.042E-03 9.454E+00 20 9.076E-05 7.398E+01 21 5.504E-07 1.000E+02 22 2.438E-05 3.154E+01
23 2.332E-05 7.904E+00 24 1.778E-03 4.754E-01 25 2.062E-07 4.984E+01 26 2.334E-03 7.712E-01 27 1.336E-03 9.690E-01
115  25
 1 1.672E-03 1.152E+01  2 1.782E-06 3.673E+01  3 9.587E-04 4.747E+00  4 2.578E-05 1.000E+02  5 6.876E-04 2.067E+01
 6 8.142E-04 9.144E+00  7 5.437E-05 9.036E+00  8 7.104E-05 1.214E+01  9 2.170E-05 3.305E+01 10 1.295E-02 1.244E+00
11 3.433E-04 5.561E+00 12 1.204E-03 1.980E+00 13 5.031E-03 1.029E+00 14 1.158E-06 6.329E+01 15 1.274E-03 5.645E+00
16 6.305E-04 1.689E+00 17 8.666E-04 7.576E+00 19 1.053E-03 1.320E+01 20 7.865E-05 4.586E+01 22 2.266E-05 6.322E+01
23 2.512E-05 6.162E+00 24 1.759E-03 5.503E-01 25 4.476E-08 6.808E+01 26 2.314E-03 9.217E-01 27 1.325E-03 9.465E-01
116  24
 1 1.575E-03 1.190E+01  2 5.019E-06 4.234E+01  3 1.186E-03 3.143E+00  5 2.246E-04 2.595E+01  6 6.947E-04 7.376E+00
 7 5.432E-05 1.207E+01  8 8.445E-05 1.711E+01  9 1.215E-05 3.242E+01 10 1.371E-02 1.494E+00 11 2.946E-04 7.393E+00
12 1.140E-03 2.322E+00 13 5.310E-03 1.040E+00 14 5.344E-07 1.000E+02 15 1.084E-03 6.269E+00 16 6.352E-04 1.442E+00
17 9.654E-04 4.800E+00 19 1.236E-03 1.558E+01 20 3.700E-05 3.980E+01 22 1.878E-05 4.039E+01 23 2.386E-05 8.613E+00
24 1.752E-03 4.982E-01 25 3.620E-08 9.271E+01 26 1.894E-03 7.682E-01 27 1.032E-03 9.985E-01
117  25
 1 1.414E-03 1.767E+01  2 2.564E-06 3.699E+01  3 2.119E-03 3.175E+00  4 3.793E-05 1.000E+02  5 3.193E-04 3.869E+01
 6 6.708E-04 8.927E+00  7 5.038E-05 1.223E+01  8 6.815E-05 1.495E+01  9 1.454E-05 2.488E+01 10 1.392E-02 1.281E+00
11 2.620E-04 6.872E+00 12 1.065E-03 2.254E+00 13 5.436E-03 9.433E-01 14 1.847E-05 6.114E+01 15 1.019E-03 7.759E+00
16 7.430E-04 1.457E+00 17 7.484E-04 8.037E+00 19 1.685E-03 1.025E+01 20 6.216E-05 6.336E+01 22 1.372E-05 9.585E+01
23 2.805E-05 8.193E+00 24 1.720E-03 5.669E-01 25 1.237E-07 7.380E+01 26 1.569E-03 9.822E-01 27 8.033E-04 1.418E+00
118  24
 1 1.507E-03 1.354E+01  2 1.111E-06 3.679E+01  3 4.380E-03 2.391E+00  5 2.851E-04 3.570E+01  6 6.287E-04 6.192E+00
 7 3.573E-05 1.469E+01  8 4.507E-05 2.148E+01  9 1.397E-05 4.914E+01 10 1.312E-02 1.479E+00 11 2.701E-04 9.615E+00
12 9.642E-04 2.133E+00 13 5.397E-03 1.197E+00 15 9.906E-04 7.007E+00 16 7.397E-04 1.381E+00 17 7.611E-04 7.402E+00
19 1.589E-03 1.282E+01 20 1.157E-04 2.869E+01 21 5.652E-07 1.000E+02 22 1.940E-06 5.534E+01 23 3.000E-05 8.315E+00
24 1.731E-03 6.128E-01 25 5.008E-08 3.618E+01 26 1.615E-03 1.092E+00 27 8.364E-04 1.307E+00
119  26
 1 9.373E-04 1.387E+01  2 1.352E-06 3.190E+01  3 6.161E-03 2.494E+00  4 3.403E-05 9.904E+01  5 3.342E-04 3.136E+01
 6 5.642E-04 9.381E+00  7 3.056E-05 1.184E+01  8 3.734E-05 1.739E+01  9 1.138E-05 4.905E+01 10 1.150E-02 1.808E+00
11 2.280E-04 9.699E+00 12 8.574E-04 1.783E+00 13 4.973E-03 1.632E+00 14 4.796E-05 1.000E+02 15 9.501E-04 1.045E+01
16 7.173E-04 1.507E+00 17 6.894E-04 6.688E+00 19 1.859E-03 1.282E+01 20 1.579E-04 4.384E+01 21 7.754E-06 1.000E+02
22 1.696E-05 7.243E+01 23 2.741E-05 7.914E+00 24 1.741E-03 4.717E-01 25 2.676E-07 5.984E+01 26 2.127E-03 8.038E-01
27 1.190E-03 8.158E-01
120  26
 1 9.797E-04 1.211E+01  2 4.682E-06 3.137E+01  3 7.708E-03 1.784E+00  4 6.316E-06 1.000E+02  5 3.552E-04 4.017E+01
 6 5.208E-04 8.404E+00  7 3.661E-05 1.067E+01  8 4.286E-05 1.979E+01  9 1.211E-05 3.049E+01 10 1.040E-02 1.410E+00
11 1.985E-04 7.811E+00 12 7.787E-04 2.514E+00 13 4.901E-03 1.211E+00 14 1.050E-06 6.972E+01 15 8.263E-04 8.366E+00
16 7.017E-04 1.775E+00 17 5.269E-04 6.314E+00 19 1.764E-03 1.063E+01 20 5.650E-05 5.083E+01 21 1.741E-05 1.000E+02
22 1.363E-06 5.392E+01 23 3.475E-05 7.304E+00 24 1.751E-03 4.252E-01 25 1.899E-07 3.106E+01 26 2.274E-03 8.485E-01
27 1.283E-03 9.825E-01
121  24
 1 8.538E-04 1.583E+01  2 7.822E-06 3.008E+01  3 8.790E-03 1.584E+00  4 7.635E-05 1.000E+02  5 2.185E-04 4.787E+01
 6 4.344E-04 8.729E+00  7 2.927E-05 1.850E+01  8 4.402E-05 2.133E+01  9 2.399E-06 3.763E+01 10 1.032E-02 2.117E+00
11 1.861E-04 8.243E+00 12 7.129E-04 2.919E+00 13 4.962E-03 9.231E-01 15 6.900E-04 8.244E+00 16 7.024E-04 2.001E+00
17 5.208E-04 6.604E+00 19 1.992E-03 1.130E+01 20 9.701E-05 3.833E+01 22 9.868E-07 7.467E+01 23 3.912E-05 8.937E+00
24 1.744E-03 3.912E-01 25 3.343E-08 8.334E+01 26 2.256E-03 6.826E-01 27 1.264E-03 9.765E-01
122  24
 1 9.029E-04 2.192E+01  2 9.161E-06 4.507E+01  3 1.011E-02 1.775E+00  5 2.465E-04 3.075E+01  6 4.078E-04 8.276E+00
 7 3.019E-05 1.813E+01  8 3.754E-05 1.921E+01  9 7.148E-07 8.331E+01 10 1.028E-02 1.369E+00 11 1.596E-04 1.071E+01
12 6.856E-04 3.304E+00 13 5.173E-03 8.823E-01 15 7.088E-04 9.305E+00 16 6.829E-04 1.800E+00 17 4.743E-04 1.034E+01
19 2.577E-03 9.939E+00 20 6.286E-05 5.459E+01 21 6.266E-08 1.000E+02 22 2.998E-06 9.778E+01 23 4.286E-05 6.113E+00
24 1.708E-03 5.583E-01 25 4.712E-08 7.599E+01 26 1.692E-03 1.019E+00 27 8.492E-04 1.245E+00
123  25
 1 6.673E-04 1.924E+01  2 6.336E-06 2.936E+01  3 1.053E-02 1.415E+00  5 6.738E-05 4.715E+01  6 3.557E-04 9.327E+00
 7 2.516E-05 1.704E+01  8 5.562E-05 2.079E+01  9 1.663E-05 3.954E+01 10 9.805E-03 1.633E+00 11 1.783E-04 1.221E+01
12 5.926E-04 2.166E+00 13 4.853E-03 1.283E+00 14 7.970E-06 1.000E+02 15 5.786E-04 9.884E+00 16 6.978E-04 1.909E+00
17 5.066E-04 8.870E+00 19 2.936E-03 1.195E+01 20 1.660E-04 4.294E+01 21 1.036E-06 6.070E+01 22 6.484E-07 1.000E+02
23 4.509E-05 6.278E+00 24 1.701E-03 4.475E-01 25 2.695E-07 6.516E+01 26 1.780E-03 7.484E-01 27 8.507E-04 9.753E-01
124  25
 1 8.237E-04 2.368E+01  2 9.872E-06 2.671E+01  3 1.073E-02 1.845E+00  4 8.184E-05 6.891E+01  5 3.445E-04 3.663E+01
 6 3.344E-04 9.306E+00  7 1.574E-05 1.849E+01  8 3.565E-05 1.892E+01  9 1.635E-06 4.207E+01 10 8.764E-03 1.407E+00
11 1.631E-04 1.113E+01 12 5.448E-04 2.929E+00 13 4.774E-03 1.435E+00 15 5.704E-04 1.096E+01 16 6.831E-04 1.762E+00
17 4.323E-04 1.181E+01 19 2.989E-03 9.662E+00 20 2.283E-04 4.494E+01 21 8.245E-06 7.745E+01 22 3.224E-06 9.336E+01
23 4.585E-05 9.331E+00 24 1.703E-03 4.311E-01 25 8.677E-08 8.696E+01 26 1.917E-03 8.851E-01 27 9.724E-04 1.019E+00
125  25
 1 4.476E-04 2.363E+01  2 8.483E-06 2.410E+01  3 1.064E-02 2.009E+00  4 1.043E-06 1.000E+02  5 9.483E-05 4.953E+01
 6 2.603E-04 6.662E+00  7 2.000E-05 1.926E+01  8 4.564E-05 2.153E+01  9 6.391E-06 4.245E+01 10 7.587E-03 2.150E+00
11 1.446E-04 1.643E+01 12 4.788E-04 3.363E+00 13 4.559E-03 1.346E+00 15 4.211E-04 8.662E+00 16 6.773E-04 1.951E+00
17 3.843E-04 7.969E+00 19 3.685E-03 6.098E+00 20 1.448E-04 2.759E+01 21 6.272E-06 8.405E+01 22 1.046E-05 1.000E+02
23 5.512E-05 4.627E+00 24 1.739E-03 3.484E-01 25 6.988E-08 6.704E+01 26 2.432E-03 6.177E-01 27 1.345E-03 7.121E-01
126  26
 1 4.416E-04 2.109E+01  2 5.153E-06 3.669E+01  3 1.038E-02 1.801E+00  4 1.778E-04 9.372E+01  5 2.710E-04 2.845E+01
 6 3.033E-04 1.142E+01  7 2.195E-05 1.541E+01  8 2.118E-05 2.399E+01  9 6.998E-06 5.579E+01 10 7.173E-03 1.738E+00
11 1.256E-04 1.084E+01 12 4.418E-04 3.772E+00 13 4.394E-03 1.366E+00 14 9.990E-07 1.000E+02 15 4.698E-04 8.378E+00
16 6.691E-04 1.728E+00 17 3.330E-04 1.183E+01 19 4.463E-03 6.878E+00 20 1.716E-04 3.102E+01 21 6.738E-06 1.000E+02
22 1.358E-05 9.973E+01 23 4.469E-05 5.643E+00 24 1.745E-03 4.798E-01 25 7.964E-08 6.376E+01 26 2.472E-03 5.986E-01
27 1.368E-03 7.203E-01
127  26
 1 6.455E-04 2.076E+01  2 4.910E-06 2.276E+01  3 9.809E-03 1.570E+00  4 3.043E-05 1.000E+02  5 9.051E-05 3.297E+01
 6 2.885E-04 1.433E+01  7 2.142E-05 2.010E+01  8 2.536E-05 2.984E+01  9 6.896E-07 7.251E+01 10 6.479E-03 2.489E+00
11 8.969E-05 1.245E+01 12 4.273E-04 4.345E+00 13 4.651E-03 1.591E+00 14 1.462E-05 1.000E+02 15 4.015E-04 1.211E+01
16 6.726E-04 1.850E+00 17 3.029E-04 1.006E+01 19 6.424E-03 6.937E+00 20 8.353E-05 3.766E+01 21 2.566E-06 1.000E+02
22 1.390E-06 9.572E+01 23 6.116E-05 6.009E+00 24 1.737E-03 5.188E-01 25 5.820E-08 6.226E+01 26 2.220E-03 6.974E-01
27 1.189E-03 8.738E-01
128  23
 1 6.551E-04 2.061E+01  2 8.619E-06 3.237E+01  3 9.038E-03 1.625E+00  5 1.248E-04 4.840E+01  6 2.298E-04 1.218E+01
 7 2.176E-05 1.671E+01  8 1.426E-05 2.308E+01  9 4.174E-06 5.753E+01 10 5.900E-03 2.384E+00 11 1.152E-04 1.096E+01
12 3.993E-04 3.241E+00 13 4.710E-03 1.156E+00 15 4.484E-04 9.426E+00 16 6.870E-04 1.637E+00 17 2.811E-04 1.074E+01
19 1.080E-02 6.140E+00 20 2.027E-04 2.658E+01 21 1.539E-06 1.000E+02 23 6.699E-05 7.289E+00 24 1.724E-03 5.800E-01
25 1.220E-08 5.858E+01 26 1.868E-03 1.005E+00 27 9.317E-04 1.195E+00
129  24
 1 4.545E-04 2.270E+01  2 7.847E-06 3.012E+01  3 7.771E-03 2.041E+00  4 4.972E-06 7.014E+01  5 1.802E-05 5.046E+01
 6 2.108E-04 1.233E+01  7 1.634E-05 1.723E+01  8 1.774E-05 2.974E+01  9 4.908E-06 6.180E+01 10 5.539E-03 1.956E+00
11 1.134E-04 1.516E+01 12 3.694E-04 3.883E+00 13 4.703E-03 1.304E+00 15 3.326E-04 1.575E+01 16 6.957E-04 1.317E+00
17 3.132E-04 1.061E+01 19 1.421E-02 5.503E+00 20 2.899E-04 2.513E+01 22 2.665E-06 1.000E+02 23 7.201E-05 7.291E+00
24 1.705E-03 5.026E-01 25 4.616E-09 6.273E+01 26 1.857E-03 7.023E-01 27 9.411E-04 8.157E-01
130  24
 1 2.209E-04 2.957E+01  2 7.035E-06 2.349E+01  3 6.089E-03 1.921E+00  5 2.903E-05 5.099E+01  6 1.591E-04 1.159E+01
 7 2.356E-05 1.663E+01  8 1.394E-05 2.857E+01  9 1.860E-06 4.412E+01 10 4.449E-03 2.235E+00 11 6.849E-05 1.308E+01
12 3.531E-04 4.887E+00 13 4.595E-03 1.465E+00 15 3.103E-04 1.139E+01 16 6.910E-04 1.858E+00 17 2.588E-04 1.272E+01
19 1.591E-02 5.114E+00 20 1.634E-04 3.194E+01 21 7.993E-07 6.101E+01 22 1.372E-06 1.000E+02 23 7.268E-05 4.229E+00
24 1.725E-03 4.086E-01 25 4.042E-09 6.285E+01 26 2.232E-03 7.599E-01 27 1.188E-03 1.041E+00
131  26
 1 3.064E-04 2.626E+01  2 1.362E-05 2.375E+01  3 4.094E-03 1.992E+00  4 5.323E-05 8.566E+01  5 7.896E-05 5.085E+01
 6 2.221E-04 1.552E+01  7 1.325E-05 1.662E+01  8 2.346E-05 4.154E+01  9 6.125E-06 6.995E+01 10 3.041E-03 2.634E+00
11 6.988E-05 1.665E+01 12 3.057E-04 4.035E+00 13 4.557E-03 9.003E-01 15 2.769E-04 1.498E+01 16 7.069E-04 1.571E+00
17 2.626E-04 1.159E+01 18 2.578E-06 1.000E+02 19 1.823E-02 3.285E+00 20 3.396E-04 3.317E+01 21 2.181E-06 1.000E+02
22 1.508E-07 1.000E+02 23 8.051E-05 5.231E+00 24 1.762E-03 4.654E-01 25 2.515E-08 6.672E+01 26 2.568E-03 5.661E-01
27 1.420E-03 8.375E-01
132  25
 1 4.506E-04 2.858E+01  2 9.467E-06 3.440E+01  3 2.067E-03 3.827E+00  4 1.014E-04 6.904E+01  5 4.371E-05 5.370E+01
 6 1.803E-04 1.367E+01  7 7.834E-06 2.340E+01  8 1.224E-05 3.392E+01  9 4.401E-06 6.838E+01 10 2.573E-03 2.678E+00
11 9.073E-05 1.642E+01 12 2.816E-04 3.587E+00 13 4.604E-03 1.164E+00 15 2.433E-04 1.292E+01 16 7.203E-04 1.956E+00
17 2.337E-04 9.505E+00 19 1.807E-02 5.096E+00 20 2.571E-04 2.918E+01 21 1.070E-05 1.000E+02 22 3.432E-07 7.610E+01
23 8.289E-05 5.639E+00 24 1.767E-03 4.133E-01 25 3.898E-08 9.099E+01 26 2.597E-03 6.522E-01 27 1.431E-03 6.635E-01
133  26
 1 4.121E-04 2.792E+01  2 1.238E-05 2.191E+01  3 1.099E-03 4.065E+00  4 2.962E-07 1.000E+02  5 4.515E-05 4.469E+01
 6 1.890E-04 1.325E+01  7 1.636E-05 2.000E+01  8 2.756E-05 3.023E+01  9 2.743E-07 6.979E+01 10 2.379E-03 2.047E+00
11 6.969E-05 1.251E+01 12 2.805E-04 4.412E+00 13 4.889E-03 9.515E-01 14 1.425E-05 1.000E+02 15 2.192E-04 1.449E+01
16 6.239E-04 1.809E+00 17 1.864E-04 1.599E+01 19 2.255E-02 2.868E+00 20 2.021E-04 2.664E+01 21 8.790E-06 1.000E+02
22 1.778E-06 8.230E+01 23 1.011E-04 4.738E+00 24 1.737E-03 4.625E-01 25 1.755E-08 1.000E+02 26 2.044E-03 6.705E-01
27 1.056E-03 9.927E-01
134  24
 1 1.543E-04 3.552E+01  2 1.293E-05 2.119E+01  3 1.114E-03 5.562E+00  4 1.132E-06 1.000E+02  5 1.902E-04 4.855E+01
 6 1.417E-04 1.499E+01  7 1.057E-05 1.820E+01  8 1.207E-05 3.184E+01  9 5.237E-06 9.894E+01 10 2.297E-03 3.093E+00
11 7.569E-05 1.453E+01 12 2.664E-04 4.525E+00 13 4.823E-03 1.251E+00 15 2.094E-04 1.500E+01 16 6.363E-04 1.739E+00
17 2.314E-04 9.903E+00 19 2.226E-02 3.201E+00 20 1.931E-04 2.118E+01 22 3.727E-06 9.735E+01 23 1.103E-04 5.447E+00
24 1.730E-03 4.554E-01 25 6.277E-08 9.506E+01 26 1.898E-03 9.404E-01 27 9.441E-04 1.070E+00
135  23
 1 2.765E-04 4.954E+01  2 1.528E-05 2.107E+01  3 9.739E-04 4.342E+00  5 3.633E-05 6.559E+01  6 1.544E-04 1.010E+01
 7 9.312E-06 2.047E+01  8 1.228E-05 3.794E+01  9 2.937E-06 6.043E+01 10 2.007E-03 2.367E+00 11 7.692E-05 1.411E+01
12 2.177E-04 3.732E+00 13 4.637E-03 1.116E+00 15 2.747E-04 1.490E+01 16 6.349E-04 1.367E+00 17 2.552E-04 1.078E+01
19 2.459E-02 3.685E+00 20 5.425E-04 2.087E+01 22 4.419E-07 1.000E+02 23 1.238E-04 4.420E+00 24 1.737E-03 3.710E-01
25 7.621E-09 8.282E+01 26 1.933E-03 6.807E-01 27 9.634E-04 8.926E-01
136  25
 1 3.072E-04 2.740E+01  2 1.807E-05 1.874E+01  3 8.228E-04 5.242E+00  4 1.051E-06 1.000E+02  5 9.774E-05 4.541E+01
 6 1.398E-04 1.422E+01  7 1.190E-05 3.040E+01  8 1.485E-05 3.212E+01  9 4.597E-06 8.376E+01 10 1.627E-03 3.123E+00
11 5.289E-05 1.371E+01 12 2.106E-04 5.238E+00 13 4.212E-03 1.050E+00 15 2.149E-04 1.389E+01 16 6.275E-04 1.997E+00
17 2.277E-04 1.151E+01 19 2.162E-02 4.570E+00 20 4.138E-04 1.530E+01 21 3.875E-07 1.000E+02 22 6.110E-07 8.504E+01
23 1.285E-04 4.739E+00 24 1.765E-03 5.236E-01 25 2.142E-08 7.096E+01 26 2.611E-03 6.891E-01 27 1.431E-03 7.821E-01
137  24
 1 1.911E-04 2.586E+01  2 1.770E-05 2.445E+01  3 8.299E-04 3.900E+00  4 9.985E-05 7.037E+01  5 1.002E-05 6.534E+01
 6 1.044E-04 1.511E+01  7 9.702E-06 3.151E+01  8 1.687E-05 3.558E+01  9 5.827E-07 9.596E+01 10 1.450E-03 2.731E+00
11 5.142E-05 1.826E+01 12 2.062E-04 3.290E+00 13 4.004E-03 1.230E+00 15 2.049E-04 2.027E+01 16 6.273E-04 1.788E+00
17 1.454E-04 1.383E+01 19 1.951E-02 4.805E+00 20 3.374E-04 2.374E+01 22 2.848E-07 1.000E+02 23 1.374E-04 4.470E+00
24 1.751E-03 3.727E-01 25 4.753E-08 8.285E+01 26 2.596E-03 6.734E-01 27 1.423E-03 7.908E-01
138  25
 1 1.583E-04 3.368E+01  2 2.341E-05 2.362E+01  3 6.223E-04 5.321E+00  4 2.198E-05 1.000E+02  5 2.336E-05 6.134E+01
 6 1.291E-04 1.611E+01  7 7.586E-06 4.128E+01  8 1.081E-05 3.397E+01  9 1.220E-06 4.026E+01 10 1.384E-03 2.882E+00
11 4.892E-05 1.634E+01 12 2.036E-04 5.220E+00 13 3.858E-03 1.106E+00 15 2.031E-04 1.332E+01 16 6.069E-04 1.357E+00
17 1.407E-04 1.684E+01 19 1.781E-02 4.183E+00 20 5.764E-04 1.457E+01 21 2.401E-06 1.000E+02 22 3.276E-06 1.000E+02
23 1.522E-04 4.880E+00 24 1.740E-03 5.576E-01 25 1.697E-08 1.000E+02 26 2.456E-03 7.390E-01 27 1.327E-03 8.948E-01
139  24
 1 2.136E-04 3.008E+01  2 1.683E-05 1.794E+01  3 5.825E-04 5.822E+00  4 5.632E-07 1.000E+02  5 9.622E-05 5.677E+01
 6 1.134E-04 1.849E+01  7 1.038E-05 3.265E+01  8 3.398E-06 4.407E+01  9 2.054E-07 6.880E+01 10 1.336E-03 3.141E+00
11 4.238E-05 1.809E+01 12 1.688E-04 5.968E+00 13 4.011E-03 1.381E+00 15 1.587E-04 1.670E+01 16 6.339E-04 1.627E+00
17 1.031E-04 1.348E+01 19 1.665E-02 3.917E+00 20 5.684E-04 2.219E+01 21 1.030E-06 1.000E+02 22 8.018E-07 9.068E+01
23 1.729E-04 4.690E+00 24 1.717E-03 4.676E-01 26 1.916E-03 8.310E-01 27 9.423E-04 1.053E+00
140  24
 1 1.653E-04 2.293E+01  2 2.427E-05 1.983E+01  3 5.924E-04 6.119E+00  4 8.959E-06 1.000E+02  5 4.857E-05 5.250E+01
 6 8.167E-05 1.697E+01  7 8.083E-06 3.198E+01  8 2.115E-05 3.647E+01  9 2.788E-07 1.000E+02 10 1.158E-03 4.127E+00
11 4.536E-05 2.105E+01 12 1.419E-04 4.840E+00 13 3.878E-03 1.805E+00 15 1.159E-04 2.831E+01 16 6.438E-04 1.514E+00
17 1.694E-04 1.165E+01 19 1.362E-02 4.518E+00 20 6.585E-04 2.188E+01 22 9.011E-06 6.461E+01 23 1.973E-04 3.399E+00
24 1.743E-03 5.784E-01 25 8.388E-08 9.928E+01 26 1.929E-03 6.283E-01 27 9.506E-04 1.181E+00
141  22
 1 1.813E-04 4.643E+01  2 2.525E-05 1.769E+01  3 4.854E-04 5.877E+00  5 1.102E-04 4.448E+01  6 7.071E-05 1.654E+01
 7 6.041E-06 2.670E+01  8 8.107E-06 3.041E+01  9 5.632E-07 4.486E+01 10 1.096E-03 4.330E+00 11 3.502E-05 2.891E+01
12 1.649E-04 7.516E+00 13 3.634E-03 1.211E+00 15 9.930E-05 1.853E+01 16 6.506E-04 1.396E+00 17 9.822E-05 1.434E+01
19 1.140E-02 5.345E+00 20 4.979E-04 1.481E+01 23 2.045E-04 3.486E+00 24 1.742E-03 4.690E-01 25 2.632E-08 7.441E+01
26 2.205E-03 7.595E-01 27 1.140E-03 1.073E+00
142  25
 1 1.813E-04 2.597E+01  2 3.313E-05 1.403E+01  3 4.705E-04 7.279E+00  4 2.812E-06 1.000E+02  5 7.691E-05 9.111E+01
 6 7.941E-05 2.093E+01  7 6.385E-06 2.571E+01  8 2.364E-06 5.870E+01  9 1.880E-06 7.761E+01 10 9.696E-04 4.893E+00
11 2.892E-05 1.928E+01 12 1.327E-04 6.188E+00 13 3.157E-03 1.363E+00 15 1.516E-04 1.821E+01 16 6.414E-04 1.821E+00
17 1.072E-04 1.672E+01 19 6.139E-03 5.711E+00 20 6.942E-04 1.861E+01 21 8.195E-08 1.000E+02 22 6.277E-07 1.000E+02
23 2.390E-04 2.500E+00 24 1.740E-03 4.660E-01 25 1.573E-08 8.099E+01 26 2.605E-03 6.657E-01 27 1.408E-03 8.958E-01
143  23
 1 2.073E-04 3.450E+01  2 2.982E-05 1.711E+01  3 4.613E-04 7.056E+00  4 3.734E-05 7.885E+01  5 3.964E-05 6.935E+01
 6 7.357E-05 1.352E+01  7 4.763E-06 2.724E+01  8 1.235E-05 4.759E+01  9 3.114E-08 1.000E+02 10 7.946E-04 4.115E+00
11 5.656E-05 1.816E+01 12 1.189E-04 6.250E+00 13 3.023E-03 1.710E+00 15 1.058E-04 2.383E+01 16 6.459E-04 1.489E+00
17 1.096E-04 1.735E+01 19 4.408E-03 6.845E+00 20 8.223E-04 2.195E+01 23 2.463E-04 3.913E+00 24 1.743E-03 5.560E-01
25 1.791E-08 1.000E+02 26 2.615E-03 6.085E-01 27 1.421E-03 7.603E-01
144  22
 1 1.023E-04 3.850E+01  2 2.917E-05 1.467E+01  3 4.536E-04 5.824E+00  4 1.080E-04 6.684E+01  5 2.141E-07 1.000E+02
 6 7.273E-05 3.210E+01  7 3.769E-06 3.287E+01  8 3.992E-06 5.270E+01  9 5.385E-06 6.659E+01 10 7.417E-04 5.585E+00
11 3.676E-05 2.630E+01 12 1.097E-04 5.790E+00 13 2.860E-03 1.788E+00 15 1.383E-04 2.364E+01 16 6.418E-04 1.659E+00
17 1.034E-04 1.338E+01 19 3.582E-03 9.367E+00 20 1.066E-03 1.473E+01 23 2.863E-04 3.010E+00 24 1.722E-03 5.070E-01
26 2.200E-03 8.420E-01 27 1.125E-03 7.536E-01
145  23
 1 1.460E-04 3.226E+01  2 3.125E-05 1.697E+01  3 3.397E-04 6.466E+00  4 2.736E-04 1.000E+02  5 8.185E-05 7.081E+01
 6 6.937E-05 1.739E+01  7 4.445E-06 3.501E+01  8 9.894E-06 3.838E+01  9 1.462E-06 9.816E+01 10 6.403E-04 5.720E+00
11 3.094E-05 2.568E+01 12 1.205E-04 4.488E+00 13 2.888E-03 1.158E+00 15 9.189E-05 3.382E+01 16 6.494E-04 1.864E+00
17 8.676E-05 1.094E+01 19 3.902E-03 1.059E+01 20 7.387E-04 1.579E+01 23 3.056E-04 2.281E+00 24 1.700E-03 5.018E-01
25 2.229E-09 1.000E+02 26 1.901E-03 9.130E-01 27 9.235E-04 1.384E+00
146  23
 1 9.739E-05 2.733E+01  2 4.794E-05 1.186E+01  3 3.158E-04 7.831E+00  5 4.447E-05 5.987E+01  6 6.518E-05 1.498E+01
 7 2.700E-06 2.571E+01  8 8.538E-06 3.421E+01 10 6.021E-04 4.610E+00 11 2.109E-05 3.177E+01 12 1.060E-04 7.210E+00
13 2.650E-03 1.549E+00 14 1.868E-06 1.000E+02 15 1.126E-04 2.501E+01 16 6.576E-04 1.224E+00 17 8.976E-05 1.840E+01
19 2.743E-03 6.453E+00 20 1.276E-03 1.409E+01 22 3.708E-07 1.000E+02 23 3.554E-04 3.777E+00 24 1.697E-03 4.449E-01
25 1.676E-08 9.461E+01 26 1.927E-03 8.413E-01 27 9.344E-04 1.147E+00
147  21
 1 1.396E-04 4.779E+01  2 5.035E-05 1.366E+01  3 3.273E-04 8.874E+00  5 1.276E-04 8.284E+01  6 7.192E-05 2.349E+01
 7 1.561E-06 3.684E+01  8 7.548E-06 4.559E+01  9 4.114E-07 6.770E+01 10 5.162E-04 5.451E+00 11 2.145E-05 2.945E+01
12 8.974E-05 9.262E+00 13 2.334E-03 1.923E+00 15 8.915E-05 1.737E+01 16 6.332E-04 1.755E+00 17 6.334E-05 2.122E+01
19 2.433E-03 8.906E+00 20 1.028E-03 1.284E+01 23 3.841E-04 2.597E+00 24 1.721E-03 5.021E-01 26 2.478E-03 6.195E-01
27 1.310E-03 7.055E-01
148  22
 1 1.478E-04 5.228E+01  2 5.728E-05 1.174E+01  3 3.088E-04 7.980E+00  4 1.639E-05 7.438E+01  5 5.990E-05 6.274E+01
 6 4.035E-05 2.478E+01  7 5.124E-06 3.466E+01  8 6.274E-06 5.057E+01 10 4.864E-04 6.185E+00 11 1.574E-05 2.674E+01
12 7.901E-05 6.798E+00 13 2.101E-03 1.571E+00 15 9.204E-05 2.379E+01 16 6.395E-04 1.508E+00 17 8.083E-05 2.070E+01
19 1.832E-03 1.302E+01 20 1.512E-03 1.280E+01 21 4.698E-08 1.000E+02 23 4.341E-04 2.410E+00 24 1.708E-03 4.417E-01
26 2.617E-03 7.068E-01 27 1.402E-03 8.880E-01
149  23
 1 1.348E-04 4.938E+01  2 4.697E-05 1.075E+01  3 2.455E-04 6.426E+00  4 3.140E-06 8.434E+01  5 6.993E-06 9.711E+01
 6 6.502E-05 3.273E+01  7 4.543E-06 4.489E+01  8 5.163E-06 8.547E+01  9 2.078E-07 1.000E+02 10 4.359E-04 5.073E+00
11 2.557E-05 2.724E+01 12 6.748E-05 5.411E+00 13 1.882E-03 1.740E+00 15 6.793E-05 2.337E+01 16 6.436E-04 1.542E+00
17 6.885E-05 1.994E+01 19 1.798E-03 1.496E+01 20 1.765E-03 7.077E+00 23 4.786E-04 2.690E+00 24 1.682E-03 4.982E-01
25 1.209E-10 1.000E+02 26 2.587E-03 7.072E-01 27 1.378E-03 6.956E-01
150  23
 1 8.841E-05 3.437E+01  2 6.921E-05 8.411E+00  3 2.441E-04 7.099E+00  4 2.447E-05 6.182E+01  5 1.767E-05 7.242E+01
 6 4.587E-05 2.785E+01  7 1.283E-06 4.012E+01  8 2.837E-06 6.406E+01  9 5.079E-06 9.765E+01 10 4.620E-04 5.987E+00
11 1.652E-05 2.882E+01 12 7.772E-05 6.868E+00 13 1.863E-03 1.517E+00 15 7.808E-05 2.358E+01 16 6.590E-04 1.869E+00
17 5.058E-05 2.712E+01 19 1.829E-03 8.213E+00 20 1.415E-03 1.259E+01 23 5.523E-04 2.303E+00 24 1.662E-03 3.781E-01
25 8.110E-09 1.000E+02 26 1.911E-03 7.426E-01 27 9.078E-04 8.588E-01
151  23
 1 6.511E-05 4.110E+01  2 7.842E-05 1.021E+01  3 2.494E-04 5.785E+00  4 9.483E-06 7.989E+01  5 9.869E-06 8.243E+01
 6 6.686E-05 2.272E+01  7 3.907E-06 6.285E+01  8 2.237E-06 4.209E+01  9 1.044E-07 1.000E+02 10 3.732E-04 6.508E+00
11 2.384E-05 2.828E+01 12 6.693E-05 8.946E+00 13 1.706E-03 2.053E+00 15 4.781E-05 2.531E+01 16 6.702E-04 1.524E+00
17 4.447E-05 2.115E+01 19 1.622E-03 8.459E+00 20 2.128E-03 1.112E+01 23 6.376E-04 2.145E+00 24 1.635E-03 5.675E-01
25 4.295E-08 1.000E+02 26 1.870E-03 7.945E-01 27 8.778E-04 1.094E+00
152  23
 1 1.474E-04 4.822E+01  2 8.848E-05 1.029E+01  3 2.324E-04 9.858E+00  4 4.232E-05 9.051E+01  5 5.484E-05 5.693E+01
 6 2.715E-05 2.389E+01  7 4.168E-06 4.322E+01  8 4.803E-06 4.464E+01 10 4.131E-04 7.487E+00 11 1.294E-05 3.132E+01
12 6.830E-05 8.925E+00 13 1.521E-03 2.022E+00 15 6.747E-05 2.095E+01 16 6.629E-04 1.597E+00 17 2.817E-05 2.415E+01
19 1.159E-03 1.644E+01 20 2.312E-03 9.692E+00 22 3.595E-07 1.000E+02 23 7.080E-04 1.429E+00 24 1.609E-03 3.476E-01
25 2.030E-08 9.203E+01 26 2.006E-03 5.886E-01 27 9.611E-04 8.586E-01
153  25
 1 4.432E-05 6.465E+01  2 7.514E-05 1.021E+01  3 1.980E-04 1.255E+01  4 1.978E-04 5.938E+01  5 3.907E-06 8.379E+01
 6 2.315E-05 2.741E+01  7 1.132E-06 4.029E+01  8 3.344E-07 4.838E+01  9 2.713E-07 1.000E+02 10 3.065E-04 9.727E+00
11 9.722E-06 3.085E+01 12 5.502E-05 8.988E+00 13 1.238E-03 2.069E+00 15 3.954E-05 2.709E+01 16 6.742E-04 1.686E+00
17 2.371E-05 3.730E+01 19 9.420E-04 1.153E+01 20 1.672E-03 1.397E+01 21 3.262E-06 1.000E+02 22 8.029E-06 1.000E+02
23 7.177E-04 2.296E+00 24 1.615E-03 4.907E-01 25 2.790E-09 9.130E+01 26 2.539E-03 7.473E-01 27 1.329E-03 8.909E-01
154  23
 1 5.778E-07 6.587E+01  2 1.080E-04 7.695E+00  3 1.891E-04 1.254E+01  4 8.259E-05 6.104E+01  5 4.651E-06 8.139E+01
 6 1.585E-05 4.047E+01  7 4.262E-06 2.681E+01  8 3.896E-06 4.431E+01  9 8.304E-07 7.811E+01 10 2.395E-04 8.756E+00
11 1.257E-05 2.745E+01 12 4.946E-05 1.038E+01 13 1.099E-03 2.193E+00 15 4.263E-05 2.568E+01 16 6.590E-04 1.564E+00
17 6.915E-05 2.828E+01 19 1.209E-03 1.395E+01 20 2.695E-03 7.606E+00 22 3.078E-06 7.053E+01 23 8.344E-04 1.744E+00
24 1.601E-03 4.827E-01 26 2.577E-03 5.379E-01 27 1.350E-03 6.749E-01
155  22
 1 1.342E-05 7.995E+01  2 1.131E-04 8.173E+00  3 1.951E-04 1.058E+01  4 1.567E-04 7.876E+01  5 2.089E-05 1.000E+02
 6 3.035E-05 4.885E+01  7 9.625E-07 3.705E+01  8 8.300E-06 8.851E+01 10 2.211E-04 7.352E+00 11 1.167E-05 4.608E+01
12 3.419E-05 7.955E+00 13 1.000E-03 1.909E+00 15 3.052E-05 2.718E+01 16 7.008E-04 1.461E+00 17 3.880E-05 2.486E+01
19 8.057E-04 1.667E+01 20 3.128E-03 9.580E+00 23 1.017E-03 1.676E+00 24 1.544E-03 4.543E-01 25 4.807E-10 1.000E+02
26 2.228E-03 8.827E-01 27 1.113E-03 1.123E+00
156  22
 1 1.076E-05 7.994E+01  2 1.254E-04 7.122E+00  3 1.272E-04 1.155E+01  4 1.518E-05 9.734E+01  5 1.415E-05 7.892E+01
 6 2.601E-05 3.397E+01  7 1.734E-06 4.706E+01  8 8.155E-07 9.134E+01  9 7.849E-08 6.888E+01 10 2.529E-04 8.468E+00
11 1.076E-05 3.314E+01 12 4.369E-05 1.105E+01 13 8.672E-04 2.572E+00 15 2.562E-05 3.909E+01 16 7.135E-04 1.222E+00
17 2.324E-05 3.192E+01 19 8.437E-04 1.647E+01 20 3.765E-03 8.644E+00 23 1.163E-03 1.545E+00 24 1.507E-03 4.993E-01
26 2.122E-03 9.429E-01 27 9.341E-04 1.467E+00
157  23
 1 4.395E-05 7.173E+01  2 1.400E-04 6.544E+00  3 1.397E-04 1.277E+01  4 2.657E-04 3.855E+01  5 6.216E-06 7.435E+01
 6 1.990E-05 2.935E+01  7 1.027E-06 3.232E+01  8 4.212E-06 6.605E+01  9 1.065E-07 1.000E+02 10 1.725E-04 9.448E+00
11 1.591E-05 3.136E+01 12 4.964E-05 8.929E+00 13 7.771E-04 2.100E+00 15 3.215E-05 3.612E+01 16 7.322E-04 1.717E+00
17 4.280E-05 3.008E+01 19 4.946E-04 1.580E+01 20 4.273E-03 6.676E+00 22 1.966E-05 9.740E+01 23 1.289E-03 1.292E+00
24 1.451E-03 4.708E-01 26 2.174E-03 6.672E-01 27 9.176E-04 9.503E-01
158  23
 1 1.157E-04 4.377E+01  2 1.846E-04 9.578E+00  3 1.140E-04 1.304E+01  4 2.154E-04 6.394E+01  5 1.117E-05 1.000E+02
 6 3.214E-05 3.538E+01  7 7.869E-07 5.350E+01  8 4.878E-06 5.498E+01 10 1.454E-04 7.603E+00 11 7.420E-06 3.589E+01
12 3.250E-05 9.901E+00 13 7.179E-04 2.940E+00 15 3.114E-05 3.819E+01 16 7.723E-04 1.648E+00 17 2.479E-05 3.066E+01
19 6.405E-04 1.864E+01 20 4.541E-03 6.724E+00 21 1.264E-07 1.000E+02 22 7.250E-06 1.000E+02 23 1.526E-03 1.425E+00
24 1.379E-03 4.473E-01 26 1.974E-03 8.691E-01 27 8.522E-04 1.110E+00
159  20
 1 2.480E-06 6.887E+01  2 1.957E-04 5.509E+00  3 1.250E-04 1.409E+01  4 1.986E-04 7.271E+01  6 2.951E-05 4.971E+01
 7 3.084E-07 6.458E+01  8 3.178E-07 7.639E+01 10 1.901E-04 1.222E+01 11 1.010E-05 2.894E+01 12 3.483E-05 1.008E+01
13 6.696E-04 3.050E+00 15 2.884E-05 4.744E+01 16 8.346E-04 1.534E+00 17 3.245E-05 2.799E+01 19 6.717E-04 2.032E+01
20 7.036E-03 8.082E+00 23 1.851E-03 1.380E+00 24 1.259E-03 4.904E-01 26 1.252E-03 1.115E+00 27 6.212E-04 1.427E+00
160  20
 1 5.395E-05 8.764E+01  2 2.291E-04 5.122E+00  3 9.802E-05 1.292E+01  4 1.457E-04 3.956E+01  6 1.406E-05 3.341E+01
 7 2.325E-06 3.902E+01  8 2.218E-06 7.383E+01 10 1.448E-04 1.132E+01 11 1.628E-05 2.945E+01 12 3.470E-05 9.644E+00
13 5.815E-04 3.297E+00 15 3.592E-05 3.664E+01 16 2.813E-03 1.044E+00 17 2.623E-05 3.221E+01 19 3.534E-04 2.306E+01
20 7.493E-03 6.048E+00 23 2.287E-03 1.266E+00 24 1.150E-03 5.518E-01 26 1.200E-03 1.015E+00 27 5.921E-04 1.668E+00
161  21
 1 1.165E-05 7.283E+01  2 2.033E-04 4.448E+00  3 8.614E-05 1.187E+01  4 1.255E-04 4.353E+01  5 8.356E-07 1.000E+02
 6 1.771E-05 2.583E+01  7 1.869E-07 6.679E+01  8 1.325E-06 9.565E+01 10 1.608E-04 6.955E+00 11 1.359E-05 5.523E+01
12 3.348E-05 9.685E+00 13 6.263E-04 2.420E+00 15 1.550E-05 3.369E+01 16 7.305E-04 1.315E+00 17 1.769E-05 3.022E+01
19 4.428E-04 1.710E+01 20 2.936E-02 2.132E+00 23 7.462E-03 4.084E-01 24 5.966E-04 5.784E-01 26 1.352E-03 8.012E-01
27 5.833E-04 9.918E-01
162  22
 1 1.793E-05 4.584E+01  2 2.332E-04 4.452E+00  3 7.818E-05 8.180E+00  4 7.876E-05 5.629E+01  5 5.878E-06 7.012E+01
 6 1.689E-05 3.658E+01  7 8.223E-07 5.044E+01  8 5.116E-07 6.160E+01 10 1.467E-04 9.232E+00 11 9.895E-06 2.711E+01
12 3.227E-05 8.550E+00 13 5.617E-04 1.951E+00 15 2.301E-05 3.269E+01 16 7.396E-04 1.237E+00 17 1.926E-05 2.794E+01
19 5.939E-04 1.394E+01 20 4.545E-02 1.536E+00 23 8.089E-03 3.363E-01 24 5.020E-04 4.934E-01 25 8.554E-11 1.000E+02
26 1.405E-03 6.694E-01 27 5.774E-04 7.882E-01
163  22
 1 1.182E-05 8.816E+01  2 2.766E-04 4.321E+00  3 6.083E-05 1.272E+01  4 2.004E-04 4.413E+01  5 8.982E-06 9.829E+01
 6 1.223E-05 3.268E+01  7 6.160E-07 4.354E+01  8 2.671E-06 4.454E+01 10 1.274E-04 1.473E+01 11 6.048E-06 4.664E+01
12 2.565E-05 1.172E+01 13 4.966E-04 3.571E+00 15 3.007E-05 2.907E+01 16 7.296E-04 1.209E+00 17 1.325E-05 4.009E+01
19 5.135E-04 1.307E+01 20 5.349E-02 1.990E+00 23 8.433E-03 3.474E-01 24 4.305E-04 7.702E-01 25 1.846E-09 1.000E+02
26 1.401E-03 7.252E-01 27 5.558E-04 7.524E-01
164  20
 1 9.768E-07 7.908E+01  2 3.153E-04 3.536E+00  3 7.105E-05 1.231E+01  4 1.125E-04 5.995E+01  6 2.211E-05 3.922E+01
 7 1.319E-06 4.675E+01  8 5.656E-07 9.828E+01 10 1.158E-04 1.061E+01 11 2.977E-06 4.700E+01 12 2.454E-05 1.007E+01
13 4.432E-04 2.735E+00 15 2.369E-05 3.292E+01 16 7.436E-04 1.230E+00 17 2.945E-05 2.774E+01 19 4.024E-04 1.853E+01
20 5.376E-02 1.948E+00 23 8.754E-03 3.363E-01 24 3.760E-04 8.658E-01 26 1.420E-03 6.781E-01 27 5.382E-04 6.846E-01
165  21
 1 4.313E-06 6.619E+01  2 3.645E-04 3.820E+00  3 4.842E-05 1.291E+01  4 1.120E-04 6.932E+01  6 1.204E-05 2.589E+01
 7 8.994E-07 5.344E+01  8 3.169E-06 6.968E+01 10 1.055E-04 9.518E+00 11 1.945E-06 4.170E+01 12 2.421E-05 1.324E+01
13 3.860E-04 2.950E+00 15 2.472E-05 3.618E+01 16 7.337E-04 1.462E+00 17 1.922E-05 2.713E+01 19 2.679E-04 2.278E+01
20 5.072E-02 1.478E+00 23 9.105E-03 4.126E-01 24 3.321E-04 6.578E-01 25 8.984E-10 1.000E+02 26 1.466E-03 7.669E-01
27 5.396E-04 9.617E-01
166  21
 1 1.099E-05 7.121E+01  2 3.945E-04 3.038E+00  3 3.660E-05 1.214E+01  4 2.529E-04 4.346E+01  5 8.946E-06 7.388E+01
 6 9.812E-06 4.192E+01  7 8.451E-07 6.931E+01  8 5.068E-07 8.643E+01 10 1.007E-04 1.052E+01 11 2.786E-06 3.737E+01
12 1.734E-05 1.268E+01 13 3.680E-04 1.657E+00 15 6.338E-06 4.492E+01 16 7.347E-04 1.307E+00 17 1.486E-05 3.243E+01
19 2.921E-04 2.051E+01 20 4.640E-02 2.073E+00 23 9.326E-03 4.073E-01 24 2.941E-04 7.754E-01 26 1.498E-03 6.941E-01
27 5.329E-04 9.135E-01
167  20
 1 4.084E-06 7.323E+01  2 4.541E-04 3.139E+00  3 5.205E-05 9.272E+00  4 8.884E-05 5.281E+01  6 1.235E-05 2.660E+01
 7 8.356E-07 6.415E+01  8 2.396E-07 6.733E+01 10 8.504E-05 1.148E+01 11 6.552E-06 4.673E+01 12 2.236E-05 9.957E+00
13 3.462E-04 2.646E+00 15 6.249E-06 5.159E+01 16 7.469E-04 1.207E+00 17 2.113E-05 3.265E+01 19 3.177E-04 1.567E+01
20 4.281E-02 1.840E+00 23 9.632E-03 3.102E-01 24 2.715E-04 7.147E-01 26 1.573E-03 5.814E-01 27 5.429E-04 7.279E-01
168  21
 1 1.688E-07 1.000E+02  2 5.186E-04 3.247E+00  3 4.051E-05 1.578E+01  4 1.969E-04 3.258E+01  6 8.566E-06 3.156E+01
 7 1.777E-07 6.036E+01  8 3.252E-07 6.966E+01  9 2.158E-07 1.000E+02 10 8.299E-05 1.250E+01 11 8.722E-06 4.568E+01
12 1.811E-05 1.809E+01 13 2.927E-04 3.674E+00 15 1.190E-05 4.371E+01 16 1.157E-03 8.955E-01 17 1.230E-05 3.521E+01
19 2.974E-04 2.290E+01 20 3.260E-02 2.737E+00 23 9.771E-03 3.538E-01 24 2.376E-04 1.022E+00 26 1.628E-03 6.762E-01
27 5.364E-04 7.543E-01
169  21
 1 3.985E-05 7.146E+01  2 5.030E-04 2.549E+00  3 3.386E-05 1.392E+01  4 1.257E-04 4.745E+01  5 1.931E-06 1.000E+02
 6 4.538E-06 4.527E+01  7 1.553E-07 6.939E+01  8 2.977E-07 6.371E+01 10 7.025E-05 1.391E+01 11 4.447E-06 4.378E+01
12 1.503E-05 1.128E+01 13 2.685E-04 3.526E+00 15 1.351E-05 4.396E+01 16 7.312E-04 1.621E+00 17 9.833E-06 4.460E+01
19 1.995E-04 2.465E+01 20 1.868E-02 2.495E+00 23 1.048E-02 4.184E-01 24 2.097E-04 1.027E+00 26 2.563E-03 6.095E-01
27 7.400E-04 7.112E-01
170  21
 1 5.509E-06 1.000E+02  2 5.901E-04 3.117E+00  3 4.174E-05 1.325E+01  4 2.587E-04 2.855E+01  6 1.317E-05 3.621E+01
 7 7.471E-07 5.364E+01  8 5.330E-07 9.269E+01  9 2.470E-06 1.000E+02 10 6.448E-05 1.367E+01 11 4.882E-06 4.421E+01
12 1.381E-05 1.155E+01 13 2.369E-04 3.267E+00 15 7.044E-06 6.060E+01 16 7.138E-04 1.291E+00 17 1.263E-05 3.193E+01
19 2.418E-04 2.947E+01 20 1.338E-02 2.965E+00 23 1.076E-02 3.569E-01 24 1.830E-04 9.656E-01 26 2.668E-03 3.921E-01
27 7.535E-04 5.196E-01
171  22
 1 7.639E-06 7.423E+01  2 6.975E-04 2.531E+00  3 2.128E-05 1.133E+01  4 4.990E-04 3.462E+01  6 6.551E-06 4.266E+01
 7 2.321E-06 4.810E+01  8 6.233E-07 6.225E+01 10 4.884E-05 1.283E+01 11 5.898E-07 5.819E+01 12 1.251E-05 1.527E+01
13 2.104E-04 4.043E+00 15 7.264E-06 5.795E+01 16 6.965E-04 9.307E-01 17 3.582E-06 6.066E+01 19 1.829E-04 2.306E+01
20 8.264E-03 4.052E+00 22 3.288E-07 1.000E+02 23 1.097E-02 3.270E-01 24 1.603E-04 1.123E+00 25 1.375E-08 1.000E+02
26 2.761E-03 5.119E-01 27 7.670E-04 5.387E-01
172  21
 1 9.159E-06 7.902E+01  2 7.645E-04 2.557E+00  3 2.366E-05 2.087E+01  4 5.772E-04 3.373E+01  5 2.646E-06 1.000E+02
 6 4.195E-06 5.254E+01  7 4.451E-07 6.786E+01  8 8.204E-08 6.566E+01 10 4.554E-05 1.196E+01 11 4.791E-06 3.945E+01
12 1.401E-05 1.047E+01 13 1.830E-04 4.615E+00 15 3.619E-06 5.322E+01 16 6.589E-04 1.319E+00 17 5.927E-06 3.455E+01
19 1.941E-04 2.851E+01 20 6.889E-03 5.655E+00 23 1.108E-02 3.466E-01 24 1.441E-04 1.004E+00 26 2.807E-03 4.261E-01
27 7.728E-04 5.510E-01
173  21
 1 3.467E-06 7.846E+01  2 9.005E-04 2.867E+00  3 2.781E-05 1.726E+01  4 6.769E-04 2.311E+01  5 3.227E-06 1.000E+02
 6 3.420E-06 5.812E+01  7 1.274E-07 7.810E+01  8 3.410E-08 1.000E+02 10 3.904E-05 1.771E+01 11 1.611E-06 5.375E+01
12 8.822E-06 1.434E+01 13 1.693E-04 3.459E+00 15 9.281E-06 5.525E+01 16 6.627E-04 9.597E-01 17 1.912E-05 4.738E+01
19 1.642E-04 2.857E+01 20 5.591E-03 5.620E+00 23 1.123E-02 3.595E-01 24 1.282E-04 1.663E+00 26 2.852E-03 4.385E-01
27 7.714E-04 4.862E-01
174  22
 1 5.059E-06 7.670E+01  2 9.933E-04 2.414E+00  3 3.196E-05 1.571E+01  4 8.848E-04 2.517E+01  5 1.984E-06 1.000E+02
 6 2.006E-06 5.031E+01  7 3.678E-07 6.573E+01  8 2.502E-08 1.000E+02 10 4.033E-05 1.199E+01 11 3.333E-06 5.214E+01
12 8.174E-06 1.612E+01 13 1.458E-04 5.126E+00 15 9.026E-06 6.038E+01 16 6.614E-04 1.179E+00 17 8.922E-06 5.686E+01
19 1.747E-04 3.049E+01 20 4.694E-03 3.287E+00 22 3.242E-07 1.000E+02 23 1.132E-02 4.136E-01 24 1.142E-04 1.399E+00
26 2.903E-03 4.668E-01 27 7.789E-04 5.462E-01
175  18
 2 1.180E-03 2.011E+00  3 1.792E-05 1.560E+01  4 6.347E-04 2.815E+01  6 3.232E-06 5.749E+01  7 2.650E-08 1.000E+02
10 3.424E-05 1.987E+01 11 2.274E-06 4.923E+01 12 8.179E-06 1.547E+01 13 1.247E-04 4.195E+00 15 1.476E-06 4.584E+01
16 6.502E-04 1.121E+00 17 8.048E-06 3.226E+01 19 1.651E-04 2.923E+01 20 4.001E-03 4.880E+00 23 1.143E-02 3.411E-01
24 1.010E-04 1.500E+00 26 2.953E-03 4.495E-01 27 7.869E-04 5.104E-01
176  20
 1 2.901E-06 5.349E+01  2 1.322E-03 1.410E+00  3 2.645E-05 2.093E+01  4 1.080E-03 2.476E+01  6 2.629E-06 7.029E+01
 7 7.093E-08 7.229E+01  8 2.800E-07 8.447E+01 10 2.324E-05 1.969E+01 11 3.173E-06 5.060E+01 12 6.996E-06 1.599E+01
13 1.163E-04 3.469E+00 15 6.140E-06 6.542E+01 16 6.337E-04 1.640E+00 17 8.817E-06 6.687E+01 19 1.373E-04 3.400E+01
20 3.369E-03 4.952E+00 23 1.143E-02 3.840E-01 24 8.893E-05 1.022E+00 26 2.944E-03 4.816E-01 27 7.764E-04 4.439E-01
177  21
 1 4.353E-07 1.000E+02  2 1.542E-03 1.453E+00  3 1.916E-05 1.743E+01  4 6.795E-04 1.750E+01  5 1.462E-06 7.258E+01
 6 6.461E-07 7.147E+01  7 4.386E-07 6.037E+01  8 1.109E-06 9.750E+01 10 3.127E-05 1.755E+01 11 1.882E-06 6.123E+01
12 8.893E-06 1.172E+01 13 1.065E-04 7.301E+00 15 3.544E-06 5.381E+01 16 6.513E-04 1.240E+00 17 3.981E-06 5.320E+01
19 8.212E-05 2.840E+01 20 3.074E-03 5.895E+00 23 1.151E-02 3.719E-01 24 8.187E-05 1.786E+00 26 2.990E-03 5.888E-01
27 7.815E-04 5.995E-01
178  21
 1 2.766E-06 8.680E+01  2 1.841E-03 1.821E+00  3 1.639E-05 2.622E+01  4 1.073E-03 1.943E+01  6 4.090E-06 8.332E+01
 7 9.514E-08 1.000E+02  8 2.229E-08 1.000E+02 10 2.633E-05 1.864E+01 11 8.167E-07 6.409E+01 12 6.939E-06 2.222E+01
13 1.022E-04 5.533E+00 15 3.561E-06 6.697E+01 16 6.256E-04 1.016E+00 17 1.861E-06 5.327E+01 19 1.344E-04 3.224E+01
20 2.405E-03 8.733E+00 22 8.948E-07 1.000E+02 23 1.159E-02 3.492E-01 24 7.478E-05 1.194E+00 26 3.020E-03 4.822E-01
27 7.790E-04 5.859E-01
179  20
 1 9.066E-06 1.000E+02  2 2.010E-03 1.169E+00  3 1.672E-05 2.542E+01  4 1.192E-03 1.518E+01  6 8.386E-06 4.274E+01
 7 2.602E-07 7.855E+01  9 7.096E-08 1.000E+02 10 2.071E-05 2.135E+01 11 4.290E-07 6.419E+01 12 3.216E-06 1.977E+01
13 7.900E-05 4.472E+00 15 6.041E-06 6.236E+01 16 6.222E-04 7.626E-01 17 4.523E-06 4.210E+01 19 5.279E-05 3.877E+01
20 2.260E-03 6.462E+00 23 1.165E-02 3.765E-01 24 6.796E-05 1.701E+00 26 3.091E-03 4.792E-01 27 7.899E-04 5.901E-01
180  20
 1 5.659E-06 1.000E+02  2 2.377E-03 1.488E+00  3 1.565E-05 2.421E+01  4 1.687E-03 1.534E+01  5 6.667E-06 1.000E+02
 6 7.102E-06 4.719E+01  7 1.584E-08 6.953E+01 10 1.394E-05 2.438E+01 11 6.048E-07 5.873E+01 12 2.883E-06 2.834E+01
13 7.513E-05 6.431E+00 15 2.599E-06 7.393E+01 16 6.184E-04 1.303E+00 17 5.254E-07 6.189E+01 19 7.326E-05 5.002E+01
20 1.894E-03 7.206E+00 23 1.173E-02 3.533E-01 24 6.181E-05 1.659E+00 26 3.132E-03 3.871E-01 27 7.943E-04 5.313E-01
181  20
 2 2.718E-03 1.347E+00  3 1.608E-05 2.347E+01  4 2.069E-03 1.653E+01  6 5.443E-07 1.000E+02  7 2.405E-07 9.530E+01
 8 7.967E-08 6.869E+01 10 1.141E-05 1.875E+01 11 1.392E-06 5.552E+01 12 6.958E-06 2.061E+01 13 6.388E-05 3.584E+00
15 2.265E-06 7.016E+01 16 6.066E-04 1.343E+00 17 4.524E-06 4.897E+01 19 5.927E-05 3.792E+01 20 2.192E-03 8.584E+00
22 2.121E-08 1.000E+02 23 1.178E-02 3.995E-01 24 5.603E-05 1.802E+00 26 3.254E-03 5.337E-01 27 8.145E-04 6.403E-01
182  18
 2 3.297E-03 9.768E-01  3 1.087E-05 2.330E+01  4 2.829E-03 1.324E+01  6 1.199E-07 1.000E+02  8 9.254E-09 1.000E+02
10 1.746E-05 1.858E+01 11 9.170E-07 8.168E+01 12 4.706E-06 2.772E+01 13 5.686E-05 6.391E+00 15 8.816E-08 1.000E+02
16 6.073E-04 1.482E+00 17 4.810E-07 7.141E+01 19 2.827E-05 6.280E+01 20 1.578E-03 1.014E+01 23 1.200E-02 4.476E-01
24 4.931E-05 1.940E+00 26 3.492E-03 5.638E-01 27 8.110E-04 5.977E-01
183  20
 2 4.167E-03 7.941E-01  3 1.018E-05 2.934E+01  4 2.589E-03 1.134E+01  5 1.326E-06 1.000E+02  6 2.247E-06 4.282E+01
 7 3.135E-07 5.586E+01  8 8.704E-07 8.396E+01 10 1.586E-05 2.130E+01 11 5.040E-07 9.174E+01 12 3.945E-06 2.736E+01
13 5.250E-05 7.627E+00 15 2.269E-07 5.478E+01 16 5.979E-04 1.032E+00 17 4.783E-06 4.791E+01 19 4.944E-05 3.756E+01
20 1.315E-03 1.000E+01 23 1.217E-02 3.323E-01 24 4.336E-05 1.818E+00 26 3.789E-03 5.053E-01 27 8.761E-04 5.267E-01
184  19
 1 1.185E-05 1.000E+02  2 5.857E-03 8.137E-01  3 7.992E-06 3.824E+01  4 4.704E-03 8.607E+00  6 1.831E-06 5.747E+01
 7 1.053E-07 1.000E+02 10 1.713E-05 1.971E+01 11 3.187E-07 6.620E+01 12 2.250E-06 2.666E+01 13 4.784E-05 6.779E+00
15 1.226E-06 6.906E+01 16 5.953E-04 1.264E+00 17 2.081E-06 5.564E+01 19 1.136E-05 8.140E+01 20 1.214E-03 9.172E+00
23 1.228E-02 3.688E-01 24 3.876E-05 2.001E+00 26 3.921E-03 3.964E-01 27 8.959E-04 4.250E-01
185  18
 2 7.494E-03 7.028E-01  3 1.538E-05 3.150E+01  4 6.658E-03 6.946E+00  6 1.513E-07 1.000E+02  7 3.641E-07 9.713E+01
 8 1.484E-06 1.000E+02 10 6.949E-06 2.762E+01 11 3.100E-07 1.000E+02 12 2.047E-06 3.537E+01 13 4.666E-05 7.168E+00
16 6.052E-04 1.109E+00 17 3.688E-06 4.937E+01 19 3.790E-05 6.200E+01 20 6.953E-04 1.213E+01 23 1.214E-02 3.848E-01
24 3.335E-05 2.349E+00 26 3.919E-03 5.651E-01 27 8.836E-04 6.356E-01
186  18
 1 9.270E-08 1.000E+02  2 9.482E-03 7.716E-01  3 5.150E-06 2.406E+01  4 4.955E-02 3.077E+00  6 1.481E-06 7.327E+01
10 1.122E-05 2.542E+01 11 1.615E-06 7.882E+01 12 1.333E-06 3.593E+01 13 4.151E-05 8.917E+00 15 1.839E-06 7.816E+01
16 5.681E-04 1.271E+00 17 1.046E-05 5.239E+01 19 3.939E-05 4.041E+01 20 8.384E-04 1.317E+01 23 1.219E-02 4.144E-01
24 3.222E-05 2.529E+00 26 3.918E-03 4.177E-01 27 8.763E-04 4.821E-01
187  16
 2 1.153E-02 8.628E-01  3 5.705E-06 4.629E+01  4 5.360E-02 3.526E+00 10 1.007E-05 2.535E+01 11 3.134E-08 1.000E+02
12 2.398E-06 4.437E+01 13 3.596E-05 8.047E+00 15 5.827E-07 1.000E+02 16 5.601E-04 1.209E+00 17 1.590E-06 5.249E+01
19 1.143E-05 3.697E+01 20 6.979E-04 1.409E+01 23 1.209E-02 4.659E-01 24 2.868E-05 2.449E+00 26 3.779E-03 5.358E-01
27 8.337E-04 5.847E-01
188  16
 2 1.360E-02 5.849E-01  3 7.528E-06 2.936E+01  4 5.513E-02 3.936E+00  6 8.163E-09 1.000E+02 10 9.369E-06 3.310E+01
12 1.299E-06 3.753E+01 13 2.861E-05 1.028E+01 15 1.305E-06 1.000E+02 16 5.712E-04 1.649E+00 17 4.134E-07 1.000E+02
19 2.031E-05 8.205E+01 20 5.874E-04 1.469E+01 23 1.198E-02 3.388E-01 24 2.594E-05 3.084E+00 26 3.595E-03 3.782E-01
27 7.807E-04 4.086E-01
189  17
 2 1.563E-02 4.470E-01  3 1.033E-05 3.729E+01  4 5.200E-02 3.658E+00  6 6.313E-07 8.822E+01 10 3.104E-06 2.397E+01
11 8.681E-07 7.084E+01 12 1.788E-06 3.598E+01 13 2.201E-05 1.077E+01 15 1.173E-06 7.637E+01 16 5.610E-04 1.338E+00
17 1.092E-06 9.447E+01 19 2.092E-05 5.086E+01 20 6.672E-04 1.155E+01 23 1.191E-02 4.167E-01 24 2.354E-05 2.484E+00
26 3.416E-03 4.991E-01 27 7.330E-04 5.719E-01
190  16
 2 1.714E-02 6.057E-01  3 3.593E-06 3.000E+01  4 6.029E-03 5.943E+00  6 1.329E-06 8.239E+01 10 7.954E-06 3.755E+01
11 1.374E-08 1.000E+02 12 1.850E-06 6.307E+01 13 2.451E-05 1.152E+01 16 5.903E-04 1.376E+00 17 4.207E-06 7.034E+01
19 4.143E-06 7.442E+01 20 4.737E-04 1.541E+01 23 1.172E-02 3.966E-01 24 2.088E-05 2.701E+00 26 3.253E-03 4.895E-01
27 6.934E-04 5.287E-01
191  15
 1 5.095E-06 9.072E+01  2 1.844E-02 5.433E-01  3 3.622E-06 7.050E+01  4 4.444E-03 7.637E+00  6 8.843E-07 6.124E+01
10 2.053E-06 4.397E+01 12 7.738E-07 6.072E+01 13 2.006E-05 1.047E+01 16 5.877E-04 1.132E+00 19 3.249E-06 9.344E+01
20 4.138E-04 1.694E+01 23 1.178E-02 4.059E-01 24 1.888E-05 3.947E+00 26 3.256E-03 4.968E-01 27 6.913E-04 5.669E-01
192  15
 2 1.919E-02 5.556E-01  3 4.442E-06 4.803E+01  4 3.315E-03 1.010E+01  6 8.734E-08 1.000E+02 10 9.594E-06 4.962E+01
12 4.632E-07 5.333E+01 13 1.534E-05 1.039E+01 16 5.910E-04 1.420E+00 17 6.504E-07 6.513E+01 19 2.044E-05 6.430E+01
20 3.524E-04 2.021E+01 23 1.166E-02 3.330E-01 24 1.796E-05 1.942E+00 26 3.201E-03 3.771E-01 27 6.769E-04 3.680E-01
193  17
 2 1.970E-02 5.510E-01  3 9.611E-06 3.592E+01  4 2.119E-03 1.149E+01  6 6.322E-07 8.994E+01 10 4.743E-06 3.178E+01
11 1.813E-06 7.802E+01 12 1.107E-06 3.517E+01 13 1.934E-05 1.046E+01 15 1.681E-06 1.000E+02 16 5.951E-04 9.865E-01
17 1.804E-06 6.104E+01 19 7.937E-06 5.576E+01 20 2.822E-04 1.791E+01 23 1.163E-02 3.151E-01 24 1.745E-05 2.710E+00
26 3.187E-03 4.299E-01 27 6.718E-04 4.618E-01
194  16
 2 1.994E-02 5.067E-01  3 3.733E-06 5.348E+01  4 2.338E-03 1.166E+01 10 7.109E-06 4.321E+01 11 2.160E-07 1.000E+02
12 3.711E-07 4.572E+01 13 1.773E-05 1.359E+01 15 2.107E-06 7.522E+01 16 5.839E-04 1.228E+00 17 1.741E-06 8.602E+01
19 5.995E-06 5.819E+01 20 3.300E-04 1.765E+01 23 1.144E-02 3.851E-01 24 1.508E-05 3.645E+00 26 3.108E-03 4.373E-01
27 6.535E-04 4.819E-01
195  15
 2 1.996E-02 5.045E-01  3 4.312E-06 3.608E+01  4 1.204E-03 1.556E+01  6 1.100E-06 6.775E+01 10 6.474E-06 4.249E+01
12 5.473E-07 6.163E+01 13 1.833E-05 1.520E+01 16 5.836E-04 1.335E+00 17 7.488E-07 8.950E+01 19 1.192E-05 5.649E+01
20 1.914E-04 1.709E+01 23 1.142E-02 3.771E-01 24 1.262E-05 4.408E+00 26 3.114E-03 4.254E-01 27 6.561E-04 4.172E-01
196  13
 2 1.967E-02 5.578E-01  3 7.730E-06 6.031E+01  4 1.651E-03 1.797E+01 10 1.586E-06 5.975E+01 12 1.371E-07 4.513E+01
13 1.333E-05 1.327E+01 16 5.965E-04 1.489E+00 17 8.688E-07 1.000E+02 20 2.445E-04 2.279E+01 23 1.133E-02 3.272E-01
24 1.303E-05 3.690E+00 26 3.115E-03 4.004E-01 27 6.546E-04 4.688E-01
197  16
 2 1.892E-02 6.231E-01  3 5.181E-06 5.528E+01  4 1.335E-03 1.404E+01  6 1.505E-06 1.000E+02 10 6.849E-06 3.853E+01
12 1.143E-06 5.148E+01 13 1.395E-05 1.219E+01 15 1.537E-08 1.000E+02 16 6.002E-04 1.076E+00 17 3.845E-07 1.000E+02
19 7.212E-06 7.314E+01 20 1.940E-04 2.878E+01 23 1.107E-02 3.584E-01 24 1.173E-05 3.728E+00 26 3.087E-03 4.004E-01
27 6.493E-04 4.548E-01
198  14
 2 1.864E-02 5.406E-01  3 2.147E-06 7.651E+01  4 1.281E-03 1.996E+01 10 6.976E-06 3.944E+01 12 6.383E-07 4.182E+01
13 1.102E-05 1.798E+01 16 6.183E-04 1.356E+00 17 9.682E-07 9.213E+01 19 4.090E-05 1.000E+02 20 9.897E-05 3.249E+01
23 1.105E-02 3.640E-01 24 9.932E-06 4.163E+00 26 3.117E-03 5.100E-01 27 6.575E-04 5.862E-01
199  14
 2 1.756E-02 3.376E-01  3 5.862E-06 4.316E+01  4 1.084E-03 2.428E+01 10 1.504E-06 7.108E+01 12 4.806E-07 6.195E+01
13 7.038E-06 1.527E+01 15 1.497E-06 1.000E+02 16 6.292E-04 9.951E-01 17 1.036E-06 5.982E+01 20 1.034E-04 3.067E+01
23 1.088E-02 3.510E-01 24 8.919E-06 4.526E+00 26 3.161E-03 4.282E-01 27 6.713E-04 4.890E-01
200  19
 2 1.642E-02 5.159E-01  3 3.013E-06 4.242E+01  4 9.747E-04 1.917E+01  5 2.262E-05 1.000E+02  6 6.105E-08 8.879E+01
 7 6.937E-07 9.946E+01  9 4.138E-07 1.000E+02 10 1.909E-06 7.129E+01 11 4.756E-09 1.000E+02 12 7.204E-07 4.935E+01
13 8.593E-06 2.149E+01 16 6.647E-04 1.197E+00 17 9.954E-08 9.046E+01 19 6.191E-06 8.087E+01 20 1.322E-04 3.488E+01
23 1.072E-02 3.689E-01 24 7.087E-06 5.720E+00 26 3.214E-03 4.473E-01 27 6.849E-04 4.224E-01
201  12
 2 1.517E-02 6.334E-01  3 2.595E-06 6.439E+01  4 3.421E-04 2.639E+01 10 2.086E-06 5.075E+01 12 1.355E-07 7.484E+01
13 6.692E-06 2.773E+01 16 6.998E-04 1.134E+00 20 8.336E-05 4.687E+01 23 1.058E-02 3.452E-01 24 5.932E-06 6.903E+00
26 3.283E-03 4.116E-01 27 7.004E-04 4.871E-01
202  13
 2 1.346E-02 6.118E-01  3 3.148E-07 1.000E+02  4 3.991E-04 2.580E+01 10 1.428E-06 4.772E+01 12 5.552E-07 9.206E+01
13 8.607E-06 1.537E+01 16 7.461E-04 1.026E+00 19 4.289E-06 1.000E+02 20 5.715E-05 3.062E+01 23 1.031E-02 3.942E-01
24 5.859E-06 5.587E+00 26 3.337E-03 4.580E-01 27 7.191E-04 4.631E-01
203  16
 2 1.126E-02 5.567E-01  3 2.024E-06 4.530E+01  4 6.352E-04 2.320E+01  6 2.982E-07 1.000E+02 10 1.535E-06 8.000E+01
11 3.490E-07 1.000E+02 12 3.356E-07 6.904E+01 13 5.426E-06 2.195E+01 16 7.826E-04 1.091E+00 17 5.966E-09 1.000E+02
19 2.885E-07 8.655E+01 20 1.059E-04 2.776E+01 23 9.921E-03 2.906E-01 24 5.140E-06 5.589E+00 26 3.388E-03 4.314E-01
27 7.355E-04 4.861E-01
204  13
 2 8.869E-03 6.037E-01  3 4.092E-07 5.832E+01  4 4.398E-04 2.605E+01 10 9.297E-07 5.387E+01 12 1.632E-07 4.626E+01
13 2.764E-06 2.376E+01 16 8.570E-04 1.083E+00 19 7.616E-06 1.000E+02 20 1.259E-04 3.037E+01 23 9.579E-03 3.740E-01
24 3.852E-06 5.477E+00 26 3.460E-03 4.218E-01 27 7.608E-04 4.642E-01
205  13
 2 5.981E-03 5.034E-01  3 2.224E-07 9.388E+01  4 4.625E-04 3.016E+01 10 1.846E-06 6.582E+01 12 3.327E-07 6.426E+01
13 2.592E-06 4.219E+01 16 9.439E-04 8.584E-01 17 3.430E-07 1.000E+02 20 6.011E-05 4.239E+01 23 8.877E-03 3.074E-01
24 2.938E-06 6.312E+00 26 3.401E-03 3.619E-01 27 7.597E-04 3.840E-01
206  16
 2 3.569E-03 7.655E-01  3 4.853E-07 1.000E+02  4 2.225E-04 3.392E+01  6 1.576E-06 1.000E+02 10 8.803E-07 9.623E+01
11 4.793E-07 1.000E+02 12 3.767E-07 5.462E+01 13 3.894E-06 2.602E+01 15 1.409E-06 1.000E+02 16 1.097E-03 7.729E-01
17 6.469E-08 1.000E+02 20 5.851E-05 3.365E+01 23 7.679E-03 3.121E-01 24 2.609E-06 8.082E+00 26 2.985E-03 3.844E-01
27 6.717E-04 3.834E-01
207  12
 2 2.226E-03 7.586E-01  3 2.955E-07 1.000E+02  4 6.277E-05 4.500E+01 10 5.453E-08 7.218E+01 12 5.170E-07 8.128E+01
13 2.021E-06 2.414E+01 16 1.300E-03 6.465E-01 20 4.962E-05 4.804E+01 23 5.090E-03 3.185E-01 24 1.631E-06 6.767E+00
26 1.643E-03 4.696E-01 27 3.571E-04 5.395E-01
208  12
 2 8.579E-04 1.293E+00  3 1.419E-07 9.202E+01  4 1.422E-05 6.821E+01 10 2.307E-07 8.370E+01 12 1.639E-09 1.000E+02
13 4.537E-07 6.113E+01 16 1.274E-03 4.458E-01 20 2.070E-05 4.147E+01 23 1.770E-03 4.684E-01 24 5.868E-07 1.040E+01
26 3.125E-04 8.489E-01 27 6.044E-05 1.019E+00