
    ORGAN DOSE CONVERSION FACTORS FOR AN ADULT HERMAPHRODITE
    CALCULATED FOR A VARIETY OF CT SCANNERS AND CONDITIONS.
    VALUES ARE GIVEN FOR 208 5 MM SLICES SPANNING THE BODY
    FROM 100 MM BELOW THE BOTTOM OF THE TRUNK TO THE TOP OF THE HEAD.

                     ORGANS OR REGIONS
 1 ADRENALS              10 HEART                  19 THYMUS                   
 2 BRAIN                 11 KIDNEYS                20 THYROID                  
 3 BREASTS               12 LIVER                  21 URINARY BLADDER          
 4 EYE LENSES            13 LUNGS                  22 UTERUS                   
 5 GALL BLADDER          14 OVARIES                23 HEAD REGION              
 6 STOMACH               15 PANCREAS               24 TRUNK REGION             
 7 SMALL INTESTINE       16 SKIN                   25 LEG REGION               
 8 UPPER LARGE INTESTINE 17 SPLEEN                 26 SKELETON                 
 9 LOWER LARGE INTESTINE 18 TESTICLES              27 RED MARROW               

 17 PHILIPS TOMOSCAN TX: SHAPED FILTER (ALUMINIUM)
    FOCUS TO AXIS DISTANCE IS 606 MM
    FAN ANGLE COVERS FULL WIDTH OF TRUNK
    X-RAY SPECTRUM HAS MAXIMUM ENERGY OF 120 KEV
    INITIAL FILTRATION IS 1.4 MM OF ALUMINIUM AND 0.1 MM OF COPPER

    CONVERSION FACTORS AND STATISTICAL UNCERTAINTIES(%) FOR ORGANS IN EACH SLICE
  1  16
 3 1.046E-07 9.461E+01  6 3.349E-07 1.000E+02  7 4.017E-05 1.461E+01  8 3.778E-05 2.021E+01  9 4.662E-04 8.755E+00
11 1.100E-07 1.000E+02 12 4.321E-07 6.167E+01 14 2.033E-04 5.307E+01 16 2.111E-03 1.148E+00 18 2.953E-03 7.863E+00
21 4.203E-04 1.426E+01 22 7.800E-05 3.166E+01 24 1.193E-04 1.914E+00 25 7.046E-03 3.394E-01 26 3.982E-03 7.635E-01
27 3.853E-04 1.497E+00
  2  18
 5 7.665E-05 6.903E+01  6 4.178E-07 1.000E+02  7 4.384E-05 1.267E+01  8 2.855E-05 2.715E+01  9 5.469E-04 8.216E+00
11 2.100E-06 4.751E+01 12 9.800E-07 4.764E+01 14 1.536E-04 6.121E+01 15 1.446E-05 8.555E+01 16 2.131E-03 1.071E+00
17 6.336E-06 1.000E+02 18 2.989E-03 7.630E+00 21 4.323E-04 1.592E+01 22 1.781E-04 3.512E+01 24 1.308E-04 1.949E+00
25 7.093E-03 3.717E-01 26 4.040E-03 5.917E-01 27 4.029E-04 1.041E+00
  3  18
 3 2.878E-06 7.357E+01  6 1.129E-06 9.313E+01  7 3.728E-05 2.068E+01  8 2.372E-05 3.212E+01  9 6.723E-04 9.784E+00
11 1.530E-06 8.403E+01 12 2.420E-06 5.180E+01 14 1.393E-04 3.582E+01 15 5.994E-06 1.000E+02 16 2.099E-03 1.179E+00
17 1.271E-08 1.000E+02 18 3.187E-03 8.376E+00 21 5.961E-04 9.971E+00 22 1.920E-04 2.094E+01 24 1.458E-04 1.706E+00
25 7.028E-03 3.247E-01 26 3.967E-03 7.076E-01 27 4.182E-04 1.141E+00
  4  19
 3 1.080E-06 1.000E+02  6 1.031E-06 9.523E+01  7 3.639E-05 1.792E+01  8 3.036E-05 2.885E+01  9 7.756E-04 6.360E+00
11 1.428E-06 7.306E+01 12 2.968E-06 5.644E+01 13 6.057E-07 1.000E+02 14 9.370E-05 6.860E+01 15 3.566E-07 1.000E+02
16 2.130E-03 9.387E-01 17 1.389E-07 1.000E+02 18 3.381E-03 7.834E+00 21 5.334E-04 1.517E+01 22 1.938E-04 2.442E+01
24 1.646E-04 1.627E+00 25 7.058E-03 3.090E-01 26 3.977E-03 6.396E-01 27 4.389E-04 1.217E+00
  5  19
 3 1.126E-05 5.744E+01  6 1.300E-07 6.749E+01  7 5.461E-05 1.618E+01  8 2.834E-05 3.359E+01  9 8.861E-04 6.999E+00
11 1.455E-06 8.993E+01 12 1.783E-06 6.875E+01 13 2.884E-07 6.184E+01 14 3.980E-05 6.615E+01 15 3.403E-06 7.104E+01
16 2.108E-03 7.871E-01 17 5.495E-06 5.813E+01 18 4.034E-03 7.367E+00 21 6.342E-04 2.085E+01 22 2.658E-04 2.110E+01
24 1.856E-04 1.639E+00 25 7.047E-03 3.105E-01 26 4.014E-03 6.459E-01 27 4.631E-04 9.451E-01
  6  20
 3 3.133E-06 5.772E+01  6 1.130E-06 1.000E+02  7 6.626E-05 1.208E+01  8 3.773E-05 2.117E+01  9 8.409E-04 6.391E+00
10 9.064E-07 1.000E+02 11 3.165E-06 5.526E+01 12 2.644E-06 3.747E+01 13 1.823E-08 7.941E+01 14 3.956E-05 6.963E+01
15 4.275E-08 1.000E+02 16 2.103E-03 9.618E-01 17 1.078E-07 1.000E+02 18 4.506E-03 4.803E+00 21 6.624E-04 1.308E+01
22 2.339E-04 1.670E+01 24 2.013E-04 1.968E+00 25 7.002E-03 3.339E-01 26 3.920E-03 7.738E-01 27 4.649E-04 1.079E+00
  7  20
 3 7.468E-07 5.812E+01  6 6.597E-06 4.627E+01  7 6.025E-05 1.414E+01  8 5.258E-05 2.184E+01  9 9.344E-04 5.039E+00
10 3.205E-08 1.000E+02 11 6.504E-06 9.862E+01 12 3.153E-06 4.648E+01 13 7.046E-07 8.106E+01 14 1.851E-04 5.267E+01
15 3.159E-06 1.000E+02 16 2.108E-03 1.457E+00 17 2.371E-06 8.279E+01 18 4.409E-03 6.020E+00 21 9.700E-04 1.136E+01
22 3.018E-04 1.486E+01 24 2.350E-04 1.464E+00 25 7.007E-03 3.973E-01 26 3.911E-03 6.935E-01 27 4.809E-04 1.081E+00
  8  20
 3 8.046E-07 6.825E+01  6 1.912E-06 6.725E+01  7 6.133E-05 1.306E+01  8 6.121E-05 2.123E+01  9 1.195E-03 6.359E+00
10 1.908E-06 1.000E+02 11 6.140E-06 4.822E+01 12 3.044E-06 3.892E+01 13 7.230E-09 1.000E+02 14 1.626E-04 5.481E+01
15 3.563E-06 1.000E+02 16 2.173E-03 1.187E+00 17 1.012E-07 1.000E+02 18 4.829E-03 7.397E+00 21 8.731E-04 1.148E+01
22 3.559E-04 1.893E+01 24 2.601E-04 1.248E+00 25 7.011E-03 3.005E-01 26 3.886E-03 4.652E-01 27 5.015E-04 1.272E+00
  9  20
 3 3.383E-06 7.220E+01  5 4.164E-06 9.117E+01  6 1.601E-05 4.200E+01  7 7.433E-05 1.131E+01  8 7.442E-05 2.302E+01
 9 1.354E-03 5.548E+00 11 1.435E-05 5.517E+01 12 3.445E-06 2.650E+01 13 1.574E-08 1.000E+02 14 1.761E-04 4.207E+01
15 1.700E-07 1.000E+02 16 2.130E-03 9.557E-01 17 1.254E-06 6.917E+01 18 5.122E-03 6.849E+00 21 1.045E-03 9.841E+00
22 4.619E-04 1.608E+01 24 2.881E-04 8.202E-01 25 6.989E-03 2.697E-01 26 3.943E-03 6.482E-01 27 5.198E-04 9.669E-01
 10  21
 3 2.191E-06 7.994E+01  5 1.112E-05 1.000E+02  6 8.408E-06 7.768E+01  7 9.149E-05 1.042E+01  8 7.977E-05 1.914E+01
 9 1.532E-03 4.859E+00 10 3.383E-07 1.000E+02 11 8.429E-06 5.007E+01 12 3.789E-06 4.083E+01 13 3.435E-07 6.896E+01
14 3.888E-04 4.658E+01 15 9.318E-06 7.026E+01 16 2.151E-03 9.069E-01 17 3.439E-06 7.048E+01 18 5.704E-03 6.538E+00
21 1.326E-03 1.033E+01 22 4.436E-04 1.341E+01 24 3.269E-04 1.335E+00 25 6.938E-03 2.914E-01 26 3.865E-03 5.776E-01
27 5.342E-04 1.201E+00
 11  20
 3 1.146E-05 5.817E+01  5 3.631E-05 1.000E+02  6 1.306E-06 9.876E+01  7 1.074E-04 9.849E+00  8 5.032E-05 1.860E+01
 9 1.433E-03 6.260E+00 11 1.422E-05 5.631E+01 12 5.565E-06 3.716E+01 13 3.182E-09 1.000E+02 14 2.781E-04 4.681E+01
15 5.175E-06 1.000E+02 16 2.827E-03 1.133E+00 17 2.750E-06 1.000E+02 18 9.918E-03 4.180E+00 21 1.404E-03 6.971E+00
22 3.476E-04 1.759E+01 24 3.639E-04 8.314E-01 25 6.853E-03 2.438E-01 26 3.757E-03 6.570E-01 27 5.358E-04 7.815E-01
 12  22
 1 1.268E-05 1.000E+02  3 6.610E-06 5.446E+01  5 2.325E-07 1.000E+02  6 3.034E-06 5.914E+01  7 1.116E-04 7.223E+00
 8 8.665E-05 2.128E+01  9 1.795E-03 6.518E+00 10 1.211E-06 9.302E+01 11 9.791E-06 4.109E+01 12 3.374E-06 4.437E+01
13 3.798E-06 7.703E+01 14 2.760E-04 4.440E+01 15 1.321E-06 7.534E+01 16 2.344E-03 1.098E+00 17 1.226E-07 1.000E+02
18 2.684E-02 3.128E+00 21 1.528E-03 1.189E+01 22 4.424E-04 1.335E+01 24 4.109E-04 1.113E+00 25 6.801E-03 3.100E-01
26 3.658E-03 9.057E-01 27 5.578E-04 1.492E+00
 13  19
 3 2.717E-06 9.758E+01  6 2.673E-06 8.314E+01  7 1.117E-04 1.002E+01  8 1.273E-04 1.343E+01  9 1.835E-03 4.701E+00
10 3.250E-06 1.000E+02 11 9.016E-06 4.620E+01 12 6.636E-06 4.038E+01 13 1.315E-06 7.219E+01 14 5.398E-04 3.219E+01
15 5.452E-07 1.000E+02 16 2.264E-03 1.058E+00 18 4.476E-02 2.882E+00 21 1.682E-03 7.899E+00 22 6.766E-04 1.237E+01
24 4.596E-04 8.999E-01 25 6.713E-03 3.502E-01 26 3.602E-03 6.946E-01 27 5.728E-04 1.115E+00
 14  20
 3 4.678E-06 6.890E+01  6 2.142E-05 4.077E+01  7 1.318E-04 8.850E+00  8 9.727E-05 1.774E+01  9 2.337E-03 5.743E+00
10 3.776E-06 1.000E+02 11 6.726E-06 6.958E+01 12 6.146E-06 3.719E+01 13 2.880E-07 7.188E+01 14 2.946E-04 5.648E+01
15 2.666E-05 5.839E+01 16 2.329E-03 9.222E-01 17 1.777E-05 6.370E+01 18 5.573E-02 1.992E+00 21 1.762E-03 9.979E+00
22 4.649E-04 1.502E+01 24 5.158E-04 1.041E+00 25 6.609E-03 3.302E-01 26 3.545E-03 6.805E-01 27 6.055E-04 1.373E+00
 15  21
 1 7.898E-06 1.000E+02  3 3.426E-06 5.891E+01  5 6.982E-06 7.188E+01  6 1.316E-05 3.904E+01  7 1.634E-04 7.437E+00
 8 1.327E-04 1.293E+01  9 2.319E-03 4.117E+00 11 4.185E-06 4.536E+01 12 4.079E-06 2.825E+01 13 9.483E-07 6.083E+01
14 2.918E-04 3.624E+01 15 2.129E-07 1.000E+02 16 2.255E-03 1.098E+00 17 5.332E-06 9.960E+01 18 6.519E-02 2.492E+00
21 1.982E-03 6.471E+00 22 6.832E-04 1.152E+01 24 5.815E-04 1.070E+00 25 6.514E-03 3.388E-01 26 3.466E-03 7.648E-01
27 6.327E-04 1.622E+00
 16  20
 3 2.625E-06 7.229E+01  5 2.249E-05 1.000E+02  6 3.261E-05 4.709E+01  7 1.936E-04 6.940E+00  8 1.429E-04 1.488E+01
 9 2.616E-03 5.227E+00 11 1.173E-05 5.638E+01 12 8.098E-06 2.988E+01 13 7.906E-07 6.457E+01 14 6.703E-04 2.597E+01
15 1.761E-05 6.490E+01 16 2.222E-03 8.962E-01 17 7.192E-06 6.100E+01 18 6.530E-02 2.100E+00 21 2.426E-03 7.348E+00
22 8.139E-04 1.254E+01 24 6.656E-04 8.939E-01 25 6.339E-03 3.013E-01 26 3.433E-03 6.234E-01 27 6.652E-04 1.304E+00
 17  21
 3 1.008E-05 4.885E+01  5 4.381E-05 1.000E+02  6 1.376E-05 5.227E+01  7 2.010E-04 7.700E+00  8 1.472E-04 9.026E+00
 9 3.353E-03 3.163E+00 10 5.172E-07 7.511E+01 11 6.242E-06 4.332E+01 12 8.615E-06 1.889E+01 13 2.155E-07 1.000E+02
14 5.405E-04 3.519E+01 15 1.125E-05 7.432E+01 16 2.203E-03 1.404E+00 17 5.268E-06 5.650E+01 18 5.991E-02 1.977E+00
21 2.463E-03 5.876E+00 22 8.222E-04 1.119E+01 24 7.581E-04 7.331E-01 25 6.155E-03 3.025E-01 26 3.348E-03 5.594E-01
27 7.043E-04 1.518E+00
 18  20
 3 1.951E-05 3.318E+01  5 3.784E-05 9.481E+01  6 1.959E-05 5.304E+01  7 2.522E-04 6.880E+00  8 2.078E-04 1.313E+01
 9 3.532E-03 3.512E+00 11 1.092E-05 5.638E+01 12 4.478E-06 2.905E+01 13 6.924E-08 7.323E+01 14 1.206E-03 2.130E+01
15 1.577E-05 5.817E+01 16 2.185E-03 8.689E-01 17 1.349E-05 5.367E+01 18 5.318E-02 1.758E+00 21 2.956E-03 7.574E+00
22 9.560E-04 5.589E+00 24 8.771E-04 7.523E-01 25 5.966E-03 3.265E-01 26 3.287E-03 8.260E-01 27 7.687E-04 1.207E+00
 19  22
 3 4.207E-06 7.537E+01  5 5.511E-05 7.209E+01  6 2.166E-05 3.595E+01  7 2.387E-04 6.618E+00  8 1.713E-04 1.560E+01
 9 3.924E-03 4.797E+00 10 3.221E-06 7.548E+01 11 1.007E-05 4.945E+01 12 9.167E-06 2.933E+01 13 1.123E-07 5.777E+01
14 5.296E-04 2.536E+01 15 2.469E-05 5.350E+01 16 2.205E-03 1.017E+00 17 1.147E-05 6.359E+01 18 3.872E-02 2.022E+00
21 3.243E-03 6.023E+00 22 7.797E-04 1.300E+01 23 5.587E-09 1.000E+02 24 1.013E-03 6.589E-01 25 5.677E-03 3.493E-01
26 3.180E-03 6.359E-01 27 8.037E-04 1.625E+00
 20  20
 3 1.870E-05 3.828E+01  6 4.338E-05 3.540E+01  7 2.683E-04 5.522E+00  8 2.015E-04 1.283E+01  9 4.505E-03 3.548E+00
10 1.414E-06 1.000E+02 11 3.403E-05 2.982E+01 12 1.119E-05 2.435E+01 13 1.491E-06 5.085E+01 14 6.291E-04 3.373E+01
15 9.516E-06 7.650E+01 16 2.201E-03 9.429E-01 17 1.099E-06 7.219E+01 18 2.132E-02 4.640E+00 21 3.477E-03 6.080E+00
22 1.218E-03 8.623E+00 24 1.197E-03 7.096E-01 25 5.306E-03 3.930E-01 26 3.065E-03 6.412E-01 27 8.909E-04 8.893E-01
 21  21
 5 9.282E-05 5.679E+01  6 1.710E-05 5.738E+01  7 2.383E-04 8.460E+00  8 2.513E-04 1.252E+01  9 6.016E-03 3.671E+00
10 6.346E-07 7.830E+01 11 2.386E-05 3.853E+01 12 8.196E-06 1.863E+01 13 4.213E-07 7.233E+01 14 9.674E-04 2.414E+01
15 1.523E-05 4.783E+01 16 1.869E-03 1.088E+00 17 3.518E-06 5.622E+01 18 1.202E-02 3.376E+00 21 4.422E-03 5.247E+00
22 1.176E-03 1.095E+01 23 4.261E-10 1.000E+02 24 2.641E-03 3.101E-01 25 2.483E-03 4.630E-01 26 2.752E-03 7.075E-01
27 1.353E-03 1.000E+00
 22  22
 1 2.737E-05 8.965E+01  3 6.893E-06 5.521E+01  5 1.496E-05 1.000E+02  6 2.984E-05 2.624E+01  7 3.222E-04 5.012E+00
 8 2.870E-04 1.032E+01  9 6.993E-03 2.982E+00 10 6.512E-07 1.000E+02 11 2.058E-05 2.729E+01 12 9.758E-06 2.046E+01
13 1.980E-06 7.816E+01 14 8.922E-04 2.768E+01 15 1.343E-05 3.757E+01 16 1.847E-03 1.229E+00 17 1.060E-05 3.814E+01
18 9.795E-03 6.457E+00 21 4.632E-03 5.727E+00 22 1.365E-03 9.098E+00 24 2.854E-03 3.332E-01 25 2.056E-03 6.067E-01
26 2.585E-03 5.596E-01 27 1.422E-03 1.110E+00
 23  20
 3 2.313E-06 9.971E+01  6 1.176E-05 5.228E+01  7 3.396E-04 6.564E+00  8 2.589E-04 8.586E+00  9 7.421E-03 2.956E+00
10 2.920E-08 1.000E+02 11 1.738E-05 2.997E+01 12 1.162E-05 1.917E+01 13 2.010E-07 9.072E+01 14 9.102E-04 2.899E+01
15 2.980E-06 9.545E+01 16 1.812E-03 1.132E+00 17 7.767E-06 5.587E+01 18 7.950E-03 5.891E+00 21 4.874E-03 4.446E+00
22 1.431E-03 8.856E+00 24 3.000E-03 2.909E-01 25 1.805E-03 7.139E-01 26 2.533E-03 7.967E-01 27 1.521E-03 1.200E+00
 24  22
 1 3.639E-05 7.186E+01  3 1.993E-06 5.933E+01  5 5.819E-05 1.000E+02  6 1.559E-05 3.319E+01  7 3.879E-04 4.192E+00
 8 3.137E-04 9.847E+00  9 8.656E-03 2.659E+00 10 3.007E-06 9.866E+01 11 3.092E-05 3.563E+01 12 1.271E-05 2.489E+01
13 4.291E-07 8.195E+01 14 1.336E-03 2.015E+01 15 1.293E-05 6.578E+01 16 1.765E-03 1.131E+00 17 4.124E-06 6.532E+01
18 6.896E-03 7.005E+00 21 5.280E-03 3.716E+00 22 1.614E-03 1.076E+01 24 3.101E-03 3.132E-01 25 1.563E-03 7.116E-01
26 2.424E-03 6.880E-01 27 1.522E-03 8.854E-01
 25  21
 1 3.410E-05 6.911E+01  3 2.243E-06 1.000E+02  5 1.169E-04 5.752E+01  6 1.907E-05 4.861E+01  7 4.200E-04 6.092E+00
 8 3.355E-04 7.689E+00  9 9.756E-03 2.614E+00 11 2.526E-05 3.233E+01 12 1.512E-05 1.587E+01 13 3.324E-06 4.058E+01
14 1.244E-03 2.703E+01 15 6.392E-06 6.420E+01 16 1.839E-03 1.038E+00 17 1.384E-05 4.785E+01 18 5.917E-03 3.990E+00
21 6.494E-03 5.383E+00 22 1.999E-03 7.840E+00 24 3.197E-03 3.650E-01 25 1.369E-03 7.084E-01 26 2.367E-03 8.307E-01
27 1.577E-03 1.383E+00
 26  21
 3 7.255E-07 1.000E+02  5 2.712E-05 1.000E+02  6 1.641E-05 2.435E+01  7 5.055E-04 4.876E+00  8 3.993E-04 1.016E+01
 9 9.962E-03 2.264E+00 10 4.010E-06 9.438E+01 11 4.454E-05 2.442E+01 12 1.897E-05 1.420E+01 13 1.922E-06 4.018E+01
14 1.745E-03 2.131E+01 15 2.327E-05 5.760E+01 16 1.751E-03 1.194E+00 17 8.600E-06 4.227E+01 18 5.277E-03 7.049E+00
21 7.770E-03 4.458E+00 22 2.091E-03 7.582E+00 24 3.301E-03 3.256E-01 25 1.230E-03 9.205E-01 26 2.382E-03 8.883E-01
27 1.674E-03 1.172E+00
 27  22
 1 6.083E-07 1.000E+02  3 9.215E-06 6.761E+01  5 2.390E-04 4.620E+01  6 3.662E-05 3.844E+01  7 5.252E-04 4.930E+00
 8 4.160E-04 9.018E+00  9 1.060E-02 2.144E+00 10 1.512E-06 8.689E+01 11 3.270E-05 3.087E+01 12 2.868E-05 1.434E+01
13 2.150E-06 5.474E+01 14 1.351E-03 1.679E+01 15 3.010E-05 5.377E+01 16 1.780E-03 1.046E+00 17 7.710E-06 4.082E+01
18 4.366E-03 6.845E+00 21 8.443E-03 4.114E+00 22 2.037E-03 5.442E+00 24 3.359E-03 2.930E-01 25 1.106E-03 7.757E-01
26 2.321E-03 6.783E-01 27 1.671E-03 1.147E+00
 28  21
 3 7.612E-06 3.329E+01  5 1.035E-04 6.918E+01  6 3.854E-05 2.832E+01  7 6.026E-04 5.200E+00  8 4.462E-04 7.487E+00
 9 1.119E-02 2.623E+00 10 1.378E-06 7.564E+01 11 4.660E-05 2.407E+01 12 2.910E-05 1.148E+01 13 6.303E-07 9.073E+01
14 2.136E-03 1.783E+01 15 3.052E-05 4.937E+01 16 1.713E-03 1.295E+00 17 3.928E-05 4.919E+01 18 4.814E-03 6.699E+00
21 9.277E-03 3.750E+00 22 2.490E-03 7.122E+00 24 3.437E-03 3.590E-01 25 9.938E-04 9.076E-01 26 2.278E-03 8.393E-01
27 1.669E-03 1.144E+00
 29  24
 1 1.400E-04 5.651E+01  2 2.437E-07 1.000E+02  3 1.518E-05 5.012E+01  5 5.010E-05 8.926E+01  6 4.395E-05 3.560E+01
 7 6.575E-04 4.870E+00  8 5.284E-04 8.286E+00  9 1.062E-02 2.901E+00 10 4.628E-06 8.690E+01 11 4.272E-05 4.030E+01
12 3.208E-05 1.747E+01 13 9.661E-07 4.958E+01 14 2.179E-03 1.833E+01 15 1.336E-05 3.846E+01 16 1.751E-03 1.111E+00
17 3.278E-05 4.039E+01 18 3.857E-03 7.031E+00 21 1.107E-02 4.098E+00 22 2.948E-03 8.255E+00 23 3.626E-07 1.000E+02
24 3.512E-03 3.077E-01 25 8.551E-04 1.094E+00 26 2.222E-03 7.191E-01 27 1.714E-03 1.030E+00
 30  23
 1 3.155E-05 1.000E+02  3 1.825E-06 6.893E+01  5 1.832E-04 4.899E+01  6 3.699E-05 2.523E+01  7 7.445E-04 3.846E+00
 8 6.190E-04 6.893E+00  9 9.852E-03 1.561E+00 10 1.749E-06 9.856E+01 11 4.440E-05 1.650E+01 12 2.820E-05 1.663E+01
13 9.687E-07 6.770E+01 14 2.473E-03 1.543E+01 15 2.491E-05 3.993E+01 16 1.694E-03 9.937E-01 17 2.416E-05 3.746E+01
18 3.824E-03 7.035E+00 21 1.832E-02 3.468E+00 22 3.137E-03 6.061E+00 23 8.760E-09 1.000E+02 24 3.544E-03 3.512E-01
25 7.815E-04 1.079E+00 26 2.250E-03 8.921E-01 27 1.780E-03 1.243E+00
 31  22
 1 8.583E-05 8.731E+01  3 5.689E-06 4.519E+01  5 1.567E-04 5.546E+01  6 6.108E-05 2.762E+01  7 7.877E-04 4.619E+00
 8 5.789E-04 5.407E+00  9 9.112E-03 2.339E+00 10 2.083E-06 6.894E+01 11 3.780E-05 1.779E+01 12 4.055E-05 1.470E+01
13 3.646E-06 6.452E+01 14 3.268E-03 1.747E+01 15 2.892E-05 4.819E+01 16 1.688E-03 1.469E+00 17 1.556E-05 3.506E+01
18 3.052E-03 7.431E+00 21 2.354E-02 2.917E+00 22 3.628E-03 5.648E+00 24 3.577E-03 3.193E-01 25 6.963E-04 1.168E+00
26 2.208E-03 7.908E-01 27 1.773E-03 1.075E+00
 32  22
 1 3.191E-05 7.268E+01  3 1.078E-05 7.901E+01  5 1.020E-04 5.247E+01  6 2.662E-05 5.379E+01  7 8.640E-04 3.536E+00
 8 6.008E-04 5.909E+00  9 8.877E-03 2.252E+00 10 4.683E-06 5.124E+01 11 6.962E-05 2.121E+01 12 3.134E-05 1.674E+01
13 1.704E-06 5.178E+01 14 3.556E-03 1.066E+01 15 3.344E-05 4.327E+01 16 1.688E-03 1.035E+00 17 2.796E-05 4.662E+01
18 2.513E-03 9.969E+00 21 2.389E-02 2.757E+00 22 4.013E-03 6.228E+00 24 3.633E-03 3.644E-01 25 6.299E-04 1.054E+00
26 2.192E-03 7.669E-01 27 1.791E-03 9.976E-01
 33  22
 1 3.036E-06 1.000E+02  3 7.571E-06 6.879E+01  5 6.879E-05 6.821E+01  6 8.080E-05 3.014E+01  7 9.451E-04 4.165E+00
 8 8.565E-04 6.686E+00  9 8.455E-03 2.149E+00 10 1.742E-06 9.602E+01 11 6.405E-05 1.997E+01 12 4.467E-05 1.616E+01
13 1.588E-06 5.320E+01 14 2.959E-03 1.688E+01 15 3.171E-05 3.785E+01 16 1.690E-03 1.019E+00 17 2.314E-05 3.049E+01
18 2.379E-03 1.175E+01 21 2.543E-02 2.232E+00 22 4.197E-03 4.715E+00 24 3.656E-03 3.423E-01 25 5.684E-04 1.309E+00
26 2.205E-03 7.771E-01 27 1.847E-03 1.076E+00
 34  22
 1 1.704E-05 9.894E+01  3 4.543E-06 6.556E+01  5 1.030E-04 4.809E+01  6 3.445E-05 2.192E+01  7 1.093E-03 3.948E+00
 8 9.153E-04 5.932E+00  9 8.675E-03 2.699E+00 10 3.515E-06 4.553E+01 11 8.546E-05 1.062E+01 12 5.156E-05 1.144E+01
13 3.924E-06 3.886E+01 14 3.766E-03 1.365E+01 15 2.904E-05 3.956E+01 16 1.703E-03 1.358E+00 17 1.558E-05 3.094E+01
18 1.910E-03 8.468E+00 21 2.546E-02 2.855E+00 22 4.418E-03 5.625E+00 24 3.698E-03 3.715E-01 25 4.990E-04 1.624E+00
26 2.154E-03 8.690E-01 27 1.823E-03 8.395E-01
 35  22
 1 1.433E-05 7.742E+01  3 5.066E-06 8.181E+01  5 7.590E-05 5.943E+01  6 1.110E-04 2.183E+01  7 1.176E-03 2.737E+00
 8 9.798E-04 5.154E+00  9 8.683E-03 2.631E+00 10 2.996E-06 6.029E+01 11 8.569E-05 1.383E+01 12 4.697E-05 1.209E+01
13 5.825E-06 3.682E+01 14 4.897E-03 1.085E+01 15 1.660E-05 4.907E+01 16 1.670E-03 1.067E+00 17 2.519E-05 2.905E+01
18 1.675E-03 1.059E+01 21 2.737E-02 2.379E+00 22 4.945E-03 4.876E+00 24 3.726E-03 3.272E-01 25 4.487E-04 9.678E-01
26 2.136E-03 8.056E-01 27 1.838E-03 1.293E+00
 36  21
 3 8.035E-06 7.416E+01  5 3.117E-04 4.092E+01  6 4.113E-05 2.830E+01  7 1.230E-03 3.778E+00  8 1.050E-03 5.677E+00
 9 8.314E-03 3.005E+00 10 1.427E-06 4.805E+01 11 5.957E-05 2.047E+01 12 4.978E-05 1.075E+01 13 4.126E-06 3.592E+01
14 5.950E-03 1.347E+01 15 4.121E-05 4.053E+01 16 1.672E-03 1.098E+00 17 3.554E-05 3.015E+01 18 1.586E-03 1.365E+01
21 2.699E-02 2.668E+00 22 5.464E-03 4.582E+00 24 3.738E-03 3.556E-01 25 4.034E-04 1.544E+00 26 2.179E-03 6.828E-01
27 1.911E-03 8.442E-01
 37  21
 3 1.529E-06 6.813E+01  5 7.345E-05 4.799E+01  6 1.174E-04 2.732E+01  7 1.409E-03 2.858E+00  8 1.155E-03 5.149E+00
 9 8.073E-03 2.576E+00 10 3.069E-06 7.278E+01 11 1.051E-04 1.590E+01 12 5.157E-05 9.346E+00 13 6.690E-06 3.231E+01
14 4.767E-03 1.063E+01 15 5.947E-05 2.911E+01 16 1.647E-03 1.161E+00 17 6.925E-05 3.149E+01 18 1.643E-03 1.303E+01
21 2.762E-02 1.923E+00 22 5.772E-03 4.174E+00 24 3.753E-03 3.801E-01 25 3.588E-04 1.282E+00 26 2.151E-03 5.756E-01
27 1.920E-03 8.606E-01
 38  23
 1 8.191E-05 7.115E+01  3 1.209E-05 8.515E+01  5 6.411E-05 5.425E+01  6 6.664E-05 1.843E+01  7 1.534E-03 2.173E+00
 8 1.276E-03 4.438E+00  9 8.274E-03 2.534E+00 10 9.640E-06 7.698E+01 11 1.005E-04 1.154E+01 12 7.774E-05 8.797E+00
13 8.147E-06 3.310E+01 14 5.640E-03 1.041E+01 15 8.497E-05 3.482E+01 16 1.656E-03 1.033E+00 17 6.233E-05 2.522E+01
18 1.529E-03 8.552E+00 21 2.928E-02 2.947E+00 22 6.434E-03 4.106E+00 23 2.971E-08 1.000E+02 24 3.763E-03 3.386E-01
25 3.264E-04 1.557E+00 26 2.149E-03 8.401E-01 27 1.911E-03 9.614E-01
 39  22
 1 2.038E-05 7.749E+01  3 8.951E-06 5.903E+01  5 2.734E-04 3.783E+01  6 9.426E-05 1.482E+01  7 1.721E-03 2.586E+00
 8 1.537E-03 4.959E+00  9 8.456E-03 2.647E+00 10 8.882E-06 4.976E+01 11 1.605E-04 1.393E+01 12 6.948E-05 9.345E+00
13 4.656E-06 4.121E+01 14 5.916E-03 9.852E+00 15 8.536E-05 2.821E+01 16 1.675E-03 1.110E+00 17 9.009E-05 2.115E+01
18 1.150E-03 8.603E+00 21 2.629E-02 3.402E+00 22 7.751E-03 4.623E+00 24 3.783E-03 3.760E-01 25 3.036E-04 1.487E+00
26 2.175E-03 6.018E-01 27 1.967E-03 9.129E-01
 40  24
 1 9.786E-06 1.000E+02  2 6.170E-09 1.000E+02  3 7.274E-06 4.298E+01  5 2.189E-04 4.100E+01  6 1.726E-04 2.094E+01
 7 1.973E-03 2.684E+00  8 1.629E-03 3.526E+00  9 8.343E-03 2.595E+00 10 9.654E-06 3.837E+01 11 1.853E-04 1.813E+01
12 8.281E-05 5.193E+00 13 6.588E-06 3.748E+01 14 6.374E-03 1.331E+01 15 6.708E-05 2.636E+01 16 1.698E-03 1.447E+00
17 4.144E-05 2.305E+01 18 1.137E-03 1.297E+01 21 2.496E-02 2.329E+00 22 9.492E-03 4.150E+00 23 3.345E-07 9.761E+01
24 3.814E-03 3.409E-01 25 2.609E-04 2.032E+00 26 2.145E-03 8.457E-01 27 1.969E-03 1.168E+00
 41  24
 1 6.572E-05 7.358E+01  3 4.364E-06 5.310E+01  5 1.640E-04 2.640E+01  6 1.527E-04 1.396E+01  7 2.153E-03 2.459E+00
 8 1.991E-03 4.281E+00  9 8.551E-03 2.629E+00 10 3.659E-06 5.581E+01 11 1.306E-04 9.556E+00 12 1.023E-04 5.407E+00
13 8.060E-06 3.327E+01 14 6.836E-03 9.859E+00 15 8.168E-05 1.909E+01 16 1.653E-03 1.181E+00 17 7.279E-05 1.934E+01
18 1.063E-03 1.348E+01 19 7.689E-07 1.000E+02 21 2.390E-02 2.225E+00 22 9.315E-03 3.757E+00 23 7.321E-08 9.086E+01
24 3.840E-03 3.600E-01 25 2.410E-04 1.736E+00 26 2.170E-03 7.182E-01 27 1.970E-03 8.979E-01
 42  22
 1 6.302E-05 8.037E+01  3 1.680E-05 4.429E+01  5 3.158E-04 2.756E+01  6 1.657E-04 1.577E+01  7 2.556E-03 2.123E+00
 8 2.035E-03 4.329E+00  9 8.432E-03 1.637E+00 10 1.187E-05 4.874E+01 11 1.635E-04 8.789E+00 12 9.529E-05 8.393E+00
13 1.574E-05 3.796E+01 14 7.463E-03 9.861E+00 15 9.946E-05 2.231E+01 16 1.657E-03 1.009E+00 17 8.870E-05 1.760E+01
18 1.085E-03 1.454E+01 21 2.321E-02 2.553E+00 22 1.055E-02 3.015E+00 24 3.874E-03 2.554E-01 25 2.162E-04 1.746E+00
26 2.244E-03 8.455E-01 27 2.066E-03 1.186E+00
 43  22
 1 7.236E-05 6.483E+01  3 1.330E-05 3.774E+01  5 3.985E-04 2.804E+01  6 1.637E-04 1.344E+01  7 2.677E-03 1.947E+00
 8 2.270E-03 3.020E+00  9 7.926E-03 2.122E+00 10 1.150E-05 2.561E+01 11 2.052E-04 1.099E+01 12 1.196E-04 6.837E+00
13 5.823E-06 3.937E+01 14 8.643E-03 1.153E+01 15 5.974E-05 2.784E+01 16 1.637E-03 1.035E+00 17 8.518E-05 1.472E+01
18 8.151E-04 1.384E+01 21 1.774E-02 2.791E+00 22 1.215E-02 2.920E+00 24 3.860E-03 3.889E-01 25 1.979E-04 2.746E+00
26 2.240E-03 8.736E-01 27 2.065E-03 1.057E+00
 44  23
 1 3.461E-05 9.782E+01  3 5.884E-06 5.174E+01  5 4.095E-04 3.543E+01  6 2.126E-04 1.187E+01  7 2.966E-03 2.163E+00
 8 2.439E-03 3.801E+00  9 8.208E-03 2.770E+00 10 8.980E-06 3.763E+01 11 2.049E-04 1.132E+01 12 1.154E-04 9.210E+00
13 6.302E-06 2.921E+01 14 1.040E-02 9.454E+00 15 1.027E-04 1.981E+01 16 1.638E-03 8.427E-01 17 8.607E-05 2.634E+01
18 8.197E-04 1.765E+01 21 1.125E-02 3.502E+00 22 1.380E-02 4.447E+00 23 5.610E-07 5.523E+01 24 3.899E-03 3.058E-01
25 1.716E-04 2.548E+00 26 2.267E-03 1.012E+00 27 2.113E-03 1.352E+00
 45  23
 1 1.042E-04 4.395E+01  3 1.064E-05 3.820E+01  5 3.947E-04 3.990E+01  6 2.000E-04 1.208E+01  7 3.258E-03 1.477E+00
 8 2.851E-03 2.173E+00  9 8.034E-03 2.368E+00 10 9.817E-06 3.396E+01 11 2.006E-04 1.390E+01 12 1.284E-04 7.730E+00
13 7.948E-06 2.299E+01 14 1.139E-02 6.769E+00 15 8.914E-05 2.179E+01 16 1.621E-03 1.049E+00 17 6.819E-05 2.492E+01
18 4.445E-04 1.334E+01 21 9.233E-03 4.455E+00 22 1.494E-02 3.467E+00 23 8.596E-08 6.890E+01 24 3.884E-03 3.146E-01
25 1.569E-04 2.482E+00 26 2.309E-03 7.751E-01 27 2.166E-03 1.214E+00
 46  23
 1 2.353E-05 5.982E+01  3 7.315E-06 4.998E+01  5 6.885E-04 2.330E+01  6 1.946E-04 1.762E+01  7 3.734E-03 1.472E+00
 8 3.118E-03 2.918E+00  9 8.290E-03 2.854E+00 10 9.719E-06 4.943E+01 11 2.581E-04 1.189E+01 12 1.422E-04 6.163E+00
13 9.274E-06 1.955E+01 14 1.503E-02 8.199E+00 15 1.212E-04 2.449E+01 16 1.608E-03 1.300E+00 17 1.137E-04 1.907E+01
18 6.738E-04 1.848E+01 19 8.747E-06 1.000E+02 21 7.997E-03 4.949E+00 22 2.388E-02 2.486E+00 24 3.913E-03 3.117E-01
25 1.413E-04 2.241E+00 26 2.390E-03 7.234E-01 27 2.273E-03 8.796E-01
 47  23
 1 5.065E-05 5.594E+01  3 1.354E-05 3.431E+01  5 4.298E-04 2.883E+01  6 1.960E-04 1.007E+01  7 4.023E-03 1.567E+00
 8 3.622E-03 2.312E+00  9 8.056E-03 2.840E+00 10 1.366E-05 4.817E+01 11 2.791E-04 9.913E+00 12 1.680E-04 6.342E+00
13 1.258E-05 2.167E+01 14 1.801E-02 7.567E+00 15 1.799E-04 1.848E+01 16 1.631E-03 1.276E+00 17 9.064E-05 1.684E+01
18 4.694E-04 1.701E+01 21 6.827E-03 3.921E+00 22 3.558E-02 2.571E+00 23 9.493E-10 1.000E+02 24 3.942E-03 3.101E-01
25 1.269E-04 2.166E+00 26 2.456E-03 6.861E-01 27 2.360E-03 8.812E-01
 48  23
 1 1.914E-05 7.587E+01  3 1.269E-05 5.142E+01  5 5.744E-04 2.628E+01  6 3.114E-04 1.026E+01  7 4.514E-03 1.603E+00
 8 3.672E-03 2.945E+00  9 7.846E-03 2.809E+00 10 3.139E-05 2.841E+01 11 2.973E-04 1.091E+01 12 1.853E-04 5.626E+00
13 1.617E-05 2.109E+01 14 2.512E-02 7.342E+00 15 1.310E-04 1.996E+01 16 1.598E-03 1.040E+00 17 1.447E-04 1.678E+01
18 5.509E-04 1.687E+01 21 6.589E-03 5.956E+00 22 4.007E-02 2.228E+00 23 2.514E-08 1.000E+02 24 3.955E-03 3.218E-01
25 1.147E-04 3.253E+00 26 2.559E-03 8.144E-01 27 2.477E-03 1.069E+00
 49  24
 1 2.803E-05 6.993E+01  3 9.314E-06 3.203E+01  5 7.555E-04 3.505E+01  6 3.082E-04 1.262E+01  7 4.737E-03 1.848E+00
 8 4.679E-03 2.862E+00  9 7.686E-03 2.878E+00 10 2.207E-05 2.612E+01 11 3.428E-04 9.165E+00 12 1.936E-04 7.908E+00
13 2.024E-05 2.574E+01 14 2.614E-02 5.677E+00 15 1.716E-04 2.156E+01 16 1.610E-03 1.100E+00 17 1.288E-04 1.464E+01
18 4.575E-04 2.147E+01 19 1.657E-05 9.043E+01 21 5.643E-03 4.681E+00 22 3.748E-02 1.923E+00 23 1.626E-07 9.767E+01
24 3.981E-03 3.598E-01 25 1.032E-04 3.401E+00 26 3.382E-03 6.164E-01 27 3.748E-03 6.935E-01
 50  23
 1 9.199E-05 5.434E+01  3 7.296E-06 5.333E+01  5 4.912E-04 2.390E+01  6 3.155E-04 9.287E+00  7 5.502E-03 1.505E+00
 8 7.176E-03 1.966E+00  9 7.959E-03 2.968E+00 10 2.791E-05 3.172E+01 11 4.034E-04 1.022E+01 12 1.958E-04 4.091E+00
13 1.038E-05 2.439E+01 14 3.218E-02 5.328E+00 15 2.164E-04 1.524E+01 16 1.621E-03 1.067E+00 17 1.864E-04 1.276E+01
18 3.503E-04 2.514E+01 21 4.967E-03 4.473E+00 22 3.195E-02 2.532E+00 23 7.677E-08 1.000E+02 24 4.023E-03 3.729E-01
25 8.821E-05 2.759E+00 26 3.540E-03 7.667E-01 27 3.917E-03 1.012E+00
 51  23
 1 4.830E-05 5.945E+01  3 2.019E-05 3.616E+01  5 8.127E-04 2.183E+01  6 3.273E-04 9.060E+00  7 5.983E-03 1.556E+00
 8 7.639E-03 1.933E+00  9 7.569E-03 2.992E+00 10 2.786E-05 2.750E+01 11 4.593E-04 8.043E+00 12 2.455E-04 6.357E+00
13 2.021E-05 1.869E+01 14 2.845E-02 6.527E+00 15 1.849E-04 1.995E+01 16 1.617E-03 1.385E+00 17 2.083E-04 1.203E+01
18 3.398E-04 2.165E+01 21 4.523E-03 5.195E+00 22 2.299E-02 2.076E+00 23 7.205E-08 1.000E+02 24 4.019E-03 2.977E-01
25 8.221E-05 3.036E+00 26 3.593E-03 5.994E-01 27 4.009E-03 8.555E-01
 52  24
 1 8.624E-05 3.516E+01  3 2.325E-05 4.168E+01  5 7.446E-04 3.366E+01  6 4.715E-04 9.449E+00  7 6.635E-03 1.199E+00
 8 8.127E-03 1.365E+00  9 7.515E-03 2.627E+00 10 2.767E-05 2.740E+01 11 4.636E-04 6.728E+00 12 2.560E-04 5.367E+00
13 1.704E-05 1.583E+01 14 2.835E-02 5.213E+00 15 2.029E-04 1.386E+01 16 1.608E-03 9.256E-01 17 1.490E-04 1.542E+01
18 1.606E-04 1.816E+01 19 1.067E-06 1.000E+02 21 3.921E-03 6.424E+00 22 1.429E-02 3.140E+00 23 1.581E-08 1.000E+02
24 4.007E-03 3.425E-01 25 7.137E-05 2.743E+00 26 3.629E-03 6.103E-01 27 4.057E-03 7.546E-01
 53  23
 1 1.435E-04 3.754E+01  3 1.179E-05 4.254E+01  5 9.231E-04 1.884E+01  6 5.295E-04 9.412E+00  7 7.462E-03 1.239E+00
 8 8.604E-03 2.462E+00  9 7.534E-03 2.603E+00 10 2.981E-05 3.159E+01 11 4.840E-04 7.869E+00 12 2.747E-04 4.319E+00
13 2.452E-05 1.310E+01 14 2.315E-02 7.455E+00 15 2.373E-04 1.573E+01 16 1.573E-03 1.212E+00 17 2.038E-04 1.551E+01
18 1.757E-04 2.854E+01 21 3.705E-03 5.951E+00 22 1.250E-02 4.157E+00 23 3.164E-07 7.069E+01 24 4.021E-03 3.067E-01
25 6.339E-05 3.075E+00 26 3.702E-03 6.208E-01 27 4.125E-03 7.858E-01
 54  23
 1 2.509E-04 3.314E+01  3 9.554E-06 3.763E+01  5 7.758E-04 2.124E+01  6 4.336E-04 8.956E+00  7 8.438E-03 1.395E+00
 8 8.688E-03 1.877E+00  9 7.550E-03 2.913E+00 10 4.159E-05 2.085E+01 11 5.585E-04 7.244E+00 12 2.992E-04 4.362E+00
13 2.819E-05 1.899E+01 14 1.644E-02 8.606E+00 15 2.338E-04 1.856E+01 16 1.608E-03 1.061E+00 17 2.709E-04 1.506E+01
18 3.291E-04 3.300E+01 21 3.135E-03 6.521E+00 22 1.095E-02 2.967E+00 23 2.960E-07 7.122E+01 24 4.020E-03 3.277E-01
25 5.881E-05 4.683E+00 26 3.705E-03 6.585E-01 27 4.128E-03 9.074E-01
 55  25
 1 1.629E-04 4.137E+01  2 1.523E-08 1.000E+02  3 1.546E-05 3.166E+01  5 9.880E-04 1.777E+01  6 5.696E-04 9.633E+00
 7 1.444E-02 1.012E+00  8 9.481E-03 2.390E+00  9 6.991E-03 2.234E+00 10 4.370E-05 2.224E+01 11 6.164E-04 6.552E+00
12 3.781E-04 2.921E+00 13 3.076E-05 1.296E+01 14 1.145E-02 8.957E+00 15 3.399E-04 1.524E+01 16 1.615E-03 1.070E+00
17 3.024E-04 1.254E+01 18 1.547E-04 3.033E+01 19 1.558E-05 1.000E+02 21 2.776E-03 6.979E+00 22 9.995E-03 3.689E+00
23 1.606E-07 5.910E+01 24 4.047E-03 3.383E-01 25 5.587E-05 4.152E+00 26 3.712E-03 6.047E-01 27 4.116E-03 7.469E-01
 56  24
 1 1.809E-04 3.246E+01  2 8.426E-08 1.000E+02  3 2.887E-05 2.516E+01  5 9.842E-04 1.806E+01  6 6.693E-04 7.753E+00
 7 1.511E-02 1.159E+00  8 9.765E-03 2.135E+00  9 7.070E-03 2.299E+00 10 3.356E-05 2.239E+01 11 7.303E-04 6.980E+00
12 3.706E-04 4.569E+00 13 2.776E-05 1.470E+01 14 9.503E-03 7.650E+00 15 3.471E-04 1.955E+01 16 1.613E-03 1.144E+00
17 3.096E-04 1.199E+01 18 1.042E-04 2.876E+01 21 2.596E-03 6.027E+00 22 8.518E-03 4.875E+00 23 8.265E-07 4.351E+01
24 4.038E-03 3.823E-01 25 4.899E-05 4.053E+00 26 3.691E-03 8.148E-01 27 4.112E-03 8.332E-01
 57  24
 1 1.698E-04 4.155E+01  3 1.914E-05 3.433E+01  5 1.250E-03 2.376E+01  6 7.158E-04 7.214E+00  7 1.605E-02 9.543E-01
 8 9.980E-03 1.825E+00  9 7.417E-03 2.535E+00 10 4.294E-05 2.102E+01 11 7.984E-04 5.582E+00 12 4.667E-04 4.021E+00
13 3.025E-05 1.380E+01 14 8.012E-03 1.133E+01 15 3.842E-04 1.387E+01 16 1.561E-03 1.136E+00 17 3.203E-04 1.124E+01
18 1.923E-04 2.580E+01 19 6.844E-06 8.761E+01 21 2.339E-03 6.739E+00 22 8.389E-03 5.426E+00 23 3.378E-07 1.000E+02
24 4.035E-03 3.752E-01 25 4.451E-05 4.629E+00 26 3.704E-03 7.505E-01 27 4.108E-03 9.876E-01
 58  24
 1 2.054E-04 3.465E+01  3 2.614E-05 3.381E+01  5 1.490E-03 1.676E+01  6 7.572E-04 7.164E+00  7 1.665E-02 1.208E+00
 8 1.049E-02 2.630E+00  9 7.260E-03 2.739E+00 10 4.505E-05 2.129E+01 11 8.202E-04 5.132E+00 12 4.937E-04 4.600E+00
13 3.692E-05 1.613E+01 14 9.107E-03 7.985E+00 15 4.686E-04 1.600E+01 16 1.600E-03 1.548E+00 17 4.043E-04 1.341E+01
18 2.301E-04 2.346E+01 19 1.540E-05 1.000E+02 21 2.001E-03 6.548E+00 22 7.275E-03 5.796E+00 23 4.440E-08 1.000E+02
24 4.052E-03 2.882E-01 25 4.285E-05 4.414E+00 26 3.725E-03 5.192E-01 27 4.097E-03 5.985E-01
 59  24
 1 2.525E-04 3.397E+01  3 2.947E-05 2.972E+01  5 1.395E-03 1.656E+01  6 8.625E-04 7.562E+00  7 1.684E-02 1.192E+00
 8 1.065E-02 1.813E+00  9 7.237E-03 1.818E+00 10 3.998E-05 2.387E+01 11 1.043E-03 4.624E+00 12 5.306E-04 3.654E+00
13 3.133E-05 1.691E+01 14 7.267E-03 7.561E+00 15 5.019E-04 1.370E+01 16 1.584E-03 9.230E-01 17 3.928E-04 1.055E+01
18 1.390E-04 2.187E+01 19 5.034E-07 1.000E+02 21 2.279E-03 8.633E+00 22 6.380E-03 5.397E+00 23 5.752E-07 6.825E+01
24 4.061E-03 3.255E-01 25 3.490E-05 6.000E+00 26 3.702E-03 6.609E-01 27 4.112E-03 8.302E-01
 60  24
 1 3.359E-04 2.618E+01  3 2.607E-05 4.425E+01  5 1.513E-03 1.683E+01  6 1.003E-03 6.359E+00  7 1.731E-02 8.564E-01
 8 1.097E-02 1.760E+00  9 6.375E-03 2.614E+00 10 5.603E-05 2.323E+01 11 1.183E-03 5.173E+00 12 6.222E-04 2.842E+00
13 4.836E-05 1.516E+01 14 7.912E-03 1.005E+01 15 5.117E-04 1.260E+01 16 1.578E-03 1.316E+00 17 4.872E-04 1.066E+01
18 1.790E-04 3.700E+01 19 9.746E-06 1.000E+02 21 1.597E-03 9.395E+00 22 5.924E-03 5.468E+00 23 1.765E-07 9.324E+01
24 4.045E-03 3.014E-01 25 3.057E-05 5.005E+00 26 3.686E-03 7.055E-01 27 4.053E-03 8.106E-01
 61  24
 1 2.526E-04 4.141E+01  3 3.142E-05 2.189E+01  5 1.884E-03 1.657E+01  6 1.039E-03 6.321E+00  7 1.785E-02 1.041E+00
 8 1.112E-02 2.120E+00  9 6.525E-03 2.186E+00 10 6.748E-05 1.934E+01 11 1.188E-03 5.097E+00 12 6.268E-04 2.271E+00
13 5.042E-05 1.222E+01 14 6.152E-03 1.409E+01 15 5.189E-04 1.168E+01 16 1.525E-03 1.432E+00 17 4.865E-04 6.107E+00
18 1.211E-04 3.472E+01 20 3.043E-05 1.000E+02 21 1.860E-03 6.221E+00 22 6.023E-03 4.586E+00 23 6.457E-07 7.103E+01
24 4.041E-03 3.139E-01 25 3.049E-05 4.857E+00 26 3.634E-03 6.600E-01 27 3.974E-03 7.165E-01
 62  25
 1 2.528E-04 3.337E+01  3 2.375E-05 2.431E+01  5 2.421E-03 1.551E+01  6 1.243E-03 5.534E+00  7 1.790E-02 1.167E+00
 8 1.148E-02 1.734E+00  9 6.709E-03 2.552E+00 10 6.790E-05 1.517E+01 11 1.467E-03 4.754E+00 12 7.642E-04 2.492E+00
13 5.210E-05 9.020E+00 14 6.240E-03 9.655E+00 15 6.074E-04 1.073E+01 16 1.595E-03 1.260E+00 17 6.567E-04 9.564E+00
18 7.604E-05 3.834E+01 19 1.549E-05 9.547E+01 20 7.034E-07 1.000E+02 21 1.421E-03 9.659E+00 22 4.792E-03 4.822E+00
23 1.021E-06 5.652E+01 24 4.040E-03 3.056E-01 25 2.833E-05 5.791E+00 26 3.544E-03 6.162E-01 27 3.848E-03 7.374E-01
 63  25
 1 3.269E-04 3.050E+01  2 4.579E-07 1.000E+02  3 3.377E-05 2.823E+01  5 2.777E-03 1.622E+01  6 1.389E-03 6.085E+00
 7 1.787E-02 7.909E-01  8 1.210E-02 1.751E+00  9 6.752E-03 2.573E+00 10 7.986E-05 1.524E+01 11 1.598E-03 3.229E+00
12 8.355E-04 2.584E+00 13 6.788E-05 1.358E+01 14 5.800E-03 1.245E+01 15 7.361E-04 9.856E+00 16 1.577E-03 1.347E+00
17 6.643E-04 9.866E+00 18 8.350E-05 4.620E+01 19 3.595E-06 1.000E+02 21 1.191E-03 1.142E+01 22 4.520E-03 4.194E+00
23 8.170E-07 3.795E+01 24 4.073E-03 2.928E-01 25 2.478E-05 5.481E+00 26 3.549E-03 7.374E-01 27 3.856E-03 8.824E-01
 64  25
 1 2.880E-04 2.809E+01  2 3.764E-07 1.000E+02  3 2.140E-05 3.179E+01  5 2.929E-03 1.183E+01  6 1.580E-03 3.923E+00
 7 1.804E-02 1.021E+00  8 1.250E-02 1.734E+00  9 6.152E-03 2.703E+00 10 7.241E-05 1.779E+01 11 1.627E-03 3.682E+00
12 9.544E-04 2.343E+00 13 7.176E-05 8.230E+00 14 4.448E-03 1.252E+01 15 7.264E-04 9.428E+00 16 1.593E-03 1.292E+00
17 7.629E-04 6.939E+00 18 6.325E-05 4.777E+01 19 1.959E-05 6.997E+01 21 1.294E-03 1.059E+01 22 4.317E-03 5.357E+00
23 6.479E-07 4.381E+01 24 4.043E-03 3.222E-01 25 2.140E-05 5.606E+00 26 3.379E-03 6.339E-01 27 3.572E-03 8.630E-01
 65  24
 1 5.299E-04 4.085E+01  3 4.505E-05 2.180E+01  5 2.683E-03 1.018E+01  6 1.697E-03 3.494E+00  7 1.847E-02 9.258E-01
 8 1.340E-02 1.627E+00  9 6.507E-03 2.488E+00 10 1.170E-04 1.327E+01 11 2.006E-03 3.915E+00 12 1.056E-03 2.716E+00
13 6.646E-05 9.458E+00 14 4.063E-03 1.237E+01 15 8.626E-04 9.441E+00 16 1.636E-03 1.106E+00 17 8.681E-04 5.978E+00
18 8.729E-05 3.006E+01 19 3.300E-06 1.000E+02 21 9.948E-04 1.293E+01 22 3.680E-03 4.507E+00 23 3.476E-07 7.317E+01
24 3.988E-03 2.859E-01 25 1.916E-05 4.873E+00 26 2.532E-03 6.488E-01 27 2.233E-03 9.707E-01
 66  24
 1 3.860E-04 2.388E+01  2 1.095E-06 7.756E+01  3 3.694E-05 2.383E+01  5 3.811E-03 1.172E+01  6 1.960E-03 3.725E+00
 7 1.880E-02 9.291E-01  8 1.421E-02 1.923E+00  9 6.027E-03 2.642E+00 10 7.620E-05 1.854E+01 11 2.447E-03 3.084E+00
12 1.168E-03 3.054E+00 13 8.537E-05 1.443E+01 14 3.972E-03 1.346E+01 15 8.611E-04 5.225E+00 16 1.630E-03 1.093E+00
17 9.079E-04 6.840E+00 18 7.296E-05 5.824E+01 21 9.219E-04 1.120E+01 22 3.467E-03 6.319E+00 23 1.535E-06 5.096E+01
24 3.998E-03 3.347E-01 25 1.640E-05 6.028E+00 26 2.430E-03 7.940E-01 27 2.063E-03 1.158E+00
 67  25
 1 4.717E-04 2.590E+01  2 4.490E-08 1.000E+02  3 4.984E-05 2.046E+01  5 4.778E-03 9.813E+00  6 2.020E-03 3.628E+00
 7 1.810E-02 6.952E-01  8 1.486E-02 1.468E+00  9 6.163E-03 3.067E+00 10 1.593E-04 1.093E+01 11 2.439E-03 3.166E+00
12 1.346E-03 1.960E+00 13 9.850E-05 8.707E+00 14 3.719E-03 1.189E+01 15 1.079E-03 9.038E+00 16 1.585E-03 1.391E+00
17 1.035E-03 5.625E+00 18 4.102E-05 3.398E+01 19 4.655E-05 6.437E+01 21 8.190E-04 8.591E+00 22 3.056E-03 6.341E+00
23 6.330E-07 5.144E+01 24 3.987E-03 2.727E-01 25 1.618E-05 7.133E+00 26 2.380E-03 6.574E-01 27 2.000E-03 8.421E-01
 68  24
 1 5.462E-04 2.123E+01  3 5.032E-05 2.923E+01  5 3.849E-03 8.824E+00  6 2.404E-03 4.201E+00  7 1.730E-02 1.053E+00
 8 1.513E-02 1.269E+00  9 5.709E-03 2.999E+00 10 1.123E-04 1.524E+01 11 2.758E-03 3.408E+00 12 1.499E-03 2.159E+00
13 9.344E-05 7.465E+00 14 2.774E-03 1.291E+01 15 1.131E-03 7.093E+00 16 1.577E-03 1.389E+00 17 1.043E-03 7.657E+00
18 5.644E-05 4.741E+01 19 2.801E-05 1.000E+02 21 7.214E-04 1.138E+01 22 2.898E-03 6.447E+00 23 1.392E-06 3.128E+01
24 3.959E-03 3.642E-01 25 1.525E-05 7.441E+00 26 2.331E-03 1.116E+00 27 1.917E-03 1.265E+00
 69  23
 1 6.160E-04 2.725E+01  3 3.575E-05 2.071E+01  5 4.420E-03 8.307E+00  6 2.726E-03 3.444E+00  7 1.588E-02 7.988E-01
 8 2.550E-02 1.413E+00  9 3.399E-03 2.827E+00 10 1.435E-04 1.147E+01 11 3.288E-03 2.844E+00 12 1.645E-03 2.273E+00
13 1.060E-04 6.848E+00 14 3.136E-03 1.242E+01 15 1.478E-03 5.716E+00 16 1.647E-03 1.049E+00 17 1.432E-03 5.864E+00
18 6.763E-05 6.496E+01 21 5.372E-04 1.214E+01 22 2.458E-03 8.113E+00 23 3.947E-07 4.191E+01 24 3.986E-03 2.903E-01
25 1.315E-05 7.663E+00 26 2.285E-03 8.604E-01 27 1.849E-03 1.417E+00
 70  24
 1 5.555E-04 3.009E+01  3 8.252E-05 1.560E+01  5 6.612E-03 7.061E+00  6 2.896E-03 4.331E+00  7 1.358E-02 7.837E-01
 8 2.348E-02 1.451E+00  9 2.905E-03 3.412E+00 10 1.624E-04 1.379E+01 11 3.492E-03 2.964E+00 12 1.921E-03 1.196E+00
13 1.204E-04 6.544E+00 14 2.260E-03 1.448E+01 15 1.576E-03 7.677E+00 16 1.591E-03 1.426E+00 17 1.292E-03 4.672E+00
18 3.627E-05 5.865E+01 19 9.843E-06 7.296E+01 21 7.050E-04 1.079E+01 22 2.040E-03 6.737E+00 23 1.276E-06 4.551E+01
24 3.988E-03 3.245E-01 25 1.269E-05 7.016E+00 26 2.244E-03 9.747E-01 27 1.791E-03 1.223E+00
 71  26
 1 6.272E-04 2.343E+01  2 7.873E-07 1.000E+02  3 6.360E-05 2.104E+01  5 7.243E-03 7.292E+00  6 3.299E-03 3.360E+00
 7 1.211E-02 1.031E+00  8 1.963E-02 1.420E+00  9 2.513E-03 4.034E+00 10 1.905E-04 1.380E+01 11 4.194E-03 2.142E+00
12 2.147E-03 1.904E+00 13 1.295E-04 6.571E+00 14 2.614E-03 1.379E+01 15 1.521E-03 6.931E+00 16 1.604E-03 1.216E+00
17 1.726E-03 6.391E+00 18 5.367E-05 5.665E+01 19 4.735E-05 9.393E+01 20 1.390E-06 1.000E+02 21 5.424E-04 1.145E+01
22 2.133E-03 5.773E+00 23 1.081E-06 3.987E+01 24 3.986E-03 3.339E-01 25 1.066E-05 7.849E+00 26 2.223E-03 9.286E-01
27 1.753E-03 1.105E+00
 72  24
 1 7.912E-04 1.915E+01  3 5.230E-05 1.568E+01  5 6.556E-03 8.286E+00  6 3.645E-03 4.560E+00  7 1.149E-02 8.598E-01
 8 1.918E-02 1.428E+00  9 2.224E-03 3.866E+00 10 1.716E-04 1.198E+01 11 4.545E-03 2.648E+00 12 2.418E-03 1.705E+00
13 1.617E-04 8.688E+00 14 1.799E-03 2.109E+01 15 1.735E-03 7.420E+00 16 1.582E-03 1.119E+00 17 1.849E-03 5.258E+00
18 2.958E-05 4.139E+01 19 7.787E-06 6.642E+01 21 4.492E-04 1.868E+01 22 2.028E-03 7.489E+00 23 2.719E-06 2.316E+01
24 3.971E-03 3.193E-01 25 9.939E-06 7.262E+00 26 2.199E-03 6.771E-01 27 1.701E-03 1.062E+00
 73  25
 1 6.626E-04 2.574E+01  2 1.819E-07 1.000E+02  3 5.559E-05 2.440E+01  5 8.026E-03 5.354E+00  6 4.176E-03 4.392E+00
 7 1.150E-02 1.006E+00  8 2.336E-02 1.686E+00  9 1.912E-03 4.812E+00 10 2.363E-04 1.049E+01 11 5.406E-03 2.089E+00
12 2.700E-03 1.808E+00 13 1.702E-04 5.543E+00 14 1.938E-03 1.251E+01 15 1.952E-03 8.125E+00 16 1.618E-03 1.076E+00
17 1.914E-03 4.844E+00 18 2.751E-05 5.100E+01 19 7.234E-05 7.818E+01 21 5.174E-04 1.193E+01 22 1.723E-03 8.390E+00
23 2.900E-06 3.315E+01 24 3.996E-03 3.471E-01 25 7.641E-06 7.788E+00 26 2.188E-03 8.821E-01 27 1.677E-03 1.505E+00
 74  24
 1 1.009E-03 1.499E+01  3 6.951E-05 1.697E+01  5 8.912E-03 6.733E+00  6 4.875E-03 3.263E+00  7 1.237E-02 1.135E+00
 8 2.354E-02 1.430E+00  9 1.825E-03 3.419E+00 10 2.592E-04 8.480E+00 11 6.205E-03 1.847E+00 12 3.144E-03 1.165E+00
13 1.886E-04 5.950E+00 14 2.577E-03 1.534E+01 15 2.086E-03 5.868E+00 16 1.604E-03 9.503E-01 17 2.357E-03 3.879E+00
18 9.917E-05 6.711E+01 19 8.280E-05 5.461E+01 21 3.892E-04 1.574E+01 22 1.635E-03 6.296E+00 23 1.025E-06 3.524E+01
24 3.966E-03 3.342E-01 25 7.907E-06 1.324E+01 26 2.172E-03 1.043E+00 27 1.630E-03 1.395E+00
 75  24
 1 1.237E-03 1.713E+01  3 1.023E-04 1.650E+01  5 9.789E-03 7.967E+00  6 6.453E-03 3.604E+00  7 7.411E-03 9.841E-01
 8 1.065E-02 1.910E+00  9 1.692E-03 5.020E+00 10 2.827E-04 1.046E+01 11 8.517E-03 2.487E+00 12 4.674E-03 1.120E+00
13 2.143E-04 5.964E+00 14 1.165E-03 2.408E+01 15 2.632E-03 6.596E+00 16 1.644E-03 1.366E+00 17 2.302E-03 4.398E+00
18 1.428E-05 8.665E+01 19 6.515E-05 4.316E+01 21 2.581E-04 1.955E+01 22 1.254E-03 5.856E+00 23 1.886E-06 2.884E+01
24 3.977E-03 3.924E-01 25 7.278E-06 1.046E+01 26 2.169E-03 1.072E+00 27 1.630E-03 1.446E+00
 76  25
 1 1.363E-03 1.554E+01  3 9.720E-05 1.632E+01  5 1.171E-02 8.201E+00  6 8.125E-03 2.404E+00  7 6.435E-03 1.610E+00
 8 9.412E-03 1.752E+00  9 1.557E-03 6.784E+00 10 3.330E-04 9.566E+00 11 1.198E-02 1.825E+00 12 5.278E-03 7.867E-01
13 2.208E-04 5.058E+00 14 1.425E-03 2.043E+01 15 2.636E-03 5.228E+00 16 1.578E-03 1.121E+00 17 2.805E-03 4.632E+00
18 3.623E-05 6.848E+01 19 4.702E-05 4.681E+01 20 7.789E-06 9.147E+01 21 4.260E-04 1.313E+01 22 1.318E-03 8.469E+00
23 2.931E-06 3.112E+01 24 3.974E-03 3.025E-01 25 6.565E-06 8.910E+00 26 2.161E-03 1.196E+00 27 1.570E-03 1.340E+00
 77  26
 1 9.312E-04 1.601E+01  2 2.489E-09 1.000E+02  3 7.237E-05 1.718E+01  5 2.282E-02 5.446E+00  6 9.556E-03 2.102E+00
 7 5.623E-03 1.675E+00  8 7.990E-03 2.338E+00  9 1.217E-03 4.806E+00 10 3.133E-04 7.783E+00 11 1.470E-02 1.630E+00
12 6.017E-03 1.154E+00 13 2.619E-04 5.739E+00 14 1.304E-03 2.286E+01 15 3.066E-03 5.809E+00 16 1.650E-03 9.710E-01
17 3.155E-03 4.098E+00 18 5.448E-05 5.807E+01 19 2.751E-05 7.777E+01 20 1.560E-05 1.000E+02 21 3.393E-04 1.245E+01
22 1.145E-03 7.396E+00 23 3.609E-06 3.650E+01 24 3.969E-03 3.788E-01 25 5.001E-06 1.338E+01 26 2.163E-03 9.105E-01
27 1.575E-03 1.533E+00
 78  26
 1 1.733E-03 1.227E+01  2 1.542E-07 1.000E+02  3 8.404E-05 1.327E+01  5 2.204E-02 5.685E+00  6 1.076E-02 2.243E+00
 7 5.218E-03 1.905E+00  8 6.869E-03 1.832E+00  9 1.156E-03 6.611E+00 10 3.350E-04 7.655E+00 11 1.681E-02 1.424E+00
12 6.417E-03 9.165E-01 13 2.670E-04 4.614E+00 14 1.157E-03 2.388E+01 15 3.420E-03 4.645E+00 16 1.630E-03 1.083E+00
17 3.571E-03 3.971E+00 18 4.183E-05 7.532E+01 19 7.441E-05 5.081E+01 20 1.365E-06 8.390E+01 21 3.057E-04 1.350E+01
22 1.183E-03 9.971E+00 23 3.918E-06 2.758E+01 24 3.967E-03 3.549E-01 25 6.676E-06 1.296E+01 26 2.177E-03 9.789E-01
27 1.530E-03 1.375E+00
 79  26
 1 2.267E-03 1.072E+01  2 1.331E-06 1.000E+02  3 1.089E-04 1.240E+01  5 2.340E-02 4.835E+00  6 1.147E-02 2.297E+00
 7 4.751E-03 1.233E+00  8 6.463E-03 1.993E+00  9 1.012E-03 4.300E+00 10 3.855E-04 6.650E+00 11 1.945E-02 1.586E+00
12 6.888E-03 8.772E-01 13 3.162E-04 5.194E+00 14 1.191E-03 2.180E+01 15 3.620E-03 4.675E+00 16 1.597E-03 8.453E-01
17 3.717E-03 3.804E+00 18 2.875E-05 4.709E+01 19 8.119E-06 7.536E+01 20 3.562E-06 8.245E+01 21 2.715E-04 1.599E+01
22 8.083E-04 9.304E+00 23 4.084E-06 3.601E+01 24 3.959E-03 3.382E-01 25 5.882E-06 1.177E+01 26 2.152E-03 8.967E-01
27 1.522E-03 1.514E+00
 80  24
 1 2.228E-03 1.035E+01  3 1.221E-04 1.397E+01  5 2.419E-02 6.694E+00  6 1.224E-02 2.116E+00  7 4.176E-03 1.536E+00
 8 5.689E-03 2.833E+00  9 9.585E-04 5.722E+00 10 3.844E-04 7.709E+00 11 2.212E-02 1.154E+00 12 7.477E-03 1.290E+00
13 3.417E-04 3.516E+00 14 9.924E-04 1.881E+01 15 3.906E-03 4.299E+00 16 1.618E-03 1.201E+00 17 4.225E-03 2.667E+00
18 2.268E-05 5.352E+01 19 2.226E-05 9.831E+01 21 1.067E-04 2.793E+01 22 8.114E-04 9.364E+00 23 1.908E-06 2.839E+01
24 3.957E-03 3.584E-01 25 4.074E-06 1.315E+01 26 2.174E-03 7.452E-01 27 1.527E-03 1.247E+00
 81  26
 1 2.606E-03 1.756E+01  2 1.529E-06 6.494E+01  3 1.815E-04 1.367E+01  5 2.314E-02 5.876E+00  6 1.349E-02 2.070E+00
 7 3.708E-03 1.364E+00  8 5.146E-03 1.840E+00  9 8.711E-04 6.271E+00 10 5.037E-04 6.895E+00 11 2.325E-02 1.144E+00
12 8.192E-03 1.102E+00 13 3.457E-04 2.506E+00 14 7.904E-04 2.545E+01 15 4.520E-03 3.764E+00 16 1.598E-03 1.306E+00
17 4.947E-03 4.107E+00 18 1.076E-04 4.440E+01 19 1.261E-04 5.041E+01 20 1.235E-06 1.000E+02 21 2.486E-04 1.795E+01
22 7.198E-04 1.253E+01 23 3.281E-06 2.854E+01 24 3.970E-03 2.867E-01 25 4.376E-06 1.589E+01 26 2.193E-03 6.352E-01
27 1.528E-03 8.896E-01
 82  26
 1 2.226E-03 1.206E+01  2 1.210E-06 9.609E+01  3 1.632E-04 9.526E+00  5 2.187E-02 4.935E+00  6 1.424E-02 1.722E+00
 7 3.321E-03 1.795E+00  8 4.617E-03 2.405E+00  9 8.690E-04 6.513E+00 10 5.525E-04 5.903E+00 11 2.419E-02 1.310E+00
12 8.782E-03 8.664E-01 13 4.253E-04 6.702E+00 14 6.009E-04 2.832E+01 15 4.943E-03 3.489E+00 16 1.557E-03 1.194E+00
17 5.535E-03 2.558E+00 18 4.381E-05 6.928E+01 19 9.833E-05 4.779E+01 20 1.664E-05 6.973E+01 21 1.375E-04 2.373E+01
22 5.282E-04 1.255E+01 23 2.816E-06 3.127E+01 24 3.976E-03 3.646E-01 25 3.624E-06 1.222E+01 26 2.230E-03 8.188E-01
27 1.539E-03 1.174E+00
 83  26
 1 2.790E-03 1.158E+01  2 1.106E-06 7.373E+01  3 1.306E-04 9.719E+00  5 2.116E-02 6.719E+00  6 1.450E-02 1.741E+00
 7 3.106E-03 1.903E+00  8 4.150E-03 3.646E+00  9 7.560E-04 7.376E+00 10 6.294E-04 4.926E+00 11 2.538E-02 1.220E+00
12 9.207E-03 8.357E-01 13 4.553E-04 3.683E+00 14 5.681E-04 2.436E+01 15 5.320E-03 2.791E+00 16 1.605E-03 1.107E+00
17 6.883E-03 2.522E+00 18 2.395E-05 1.000E+02 19 9.761E-05 4.504E+01 20 3.154E-05 8.229E+01 21 1.960E-04 2.362E+01
22 6.911E-04 1.322E+01 23 5.696E-06 2.030E+01 24 3.972E-03 3.199E-01 25 4.125E-06 1.481E+01 26 2.226E-03 7.513E-01
27 1.492E-03 1.342E+00
 84  25
 1 2.714E-03 9.990E+00  2 1.061E-07 1.000E+02  3 1.562E-04 1.315E+01  5 2.111E-02 6.358E+00  6 1.543E-02 2.162E+00
 7 2.656E-03 1.961E+00  8 3.615E-03 3.435E+00  9 5.244E-04 1.179E+01 10 7.085E-04 5.296E+00 11 2.699E-02 1.339E+00
12 9.971E-03 1.236E+00 13 5.333E-04 3.225E+00 14 5.615E-04 3.082E+01 15 6.467E-03 3.461E+00 16 1.606E-03 9.955E-01
17 9.080E-03 2.755E+00 18 1.308E-05 8.951E+01 19 5.084E-05 5.694E+01 21 1.830E-04 2.716E+01 22 5.493E-04 1.232E+01
23 4.233E-06 3.216E+01 24 3.990E-03 4.030E-01 25 4.309E-06 1.247E+01 26 2.251E-03 1.073E+00 27 1.516E-03 1.335E+00
 85  26
 1 3.285E-03 1.425E+01  2 1.382E-06 9.156E+01  3 1.772E-04 1.296E+01  5 2.010E-02 5.847E+00  6 1.576E-02 2.092E+00
 7 2.417E-03 2.099E+00  8 3.469E-03 2.936E+00  9 4.771E-04 1.083E+01 10 6.800E-04 6.048E+00 11 2.610E-02 9.421E-01
12 1.056E-02 9.136E-01 13 5.835E-04 3.169E+00 14 7.660E-04 2.755E+01 15 6.942E-03 4.585E+00 16 1.608E-03 1.129E+00
17 1.118E-02 2.023E+00 18 8.532E-06 9.668E+01 19 1.677E-04 4.577E+01 20 2.595E-06 1.000E+02 21 1.473E-04 2.082E+01
22 4.611E-04 1.192E+01 23 4.860E-06 3.220E+01 24 3.969E-03 2.980E-01 25 2.279E-06 1.631E+01 26 2.283E-03 7.442E-01
27 1.516E-03 1.421E+00
 86  27
 1 3.973E-03 1.006E+01  2 6.849E-07 8.642E+01  3 1.832E-04 1.290E+01  4 7.912E-06 1.000E+02  5 1.835E-02 4.704E+00
 6 1.623E-02 1.693E+00  7 2.236E-03 2.194E+00  8 3.080E-03 2.566E+00  9 5.456E-04 7.204E+00 10 8.191E-04 5.197E+00
11 2.672E-02 1.639E+00 12 1.103E-02 7.355E-01 13 5.924E-04 3.278E+00 14 4.692E-04 3.264E+01 15 7.481E-03 3.714E+00
16 1.618E-03 1.098E+00 17 1.282E-02 1.970E+00 18 3.819E-06 1.000E+02 19 1.357E-04 4.441E+01 20 1.446E-07 1.000E+02
21 1.025E-04 2.909E+01 22 4.753E-04 1.219E+01 23 6.637E-06 2.436E+01 24 3.996E-03 2.632E-01 25 2.968E-06 1.866E+01
26 2.323E-03 5.710E-01 27 1.515E-03 1.093E+00
 87  26
 1 3.888E-03 1.026E+01  2 7.883E-07 7.338E+01  3 2.625E-04 9.899E+00  5 1.927E-02 7.099E+00  6 1.668E-02 1.974E+00
 7 1.955E-03 1.987E+00  8 2.622E-03 3.468E+00  9 4.128E-04 8.204E+00 10 9.170E-04 6.770E+00 11 2.608E-02 1.417E+00
12 1.153E-02 7.848E-01 13 6.793E-04 3.746E+00 14 2.857E-04 3.650E+01 15 8.661E-03 3.220E+00 16 1.620E-03 1.488E+00
17 1.432E-02 2.375E+00 18 1.983E-05 7.518E+01 19 5.170E-05 4.458E+01 20 3.352E-05 9.399E+01 21 8.953E-05 2.815E+01
22 3.567E-04 1.916E+01 23 1.157E-05 1.207E+01 24 3.961E-03 3.096E-01 25 2.495E-06 1.868E+01 26 2.391E-03 6.746E-01
27 1.535E-03 8.854E-01
 88  26
 1 5.148E-03 6.809E+00  2 3.207E-07 1.000E+02  3 2.266E-04 7.900E+00  5 1.823E-02 5.805E+00  6 1.683E-02 1.920E+00
 7 1.784E-03 1.997E+00  8 2.438E-03 3.284E+00  9 4.521E-04 9.309E+00 10 9.537E-04 5.240E+00 11 2.536E-02 1.170E+00
12 1.217E-02 9.301E-01 13 7.362E-04 2.447E+00 14 3.911E-04 3.212E+01 15 1.007E-02 4.210E+00 16 1.602E-03 1.150E+00
17 1.587E-02 1.954E+00 18 8.366E-08 1.000E+02 19 1.367E-04 4.103E+01 20 1.715E-05 1.000E+02 21 5.749E-05 2.771E+01
22 4.381E-04 1.538E+01 23 6.665E-06 1.602E+01 24 3.995E-03 2.826E-01 25 1.876E-06 1.605E+01 26 2.463E-03 8.891E-01
27 1.548E-03 1.397E+00
 89  26
 1 6.126E-03 7.672E+00  2 1.515E-08 6.772E+01  3 2.538E-04 1.080E+01  5 1.625E-02 5.039E+00  6 1.686E-02 2.357E+00
 7 1.601E-03 2.729E+00  8 2.405E-03 2.855E+00  9 3.829E-04 7.859E+00 10 1.136E-03 3.497E+00 11 2.456E-02 9.891E-01
12 1.278E-02 5.724E-01 13 8.287E-04 1.978E+00 14 3.309E-04 2.802E+01 15 1.181E-02 2.885E+00 16 1.608E-03 1.266E+00
17 1.705E-02 2.110E+00 18 1.803E-05 1.000E+02 19 1.377E-04 4.186E+01 20 1.276E-05 8.683E+01 21 1.005E-04 3.109E+01
22 3.723E-04 1.727E+01 23 5.733E-06 1.499E+01 24 4.022E-03 2.587E-01 25 2.373E-06 2.450E+01 26 2.530E-03 6.458E-01
27 1.580E-03 1.108E+00
 90  26
 1 6.191E-03 1.022E+01  2 2.747E-07 5.749E+01  3 2.766E-04 7.472E+00  5 1.264E-02 5.647E+00  6 1.665E-02 1.721E+00
 7 1.548E-03 2.920E+00  8 2.044E-03 3.158E+00  9 3.464E-04 9.652E+00 10 1.239E-03 4.186E+00 11 2.348E-02 1.447E+00
12 1.328E-02 1.033E+00 13 9.079E-04 1.820E+00 14 4.944E-04 3.516E+01 15 1.419E-02 2.472E+00 16 1.590E-03 1.313E+00
17 1.831E-02 1.842E+00 18 1.026E-05 1.000E+02 19 1.447E-04 3.239E+01 20 8.837E-06 8.238E+01 21 1.247E-04 2.758E+01
22 3.010E-04 1.914E+01 23 6.578E-06 1.908E+01 24 4.034E-03 2.914E-01 25 2.678E-06 1.906E+01 26 2.644E-03 7.986E-01
27 1.616E-03 1.074E+00
 91  26
 1 6.521E-03 8.574E+00  2 2.483E-06 6.534E+01  3 3.195E-04 8.123E+00  5 1.263E-02 6.140E+00  6 1.610E-02 1.549E+00
 7 1.262E-03 3.236E+00  8 1.687E-03 2.753E+00  9 3.606E-04 1.333E+01 10 1.318E-03 5.232E+00 11 2.035E-02 1.160E+00
12 1.282E-02 9.820E-01 13 1.034E-03 2.423E+00 14 3.102E-04 5.316E+01 15 1.490E-02 3.165E+00 16 1.598E-03 1.112E+00
17 1.837E-02 1.882E+00 18 7.992E-06 1.000E+02 19 1.670E-04 2.755E+01 20 2.585E-05 1.000E+02 21 8.990E-05 4.528E+01
22 2.456E-04 1.834E+01 23 9.492E-06 2.006E+01 24 4.115E-03 3.272E-01 25 2.002E-06 2.194E+01 26 4.030E-03 6.488E-01
27 2.513E-03 7.358E-01
 92  26
 1 6.494E-03 6.510E+00  2 7.949E-07 5.533E+01  3 3.323E-04 8.527E+00  5 1.010E-02 7.671E+00  6 1.587E-02 2.114E+00
 7 1.167E-03 3.951E+00  8 1.493E-03 3.111E+00  9 2.523E-04 1.256E+01 10 1.598E-03 4.877E+00 11 1.806E-02 1.468E+00
12 1.311E-02 7.430E-01 13 1.042E-03 2.270E+00 14 2.777E-04 3.681E+01 15 1.597E-02 3.011E+00 16 1.595E-03 1.009E+00
17 1.861E-02 2.195E+00 18 1.324E-07 1.000E+02 19 1.129E-04 3.149E+01 20 1.321E-05 7.511E+01 21 8.764E-05 2.203E+01
22 2.499E-04 1.383E+01 23 8.094E-06 2.011E+01 24 4.139E-03 3.199E-01 25 1.242E-06 2.295E+01 26 4.513E-03 5.100E-01
27 2.778E-03 8.111E-01
 93  26
 1 9.326E-03 7.254E+00  2 3.332E-06 4.317E+01  3 3.199E-04 8.831E+00  5 9.146E-03 7.484E+00  6 1.531E-02 1.678E+00
 7 1.020E-03 2.762E+00  8 1.308E-03 4.507E+00  9 2.415E-04 1.390E+01 10 1.555E-03 3.268E+00 11 1.532E-02 1.419E+00
12 1.374E-02 8.526E-01 13 1.196E-03 2.554E+00 14 1.482E-04 5.194E+01 15 1.709E-02 2.985E+00 16 1.577E-03 1.507E+00
17 1.894E-02 1.630E+00 18 8.483E-06 1.000E+02 19 1.813E-04 2.432E+01 20 7.975E-06 8.362E+01 21 6.203E-05 5.220E+01
22 1.168E-04 2.254E+01 23 1.362E-05 1.441E+01 24 4.135E-03 3.000E-01 25 1.532E-06 2.087E+01 26 4.576E-03 6.753E-01
27 2.821E-03 6.481E-01
 94  26
 1 1.001E-02 6.021E+00  2 5.754E-07 7.130E+01  3 4.130E-04 6.822E+00  5 9.667E-03 7.829E+00  6 1.595E-02 1.547E+00
 7 9.660E-04 3.217E+00  8 1.277E-03 4.156E+00  9 2.316E-04 1.280E+01 10 1.959E-03 4.072E+00 11 1.427E-02 1.728E+00
12 1.502E-02 7.139E-01 13 1.379E-03 2.182E+00 14 1.580E-04 6.074E+01 15 1.944E-02 2.126E+00 16 1.622E-03 1.225E+00
17 2.102E-02 1.898E+00 18 2.596E-06 1.000E+02 19 2.595E-04 3.192E+01 20 1.671E-05 9.708E+01 21 1.091E-04 3.981E+01
22 2.384E-04 2.045E+01 23 1.044E-05 2.216E+01 24 4.066E-03 3.060E-01 25 8.234E-07 2.740E+01 26 2.967E-03 7.430E-01
27 1.576E-03 1.413E+00
 95  25
 1 1.272E-02 5.523E+00  2 2.574E-06 4.761E+01  3 4.530E-04 8.054E+00  5 8.565E-03 7.360E+00  6 1.636E-02 1.777E+00
 7 8.363E-04 3.406E+00  8 1.242E-03 3.720E+00  9 2.162E-04 8.460E+00 10 2.185E-03 2.655E+00 11 1.110E-02 1.768E+00
12 1.540E-02 9.804E-01 13 1.630E-03 2.234E+00 14 2.665E-04 4.329E+01 15 2.944E-02 2.072E+00 16 1.561E-03 1.460E+00
17 2.105E-02 2.009E+00 19 3.114E-04 3.588E+01 20 2.503E-05 7.215E+01 21 6.893E-05 4.808E+01 22 2.430E-04 2.152E+01
23 1.413E-05 1.082E+01 24 4.051E-03 3.462E-01 25 9.036E-07 2.280E+01 26 2.921E-03 9.154E-01 27 1.514E-03 1.174E+00
 96  27
 1 1.463E-02 5.966E+00  2 7.659E-07 8.313E+01  3 4.940E-04 8.132E+00  4 9.554E-06 1.000E+02  5 6.347E-03 9.256E+00
 6 1.486E-02 1.986E+00  7 8.178E-04 3.872E+00  8 1.147E-03 5.500E+00  9 1.923E-04 1.546E+01 10 2.345E-03 3.624E+00
11 7.997E-03 2.057E+00 12 1.570E-02 6.939E-01 13 1.719E-03 2.403E+00 14 2.264E-04 3.964E+01 15 2.952E-02 1.691E+00
16 1.609E-03 7.901E-01 17 1.998E-02 1.922E+00 18 9.997E-06 1.000E+02 19 1.776E-04 2.144E+01 20 5.071E-06 5.989E+01
21 3.848E-05 4.362E+01 22 2.263E-04 2.420E+01 23 1.149E-05 1.504E+01 24 4.077E-03 2.871E-01 25 5.912E-07 3.217E+01
26 3.323E-03 7.481E-01 27 1.809E-03 9.720E-01
 97  26
 1 2.965E-02 3.002E+00  2 9.246E-07 4.682E+01  3 4.943E-04 5.835E+00  5 6.060E-03 9.118E+00  6 1.336E-02 1.445E+00
 7 7.084E-04 2.932E+00  8 9.236E-04 5.447E+00  9 1.231E-04 1.858E+01 10 2.455E-03 4.219E+00 11 5.655E-03 2.071E+00
12 1.532E-02 8.270E-01 13 1.804E-03 2.394E+00 14 1.271E-04 4.492E+01 15 2.590E-02 2.737E+00 16 1.556E-03 1.084E+00
17 1.834E-02 2.188E+00 18 1.134E-05 1.000E+02 19 3.770E-04 2.436E+01 20 3.538E-05 6.799E+01 21 5.780E-05 3.969E+01
22 1.532E-04 2.983E+01 23 1.267E-05 1.161E+01 24 4.123E-03 2.516E-01 25 9.618E-07 3.135E+01 26 4.651E-03 6.111E-01
27 2.801E-03 7.605E-01
 98  25
 1 3.413E-02 5.102E+00  2 2.966E-06 6.897E+01  3 5.364E-04 7.462E+00  5 4.704E-03 1.138E+01  6 1.366E-02 1.953E+00
 7 6.496E-04 3.031E+00  8 9.175E-04 6.597E+00  9 1.383E-04 1.210E+01 10 2.714E-03 2.586E+00 11 4.971E-03 1.954E+00
12 1.524E-02 1.128E+00 13 2.080E-03 1.871E+00 14 5.549E-05 6.578E+01 15 2.318E-02 1.806E+00 16 1.564E-03 1.005E+00
17 1.772E-02 1.929E+00 19 4.608E-04 2.364E+01 20 1.932E-05 7.165E+01 21 5.808E-05 3.046E+01 22 1.210E-04 1.984E+01
23 1.574E-05 1.567E+01 24 4.134E-03 2.807E-01 25 7.778E-07 2.940E+01 26 4.741E-03 6.628E-01 27 2.834E-03 9.251E-01
 99  25
 1 3.400E-02 4.224E+00  2 3.757E-06 5.213E+01  3 5.471E-04 6.309E+00  5 4.127E-03 1.025E+01  6 1.354E-02 1.442E+00
 7 5.419E-04 4.287E+00  8 6.791E-04 6.887E+00  9 9.405E-05 1.703E+01 10 2.876E-03 2.705E+00 11 4.486E-03 2.817E+00
12 1.578E-02 7.445E-01 13 2.354E-03 2.007E+00 14 1.879E-04 4.920E+01 15 2.006E-02 1.825E+00 16 1.573E-03 1.364E+00
17 1.750E-02 2.135E+00 19 4.295E-04 2.081E+01 20 5.950E-05 5.786E+01 21 7.523E-06 6.696E+01 22 2.297E-04 2.662E+01
23 1.821E-05 1.111E+01 24 4.083E-03 3.277E-01 25 4.870E-07 3.718E+01 26 4.075E-03 6.644E-01 27 2.326E-03 8.933E-01
100  25
 1 3.700E-02 3.650E+00  2 4.531E-06 4.609E+01  3 7.173E-04 6.176E+00  5 3.651E-03 1.109E+01  6 1.307E-02 1.934E+00
 7 5.018E-04 4.417E+00  8 6.974E-04 5.812E+00  9 1.471E-04 1.659E+01 10 3.492E-03 3.035E+00 11 3.980E-03 2.366E+00
12 1.690E-02 7.045E-01 13 2.661E-03 1.237E+00 14 3.649E-06 4.996E+01 15 1.695E-02 2.915E+00 16 1.570E-03 1.149E+00
17 1.732E-02 2.326E+00 19 6.730E-04 2.144E+01 20 4.412E-05 5.560E+01 21 3.790E-05 5.176E+01 22 1.155E-04 3.098E+01
23 2.404E-05 1.075E+01 24 4.033E-03 2.813E-01 25 6.718E-07 3.743E+01 26 3.081E-03 5.459E-01 27 1.544E-03 8.403E-01
101  25
 1 3.199E-02 3.550E+00  2 4.395E-06 4.405E+01  3 7.831E-04 5.122E+00  5 3.633E-03 1.129E+01  6 1.228E-02 2.542E+00
 7 4.787E-04 3.804E+00  8 5.512E-04 5.533E+00  9 9.985E-05 1.479E+01 10 3.765E-03 2.475E+00 11 3.635E-03 3.115E+00
12 1.697E-02 4.345E-01 13 3.009E-03 1.722E+00 15 1.238E-02 2.525E+00 16 1.577E-03 1.403E+00 17 1.581E-02 1.827E+00
18 1.975E-05 1.000E+02 19 7.303E-04 1.640E+01 20 5.357E-05 6.413E+01 21 2.254E-05 6.174E+01 22 1.155E-04 2.864E+01
23 2.393E-05 1.058E+01 24 4.045E-03 2.787E-01 25 5.150E-07 4.049E+01 26 3.095E-03 6.132E-01 27 1.554E-03 7.629E-01
102  26
 1 3.006E-02 3.917E+00  2 6.826E-06 3.919E+01  3 7.787E-04 6.922E+00  5 2.934E-03 1.146E+01  6 1.067E-02 2.144E+00
 7 4.653E-04 4.843E+00  8 5.908E-04 6.663E+00  9 7.495E-05 1.906E+01 10 4.049E-03 2.390E+00 11 3.001E-03 2.778E+00
12 1.604E-02 5.891E-01 13 3.193E-03 1.494E+00 14 3.963E-05 8.019E+01 15 1.024E-02 3.437E+00 16 1.577E-03 1.196E+00
17 1.339E-02 2.414E+00 18 3.786E-05 1.000E+02 19 6.443E-04 2.028E+01 20 9.740E-05 3.386E+01 21 1.138E-05 4.733E+01
22 1.117E-04 2.706E+01 23 2.481E-05 9.567E+00 24 4.069E-03 3.023E-01 25 6.654E-07 3.393E+01 26 4.117E-03 5.610E-01
27 2.300E-03 6.377E-01
103  27
 1 2.579E-02 3.712E+00  2 1.299E-06 4.495E+01  3 9.341E-04 5.061E+00  4 7.408E-05 1.000E+02  5 2.708E-03 1.017E+01
 6 9.731E-03 1.790E+00  7 4.059E-04 5.491E+00  8 4.906E-04 7.903E+00  9 1.052E-04 1.719E+01 10 4.695E-03 2.633E+00
11 2.592E-03 2.243E+00 12 1.539E-02 7.423E-01 13 3.688E-03 1.436E+00 14 1.492E-05 6.238E+01 15 8.865E-03 3.877E+00
16 1.562E-03 1.376E+00 17 1.187E-02 1.868E+00 18 2.435E-07 1.000E+02 19 5.906E-04 2.022E+01 20 7.406E-05 6.588E+01
21 1.503E-05 6.041E+01 22 6.318E-05 2.371E+01 23 2.236E-05 9.054E+00 24 4.138E-03 2.883E-01 25 6.039E-07 4.013E+01
26 4.903E-03 4.463E-01 27 2.870E-03 6.009E-01
104  26
 1 2.123E-02 4.889E+00  2 7.324E-06 3.717E+01  3 1.002E-03 4.934E+00  5 2.658E-03 1.261E+01  6 9.198E-03 2.705E+00
 7 3.158E-04 4.108E+00  8 4.650E-04 8.308E+00  9 5.943E-05 2.499E+01 10 5.311E-03 3.088E+00 11 2.332E-03 3.529E+00
12 1.518E-02 1.130E+00 13 4.027E-03 1.117E+00 14 1.242E-04 7.438E+01 15 7.879E-03 3.304E+00 16 1.567E-03 8.647E-01
17 9.905E-03 1.839E+00 18 2.195E-06 1.000E+02 19 8.883E-04 1.729E+01 20 9.908E-05 6.388E+01 21 6.590E-05 4.933E+01
22 6.423E-05 4.931E+01 23 3.005E-05 1.111E+01 24 4.110E-03 3.232E-01 25 7.109E-07 4.221E+01 26 4.830E-03 6.089E-01
27 2.822E-03 7.849E-01
105  26
 1 1.697E-02 4.209E+00  2 5.442E-06 3.525E+01  3 1.086E-03 6.316E+00  5 2.253E-03 1.316E+01  6 8.335E-03 2.329E+00
 7 3.261E-04 5.958E+00  8 3.968E-04 8.309E+00  9 5.603E-05 1.651E+01 10 6.205E-03 1.622E+00 11 2.198E-03 3.902E+00
12 1.587E-02 6.940E-01 13 4.742E-03 1.275E+00 14 8.165E-05 5.570E+01 15 7.807E-03 4.241E+00 16 1.602E-03 1.538E+00
17 8.876E-03 1.907E+00 18 2.736E-07 1.000E+02 19 1.045E-03 1.794E+01 20 2.429E-05 5.326E+01 21 3.891E-05 7.131E+01
22 8.789E-05 3.441E+01 23 3.396E-05 1.114E+01 24 4.049E-03 3.142E-01 25 6.052E-07 2.972E+01 26 3.556E-03 7.079E-01
27 1.844E-03 9.721E-01
106  26
 1 1.356E-02 6.438E+00  2 4.272E-06 5.311E+01  3 1.288E-03 5.128E+00  5 1.987E-03 1.130E+01  6 6.433E-03 2.460E+00
 7 2.673E-04 4.092E+00  8 3.727E-04 7.151E+00  9 7.405E-05 1.800E+01 10 7.082E-03 2.108E+00 11 1.904E-03 3.636E+00
12 1.487E-02 8.559E-01 13 5.573E-03 7.107E-01 14 6.864E-05 8.580E+01 15 7.027E-03 4.608E+00 16 1.558E-03 1.224E+00
17 6.755E-03 2.738E+00 18 1.478E-06 1.000E+02 19 8.288E-04 1.608E+01 20 1.089E-04 4.122E+01 21 1.293E-07 6.883E+01
22 2.723E-05 4.622E+01 23 3.558E-05 1.040E+01 24 4.002E-03 3.212E-01 25 4.199E-07 3.223E+01 26 3.255E-03 6.764E-01
27 1.603E-03 1.009E+00
107  26
 1 1.015E-02 8.731E+00  2 7.140E-06 3.518E+01  3 1.373E-03 3.516E+00  5 2.304E-03 1.528E+01  6 4.537E-03 3.193E+00
 7 2.344E-04 5.801E+00  8 3.387E-04 7.664E+00  9 4.667E-05 2.569E+01 10 8.292E-03 1.523E+00 11 1.710E-03 4.080E+00
12 7.330E-03 1.058E+00 13 6.366E-03 1.035E+00 14 4.181E-05 7.209E+01 15 5.894E-03 3.824E+00 16 1.602E-03 1.149E+00
17 5.338E-03 3.185E+00 18 5.137E-06 1.000E+02 19 1.251E-03 1.241E+01 20 6.729E-05 5.932E+01 21 3.338E-05 4.398E+01
22 4.654E-05 3.687E+01 23 3.998E-05 9.275E+00 24 3.997E-03 3.495E-01 25 3.332E-07 3.025E+01 26 3.327E-03 5.861E-01
27 1.622E-03 1.002E+00
108  25
 1 8.161E-03 7.734E+00  2 8.681E-06 4.242E+01  3 1.371E-03 5.011E+00  5 2.128E-03 1.450E+01  6 3.645E-03 3.213E+00
 7 2.270E-04 7.691E+00  8 2.711E-04 1.413E+01  9 2.080E-05 2.963E+01 10 1.005E-02 1.964E+00 11 1.306E-03 5.319E+00
12 5.373E-03 9.988E-01 13 1.131E-02 6.185E-01 14 1.233E-05 6.986E+01 15 5.131E-03 3.425E+00 16 1.597E-03 1.270E+00
17 3.932E-03 3.280E+00 19 1.011E-03 1.943E+01 20 1.346E-04 5.181E+01 21 7.759E-06 8.894E+01 22 1.482E-05 5.193E+01
23 3.169E-05 7.308E+00 24 3.932E-03 2.922E-01 25 2.940E-07 4.893E+01 26 5.029E-03 5.491E-01 27 2.953E-03 5.748E-01
109  25
 1 7.063E-03 9.006E+00  2 6.378E-06 3.576E+01  3 1.486E-03 3.252E+00  5 1.970E-03 1.677E+01  6 3.250E-03 2.701E+00
 7 1.904E-04 7.327E+00  8 2.486E-04 9.414E+00  9 5.923E-05 1.746E+01 10 1.492E-02 1.775E+00 11 1.239E-03 4.407E+00
12 4.830E-03 1.083E+00 13 1.171E-02 7.935E-01 14 2.397E-05 8.256E+01 15 4.531E-03 4.439E+00 16 1.576E-03 1.402E+00
17 3.353E-03 4.573E+00 19 1.708E-03 1.327E+01 20 3.118E-05 5.697E+01 21 6.045E-07 6.913E+01 22 2.822E-05 4.377E+01
23 3.509E-05 9.173E+00 24 3.953E-03 3.150E-01 25 4.774E-07 3.869E+01 26 5.160E-03 3.269E-01 27 3.031E-03 4.400E-01
110  25
 1 4.984E-03 7.471E+00  2 3.794E-06 4.924E+01  3 1.603E-03 3.480E+00  5 1.351E-03 1.986E+01  6 2.746E-03 3.234E+00
 7 1.860E-04 4.599E+00  8 2.507E-04 9.479E+00  9 3.107E-05 2.997E+01 10 1.834E-02 1.857E+00 11 1.068E-03 5.030E+00
12 4.343E-03 1.072E+00 13 1.244E-02 8.565E-01 14 6.503E-05 9.939E+01 15 3.906E-03 3.686E+00 16 1.578E-03 1.113E+00
17 3.257E-03 4.233E+00 19 1.693E-03 1.623E+01 20 1.324E-04 4.622E+01 21 1.724E-05 7.445E+01 22 5.934E-05 3.498E+01
23 3.782E-05 7.842E+00 24 3.897E-03 3.051E-01 25 3.028E-07 3.987E+01 26 4.726E-03 5.640E-01 27 2.716E-03 6.460E-01
111  26
 1 5.813E-03 1.189E+01  2 7.678E-06 4.906E+01  3 1.932E-03 4.858E+00  4 1.594E-05 1.000E+02  5 1.574E-03 2.356E+01
 6 2.808E-03 4.868E+00  7 1.514E-04 9.401E+00  8 2.589E-04 1.053E+01  9 3.565E-05 2.564E+01 10 2.212E-02 1.266E+00
11 1.003E-03 6.132E+00 12 4.081E-03 1.118E+00 13 1.361E-02 8.416E-01 14 9.487E-06 9.701E+01 15 4.242E-03 3.206E+00
16 1.621E-03 7.614E-01 17 2.874E-03 2.630E+00 19 2.064E-03 1.612E+01 20 9.748E-05 6.186E+01 21 3.424E-05 6.797E+01
22 4.784E-05 3.782E+01 23 4.408E-05 6.461E+00 24 3.795E-03 3.479E-01 25 1.518E-07 4.370E+01 26 3.364E-03 7.867E-01
27 1.656E-03 1.001E+00
112  25
 1 4.610E-03 6.919E+00  2 2.523E-06 3.027E+01  3 1.973E-03 2.992E+00  5 1.082E-03 1.840E+01  6 2.742E-03 3.716E+00
 7 1.463E-04 8.024E+00  8 2.114E-04 1.394E+01  9 3.000E-05 2.710E+01 10 2.384E-02 1.497E+00 11 1.038E-03 5.306E+00
12 3.785E-03 1.136E+00 13 1.364E-02 7.003E-01 14 4.507E-07 1.000E+02 15 3.654E-03 4.128E+00 16 1.598E-03 1.048E+00
17 2.951E-03 5.406E+00 19 2.420E-03 1.208E+01 20 2.763E-04 3.643E+01 21 4.407E-06 6.912E+01 22 1.713E-05 5.359E+01
23 4.818E-05 6.662E+00 24 3.793E-03 3.365E-01 25 4.629E-07 4.624E+01 26 3.362E-03 5.727E-01 27 1.650E-03 7.293E-01
113  24
 1 4.453E-03 7.909E+00  2 5.530E-06 3.313E+01  3 2.086E-03 3.266E+00  5 8.049E-04 2.527E+01  6 2.271E-03 3.260E+00
 7 1.786E-04 7.295E+00  8 2.232E-04 1.121E+01  9 4.293E-05 2.253E+01 10 2.456E-02 1.279E+00 11 9.225E-04 5.623E+00
12 3.399E-03 1.181E+00 13 1.316E-02 8.734E-01 15 3.206E-03 5.415E+00 16 1.600E-03 1.019E+00 17 2.544E-03 4.009E+00
19 2.439E-03 1.284E+01 20 9.933E-05 5.344E+01 21 1.146E-06 9.407E+01 22 4.546E-05 4.594E+01 23 5.194E-05 7.181E+00
24 3.870E-03 3.368E-01 25 5.441E-10 1.000E+02 26 4.108E-03 5.905E-01 27 2.192E-03 7.377E-01
114  25
 1 4.094E-03 1.019E+01  2 9.454E-06 3.585E+01  3 2.409E-03 2.849E+00  5 9.436E-04 1.954E+01  6 2.167E-03 4.484E+00
 7 1.246E-04 8.568E+00  8 1.381E-04 1.334E+01  9 2.156E-05 3.424E+01 10 2.307E-02 1.027E+00 11 7.957E-04 6.121E+00
12 2.973E-03 1.427E+00 13 1.270E-02 9.344E-01 14 3.885E-05 6.900E+01 15 3.106E-03 4.375E+00 16 1.641E-03 9.614E-01
17 2.138E-03 4.148E+00 19 2.138E-03 9.872E+00 20 2.278E-04 3.473E+01 21 2.467E-06 8.198E+01 22 8.510E-06 6.303E+01
23 5.681E-05 8.580E+00 24 3.928E-03 3.037E-01 25 4.194E-09 7.111E+01 26 5.168E-03 5.791E-01 27 3.000E-03 8.037E-01
115  26
 1 3.457E-03 8.990E+00  2 1.093E-05 3.189E+01  3 2.568E-03 3.190E+00  5 8.618E-04 1.782E+01  6 1.819E-03 5.534E+00
 7 1.201E-04 7.302E+00  8 1.697E-04 1.616E+01  9 2.550E-05 3.189E+01 10 2.299E-02 1.486E+00 11 7.815E-04 5.051E+00
12 2.750E-03 1.332E+00 13 1.289E-02 8.353E-01 14 3.685E-06 1.000E+02 15 2.828E-03 5.499E+00 16 1.604E-03 1.126E+00
17 2.137E-03 6.091E+00 18 9.367E-07 1.000E+02 19 2.263E-03 1.345E+01 20 3.683E-04 3.084E+01 21 1.825E-06 9.645E+01
22 1.282E-05 5.561E+01 23 5.969E-05 6.760E+00 24 3.928E-03 3.265E-01 25 3.527E-07 5.511E+01 26 5.190E-03 3.961E-01
27 2.984E-03 5.965E-01
116  24
 1 3.531E-03 1.304E+01  2 3.467E-06 3.134E+01  3 2.895E-03 2.845E+00  5 9.091E-04 2.428E+01  6 1.774E-03 5.029E+00
 7 9.112E-05 7.241E+00  8 1.203E-04 1.050E+01  9 1.776E-05 3.338E+01 10 2.440E-02 1.088E+00 11 6.896E-04 4.514E+00
12 2.528E-03 2.225E+00 13 1.354E-02 7.854E-01 14 6.120E-05 1.000E+02 15 2.614E-03 5.586E+00 16 1.634E-03 1.164E+00
17 1.948E-03 4.510E+00 19 2.701E-03 1.212E+01 20 6.736E-05 3.366E+01 22 1.910E-05 5.696E+01 23 6.362E-05 6.415E+00
24 3.858E-03 3.467E-01 25 6.033E-08 4.578E+01 26 4.129E-03 7.021E-01 27 2.179E-03 9.066E-01
117  25
 1 2.773E-03 8.165E+00  2 6.517E-06 2.266E+01  3 5.666E-03 2.011E+00  5 6.293E-04 3.404E+01  6 1.784E-03 5.191E+00
 7 1.143E-04 7.837E+00  8 1.576E-04 9.685E+00  9 3.246E-05 2.646E+01 10 2.407E-02 1.050E+00 11 5.344E-04 5.283E+00
12 2.464E-03 1.585E+00 13 1.394E-02 9.792E-01 14 5.077E-05 8.738E+01 15 2.497E-03 4.754E+00 16 1.909E-03 1.026E+00
17 1.751E-03 5.843E+00 19 2.883E-03 8.355E+00 20 2.273E-04 2.754E+01 21 2.749E-07 1.000E+02 22 1.754E-05 4.930E+01
23 6.976E-05 6.135E+00 24 3.802E-03 3.790E-01 25 1.894E-07 3.875E+01 26 3.452E-03 8.721E-01 27 1.659E-03 1.208E+00
118  24
 1 3.090E-03 1.295E+01  2 1.026E-05 2.957E+01  3 1.222E-02 1.530E+00  5 7.552E-04 3.179E+01  6 1.457E-03 5.269E+00
 7 9.994E-05 1.110E+01  8 1.133E-04 1.543E+01  9 1.275E-05 3.091E+01 10 2.327E-02 1.013E+00 11 5.401E-04 7.533E+00
12 2.207E-03 1.863E+00 13 1.385E-02 7.760E-01 15 2.018E-03 5.773E+00 16 1.889E-03 1.003E+00 17 1.650E-03 5.270E+00
19 3.180E-03 9.198E+00 20 9.123E-05 2.705E+01 21 1.160E-05 6.421E+01 22 1.281E-05 6.978E+01 23 7.690E-05 5.199E+00
24 3.835E-03 3.338E-01 25 2.509E-07 3.399E+01 26 3.496E-03 6.569E-01 27 1.687E-03 1.106E+00
119  25
 1 1.801E-03 1.259E+01  2 1.070E-05 2.640E+01  3 1.762E-02 1.525E+00  5 4.656E-04 3.157E+01  6 1.436E-03 4.979E+00
 7 7.292E-05 1.174E+01  8 1.075E-04 1.441E+01  9 1.009E-05 3.729E+01 10 2.069E-02 1.287E+00 11 5.233E-04 9.673E+00
12 2.006E-03 1.588E+00 13 1.280E-02 9.192E-01 14 6.848E-07 1.000E+02 15 1.986E-03 4.791E+00 16 1.835E-03 8.095E-01
17 1.642E-03 5.512E+00 19 3.860E-03 1.058E+01 20 2.876E-04 3.154E+01 21 8.462E-06 5.722E+01 22 6.687E-06 5.752E+01
23 8.271E-05 5.190E+00 24 3.917E-03 3.707E-01 25 2.535E-07 4.080E+01 26 4.801E-03 4.783E-01 27 2.667E-03 6.391E-01
120  25
 1 1.816E-03 1.099E+01  2 1.077E-05 3.558E+01  3 2.164E-02 1.102E+00  4 5.222E-06 1.000E+02  5 6.531E-04 2.130E+01
 6 1.089E-03 6.397E+00  7 8.655E-05 1.056E+01  8 1.142E-04 1.485E+01  9 1.782E-05 3.838E+01 10 1.967E-02 1.510E+00
11 4.870E-04 7.873E+00 12 1.724E-03 2.557E+00 13 1.209E-02 7.890E-01 14 2.748E-06 1.000E+02 15 1.881E-03 5.776E+00
16 1.789E-03 1.012E+00 17 1.404E-03 4.791E+00 19 3.414E-03 1.103E+01 20 1.927E-04 2.937E+01 22 3.084E-06 6.084E+01
23 9.147E-05 6.549E+00 24 3.913E-03 3.365E-01 25 3.700E-07 4.087E+01 26 5.029E-03 4.988E-01 27 2.841E-03 7.402E-01
121  26
 1 1.577E-03 1.266E+01  2 6.573E-06 2.705E+01  3 2.503E-02 1.114E+00  4 4.579E-05 1.000E+02  5 2.450E-04 3.436E+01
 6 1.041E-03 7.476E+00  7 7.227E-05 1.101E+01  8 1.023E-04 1.527E+01  9 1.556E-05 3.859E+01 10 1.809E-02 1.099E+00
11 3.710E-04 8.098E+00 12 1.595E-03 2.255E+00 13 1.225E-02 9.434E-01 14 3.487E-06 1.000E+02 15 1.379E-03 6.588E+00
16 1.782E-03 8.706E-01 17 1.319E-03 5.865E+00 19 4.246E-03 8.499E+00 20 2.769E-04 2.738E+01 21 6.361E-07 1.000E+02
22 4.119E-06 6.995E+01 23 7.960E-05 4.518E+00 24 3.945E-03 3.120E-01 25 3.341E-07 3.774E+01 26 5.079E-03 4.601E-01
27 2.829E-03 6.510E-01
122  25
 1 1.479E-03 1.487E+01  2 1.475E-05 2.665E+01  3 2.845E-02 1.317E+00  5 9.081E-04 2.036E+01  6 9.988E-04 5.623E+00
 7 7.927E-05 1.213E+01  8 8.914E-05 2.124E+01  9 1.898E-05 3.407E+01 10 1.822E-02 1.455E+00 11 3.840E-04 1.004E+01
12 1.535E-03 2.331E+00 13 1.281E-02 6.352E-01 14 1.574E-05 9.140E+01 15 1.623E-03 6.901E+00 16 1.754E-03 1.429E+00
17 1.277E-03 5.836E+00 19 4.586E-03 1.270E+01 20 3.952E-04 2.070E+01 21 2.868E-07 1.000E+02 22 2.258E-05 7.029E+01
23 1.046E-04 4.906E+00 24 3.862E-03 2.764E-01 25 1.409E-07 3.641E+01 26 3.689E-03 8.018E-01 27 1.745E-03 1.113E+00
123  26
 1 1.622E-03 1.374E+01  2 1.458E-05 3.907E+01  3 2.996E-02 8.805E-01  4 1.051E-04 6.704E+01  5 4.529E-04 2.310E+01
 6 9.402E-04 7.247E+00  7 7.339E-05 1.163E+01  8 9.359E-05 1.973E+01  9 2.042E-05 3.851E+01 10 1.743E-02 2.048E+00
11 3.236E-04 8.284E+00 12 1.399E-03 2.248E+00 13 1.259E-02 1.046E+00 14 4.241E-05 1.000E+02 15 1.474E-03 8.859E+00
16 1.705E-03 1.044E+00 17 1.195E-03 6.128E+00 19 5.847E-03 9.530E+00 20 2.136E-04 3.702E+01 21 1.364E-05 1.000E+02
22 4.036E-06 5.469E+01 23 1.071E-04 5.963E+00 24 3.885E-03 3.356E-01 25 1.089E-07 4.193E+01 26 4.006E-03 7.139E-01
27 1.861E-03 8.884E-01
124  23
 1 1.389E-03 1.468E+01  2 2.430E-05 1.784E+01  3 3.113E-02 6.719E-01  5 4.892E-04 2.576E+01  6 7.208E-04 6.213E+00
 7 5.714E-05 1.558E+01  8 7.617E-05 2.527E+01  9 8.318E-06 4.905E+01 10 1.584E-02 1.220E+00 11 2.906E-04 1.247E+01
12 1.274E-03 1.879E+00 13 1.192E-02 8.300E-01 14 1.343E-05 1.000E+02 15 1.243E-03 8.971E+00 16 1.735E-03 1.559E+00
17 1.027E-03 6.588E+00 19 6.597E-03 6.554E+00 20 3.500E-04 2.577E+01 23 1.258E-04 4.937E+00 24 3.892E-03 3.057E-01
25 4.045E-07 4.334E+01 26 4.393E-03 6.633E-01 27 2.184E-03 8.909E-01
125  26
 1 1.264E-03 1.315E+01  2 1.673E-05 1.983E+01  3 3.083E-02 8.586E-01  4 5.655E-05 7.940E+01  5 4.462E-04 3.299E+01
 6 6.635E-04 8.868E+00  7 5.497E-05 1.326E+01  8 5.659E-05 2.339E+01  9 1.446E-05 8.181E+01 10 1.361E-02 2.119E+00
11 3.354E-04 1.080E+01 12 1.157E-03 2.075E+00 13 1.126E-02 6.283E-01 14 4.360E-05 1.000E+02 15 9.019E-04 9.755E+00
16 1.693E-03 1.441E+00 17 8.941E-04 9.077E+00 19 6.466E-03 7.061E+00 20 7.266E-04 1.806E+01 21 1.840E-05 7.162E+01
22 5.442E-06 6.901E+01 23 1.135E-04 5.933E+00 24 3.983E-03 3.368E-01 25 1.513E-07 5.338E+01 26 5.533E-03 5.445E-01
27 3.083E-03 6.176E-01
126  25
 1 9.762E-04 1.662E+01  2 1.850E-05 2.369E+01  3 2.920E-02 1.042E+00  5 4.782E-04 2.718E+01  6 6.754E-04 6.722E+00
 7 5.512E-05 1.532E+01  8 7.951E-05 2.023E+01  9 1.744E-05 5.108E+01 10 1.224E-02 1.657E+00 11 2.930E-04 9.919E+00
12 1.096E-03 1.800E+00 13 1.125E-02 8.145E-01 14 1.519E-05 1.000E+02 15 1.015E-03 6.107E+00 16 1.705E-03 9.174E-01
17 7.866E-04 7.726E+00 19 7.493E-03 4.776E+00 20 1.838E-04 2.768E+01 21 7.652E-07 1.000E+02 22 2.528E-05 7.958E+01
23 1.267E-04 4.983E+00 24 3.997E-03 2.845E-01 25 2.757E-07 6.976E+01 26 5.634E-03 5.686E-01 27 3.159E-03 6.542E-01
127  24
 1 1.009E-03 2.242E+01  2 2.488E-05 2.286E+01  3 2.824E-02 9.098E-01  5 2.367E-04 6.438E+01  6 5.517E-04 1.192E+01
 7 4.253E-05 1.689E+01  8 4.835E-05 2.958E+01  9 7.050E-06 5.750E+01 10 1.141E-02 1.551E+00 11 2.846E-04 9.762E+00
12 9.577E-04 2.913E+00 13 1.133E-02 7.724E-01 15 7.884E-04 1.122E+01 16 1.734E-03 1.192E+00 17 7.053E-04 6.698E+00
19 1.273E-02 5.342E+00 20 4.609E-04 2.580E+01 21 1.855E-05 6.984E+01 22 8.452E-06 6.391E+01 23 1.505E-04 4.509E+00
24 3.935E-03 3.280E-01 25 1.453E-07 8.376E+01 26 5.038E-03 5.456E-01 27 2.691E-03 5.732E-01
128  25
 1 1.070E-03 2.215E+01  2 2.190E-05 2.417E+01  3 2.532E-02 1.206E+00  4 6.543E-05 6.897E+01  5 4.022E-04 2.635E+01
 6 5.779E-04 9.499E+00  7 4.392E-05 2.385E+01  8 3.242E-05 2.545E+01  9 7.607E-06 3.889E+01 10 9.903E-03 1.803E+00
11 2.629E-04 9.860E+00 12 9.741E-04 2.953E+00 13 1.187E-02 1.016E+00 15 7.509E-04 9.656E+00 16 1.721E-03 1.152E+00
17 7.938E-04 5.766E+00 18 2.390E-07 1.000E+02 19 1.777E-02 4.115E+00 20 3.316E-04 2.376E+01 22 1.341E-05 8.296E+01
23 1.559E-04 5.749E+00 24 3.883E-03 3.353E-01 25 1.173E-07 5.624E+01 26 4.199E-03 5.667E-01 27 2.007E-03 4.471E-01
129  24
 1 1.114E-03 1.639E+01  2 1.965E-05 1.715E+01  3 2.226E-02 1.077E+00  5 2.294E-04 3.061E+01  6 5.583E-04 7.996E+00
 7 4.078E-05 1.646E+01  8 5.828E-05 2.350E+01  9 4.806E-06 8.440E+01 10 9.280E-03 2.173E+00 11 2.272E-04 9.335E+00
12 8.782E-04 1.749E+00 13 1.201E-02 7.065E-01 15 8.277E-04 7.248E+00 16 1.752E-03 1.335E+00 17 7.538E-04 6.462E+00
19 2.300E-02 4.417E+00 20 4.729E-04 2.998E+01 21 5.754E-06 1.000E+02 22 1.851E-05 4.771E+01 23 1.701E-04 4.056E+00
24 3.877E-03 3.575E-01 25 3.356E-07 6.917E+01 26 4.206E-03 5.737E-01 27 2.031E-03 7.213E-01
130  25
 1 1.141E-03 1.583E+01  2 1.580E-05 2.974E+01  3 1.710E-02 1.183E+00  4 8.719E-06 1.000E+02  5 2.865E-04 4.675E+01
 6 5.819E-04 1.029E+01  7 3.968E-05 1.516E+01  8 5.219E-05 2.424E+01  9 9.310E-06 5.072E+01 10 7.974E-03 1.579E+00
11 2.090E-04 1.081E+01 12 7.785E-04 2.993E+00 13 1.144E-02 9.692E-01 14 3.158E-05 9.334E+01 15 8.656E-04 9.359E+00
16 1.786E-03 1.069E+00 17 5.867E-04 1.055E+01 19 2.771E-02 3.186E+00 20 4.793E-04 2.335E+01 22 1.556E-05 8.931E+01
23 1.810E-04 3.781E+00 24 3.962E-03 4.230E-01 25 3.699E-07 4.562E+01 26 5.179E-03 6.273E-01 27 2.747E-03 7.837E-01
131  25
 1 6.443E-04 1.925E+01  2 1.959E-05 2.008E+01  3 1.162E-02 1.642E+00  4 9.729E-06 1.000E+02  5 2.716E-04 3.417E+01
 6 4.967E-04 1.027E+01  7 3.647E-05 2.265E+01  8 6.369E-05 2.400E+01  9 1.784E-06 6.414E+01 10 5.873E-03 2.200E+00
11 2.202E-04 1.417E+01 12 7.360E-04 3.549E+00 13 1.146E-02 1.081E+00 14 4.844E-05 1.000E+02 15 6.587E-04 8.272E+00
16 1.816E-03 1.089E+00 17 5.352E-04 7.290E+00 19 2.941E-02 4.851E+00 20 5.920E-04 1.520E+01 22 1.311E-06 9.398E+01
23 1.823E-04 4.035E+00 24 3.979E-03 4.020E-01 25 2.753E-08 6.897E+01 26 5.847E-03 6.948E-01 27 3.251E-03 8.425E-01
132  23
 1 7.915E-04 1.688E+01  2 3.281E-05 2.339E+01  3 5.351E-03 1.595E+00  5 2.360E-04 4.114E+01  6 4.675E-04 6.752E+00
 7 3.080E-05 1.585E+01  8 4.899E-05 3.106E+01  9 5.464E-06 5.236E+01 10 5.148E-03 3.059E+00 11 1.870E-04 1.202E+01
12 6.779E-04 2.791E+00 13 1.146E-02 6.713E-01 15 5.939E-04 9.060E+00 16 1.853E-03 1.091E+00 17 4.599E-04 6.978E+00
19 3.341E-02 3.354E+00 20 7.063E-04 2.490E+01 22 8.846E-06 9.335E+01 23 2.197E-04 3.407E+00 24 3.970E-03 2.932E-01
25 1.527E-07 8.793E+01 26 5.911E-03 4.674E-01 27 3.300E-03 6.152E-01
133  24
 1 5.379E-04 2.064E+01  2 3.366E-05 2.293E+01  3 2.800E-03 2.762E+00  5 2.308E-04 4.228E+01  6 3.921E-04 8.884E+00
 7 3.334E-05 1.206E+01  8 3.358E-05 1.602E+01  9 9.729E-06 4.853E+01 10 4.687E-03 2.409E+00 11 1.721E-04 1.112E+01
12 6.411E-04 3.487E+00 13 1.218E-02 1.073E+00 14 1.868E-06 1.000E+02 15 6.556E-04 1.163E+01 16 1.621E-03 1.100E+00
17 4.621E-04 9.415E+00 19 3.935E-02 3.256E+00 20 4.613E-04 2.832E+01 22 3.638E-07 1.000E+02 23 2.166E-04 3.555E+00
24 3.880E-03 3.565E-01 25 1.230E-08 1.000E+02 26 4.643E-03 6.234E-01 27 2.329E-03 7.280E-01
134  24
 1 9.506E-04 1.729E+01  2 3.766E-05 1.621E+01  3 2.670E-03 2.981E+00  5 2.425E-04 4.304E+01  6 4.038E-04 1.094E+01
 7 2.847E-05 1.950E+01  8 3.554E-05 3.116E+01  9 3.862E-06 8.546E+01 10 4.551E-03 2.399E+00 11 1.805E-04 1.450E+01
12 6.077E-04 2.249E+00 13 1.190E-02 8.886E-01 14 3.596E-06 1.000E+02 15 6.434E-04 9.607E+00 16 1.615E-03 1.307E+00
17 4.802E-04 1.009E+01 19 4.287E-02 3.579E+00 20 7.635E-04 1.834E+01 22 1.497E-06 1.000E+02 23 2.613E-04 2.459E+00
24 3.871E-03 3.553E-01 25 1.179E-09 1.000E+02 26 4.322E-03 5.700E-01 27 2.065E-03 6.725E-01
135  25
 1 6.069E-04 1.817E+01  2 2.497E-05 1.482E+01  3 2.307E-03 4.091E+00  4 9.803E-05 1.000E+02  5 2.865E-04 3.307E+01
 6 3.312E-04 1.240E+01  7 3.398E-05 1.376E+01  8 3.485E-05 2.947E+01  9 6.000E-06 4.901E+01 10 4.046E-03 2.946E+00
11 1.477E-04 9.545E+00 12 6.089E-04 3.848E+00 13 1.149E-02 8.255E-01 14 5.195E-06 1.000E+02 15 4.070E-04 1.505E+01
16 1.613E-03 1.197E+00 17 3.436E-04 9.878E+00 19 4.170E-02 3.163E+00 20 1.133E-03 1.828E+01 22 4.055E-05 9.991E+01
23 2.586E-04 2.521E+00 24 3.872E-03 3.532E-01 25 6.802E-08 8.582E+01 26 4.367E-03 5.416E-01 27 2.080E-03 7.177E-01
136  23
 1 5.196E-04 1.826E+01  2 2.686E-05 1.399E+01  3 2.056E-03 3.582E+00  5 8.743E-05 3.493E+01  6 2.798E-04 1.085E+01
 7 1.982E-05 2.296E+01  8 3.471E-05 2.498E+01  9 4.426E-06 5.460E+01 10 3.340E-03 2.886E+00 11 1.732E-04 1.263E+01
12 5.247E-04 3.043E+00 13 1.036E-02 1.061E+00 15 4.255E-04 1.044E+01 16 1.600E-03 7.437E-01 17 4.504E-04 8.928E+00
19 3.554E-02 4.023E+00 20 9.119E-04 1.936E+01 22 2.987E-06 7.462E+01 23 2.914E-04 3.718E+00 24 3.978E-03 3.662E-01
25 3.962E-08 9.210E+01 26 5.936E-03 5.102E-01 27 3.287E-03 6.454E-01
137  25
 1 4.272E-04 3.031E+01  2 3.147E-05 1.845E+01  3 1.844E-03 3.772E+00  4 4.060E-05 1.000E+02  5 4.530E-05 7.577E+01
 6 2.900E-04 1.152E+01  7 3.113E-05 1.784E+01  8 3.216E-05 3.347E+01  9 3.174E-06 7.011E+01 10 3.265E-03 1.339E+00
11 1.577E-04 1.283E+01 12 4.868E-04 3.790E+00 13 1.005E-02 9.405E-01 14 8.778E-05 8.538E+01 15 4.447E-04 9.376E+00
16 1.566E-03 9.001E-01 17 3.887E-04 1.623E+01 19 3.442E-02 3.487E+00 20 1.074E-03 1.576E+01 22 8.464E-06 7.591E+01
23 3.170E-04 2.987E+00 24 3.981E-03 3.051E-01 25 8.547E-09 1.000E+02 26 6.004E-03 4.220E-01 27 3.340E-03 5.440E-01
138  23
 1 4.103E-04 2.435E+01  2 4.640E-05 1.248E+01  3 1.649E-03 4.784E+00  5 1.081E-04 8.535E+01  6 3.038E-04 1.150E+01
 7 2.292E-05 1.566E+01  8 1.695E-05 2.698E+01  9 3.192E-07 8.061E+01 10 2.880E-03 3.077E+00 11 9.877E-05 1.501E+01
12 4.312E-04 3.355E+00 13 9.644E-03 9.160E-01 15 4.351E-04 1.144E+01 16 1.596E-03 1.303E+00 17 3.812E-04 1.220E+01
19 3.034E-02 3.802E+00 20 7.033E-04 1.886E+01 22 3.586E-06 1.000E+02 23 3.671E-04 2.875E+00 24 3.948E-03 3.218E-01
25 3.127E-09 1.000E+02 26 5.638E-03 5.795E-01 27 3.046E-03 6.686E-01
139  23
 1 3.738E-04 2.027E+01  2 4.953E-05 1.369E+01  3 1.651E-03 3.988E+00  4 1.644E-04 1.000E+02  5 6.073E-05 5.788E+01
 6 2.805E-04 1.326E+01  7 1.942E-05 2.335E+01  8 2.120E-05 2.871E+01  9 2.885E-07 9.285E+01 10 2.659E-03 2.791E+00
11 1.083E-04 1.619E+01 12 4.207E-04 4.164E+00 13 9.917E-03 9.857E-01 15 3.220E-04 1.435E+01 16 1.619E-03 1.040E+00
17 3.633E-04 8.385E+00 19 3.097E-02 5.166E+00 20 9.546E-04 1.610E+01 23 3.894E-04 2.978E+00 24 3.861E-03 3.206E-01
25 1.431E-07 7.730E+01 26 4.338E-03 4.885E-01 27 2.040E-03 6.782E-01
140  24
 1 2.384E-04 2.341E+01  2 5.957E-05 1.232E+01  3 1.460E-03 3.603E+00  5 4.788E-05 5.019E+01  6 2.577E-04 1.478E+01
 7 2.307E-05 2.446E+01  8 1.548E-05 3.072E+01  9 1.109E-05 5.921E+01 10 2.553E-03 2.443E+00 11 1.152E-04 1.295E+01
12 4.050E-04 4.041E+00 13 9.432E-03 8.184E-01 15 3.151E-04 1.549E+01 16 1.620E-03 1.448E+00 17 3.704E-04 1.145E+01
19 2.422E-02 5.519E+00 20 1.704E-03 1.304E+01 21 2.524E-06 1.000E+02 22 5.849E-06 6.434E+01 23 4.442E-04 2.627E+00
24 3.869E-03 3.229E-01 25 4.111E-09 7.065E+01 26 4.325E-03 6.069E-01 27 2.042E-03 8.083E-01
141  26
 1 4.584E-04 2.798E+01  2 7.204E-05 1.239E+01  3 1.333E-03 4.498E+00  4 9.294E-05 9.651E+01  5 1.664E-05 5.251E+01
 6 1.867E-04 1.497E+01  7 2.384E-05 2.275E+01  8 2.163E-05 3.874E+01  9 5.461E-06 5.341E+01 10 2.307E-03 2.331E+00
11 8.388E-05 1.376E+01 12 3.746E-04 5.427E+00 13 8.731E-03 8.479E-01 14 2.159E-05 1.000E+02 15 2.107E-04 1.866E+01
16 1.587E-03 1.071E+00 17 3.704E-04 1.658E+01 18 1.831E-06 1.000E+02 19 1.885E-02 4.191E+00 20 1.537E-03 1.952E+01
22 7.720E-06 7.910E+01 23 4.817E-04 2.774E+00 24 3.879E-03 2.918E-01 25 3.075E-09 1.000E+02 26 4.986E-03 6.727E-01
27 2.528E-03 8.597E-01
142  23
 1 3.208E-04 2.547E+01  2 5.726E-05 1.610E+01  3 1.186E-03 3.433E+00  4 1.224E-04 8.830E+01  5 1.282E-04 4.328E+01
 6 1.945E-04 1.778E+01  7 1.164E-05 2.820E+01  8 1.544E-05 3.618E+01  9 1.406E-06 9.367E+01 10 1.976E-03 3.322E+00
11 8.660E-05 2.020E+01 12 3.300E-04 4.042E+00 13 8.064E-03 9.476E-01 15 3.092E-04 1.592E+01 16 1.588E-03 1.352E+00
17 3.061E-04 1.252E+01 19 1.315E-02 4.154E+00 20 1.359E-03 1.472E+01 23 4.954E-04 2.401E+00 24 3.960E-03 3.737E-01
25 8.501E-08 9.380E+01 26 5.952E-03 6.470E-01 27 3.269E-03 6.797E-01
143  24
 1 3.283E-04 2.813E+01  2 7.187E-05 1.126E+01  3 1.150E-03 2.895E+00  4 2.126E-05 9.468E+01  5 6.846E-05 6.591E+01
 6 1.887E-04 1.378E+01  7 1.465E-05 2.392E+01  8 2.754E-05 3.753E+01 10 1.695E-03 4.110E+00 11 7.370E-05 1.515E+01
12 2.883E-04 5.364E+00 13 7.484E-03 1.454E+00 14 8.110E-07 1.000E+02 15 2.899E-04 2.001E+01 16 1.593E-03 1.081E+00
17 1.951E-04 1.252E+01 19 8.494E-03 5.413E+00 20 1.651E-03 1.067E+01 22 1.119E-06 1.000E+02 23 5.894E-04 2.718E+00
24 3.949E-03 3.063E-01 25 6.517E-08 8.843E+01 26 6.012E-03 4.329E-01 27 3.296E-03 4.983E-01
144  22
 1 3.687E-04 2.894E+01  2 9.950E-05 8.629E+00  3 1.072E-03 4.593E+00  4 8.349E-05 6.916E+01  5 9.194E-05 8.605E+01
 6 1.762E-04 1.556E+01  7 1.165E-05 3.321E+01  8 2.046E-05 2.479E+01  9 1.413E-07 7.051E+01 10 1.622E-03 4.231E+00
11 9.465E-05 1.978E+01 12 2.855E-04 4.566E+00 13 7.509E-03 9.831E-01 15 2.487E-04 1.647E+01 16 1.579E-03 1.397E+00
17 2.138E-04 9.823E+00 19 7.475E-03 7.555E+00 20 2.225E-03 9.638E+00 23 6.382E-04 1.356E+00 24 3.861E-03 3.093E-01
26 4.959E-03 3.932E-01 27 2.500E-03 5.357E-01
145  24
 1 2.709E-04 3.139E+01  2 9.201E-05 1.065E+01  3 9.625E-04 4.898E+00  4 2.562E-04 5.775E+01  5 9.906E-05 5.764E+01
 6 1.582E-04 1.536E+01  7 1.463E-05 2.613E+01  8 1.919E-05 2.937E+01  9 8.195E-06 6.041E+01 10 1.457E-03 4.382E+00
11 5.861E-05 2.067E+01 12 2.787E-04 5.497E+00 13 7.229E-03 1.115E+00 15 3.336E-04 1.757E+01 16 1.630E-03 9.443E-01
17 3.255E-04 1.159E+01 19 6.732E-03 8.758E+00 20 2.161E-03 1.208E+01 22 4.044E-07 1.000E+02 23 7.268E-04 2.011E+00
24 3.829E-03 3.364E-01 25 1.609E-08 1.000E+02 26 4.264E-03 5.044E-01 27 1.952E-03 7.137E-01
146  24
 1 4.530E-04 2.803E+01  2 1.121E-04 8.670E+00  3 8.380E-04 4.016E+00  4 5.601E-05 1.000E+02  5 1.630E-04 5.770E+01
 6 1.598E-04 1.818E+01  7 1.077E-05 2.342E+01  8 2.586E-05 3.457E+01  9 8.634E-07 9.725E+01 10 1.397E-03 3.918E+00
11 7.831E-05 1.804E+01 12 2.813E-04 8.411E+00 13 6.721E-03 1.074E+00 15 2.110E-04 1.386E+01 16 1.625E-03 1.104E+00
17 1.899E-04 1.468E+01 19 5.453E-03 7.711E+00 20 2.471E-03 7.877E+00 21 2.918E-06 1.000E+02 22 2.512E-07 1.000E+02
23 8.056E-04 2.204E+00 24 3.814E-03 3.056E-01 26 4.298E-03 5.239E-01 27 1.991E-03 7.760E-01
147  23
 1 2.875E-04 3.283E+01  2 1.093E-04 1.019E+01  3 7.986E-04 6.319E+00  4 9.878E-05 1.000E+02  5 9.457E-05 7.525E+01
 6 1.292E-04 2.171E+01  7 1.073E-05 2.652E+01  8 1.036E-05 3.654E+01  9 7.332E-06 5.518E+01 10 1.290E-03 3.795E+00
11 5.522E-05 2.078E+01 12 2.176E-04 6.609E+00 13 5.940E-03 9.808E-01 15 2.207E-04 1.460E+01 16 1.586E-03 1.438E+00
17 2.569E-04 1.758E+01 19 4.572E-03 7.691E+00 20 2.861E-03 1.367E+01 21 6.421E-08 1.000E+02 23 8.461E-04 1.270E+00
24 3.871E-03 2.720E-01 26 5.607E-03 6.365E-01 27 2.958E-03 8.123E-01
148  24
 1 3.583E-04 3.816E+01  2 1.190E-04 9.985E+00  3 7.144E-04 6.209E+00  4 2.966E-04 9.240E+01  5 4.118E-05 5.309E+01
 6 8.714E-05 1.565E+01  7 1.204E-05 3.008E+01  8 1.452E-05 3.499E+01  9 1.737E-07 8.892E+01 10 1.119E-03 4.659E+00
11 6.046E-05 2.318E+01 12 2.172E-04 6.918E+00 13 5.258E-03 1.600E+00 15 1.421E-04 2.143E+01 16 1.633E-03 7.953E-01
17 1.796E-04 1.533E+01 19 4.750E-03 8.948E+00 20 3.339E-03 1.045E+01 22 4.980E-06 1.000E+02 23 9.659E-04 1.745E+00
24 3.878E-03 3.012E-01 25 2.819E-08 8.551E+01 26 5.978E-03 4.435E-01 27 3.233E-03 4.979E-01
149  23
 1 4.355E-04 4.587E+01  2 1.478E-04 6.722E+00  3 6.282E-04 8.095E+00  4 3.619E-04 6.503E+01  5 2.685E-05 1.000E+02
 6 1.104E-04 1.537E+01  7 7.664E-06 3.328E+01  8 1.988E-05 4.069E+01  9 2.499E-06 9.713E+01 10 1.002E-03 4.288E+00
11 4.655E-05 3.264E+01 12 1.940E-04 5.624E+00 13 4.824E-03 1.118E+00 15 1.893E-04 1.873E+01 16 1.597E-03 1.122E+00
17 1.540E-04 1.120E+01 19 3.105E-03 9.181E+00 20 2.832E-03 7.570E+00 22 6.873E-07 7.438E+01 23 1.023E-03 1.947E+00
24 3.853E-03 3.403E-01 26 5.913E-03 4.695E-01 27 3.187E-03 5.801E-01
150  22
 1 9.231E-05 6.232E+01  2 1.586E-04 7.510E+00  3 5.997E-04 8.182E+00  4 2.549E-04 3.947E+01  5 7.000E-05 5.958E+01
 6 9.307E-05 2.148E+01  7 7.188E-06 3.848E+01  8 1.758E-05 5.733E+01  9 5.826E-06 8.069E+01 10 9.616E-04 2.946E+00
11 4.192E-05 2.210E+01 12 1.912E-04 4.809E+00 13 4.699E-03 1.159E+00 15 1.825E-04 2.537E+01 16 1.697E-03 1.227E+00
17 2.204E-04 1.703E+01 19 3.755E-03 7.510E+00 20 3.874E-03 1.122E+01 23 1.219E-03 1.936E+00 24 3.724E-03 3.086E-01
26 4.258E-03 6.046E-01 27 1.914E-03 9.672E-01
151  22
 1 2.726E-04 3.384E+01  2 1.727E-04 6.536E+00  3 5.280E-04 7.344E+00  4 6.080E-05 9.349E+01  5 1.255E-06 1.000E+02
 6 6.629E-05 1.872E+01  7 6.997E-06 3.333E+01  8 9.366E-06 5.393E+01  9 4.279E-06 7.519E+01 10 9.320E-04 6.514E+00
11 4.409E-05 1.631E+01 12 1.750E-04 5.346E+00 13 4.183E-03 1.769E+00 15 1.608E-04 1.224E+01 16 1.666E-03 1.356E+00
17 1.634E-04 1.614E+01 19 3.492E-03 8.600E+00 20 4.078E-03 1.039E+01 23 1.350E-03 1.542E+00 24 3.680E-03 3.573E-01
26 4.225E-03 7.015E-01 27 1.908E-03 9.390E-01
152  24
 1 1.995E-04 6.220E+01  2 2.149E-04 8.489E+00  3 5.576E-04 9.737E+00  4 1.308E-04 6.893E+01  5 6.836E-05 8.710E+01
 6 1.163E-04 1.794E+01  7 7.490E-06 4.466E+01  8 4.401E-06 5.838E+01  9 1.317E-06 6.993E+01 10 9.042E-04 5.840E+00
11 7.224E-05 2.240E+01 12 1.577E-04 5.158E+00 13 3.791E-03 1.387E+00 14 1.497E-05 1.000E+02 15 1.296E-04 2.418E+01
16 1.711E-03 1.357E+00 17 1.843E-04 1.954E+01 19 2.764E-03 1.051E+01 20 4.972E-03 9.848E+00 22 4.685E-06 1.000E+02
23 1.487E-03 1.636E+00 24 3.687E-03 3.310E-01 26 4.556E-03 5.606E-01 27 2.138E-03 7.610E-01
153  21
 1 1.587E-04 4.626E+01  2 2.302E-04 6.070E+00  3 4.741E-04 8.636E+00  4 2.949E-04 5.499E+01  6 7.033E-05 2.576E+01
 7 3.528E-06 3.757E+01  8 1.146E-06 6.546E+01 10 7.366E-04 5.556E+00 11 3.591E-05 2.065E+01 12 1.308E-04 6.729E+00
13 3.073E-03 1.844E+00 15 1.176E-04 1.775E+01 16 1.701E-03 1.392E+00 17 1.067E-04 2.027E+01 19 1.804E-03 1.202E+01
20 4.375E-03 9.014E+00 23 1.643E-03 1.302E+00 24 3.696E-03 3.209E-01 25 6.095E-08 1.000E+02 26 5.838E-03 6.091E-01
27 3.100E-03 6.779E-01
154  23
 1 7.584E-05 5.533E+01  2 2.622E-04 6.283E+00  3 4.388E-04 8.108E+00  4 3.017E-04 3.775E+01  5 5.101E-05 9.721E+01
 6 8.374E-05 2.841E+01  7 9.762E-06 3.554E+01  8 4.697E-06 4.267E+01  9 1.303E-06 1.000E+02 10 6.042E-04 6.919E+00
11 4.582E-05 2.284E+01 12 1.344E-04 7.171E+00 13 2.700E-03 1.815E+00 15 1.042E-04 1.966E+01 16 1.728E-03 1.244E+00
17 1.380E-04 1.715E+01 19 2.079E-03 1.125E+01 20 5.188E-03 8.332E+00 22 2.789E-06 1.000E+02 23 1.825E-03 1.468E+00
24 3.657E-03 3.201E-01 26 5.845E-03 5.150E-01 27 3.081E-03 7.157E-01
155  23
 1 2.363E-04 3.948E+01  2 2.605E-04 6.149E+00  3 3.768E-04 8.034E+00  4 4.840E-04 5.125E+01  5 1.022E-04 6.874E+01
 6 8.349E-05 1.542E+01  7 6.081E-06 3.880E+01  8 1.127E-05 4.213E+01  9 6.394E-06 6.947E+01 10 5.547E-04 6.500E+00
11 3.878E-05 4.410E+01 12 1.336E-04 7.767E+00 13 2.288E-03 2.351E+00 15 8.410E-05 1.912E+01 16 1.778E-03 1.373E+00
17 8.459E-05 2.383E+01 19 1.769E-03 1.535E+01 20 6.135E-03 7.772E+00 23 2.086E-03 1.490E+00 24 3.499E-03 3.422E-01
25 1.498E-08 1.000E+02 26 4.988E-03 5.610E-01 27 2.488E-03 6.546E-01
156  23
 1 1.177E-04 4.966E+01  2 3.389E-04 4.836E+00  3 4.032E-04 1.009E+01  4 5.428E-04 4.548E+01  5 6.082E-06 1.000E+02
 6 4.282E-05 2.981E+01  7 2.054E-06 4.368E+01  8 4.920E-06 5.304E+01  9 3.046E-07 1.000E+02 10 4.819E-04 8.061E+00
11 2.810E-05 2.954E+01 12 1.117E-04 9.580E+00 13 2.212E-03 1.531E+00 15 6.717E-05 2.415E+01 16 1.789E-03 1.097E+00
17 7.117E-05 2.779E+01 19 1.679E-03 1.705E+01 20 6.248E-03 7.531E+00 21 1.230E-07 1.000E+02 23 2.429E-03 1.092E+00
24 3.391E-03 2.979E-01 26 4.627E-03 5.789E-01 27 1.955E-03 8.624E-01
157  22
 1 9.172E-05 4.333E+01  2 3.448E-04 6.373E+00  3 3.418E-04 1.007E+01  4 2.589E-04 5.360E+01  5 7.458E-05 9.967E+01
 6 5.507E-05 2.371E+01  7 2.297E-06 6.191E+01  8 2.146E-05 9.473E+01  9 4.413E-06 6.771E+01 10 4.753E-04 8.800E+00
11 2.922E-05 3.618E+01 12 9.645E-05 8.248E+00 13 1.892E-03 1.843E+00 15 1.034E-04 3.997E+01 16 1.849E-03 1.568E+00
17 1.135E-04 2.173E+01 19 1.829E-03 1.298E+01 20 7.276E-03 7.024E+00 23 2.685E-03 1.084E+00 24 3.290E-03 3.603E-01
26 4.811E-03 5.716E-01 27 2.003E-03 7.677E-01
158  21
 1 1.158E-04 4.522E+01  2 4.142E-04 5.777E+00  3 3.406E-04 1.065E+01  4 8.990E-04 3.583E+01  6 6.565E-05 2.357E+01
 7 4.742E-06 4.550E+01  8 1.359E-05 3.803E+01  9 3.657E-06 1.000E+02 10 3.917E-04 7.918E+00 11 3.366E-05 3.299E+01
12 8.762E-05 6.151E+00 13 1.693E-03 2.016E+00 15 7.835E-05 2.447E+01 16 1.928E-03 1.399E+00 17 9.125E-05 2.396E+01
19 1.640E-03 1.261E+01 20 9.005E-03 5.649E+00 23 3.182E-03 9.570E-01 24 3.131E-03 3.045E-01 26 4.335E-03 5.182E-01
27 1.798E-03 8.990E-01
159  22
 1 6.277E-05 6.054E+01  2 4.827E-04 4.996E+00  3 2.276E-04 1.296E+01  4 8.048E-04 3.585E+01  5 1.845E-05 1.000E+02
 6 3.741E-05 2.549E+01  7 3.916E-06 5.425E+01  8 5.174E-06 5.554E+01  9 4.352E-07 1.000E+02 10 3.990E-04 7.521E+00
11 2.580E-05 2.631E+01 12 9.323E-05 9.234E+00 13 1.541E-03 2.586E+00 15 8.227E-05 2.315E+01 16 2.112E-03 9.586E-01
17 9.774E-05 2.149E+01 19 1.201E-03 1.633E+01 20 1.171E-02 4.567E+00 23 3.818E-03 7.889E-01 24 2.799E-03 3.921E-01
26 2.611E-03 5.046E-01 27 1.219E-03 7.706E-01
160  23
 1 4.961E-05 5.690E+01  2 5.318E-04 4.275E+00  3 2.209E-04 1.183E+01  4 5.137E-04 3.674E+01  5 1.344E-05 6.938E+01
 6 3.411E-05 3.297E+01  7 2.385E-06 5.429E+01  8 2.534E-07 6.729E+01  9 2.663E-07 1.000E+02 10 3.460E-04 7.912E+00
11 1.654E-05 2.519E+01 12 6.366E-05 9.737E+00 13 1.366E-03 2.591E+00 15 6.660E-05 3.578E+01 16 7.114E-03 6.675E-01
17 4.884E-05 2.229E+01 19 1.169E-03 2.315E+01 20 1.411E-02 5.437E+00 23 4.591E-03 7.819E-01 24 2.554E-03 3.049E-01
25 1.454E-09 1.000E+02 26 2.450E-03 5.794E-01 27 1.148E-03 7.856E-01
161  22
 1 6.563E-05 5.029E+01  2 3.523E-04 3.429E+00  3 1.367E-04 1.114E+01  4 1.474E-04 5.635E+01  5 3.925E-06 1.000E+02
 6 2.271E-05 3.385E+01  7 3.085E-06 3.707E+01  8 3.272E-06 5.538E+01  9 5.158E-07 1.000E+02 10 2.312E-04 6.149E+00
11 1.543E-05 2.828E+01 12 5.200E-05 5.647E+00 13 1.065E-03 2.275E+00 15 5.431E-05 2.660E+01 16 1.475E-03 6.668E-01
17 5.136E-05 3.175E+01 19 7.888E-04 1.783E+01 20 4.554E-02 2.173E+00 23 1.219E-02 4.173E-01 24 9.874E-04 4.596E-01
26 2.294E-03 6.338E-01 27 1.018E-03 6.661E-01
162  22
 1 1.449E-06 9.488E+01  2 4.028E-04 3.825E+00  3 1.332E-04 9.375E+00  4 1.608E-04 6.332E+01  5 3.363E-06 7.820E+01
 6 2.146E-05 3.279E+01  7 1.627E-06 4.568E+01  8 1.028E-06 6.643E+01 10 2.203E-04 9.580E+00 11 1.818E-05 4.264E+01
12 5.015E-05 8.505E+00 13 9.348E-04 1.785E+00 15 4.859E-05 3.847E+01 16 1.467E-03 1.292E+00 17 2.754E-05 2.685E+01
19 9.348E-04 1.671E+01 20 6.657E-02 1.873E+00 22 1.988E-06 1.000E+02 23 1.317E-02 3.088E-01 24 8.384E-04 4.147E-01
26 2.323E-03 6.973E-01 27 9.822E-04 7.960E-01
163  21
 1 5.140E-05 6.128E+01  2 4.630E-04 3.460E+00  3 1.076E-04 8.991E+00  4 2.171E-04 5.552E+01  5 8.671E-07 1.000E+02
 6 3.052E-05 3.082E+01  7 3.406E-06 4.939E+01  8 2.432E-06 6.209E+01 10 2.061E-04 4.914E+00 11 1.019E-05 2.846E+01
12 3.894E-05 8.425E+00 13 8.950E-04 1.917E+00 15 9.717E-06 4.448E+01 16 1.495E-03 9.511E-01 17 7.636E-05 1.985E+01
19 7.479E-04 1.092E+01 20 8.046E-02 1.441E+00 23 1.383E-02 3.199E-01 24 7.361E-04 5.915E-01 26 2.353E-03 6.402E-01
27 9.629E-04 7.435E-01
164  23
 1 1.470E-05 5.583E+01  2 4.884E-04 5.154E+00  3 1.080E-04 1.044E+01  4 2.396E-04 3.548E+01  5 1.759E-05 9.627E+01
 6 1.632E-05 2.869E+01  7 1.912E-06 7.656E+01  8 2.597E-06 7.592E+01  9 2.032E-07 1.000E+02 10 1.494E-04 8.307E+00
11 9.281E-06 3.004E+01 12 3.901E-05 8.501E+00 13 7.729E-04 2.138E+00 15 4.491E-05 3.872E+01 16 1.516E-03 1.105E+00
17 3.133E-05 2.684E+01 19 6.424E-04 1.888E+01 20 8.020E-02 1.898E+00 23 1.436E-02 3.066E-01 24 6.439E-04 6.333E-01
25 3.128E-09 1.000E+02 26 2.394E-03 5.891E-01 27 9.377E-04 7.953E-01
165  21
 1 3.905E-05 4.943E+01  2 5.916E-04 2.439E+00  3 9.784E-05 1.261E+01  4 5.211E-04 2.396E+01  6 1.519E-05 3.047E+01
 7 1.872E-06 5.769E+01  8 8.888E-07 9.185E+01  9 1.094E-08 1.000E+02 10 1.679E-04 9.241E+00 11 9.612E-06 3.435E+01
12 3.614E-05 1.065E+01 13 7.029E-04 3.107E+00 15 2.093E-05 3.707E+01 16 1.506E-03 9.700E-01 17 2.636E-05 3.103E+01
19 5.087E-04 1.619E+01 20 7.868E-02 1.723E+00 23 1.483E-02 3.342E-01 24 5.691E-04 7.876E-01 26 2.451E-03 6.986E-01
27 9.327E-04 8.161E-01
166  23
 1 1.212E-05 7.440E+01  2 6.743E-04 2.598E+00  3 1.101E-04 9.570E+00  4 2.631E-04 4.249E+01  5 1.440E-06 1.000E+02
 6 2.142E-05 3.332E+01  7 1.226E-06 7.399E+01  8 1.357E-07 1.000E+02  9 7.393E-07 1.000E+02 10 1.671E-04 6.787E+00
11 5.808E-06 4.018E+01 12 3.784E-05 1.488E+01 13 6.110E-04 2.621E+00 15 1.621E-05 4.187E+01 16 1.487E-03 1.011E+00
17 4.345E-05 3.648E+01 19 5.181E-04 1.852E+01 20 7.159E-02 2.376E+00 23 1.522E-02 3.839E-01 24 5.013E-04 7.333E-01
25 2.517E-08 1.000E+02 26 2.487E-03 6.906E-01 27 9.083E-04 9.064E-01
167  22
 1 1.615E-05 7.675E+01  2 7.089E-04 3.389E+00  3 6.661E-05 1.234E+01  4 3.124E-04 3.290E+01  5 2.534E-06 7.373E+01
 6 2.334E-05 3.460E+01  7 1.384E-06 5.309E+01  8 1.866E-07 7.635E+01  9 4.758E-08 1.000E+02 10 1.346E-04 1.141E+01
11 3.952E-06 4.929E+01 12 3.371E-05 8.769E+00 13 5.247E-04 1.872E+00 15 4.063E-05 4.931E+01 16 1.482E-03 9.239E-01
17 1.973E-05 3.997E+01 19 4.876E-04 1.368E+01 20 6.596E-02 2.165E+00 23 1.554E-02 3.392E-01 24 4.446E-04 5.422E-01
26 2.568E-03 5.523E-01 27 9.095E-04 6.173E-01
168  23
 1 4.990E-05 5.515E+01  2 8.463E-04 2.079E+00  3 8.189E-05 7.425E+00  4 7.229E-04 2.817E+01  6 1.212E-05 3.425E+01
 7 2.530E-06 3.978E+01  8 1.011E-05 5.402E+01  9 9.928E-08 1.000E+02 10 1.334E-04 1.096E+01 11 7.556E-06 4.267E+01
12 2.769E-05 1.162E+01 13 5.077E-04 2.419E+00 15 2.174E-05 2.959E+01 16 2.392E-03 6.982E-01 17 1.684E-05 3.380E+01
19 4.409E-04 2.257E+01 20 5.174E-02 1.912E+00 22 8.266E-07 1.000E+02 23 1.631E-02 2.907E-01 24 4.084E-04 9.108E-01
25 1.985E-08 1.000E+02 26 2.807E-03 4.637E-01 27 9.491E-04 6.996E-01
169  21
 1 2.406E-05 7.956E+01  2 9.008E-04 2.733E+00  3 6.757E-05 1.487E+01  4 6.014E-04 2.609E+01  5 2.604E-06 1.000E+02
 6 6.356E-06 2.712E+01  7 1.297E-06 5.608E+01  8 9.968E-07 1.000E+02 10 1.310E-04 1.050E+01 11 5.046E-06 3.537E+01
12 2.328E-05 1.459E+01 13 4.952E-04 2.337E+00 15 2.078E-05 6.128E+01 16 1.600E-03 8.155E-01 17 1.293E-05 4.201E+01
19 2.909E-04 1.950E+01 20 2.981E-02 2.705E+00 23 1.805E-02 3.036E-01 24 3.790E-04 8.450E-01 26 4.461E-03 3.657E-01
27 1.336E-03 4.174E-01
170  20
 1 1.643E-05 9.931E+01  2 1.069E-03 2.502E+00  3 7.912E-05 1.800E+01  4 7.382E-04 2.887E+01  6 1.636E-05 3.142E+01
 7 8.017E-07 9.256E+01  8 1.919E-06 7.495E+01 10 1.188E-04 9.260E+00 11 4.709E-06 4.749E+01 12 3.237E-05 9.360E+00
13 4.248E-04 2.872E+00 15 1.980E-05 3.739E+01 16 1.510E-03 9.934E-01 17 2.553E-05 3.309E+01 19 2.548E-04 2.228E+01
20 2.244E-02 3.107E+00 23 1.861E-02 2.815E-01 24 3.296E-04 1.070E+00 26 4.670E-03 4.054E-01 27 1.359E-03 5.546E-01
171  22
 1 7.823E-05 7.078E+01  2 1.205E-03 2.721E+00  3 7.355E-05 9.232E+00  4 7.856E-04 2.360E+01  5 1.703E-05 9.343E+01
 6 2.098E-05 3.077E+01  7 1.969E-06 4.533E+01  8 3.023E-06 8.003E+01 10 1.024E-04 1.169E+01 11 3.991E-06 5.467E+01
12 2.291E-05 1.241E+01 13 3.690E-04 2.877E+00 14 4.363E-05 1.000E+02 15 3.527E-05 4.590E+01 16 1.473E-03 1.067E+00
17 2.357E-05 2.591E+01 19 5.001E-04 2.601E+01 20 1.415E-02 4.771E+00 23 1.898E-02 3.380E-01 24 2.926E-04 8.870E-01
26 4.826E-03 4.871E-01 27 1.382E-03 5.904E-01
172  20
 1 7.208E-06 8.252E+01  2 1.330E-03 2.393E+00  3 4.589E-05 1.906E+01  4 6.822E-04 2.585E+01  6 4.783E-06 4.800E+01
 7 3.450E-07 7.651E+01  8 7.076E-07 8.843E+01 10 8.661E-05 1.358E+01 11 2.312E-06 5.007E+01 12 2.049E-05 1.258E+01
13 3.402E-04 5.093E+00 15 6.067E-06 4.010E+01 16 1.447E-03 1.012E+00 17 2.622E-05 3.143E+01 19 1.726E-04 2.320E+01
20 1.155E-02 4.364E+00 23 1.926E-02 3.341E-01 24 2.589E-04 1.023E+00 26 4.960E-03 4.572E-01 27 1.401E-03 5.050E-01
173  21
 1 1.929E-05 9.496E+01  2 1.548E-03 1.839E+00  3 5.884E-05 2.018E+01  4 9.563E-04 2.335E+01  5 1.610E-05 1.000E+02
 6 1.113E-05 3.949E+01  7 1.305E-06 7.451E+01 10 8.436E-05 1.387E+01 11 5.463E-06 6.216E+01 12 2.110E-05 1.430E+01
13 3.034E-04 2.956E+00 15 1.224E-05 5.738E+01 16 1.463E-03 8.863E-01 17 1.148E-05 5.051E+01 19 2.715E-04 2.747E+01
20 9.742E-03 4.511E+00 21 7.327E-08 1.000E+02 23 1.945E-02 3.286E-01 24 2.368E-04 1.262E+00 26 5.023E-03 3.915E-01
27 1.407E-03 5.261E-01
174  21
 1 5.111E-05 5.413E+01  2 1.750E-03 2.055E+00  3 5.559E-05 1.593E+01  4 9.657E-04 1.977E+01  5 1.572E-05 1.000E+02
 6 6.649E-06 4.832E+01  7 3.484E-07 6.950E+01  8 2.418E-06 9.747E+01 10 5.906E-05 1.628E+01 11 2.884E-06 5.190E+01
12 1.520E-05 1.708E+01 13 2.486E-04 3.302E+00 15 2.258E-06 6.234E+01 16 1.405E-03 9.218E-01 17 4.160E-06 6.482E+01
19 2.522E-04 2.138E+01 20 8.597E-03 4.067E+00 23 1.962E-02 3.104E-01 24 2.069E-04 8.838E-01 26 5.073E-03 4.707E-01
27 1.413E-03 5.211E-01
175  20
 1 2.244E-05 6.716E+01  2 2.062E-03 1.295E+00  3 3.886E-05 1.562E+01  4 1.611E-03 2.028E+01  6 1.099E-05 3.531E+01
 7 1.542E-06 7.510E+01  8 1.557E-06 7.780E+01 10 5.843E-05 1.695E+01 11 1.216E-06 5.953E+01 12 1.366E-05 1.557E+01
13 2.262E-04 4.676E+00 15 8.909E-06 6.382E+01 16 1.391E-03 1.022E+00 17 1.706E-05 5.377E+01 19 2.077E-04 2.609E+01
20 6.697E-03 6.396E+00 23 1.985E-02 2.877E-01 24 1.822E-04 1.762E+00 26 5.149E-03 4.322E-01 27 1.413E-03 5.158E-01
176  22
 1 7.616E-06 1.000E+02  2 2.265E-03 1.331E+00  3 3.754E-05 1.767E+01  4 1.616E-03 2.050E+01  5 1.251E-05 1.000E+02
 6 5.708E-06 4.830E+01  7 7.050E-07 5.501E+01  8 3.510E-06 7.948E+01 10 5.227E-05 1.603E+01 11 3.742E-06 5.471E+01
12 1.269E-05 1.760E+01 13 2.267E-04 2.997E+00 14 1.804E-05 1.000E+02 15 1.300E-05 4.783E+01 16 1.411E-03 1.266E+00
17 1.204E-05 4.437E+01 19 2.792E-04 2.828E+01 20 6.662E-03 4.115E+00 23 1.987E-02 2.982E-01 24 1.659E-04 1.001E+00
26 5.159E-03 4.362E-01 27 1.405E-03 5.728E-01
177  18
 2 2.674E-03 1.791E+00  3 5.145E-05 2.346E+01  4 1.743E-03 1.963E+01  6 1.291E-05 4.080E+01  7 8.213E-07 4.412E+01
10 5.356E-05 1.334E+01 11 1.016E-06 9.037E+01 12 9.378E-06 1.424E+01 13 1.924E-04 3.721E+00 15 1.481E-06 6.693E+01
16 1.398E-03 9.480E-01 17 1.116E-05 4.790E+01 19 2.293E-04 2.685E+01 20 4.860E-03 7.208E+00 23 2.004E-02 3.522E-01
24 1.499E-04 1.222E+00 26 5.244E-03 4.356E-01 27 1.423E-03 5.221E-01
178  21
 1 2.226E-05 7.021E+01  2 3.061E-03 1.511E+00  3 4.115E-05 2.483E+01  4 3.482E-03 9.808E+00  5 1.892E-06 1.000E+02
 6 9.739E-06 4.843E+01  7 4.660E-07 1.000E+02  8 5.006E-08 1.000E+02 10 5.001E-05 1.420E+01 11 8.432E-06 4.428E+01
12 1.001E-05 2.303E+01 13 1.555E-04 3.485E+00 15 1.833E-06 9.296E+01 16 1.389E-03 1.212E+00 17 7.541E-06 4.549E+01
19 2.480E-04 3.077E+01 20 5.012E-03 6.773E+00 23 2.003E-02 2.764E-01 24 1.349E-04 1.326E+00 26 5.273E-03 3.824E-01
27 1.414E-03 5.388E-01
179  20
 2 3.482E-03 1.485E+00  3 4.468E-05 1.950E+01  4 2.295E-03 1.402E+01  6 1.037E-05 6.025E+01  7 9.807E-08 8.812E+01
 8 3.372E-07 1.000E+02  9 4.266E-08 1.000E+02 10 4.169E-05 1.644E+01 11 2.429E-06 5.852E+01 12 5.519E-06 2.279E+01
13 1.361E-04 6.499E+00 15 9.453E-06 5.834E+01 16 1.396E-03 1.176E+00 17 2.068E-05 4.740E+01 19 1.153E-04 5.709E+01
20 4.263E-03 7.186E+00 23 2.019E-02 2.977E-01 24 1.216E-04 1.888E+00 26 5.359E-03 4.075E-01 27 1.422E-03 5.283E-01
180  21
 1 1.063E-06 1.000E+02  2 4.031E-03 1.656E+00  3 4.069E-05 1.920E+01  4 3.739E-03 1.229E+01  5 9.644E-06 1.000E+02
 6 6.087E-06 5.910E+01  7 5.378E-07 6.783E+01  8 7.730E-08 6.936E+01 10 3.076E-05 2.274E+01 11 1.754E-06 6.748E+01
12 8.718E-06 1.925E+01 13 1.381E-04 6.442E+00 15 6.512E-06 5.005E+01 16 1.390E-03 1.069E+00 17 4.362E-06 6.266E+01
19 8.335E-05 5.099E+01 20 3.672E-03 8.761E+00 23 2.036E-02 2.964E-01 24 1.087E-04 1.539E+00 26 5.466E-03 4.792E-01
27 1.431E-03 6.302E-01
181  20
 2 4.673E-03 9.464E-01  3 2.272E-05 2.047E+01  4 4.164E-03 1.149E+01  5 1.782E-05 1.000E+02  6 8.617E-06 5.637E+01
 7 1.510E-07 7.277E+01  8 2.049E-07 7.469E+01 10 3.684E-05 1.531E+01 11 9.706E-07 1.000E+02 12 6.972E-06 2.162E+01
13 1.179E-04 6.396E+00 15 1.037E-05 4.971E+01 16 1.370E-03 1.174E+00 17 1.686E-05 5.002E+01 19 9.393E-05 3.295E+01
20 2.961E-03 8.291E+00 23 2.051E-02 3.067E-01 24 1.034E-04 1.459E+00 26 5.620E-03 3.889E-01 27 1.454E-03 4.772E-01
182  20
 2 5.436E-03 1.280E+00  3 3.927E-05 2.340E+01  4 5.742E-03 1.162E+01  5 9.892E-06 1.000E+02  6 1.896E-06 5.936E+01
 7 3.622E-07 6.035E+01  8 1.101E-06 8.251E+01 10 2.997E-05 2.058E+01 11 2.375E-06 6.144E+01 12 5.155E-06 2.475E+01
13 1.160E-04 8.032E+00 15 5.811E-06 7.213E+01 16 1.380E-03 1.398E+00 17 1.119E-05 4.846E+01 19 8.093E-05 6.147E+01
20 2.615E-03 7.558E+00 23 2.060E-02 2.965E-01 24 9.241E-05 1.686E+00 26 5.809E-03 4.107E-01 27 1.395E-03 4.307E-01
183  19
 2 6.891E-03 1.217E+00  3 1.924E-05 2.551E+01  4 6.786E-03 8.126E+00  6 1.692E-07 8.371E+01  7 1.419E-07 1.000E+02
10 2.548E-05 1.854E+01 11 1.613E-07 1.000E+02 12 6.127E-06 3.240E+01 13 9.288E-05 5.709E+00 15 5.287E-06 6.884E+01
16 1.377E-03 1.092E+00 17 6.812E-06 4.914E+01 19 5.967E-05 4.054E+01 20 2.331E-03 8.837E+00 23 2.095E-02 3.051E-01
24 7.955E-05 1.866E+00 25 3.296E-10 1.000E+02 26 6.234E-03 3.276E-01 27 1.490E-03 3.574E-01
184  20
 1 6.581E-07 1.000E+02  2 9.058E-03 7.585E-01  3 3.910E-05 2.487E+01  4 1.024E-02 9.306E+00  5 1.396E-05 1.000E+02
 7 7.731E-08 1.000E+02  8 2.327E-07 1.000E+02 10 1.470E-05 2.591E+01 11 8.431E-07 6.926E+01 12 4.346E-06 2.934E+01
13 8.604E-05 7.778E+00 15 4.335E-06 5.497E+01 16 1.343E-03 1.451E+00 17 8.671E-06 4.602E+01 20 1.888E-03 9.469E+00
23 2.110E-02 3.025E-01 24 7.298E-05 1.687E+00 25 1.443E-10 1.000E+02 26 6.511E-03 4.129E-01 27 1.537E-03 4.755E-01
185  22
 1 2.389E-05 6.978E+01  2 1.162E-02 6.139E-01  3 1.731E-05 3.459E+01  4 1.406E-02 7.646E+00  5 1.711E-05 1.000E+02
 6 1.263E-06 6.107E+01  7 2.950E-07 7.849E+01  8 8.109E-07 1.000E+02 10 1.866E-05 2.603E+01 11 1.229E-06 9.784E+01
12 9.056E-06 2.337E+01 13 7.457E-05 6.172E+00 15 2.233E-06 1.000E+02 16 1.341E-03 8.439E-01 17 8.677E-06 4.251E+01
19 1.538E-05 8.971E+01 20 1.449E-03 1.568E+01 22 1.796E-06 1.000E+02 23 2.110E-02 3.016E-01 24 6.516E-05 2.642E+00
26 6.649E-03 4.357E-01 27 1.560E-03 4.351E-01
186  20
 2 1.458E-02 6.717E-01  3 1.740E-05 1.936E+01  4 1.234E-01 2.388E+00  6 5.260E-06 5.459E+01  7 6.102E-08 1.000E+02
 8 5.539E-08 1.000E+02 10 6.837E-06 3.641E+01 11 3.382E-06 5.116E+01 12 2.775E-06 3.259E+01 13 6.626E-05 7.609E+00
15 1.548E-06 7.826E+01 16 1.263E-03 1.219E+00 17 2.741E-06 5.787E+01 19 3.234E-05 4.639E+01 20 1.148E-03 9.081E+00
22 2.549E-08 1.000E+02 23 2.117E-02 3.024E-01 24 6.041E-05 1.992E+00 26 6.710E-03 3.860E-01 27 1.563E-03 4.053E-01
187  16
 2 1.791E-02 6.011E-01  3 1.038E-05 2.668E+01  4 1.204E-01 1.909E+00  5 4.377E-06 1.000E+02  7 7.903E-07 9.853E+01
10 1.829E-05 2.351E+01 11 1.376E-06 7.897E+01 12 2.493E-06 2.793E+01 13 6.768E-05 9.135E+00 16 1.251E-03 1.130E+00
19 8.065E-05 4.546E+01 20 1.372E-03 9.691E+00 23 2.118E-02 2.534E-01 24 5.640E-05 2.325E+00 26 6.572E-03 3.670E-01
27 1.514E-03 4.055E-01
188  19
 2 2.127E-02 6.180E-01  3 5.810E-06 2.311E+01  4 1.302E-01 2.369E+00  6 1.819E-06 9.796E+01  7 1.469E-07 8.695E+01
 8 1.376E-06 8.182E+01 10 1.537E-05 3.155E+01 11 1.041E-06 9.950E+01 12 5.445E-06 3.056E+01 13 5.578E-05 9.875E+00
15 1.059E-05 6.924E+01 16 1.232E-03 1.044E+00 17 5.999E-06 6.114E+01 19 4.959E-05 5.464E+01 20 1.159E-03 1.189E+01
23 2.100E-02 2.786E-01 24 4.677E-05 2.337E+00 26 6.328E-03 3.904E-01 27 1.438E-03 3.655E-01
189  20
 2 2.455E-02 5.181E-01  3 1.352E-05 3.847E+01  4 1.233E-01 2.597E+00  6 1.898E-06 6.044E+01  7 3.165E-07 1.000E+02
 8 2.360E-08 1.000E+02  9 2.809E-06 1.000E+02 10 1.677E-05 2.613E+01 11 2.111E-06 6.590E+01 12 7.262E-06 1.947E+01
13 5.722E-05 1.021E+01 15 5.854E-07 1.000E+02 16 1.269E-03 1.016E+00 17 2.654E-06 8.588E+01 19 2.425E-07 1.000E+02
20 8.837E-04 9.402E+00 23 2.085E-02 2.853E-01 24 4.587E-05 2.436E+00 26 6.072E-03 3.411E-01 27 1.368E-03 4.050E-01
190  18
 2 2.698E-02 5.334E-01  3 2.145E-05 3.053E+01  4 1.717E-02 7.573E+00  6 3.960E-06 8.075E+01  7 6.471E-07 8.999E+01
10 1.010E-05 2.910E+01 11 3.677E-08 1.000E+02 12 4.909E-06 3.420E+01 13 4.904E-05 9.007E+00 15 2.494E-06 1.000E+02
16 1.293E-03 1.005E+00 17 1.261E-06 9.723E+01 19 2.180E-05 7.926E+01 20 6.636E-04 1.555E+01 23 2.065E-02 3.048E-01
24 4.221E-05 2.536E+00 26 5.901E-03 3.981E-01 27 1.323E-03 4.397E-01
191  18
 2 2.891E-02 4.622E-01  3 2.205E-05 2.501E+01  4 1.055E-02 4.971E+00  6 6.048E-06 7.460E+01  8 8.238E-08 1.000E+02
10 8.521E-06 4.284E+01 11 6.312E-09 1.000E+02 12 2.749E-06 4.162E+01 13 4.423E-05 1.007E+01 15 2.881E-06 1.000E+02
16 1.321E-03 1.323E+00 17 4.147E-06 7.194E+01 19 3.139E-05 6.429E+01 20 4.659E-04 1.555E+01 23 2.055E-02 2.923E-01
24 3.590E-05 2.485E+00 26 5.863E-03 4.125E-01 27 1.309E-03 4.590E-01
192  18
 2 3.043E-02 5.025E-01  3 1.850E-05 2.704E+01  4 8.792E-03 8.763E+00  6 4.092E-06 7.505E+01  7 4.239E-07 1.000E+02
10 7.335E-06 4.127E+01 11 7.030E-07 1.000E+02 12 2.752E-06 2.893E+01 13 4.403E-05 9.509E+00 16 1.290E-03 1.124E+00
17 1.648E-06 7.348E+01 19 2.819E-05 7.018E+01 20 7.967E-04 1.754E+01 23 2.050E-02 3.025E-01 24 3.477E-05 2.405E+00
25 4.630E-09 1.000E+02 26 5.847E-03 4.092E-01 27 1.303E-03 4.351E-01
193  18
 2 3.163E-02 4.018E-01  3 8.695E-06 2.815E+01  4 7.160E-03 1.106E+01  6 7.674E-07 1.000E+02  7 7.490E-09 1.000E+02
10 8.409E-06 4.436E+01 12 1.515E-06 4.228E+01 13 3.334E-05 1.004E+01 15 1.172E-07 1.000E+02 16 1.284E-03 9.159E-01
17 1.900E-07 1.000E+02 19 3.180E-05 6.761E+01 20 5.406E-04 1.789E+01 21 3.923E-08 1.000E+02 23 2.051E-02 3.104E-01
24 3.152E-05 3.172E+00 26 5.856E-03 3.542E-01 27 1.301E-03 3.981E-01
194  15
 2 3.208E-02 4.172E-01  3 1.312E-05 3.259E+01  4 5.436E-03 1.261E+01  6 3.209E-06 1.000E+02 10 9.316E-06 2.745E+01
12 1.822E-06 3.501E+01 13 3.320E-05 1.010E+01 16 1.275E-03 6.724E-01 17 2.081E-06 7.481E+01 19 3.190E-05 6.075E+01
20 5.911E-04 1.609E+01 23 2.032E-02 2.782E-01 24 2.821E-05 3.677E+00 26 5.802E-03 3.498E-01 27 1.289E-03 4.079E-01
195  19
 2 3.186E-02 4.464E-01  3 1.402E-05 2.894E+01  4 3.268E-03 1.090E+01  6 1.980E-06 1.000E+02  7 5.482E-08 1.000E+02
 8 2.394E-07 1.000E+02 10 1.015E-05 3.940E+01 11 2.244E-08 1.000E+02 12 3.405E-06 3.440E+01 13 2.864E-05 1.162E+01
15 1.296E-07 1.000E+02 16 1.297E-03 1.288E+00 17 1.197E-06 1.000E+02 19 1.300E-05 9.904E+01 20 4.141E-04 2.738E+01
23 2.003E-02 2.776E-01 24 2.623E-05 3.280E+00 26 5.715E-03 3.717E-01 27 1.271E-03 3.921E-01
196  18
 2 3.111E-02 5.343E-01  3 6.392E-06 3.018E+01  4 2.750E-03 1.573E+01  6 2.470E-06 9.360E+01  7 1.386E-07 1.000E+02
 9 3.877E-06 1.000E+02 10 8.306E-06 2.661E+01 12 5.508E-07 3.944E+01 13 2.563E-05 1.625E+01 15 3.695E-06 1.000E+02
16 1.297E-03 1.019E+00 17 1.506E-06 7.042E+01 19 1.448E-05 7.694E+01 20 4.574E-04 2.437E+01 23 1.972E-02 3.361E-01
24 2.396E-05 4.079E+00 26 5.675E-03 4.517E-01 27 1.263E-03 4.499E-01
197  18
 2 3.039E-02 3.813E-01  3 3.515E-06 4.001E+01  4 2.367E-03 1.647E+01  6 8.857E-07 1.000E+02  7 7.079E-08 1.000E+02
10 9.622E-06 4.852E+01 11 8.618E-07 7.952E+01 12 5.215E-07 6.209E+01 13 2.353E-05 1.616E+01 15 3.559E-07 1.000E+02
16 1.316E-03 1.077E+00 17 5.291E-06 9.058E+01 19 1.332E-05 6.942E+01 20 2.520E-04 2.102E+01 23 1.943E-02 2.787E-01
24 2.111E-05 3.930E+00 26 5.637E-03 3.798E-01 27 1.257E-03 4.053E-01
198  18
 2 2.870E-02 3.529E-01  3 4.355E-06 5.917E+01  4 1.648E-03 1.528E+01  6 8.789E-07 1.000E+02  7 3.807E-07 7.588E+01
 8 1.490E-06 6.897E+01 10 5.343E-06 4.599E+01 11 6.636E-06 9.440E+01 12 2.303E-06 4.120E+01 13 1.844E-05 1.891E+01
16 1.312E-03 1.246E+00 17 1.645E-06 1.000E+02 19 4.067E-05 5.159E+01 20 2.424E-04 2.259E+01 23 1.892E-02 2.929E-01
24 1.802E-05 4.948E+00 26 5.597E-03 4.176E-01 27 1.249E-03 4.768E-01
199  14
 1 6.306E-07 1.000E+02  2 2.720E-02 5.232E-01  3 5.908E-06 3.723E+01  4 1.808E-03 1.390E+01 10 7.824E-06 3.483E+01
12 6.595E-07 6.576E+01 13 1.757E-05 1.538E+01 16 1.342E-03 1.108E+00 19 1.085E-05 5.929E+01 20 3.269E-04 2.069E+01
23 1.850E-02 3.070E-01 24 1.497E-05 4.469E+00 26 5.567E-03 4.303E-01 27 1.243E-03 4.672E-01
200  18
 1 2.721E-06 1.000E+02  2 2.492E-02 5.368E-01  3 6.712E-06 6.420E+01  4 1.558E-03 1.894E+01  6 1.023E-06 1.000E+02
 7 1.748E-07 1.000E+02  8 3.782E-07 1.000E+02 10 1.188E-06 6.214E+01 11 6.186E-07 1.000E+02 12 2.013E-06 6.084E+01
13 1.201E-05 1.479E+01 16 1.349E-03 8.336E-01 17 8.585E-07 1.000E+02 20 2.067E-04 2.979E+01 23 1.782E-02 2.786E-01
24 1.324E-05 2.620E+00 26 5.499E-03 3.409E-01 27 1.234E-03 3.843E-01
201  16
 2 2.258E-02 4.149E-01  3 4.758E-06 5.106E+01  4 1.337E-03 2.074E+01  6 1.557E-07 1.000E+02 10 4.868E-06 3.030E+01
11 5.050E-06 7.151E+01 12 2.219E-06 4.438E+01 13 1.298E-05 1.857E+01 15 4.792E-07 1.000E+02 16 1.337E-03 9.443E-01
19 8.380E-08 1.000E+02 20 2.214E-04 2.749E+01 23 1.710E-02 2.988E-01 24 1.248E-05 4.067E+00 26 5.418E-03 3.606E-01
27 1.222E-03 3.555E-01
202  15
 1 1.138E-05 1.000E+02  2 1.939E-02 5.555E-01  3 2.570E-06 4.210E+01  4 1.428E-03 2.123E+01  6 2.883E-07 1.000E+02
10 6.484E-06 4.969E+01 12 5.874E-07 5.022E+01 13 1.061E-05 1.360E+01 16 1.395E-03 9.711E-01 19 1.561E-05 8.706E+01
20 1.590E-04 2.891E+01 23 1.613E-02 2.714E-01 24 1.006E-05 5.857E+00 26 5.289E-03 2.836E-01 27 1.200E-03 3.120E-01
203  16
 2 1.588E-02 5.061E-01  3 4.183E-06 5.317E+01  4 4.768E-04 2.518E+01  6 4.643E-07 1.000E+02 10 2.350E-06 5.366E+01
12 3.152E-08 6.097E+01 13 8.513E-06 1.927E+01 15 6.347E-08 1.000E+02 16 1.406E-03 1.078E+00 17 2.399E-08 1.000E+02
19 5.757E-06 1.000E+02 20 1.915E-04 2.475E+01 23 1.500E-02 2.784E-01 24 7.489E-06 5.769E+00 26 5.138E-03 3.461E-01
27 1.174E-03 3.605E-01
204  14
 2 1.212E-02 6.316E-01  3 1.858E-06 7.431E+01  4 7.105E-04 2.188E+01  6 1.496E-07 1.000E+02 10 7.579E-07 7.776E+01
12 4.930E-08 9.424E+01 13 7.149E-06 2.658E+01 16 1.444E-03 7.563E-01 17 7.682E-07 1.000E+02 20 2.127E-04 3.282E+01
23 1.366E-02 2.883E-01 24 5.780E-06 5.228E+00 26 4.877E-03 2.966E-01 27 1.124E-03 3.224E-01
205  15
 2 8.114E-03 5.672E-01  3 2.995E-06 6.570E+01  4 9.080E-04 2.045E+01  6 2.952E-07 1.000E+02 10 8.055E-07 5.511E+01
12 9.757E-09 1.000E+02 13 4.910E-06 1.870E+01 15 1.707E-08 1.000E+02 16 1.494E-03 1.103E+00 19 1.453E-05 7.058E+01
20 5.353E-05 4.178E+01 23 1.209E-02 3.220E-01 24 4.584E-06 4.412E+00 26 4.535E-03 4.148E-01 27 1.059E-03 4.346E-01
206  15
 2 4.757E-03 6.267E-01  3 9.287E-07 6.030E+01  4 3.931E-04 3.005E+01  6 1.400E-07 1.000E+02 10 8.930E-07 4.901E+01
11 2.523E-07 1.000E+02 12 1.155E-06 5.746E+01 13 3.880E-06 2.260E+01 16 1.558E-03 5.992E-01 19 2.358E-05 8.153E+01
20 1.255E-04 2.751E+01 23 9.741E-03 3.144E-01 24 3.747E-06 5.062E+00 26 3.681E-03 3.811E-01 27 8.653E-04 4.103E-01
207  14
 2 2.897E-03 9.643E-01  3 2.238E-07 9.006E+01  4 2.058E-04 4.401E+01  6 7.793E-08 1.000E+02 10 1.939E-07 7.329E+01
12 2.025E-07 4.950E+01 13 3.054E-06 2.223E+01 16 1.617E-03 8.136E-01 19 3.788E-07 1.000E+02 20 2.520E-05 4.504E+01
23 6.108E-03 4.005E-01 24 2.505E-06 7.493E+00 26 1.928E-03 4.709E-01 27 4.376E-04 5.680E-01
208  12
 2 1.033E-03 1.223E+00  3 1.807E-06 8.348E+01  4 2.089E-04 2.794E+01 10 7.700E-08 1.000E+02 12 3.848E-09 1.000E+02
13 6.992E-07 3.701E+01 16 1.392E-03 6.158E-01 20 2.279E-05 4.122E+01 23 1.967E-03 4.896E-01 24 7.187E-07 1.057E+01
26 3.464E-04 9.587E-01 27 6.981E-05 9.341E-01