
    ORGAN DOSE CONVERSION FACTORS FOR AN ADULT HERMAPHRODITE
    CALCULATED FOR A VARIETY OF CT SCANNERS AND CONDITIONS.
    VALUES ARE GIVEN FOR 208 5 MM SLICES SPANNING THE BODY
    FROM 100 MM BELOW THE BOTTOM OF THE TRUNK TO THE TOP OF THE HEAD.

                     ORGANS OR REGIONS
 1 ADRENALS              10 HEART                  19 THYMUS                   
 2 BRAIN                 11 KIDNEYS                20 THYROID                  
 3 BREASTS               12 LIVER                  21 URINARY BLADDER          
 4 EYE LENSES            13 LUNGS                  22 UTERUS                   
 5 GALL BLADDER          14 OVARIES                23 HEAD REGION              
 6 STOMACH               15 PANCREAS               24 TRUNK REGION             
 7 SMALL INTESTINE       16 SKIN                   25 LEG REGION               
 8 UPPER LARGE INTESTINE 17 SPLEEN                 26 SKELETON                 
 9 LOWER LARGE INTESTINE 18 TESTICLES              27 RED MARROW               

 02 SIEMENS SOMATOM DRG,DRG1: NO SHAPED FILTER
    FOCUS TO AXIS DISTANCE IS 700 MM
    FAN ANGLE COVERS FULL WIDTH OF TRUNK
    X-RAY SPECTRUM HAS MAXIMUM ENERGY OF 125 KEV
    FILTRATION IS 2.2 MM OF ALUMINIUM AND 0.4 MM OF COPPER

    CONVERSION FACTORS AND STATISTICAL UNCERTAINTIES(%) FOR ORGANS IN EACH SLICE
  1  18
 3 2.546E-06 7.457E+01  6 3.262E-06 9.163E+01  7 7.186E-05 1.040E+01  8 5.606E-05 2.571E+01  9 7.209E-04 6.917E+00
11 2.527E-06 7.679E+01 12 1.479E-06 8.390E+01 13 1.559E-06 7.411E+01 14 2.220E-04 4.623E+01 16 3.274E-03 1.030E+00
17 4.200E-07 1.000E+02 18 4.748E-03 6.833E+00 21 5.875E-04 1.282E+01 22 2.090E-04 2.063E+01 24 1.776E-04 2.092E+00
25 1.029E-02 2.154E-01 26 5.701E-03 7.473E-01 27 5.919E-04 1.186E+00
  2  20
 3 1.754E-06 8.737E+01  6 1.085E-05 6.342E+01  7 5.521E-05 1.444E+01  8 4.279E-05 2.833E+01  9 9.716E-04 7.136E+00
10 2.617E-07 1.000E+02 11 4.964E-06 4.645E+01 12 3.815E-06 3.405E+01 13 1.552E-06 1.000E+02 14 3.664E-04 3.642E+01
15 7.341E-06 7.137E+01 16 3.209E-03 8.430E-01 17 5.883E-07 1.000E+02 18 4.008E-03 7.473E+00 21 7.873E-04 1.187E+01
22 3.711E-04 1.519E+01 24 2.059E-04 9.430E-01 25 1.032E-02 2.763E-01 26 5.704E-03 6.709E-01 27 6.150E-04 9.117E-01
  3  17
 3 3.552E-06 8.910E+01  6 9.037E-06 4.871E+01  7 8.179E-05 1.090E+01  8 5.668E-05 2.594E+01  9 1.005E-03 6.319E+00
11 3.255E-06 5.769E+01 12 9.216E-07 5.950E+01 14 5.297E-04 4.014E+01 16 3.252E-03 8.170E-01 17 9.799E-06 9.652E+01
18 4.125E-03 4.853E+00 21 9.734E-04 1.056E+01 22 2.814E-04 2.108E+01 24 2.292E-04 1.269E+00 25 1.039E-02 2.340E-01
26 5.708E-03 4.891E-01 27 6.401E-04 1.025E+00
  4  20
 1 3.226E-06 1.000E+02  3 3.222E-06 5.698E+01  6 1.662E-06 6.902E+01  7 7.516E-05 1.117E+01  8 7.127E-05 1.947E+01
 9 1.028E-03 5.960E+00 11 4.254E-06 5.393E+01 12 3.239E-06 5.098E+01 13 1.893E-07 8.892E+01 14 5.184E-04 3.221E+01
15 2.444E-07 1.000E+02 16 3.342E-03 8.151E-01 17 1.687E-06 1.000E+02 18 4.419E-03 7.146E+00 21 8.567E-04 9.797E+00
22 2.550E-04 2.225E+01 24 2.507E-04 1.188E+00 25 1.044E-02 2.004E-01 26 5.749E-03 3.589E-01 27 6.732E-04 8.438E-01
  5  19
 3 5.169E-06 8.103E+01  5 4.700E-05 8.166E+01  6 8.054E-07 1.000E+02  7 7.948E-05 1.499E+01  8 6.951E-05 2.357E+01
 9 1.200E-03 6.411E+00 11 3.666E-06 6.016E+01 12 4.351E-06 2.791E+01 13 5.653E-07 7.675E+01 14 1.662E-04 4.369E+01
16 3.264E-03 9.371E-01 17 1.205E-06 1.000E+02 18 4.364E-03 7.775E+00 21 8.423E-04 1.384E+01 22 4.335E-04 1.571E+01
24 2.888E-04 1.271E+00 25 1.052E-02 2.410E-01 26 5.776E-03 7.265E-01 27 7.118E-04 9.924E-01
  6  19
 3 2.314E-06 1.000E+02  5 6.374E-06 7.330E+01  6 1.927E-05 5.083E+01  7 1.169E-04 8.600E+00  8 5.834E-05 2.018E+01
 9 1.348E-03 4.902E+00 11 4.888E-06 4.225E+01 12 5.394E-06 4.534E+01 14 2.785E-04 4.116E+01 16 3.293E-03 9.532E-01
17 1.103E-05 7.492E+01 18 6.326E-03 5.122E+00 19 9.195E-06 1.000E+02 21 1.013E-03 1.147E+01 22 3.002E-04 2.038E+01
24 3.159E-04 1.102E+00 25 1.049E-02 3.361E-01 26 5.803E-03 5.895E-01 27 7.202E-04 8.567E-01
  7  21
 1 7.508E-06 1.000E+02  5 6.011E-05 7.012E+01  6 1.231E-06 1.000E+02  7 1.070E-04 7.091E+00  8 8.541E-05 1.021E+01
 9 1.464E-03 5.770E+00 10 2.447E-06 1.000E+02 11 5.654E-06 3.817E+01 12 3.921E-06 3.328E+01 13 4.688E-07 1.000E+02
14 4.090E-04 5.370E+01 15 2.290E-06 1.000E+02 16 3.298E-03 7.946E-01 17 2.654E-06 1.000E+02 18 5.872E-03 6.487E+00
21 1.154E-03 8.215E+00 22 3.965E-04 1.606E+01 24 3.582E-04 1.222E+00 25 1.052E-02 2.188E-01 26 5.829E-03 5.912E-01
27 7.691E-04 7.112E-01
  8  18
 3 8.064E-06 4.792E+01  5 1.132E-04 1.000E+02  6 1.676E-05 4.249E+01  7 9.505E-05 9.133E+00  8 1.018E-04 1.847E+01
 9 1.629E-03 4.660E+00 11 2.045E-05 3.830E+01 12 3.297E-06 4.544E+01 13 5.100E-07 8.853E+01 14 4.338E-04 4.546E+01
16 3.363E-03 6.451E-01 18 6.909E-03 5.721E+00 21 1.255E-03 1.224E+01 22 5.471E-04 1.642E+01 24 4.016E-04 1.229E+00
25 1.051E-02 2.399E-01 26 5.785E-03 8.034E-01 27 7.889E-04 1.095E+00
  9  21
 3 1.764E-05 4.611E+01  5 6.133E-06 1.000E+02  6 2.228E-06 5.554E+01  7 1.293E-04 8.876E+00  8 8.487E-05 1.611E+01
 9 1.708E-03 3.739E+00 10 1.803E-06 1.000E+02 11 1.864E-05 3.665E+01 12 4.300E-06 4.313E+01 13 8.586E-07 5.739E+01
14 4.953E-04 3.784E+01 15 1.775E-05 8.100E+01 16 3.388E-03 1.015E+00 17 3.222E-06 1.000E+02 18 6.893E-03 6.012E+00
21 1.524E-03 8.609E+00 22 5.909E-04 1.226E+01 24 4.501E-04 1.238E+00 25 1.056E-02 2.358E-01 26 5.818E-03 6.181E-01
27 8.302E-04 9.425E-01
 10  19
 3 5.347E-06 5.838E+01  6 1.172E-05 3.592E+01  7 1.430E-04 1.111E+01  8 8.680E-05 2.393E+01  9 2.015E-03 4.926E+00
11 8.525E-06 4.262E+01 12 6.732E-06 3.788E+01 13 6.709E-07 1.000E+02 14 3.391E-04 5.231E+01 15 2.056E-05 8.020E+01
16 3.348E-03 9.517E-01 17 4.418E-06 1.000E+02 18 7.294E-03 9.121E+00 21 1.542E-03 8.253E+00 22 6.434E-04 1.352E+01
24 5.051E-04 9.499E-01 25 1.045E-02 2.473E-01 26 5.711E-03 6.584E-01 27 8.461E-04 1.234E+00
 11  21
 3 8.982E-06 5.463E+01  5 4.226E-05 1.000E+02  6 2.091E-06 6.149E+01  7 1.441E-04 1.066E+01  8 1.229E-04 1.838E+01
 9 2.242E-03 4.750E+00 10 4.643E-06 1.000E+02 11 8.456E-06 4.989E+01 12 7.376E-06 2.391E+01 13 3.223E-06 8.189E+01
14 5.658E-04 3.928E+01 15 3.551E-06 7.585E+01 16 4.248E-03 9.834E-01 17 1.453E-05 7.337E+01 18 1.335E-02 5.302E+00
21 2.062E-03 8.161E+00 22 5.255E-04 1.501E+01 24 5.583E-04 9.133E-01 25 1.039E-02 2.255E-01 26 5.548E-03 5.985E-01
27 8.514E-04 1.145E+00
 12  20
 3 4.227E-06 5.983E+01  6 1.178E-05 6.010E+01  7 1.582E-04 7.022E+00  8 1.113E-04 1.575E+01  9 2.597E-03 4.378E+00
11 1.852E-05 4.246E+01 12 7.784E-06 2.982E+01 13 1.681E-06 9.844E+01 14 3.834E-04 5.083E+01 15 1.603E-06 8.561E+01
16 3.651E-03 7.250E-01 17 1.572E-05 6.220E+01 18 3.140E-02 2.923E+00 21 2.507E-03 9.581E+00 22 7.914E-04 1.124E+01
23 3.036E-07 1.000E+02 24 6.355E-04 1.073E+00 25 1.025E-02 2.996E-01 26 5.378E-03 9.505E-01 27 8.857E-04 1.143E+00
 13  20
 3 1.392E-05 3.960E+01  5 1.851E-05 1.000E+02  6 9.592E-06 5.963E+01  7 2.077E-04 7.551E+00  8 1.152E-04 1.863E+01
 9 2.771E-03 4.029E+00 11 6.078E-06 5.729E+01 12 8.765E-06 2.483E+01 13 1.591E-06 9.040E+01 14 5.881E-04 3.049E+01
15 5.672E-06 5.774E+01 16 3.625E-03 8.867E-01 18 5.146E-02 2.429E+00 21 2.326E-03 8.049E+00 22 6.577E-04 9.198E+00
23 3.854E-07 1.000E+02 24 7.165E-04 1.158E+00 25 1.023E-02 3.195E-01 26 5.408E-03 8.124E-01 27 9.330E-04 1.478E+00
 14  21
 3 1.484E-05 4.799E+01  5 5.911E-05 5.528E+01  6 7.002E-06 5.725E+01  7 1.978E-04 6.949E+00  8 1.917E-04 9.953E+00
 9 3.021E-03 3.813E+00 10 4.796E-06 7.723E+01 11 2.154E-05 4.126E+01 12 7.215E-06 2.796E+01 13 5.263E-07 7.402E+01
14 1.013E-03 2.496E+01 15 5.136E-06 8.247E+01 16 3.616E-03 9.676E-01 17 1.359E-05 6.940E+01 18 6.774E-02 3.037E+00
21 2.768E-03 6.527E+00 22 9.086E-04 1.101E+01 24 8.113E-04 1.058E+00 25 1.011E-02 2.691E-01 26 5.323E-03 5.941E-01
27 9.641E-04 8.669E-01
 15  20
 3 2.133E-05 4.146E+01  6 1.497E-05 4.030E+01  7 2.238E-04 9.788E+00  8 1.676E-04 1.305E+01  9 3.442E-03 3.239E+00
10 1.217E-06 6.948E+01 11 1.819E-05 3.381E+01 12 1.280E-05 2.152E+01 13 2.250E-06 5.106E+01 14 1.082E-03 2.843E+01
15 1.986E-05 6.580E+01 16 3.638E-03 9.008E-01 17 3.187E-06 6.476E+01 18 7.382E-02 2.204E+00 21 3.433E-03 7.752E+00
22 7.804E-04 1.086E+01 24 9.160E-04 5.727E-01 25 9.960E-03 2.656E-01 26 5.212E-03 7.306E-01 27 1.018E-03 1.172E+00
 16  20
 3 8.584E-06 5.560E+01  5 3.803E-05 1.000E+02  6 1.227E-05 7.203E+01  7 2.329E-04 1.097E+01  8 1.801E-04 1.200E+01
 9 3.946E-03 4.308E+00 10 1.095E-06 1.000E+02 11 2.414E-05 2.880E+01 12 1.217E-05 3.014E+01 13 7.904E-07 8.356E+01
14 7.478E-04 4.540E+01 16 3.580E-03 1.046E+00 17 6.421E-06 6.620E+01 18 7.767E-02 1.571E+00 21 3.205E-03 8.384E+00
22 1.132E-03 1.242E+01 24 1.035E-03 6.889E-01 25 9.759E-03 2.054E-01 26 5.161E-03 7.044E-01 27 1.065E-03 1.306E+00
 17  20
 3 2.282E-05 4.373E+01  6 1.983E-05 4.484E+01  7 2.895E-04 8.528E+00  8 2.411E-04 1.157E+01  9 4.052E-03 4.181E+00
10 6.987E-07 1.000E+02 11 3.570E-05 3.327E+01 12 1.444E-05 2.132E+01 13 2.987E-06 8.567E+01 14 1.107E-03 2.514E+01
15 1.395E-05 5.724E+01 16 3.631E-03 8.877E-01 17 7.464E-06 4.950E+01 18 7.046E-02 1.868E+00 21 3.405E-03 5.827E+00
22 1.468E-03 1.119E+01 24 1.177E-03 5.243E-01 25 9.527E-03 2.412E-01 26 5.079E-03 5.663E-01 27 1.132E-03 1.004E+00
 18  21
 3 2.167E-05 4.487E+01  5 7.291E-05 8.979E+01  6 2.178E-05 3.299E+01  7 3.415E-04 3.989E+00  8 2.023E-04 1.091E+01
 9 4.581E-03 2.663E+00 10 1.148E-06 6.885E+01 11 1.398E-05 4.530E+01 12 1.741E-05 1.976E+01 13 1.048E-06 5.079E+01
14 1.450E-03 2.427E+01 15 3.146E-05 7.830E+01 16 3.629E-03 9.670E-01 17 1.461E-05 4.321E+01 18 6.097E-02 2.448E+00
21 4.465E-03 5.931E+00 22 1.330E-03 1.191E+01 24 1.356E-03 5.955E-01 25 9.184E-03 2.708E-01 26 4.887E-03 7.257E-01
27 1.204E-03 1.177E+00
 19  22
 1 3.936E-05 6.883E+01  3 1.338E-05 4.681E+01  5 2.087E-05 7.512E+01  6 1.933E-05 4.093E+01  7 3.733E-04 4.186E+00
 8 3.014E-04 1.149E+01  9 5.116E-03 2.709E+00 10 6.855E-07 1.000E+02 11 2.583E-05 2.628E+01 12 1.572E-05 1.700E+01
13 9.060E-07 9.163E+01 14 1.955E-03 2.210E+01 15 4.912E-05 4.537E+01 16 3.673E-03 1.169E+00 17 1.034E-05 5.414E+01
18 4.510E-02 2.677E+00 21 4.521E-03 4.589E+00 22 1.423E-03 1.265E+01 24 1.554E-03 6.160E-01 25 8.793E-03 1.923E-01
26 4.785E-03 6.123E-01 27 1.304E-03 1.219E+00
 20  22
 1 9.262E-05 1.000E+02  3 1.492E-05 4.141E+01  5 5.920E-05 1.000E+02  6 2.187E-05 3.375E+01  7 4.218E-04 5.602E+00
 8 2.869E-04 7.100E+00  9 5.972E-03 3.422E+00 10 6.310E-06 6.351E+01 11 1.959E-05 3.361E+01 12 2.182E-05 2.265E+01
13 4.048E-06 5.197E+01 14 1.316E-03 2.323E+01 15 1.074E-05 5.790E+01 16 3.597E-03 1.162E+00 17 1.199E-05 6.781E+01
18 2.679E-02 4.367E+00 21 5.240E-03 5.339E+00 22 1.712E-03 9.023E+00 24 1.836E-03 5.350E-01 25 8.275E-03 2.387E-01
26 4.692E-03 7.899E-01 27 1.418E-03 1.469E+00
 21  22
 3 8.438E-06 9.287E+01  5 8.035E-05 6.751E+01  6 3.249E-05 3.674E+01  7 4.067E-04 5.526E+00  8 3.568E-04 9.069E+00
 9 8.383E-03 1.985E+00 10 2.076E-06 9.581E+01 11 3.846E-05 2.980E+01 12 1.361E-05 1.865E+01 13 1.323E-06 5.588E+01
14 1.106E-03 3.335E+01 15 1.246E-06 6.591E+01 16 3.091E-03 1.152E+00 17 1.818E-05 3.900E+01 18 1.444E-02 3.856E+00
21 5.184E-03 2.725E+00 22 1.879E-03 9.286E+00 23 9.585E-08 6.906E+01 24 4.058E-03 2.579E-01 25 3.775E-03 4.697E-01
26 4.385E-03 5.958E-01 27 2.097E-03 8.297E-01
 22  23
 1 1.483E-05 1.000E+02  3 8.275E-06 5.148E+01  5 1.998E-05 1.000E+02  6 1.317E-05 4.123E+01  7 5.342E-04 4.677E+00
 8 3.732E-04 8.957E+00  9 8.924E-03 2.256E+00 10 1.940E-06 5.717E+01 11 2.578E-05 3.357E+01 12 2.157E-05 2.137E+01
13 2.716E-06 3.371E+01 14 1.487E-03 2.086E+01 15 2.451E-05 4.084E+01 16 3.018E-03 7.967E-01 17 9.243E-06 6.429E+01
18 1.319E-02 4.976E+00 21 6.270E-03 5.755E+00 22 1.869E-03 8.332E+00 23 8.268E-08 6.884E+01 24 4.352E-03 2.785E-01
25 3.169E-03 6.104E-01 26 4.237E-03 8.494E-01 27 2.270E-03 1.446E+00
 23  21
 1 1.199E-05 8.277E+01  3 6.076E-06 5.830E+01  5 5.317E-05 1.000E+02  6 5.102E-05 2.956E+01  7 5.878E-04 3.102E+00
 8 4.335E-04 1.209E+01  9 9.147E-03 3.185E+00 11 4.057E-05 2.572E+01 12 2.572E-05 1.344E+01 13 1.173E-06 4.842E+01
14 2.123E-03 1.254E+01 15 1.864E-05 3.674E+01 16 3.043E-03 7.755E-01 17 1.021E-05 5.687E+01 18 1.073E-02 4.033E+00
21 6.806E-03 3.369E+00 22 2.301E-03 5.816E+00 24 4.577E-03 2.277E-01 25 2.768E-03 5.832E-01 26 4.114E-03 5.676E-01
27 2.338E-03 1.024E+00
 24  22
 1 4.307E-05 1.000E+02  3 1.165E-05 7.071E+01  5 4.678E-05 7.730E+01  6 4.538E-05 3.085E+01  7 6.347E-04 6.589E+00
 8 4.680E-04 8.730E+00  9 1.181E-02 2.826E+00 10 2.510E-06 8.406E+01 11 4.075E-05 2.464E+01 12 2.613E-05 1.543E+01
13 2.025E-06 6.205E+01 14 2.236E-03 2.838E+01 15 1.378E-05 4.311E+01 16 2.952E-03 1.019E+00 17 1.321E-05 4.709E+01
18 9.592E-03 3.316E+00 21 7.240E-03 4.698E+00 22 2.519E-03 6.887E+00 24 4.726E-03 2.749E-01 25 2.440E-03 3.678E-01
26 4.029E-03 6.253E-01 27 2.426E-03 9.649E-01
 25  22
 3 6.579E-06 6.973E+01  5 2.450E-04 6.783E+01  6 5.602E-05 2.608E+01  7 6.603E-04 4.542E+00  8 6.584E-04 7.026E+00
 9 1.298E-02 2.240E+00 10 6.130E-06 6.393E+01 11 4.674E-05 2.346E+01 12 2.995E-05 1.992E+01 13 3.970E-06 4.244E+01
14 2.422E-03 2.203E+01 15 1.938E-05 5.815E+01 16 2.969E-03 1.019E+00 17 3.332E-05 5.833E+01 18 7.849E-03 6.963E+00
21 8.213E-03 4.225E+00 22 2.774E-03 7.509E+00 23 2.825E-07 7.082E+01 24 4.886E-03 2.646E-01 25 2.126E-03 6.704E-01
26 3.977E-03 5.071E-01 27 2.525E-03 7.851E-01
 26  22
 3 8.065E-06 5.891E+01  5 1.909E-04 4.579E+01  6 3.988E-05 3.340E+01  7 6.555E-04 5.230E+00  8 4.814E-04 9.444E+00
 9 1.347E-02 2.666E+00 10 5.266E-06 5.058E+01 11 6.527E-05 2.308E+01 12 3.099E-05 1.263E+01 13 2.733E-06 3.879E+01
14 2.115E-03 1.747E+01 15 2.524E-05 4.381E+01 16 2.920E-03 8.469E-01 17 3.293E-05 3.249E+01 18 7.257E-03 6.236E+00
21 9.661E-03 3.478E+00 22 2.796E-03 6.515E+00 23 1.988E-08 1.000E+02 24 5.003E-03 2.037E-01 25 1.899E-03 7.041E-01
26 3.871E-03 6.767E-01 27 2.507E-03 1.059E+00
 27  23
 1 8.511E-06 1.000E+02  3 1.357E-05 5.523E+01  5 1.539E-04 5.168E+01  6 3.184E-05 2.368E+01  7 8.502E-04 4.006E+00
 8 6.259E-04 6.777E+00  9 1.361E-02 2.014E+00 10 6.062E-06 6.349E+01 11 1.087E-04 2.874E+01 12 2.899E-05 1.433E+01
13 1.484E-06 6.891E+01 14 2.294E-03 1.885E+01 15 2.708E-05 4.167E+01 16 2.888E-03 8.672E-01 17 4.060E-05 3.094E+01
18 5.833E-03 5.591E+00 21 9.984E-03 4.347E+00 22 3.226E-03 5.734E+00 23 5.798E-07 1.000E+02 24 5.123E-03 2.478E-01
25 1.689E-03 6.667E-01 26 3.827E-03 6.049E-01 27 2.611E-03 9.123E-01
 28  22
 1 9.259E-05 1.000E+02  3 1.756E-06 1.000E+02  5 4.605E-05 9.462E+01  6 5.259E-05 3.042E+01  7 8.468E-04 3.431E+00
 8 7.880E-04 6.081E+00  9 1.398E-02 1.577E+00 10 2.583E-06 5.731E+01 11 8.224E-05 1.683E+01 12 3.676E-05 1.602E+01
13 1.940E-07 6.621E+01 14 3.549E-03 1.343E+01 15 2.827E-05 3.710E+01 16 2.938E-03 1.086E+00 17 2.220E-05 4.996E+01
18 5.770E-03 5.738E+00 21 1.233E-02 3.039E+00 22 3.779E-03 8.340E+00 24 5.203E-03 3.047E-01 25 1.496E-03 8.999E-01
26 3.804E-03 7.464E-01 27 2.687E-03 1.115E+00
 29  22
 1 2.915E-05 1.000E+02  3 1.203E-05 5.541E+01  5 9.474E-05 5.526E+01  6 8.062E-05 2.310E+01  7 9.467E-04 4.018E+00
 8 8.420E-04 4.173E+00  9 1.462E-02 2.076E+00 10 3.757E-06 4.968E+01 11 7.579E-05 1.917E+01 12 5.048E-05 8.971E+00
13 4.580E-06 3.495E+01 14 3.309E-03 9.431E+00 15 5.130E-05 4.363E+01 16 2.929E-03 1.052E+00 17 2.305E-05 4.414E+01
18 4.928E-03 7.559E+00 21 1.531E-02 2.830E+00 22 4.218E-03 6.228E+00 24 5.311E-03 2.614E-01 25 1.332E-03 7.286E-01
26 3.687E-03 6.333E-01 27 2.703E-03 8.678E-01
 30  24
 1 1.095E-04 5.962E+01  2 2.139E-07 1.000E+02  3 1.243E-05 6.359E+01  5 5.390E-05 8.296E+01  6 7.868E-05 2.512E+01
 7 1.113E-03 3.185E+00  8 9.036E-04 7.688E+00  9 1.307E-02 2.426E+00 10 1.332E-06 6.581E+01 11 6.620E-05 2.078E+01
12 5.351E-05 1.253E+01 13 2.275E-06 3.900E+01 14 4.773E-03 1.106E+01 15 4.155E-05 4.069E+01 16 2.901E-03 9.279E-01
17 2.682E-05 2.737E+01 18 5.136E-03 8.339E+00 21 2.271E-02 2.443E+00 22 4.796E-03 4.600E+00 23 2.872E-07 1.000E+02
24 5.354E-03 2.332E-01 25 1.215E-03 9.969E-01 26 3.676E-03 6.629E-01 27 2.701E-03 1.041E+00
 31  24
 1 3.131E-05 1.000E+02  3 4.844E-06 1.000E+02  5 3.827E-05 5.632E+01  6 6.659E-05 2.785E+01  7 1.234E-03 2.496E+00
 8 1.064E-03 5.498E+00  9 1.292E-02 2.431E+00 10 4.112E-06 7.946E+01 11 9.550E-05 2.173E+01 12 5.215E-05 1.087E+01
13 2.967E-06 4.963E+01 14 2.855E-03 1.299E+01 15 4.245E-05 2.566E+01 16 2.879E-03 1.066E+00 17 4.373E-05 4.658E+01
18 4.264E-03 8.013E+00 19 6.187E-06 1.000E+02 21 2.812E-02 2.576E+00 22 4.933E-03 5.446E+00 23 1.663E-07 1.000E+02
24 5.445E-03 2.941E-01 25 1.073E-03 1.050E+00 26 3.658E-03 7.919E-01 27 2.782E-03 1.045E+00
 32  22
 1 2.440E-05 1.000E+02  3 1.319E-05 4.399E+01  5 2.506E-04 3.421E+01  6 8.997E-05 1.876E+01  7 1.275E-03 3.336E+00
 8 1.116E-03 4.708E+00  9 1.241E-02 2.431E+00 10 1.267E-05 5.099E+01 11 9.874E-05 1.412E+01 12 6.715E-05 9.490E+00
13 5.968E-06 2.836E+01 14 5.596E-03 1.301E+01 15 1.071E-04 3.134E+01 16 2.842E-03 1.020E+00 17 4.293E-05 3.524E+01
18 3.630E-03 8.735E+00 21 3.188E-02 3.348E+00 22 5.199E-03 3.977E+00 24 5.494E-03 2.120E-01 25 9.714E-04 8.203E-01
26 3.615E-03 6.879E-01 27 2.811E-03 9.631E-01
 33  22
 1 1.185E-05 8.161E+01  3 1.711E-05 3.032E+01  5 9.672E-05 5.612E+01  6 7.778E-05 2.574E+01  7 1.464E-03 3.237E+00
 8 1.266E-03 6.092E+00  9 1.199E-02 2.324E+00 10 1.021E-05 6.715E+01 11 1.442E-04 1.312E+01 12 6.851E-05 9.463E+00
13 6.433E-06 3.812E+01 14 3.992E-03 1.178E+01 15 1.468E-04 2.859E+01 16 2.866E-03 8.683E-01 17 8.874E-05 2.374E+01
18 3.292E-03 9.565E+00 21 3.149E-02 2.470E+00 22 5.454E-03 5.784E+00 24 5.550E-03 2.258E-01 25 8.851E-04 1.194E+00
26 3.670E-03 8.097E-01 27 2.898E-03 1.073E+00
 34  22
 1 7.792E-05 1.000E+02  3 5.703E-06 7.400E+01  5 9.851E-05 4.149E+01  6 9.376E-05 1.886E+01  7 1.577E-03 3.306E+00
 8 1.384E-03 5.684E+00  9 1.186E-02 1.587E+00 10 8.632E-06 4.919E+01 11 1.141E-04 1.698E+01 12 7.994E-05 1.102E+01
13 7.087E-06 4.100E+01 14 5.563E-03 1.269E+01 15 4.644E-05 3.523E+01 16 2.835E-03 1.110E+00 17 3.921E-05 3.442E+01
18 2.733E-03 9.933E+00 21 3.256E-02 2.034E+00 22 6.552E-03 5.135E+00 24 5.597E-03 2.306E-01 25 7.803E-04 1.217E+00
26 3.603E-03 6.731E-01 27 2.841E-03 1.276E+00
 35  25
 1 4.664E-05 7.017E+01  2 1.629E-07 1.000E+02  3 9.254E-06 5.023E+01  5 5.225E-05 5.951E+01  6 1.222E-04 2.229E+01
 7 1.764E-03 2.541E+00  8 1.575E-03 4.253E+00  9 1.169E-02 2.346E+00 10 1.525E-05 3.493E+01 11 1.721E-04 1.826E+01
12 8.155E-05 8.917E+00 13 1.248E-05 2.537E+01 14 6.053E-03 1.339E+01 15 7.478E-05 3.033E+01 16 2.843E-03 1.010E+00
17 5.861E-05 2.569E+01 18 2.877E-03 8.066E+00 19 1.547E-06 1.000E+02 21 3.413E-02 2.715E+00 22 7.345E-03 4.440E+00
23 7.676E-07 1.000E+02 24 5.660E-03 2.858E-01 25 6.946E-04 1.276E+00 26 3.620E-03 7.395E-01 27 2.932E-03 8.629E-01
 36  23
 1 2.203E-05 1.000E+02  3 6.148E-07 1.000E+02  5 4.144E-04 3.712E+01  6 1.657E-04 1.995E+01  7 1.998E-03 3.062E+00
 8 1.650E-03 4.072E+00  9 1.211E-02 2.158E+00 10 1.272E-05 5.915E+01 11 1.318E-04 1.204E+01 12 7.914E-05 1.143E+01
13 9.097E-06 2.001E+01 14 6.722E-03 6.215E+00 15 4.503E-05 2.915E+01 16 2.793E-03 9.481E-01 17 5.314E-05 2.110E+01
18 2.912E-03 8.361E+00 19 1.935E-05 1.000E+02 21 3.220E-02 1.977E+00 22 7.824E-03 2.910E+00 24 5.687E-03 2.492E-01
25 6.372E-04 1.539E+00 26 3.592E-03 7.872E-01 27 2.921E-03 9.488E-01
 37  23
 1 1.227E-05 8.433E+01  3 2.611E-05 4.730E+01  5 2.214E-04 5.010E+01  6 1.533E-04 1.772E+01  7 2.210E-03 1.977E+00
 8 1.929E-03 4.607E+00  9 1.203E-02 2.004E+00 10 6.817E-06 4.387E+01 11 1.783E-04 1.305E+01 12 9.482E-05 7.131E+00
13 9.844E-06 2.974E+01 14 6.586E-03 1.369E+01 15 5.938E-05 2.705E+01 16 2.809E-03 1.036E+00 17 9.841E-05 2.395E+01
18 2.103E-03 7.503E+00 21 3.282E-02 2.611E+00 22 9.325E-03 4.302E+00 23 3.060E-08 1.000E+02 24 5.720E-03 2.259E-01
25 5.759E-04 1.508E+00 26 3.609E-03 6.443E-01 27 2.996E-03 8.831E-01
 38  22
 1 3.745E-05 4.780E+01  3 1.588E-05 3.167E+01  5 2.712E-04 3.849E+01  6 1.314E-04 1.638E+01  7 2.402E-03 1.986E+00
 8 1.942E-03 5.020E+00  9 1.198E-02 2.539E+00 10 5.581E-06 5.128E+01 11 2.056E-04 1.339E+01 12 1.110E-04 8.596E+00
13 7.780E-06 2.633E+01 14 6.690E-03 1.101E+01 15 6.849E-05 3.025E+01 16 2.795E-03 1.382E+00 17 1.047E-04 1.632E+01
18 1.932E-03 1.324E+01 21 3.279E-02 2.517E+00 22 1.005E-02 4.140E+00 24 5.764E-03 2.920E-01 25 4.964E-04 1.672E+00
26 3.624E-03 6.200E-01 27 3.055E-03 1.111E+00
 39  24
 1 2.054E-04 4.571E+01  2 4.355E-08 1.000E+02  3 1.650E-05 5.265E+01  5 3.905E-04 3.511E+01  6 1.989E-04 1.623E+01
 7 2.670E-03 2.109E+00  8 2.363E-03 4.007E+00  9 1.182E-02 1.998E+00 10 1.253E-05 3.927E+01 11 1.992E-04 1.067E+01
12 1.257E-04 1.072E+01 13 9.584E-06 2.321E+01 14 9.404E-03 8.495E+00 15 1.311E-04 3.310E+01 16 2.743E-03 1.126E+00
17 9.152E-05 2.935E+01 18 1.719E-03 9.879E+00 21 3.175E-02 2.904E+00 22 1.083E-02 3.959E+00 23 7.791E-07 1.000E+02
24 5.769E-03 2.263E-01 25 4.593E-04 1.379E+00 26 3.624E-03 8.446E-01 27 3.057E-03 1.254E+00
 40  22
 3 1.756E-05 3.558E+01  5 3.914E-04 2.587E+01  6 2.115E-04 1.988E+01  7 2.775E-03 1.842E+00  8 2.485E-03 2.937E+00
 9 1.269E-02 2.507E+00 10 1.285E-05 2.848E+01 11 2.356E-04 1.024E+01 12 1.273E-04 7.327E+00 13 8.988E-06 2.233E+01
14 7.969E-03 9.660E+00 15 1.538E-04 2.834E+01 16 2.772E-03 9.514E-01 17 5.345E-05 2.769E+01 18 1.407E-03 1.015E+01
21 3.251E-02 2.005E+00 22 1.136E-02 4.746E+00 23 5.105E-08 1.000E+02 24 5.806E-03 2.720E-01 25 4.225E-04 1.602E+00
26 3.614E-03 7.274E-01 27 3.080E-03 1.010E+00
 41  23
 1 6.575E-05 4.158E+01  3 2.369E-05 3.422E+01  5 3.479E-04 3.362E+01  6 2.090E-04 1.479E+01  7 3.168E-03 1.723E+00
 8 2.773E-03 4.270E+00  9 1.174E-02 1.783E+00 10 1.227E-05 4.061E+01 11 2.723E-04 1.153E+01 12 1.603E-04 5.397E+00
13 1.793E-05 1.699E+01 14 1.051E-02 6.013E+00 15 2.099E-04 2.096E+01 16 2.788E-03 1.434E+00 17 8.279E-05 2.902E+01
18 1.411E-03 9.745E+00 21 2.976E-02 2.112E+00 22 1.279E-02 5.440E+00 23 5.543E-08 1.000E+02 24 5.824E-03 2.562E-01
25 3.629E-04 1.615E+00 26 3.669E-03 5.861E-01 27 3.193E-03 9.902E-01
 42  23
 1 5.921E-05 6.109E+01  3 1.527E-05 3.818E+01  5 4.541E-04 4.317E+01  6 2.439E-04 1.466E+01  7 3.509E-03 2.506E+00
 8 3.190E-03 4.542E+00  9 1.231E-02 2.362E+00 10 2.910E-05 3.833E+01 11 2.969E-04 1.234E+01 12 1.566E-04 6.103E+00
13 1.157E-05 2.225E+01 14 1.318E-02 9.738E+00 15 1.240E-04 2.456E+01 16 2.715E-03 1.188E+00 17 1.371E-04 1.993E+01
18 1.084E-03 1.204E+01 21 2.968E-02 1.881E+00 22 1.421E-02 2.662E+00 23 2.208E-07 1.000E+02 24 5.885E-03 2.189E-01
25 3.401E-04 1.314E+00 26 3.741E-03 6.872E-01 27 3.233E-03 9.824E-01
 43  23
 1 1.804E-05 8.108E+01  3 2.586E-05 3.234E+01  5 8.382E-04 2.400E+01  6 2.057E-04 1.126E+01  7 4.001E-03 1.830E+00
 8 3.440E-03 2.382E+00  9 1.193E-02 2.385E+00 10 2.003E-05 3.943E+01 11 3.300E-04 9.525E+00 12 1.808E-04 9.907E+00
13 1.254E-05 1.958E+01 14 1.279E-02 6.570E+00 15 1.692E-04 1.961E+01 16 2.759E-03 1.069E+00 17 1.275E-04 1.524E+01
18 9.110E-04 1.504E+01 19 9.491E-06 1.000E+02 21 2.340E-02 3.159E+00 22 1.527E-02 3.106E+00 24 5.899E-03 2.393E-01
25 3.052E-04 1.768E+00 26 3.768E-03 6.295E-01 27 3.264E-03 9.306E-01
 44  23
 1 1.236E-04 8.849E+01  3 1.577E-05 4.563E+01  5 3.587E-04 2.822E+01  6 2.972E-04 1.381E+01  7 4.293E-03 1.719E+00
 8 3.750E-03 3.186E+00  9 1.157E-02 2.157E+00 10 3.067E-05 2.950E+01 11 3.613E-04 1.068E+01 12 1.921E-04 5.818E+00
13 1.753E-05 2.656E+01 14 1.281E-02 8.625E+00 15 1.576E-04 2.006E+01 16 2.745E-03 1.318E+00 17 1.666E-04 1.953E+01
18 9.808E-04 1.570E+01 21 1.342E-02 2.962E+00 22 1.796E-02 2.489E+00 23 3.760E-07 6.898E+01 24 5.901E-03 2.253E-01
25 2.784E-04 1.728E+00 26 3.799E-03 6.779E-01 27 3.319E-03 7.577E-01
 45  23
 1 5.915E-05 4.912E+01  3 1.707E-05 4.232E+01  5 7.107E-04 2.206E+01  6 3.549E-04 1.001E+01  7 4.850E-03 1.679E+00
 8 4.407E-03 2.469E+00  9 1.161E-02 2.198E+00 10 2.450E-05 3.858E+01 11 3.077E-04 1.128E+01 12 2.213E-04 6.906E+00
13 2.075E-05 1.808E+01 14 1.482E-02 7.061E+00 15 1.763E-04 2.710E+01 16 2.732E-03 9.133E-01 17 2.233E-04 1.673E+01
18 8.901E-04 1.625E+01 21 1.283E-02 2.977E+00 22 1.993E-02 3.165E+00 23 1.289E-07 1.000E+02 24 5.947E-03 2.672E-01
25 2.447E-04 2.340E+00 26 3.855E-03 7.143E-01 27 3.413E-03 8.344E-01
 46  22
 1 1.036E-04 4.906E+01  3 2.378E-05 3.443E+01  5 9.177E-04 2.773E+01  6 3.771E-04 9.454E+00  7 5.206E-03 1.569E+00
 8 4.734E-03 2.661E+00  9 1.203E-02 1.859E+00 10 2.994E-05 2.280E+01 11 4.198E-04 7.401E+00 12 2.348E-04 5.311E+00
13 2.014E-05 2.089E+01 14 1.631E-02 7.412E+00 15 2.247E-04 2.342E+01 16 2.742E-03 1.203E+00 17 1.963E-04 1.706E+01
18 7.839E-04 1.067E+01 21 1.007E-02 3.924E+00 22 2.867E-02 2.284E+00 24 5.939E-03 2.137E-01 25 2.337E-04 2.079E+00
26 3.913E-03 5.866E-01 27 3.440E-03 8.992E-01
 47  23
 1 1.321E-04 4.647E+01  3 2.059E-05 3.022E+01  5 8.030E-04 2.780E+01  6 3.951E-04 1.105E+01  7 5.714E-03 1.615E+00
 8 5.409E-03 2.018E+00  9 1.252E-02 2.595E+00 10 2.388E-05 2.524E+01 11 4.097E-04 7.950E+00 12 2.591E-04 5.777E+00
13 2.677E-05 1.435E+01 14 2.557E-02 5.270E+00 15 2.310E-04 1.995E+01 16 2.772E-03 1.225E+00 17 2.364E-04 1.250E+01
18 9.681E-04 1.523E+01 21 9.837E-03 3.506E+00 22 4.437E-02 1.596E+00 23 1.556E-07 1.000E+02 24 5.982E-03 2.549E-01
25 2.122E-04 2.008E+00 26 3.990E-03 5.968E-01 27 3.584E-03 7.710E-01
 48  23
 1 6.224E-05 7.082E+01  3 1.785E-05 3.006E+01  5 1.114E-03 2.000E+01  6 4.983E-04 1.165E+01  7 6.381E-03 1.459E+00
 8 6.001E-03 2.897E+00  9 1.166E-02 2.266E+00 10 3.644E-05 2.630E+01 11 4.082E-04 7.267E+00 12 3.352E-04 4.604E+00
13 2.103E-05 1.858E+01 14 3.685E-02 3.836E+00 15 2.408E-04 1.939E+01 16 2.746E-03 9.297E-01 17 1.681E-04 1.862E+01
18 7.375E-04 1.185E+01 21 9.058E-03 4.572E+00 22 4.890E-02 1.770E+00 23 4.433E-07 7.311E+01 24 5.987E-03 2.814E-01
25 1.858E-04 1.760E+00 26 4.103E-03 8.838E-01 27 3.730E-03 1.370E+00
 49  24
 1 8.261E-05 5.415E+01  3 1.155E-05 3.031E+01  5 7.934E-04 2.822E+01  6 4.296E-04 8.218E+00  7 6.741E-03 1.123E+00
 8 6.611E-03 2.897E+00  9 1.143E-02 2.157E+00 10 2.919E-05 1.881E+01 11 5.359E-04 1.011E+01 12 2.912E-04 4.165E+00
13 2.129E-05 2.240E+01 14 3.810E-02 6.156E+00 15 2.390E-04 1.507E+01 16 2.730E-03 9.266E-01 17 2.305E-04 1.570E+01
18 5.757E-04 1.779E+01 19 3.198E-05 8.862E+01 21 8.077E-03 3.931E+00 22 4.682E-02 2.594E+00 23 5.618E-08 1.000E+02
24 6.063E-03 2.222E-01 25 1.600E-04 2.153E+00 26 5.135E-03 5.246E-01 27 5.489E-03 7.640E-01
 50  24
 1 2.003E-04 4.898E+01  3 2.147E-05 3.508E+01  5 1.043E-03 2.310E+01  6 4.069E-04 7.921E+00  7 7.508E-03 1.419E+00
 8 1.083E-02 1.717E+00  9 1.084E-02 2.494E+00 10 4.115E-05 2.576E+01 11 5.828E-04 7.185E+00 12 3.514E-04 4.551E+00
13 2.227E-05 2.096E+01 14 4.367E-02 5.038E+00 15 2.945E-04 1.622E+01 16 2.692E-03 1.301E+00 17 2.769E-04 1.024E+01
18 8.010E-04 1.768E+01 20 6.008E-06 1.000E+02 21 6.940E-03 4.199E+00 22 3.898E-02 2.341E+00 23 4.661E-07 5.854E+01
24 6.082E-03 2.522E-01 25 1.545E-04 2.027E+00 26 5.211E-03 5.408E-01 27 5.538E-03 6.205E-01
 51  23
 1 1.991E-04 4.690E+01  3 2.468E-06 6.169E+01  5 1.146E-03 2.221E+01  6 7.114E-04 6.530E+00  7 8.366E-03 8.729E-01
 8 1.136E-02 1.933E+00  9 1.106E-02 2.145E+00 10 4.646E-05 3.136E+01 11 6.645E-04 6.017E+00 12 3.719E-04 5.816E+00
13 2.354E-05 1.684E+01 14 4.028E-02 5.864E+00 15 3.564E-04 1.357E+01 16 2.772E-03 1.184E+00 17 3.805E-04 1.634E+01
18 4.926E-04 2.387E+01 21 5.951E-03 5.923E+00 22 2.863E-02 2.393E+00 23 2.507E-07 6.167E+01 24 6.113E-03 2.312E-01
25 1.311E-04 2.309E+00 26 5.339E-03 7.414E-01 27 5.733E-03 8.944E-01
 52  24
 1 1.518E-04 6.162E+01  3 2.706E-05 3.571E+01  5 9.950E-04 1.842E+01  6 7.294E-04 1.064E+01  7 9.020E-03 8.473E-01
 8 1.228E-02 2.336E+00  9 1.141E-02 2.102E+00 10 5.999E-05 2.473E+01 11 7.392E-04 6.273E+00 12 4.051E-04 5.095E+00
13 3.223E-05 1.819E+01 14 3.492E-02 6.321E+00 15 3.182E-04 1.436E+01 16 2.688E-03 1.227E+00 17 2.647E-04 1.467E+01
18 4.372E-04 1.699E+01 19 8.623E-06 1.000E+02 21 5.647E-03 5.724E+00 22 1.821E-02 3.628E+00 23 4.215E-07 1.000E+02
24 6.099E-03 3.414E-01 25 1.145E-04 2.537E+00 26 5.390E-03 5.456E-01 27 5.730E-03 7.096E-01
 53  23
 1 1.355E-04 4.069E+01  3 3.614E-05 3.064E+01  5 1.210E-03 1.914E+01  6 8.297E-04 6.767E+00  7 1.034E-02 1.131E+00
 8 1.224E-02 2.274E+00  9 1.089E-02 2.253E+00 10 2.945E-05 2.443E+01 11 7.022E-04 7.735E+00 12 4.652E-04 4.719E+00
13 3.478E-05 1.407E+01 14 3.243E-02 4.806E+00 15 3.969E-04 1.895E+01 16 2.716E-03 9.793E-01 17 3.708E-04 1.067E+01
18 4.581E-04 2.361E+01 21 4.794E-03 3.908E+00 22 1.709E-02 3.257E+00 23 4.658E-07 6.491E+01 24 6.123E-03 2.021E-01
25 1.072E-04 3.368E+00 26 5.427E-03 4.250E-01 27 5.853E-03 6.460E-01
 54  24
 1 2.667E-04 3.760E+01  3 3.624E-05 2.634E+01  5 1.266E-03 2.377E+01  6 7.837E-04 7.877E+00  7 1.193E-02 1.550E+00
 8 1.323E-02 2.001E+00  9 1.144E-02 2.404E+00 10 6.327E-05 1.910E+01 11 8.977E-04 7.151E+00 12 4.962E-04 3.375E+00
13 4.363E-05 1.621E+01 14 2.350E-02 6.502E+00 15 5.680E-04 1.010E+01 16 2.680E-03 1.087E+00 17 4.689E-04 9.958E+00
18 2.868E-04 3.025E+01 19 1.833E-05 1.000E+02 21 4.711E-03 3.783E+00 22 1.501E-02 3.032E+00 23 5.640E-07 4.552E+01
24 6.127E-03 2.758E-01 25 1.021E-04 2.331E+00 26 5.437E-03 7.420E-01 27 5.807E-03 9.952E-01
 55  23
 1 1.687E-04 3.781E+01  3 2.310E-05 3.777E+01  5 1.486E-03 1.788E+01  6 7.942E-04 7.434E+00  7 1.885E-02 8.801E-01
 8 1.369E-02 2.200E+00  9 1.095E-02 2.052E+00 10 5.982E-05 2.285E+01 11 9.482E-04 4.206E+00 12 5.613E-04 3.033E+00
13 5.095E-05 1.038E+01 14 1.607E-02 7.271E+00 15 4.842E-04 1.198E+01 16 2.771E-03 1.010E+00 17 4.008E-04 1.141E+01
18 2.715E-04 2.766E+01 21 3.919E-03 6.780E+00 22 1.304E-02 3.282E+00 23 9.709E-07 9.662E+01 24 6.153E-03 2.763E-01
25 9.438E-05 2.516E+00 26 5.540E-03 7.028E-01 27 5.934E-03 8.248E-01
 56  23
 1 2.159E-04 2.364E+01  3 3.382E-05 2.785E+01  5 1.689E-03 1.507E+01  6 9.397E-04 7.172E+00  7 2.054E-02 1.051E+00
 8 1.394E-02 2.318E+00  9 1.084E-02 2.241E+00 10 6.764E-05 1.714E+01 11 1.066E-03 4.794E+00 12 6.416E-04 4.597E+00
13 4.685E-05 1.366E+01 14 1.542E-02 7.114E+00 15 5.345E-04 1.029E+01 16 2.713E-03 8.612E-01 17 4.533E-04 9.919E+00
18 3.437E-04 1.811E+01 21 3.358E-03 4.938E+00 22 1.244E-02 3.260E+00 23 1.804E-06 6.764E+01 24 6.133E-03 2.003E-01
25 7.792E-05 4.354E+00 26 5.451E-03 5.402E-01 27 5.767E-03 8.550E-01
 57  25
 1 2.111E-04 3.775E+01  2 1.059E-07 1.000E+02  3 2.794E-05 2.701E+01  5 2.005E-03 1.458E+01  6 1.078E-03 7.713E+00
 7 2.144E-02 8.701E-01  8 1.480E-02 1.717E+00  9 1.046E-02 3.264E+00 10 5.477E-05 1.761E+01 11 1.199E-03 4.651E+00
12 7.320E-04 3.924E+00 13 6.770E-05 1.314E+01 14 1.446E-02 8.960E+00 15 7.329E-04 1.136E+01 16 2.737E-03 1.230E+00
17 5.226E-04 9.435E+00 18 2.629E-04 2.220E+01 19 4.747E-05 6.906E+01 21 3.516E-03 5.983E+00 22 1.087E-02 2.632E+00
23 4.127E-07 5.239E+01 24 6.156E-03 1.711E-01 25 7.920E-05 2.466E+00 26 5.491E-03 6.922E-01 27 5.831E-03 9.323E-01
 58  23
 1 2.529E-04 3.447E+01  3 2.246E-05 2.009E+01  5 2.073E-03 1.726E+01  6 1.155E-03 6.571E+00  7 2.232E-02 9.268E-01
 8 1.498E-02 1.579E+00  9 1.051E-02 2.178E+00 10 7.407E-05 1.969E+01 11 1.474E-03 5.998E+00 12 8.165E-04 4.123E+00
13 6.067E-05 1.143E+01 14 1.121E-02 8.871E+00 15 6.757E-04 1.246E+01 16 2.690E-03 1.189E+00 17 6.239E-04 1.067E+01
18 4.035E-04 1.987E+01 21 2.997E-03 8.390E+00 22 9.220E-03 3.882E+00 23 1.079E-06 6.309E+01 24 6.159E-03 1.942E-01
25 6.410E-05 3.026E+00 26 5.460E-03 6.834E-01 27 5.770E-03 9.475E-01
 59  24
 1 3.356E-04 2.442E+01  2 2.107E-07 1.000E+02  3 3.245E-05 2.646E+01  5 2.289E-03 1.098E+01  6 1.465E-03 5.383E+00
 7 2.286E-02 7.201E-01  8 1.565E-02 1.603E+00  9 1.060E-02 2.918E+00 10 7.283E-05 2.409E+01 11 1.567E-03 4.625E+00
12 8.876E-04 2.404E+00 13 6.764E-05 1.059E+01 14 1.242E-02 9.525E+00 15 7.616E-04 1.350E+01 16 2.691E-03 1.094E+00
17 7.056E-04 9.819E+00 18 3.414E-04 1.845E+01 21 2.699E-03 7.160E+00 22 8.951E-03 4.248E+00 23 1.924E-06 4.221E+01
24 6.170E-03 2.693E-01 25 6.230E-05 4.089E+00 26 5.474E-03 7.073E-01 27 5.777E-03 1.135E+00
 60  25
 1 5.200E-04 2.492E+01  2 1.579E-08 1.000E+02  3 5.582E-05 2.484E+01  5 2.345E-03 1.605E+01  6 1.522E-03 4.897E+00
 7 2.325E-02 7.980E-01  8 1.584E-02 2.157E+00  9 1.022E-02 2.894E+00 10 1.009E-04 1.652E+01 11 1.751E-03 2.502E+00
12 9.377E-04 2.226E+00 13 7.367E-05 1.019E+01 14 1.070E-02 7.967E+00 15 8.522E-04 9.549E+00 16 2.752E-03 8.072E-01
17 8.396E-04 6.947E+00 18 1.473E-04 3.471E+01 19 3.011E-06 1.000E+02 21 2.747E-03 6.620E+00 22 7.907E-03 4.126E+00
23 9.978E-07 4.587E+01 24 6.152E-03 2.547E-01 25 5.503E-05 4.184E+00 26 5.407E-03 5.847E-01 27 5.696E-03 9.131E-01
 61  24
 1 2.996E-04 2.350E+01  3 3.578E-05 2.227E+01  5 3.249E-03 1.263E+01  6 1.739E-03 4.681E+00  7 2.338E-02 8.999E-01
 8 1.637E-02 1.685E+00  9 1.006E-02 2.788E+00 10 1.208E-04 1.615E+01 11 1.819E-03 2.800E+00 12 1.085E-03 2.218E+00
13 8.193E-05 1.045E+01 14 9.795E-03 8.172E+00 15 8.826E-04 8.153E+00 16 2.679E-03 9.051E-01 17 8.731E-04 7.057E+00
18 1.329E-04 3.412E+01 19 3.505E-06 1.000E+02 21 2.157E-03 6.335E+00 22 7.191E-03 4.774E+00 23 1.749E-06 7.931E+01
24 6.163E-03 2.855E-01 25 4.913E-05 5.113E+00 26 5.391E-03 6.445E-01 27 5.630E-03 7.543E-01
 62  25
 1 5.306E-04 3.640E+01  3 5.621E-05 1.664E+01  5 2.968E-03 1.078E+01  6 1.855E-03 4.696E+00  7 2.337E-02 1.026E+00
 8 1.683E-02 1.967E+00  9 1.013E-02 2.534E+00 10 1.211E-04 1.096E+01 11 2.179E-03 3.886E+00 12 1.245E-03 2.562E+00
13 8.303E-05 8.738E+00 14 8.374E-03 1.022E+01 15 9.838E-04 6.832E+00 16 2.714E-03 8.577E-01 17 1.018E-03 8.104E+00
18 6.677E-05 2.972E+01 19 7.719E-06 1.000E+02 20 1.517E-06 1.000E+02 21 2.088E-03 6.764E+00 22 6.897E-03 4.015E+00
23 1.137E-06 4.614E+01 24 6.162E-03 2.414E-01 25 4.191E-05 4.173E+00 26 5.308E-03 6.696E-01 27 5.497E-03 9.539E-01
 63  24
 1 5.006E-04 2.332E+01  3 5.078E-05 2.292E+01  5 3.938E-03 1.080E+01  6 2.057E-03 4.399E+00  7 2.365E-02 7.461E-01
 8 1.735E-02 1.961E+00  9 1.021E-02 1.837E+00 10 8.389E-05 1.423E+01 11 2.468E-03 3.286E+00 12 1.447E-03 2.344E+00
13 8.550E-05 9.015E+00 14 7.254E-03 1.606E+01 15 1.071E-03 9.940E+00 16 2.668E-03 1.225E+00 17 1.208E-03 5.393E+00
18 1.119E-04 3.015E+01 19 2.932E-05 6.935E+01 21 1.680E-03 1.054E+01 22 6.466E-03 3.839E+00 23 2.700E-08 1.000E+02
24 6.146E-03 2.368E-01 25 3.704E-05 4.950E+00 26 5.164E-03 4.895E-01 27 5.277E-03 7.716E-01
 64  26
 1 6.983E-04 2.132E+01  2 9.288E-07 1.000E+02  3 5.242E-05 2.016E+01  5 3.842E-03 1.253E+01  6 2.259E-03 4.159E+00
 7 2.417E-02 9.215E-01  8 1.761E-02 1.408E+00  9 9.509E-03 2.172E+00 10 1.340E-04 9.115E+00 11 2.627E-03 4.760E+00
12 1.561E-03 2.120E+00 13 1.098E-04 8.377E+00 14 6.064E-03 1.207E+01 15 1.158E-03 7.918E+00 16 2.680E-03 1.071E+00
17 1.284E-03 6.702E+00 18 1.336E-04 4.321E+01 19 2.915E-05 1.000E+02 20 1.491E-05 1.000E+02 21 1.810E-03 1.147E+01
22 5.773E-03 3.793E+00 23 1.768E-06 3.594E+01 24 6.152E-03 2.731E-01 25 3.572E-05 7.896E+00 26 5.098E-03 5.135E-01
27 5.117E-03 6.780E-01
 65  26
 1 5.966E-04 3.405E+01  2 2.161E-06 1.000E+02  3 5.853E-05 2.528E+01  4 6.910E-05 1.000E+02  5 5.260E-03 9.755E+00
 6 2.589E-03 4.468E+00  7 2.481E-02 8.797E-01  8 1.899E-02 1.500E+00  9 9.639E-03 2.359E+00 10 2.050E-04 1.045E+01
11 3.095E-03 4.020E+00 12 1.781E-03 2.071E+00 13 1.410E-04 6.853E+00 14 5.606E-03 1.194E+01 15 1.446E-03 9.173E+00
16 2.713E-03 1.256E+00 17 1.382E-03 7.267E+00 18 1.162E-04 3.452E+01 19 1.602E-05 6.927E+01 21 1.246E-03 9.276E+00
22 5.097E-03 5.239E+00 23 1.450E-06 5.388E+01 24 6.097E-03 2.308E-01 25 3.176E-05 3.833E+00 26 3.970E-03 6.392E-01
27 3.125E-03 9.421E-01
 66  23
 1 8.873E-04 2.422E+01  3 5.331E-05 2.349E+01  5 5.681E-03 8.303E+00  6 2.833E-03 4.221E+00  7 2.449E-02 8.360E-01
 8 1.971E-02 1.668E+00  9 9.500E-03 2.449E+00 10 1.998E-04 8.484E+00 11 3.372E-03 2.948E+00 12 1.961E-03 2.471E+00
13 1.427E-04 6.416E+00 14 5.999E-03 1.351E+01 15 1.589E-03 7.311E+00 16 2.761E-03 8.524E-01 17 1.488E-03 6.057E+00
18 1.526E-04 4.331E+01 21 1.372E-03 1.172E+01 22 4.622E-03 4.918E+00 23 1.230E-06 5.520E+01 24 6.087E-03 2.834E-01
25 3.148E-05 4.955E+00 26 3.901E-03 6.148E-01 27 2.977E-03 7.969E-01
 67  25
 1 8.008E-04 1.595E+01  2 7.329E-07 1.000E+02  3 7.218E-05 1.413E+01  5 5.887E-03 1.179E+01  6 3.092E-03 3.497E+00
 7 2.370E-02 6.212E-01  8 2.047E-02 1.385E+00  9 9.330E-03 2.376E+00 10 1.804E-04 1.306E+01 11 3.743E-03 3.367E+00
12 2.143E-03 1.906E+00 13 1.689E-04 6.267E+00 14 5.986E-03 1.073E+01 15 1.686E-03 6.982E+00 16 2.696E-03 9.534E-01
17 1.613E-03 5.684E+00 18 2.038E-04 3.325E+01 19 3.831E-05 6.887E+01 21 1.382E-03 9.639E+00 22 4.488E-03 3.088E+00
23 2.133E-06 3.869E+01 24 6.079E-03 2.673E-01 25 2.754E-05 6.317E+00 26 3.779E-03 7.255E-01 27 2.821E-03 1.063E+00
 68  24
 1 8.877E-04 2.586E+01  3 8.490E-05 1.432E+01  5 6.527E-03 1.083E+01  6 3.520E-03 2.632E+00  7 2.361E-02 8.447E-01
 8 2.158E-02 1.849E+00  9 8.252E-03 3.042E+00 10 2.270E-04 1.597E+01 11 4.191E-03 2.892E+00 12 2.457E-03 1.648E+00
13 1.680E-04 8.781E+00 14 4.196E-03 1.392E+01 15 1.757E-03 8.111E+00 16 2.638E-03 9.957E-01 17 1.884E-03 5.390E+00
18 1.557E-04 3.687E+01 19 9.878E-05 7.956E+01 21 1.157E-03 9.870E+00 22 4.483E-03 6.918E+00 23 1.109E-06 5.066E+01
24 6.080E-03 2.452E-01 25 2.388E-05 5.294E+00 26 3.712E-03 7.834E-01 27 2.677E-03 1.267E+00
 69  25
 1 5.883E-04 2.096E+01  2 8.749E-07 8.575E+01  3 8.604E-05 2.441E+01  5 6.846E-03 1.011E+01  6 3.862E-03 4.466E+00
 7 2.111E-02 9.153E-01  8 3.305E-02 1.019E+00  9 4.964E-03 3.050E+00 10 2.451E-04 1.207E+01 11 4.388E-03 2.743E+00
12 2.652E-03 1.654E+00 13 1.726E-04 5.439E+00 14 4.946E-03 1.089E+01 15 2.159E-03 6.221E+00 16 2.713E-03 1.093E+00
17 2.216E-03 4.579E+00 18 2.867E-05 5.531E+01 19 3.000E-05 6.459E+01 21 1.033E-03 1.348E+01 22 3.601E-03 6.804E+00
23 3.122E-06 2.926E+01 24 6.040E-03 2.304E-01 25 2.394E-05 6.376E+00 26 3.738E-03 7.413E-01 27 2.647E-03 8.868E-01
 70  24
 1 8.602E-04 1.771E+01  3 1.016E-04 2.024E+01  5 7.390E-03 9.594E+00  6 4.360E-03 2.902E+00  7 1.844E-02 1.065E+00
 8 3.182E-02 1.538E+00  9 4.341E-03 3.836E+00 10 2.652E-04 1.268E+01 11 5.178E-03 3.279E+00 12 3.086E-03 1.792E+00
13 2.171E-04 4.275E+00 14 3.947E-03 1.141E+01 15 2.142E-03 5.722E+00 16 2.707E-03 9.703E-01 17 2.186E-03 4.966E+00
18 4.665E-05 3.975E+01 19 1.649E-04 5.644E+01 21 8.428E-04 1.084E+01 22 3.329E-03 6.316E+00 23 1.872E-06 4.617E+01
24 6.042E-03 2.976E-01 25 2.013E-05 7.701E+00 26 3.603E-03 6.882E-01 27 2.482E-03 1.180E+00
 71  25
 1 1.156E-03 1.803E+01  2 4.086E-07 6.883E+01  3 1.059E-04 1.544E+01  5 8.590E-03 8.367E+00  6 4.801E-03 3.103E+00
 7 1.665E-02 8.891E-01  8 2.609E-02 9.572E-01  9 3.942E-03 2.933E+00 10 3.643E-04 7.794E+00 11 5.863E-03 2.084E+00
12 3.455E-03 1.791E+00 13 2.189E-04 4.066E+00 14 3.337E-03 1.037E+01 15 2.646E-03 6.101E+00 16 2.693E-03 1.005E+00
17 2.418E-03 6.058E+00 18 9.512E-05 4.134E+01 19 1.941E-05 7.501E+01 21 7.635E-04 1.039E+01 22 3.000E-03 6.755E+00
23 3.855E-06 3.142E+01 24 6.075E-03 2.117E-01 25 1.871E-05 7.681E+00 26 3.597E-03 8.050E-01 27 2.437E-03 1.368E+00
 72  25
 1 1.596E-03 1.396E+01  2 5.256E-07 7.550E+01  3 9.295E-05 2.084E+01  5 8.711E-03 6.210E+00  6 5.292E-03 3.219E+00
 7 1.610E-02 1.067E+00  8 2.579E-02 1.227E+00  9 3.617E-03 2.953E+00 10 3.292E-04 1.130E+01 11 6.633E-03 2.641E+00
12 4.028E-03 1.385E+00 13 2.796E-04 4.460E+00 14 3.426E-03 9.538E+00 15 2.719E-03 5.728E+00 16 2.761E-03 8.758E-01
17 2.963E-03 4.844E+00 18 1.185E-04 5.661E+01 19 3.708E-06 7.659E+01 21 9.403E-04 1.728E+01 22 2.451E-03 6.880E+00
23 4.036E-06 2.288E+01 24 6.092E-03 2.357E-01 25 1.612E-05 9.339E+00 26 3.567E-03 6.028E-01 27 2.359E-03 1.159E+00
 73  25
 1 1.167E-03 2.103E+01  3 1.326E-04 1.591E+01  5 1.125E-02 6.193E+00  6 6.142E-03 3.214E+00  7 1.576E-02 1.004E+00
 8 2.969E-02 1.323E+00  9 3.152E-03 3.954E+00 10 3.854E-04 7.818E+00 11 7.735E-03 2.110E+00 12 4.370E-03 1.138E+00
13 2.717E-04 5.549E+00 14 3.004E-03 1.797E+01 15 3.068E-03 5.844E+00 16 2.713E-03 1.126E+00 17 3.128E-03 4.074E+00
18 7.130E-05 6.752E+01 19 7.198E-05 4.349E+01 20 4.765E-06 1.000E+02 21 7.674E-04 1.413E+01 22 2.653E-03 7.437E+00
23 2.303E-06 4.130E+01 24 6.072E-03 2.429E-01 25 1.667E-05 7.752E+00 26 3.549E-03 8.246E-01 27 2.286E-03 9.669E-01
 74  24
 1 1.138E-03 1.491E+01  3 1.093E-04 1.467E+01  5 1.235E-02 7.659E+00  6 6.775E-03 3.757E+00  7 1.686E-02 7.095E-01
 8 3.162E-02 1.441E+00  9 2.761E-03 5.205E+00 10 3.533E-04 7.342E+00 11 8.889E-03 1.896E+00 12 5.043E-03 1.548E+00
13 3.074E-04 3.900E+00 14 2.690E-03 1.690E+01 15 3.009E-03 5.532E+00 16 2.768E-03 6.301E-01 17 3.527E-03 4.015E+00
18 6.428E-05 5.281E+01 19 1.540E-04 4.354E+01 21 6.841E-04 1.570E+01 22 2.528E-03 7.181E+00 23 2.995E-06 3.263E+01
24 6.056E-03 2.431E-01 25 1.365E-05 5.208E+00 26 3.518E-03 6.548E-01 27 2.257E-03 9.969E-01
 75  25
 1 1.981E-03 1.566E+01  2 5.562E-07 1.000E+02  3 1.217E-04 1.338E+01  5 1.285E-02 8.581E+00  6 8.872E-03 2.253E+00
 7 1.029E-02 9.913E-01  8 1.531E-02 2.186E+00  9 2.496E-03 3.595E+00 10 3.849E-04 1.061E+01 11 1.112E-02 1.246E+00
12 7.753E-03 1.065E+00 13 3.608E-04 5.251E+00 14 2.687E-03 1.690E+01 15 4.131E-03 3.807E+00 16 2.706E-03 1.118E+00
17 4.014E-03 3.200E+00 18 1.106E-04 3.348E+01 19 1.641E-04 4.115E+01 21 5.352E-04 1.235E+01 22 2.100E-03 7.045E+00
23 2.251E-06 3.711E+01 24 6.066E-03 2.367E-01 25 1.300E-05 8.478E+00 26 3.518E-03 6.583E-01 27 2.227E-03 1.092E+00
 76  25
 1 1.467E-03 2.117E+01  2 1.495E-07 1.000E+02  3 1.278E-04 1.596E+01  5 1.502E-02 5.057E+00  6 1.175E-02 2.401E+00
 7 8.979E-03 1.044E+00  8 1.333E-02 1.757E+00  9 2.288E-03 3.373E+00 10 5.833E-04 5.820E+00 11 1.522E-02 1.658E+00
12 8.685E-03 9.334E-01 13 3.765E-04 5.443E+00 14 2.228E-03 1.700E+01 15 4.005E-03 4.302E+00 16 2.686E-03 1.010E+00
17 4.571E-03 4.925E+00 18 6.300E-05 5.503E+01 19 8.033E-05 6.214E+01 21 5.319E-04 1.357E+01 22 1.757E-03 7.547E+00
23 3.467E-06 3.203E+01 24 6.057E-03 2.465E-01 25 1.160E-05 7.771E+00 26 3.495E-03 7.123E-01 27 2.179E-03 6.790E-01
 77  25
 1 1.833E-03 1.088E+01  2 1.948E-07 1.000E+02  3 1.518E-04 1.387E+01  5 2.442E-02 4.929E+00  6 1.368E-02 2.335E+00
 7 8.193E-03 1.540E+00  8 1.128E-02 2.182E+00  9 2.063E-03 3.742E+00 10 5.617E-04 8.669E+00 11 1.994E-02 1.817E+00
12 9.609E-03 1.229E+00 13 3.987E-04 2.892E+00 14 1.695E-03 2.244E+01 15 4.037E-03 4.419E+00 16 2.716E-03 9.101E-01
17 4.806E-03 3.498E+00 18 6.953E-05 3.666E+01 19 7.858E-05 3.944E+01 21 4.800E-04 1.794E+01 22 1.792E-03 9.514E+00
23 5.495E-06 2.561E+01 24 6.046E-03 2.708E-01 25 1.071E-05 8.890E+00 26 3.533E-03 1.162E+00 27 2.133E-03 1.640E+00
 78  26
 1 2.436E-03 1.548E+01  2 2.331E-07 1.000E+02  3 1.614E-04 1.269E+01  5 2.730E-02 4.413E+00  6 1.482E-02 2.250E+00
 7 7.384E-03 1.349E+00  8 1.028E-02 2.136E+00  9 1.902E-03 4.192E+00 10 5.715E-04 5.781E+00 11 2.335E-02 1.302E+00
12 1.050E-02 7.882E-01 13 4.683E-04 3.408E+00 14 1.923E-03 1.461E+01 15 4.736E-03 4.129E+00 16 2.629E-03 1.034E+00
17 5.623E-03 2.925E+00 18 2.692E-05 6.709E+01 19 1.359E-04 4.181E+01 20 2.878E-05 1.000E+02 21 4.401E-04 1.491E+01
22 1.461E-03 7.079E+00 23 6.045E-06 1.779E+01 24 6.057E-03 2.331E-01 25 9.834E-06 9.074E+00 26 3.546E-03 6.206E-01
27 2.162E-03 1.202E+00
 79  26
 1 2.764E-03 1.281E+01  2 2.315E-06 5.938E+01  3 1.769E-04 1.450E+01  5 3.016E-02 4.962E+00  6 1.658E-02 2.048E+00
 7 6.724E-03 1.656E+00  8 9.333E-03 2.147E+00  9 1.560E-03 4.628E+00 10 5.785E-04 7.501E+00 11 2.562E-02 1.752E+00
12 1.141E-02 1.103E+00 13 4.767E-04 3.785E+00 14 1.769E-03 2.076E+01 15 5.268E-03 3.647E+00 16 2.715E-03 1.106E+00
17 6.285E-03 3.100E+00 18 2.416E-05 7.904E+01 19 8.584E-05 5.701E+01 20 6.211E-05 7.032E+01 21 4.679E-04 1.137E+01
22 1.502E-03 8.449E+00 23 6.923E-06 2.949E+01 24 6.050E-03 2.154E-01 25 9.576E-06 9.420E+00 26 3.575E-03 7.904E-01
27 2.162E-03 9.441E-01
 80  25
 1 2.711E-03 1.188E+01  2 1.409E-06 8.178E+01  3 2.002E-04 1.176E+01  5 3.025E-02 5.042E+00  6 1.758E-02 1.889E+00
 7 5.972E-03 1.652E+00  8 8.469E-03 2.394E+00  9 1.524E-03 5.957E+00 10 7.386E-04 5.505E+00 11 2.887E-02 1.141E+00
12 1.230E-02 9.187E-01 13 5.634E-04 4.083E+00 14 1.229E-03 2.347E+01 15 5.652E-03 4.270E+00 16 2.707E-03 1.174E+00
17 7.037E-03 2.846E+00 18 8.829E-06 6.890E+01 19 7.969E-05 5.422E+01 21 3.069E-04 1.569E+01 22 1.127E-03 1.088E+01
23 5.647E-06 2.291E+01 24 6.066E-03 1.894E-01 25 9.084E-06 7.449E+00 26 3.561E-03 6.745E-01 27 2.107E-03 1.084E+00
 81  25
 1 2.888E-03 1.282E+01  2 2.316E-07 1.000E+02  3 2.366E-04 1.067E+01  5 3.112E-02 6.063E+00  6 1.846E-02 1.973E+00
 7 5.347E-03 1.357E+00  8 7.644E-03 2.395E+00  9 1.265E-03 4.718E+00 10 7.521E-04 6.295E+00 11 3.033E-02 1.469E+00
12 1.339E-02 9.571E-01 13 6.110E-04 4.350E+00 14 1.838E-03 2.165E+01 15 5.969E-03 3.248E+00 16 2.788E-03 7.911E-01
17 7.842E-03 2.634E+00 18 1.599E-06 1.000E+02 19 1.263E-04 3.138E+01 21 3.958E-04 2.643E+01 22 1.211E-03 9.906E+00
23 4.395E-06 2.951E+01 24 6.099E-03 2.580E-01 25 6.967E-06 1.187E+01 26 3.596E-03 5.441E-01 27 2.116E-03 8.464E-01
 82  26
 1 3.929E-03 1.080E+01  2 1.425E-07 1.000E+02  3 2.644E-04 1.071E+01  5 2.811E-02 6.088E+00  6 2.027E-02 1.428E+00
 7 4.892E-03 1.514E+00  8 6.806E-03 2.661E+00  9 1.123E-03 5.252E+00 10 9.098E-04 5.565E+00 11 3.182E-02 1.568E+00
12 1.398E-02 7.655E-01 13 7.029E-04 4.267E+00 14 6.005E-04 2.442E+01 15 6.969E-03 4.307E+00 16 2.698E-03 1.131E+00
17 8.914E-03 1.826E+00 18 2.462E-05 8.424E+01 19 1.802E-04 4.191E+01 20 2.742E-05 1.000E+02 21 1.831E-04 1.877E+01
22 8.667E-04 9.131E+00 23 6.271E-06 2.563E+01 24 6.064E-03 2.716E-01 25 6.084E-06 1.692E+01 26 3.648E-03 9.325E-01
27 2.118E-03 1.628E+00
 83  25
 1 4.219E-03 1.141E+01  2 1.821E-07 8.395E+01  3 2.799E-04 1.086E+01  5 2.980E-02 5.574E+00  6 2.104E-02 1.579E+00
 7 4.405E-03 2.006E+00  8 6.153E-03 2.219E+00  9 1.121E-03 6.616E+00 10 9.262E-04 4.926E+00 11 3.358E-02 1.107E+00
12 1.472E-02 8.214E-01 13 7.447E-04 3.208E+00 14 1.306E-03 2.158E+01 15 8.542E-03 2.319E+00 16 2.769E-03 1.443E+00
17 1.100E-02 2.996E+00 19 7.369E-05 4.898E+01 20 2.702E-05 1.000E+02 21 4.409E-04 1.698E+01 22 9.124E-04 1.220E+01
23 8.963E-06 1.857E+01 24 6.077E-03 2.741E-01 25 6.111E-06 1.195E+01 26 3.654E-03 7.189E-01 27 2.066E-03 1.003E+00
 84  25
 1 4.011E-03 1.211E+01  2 4.272E-06 5.424E+01  3 2.829E-04 1.222E+01  5 2.787E-02 4.944E+00  6 2.183E-02 2.116E+00
 7 4.082E-03 1.858E+00  8 5.445E-03 2.326E+00  9 1.044E-03 6.642E+00 10 1.062E-03 4.628E+00 11 3.449E-02 1.477E+00
12 1.563E-02 7.431E-01 13 8.330E-04 2.987E+00 14 8.620E-04 3.631E+01 15 8.520E-03 3.987E+00 16 2.712E-03 1.024E+00
17 1.421E-02 2.352E+00 19 1.936E-04 3.620E+01 20 3.773E-05 6.717E+01 21 1.851E-04 2.755E+01 22 8.430E-04 1.347E+01
23 8.121E-06 2.338E+01 24 6.080E-03 2.818E-01 25 5.195E-06 1.092E+01 26 3.669E-03 7.010E-01 27 2.058E-03 1.081E+00
 85  24
 1 4.179E-03 9.270E+00  3 2.902E-04 1.128E+01  5 2.657E-02 6.078E+00  6 2.264E-02 1.761E+00  7 3.677E-03 2.008E+00
 8 5.063E-03 2.663E+00  9 9.337E-04 7.700E+00 10 1.166E-03 4.943E+00 11 3.543E-02 8.291E-01 12 1.652E-02 1.054E+00
13 9.071E-04 2.880E+00 14 5.708E-04 2.727E+01 15 9.566E-03 2.022E+00 16 2.699E-03 1.314E+00 17 1.810E-02 1.941E+00
18 4.126E-06 8.402E+01 19 1.447E-04 4.163E+01 21 2.093E-04 2.067E+01 22 7.624E-04 1.309E+01 23 8.365E-06 2.415E+01
24 6.131E-03 2.455E-01 25 4.923E-06 1.599E+01 26 3.820E-03 7.368E-01 27 2.098E-03 9.171E-01
 86  26
 1 5.628E-03 8.435E+00  2 1.540E-07 9.232E+01  3 3.250E-04 8.443E+00  5 2.456E-02 5.298E+00  6 2.342E-02 1.492E+00
 7 3.312E-03 2.220E+00  8 4.230E-03 2.471E+00  9 8.192E-04 7.481E+00 10 1.248E-03 3.619E+00 11 3.462E-02 1.092E+00
12 1.748E-02 7.741E-01 13 9.922E-04 3.186E+00 14 8.529E-04 3.215E+01 15 1.056E-02 3.438E+00 16 2.711E-03 1.020E+00
17 1.984E-02 1.834E+00 18 1.671E-05 6.244E+01 19 2.374E-04 3.738E+01 20 8.380E-06 1.000E+02 21 1.650E-04 2.433E+01
22 7.999E-04 1.209E+01 23 8.303E-06 2.288E+01 24 6.105E-03 2.274E-01 25 5.119E-06 1.211E+01 26 3.851E-03 6.996E-01
27 2.116E-03 8.141E-01
 87  25
 1 5.219E-03 8.496E+00  2 5.036E-07 1.000E+02  3 3.663E-04 1.214E+01  5 2.236E-02 3.676E+00  6 2.366E-02 1.914E+00
 7 2.958E-03 1.499E+00  8 3.861E-03 2.503E+00  9 7.141E-04 8.775E+00 10 1.365E-03 4.510E+00 11 3.397E-02 1.150E+00
12 1.780E-02 9.101E-01 13 1.057E-03 1.724E+00 14 7.834E-04 2.597E+01 15 1.214E-02 3.378E+00 16 2.648E-03 9.447E-01
17 2.384E-02 1.895E+00 18 4.492E-05 7.371E+01 19 1.702E-04 2.922E+01 21 1.698E-04 2.656E+01 22 7.919E-04 1.353E+01
23 1.251E-05 1.648E+01 24 6.094E-03 2.366E-01 25 4.301E-06 1.398E+01 26 3.935E-03 7.037E-01 27 2.125E-03 1.181E+00
 88  26
 1 6.334E-03 7.449E+00  2 2.579E-06 3.352E+01  3 3.407E-04 8.158E+00  5 2.339E-02 4.802E+00  6 2.444E-02 1.234E+00
 7 2.588E-03 1.750E+00  8 3.656E-03 3.806E+00  9 6.113E-04 7.324E+00 10 1.579E-03 3.650E+00 11 3.317E-02 1.276E+00
12 1.877E-02 8.484E-01 13 1.267E-03 2.694E+00 14 4.629E-04 2.604E+01 15 1.400E-02 1.982E+00 16 2.683E-03 1.290E+00
17 2.548E-02 1.606E+00 18 1.117E-05 8.845E+01 19 4.187E-04 2.974E+01 20 1.769E-05 1.000E+02 21 1.801E-04 2.875E+01
22 6.026E-04 1.293E+01 23 1.542E-05 1.408E+01 24 6.095E-03 2.326E-01 25 3.853E-06 1.640E+01 26 3.994E-03 9.534E-01
27 2.128E-03 1.432E+00
 89  26
 1 7.099E-03 8.166E+00  2 3.017E-06 5.728E+01  3 3.801E-04 1.048E+01  5 2.097E-02 4.812E+00  6 2.395E-02 1.508E+00
 7 2.499E-03 2.322E+00  8 3.196E-03 2.772E+00  9 5.459E-04 9.951E+00 10 1.645E-03 4.360E+00 11 3.246E-02 1.172E+00
12 1.957E-02 7.538E-01 13 1.311E-03 2.434E+00 14 2.233E-04 3.624E+01 15 1.618E-02 1.944E+00 16 2.717E-03 1.116E+00
17 2.687E-02 1.401E+00 18 1.295E-06 7.351E+01 19 2.596E-04 3.410E+01 20 3.871E-05 5.456E+01 21 1.779E-04 2.668E+01
22 6.429E-04 1.450E+01 23 1.371E-05 1.244E+01 24 6.135E-03 2.826E-01 25 2.846E-06 1.620E+01 26 4.123E-03 8.336E-01
27 2.163E-03 1.213E+00
 90  26
 1 8.353E-03 6.650E+00  2 2.049E-06 7.019E+01  3 4.894E-04 8.253E+00  5 1.970E-02 5.389E+00  6 2.443E-02 1.877E+00
 7 2.273E-03 1.787E+00  8 2.951E-03 3.790E+00  9 5.272E-04 6.591E+00 10 1.806E-03 4.339E+00 11 3.068E-02 1.033E+00
12 2.042E-02 7.771E-01 13 1.490E-03 2.416E+00 14 6.223E-04 2.981E+01 15 1.986E-02 1.983E+00 16 2.724E-03 7.656E-01
17 2.960E-02 2.015E+00 18 1.649E-05 7.981E+01 19 4.560E-04 2.775E+01 20 3.666E-05 9.597E+01 21 1.381E-04 2.730E+01
22 4.642E-04 1.407E+01 23 1.923E-05 1.559E+01 24 6.183E-03 2.287E-01 25 2.885E-06 1.797E+01 26 4.341E-03 6.823E-01
27 2.301E-03 1.186E+00
 91  25
 1 8.106E-03 8.436E+00  2 5.353E-06 5.072E+01  3 4.845E-04 9.483E+00  5 1.560E-02 6.040E+00  6 2.259E-02 2.115E+00
 7 1.950E-03 2.165E+00  8 2.674E-03 2.805E+00  9 4.546E-04 1.153E+01 10 1.953E-03 3.635E+00 11 2.712E-02 1.240E+00
12 1.973E-02 7.007E-01 13 1.611E-03 2.190E+00 14 4.813E-04 3.325E+01 15 1.962E-02 2.823E+00 16 2.706E-03 1.067E+00
17 2.890E-02 2.000E+00 19 4.431E-04 3.574E+01 20 2.715E-05 7.585E+01 21 1.404E-04 2.064E+01 22 4.539E-04 1.413E+01
23 1.578E-05 1.181E+01 24 6.290E-03 2.174E-01 25 2.063E-06 3.028E+01 26 6.344E-03 3.956E-01 27 3.783E-03 5.356E-01
 92  26
 1 9.882E-03 6.225E+00  2 2.852E-06 5.855E+01  3 5.406E-04 7.451E+00  4 8.686E-05 1.000E+02  5 1.410E-02 8.681E+00
 6 2.241E-02 2.029E+00  7 1.724E-03 3.742E+00  8 2.309E-03 5.140E+00  9 4.551E-04 7.901E+00 10 2.209E-03 3.752E+00
11 2.434E-02 1.379E+00 12 2.013E-02 8.018E-01 13 1.731E-03 2.003E+00 14 6.114E-04 2.996E+01 15 2.118E-02 3.313E+00
16 2.674E-03 9.555E-01 17 3.052E-02 1.313E+00 19 3.327E-04 1.993E+01 20 4.041E-05 7.307E+01 21 1.295E-04 2.506E+01
22 4.096E-04 1.523E+01 23 1.958E-05 1.490E+01 24 6.320E-03 2.544E-01 25 2.062E-06 1.754E+01 26 6.950E-03 4.236E-01
27 4.165E-03 5.491E-01
 93  26
 1 1.084E-02 4.940E+00  2 1.311E-06 6.955E+01  3 5.483E-04 7.165E+00  5 1.484E-02 6.735E+00  6 2.186E-02 1.942E+00
 7 1.616E-03 2.449E+00  8 2.112E-03 3.655E+00  9 4.669E-04 9.712E+00 10 2.370E-03 2.904E+00 11 2.079E-02 1.471E+00
12 2.051E-02 5.732E-01 13 1.890E-03 1.683E+00 14 4.131E-04 3.776E+01 15 2.307E-02 1.911E+00 16 2.617E-03 1.083E+00
17 3.159E-02 1.454E+00 18 6.119E-05 1.000E+02 19 7.197E-04 2.383E+01 20 9.408E-05 7.647E+01 21 9.168E-05 3.686E+01
22 3.055E-04 2.004E+01 23 2.067E-05 1.312E+01 24 6.318E-03 1.988E-01 25 2.221E-06 1.849E+01 26 7.012E-03 5.612E-01
27 4.180E-03 6.122E-01
 94  26
 1 1.384E-02 5.291E+00  2 5.766E-07 5.839E+01  3 7.056E-04 9.110E+00  5 1.308E-02 7.681E+00  6 2.339E-02 1.911E+00
 7 1.492E-03 2.734E+00  8 2.060E-03 5.247E+00  9 4.008E-04 8.043E+00 10 2.778E-03 2.839E+00 11 1.897E-02 1.692E+00
12 2.290E-02 6.500E-01 13 2.229E-03 2.364E+00 14 2.947E-04 5.301E+01 15 2.674E-02 2.316E+00 16 2.687E-03 7.896E-01
17 3.331E-02 1.624E+00 18 3.667E-05 6.683E+01 19 3.250E-04 2.674E+01 20 3.273E-05 6.981E+01 21 1.169E-04 4.041E+01
22 3.249E-04 1.875E+01 23 1.711E-05 1.404E+01 24 6.197E-03 2.671E-01 25 2.724E-06 2.091E+01 26 4.704E-03 4.139E-01
27 2.204E-03 6.599E-01
 95  26
 1 1.442E-02 4.970E+00  2 1.724E-06 7.009E+01  3 6.366E-04 6.807E+00  5 1.013E-02 9.004E+00  6 2.280E-02 1.566E+00
 7 1.293E-03 2.710E+00  8 1.722E-03 3.786E+00  9 3.371E-04 9.670E+00 10 3.074E-03 2.952E+00 11 1.469E-02 1.633E+00
12 2.301E-02 5.942E-01 13 2.477E-03 2.180E+00 14 7.810E-05 4.200E+01 15 4.137E-02 1.815E+00 16 2.688E-03 9.660E-01
17 3.369E-02 1.657E+00 18 2.337E-05 6.961E+01 19 5.780E-04 2.000E+01 20 4.301E-05 4.949E+01 21 4.987E-05 3.639E+01
22 1.958E-04 2.043E+01 23 2.125E-05 1.536E+01 24 6.167E-03 2.208E-01 25 1.978E-06 1.798E+01 26 4.754E-03 5.531E-01
27 2.142E-03 6.167E-01
 96  26
 1 1.961E-02 5.176E+00  2 6.552E-06 4.764E+01  3 7.270E-04 7.697E+00  5 9.235E-03 6.648E+00  6 2.193E-02 1.557E+00
 7 1.138E-03 3.862E+00  8 1.558E-03 4.463E+00  9 3.215E-04 8.881E+00 10 3.317E-03 2.899E+00 11 1.118E-02 1.727E+00
12 2.324E-02 8.850E-01 13 2.640E-03 1.955E+00 14 2.310E-04 3.950E+01 15 4.039E-02 1.848E+00 16 2.663E-03 1.158E+00
17 3.297E-02 1.100E+00 18 3.368E-06 1.000E+02 19 6.865E-04 2.122E+01 20 4.599E-05 1.000E+02 21 6.353E-05 3.097E+01
22 3.295E-04 2.046E+01 23 2.908E-05 1.222E+01 24 6.219E-03 2.092E-01 25 1.582E-06 2.287E+01 26 5.268E-03 5.279E-01
27 2.572E-03 8.556E-01
 97  26
 1 4.013E-02 3.780E+00  2 2.097E-06 6.504E+01  3 8.565E-04 6.964E+00  5 7.292E-03 7.570E+00  6 1.998E-02 2.056E+00
 7 1.126E-03 3.195E+00  8 1.565E-03 3.715E+00  9 2.664E-04 1.366E+01 10 3.622E-03 1.740E+00 11 8.347E-03 2.202E+00
12 2.215E-02 5.971E-01 13 2.909E-03 1.857E+00 14 2.605E-04 4.535E+01 15 3.605E-02 2.575E+00 16 2.652E-03 1.540E+00
17 3.036E-02 1.306E+00 18 3.092E-05 6.994E+01 19 8.930E-04 2.190E+01 20 9.885E-05 5.190E+01 21 4.787E-05 4.121E+01
22 1.889E-04 2.477E+01 23 2.825E-05 1.401E+01 24 6.315E-03 2.342E-01 25 1.894E-06 2.366E+01 26 7.216E-03 4.911E-01
27 4.222E-03 8.373E-01
 98  26
 1 3.961E-02 3.915E+00  2 3.893E-06 5.226E+01  3 8.105E-04 5.469E+00  5 6.801E-03 1.019E+01  6 1.835E-02 1.651E+00
 7 9.844E-04 3.497E+00  8 1.427E-03 4.827E+00  9 2.422E-04 1.374E+01 10 3.985E-03 2.614E+00 11 7.034E-03 1.999E+00
12 2.248E-02 6.870E-01 13 3.172E-03 1.314E+00 14 2.397E-04 4.339E+01 15 3.252E-02 2.142E+00 16 2.629E-03 1.044E+00
17 2.845E-02 2.243E+00 18 2.753E-05 1.000E+02 19 1.018E-03 1.603E+01 20 1.923E-05 6.085E+01 21 6.888E-05 3.592E+01
22 1.752E-04 2.176E+01 23 2.890E-05 1.033E+01 24 6.322E-03 1.932E-01 25 2.375E-06 2.014E+01 26 7.245E-03 4.542E-01
27 4.223E-03 7.166E-01
 99  25
 1 4.483E-02 4.255E+00  2 1.876E-06 5.633E+01  3 1.001E-03 4.223E+00  5 6.229E-03 1.002E+01  6 1.839E-02 2.056E+00
 7 9.009E-04 4.100E+00  8 1.196E-03 4.205E+00  9 1.799E-04 9.597E+00 10 4.430E-03 2.809E+00 11 6.219E-03 2.539E+00
12 2.371E-02 5.441E-01 13 3.733E-03 1.508E+00 14 2.438E-04 3.894E+01 15 2.683E-02 2.191E+00 16 2.705E-03 1.059E+00
17 2.820E-02 1.552E+00 19 7.087E-04 1.491E+01 20 8.390E-05 5.101E+01 21 1.013E-05 5.962E+01 22 2.257E-04 2.679E+01
23 2.976E-05 1.089E+01 24 6.278E-03 2.094E-01 25 8.136E-07 3.011E+01 26 6.382E-03 4.858E-01 27 3.438E-03 6.105E-01
100  25
 1 4.513E-02 4.473E+00  2 1.021E-05 3.253E+01  3 1.074E-03 4.399E+00  5 6.384E-03 9.865E+00  6 1.797E-02 1.522E+00
 7 8.154E-04 3.458E+00  8 1.049E-03 5.027E+00  9 1.928E-04 1.560E+01 10 5.122E-03 2.935E+00 11 5.856E-03 2.693E+00
12 2.432E-02 5.667E-01 13 4.247E-03 1.392E+00 14 1.655E-04 4.954E+01 15 2.265E-02 2.168E+00 16 2.734E-03 1.254E+00
17 2.757E-02 1.404E+00 19 1.205E-03 1.928E+01 20 5.585E-05 8.853E+01 21 6.367E-05 4.217E+01 22 1.005E-04 2.092E+01
23 3.686E-05 1.045E+01 24 6.185E-03 2.195E-01 25 9.326E-07 3.192E+01 26 5.034E-03 4.836E-01 27 2.280E-03 6.839E-01
101  26
 1 4.173E-02 3.086E+00  2 2.518E-06 4.860E+01  3 1.226E-03 4.188E+00  5 5.347E-03 9.477E+00  6 1.691E-02 1.726E+00
 7 7.611E-04 4.373E+00  8 1.039E-03 5.871E+00  9 1.467E-04 1.732E+01 10 5.644E-03 2.067E+00 11 5.016E-03 2.600E+00
12 2.463E-02 5.990E-01 13 4.607E-03 1.262E+00 14 3.485E-05 1.000E+02 15 1.685E-02 2.613E+00 16 2.722E-03 1.266E+00
17 2.391E-02 2.006E+00 18 5.237E-06 8.743E+01 19 9.013E-04 2.334E+01 20 2.381E-04 3.781E+01 21 3.800E-05 4.586E+01
22 1.101E-04 3.812E+01 23 4.569E-05 8.666E+00 24 6.166E-03 2.429E-01 25 1.029E-06 2.308E+01 26 5.060E-03 5.799E-01
27 2.255E-03 9.829E-01
102  25
 1 3.653E-02 4.816E+00  2 4.443E-06 3.645E+01  3 1.328E-03 3.838E+00  5 5.003E-03 1.052E+01  6 1.516E-02 1.793E+00
 7 6.938E-04 4.410E+00  8 8.909E-04 7.582E+00  9 2.038E-04 1.564E+01 10 5.973E-03 1.833E+00 11 4.335E-03 2.655E+00
12 2.355E-02 5.322E-01 13 5.015E-03 1.593E+00 14 2.687E-04 4.784E+01 15 1.419E-02 2.750E+00 16 2.650E-03 1.163E+00
17 2.229E-02 1.717E+00 19 1.416E-03 1.280E+01 20 8.486E-05 5.204E+01 21 1.174E-04 3.122E+01 22 1.537E-04 3.417E+01
23 4.732E-05 1.088E+01 24 6.250E-03 2.390E-01 25 1.071E-06 2.536E+01 26 6.507E-03 3.644E-01 27 3.457E-03 5.397E-01
103  25
 1 3.044E-02 3.366E+00  2 6.035E-06 3.713E+01  3 1.445E-03 4.818E+00  5 4.427E-03 1.052E+01  6 1.388E-02 2.258E+00
 7 6.036E-04 4.840E+00  8 7.555E-04 8.790E+00  9 1.419E-04 1.515E+01 10 6.493E-03 2.567E+00 11 3.809E-03 2.179E+00
12 2.239E-02 6.057E-01 13 5.435E-03 1.400E+00 14 1.037E-04 5.653E+01 15 1.219E-02 3.679E+00 16 2.679E-03 7.876E-01
17 1.896E-02 2.042E+00 19 1.363E-03 1.628E+01 20 3.599E-04 3.469E+01 21 4.962E-05 4.723E+01 22 1.184E-04 3.472E+01
23 5.328E-05 1.034E+01 24 6.329E-03 2.205E-01 25 1.456E-06 3.101E+01 26 7.637E-03 3.339E-01 27 4.345E-03 4.721E-01
104  25
 1 2.311E-02 4.320E+00  2 8.279E-06 2.847E+01  3 1.635E-03 3.863E+00  5 3.339E-03 1.053E+01  6 1.240E-02 2.263E+00
 7 5.060E-04 3.924E+00  8 7.098E-04 6.370E+00  9 1.323E-04 1.601E+01 10 7.302E-03 1.909E+00 11 3.531E-03 3.667E+00
12 2.189E-02 5.872E-01 13 6.239E-03 8.646E-01 14 2.655E-04 5.345E+01 15 1.122E-02 2.237E+00 16 2.601E-03 8.586E-01
17 1.601E-02 2.093E+00 19 1.436E-03 1.268E+01 20 9.042E-05 4.622E+01 21 4.191E-05 5.947E+01 22 4.168E-05 3.580E+01
23 6.749E-05 8.642E+00 24 6.289E-03 2.284E-01 25 4.081E-07 3.368E+01 26 7.533E-03 3.550E-01 27 4.282E-03 5.112E-01
105  26
 1 2.147E-02 5.628E+00  2 1.165E-06 4.375E+01  3 1.862E-03 5.032E+00  5 3.762E-03 1.033E+01  6 1.143E-02 2.119E+00
 7 4.898E-04 4.194E+00  8 6.663E-04 6.473E+00  9 1.262E-04 1.687E+01 10 8.710E-03 2.806E+00 11 3.303E-03 3.364E+00
12 2.243E-02 5.765E-01 13 7.059E-03 1.089E+00 14 2.404E-05 7.386E+01 15 1.107E-02 3.627E+00 16 2.692E-03 1.110E+00
17 1.390E-02 1.894E+00 18 3.629E-06 1.000E+02 19 1.899E-03 1.540E+01 20 1.440E-04 3.876E+01 21 1.032E-05 6.859E+01
22 5.920E-05 3.492E+01 23 5.184E-05 1.007E+01 24 6.168E-03 2.359E-01 25 2.797E-07 3.079E+01 26 5.715E-03 5.077E-01
27 2.702E-03 8.720E-01
106  26
 1 1.497E-02 6.303E+00  2 1.748E-05 2.733E+01  3 1.907E-03 4.056E+00  5 3.869E-03 1.520E+01  6 8.305E-03 3.043E+00
 7 4.679E-04 4.994E+00  8 5.647E-04 9.526E+00  9 8.855E-05 1.393E+01 10 9.859E-03 1.783E+00 11 3.001E-03 2.492E+00
12 2.156E-02 8.536E-01 13 8.031E-03 8.167E-01 14 1.461E-04 7.040E+01 15 9.760E-03 2.819E+00 16 2.764E-03 1.048E+00
17 1.046E-02 2.375E+00 18 6.851E-06 1.000E+02 19 1.427E-03 1.554E+01 20 2.636E-04 4.199E+01 21 3.672E-05 3.598E+01
22 7.877E-05 5.618E+01 23 6.293E-05 8.979E+00 24 6.089E-03 2.658E-01 25 5.885E-07 3.126E+01 26 5.227E-03 4.838E-01
27 2.265E-03 9.921E-01
107  26
 1 1.263E-02 5.560E+00  2 1.079E-05 3.356E+01  3 2.272E-03 3.802E+00  5 3.060E-03 1.218E+01  6 6.743E-03 3.134E+00
 7 4.292E-04 4.668E+00  8 5.048E-04 6.576E+00  9 8.210E-05 1.919E+01 10 1.104E-02 1.631E+00 11 2.454E-03 3.932E+00
12 1.049E-02 8.422E-01 13 9.260E-03 9.759E-01 14 7.380E-05 6.003E+01 15 8.416E-03 2.836E+00 16 2.762E-03 1.161E+00
17 8.878E-03 2.155E+00 18 6.034E-06 1.000E+02 19 1.695E-03 1.601E+01 20 1.555E-04 4.684E+01 21 2.563E-05 7.639E+01
22 4.833E-05 4.055E+01 23 7.251E-05 6.807E+00 24 6.076E-03 2.756E-01 25 5.038E-07 4.099E+01 26 5.404E-03 6.047E-01
27 2.342E-03 9.893E-01
108  25
 1 1.117E-02 6.862E+00  2 5.220E-06 4.032E+01  3 2.085E-03 4.152E+00  5 2.405E-03 1.414E+01  6 5.717E-03 2.706E+00
 7 3.137E-04 5.267E+00  8 4.529E-04 7.124E+00  9 1.037E-04 2.326E+01 10 1.298E-02 1.495E+00 11 2.263E-03 3.838E+00
12 8.094E-03 7.168E-01 13 1.627E-02 8.903E-01 14 1.996E-04 6.988E+01 15 7.755E-03 3.820E+00 16 2.714E-03 8.726E-01
17 6.796E-03 3.175E+00 19 1.597E-03 1.686E+01 20 1.972E-04 3.956E+01 21 3.522E-05 5.743E+01 22 6.309E-05 2.421E+01
23 6.737E-05 7.322E+00 24 6.008E-03 2.612E-01 25 3.188E-07 4.092E+01 26 7.797E-03 4.248E-01 27 4.445E-03 5.980E-01
109  26
 1 8.543E-03 7.274E+00  2 1.003E-05 2.685E+01  3 2.341E-03 3.650E+00  5 1.995E-03 1.397E+01  6 5.141E-03 3.601E+00
 7 2.940E-04 7.438E+00  8 3.530E-04 8.192E+00  9 6.161E-05 2.292E+01 10 1.865E-02 1.464E+00 11 1.883E-03 4.342E+00
12 7.070E-03 1.119E+00 13 1.722E-02 9.012E-01 14 1.028E-04 7.168E+01 15 6.236E-03 3.862E+00 16 2.735E-03 8.916E-01
17 5.703E-03 3.187E+00 18 1.461E-06 1.000E+02 19 2.465E-03 1.346E+01 20 2.217E-04 3.053E+01 21 2.411E-05 8.591E+01
22 4.267E-05 5.215E+01 23 6.431E-05 7.700E+00 24 5.995E-03 2.623E-01 25 4.988E-07 5.261E+01 26 7.898E-03 4.889E-01
27 4.504E-03 6.263E-01
110  25
 1 9.041E-03 8.496E+00  2 1.073E-05 3.300E+01  3 2.586E-03 3.107E+00  5 1.869E-03 1.590E+01  6 4.324E-03 3.308E+00
 7 2.780E-04 4.724E+00  8 3.982E-04 1.031E+01  9 9.736E-05 3.493E+01 10 2.343E-02 1.452E+00 11 1.833E-03 4.791E+00
12 6.566E-03 9.625E-01 13 1.779E-02 7.462E-01 14 1.175E-04 6.468E+01 15 6.122E-03 4.193E+00 16 2.711E-03 1.223E+00
17 5.288E-03 2.484E+00 19 2.172E-03 1.225E+01 20 3.174E-04 2.557E+01 21 1.545E-05 6.332E+01 22 4.365E-05 5.139E+01
23 8.072E-05 7.256E+00 24 5.942E-03 2.324E-01 25 5.516E-07 6.186E+01 26 7.369E-03 3.726E-01 27 4.049E-03 5.285E-01
111  25
 1 7.481E-03 7.403E+00  2 1.165E-05 3.254E+01  3 2.766E-03 3.783E+00  5 1.959E-03 1.546E+01  6 4.191E-03 4.213E+00
 7 2.933E-04 7.352E+00  8 3.660E-04 1.052E+01  9 7.212E-05 2.518E+01 10 2.802E-02 1.356E+00 11 1.676E-03 4.712E+00
12 6.127E-03 1.280E+00 13 1.943E-02 6.812E-01 14 1.696E-04 7.156E+01 15 6.041E-03 3.873E+00 16 2.760E-03 9.380E-01
17 4.924E-03 3.027E+00 19 2.560E-03 1.121E+01 20 4.123E-04 2.817E+01 21 2.449E-05 5.488E+01 22 2.820E-05 5.017E+01
23 7.936E-05 6.218E+00 24 5.803E-03 2.713E-01 25 5.319E-07 6.224E+01 26 5.509E-03 7.534E-01 27 2.409E-03 9.790E-01
112  25
 1 6.191E-03 8.720E+00  2 8.284E-06 3.499E+01  3 3.038E-03 3.904E+00  5 1.337E-03 1.365E+01  6 3.643E-03 3.072E+00
 7 2.659E-04 7.727E+00  8 3.313E-04 1.019E+01  9 4.123E-05 2.598E+01 10 2.986E-02 1.044E+00 11 1.463E-03 4.329E+00
12 5.568E-03 1.359E+00 13 1.932E-02 8.125E-01 14 5.026E-05 1.000E+02 15 5.415E-03 4.279E+00 16 2.716E-03 9.155E-01
17 4.564E-03 3.310E+00 19 2.435E-03 9.246E+00 20 2.047E-04 3.907E+01 21 2.022E-05 5.906E+01 22 2.126E-05 4.798E+01
23 8.161E-05 7.619E+00 24 5.760E-03 2.882E-01 25 6.340E-07 3.361E+01 26 5.463E-03 6.640E-01 27 2.394E-03 1.118E+00
113  25
 1 6.114E-03 8.832E+00  2 1.472E-05 1.950E+01  3 3.472E-03 2.003E+00  5 1.907E-03 1.792E+01  6 3.417E-03 4.432E+00
 7 2.570E-04 6.665E+00  8 3.718E-04 7.095E+00  9 6.259E-05 3.341E+01 10 3.011E-02 1.207E+00 11 1.356E-03 6.038E+00
12 5.064E-03 1.303E+00 13 1.890E-02 6.732E-01 14 2.676E-05 1.000E+02 15 4.779E-03 5.066E+00 16 2.732E-03 9.853E-01
17 3.990E-03 2.693E+00 19 2.903E-03 1.115E+01 20 3.844E-04 2.477E+01 21 2.091E-05 7.098E+01 22 8.070E-05 4.781E+01
23 9.527E-05 5.895E+00 24 5.857E-03 2.352E-01 25 9.490E-07 3.313E+01 26 6.510E-03 4.238E-01 27 3.237E-03 6.395E-01
114  26
 1 4.970E-03 8.388E+00  2 1.019E-05 2.703E+01  3 3.743E-03 3.765E+00  5 1.132E-03 1.653E+01  6 3.156E-03 4.146E+00
 7 2.145E-04 5.973E+00  8 3.282E-04 1.082E+01  9 4.242E-05 2.257E+01 10 2.918E-02 1.049E+00 11 1.248E-03 5.725E+00
12 4.595E-03 1.162E+00 13 1.856E-02 5.881E-01 14 8.890E-05 7.582E+01 15 4.341E-03 5.187E+00 16 2.753E-03 1.375E+00
17 3.814E-03 3.887E+00 18 4.021E-06 1.000E+02 19 3.252E-03 1.057E+01 20 1.254E-04 5.014E+01 21 3.050E-05 8.475E+01
22 7.695E-05 3.202E+01 23 8.346E-05 6.828E+00 24 5.977E-03 2.156E-01 25 5.192E-07 4.511E+01 26 7.949E-03 5.189E-01
27 4.454E-03 6.373E-01
115  25
 1 4.743E-03 7.865E+00  2 1.262E-05 2.938E+01  3 4.176E-03 2.596E+00  5 1.648E-03 1.799E+01  6 2.829E-03 5.335E+00
 7 1.820E-04 7.947E+00  8 2.494E-04 1.399E+01  9 4.471E-05 2.801E+01 10 2.910E-02 1.056E+00 11 1.128E-03 5.221E+00
12 4.127E-03 1.424E+00 13 1.890E-02 7.216E-01 14 3.538E-06 1.000E+02 15 4.035E-03 5.100E+00 16 2.727E-03 9.934E-01
17 3.232E-03 6.889E+00 19 3.832E-03 8.255E+00 20 2.206E-04 3.389E+01 21 1.502E-05 7.102E+01 22 6.705E-05 4.405E+01
23 9.761E-05 6.355E+00 24 6.014E-03 2.110E-01 25 5.635E-07 4.294E+01 26 8.055E-03 3.609E-01 27 4.534E-03 4.723E-01
116  25
 1 4.548E-03 8.881E+00  2 1.118E-05 2.970E+01  3 4.589E-03 3.361E+00  5 1.194E-03 1.883E+01  6 2.704E-03 4.696E+00
 7 1.720E-04 8.514E+00  8 2.280E-04 1.061E+01  9 5.796E-05 2.228E+01 10 2.978E-02 1.396E+00 11 1.065E-03 4.571E+00
12 3.819E-03 1.271E+00 13 1.968E-02 7.615E-01 14 2.527E-05 1.000E+02 15 3.704E-03 5.653E+00 16 2.767E-03 1.300E+00
17 3.204E-03 5.406E+00 19 3.105E-03 9.928E+00 20 1.888E-04 2.787E+01 21 1.357E-05 7.063E+01 22 2.288E-05 4.825E+01
23 9.788E-05 4.851E+00 24 5.883E-03 2.285E-01 25 6.190E-07 4.085E+01 26 6.641E-03 5.543E-01 27 3.304E-03 8.666E-01
117  25
 1 4.533E-03 1.088E+01  2 1.894E-05 2.102E+01  3 8.884E-03 2.025E+00  4 9.112E-05 1.000E+02  5 1.130E-03 1.705E+01
 6 2.702E-03 4.554E+00  7 1.802E-04 6.790E+00  8 2.395E-04 9.904E+00  9 3.698E-05 3.073E+01 10 3.074E-02 1.245E+00
11 1.009E-03 5.123E+00 12 3.689E-03 1.312E+00 13 1.996E-02 7.635E-01 15 3.473E-03 4.870E+00 16 3.188E-03 1.054E+00
17 2.868E-03 4.863E+00 18 6.270E-06 1.000E+02 19 4.698E-03 1.150E+01 20 2.382E-04 3.125E+01 21 2.616E-06 1.000E+02
23 1.097E-04 5.755E+00 24 5.866E-03 2.594E-01 25 4.170E-07 3.612E+01 26 5.750E-03 5.710E-01 27 2.469E-03 7.474E-01
118  25
 1 3.832E-03 8.900E+00  2 1.215E-05 2.272E+01  3 2.084E-02 1.244E+00  5 1.204E-03 1.832E+01  6 2.241E-03 2.629E+00
 7 1.781E-04 6.580E+00  8 2.292E-04 1.214E+01  9 2.945E-05 2.276E+01 10 2.973E-02 1.123E+00 11 8.997E-04 6.337E+00
12 3.365E-03 2.111E+00 13 1.984E-02 7.801E-01 14 6.305E-05 1.000E+02 15 3.301E-03 4.692E+00 16 3.198E-03 9.407E-01
17 2.476E-03 4.196E+00 19 4.408E-03 7.590E+00 20 4.077E-04 2.802E+01 21 8.881E-06 1.000E+02 22 4.254E-05 5.023E+01
23 1.224E-04 6.266E+00 24 5.898E-03 2.157E-01 25 4.009E-07 4.830E+01 26 5.759E-03 5.748E-01 27 2.450E-03 6.052E-01
119  25
 1 3.514E-03 1.301E+01  2 2.063E-05 2.580E+01  3 3.160E-02 1.487E+00  4 3.765E-06 1.000E+02  5 8.115E-04 2.208E+01
 6 1.993E-03 5.367E+00  7 1.555E-04 8.341E+00  8 1.866E-04 1.189E+01  9 2.511E-05 3.061E+01 10 2.740E-02 9.840E-01
11 8.841E-04 5.743E+00 12 3.034E-03 1.958E+00 13 1.825E-02 9.472E-01 15 3.160E-03 6.030E+00 16 3.141E-03 9.560E-01
17 2.154E-03 4.811E+00 19 5.512E-03 6.712E+00 20 4.411E-04 3.242E+01 21 1.372E-05 9.347E+01 22 8.180E-06 8.886E+01
23 1.271E-04 5.798E+00 24 6.052E-03 2.782E-01 25 3.316E-07 3.894E+01 26 7.565E-03 5.556E-01 27 4.004E-03 6.976E-01
120  23
 1 3.228E-03 1.216E+01  2 1.966E-05 2.081E+01  3 3.900E-02 1.264E+00  5 9.911E-04 3.143E+01  6 1.833E-03 5.550E+00
 7 1.515E-04 1.041E+01  8 2.249E-04 1.137E+01  9 2.840E-05 3.076E+01 10 2.500E-02 1.187E+00 11 7.511E-04 5.406E+00
12 2.746E-03 1.438E+00 13 1.798E-02 7.704E-01 15 2.686E-03 8.060E+00 16 3.094E-03 1.146E+00 17 2.170E-03 3.846E+00
19 5.673E-03 9.617E+00 20 3.980E-04 2.121E+01 22 3.652E-05 4.698E+01 23 1.390E-04 6.737E+00 24 6.071E-03 1.975E-01
25 7.106E-07 3.246E+01 26 7.938E-03 4.310E-01 27 4.329E-03 7.575E-01
121  24
 1 3.040E-03 9.602E+00  2 2.635E-05 1.932E+01  3 4.705E-02 1.050E+00  5 1.293E-03 2.332E+01  6 1.768E-03 6.286E+00
 7 1.354E-04 8.160E+00  8 2.184E-04 1.506E+01  9 1.995E-05 2.701E+01 10 2.407E-02 1.836E+00 11 7.528E-04 8.301E+00
12 2.572E-03 1.925E+00 13 1.787E-02 6.431E-01 15 2.596E-03 5.411E+00 16 2.982E-03 9.554E-01 17 2.042E-03 4.576E+00
19 5.962E-03 8.148E+00 20 3.737E-04 3.529E+01 21 1.094E-06 6.909E+01 22 3.747E-05 5.636E+01 23 1.486E-04 6.159E+00
24 6.139E-03 2.513E-01 25 1.189E-06 3.046E+01 26 7.982E-03 3.855E-01 27 4.319E-03 5.851E-01
122  25
 1 2.029E-03 1.161E+01  2 3.079E-05 1.646E+01  3 5.195E-02 8.474E-01  4 4.656E-06 1.000E+02  5 7.265E-04 3.057E+01
 6 1.608E-03 6.770E+00  7 1.188E-04 6.972E+00  8 1.645E-04 8.977E+00  9 2.552E-05 4.380E+01 10 2.401E-02 1.129E+00
11 6.491E-04 5.712E+00 12 2.422E-03 2.169E+00 13 1.856E-02 7.378E-01 14 5.478E-05 6.894E+01 15 2.335E-03 7.159E+00
16 3.047E-03 6.848E-01 17 1.850E-03 4.725E+00 19 7.080E-03 8.783E+00 20 4.723E-04 3.103E+01 22 1.617E-05 4.393E+01
23 1.772E-04 5.054E+00 24 6.010E-03 2.520E-01 25 8.777E-07 3.098E+01 26 6.162E-03 5.682E-01 27 2.622E-03 6.989E-01
123  25
 1 2.519E-03 1.013E+01  2 1.873E-05 2.617E+01  3 5.494E-02 8.893E-01  4 4.149E-05 1.000E+02  5 1.034E-03 2.783E+01
 6 1.401E-03 5.477E+00  7 1.152E-04 8.740E+00  8 1.320E-04 1.686E+01  9 2.393E-05 3.435E+01 10 2.263E-02 1.553E+00
11 5.679E-04 6.517E+00 12 2.256E-03 2.306E+00 13 1.812E-02 7.551E-01 15 2.026E-03 5.312E+00 16 3.041E-03 1.000E+00
17 1.739E-03 7.047E+00 19 8.303E-03 5.500E+00 20 4.279E-04 2.103E+01 21 5.357E-07 1.000E+02 22 5.524E-06 5.205E+01
23 1.664E-04 5.595E+00 24 6.058E-03 2.151E-01 25 5.960E-07 3.784E+01 26 6.724E-03 5.813E-01 27 2.859E-03 7.752E-01
124  23
 1 2.549E-03 1.431E+01  2 2.317E-05 2.186E+01  3 5.654E-02 8.855E-01  5 4.763E-04 3.605E+01  6 1.520E-03 5.708E+00
 7 9.841E-05 7.446E+00  8 1.468E-04 1.650E+01  9 1.856E-05 5.666E+01 10 2.035E-02 1.405E+00 11 5.506E-04 1.014E+01
12 2.048E-03 1.545E+00 13 1.772E-02 1.046E+00 15 2.115E-03 4.041E+00 16 2.940E-03 1.091E+00 17 1.794E-03 4.837E+00
19 8.368E-03 5.837E+00 20 3.405E-04 2.731E+01 22 1.719E-05 7.171E+01 23 1.854E-04 4.952E+00 24 6.114E-03 1.895E-01
25 1.054E-06 2.444E+01 26 7.305E-03 3.791E-01 27 3.412E-03 6.787E-01
125  26
 1 1.771E-03 1.133E+01  2 2.651E-05 1.743E+01  3 5.659E-02 8.486E-01  4 3.178E-04 8.473E+01  5 4.834E-04 3.082E+01
 6 1.335E-03 5.740E+00  7 9.622E-05 1.027E+01  8 1.487E-04 1.701E+01  9 3.886E-05 4.201E+01 10 1.800E-02 1.651E+00
11 5.298E-04 7.234E+00 12 1.830E-03 2.794E+00 13 1.670E-02 9.771E-01 14 4.727E-06 1.000E+02 15 1.719E-03 6.980E+00
16 3.040E-03 1.132E+00 17 1.434E-03 6.245E+00 19 9.549E-03 7.557E+00 20 6.716E-04 2.475E+01 21 6.873E-07 1.000E+02
22 8.821E-06 7.841E+01 23 2.198E-04 3.624E+00 24 6.225E-03 2.175E-01 25 1.490E-07 7.083E+01 26 8.818E-03 3.565E-01
27 4.894E-03 4.415E-01
126  24
 1 1.663E-03 1.633E+01  2 2.888E-05 1.478E+01  3 5.446E-02 8.575E-01  4 3.311E-05 1.000E+02  5 6.445E-04 2.922E+01
 6 1.200E-03 6.979E+00  7 8.205E-05 1.259E+01  8 1.038E-04 1.442E+01  9 1.390E-05 4.823E+01 10 1.646E-02 1.403E+00
11 5.057E-04 6.920E+00 12 1.731E-03 2.525E+00 13 1.663E-02 8.352E-01 15 1.650E-03 7.251E+00 16 2.985E-03 1.039E+00
17 1.389E-03 6.502E+00 19 1.082E-02 4.375E+00 20 5.763E-04 2.489E+01 22 3.926E-06 9.180E+01 23 2.295E-04 4.626E+00
24 6.232E-03 2.231E-01 25 8.453E-07 3.580E+01 26 8.922E-03 3.913E-01 27 4.927E-03 5.003E-01
127  25
 1 1.894E-03 1.659E+01  2 3.337E-05 1.509E+01  3 5.105E-02 1.044E+00  5 2.771E-04 2.453E+01  6 1.019E-03 5.733E+00
 7 7.520E-05 1.094E+01  8 1.003E-04 2.017E+01  9 4.042E-06 8.459E+01 10 1.477E-02 1.771E+00 11 3.900E-04 7.529E+00
12 1.654E-03 2.761E+00 13 1.723E-02 8.845E-01 14 1.440E-04 1.000E+02 15 1.533E-03 5.994E+00 16 3.065E-03 1.001E+00
17 1.167E-03 8.377E+00 19 1.609E-02 6.094E+00 20 4.992E-04 2.270E+01 21 2.899E-05 4.694E+01 22 1.031E-05 8.784E+01
23 2.610E-04 4.446E+00 24 6.214E-03 2.693E-01 25 4.795E-07 4.395E+01 26 8.205E-03 5.657E-01 27 4.271E-03 7.800E-01
128  25
 1 1.908E-03 1.581E+01  2 3.297E-05 1.690E+01  3 4.627E-02 8.640E-01  4 9.877E-05 8.279E+01  5 6.099E-04 2.386E+01
 6 9.431E-04 7.108E+00  7 7.830E-05 1.091E+01  8 1.234E-04 1.635E+01  9 3.419E-05 4.314E+01 10 1.335E-02 1.455E+00
11 4.675E-04 9.284E+00 12 1.533E-03 3.057E+00 13 1.726E-02 6.034E-01 15 1.372E-03 7.430E+00 16 3.092E-03 1.058E+00
17 1.434E-03 8.254E+00 19 2.394E-02 4.774E+00 20 5.278E-04 3.425E+01 21 1.820E-05 6.934E+01 22 2.640E-05 7.454E+01
23 2.500E-04 4.616E+00 24 6.079E-03 2.367E-01 25 1.226E-07 6.663E+01 26 7.041E-03 5.316E-01 27 3.244E-03 6.442E-01
129  26
 1 1.278E-03 1.424E+01  2 3.848E-05 2.072E+01  3 3.958E-02 1.054E+00  4 1.561E-04 8.869E+01  5 5.873E-04 3.074E+01
 6 1.007E-03 7.153E+00  7 8.133E-05 1.680E+01  8 7.478E-05 1.697E+01  9 1.211E-05 4.832E+01 10 1.282E-02 2.230E+00
11 4.194E-04 9.952E+00 12 1.398E-03 1.929E+00 13 1.757E-02 6.938E-01 14 2.290E-05 1.000E+02 15 1.437E-03 6.295E+00
16 3.097E-03 1.026E+00 17 1.057E-03 6.665E+00 19 2.853E-02 4.814E+00 20 5.560E-04 1.904E+01 21 2.641E-05 5.945E+01
22 4.142E-05 5.981E+01 23 3.008E-04 4.699E+00 24 6.080E-03 2.084E-01 25 1.738E-07 6.575E+01 26 7.048E-03 4.786E-01
27 3.252E-03 6.625E-01
130  24
 1 1.351E-03 1.723E+01  2 3.633E-05 1.846E+01  3 3.065E-02 1.229E+00  5 4.750E-04 2.932E+01  6 8.410E-04 7.692E+00
 7 7.288E-05 1.473E+01  8 8.878E-05 2.173E+01  9 4.381E-05 4.114E+01 10 1.069E-02 1.704E+00 11 3.907E-04 1.082E+01
12 1.272E-03 2.352E+00 13 1.666E-02 5.787E-01 14 2.588E-05 7.025E+01 15 1.108E-03 9.958E+00 16 3.155E-03 9.513E-01
17 1.126E-03 7.096E+00 19 3.372E-02 4.500E+00 20 5.916E-04 1.574E+01 22 9.337E-07 7.388E+01 23 2.997E-04 2.216E+00
24 6.138E-03 2.071E-01 25 1.526E-07 4.438E+01 26 8.359E-03 4.078E-01 27 4.361E-03 5.611E-01
131  24
 1 1.530E-03 1.638E+01  2 4.020E-05 1.808E+01  3 2.092E-02 1.287E+00  4 2.470E-04 5.656E+01  5 3.656E-04 3.279E+01
 6 7.863E-04 7.773E+00  7 5.259E-05 1.751E+01  8 8.154E-05 2.101E+01  9 1.703E-05 5.242E+01 10 7.957E-03 2.176E+00
11 2.662E-04 9.213E+00 12 1.175E-03 2.190E+00 13 1.650E-02 5.087E-01 15 1.132E-03 8.677E+00 16 3.161E-03 1.032E+00
17 9.231E-04 5.574E+00 19 3.709E-02 4.261E+00 20 8.473E-04 3.222E+01 22 2.819E-05 7.510E+01 23 3.160E-04 2.827E+00
24 6.160E-03 2.575E-01 25 3.682E-07 6.235E+01 26 9.344E-03 4.239E-01 27 5.179E-03 5.415E-01
132  24
 1 1.528E-03 1.441E+01  2 3.951E-05 1.521E+01  3 8.542E-03 1.434E+00  4 2.132E-04 1.000E+02  5 2.924E-04 3.643E+01
 6 6.971E-04 9.407E+00  7 6.216E-05 1.168E+01  8 1.007E-04 2.028E+01  9 9.812E-06 5.160E+01 10 7.112E-03 1.731E+00
11 3.675E-04 8.587E+00 12 1.069E-03 2.607E+00 13 1.686E-02 5.935E-01 15 1.041E-03 9.164E+00 16 3.140E-03 8.783E-01
17 9.231E-04 6.311E+00 19 4.231E-02 4.467E+00 20 9.593E-04 1.777E+01 22 6.860E-06 6.889E+01 23 3.392E-04 3.417E+00
24 6.130E-03 2.369E-01 25 6.827E-08 8.801E+01 26 9.432E-03 3.871E-01 27 5.226E-03 5.242E-01
133  25
 1 1.279E-03 2.008E+01  2 4.660E-05 1.431E+01  3 4.717E-03 2.744E+00  4 1.810E-05 1.000E+02  5 4.096E-04 3.973E+01
 6 6.361E-04 8.481E+00  7 4.442E-05 1.507E+01  8 7.041E-05 1.952E+01  9 7.349E-06 5.176E+01 10 6.811E-03 2.091E+00
11 3.350E-04 9.248E+00 12 9.924E-04 2.014E+00 13 1.759E-02 8.588E-01 14 2.980E-05 1.000E+02 15 1.114E-03 1.098E+01
16 2.712E-03 1.040E+00 17 8.254E-04 6.615E+00 19 4.726E-02 3.287E+00 20 1.068E-03 1.918E+01 22 1.733E-05 9.455E+01
23 3.427E-04 3.609E+00 24 6.015E-03 2.885E-01 25 2.464E-07 7.141E+01 26 7.736E-03 5.259E-01 27 3.740E-03 7.008E-01
134  24
 1 9.448E-04 2.052E+01  2 5.967E-05 1.343E+01  3 4.045E-03 2.526E+00  5 2.537E-04 5.092E+01  6 6.830E-04 9.450E+00
 7 3.689E-05 1.836E+01  8 7.275E-05 2.113E+01  9 1.111E-05 5.884E+01 10 6.441E-03 2.125E+00 11 2.884E-04 8.899E+00
12 9.260E-04 4.137E+00 13 1.727E-02 7.390E-01 15 9.782E-04 7.506E+00 16 2.736E-03 1.252E+00 17 6.299E-04 7.574E+00
19 4.814E-02 1.946E+00 20 1.396E-03 1.586E+01 21 4.537E-06 1.000E+02 22 2.296E-05 4.690E+01 23 4.005E-04 3.281E+00
24 5.949E-03 2.252E-01 25 1.440E-07 6.461E+01 26 7.229E-03 4.001E-01 27 3.291E-03 5.359E-01
135  24
 1 1.429E-03 2.023E+01  2 6.225E-05 1.423E+01  3 3.838E-03 2.269E+00  4 2.175E-05 7.182E+01  5 2.320E-04 5.411E+01
 6 5.745E-04 6.812E+00  7 3.850E-05 1.369E+01  8 5.169E-05 2.234E+01  9 1.825E-05 3.689E+01 10 5.728E-03 2.135E+00
11 2.745E-04 9.101E+00 12 8.599E-04 2.700E+00 13 1.656E-02 9.790E-01 14 3.918E-06 1.000E+02 15 7.893E-04 9.344E+00
16 2.718E-03 9.260E-01 17 7.334E-04 8.109E+00 19 4.796E-02 2.622E+00 20 1.035E-03 1.659E+01 22 7.288E-06 9.351E+01
23 4.628E-04 3.325E+00 24 5.964E-03 2.793E-01 26 7.291E-03 5.186E-01 27 3.315E-03 7.472E-01
136  22
 1 6.613E-04 1.677E+01  2 7.301E-05 8.967E+00  3 3.384E-03 3.020E+00  4 1.842E-04 7.036E+01  5 1.522E-04 3.446E+01
 6 5.314E-04 8.951E+00  7 2.606E-05 1.944E+01  8 4.709E-05 2.120E+01  9 7.830E-06 6.713E+01 10 4.959E-03 2.046E+00
11 2.383E-04 1.305E+01 12 8.301E-04 4.422E+00 13 1.513E-02 1.074E+00 15 7.410E-04 1.024E+01 16 2.684E-03 1.119E+00
17 7.067E-04 8.941E+00 19 4.296E-02 3.756E+00 20 1.378E-03 1.526E+01 23 4.667E-04 2.709E+00 24 6.099E-03 2.503E-01
26 9.507E-03 3.477E-01 27 5.247E-03 4.012E-01
137  24
 1 5.433E-04 1.988E+01  2 6.889E-05 1.582E+01  3 2.772E-03 3.618E+00  5 3.491E-04 4.486E+01  6 3.959E-04 9.825E+00
 7 3.509E-05 1.533E+01  8 6.470E-05 2.180E+01  9 1.266E-06 9.251E+01 10 4.475E-03 2.422E+00 11 1.912E-04 1.192E+01
12 7.631E-04 3.893E+00 13 1.464E-02 8.378E-01 14 9.380E-06 1.000E+02 15 6.203E-04 1.172E+01 16 2.728E-03 1.142E+00
17 5.752E-04 8.162E+00 19 3.818E-02 4.859E+00 20 1.347E-03 1.335E+01 22 1.405E-06 1.000E+02 23 4.917E-04 3.669E+00
24 6.131E-03 2.161E-01 25 1.597E-07 7.042E+01 26 9.588E-03 4.431E-01 27 5.276E-03 4.886E-01
138  27
 1 9.345E-04 1.389E+01  2 6.480E-05 1.152E+01  3 2.726E-03 4.050E+00  4 3.912E-05 1.000E+02  5 1.802E-04 4.199E+01
 6 4.798E-04 1.053E+01  7 4.237E-05 1.410E+01  8 5.763E-05 2.620E+01  9 1.137E-05 5.435E+01 10 4.213E-03 2.710E+00
11 1.914E-04 1.043E+01 12 7.105E-04 2.470E+00 13 1.377E-02 9.052E-01 14 2.626E-05 1.000E+02 15 6.003E-04 1.127E+01
16 2.717E-03 8.873E-01 17 5.502E-04 9.920E+00 18 9.205E-07 1.000E+02 19 3.911E-02 3.283E+00 20 1.471E-03 1.538E+01
21 5.946E-06 1.000E+02 22 9.568E-06 5.902E+01 23 5.516E-04 2.691E+00 24 6.064E-03 2.148E-01 25 5.607E-08 5.089E+01
26 9.045E-03 3.580E-01 27 4.809E-03 4.534E-01
139  23
 1 7.777E-04 2.597E+01  2 9.049E-05 1.102E+01  3 2.592E-03 2.885E+00  4 1.723E-04 8.994E+01  5 5.007E-04 3.030E+01
 6 3.866E-04 1.206E+01  7 3.222E-05 1.645E+01  8 3.832E-05 1.986E+01  9 5.656E-06 6.559E+01 10 4.120E-03 2.361E+00
11 2.248E-04 1.583E+01 12 6.822E-04 3.258E+00 13 1.414E-02 1.004E+00 15 5.600E-04 1.141E+01 16 2.756E-03 9.418E-01
17 4.523E-04 9.583E+00 19 3.647E-02 4.006E+00 20 1.982E-03 1.480E+01 23 6.109E-04 2.856E+00 24 5.940E-03 2.447E-01
25 1.914E-07 4.997E+01 26 7.299E-03 4.331E-01 27 3.279E-03 6.120E-01
140  25
 1 7.401E-04 2.029E+01  2 9.259E-05 9.840E+00  3 2.341E-03 3.961E+00  4 4.559E-05 1.000E+02  5 2.373E-04 3.757E+01
 6 4.850E-04 1.195E+01  7 3.688E-05 1.915E+01  8 4.930E-05 2.754E+01  9 3.351E-06 9.186E+01 10 3.456E-03 2.765E+00
11 1.935E-04 9.895E+00 12 6.216E-04 3.499E+00 13 1.386E-02 1.075E+00 14 1.101E-05 1.000E+02 15 4.616E-04 1.433E+01
16 2.775E-03 9.391E-01 17 4.880E-04 1.002E+01 19 3.014E-02 4.436E+00 20 1.862E-03 1.284E+01 22 5.411E-06 1.000E+02
23 6.635E-04 3.110E+00 24 5.953E-03 2.155E-01 25 5.228E-08 1.000E+02 26 7.320E-03 5.135E-01 27 3.273E-03 6.168E-01
141  24
 1 5.491E-04 2.511E+01  2 1.172E-04 1.122E+01  3 2.325E-03 4.311E+00  4 2.602E-04 4.943E+01  5 5.204E-05 7.444E+01
 6 2.765E-04 1.281E+01  7 2.728E-05 1.575E+01  8 4.158E-05 2.031E+01  9 1.660E-05 5.650E+01 10 3.395E-03 2.426E+00
11 1.412E-04 1.567E+01 12 6.203E-04 3.003E+00 13 1.298E-02 8.332E-01 15 4.896E-04 1.235E+01 16 2.726E-03 1.024E+00
17 5.010E-04 1.007E+01 19 2.355E-02 3.099E+00 20 1.749E-03 1.621E+01 22 3.094E-06 8.036E+01 23 7.546E-04 2.210E+00
24 6.020E-03 2.021E-01 25 9.216E-08 6.893E+01 26 8.191E-03 3.448E-01 27 4.042E-03 5.261E-01
142  24
 1 8.253E-04 3.044E+01  2 1.203E-04 7.340E+00  3 1.660E-03 4.204E+00  4 7.018E-05 6.463E+01  5 3.453E-04 2.854E+01
 6 3.346E-04 9.806E+00  7 2.217E-05 1.729E+01  8 9.842E-06 3.399E+01  9 8.683E-06 9.074E+01 10 2.896E-03 2.723E+00
11 1.669E-04 1.532E+01 12 5.190E-04 4.462E+00 13 1.154E-02 9.586E-01 15 4.401E-04 1.240E+01 16 2.660E-03 1.035E+00
17 4.206E-04 1.300E+01 19 1.524E-02 5.135E+00 20 2.315E-03 1.040E+01 21 1.620E-05 7.284E+01 23 8.159E-04 1.869E+00
24 6.101E-03 2.343E-01 25 2.030E-07 7.126E+01 26 9.572E-03 3.567E-01 27 5.211E-03 5.094E-01
143  25
 1 5.601E-04 2.409E+01  2 1.319E-04 9.203E+00  3 1.706E-03 4.204E+00  4 1.650E-04 9.464E+01  5 2.745E-04 3.493E+01
 6 3.140E-04 1.256E+01  7 2.735E-05 1.965E+01  8 2.628E-05 3.160E+01  9 7.213E-06 6.174E+01 10 2.531E-03 2.654E+00
11 1.674E-04 1.794E+01 12 4.520E-04 4.246E+00 13 1.109E-02 9.428E-01 14 8.936E-05 1.000E+02 15 5.740E-04 1.489E+01
16 2.750E-03 1.073E+00 17 3.712E-04 9.808E+00 19 1.062E-02 6.026E+00 20 2.577E-03 9.806E+00 22 2.425E-05 6.971E+01
23 8.692E-04 2.811E+00 24 6.080E-03 2.096E-01 25 2.724E-08 1.000E+02 26 9.580E-03 3.264E-01 27 5.218E-03 4.821E-01
144  23
 1 6.590E-04 2.309E+01  2 1.366E-04 9.869E+00  3 1.480E-03 3.936E+00  4 5.608E-05 1.000E+02  5 5.627E-04 4.938E+01
 6 2.489E-04 1.582E+01  7 1.590E-05 2.552E+01  8 2.093E-05 4.569E+01  9 3.019E-06 7.589E+01 10 2.597E-03 3.495E+00
11 1.231E-04 1.255E+01 12 4.410E-04 5.136E+00 13 1.065E-02 8.085E-01 15 4.749E-04 1.334E+01 16 2.757E-03 1.000E+00
17 3.706E-04 1.228E+01 19 8.689E-03 6.885E+00 20 2.683E-03 8.852E+00 23 9.826E-04 1.810E+00 24 5.968E-03 2.253E-01
25 3.986E-08 1.000E+02 26 8.238E-03 3.870E-01 27 4.011E-03 5.419E-01
145  24
 1 4.321E-04 2.934E+01  2 1.584E-04 9.281E+00  3 1.495E-03 5.304E+00  4 7.394E-05 1.000E+02  5 7.075E-05 4.369E+01
 6 2.993E-04 1.136E+01  7 2.308E-05 1.467E+01  8 2.811E-05 2.922E+01  9 4.625E-06 7.183E+01 10 2.427E-03 4.415E+00
11 1.197E-04 1.642E+01 12 4.252E-04 4.164E+00 13 1.019E-02 7.985E-01 15 3.612E-04 1.563E+01 16 2.706E-03 8.951E-01
17 3.539E-04 1.064E+01 19 8.294E-03 7.494E+00 20 3.323E-03 8.279E+00 21 1.079E-05 1.000E+02 23 1.086E-03 1.733E+00
24 5.917E-03 2.460E-01 25 1.289E-08 9.197E+01 26 7.273E-03 4.445E-01 27 3.203E-03 5.493E-01
146  23
 1 3.691E-04 1.942E+01  2 1.948E-04 7.652E+00  3 1.445E-03 4.087E+00  4 2.798E-05 1.000E+02  5 4.329E-05 5.581E+01
 6 2.208E-04 1.218E+01  7 1.653E-05 1.816E+01  8 1.873E-05 3.977E+01  9 3.233E-06 7.037E+01 10 2.240E-03 3.938E+00
11 1.245E-04 1.855E+01 12 4.211E-04 3.434E+00 13 9.593E-03 1.440E+00 15 3.685E-04 1.339E+01 16 2.782E-03 1.015E+00
17 4.534E-04 1.158E+01 19 7.457E-03 7.683E+00 20 3.117E-03 8.642E+00 23 1.213E-03 2.060E+00 24 5.899E-03 2.545E-01
25 7.110E-09 8.789E+01 26 7.327E-03 4.313E-01 27 3.204E-03 7.373E-01
147  23
 1 2.784E-04 3.412E+01  2 1.738E-04 5.865E+00  3 1.291E-03 5.962E+00  4 7.298E-05 8.580E+01  5 1.554E-04 8.544E+01
 6 2.921E-04 1.347E+01  7 1.262E-05 2.465E+01  8 4.229E-05 3.964E+01  9 4.652E-06 6.921E+01 10 1.937E-03 2.760E+00
11 9.246E-05 1.390E+01 12 3.651E-04 4.458E+00 13 8.567E-03 1.004E+00 15 3.833E-04 1.540E+01 16 2.732E-03 1.099E+00
17 2.898E-04 1.432E+01 19 7.528E-03 7.523E+00 20 3.401E-03 1.016E+01 23 1.283E-03 1.665E+00 24 5.982E-03 2.270E-01
25 3.960E-08 1.000E+02 26 9.006E-03 4.377E-01 27 4.692E-03 5.281E-01
148  24
 1 5.031E-04 3.736E+01  2 2.026E-04 7.788E+00  3 1.173E-03 6.606E+00  4 6.821E-06 1.000E+02  5 1.960E-04 4.731E+01
 6 1.819E-04 1.680E+01  7 1.549E-05 2.879E+01  8 1.397E-05 3.262E+01  9 2.607E-06 1.000E+02 10 1.689E-03 5.453E+00
11 1.089E-04 1.956E+01 12 3.310E-04 6.142E+00 13 7.810E-03 1.059E+00 15 2.439E-04 2.108E+01 16 2.728E-03 1.217E+00
17 2.593E-04 1.305E+01 19 6.365E-03 9.277E+00 20 3.285E-03 1.052E+01 22 1.146E-06 1.000E+02 23 1.383E-03 1.480E+00
24 5.983E-03 2.186E-01 25 8.952E-08 1.000E+02 26 9.565E-03 2.735E-01 27 5.143E-03 3.843E-01
149  23
 1 2.957E-04 3.568E+01  2 2.506E-04 4.225E+00  3 9.683E-04 5.507E+00  4 1.423E-04 6.646E+01  5 1.610E-04 6.195E+01
 6 2.070E-04 1.168E+01  7 1.542E-05 2.547E+01  8 2.330E-05 3.227E+01 10 1.526E-03 4.450E+00 11 6.348E-05 1.659E+01
12 3.081E-04 5.296E+00 13 7.085E-03 1.274E+00 15 2.833E-04 1.457E+01 16 2.722E-03 5.141E-01 17 3.093E-04 1.534E+01
19 5.300E-03 8.924E+00 20 4.837E-03 7.295E+00 22 3.391E-06 1.000E+02 23 1.530E-03 1.614E+00 24 5.946E-03 2.136E-01
25 1.095E-07 1.000E+02 26 9.426E-03 2.703E-01 27 5.032E-03 3.548E-01
150  23
 1 3.080E-04 3.439E+01  2 2.784E-04 5.198E+00  3 9.307E-04 5.290E+00  4 1.986E-04 6.974E+01  5 1.784E-06 1.000E+02
 6 1.863E-04 1.844E+01  7 1.801E-05 1.842E+01  8 8.998E-06 3.540E+01  9 2.028E-06 1.000E+02 10 1.545E-03 3.743E+00
11 5.997E-05 2.158E+01 12 2.959E-04 4.757E+00 13 6.849E-03 1.469E+00 15 3.072E-04 1.381E+01 16 2.776E-03 1.182E+00
17 2.063E-04 1.338E+01 19 5.289E-03 7.399E+00 20 5.172E-03 6.652E+00 23 1.806E-03 1.304E+00 24 5.744E-03 2.230E-01
25 2.690E-08 1.000E+02 26 7.245E-03 4.635E-01 27 3.120E-03 4.505E-01
151  23
 1 2.136E-04 4.360E+01  2 2.858E-04 3.572E+00  3 8.787E-04 7.493E+00  4 6.453E-04 5.899E+01  5 1.824E-06 1.000E+02
 6 1.798E-04 1.249E+01  7 9.962E-06 3.228E+01  8 2.998E-05 4.094E+01  9 2.472E-06 8.711E+01 10 1.450E-03 4.279E+00
11 9.446E-05 1.955E+01 12 2.796E-04 6.258E+00 13 6.289E-03 1.177E+00 15 2.268E-04 1.715E+01 16 2.812E-03 9.819E-01
17 2.102E-04 1.744E+01 19 4.167E-03 1.030E+01 20 6.151E-03 6.810E+00 23 1.984E-03 1.381E+00 24 5.687E-03 2.160E-01
25 2.596E-09 1.000E+02 26 7.145E-03 5.459E-01 27 3.034E-03 6.452E-01
152  23
 1 2.520E-04 4.672E+01  2 3.643E-04 5.980E+00  3 7.482E-04 7.120E+00  4 3.007E-04 5.195E+01  5 1.313E-04 3.733E+01
 6 1.372E-04 1.970E+01  7 1.251E-05 4.626E+01  8 1.219E-05 4.156E+01  9 1.288E-06 8.141E+01 10 1.307E-03 4.331E+00
11 8.458E-05 1.284E+01 12 2.496E-04 7.605E+00 13 5.419E-03 1.553E+00 15 2.222E-04 1.896E+01 16 2.783E-03 1.082E+00
17 2.022E-04 1.287E+01 19 3.772E-03 1.007E+01 20 6.079E-03 7.903E+00 23 2.205E-03 1.606E+00 24 5.656E-03 2.280E-01
25 2.666E-08 1.000E+02 26 7.636E-03 5.529E-01 27 3.425E-03 7.772E-01
153  25
 1 4.018E-04 3.531E+01  2 3.523E-04 6.657E+00  3 7.216E-04 5.937E+00  4 6.977E-04 4.845E+01  5 5.203E-05 6.905E+01
 6 1.476E-04 2.222E+01  7 1.548E-05 2.334E+01  8 2.091E-05 4.715E+01  9 3.709E-06 1.000E+02 10 1.150E-03 5.771E+00
11 6.193E-05 1.869E+01 12 2.294E-04 5.619E+00 13 4.717E-03 1.502E+00 15 2.136E-04 1.939E+01 16 2.847E-03 1.343E+00
17 1.839E-04 1.878E+01 19 2.980E-03 1.304E+01 20 6.751E-03 7.645E+00 21 5.655E-07 1.000E+02 22 2.248E-06 1.000E+02
23 2.400E-03 1.580E+00 24 5.679E-03 2.342E-01 25 2.209E-08 7.556E+01 26 9.291E-03 2.718E-01 27 4.895E-03 5.074E-01
154  23
 1 2.037E-04 3.709E+01  2 4.609E-04 4.547E+00  3 6.897E-04 5.651E+00  4 7.922E-04 5.479E+01  5 3.833E-05 9.385E+01
 6 1.518E-04 2.870E+01  7 1.138E-05 2.444E+01  8 1.134E-05 5.376E+01  9 1.123E-07 1.000E+02 10 1.035E-03 5.877E+00
11 5.183E-05 1.877E+01 12 1.972E-04 7.874E+00 13 4.091E-03 1.394E+00 15 1.652E-04 1.673E+01 16 2.967E-03 1.010E+00
17 2.165E-04 1.508E+01 19 3.206E-03 1.194E+01 20 6.672E-03 8.805E+00 21 1.470E-06 1.000E+02 23 2.727E-03 1.316E+00
24 5.590E-03 2.282E-01 26 9.249E-03 4.260E-01 27 4.843E-03 4.585E-01
155  24
 1 2.982E-04 3.733E+01  2 4.603E-04 4.740E+00  3 6.113E-04 6.057E+00  4 2.481E-04 5.822E+01  5 1.591E-05 1.000E+02
 6 1.321E-04 1.781E+01  7 1.280E-05 3.882E+01  8 1.675E-05 3.694E+01  9 7.135E-06 5.794E+01 10 9.501E-04 4.655E+00
11 5.835E-05 2.726E+01 12 1.864E-04 7.354E+00 13 3.628E-03 1.740E+00 15 1.594E-04 2.286E+01 16 2.855E-03 8.623E-01
17 1.683E-04 1.727E+01 19 2.041E-03 1.249E+01 20 8.127E-03 6.240E+00 22 8.647E-06 7.669E+01 23 3.066E-03 1.367E+00
24 5.367E-03 2.498E-01 25 3.334E-08 1.000E+02 26 8.017E-03 4.555E-01 27 3.907E-03 6.235E-01
156  23
 1 1.548E-04 3.312E+01  2 5.759E-04 5.496E+00  3 5.452E-04 5.878E+00  4 3.212E-04 4.991E+01  5 1.898E-05 6.883E+01
 6 1.214E-04 1.943E+01  7 4.786E-06 3.955E+01  8 7.694E-06 4.221E+01  9 5.662E-07 1.000E+02 10 8.130E-04 4.941E+00
11 4.208E-05 2.572E+01 12 2.266E-04 6.333E+00 13 3.158E-03 2.075E+00 15 2.011E-04 2.774E+01 16 2.991E-03 1.179E+00
17 1.119E-04 1.872E+01 19 3.241E-03 9.473E+00 20 9.426E-03 5.117E+00 21 7.277E-06 1.000E+02 23 3.510E-03 6.975E-01
24 5.209E-03 2.681E-01 26 7.466E-03 5.474E-01 27 3.076E-03 7.967E-01
157  21
 1 1.876E-04 3.346E+01  2 6.171E-04 4.011E+00  3 5.091E-04 9.578E+00  4 3.499E-04 4.082E+01  5 8.401E-05 5.091E+01
 6 1.514E-04 2.051E+01  7 9.267E-06 2.648E+01  8 1.576E-05 3.912E+01 10 6.957E-04 6.062E+00 11 6.472E-05 2.409E+01
12 1.577E-04 8.343E+00 13 2.791E-03 1.854E+00 15 1.384E-04 2.169E+01 16 3.081E-03 9.391E-01 17 1.445E-04 1.857E+01
19 2.265E-03 1.380E+01 20 1.140E-02 5.035E+00 23 3.902E-03 9.624E-01 24 5.026E-03 2.437E-01 26 7.536E-03 4.048E-01
27 3.049E-03 5.409E-01
158  22
 1 5.715E-05 5.056E+01  2 6.940E-04 4.631E+00  3 4.274E-04 1.111E+01  4 1.337E-03 2.925E+01  5 1.117E-04 5.938E+01
 6 9.067E-05 1.666E+01  7 5.276E-06 5.351E+01  8 8.511E-06 4.622E+01  9 1.175E-06 1.000E+02 10 6.889E-04 5.678E+00
11 6.080E-05 2.498E+01 12 1.258E-04 8.333E+00 13 2.485E-03 1.651E+00 15 1.470E-04 2.103E+01 16 3.199E-03 1.029E+00
17 9.467E-05 1.956E+01 19 1.954E-03 1.081E+01 20 1.285E-02 5.136E+00 23 4.513E-03 1.294E+00 24 4.762E-03 1.972E-01
26 6.771E-03 4.869E-01 27 2.711E-03 5.695E-01
159  21
 1 1.605E-04 6.772E+01  2 8.272E-04 3.508E+00  3 3.892E-04 7.383E+00  4 6.562E-04 4.730E+01  6 8.529E-05 1.875E+01
 7 1.065E-05 3.479E+01  8 7.884E-06 7.133E+01  9 2.056E-06 1.000E+02 10 6.275E-04 7.797E+00 11 2.987E-05 2.909E+01
12 1.402E-04 6.147E+00 13 2.254E-03 2.293E+00 15 1.351E-04 2.038E+01 16 3.490E-03 9.909E-01 17 1.477E-04 2.176E+01
19 2.077E-03 1.703E+01 20 1.472E-02 5.007E+00 23 5.522E-03 6.980E-01 24 4.214E-03 2.475E-01 26 3.888E-03 7.058E-01
27 1.767E-03 8.371E-01
160  22
 1 6.860E-05 5.852E+01  2 9.308E-04 3.105E+00  3 3.255E-04 9.443E+00  4 1.735E-03 3.483E+01  5 2.058E-05 1.000E+02
 6 5.093E-05 2.763E+01  7 5.347E-06 5.276E+01  8 2.157E-06 9.372E+01  9 3.873E-06 1.000E+02 10 5.960E-04 7.153E+00
11 6.781E-05 2.770E+01 12 1.209E-04 6.503E+00 13 1.916E-03 2.057E+00 15 1.072E-04 2.401E+01 16 1.154E-02 5.833E-01
17 8.134E-05 2.243E+01 19 1.380E-03 1.925E+01 20 1.759E-02 5.432E+00 23 6.294E-03 5.343E-01 24 3.816E-03 2.341E-01
26 3.476E-03 8.543E-01 27 1.615E-03 1.075E+00
161  22
 1 1.009E-04 4.392E+01  2 4.631E-04 3.304E+00  3 1.897E-04 8.513E+00  4 3.923E-04 3.939E+01  5 1.611E-05 1.000E+02
 6 3.586E-05 2.635E+01  7 4.217E-06 2.487E+01  8 4.435E-06 3.733E+01  9 2.521E-06 1.000E+02 10 3.380E-04 8.152E+00
11 1.736E-05 2.600E+01 12 7.727E-05 7.743E+00 13 1.403E-03 1.911E+00 15 3.839E-05 3.795E+01 16 1.747E-03 8.417E-01
17 8.823E-05 2.190E+01 19 1.135E-03 1.211E+01 20 4.982E-02 2.546E+00 23 1.419E-02 3.275E-01 24 1.206E-03 5.947E-01
26 2.749E-03 4.928E-01 27 1.309E-03 6.316E-01
162  22
 1 1.004E-04 5.247E+01  2 5.760E-04 3.338E+00  3 1.715E-04 9.541E+00  4 3.994E-04 4.188E+01  5 5.151E-06 1.000E+02
 6 4.448E-05 1.963E+01  7 3.130E-06 3.410E+01  8 6.132E-06 4.783E+01 10 2.775E-04 5.673E+00 11 2.435E-05 2.164E+01
12 7.016E-05 7.509E+00 13 1.198E-03 1.998E+00 15 7.604E-05 3.013E+01 16 1.777E-03 1.039E+00 17 7.970E-05 1.994E+01
19 1.040E-03 1.210E+01 20 7.595E-02 2.009E+00 22 3.549E-07 1.000E+02 23 1.532E-02 3.315E-01 24 1.027E-03 5.810E-01
26 2.797E-03 5.912E-01 27 1.265E-03 6.784E-01
163  21
 1 3.812E-05 6.351E+01  2 6.691E-04 2.849E+00  3 1.649E-04 9.125E+00  4 4.668E-04 2.750E+01  5 4.657E-06 1.000E+02
 6 2.393E-05 2.217E+01  7 1.818E-06 5.330E+01  8 1.020E-06 1.000E+02 10 3.046E-04 6.069E+00 11 1.504E-05 2.713E+01
12 6.250E-05 1.001E+01 13 1.060E-03 1.926E+00 15 4.444E-05 2.239E+01 16 1.738E-03 8.295E-01 17 6.189E-05 2.114E+01
19 9.972E-04 1.521E+01 20 8.781E-02 2.121E+00 23 1.607E-02 2.771E-01 24 8.910E-04 5.325E-01 26 2.778E-03 5.359E-01
27 1.209E-03 5.594E-01
164  23
 1 3.887E-05 5.669E+01  2 6.875E-04 3.186E+00  3 1.310E-04 1.173E+01  4 5.774E-04 3.106E+01  6 2.379E-05 3.036E+01
 7 3.613E-06 3.969E+01  8 1.975E-06 6.897E+01  9 1.156E-06 1.000E+02 10 2.816E-04 7.117E+00 11 1.804E-05 3.326E+01
12 6.062E-05 7.027E+00 13 9.370E-04 2.062E+00 14 1.434E-05 1.000E+02 15 4.759E-05 3.531E+01 16 1.729E-03 9.501E-01
17 5.837E-05 2.059E+01 19 7.954E-04 1.980E+01 20 8.833E-02 1.946E+00 23 1.666E-02 3.309E-01 24 7.892E-04 6.244E-01
25 7.631E-09 1.000E+02 26 2.836E-03 5.296E-01 27 1.197E-03 5.757E-01
165  22
 1 1.911E-05 1.000E+02  2 7.632E-04 3.090E+00  3 1.414E-04 1.014E+01  4 5.087E-04 3.928E+01  6 1.693E-05 3.262E+01
 7 4.474E-06 4.029E+01  8 5.010E-06 6.326E+01  9 1.553E-06 1.000E+02 10 2.541E-04 8.837E+00 11 9.129E-06 3.319E+01
12 5.562E-05 8.218E+00 13 8.693E-04 2.500E+00 15 4.329E-05 2.442E+01 16 1.751E-03 9.960E-01 17 8.364E-05 2.327E+01
19 5.983E-04 1.385E+01 20 8.612E-02 1.455E+00 22 9.294E-06 1.000E+02 23 1.731E-02 2.571E-01 24 7.073E-04 7.975E-01
26 2.909E-03 5.419E-01 27 1.188E-03 6.819E-01
166  22
 1 2.689E-05 5.963E+01  2 9.203E-04 2.758E+00  3 1.291E-04 9.908E+00  4 6.788E-04 3.917E+01  5 3.933E-05 1.000E+02
 6 2.126E-05 3.429E+01  7 2.951E-06 5.379E+01  8 4.341E-06 4.035E+01  9 5.573E-08 1.000E+02 10 2.067E-04 7.527E+00
11 1.331E-05 2.276E+01 12 4.316E-05 8.213E+00 13 7.998E-04 2.315E+00 15 2.263E-05 2.945E+01 16 1.750E-03 9.049E-01
17 4.442E-05 1.988E+01 19 6.949E-04 1.360E+01 20 8.056E-02 2.331E+00 23 1.775E-02 3.215E-01 24 6.236E-04 5.695E-01
26 2.977E-03 6.298E-01 27 1.171E-03 6.492E-01
167  21
 1 3.522E-05 6.990E+01  2 1.017E-03 3.162E+00  3 1.043E-04 1.087E+01  4 6.104E-04 2.204E+01  5 5.344E-06 1.000E+02
 6 3.295E-05 2.710E+01  7 9.645E-07 5.740E+01  8 2.388E-06 5.374E+01 10 1.936E-04 8.820E+00 11 6.778E-06 3.479E+01
12 4.632E-05 9.788E+00 13 7.121E-04 1.862E+00 15 2.233E-05 3.226E+01 16 1.720E-03 8.835E-01 17 3.842E-05 2.587E+01
19 5.606E-04 1.449E+01 20 7.225E-02 1.899E+00 23 1.828E-02 2.839E-01 24 5.579E-04 6.405E-01 26 3.082E-03 5.708E-01
27 1.180E-03 7.467E-01
168  22
 1 2.523E-05 6.124E+01  2 1.131E-03 2.240E+00  3 1.311E-04 1.116E+01  4 7.769E-04 2.325E+01  5 1.315E-05 7.646E+01
 6 6.351E-06 4.131E+01  7 4.987E-06 3.793E+01  8 5.080E-06 4.709E+01  9 7.069E-07 1.000E+02 10 1.700E-04 9.515E+00
11 1.564E-05 3.958E+01 12 4.081E-05 1.149E+01 13 6.374E-04 2.303E+00 15 1.735E-05 5.454E+01 16 2.950E-03 6.996E-01
17 3.912E-05 3.200E+01 19 5.956E-04 1.721E+01 20 5.952E-02 2.411E+00 23 1.918E-02 2.991E-01 24 5.181E-04 5.913E-01
26 3.338E-03 5.912E-01 27 1.214E-03 7.598E-01
169  21
 1 3.329E-05 6.193E+01  2 1.240E-03 2.196E+00  3 1.207E-04 1.014E+01  4 7.812E-04 3.238E+01  6 1.736E-05 3.426E+01
 7 2.290E-06 5.038E+01  8 3.281E-06 7.626E+01  9 1.830E-06 5.882E+01 10 1.538E-04 8.590E+00 11 1.263E-05 3.566E+01
12 4.065E-05 1.209E+01 13 6.215E-04 2.164E+00 15 2.331E-05 5.337E+01 16 1.942E-03 1.186E+00 17 3.366E-05 2.040E+01
19 7.055E-04 2.057E+01 20 3.622E-02 2.200E+00 23 2.146E-02 2.277E-01 24 4.840E-04 6.406E-01 26 5.216E-03 4.894E-01
27 1.708E-03 5.361E-01
170  21
 1 2.555E-05 1.000E+02  2 1.414E-03 2.193E+00  3 1.077E-04 1.341E+01  4 1.066E-03 2.438E+01  5 1.732E-05 1.000E+02
 6 1.831E-05 2.865E+01  7 3.094E-06 4.425E+01  8 2.522E-06 5.161E+01 10 1.209E-04 7.745E+00 11 7.349E-06 4.686E+01
12 3.610E-05 1.019E+01 13 5.410E-04 2.909E+00 15 2.833E-05 4.115E+01 16 1.847E-03 1.147E+00 17 3.786E-05 2.286E+01
19 3.646E-04 1.973E+01 20 2.695E-02 3.428E+00 23 2.201E-02 2.728E-01 24 4.304E-04 6.786E-01 26 5.449E-03 4.486E-01
27 1.752E-03 4.554E-01
171  22
 1 3.099E-05 6.651E+01  2 1.552E-03 2.229E+00  3 7.070E-05 1.714E+01  4 8.531E-04 2.982E+01  5 3.869E-06 1.000E+02
 6 2.002E-05 3.358E+01  7 3.685E-07 6.848E+01  9 2.457E-07 1.000E+02 10 1.397E-04 1.173E+01 11 8.347E-06 5.664E+01
12 3.255E-05 1.546E+01 13 4.871E-04 3.741E+00 15 2.528E-05 3.785E+01 16 1.839E-03 8.509E-01 17 4.865E-05 2.642E+01
19 4.625E-04 1.881E+01 20 1.670E-02 3.945E+00 23 2.243E-02 2.692E-01 24 3.798E-04 8.226E-01 25 1.918E-08 1.000E+02
26 5.610E-03 4.006E-01 27 1.770E-03 4.066E-01
172  21
 1 7.886E-05 4.272E+01  2 1.839E-03 1.388E+00  3 1.024E-04 1.336E+01  4 1.425E-03 2.071E+01  5 1.429E-06 1.000E+02
 6 1.312E-05 4.417E+01  7 2.341E-06 5.804E+01  8 4.429E-06 8.426E+01 10 1.250E-04 8.680E+00 11 3.242E-06 4.325E+01
12 2.808E-05 1.288E+01 13 4.375E-04 3.309E+00 15 3.805E-05 4.017E+01 16 1.814E-03 9.823E-01 17 2.714E-05 3.366E+01
19 3.335E-04 1.953E+01 20 1.401E-02 4.149E+00 23 2.281E-02 2.720E-01 24 3.339E-04 9.140E-01 26 5.755E-03 4.325E-01
27 1.780E-03 5.427E-01
173  22
 1 2.862E-05 8.794E+01  2 2.038E-03 1.417E+00  3 7.665E-05 2.041E+01  4 1.334E-03 3.174E+01  6 7.950E-06 4.940E+01
 7 6.375E-07 6.708E+01  8 3.021E-06 8.296E+01 10 1.255E-04 1.971E+01 11 1.084E-05 3.968E+01 12 2.495E-05 1.222E+01
13 3.703E-04 4.003E+00 14 1.008E-06 1.000E+02 15 7.543E-06 4.293E+01 16 1.781E-03 1.113E+00 17 1.829E-05 3.262E+01
19 3.664E-04 2.409E+01 20 1.239E-02 3.459E+00 23 2.315E-02 2.557E-01 24 2.998E-04 8.996E-01 25 4.345E-09 1.000E+02
26 5.842E-03 4.002E-01 27 1.789E-03 4.420E-01
174  20
 1 1.231E-05 8.062E+01  2 2.366E-03 1.265E+00  3 6.176E-05 1.592E+01  4 1.781E-03 2.134E+01  6 2.557E-05 3.455E+01
 7 8.123E-07 5.014E+01  8 4.220E-07 1.000E+02 10 1.101E-04 1.516E+01 11 8.787E-06 3.450E+01 12 2.209E-05 1.065E+01
13 3.281E-04 3.874E+00 15 5.795E-05 4.392E+01 16 1.728E-03 1.207E+00 17 1.455E-05 3.483E+01 19 2.433E-04 1.902E+01
20 1.045E-02 5.183E+00 23 2.331E-02 2.744E-01 24 2.677E-04 8.046E-01 26 5.934E-03 4.468E-01 27 1.792E-03 4.672E-01
175  20
 1 1.205E-05 7.922E+01  2 2.678E-03 1.657E+00  3 5.471E-05 1.467E+01  4 1.817E-03 2.070E+01  6 1.247E-05 4.602E+01
 7 7.498E-07 5.020E+01 10 9.061E-05 1.144E+01 11 8.752E-06 3.907E+01 12 2.686E-05 1.239E+01 13 3.133E-04 3.818E+00
15 1.926E-05 3.816E+01 16 1.724E-03 9.784E-01 17 2.723E-05 2.876E+01 19 2.086E-04 3.486E+01 20 9.357E-03 5.063E+00
22 3.232E-06 1.000E+02 23 2.336E-02 3.072E-01 24 2.448E-04 1.260E+00 26 5.953E-03 4.180E-01 27 1.786E-03 3.982E-01
176  18
 2 3.004E-03 1.548E+00  3 5.136E-05 1.425E+01  4 1.974E-03 1.601E+01  6 1.249E-05 3.643E+01  8 6.497E-07 1.000E+02
10 7.237E-05 1.625E+01 11 2.638E-06 4.541E+01 12 1.643E-05 2.108E+01 13 2.841E-04 4.476E+00 15 1.673E-05 9.549E+01
16 1.732E-03 1.003E+00 17 1.244E-05 4.749E+01 19 2.220E-04 2.261E+01 20 7.537E-03 6.236E+00 23 2.360E-02 2.527E-01
24 2.151E-04 1.386E+00 26 6.024E-03 3.441E-01 27 1.800E-03 4.412E-01
177  20
 2 3.488E-03 1.482E+00  3 6.163E-05 1.870E+01  4 2.110E-03 1.557E+01  5 4.616E-06 1.000E+02  6 2.546E-06 8.343E+01
 7 9.429E-08 1.000E+02  8 1.509E-07 1.000E+02 10 6.803E-05 1.332E+01 11 9.803E-06 6.479E+01 12 1.692E-05 2.021E+01
13 2.717E-04 4.719E+00 15 6.934E-06 6.885E+01 16 1.709E-03 6.440E-01 17 1.848E-05 3.088E+01 19 1.344E-04 3.779E+01
20 6.774E-03 5.807E+00 23 2.362E-02 2.814E-01 24 2.003E-04 1.459E+00 26 6.050E-03 4.878E-01 27 1.789E-03 5.012E-01
178  22
 1 1.133E-05 1.000E+02  2 3.971E-03 1.412E+00  3 6.641E-05 1.437E+01  4 4.014E-03 1.479E+01  5 7.124E-06 7.742E+01
 6 1.007E-05 4.463E+01  7 1.370E-06 5.216E+01  8 7.018E-07 9.262E+01  9 1.410E-06 1.000E+02 10 6.124E-05 1.791E+01
11 5.956E-06 4.783E+01 12 1.763E-05 1.505E+01 13 2.286E-04 5.409E+00 15 1.655E-05 6.233E+01 16 1.708E-03 1.117E+00
17 6.558E-06 4.326E+01 19 1.575E-04 3.033E+01 20 5.544E-03 8.014E+00 23 2.391E-02 3.036E-01 24 1.820E-04 1.301E+00
26 6.199E-03 4.572E-01 27 1.816E-03 4.704E-01
179  19
 1 2.961E-05 1.000E+02  2 4.556E-03 1.321E+00  3 3.740E-05 1.945E+01  4 4.005E-03 1.110E+01  6 7.236E-06 4.893E+01
 7 5.032E-07 1.000E+02 10 6.090E-05 1.894E+01 11 1.349E-06 5.438E+01 12 1.644E-05 2.030E+01 13 2.207E-04 4.859E+00
15 1.640E-05 4.730E+01 16 1.679E-03 1.104E+00 17 2.577E-05 4.300E+01 19 1.803E-04 2.471E+01 20 5.206E-03 5.247E+00
23 2.397E-02 3.300E-01 24 1.625E-04 1.505E+00 26 6.243E-03 5.127E-01 27 1.807E-03 5.387E-01
180  19
 1 2.312E-06 1.000E+02  2 5.211E-03 1.098E+00  3 5.002E-05 1.650E+01  4 3.909E-03 1.246E+01  6 3.623E-06 5.517E+01
 7 6.906E-08 1.000E+02 10 5.353E-05 1.134E+01 11 4.117E-06 4.729E+01 12 1.404E-05 2.890E+01 13 1.934E-04 5.101E+00
15 3.638E-06 6.226E+01 16 1.678E-03 1.046E+00 17 1.749E-05 3.673E+01 19 2.009E-04 2.814E+01 20 5.038E-03 8.328E+00
23 2.409E-02 2.608E-01 24 1.462E-04 1.612E+00 26 6.336E-03 5.058E-01 27 1.811E-03 5.567E-01
181  19
 2 6.127E-03 9.857E-01  3 4.897E-05 2.059E+01  4 5.260E-03 1.078E+01  6 4.328E-06 6.363E+01  7 8.746E-08 1.000E+02
 8 1.370E-07 1.000E+02 10 5.097E-05 1.887E+01 11 6.380E-06 4.757E+01 12 7.588E-06 1.847E+01 13 1.772E-04 5.703E+00
15 1.238E-05 7.286E+01 16 1.660E-03 1.345E+00 17 2.430E-06 8.525E+01 19 1.293E-04 3.603E+01 20 3.862E-03 7.338E+00
23 2.440E-02 2.113E-01 24 1.330E-04 1.331E+00 26 6.540E-03 3.441E-01 27 1.846E-03 4.621E-01
182  19
 1 1.167E-05 6.938E+01  2 7.112E-03 9.316E-01  3 3.245E-05 1.998E+01  4 6.423E-03 9.060E+00  6 7.828E-07 1.000E+02
 8 6.123E-07 1.000E+02 10 3.961E-05 2.174E+01 11 1.579E-06 7.358E+01 12 9.215E-06 2.414E+01 13 1.454E-04 4.593E+00
15 9.109E-06 7.629E+01 16 1.669E-03 9.346E-01 17 1.386E-05 5.575E+01 19 6.323E-05 3.819E+01 20 3.329E-03 8.715E+00
23 2.450E-02 2.594E-01 24 1.195E-04 1.246E+00 26 6.748E-03 3.945E-01 27 1.778E-03 4.293E-01
183  20
 1 6.694E-06 1.000E+02  2 8.649E-03 9.589E-01  3 3.915E-05 2.970E+01  4 9.087E-03 9.988E+00  6 2.303E-06 5.899E+01
 7 3.508E-08 1.000E+02  8 8.382E-07 1.000E+02 10 2.632E-05 1.999E+01 11 2.315E-06 7.575E+01 12 1.261E-05 1.932E+01
13 1.361E-04 5.023E+00 15 4.566E-06 7.602E+01 16 1.655E-03 9.223E-01 17 1.222E-05 5.730E+01 19 1.211E-04 2.606E+01
20 2.663E-03 1.012E+01 23 2.478E-02 2.421E-01 24 1.087E-04 1.314E+00 26 7.200E-03 3.432E-01 27 1.875E-03 3.588E-01
184  20
 1 8.718E-07 1.000E+02  2 1.139E-02 6.004E-01  3 3.583E-05 2.685E+01  4 1.099E-02 7.084E+00  6 1.060E-05 4.383E+01
 7 7.484E-07 9.620E+01  8 4.708E-06 8.966E+01 10 3.251E-05 1.717E+01 11 9.959E-06 4.910E+01 12 1.038E-05 1.807E+01
13 1.247E-04 5.812E+00 15 9.846E-07 8.851E+01 16 1.625E-03 8.856E-01 17 1.836E-05 4.797E+01 19 3.122E-05 6.853E+01
20 2.666E-03 1.360E+01 23 2.497E-02 2.325E-01 24 9.648E-05 1.968E+00 26 7.511E-03 2.703E-01 27 1.938E-03 3.363E-01
185  19
 2 1.483E-02 7.199E-01  3 2.648E-05 2.124E+01  4 1.827E-02 7.726E+00  6 1.244E-06 1.000E+02  7 1.113E-06 6.884E+01
 8 1.601E-06 1.000E+02 10 2.664E-05 2.943E+01 11 7.667E-07 1.000E+02 12 6.655E-06 2.255E+01 13 1.081E-04 4.737E+00
15 1.027E-07 1.000E+02 16 1.635E-03 1.077E+00 17 6.201E-06 6.662E+01 19 7.310E-05 4.966E+01 20 2.044E-03 7.696E+00
23 2.539E-02 2.743E-01 24 8.820E-05 1.503E+00 26 7.803E-03 3.186E-01 27 2.012E-03 3.103E-01
186  19
 1 1.871E-06 1.000E+02  2 1.824E-02 6.151E-01  3 1.800E-05 2.669E+01  4 1.531E-01 3.552E+00  6 6.025E-06 6.381E+01
 7 5.063E-07 1.000E+02 10 1.975E-05 1.812E+01 11 1.757E-06 4.610E+01 12 1.072E-05 2.095E+01 13 9.021E-05 6.725E+00
15 4.462E-06 8.890E+01 16 1.534E-03 1.561E+00 17 1.250E-05 6.240E+01 19 1.154E-04 5.364E+01 20 1.805E-03 1.135E+01
23 2.523E-02 2.610E-01 24 7.880E-05 2.311E+00 26 7.753E-03 2.699E-01 27 1.983E-03 3.259E-01
187  19
 2 2.214E-02 6.128E-01  3 2.347E-05 1.793E+01  4 1.688E-01 3.126E+00  6 2.670E-06 6.072E+01  7 9.382E-07 1.000E+02
 8 7.028E-07 1.000E+02 10 2.456E-05 2.309E+01 11 9.762E-07 6.929E+01 12 4.192E-06 2.383E+01 13 9.004E-05 7.315E+00
15 4.746E-06 7.706E+01 16 1.534E-03 8.643E-01 17 7.203E-06 4.818E+01 19 7.238E-05 4.058E+01 20 1.901E-03 9.257E+00
23 2.518E-02 2.586E-01 24 7.060E-05 2.048E+00 26 7.590E-03 3.098E-01 27 1.921E-03 3.279E-01
188  19
 1 2.020E-06 1.000E+02  2 2.619E-02 5.697E-01  3 3.188E-05 3.757E+01  4 1.678E-01 3.339E+00  6 8.204E-06 5.886E+01
 9 2.282E-06 1.000E+02 10 1.365E-05 3.139E+01 11 5.199E-07 1.000E+02 12 4.414E-06 2.176E+01 13 7.120E-05 6.532E+00
15 8.116E-06 6.511E+01 16 1.517E-03 1.262E+00 17 5.828E-06 5.570E+01 19 6.574E-05 3.633E+01 20 1.567E-03 1.218E+01
23 2.494E-02 2.833E-01 24 6.454E-05 2.424E+00 26 7.288E-03 3.435E-01 27 1.823E-03 4.277E-01
189  17
 2 2.959E-02 5.423E-01  3 2.517E-05 2.586E+01  4 1.595E-01 2.025E+00  6 1.180E-06 9.441E+01 10 1.874E-05 3.004E+01
11 1.337E-06 8.910E+01 12 6.599E-06 3.335E+01 13 7.473E-05 6.826E+00 15 8.322E-06 8.389E+01 16 1.518E-03 1.306E+00
17 1.284E-05 6.240E+01 19 8.675E-05 6.684E+01 20 1.259E-03 8.977E+00 23 2.470E-02 2.933E-01 24 5.953E-05 2.054E+00
26 7.017E-03 3.605E-01 27 1.736E-03 3.979E-01
190  20
 1 1.865E-05 1.000E+02  2 3.279E-02 4.771E-01  3 2.597E-05 2.320E+01  4 1.785E-02 5.574E+00  6 3.355E-06 6.094E+01
 7 1.076E-06 1.000E+02 10 1.929E-05 2.841E+01 11 1.743E-06 7.170E+01 12 3.491E-06 3.727E+01 13 5.942E-05 1.085E+01
15 7.946E-06 5.647E+01 16 1.616E-03 1.260E+00 17 3.173E-06 1.000E+02 19 6.901E-05 4.985E+01 20 1.112E-03 1.726E+01
22 4.860E-07 1.000E+02 23 2.445E-02 3.064E-01 24 5.358E-05 2.643E+00 26 6.781E-03 4.013E-01 27 1.666E-03 4.398E-01
191  19
 2 3.531E-02 4.686E-01  3 2.381E-05 2.502E+01  4 1.335E-02 8.071E+00  5 5.219E-06 1.000E+02  6 5.705E-06 1.000E+02
 7 5.536E-08 1.000E+02 10 1.606E-05 4.464E+01 11 2.804E-08 1.000E+02 12 5.228E-06 3.265E+01 13 5.946E-05 8.975E+00
15 7.293E-07 1.000E+02 16 1.621E-03 9.689E-01 17 5.882E-06 9.532E+01 19 2.251E-05 7.021E+01 20 8.429E-04 1.732E+01
23 2.438E-02 2.306E-01 24 5.104E-05 2.677E+00 26 6.744E-03 3.160E-01 27 1.655E-03 3.905E-01
192  18
 1 7.396E-06 1.000E+02  2 3.708E-02 4.442E-01  3 9.364E-06 3.774E+01  4 9.505E-03 9.365E+00  6 2.384E-06 8.010E+01
 7 2.948E-08 1.000E+02 10 1.313E-05 3.394E+01 12 1.302E-06 4.266E+01 13 4.830E-05 9.711E+00 15 1.404E-06 1.000E+02
16 1.586E-03 8.731E-01 17 2.221E-07 1.000E+02 19 6.914E-05 4.862E+01 20 9.278E-04 1.477E+01 23 2.437E-02 2.734E-01
24 4.463E-05 2.350E+00 26 6.774E-03 3.742E-01 27 1.663E-03 4.361E-01
193  17
 2 3.833E-02 4.476E-01  3 1.768E-05 3.122E+01  4 6.406E-03 8.457E+00  6 4.729E-07 1.000E+02 10 1.126E-05 2.692E+01
11 4.018E-07 1.000E+02 12 5.256E-06 3.287E+01 13 5.123E-05 8.460E+00 15 5.666E-06 1.000E+02 16 1.604E-03 1.075E+00
17 9.012E-07 1.000E+02 19 1.605E-05 7.787E+01 20 7.490E-04 1.864E+01 23 2.419E-02 2.617E-01 24 4.314E-05 3.658E+00
26 6.697E-03 3.509E-01 27 1.640E-03 4.107E-01
194  17
 2 3.861E-02 3.702E-01  3 1.516E-05 4.164E+01  4 5.986E-03 1.216E+01  6 4.093E-06 1.000E+02 10 1.588E-05 2.478E+01
11 1.501E-06 1.000E+02 12 3.570E-06 4.426E+01 13 4.347E-05 1.035E+01 15 6.320E-06 6.194E+01 16 1.596E-03 1.018E+00
17 3.398E-06 8.555E+01 19 1.071E-05 5.593E+01 20 6.633E-04 1.757E+01 23 2.394E-02 2.279E-01 24 3.825E-05 2.481E+00
26 6.643E-03 2.958E-01 27 1.629E-03 3.113E-01
195  19
 1 1.320E-05 1.000E+02  2 3.859E-02 3.333E-01  3 1.990E-05 2.688E+01  4 4.578E-03 1.130E+01  6 2.836E-06 5.267E+01
 7 1.031E-08 1.000E+02 10 6.033E-06 3.130E+01 11 2.138E-06 1.000E+02 12 2.233E-06 3.630E+01 13 4.478E-05 1.011E+01
15 5.676E-06 7.562E+01 16 1.593E-03 9.459E-01 17 6.702E-06 6.931E+01 20 4.934E-04 1.607E+01 22 3.227E-07 1.000E+02
23 2.376E-02 2.473E-01 24 3.584E-05 2.914E+00 26 6.601E-03 3.107E-01 27 1.618E-03 3.225E-01
196  20
 1 6.367E-07 1.000E+02  2 3.784E-02 4.100E-01  3 2.204E-05 2.815E+01  4 4.783E-03 1.016E+01  6 1.795E-06 1.000E+02
 7 6.716E-08 1.000E+02  8 1.603E-06 9.647E+01 10 7.657E-06 3.621E+01 11 5.516E-08 1.000E+02 12 1.801E-06 3.604E+01
13 3.485E-05 1.156E+01 15 5.205E-06 7.082E+01 16 1.603E-03 8.077E-01 17 3.572E-06 1.000E+02 19 6.797E-06 7.177E+01
20 5.354E-04 1.563E+01 23 2.336E-02 2.408E-01 24 3.157E-05 2.909E+00 26 6.522E-03 3.439E-01 27 1.599E-03 3.878E-01
197  17
 2 3.639E-02 4.860E-01  3 7.292E-06 4.713E+01  4 3.332E-03 1.585E+01  6 2.433E-06 1.000E+02  7 3.666E-07 1.000E+02
10 9.158E-06 3.237E+01 12 3.466E-06 5.856E+01 13 3.022E-05 9.590E+00 15 1.624E-07 1.000E+02 16 1.585E-03 7.561E-01
17 5.439E-06 6.882E+01 19 9.090E-06 8.355E+01 20 3.517E-04 2.363E+01 23 2.275E-02 2.900E-01 24 2.846E-05 2.589E+00
26 6.423E-03 4.309E-01 27 1.575E-03 4.604E-01
198  15
 2 3.488E-02 4.119E-01  3 1.964E-06 6.186E+01  4 2.487E-03 1.587E+01  6 3.324E-06 1.000E+02 10 5.713E-06 3.776E+01
12 3.328E-06 4.443E+01 13 2.482E-05 1.534E+01 16 1.603E-03 9.404E-01 17 3.840E-06 1.000E+02 19 3.661E-05 6.633E+01
20 2.867E-04 2.006E+01 23 2.225E-02 2.463E-01 24 2.429E-05 3.421E+00 26 6.378E-03 3.083E-01 27 1.571E-03 3.359E-01
199  15
 2 3.236E-02 4.664E-01  3 4.523E-06 5.963E+01  4 1.965E-03 1.617E+01 10 8.140E-06 4.284E+01 12 1.543E-06 5.320E+01
13 3.130E-05 1.234E+01 15 5.289E-06 9.454E+01 16 1.582E-03 1.115E+00 17 1.839E-06 7.060E+01 19 3.111E-05 7.053E+01
20 6.206E-04 1.641E+01 23 2.136E-02 2.396E-01 24 2.128E-05 4.227E+00 26 6.233E-03 4.033E-01 27 1.539E-03 4.530E-01
200  16
 1 5.779E-07 1.000E+02  2 2.982E-02 4.960E-01  3 6.291E-06 2.724E+01  4 1.275E-03 1.991E+01  6 2.820E-06 1.000E+02
10 5.177E-06 3.715E+01 11 1.430E-07 1.000E+02 12 7.196E-07 6.341E+01 13 2.059E-05 1.279E+01 16 1.619E-03 1.021E+00
17 2.446E-07 1.000E+02 20 2.538E-04 2.558E+01 23 2.056E-02 2.624E-01 24 1.884E-05 4.558E+00 26 6.138E-03 3.308E-01
27 1.522E-03 3.589E-01
201  16
 1 2.204E-06 1.000E+02  2 2.693E-02 3.972E-01  3 2.660E-06 4.989E+01  4 1.642E-03 1.971E+01  5 1.907E-05 1.000E+02
10 5.503E-06 3.976E+01 12 1.233E-06 4.684E+01 13 1.250E-05 1.620E+01 16 1.638E-03 9.275E-01 17 5.967E-07 1.000E+02
19 1.108E-05 6.466E+01 20 3.205E-04 2.290E+01 23 1.967E-02 2.498E-01 24 1.503E-05 3.980E+00 26 6.053E-03 3.906E-01
27 1.513E-03 4.223E-01
202  16
 2 2.330E-02 4.162E-01  3 8.836E-07 9.121E+01  4 1.223E-03 2.509E+01  7 5.094E-08 1.000E+02 10 3.732E-06 5.781E+01
11 5.336E-07 1.000E+02 12 1.080E-06 5.585E+01 13 1.124E-05 1.226E+01 15 8.533E-07 1.000E+02 16 1.650E-03 1.143E+00
19 6.258E-05 6.846E+01 20 2.297E-04 3.189E+01 23 1.844E-02 2.444E-01 24 1.312E-05 3.932E+00 26 5.849E-03 3.136E-01
27 1.469E-03 3.179E-01
203  15
 2 1.936E-02 6.006E-01  3 1.066E-06 5.194E+01  4 1.615E-03 1.742E+01 10 3.197E-06 6.450E+01 11 7.066E-07 1.000E+02
12 6.639E-07 5.322E+01 13 1.453E-05 1.450E+01 16 1.643E-03 9.708E-01 17 7.561E-07 1.000E+02 19 5.754E-06 7.050E+01
20 1.902E-04 3.024E+01 23 1.707E-02 2.707E-01 24 1.015E-05 4.561E+00 26 5.639E-03 3.934E-01 27 1.430E-03 4.376E-01
204  14
 2 1.468E-02 7.369E-01  3 1.273E-06 4.887E+01  4 5.218E-04 2.204E+01 10 8.358E-06 5.084E+01 12 1.074E-06 5.091E+01
13 8.698E-06 1.598E+01 15 2.935E-06 1.000E+02 16 1.685E-03 8.633E-01 19 9.590E-06 9.479E+01 20 1.959E-04 2.077E+01
23 1.536E-02 2.669E-01 24 8.298E-06 3.981E+00 26 5.318E-03 2.957E-01 27 1.365E-03 3.139E-01
205  15
 2 9.858E-03 5.390E-01  3 3.113E-06 5.288E+01  4 7.017E-04 2.829E+01  6 1.862E-06 7.157E+01  9 5.695E-07 1.000E+02
10 2.932E-07 1.000E+02 12 8.806E-08 9.061E+01 13 7.506E-06 2.093E+01 16 1.634E-03 9.465E-01 19 6.375E-07 1.000E+02
20 1.109E-04 3.026E+01 23 1.339E-02 2.669E-01 24 6.474E-06 5.284E+00 26 4.908E-03 3.566E-01 27 1.279E-03 3.978E-01
206  17
 2 5.761E-03 8.721E-01  3 1.395E-06 7.989E+01  4 2.784E-04 2.722E+01  6 2.031E-06 1.000E+02  7 3.265E-08 1.000E+02
 8 8.915E-08 1.000E+02 10 1.892E-06 4.325E+01 11 1.205E-06 1.000E+02 12 2.074E-07 6.042E+01 13 5.998E-06 2.038E+01
16 1.678E-03 6.110E-01 19 9.645E-06 6.883E+01 20 8.553E-05 4.008E+01 23 1.072E-02 3.198E-01 24 4.494E-06 6.247E+00
26 3.973E-03 3.340E-01 27 1.045E-03 3.558E-01
207  16
 2 3.413E-03 9.055E-01  3 3.977E-07 9.505E+01  4 2.719E-04 3.452E+01  6 7.104E-07 7.213E+01  8 5.699E-08 1.000E+02
10 2.202E-06 7.043E+01 12 5.693E-07 5.188E+01 13 2.217E-06 2.866E+01 15 3.398E-07 1.000E+02 16 1.747E-03 5.062E-01
17 8.716E-07 1.000E+02 20 3.921E-05 3.178E+01 23 6.575E-03 3.759E-01 24 2.905E-06 7.298E+00 26 2.027E-03 5.885E-01
27 5.132E-04 6.051E-01
208  11
 2 1.189E-03 1.337E+00  3 2.239E-07 7.653E+01  4 4.406E-05 6.732E+01 10 4.263E-07 6.821E+01 13 5.776E-07 3.961E+01
16 1.480E-03 3.777E-01 20 1.613E-05 4.260E+01 23 2.116E-03 4.507E-01 24 8.927E-07 1.013E+01 26 3.686E-04 7.645E-01
27 8.088E-05 8.192E-01