
    ORGAN DOSE CONVERSION FACTORS FOR AN ADULT HERMAPHRODITE
    CALCULATED FOR A VARIETY OF CT SCANNERS AND CONDITIONS.
    VALUES ARE GIVEN FOR 208 5 MM SLICES SPANNING THE BODY
    FROM 100 MM BELOW THE BOTTOM OF THE TRUNK TO THE TOP OF THE HEAD.

                     ORGANS OR REGIONS
 1 ADRENALS              10 HEART                  19 THYMUS                   
 2 BRAIN                 11 KIDNEYS                20 THYROID                  
 3 BREASTS               12 LIVER                  21 URINARY BLADDER          
 4 EYE LENSES            13 LUNGS                  22 UTERUS                   
 5 GALL BLADDER          14 OVARIES                23 HEAD REGION              
 6 STOMACH               15 PANCREAS               24 TRUNK REGION             
 7 SMALL INTESTINE       16 SKIN                   25 LEG REGION               
 8 UPPER LARGE INTESTINE 17 SPLEEN                 26 SKELETON                 
 9 LOWER LARGE INTESTINE 18 TESTICLES              27 RED MARROW               

 23 PHILIPS TOMOSCAN LX: SHAPED FILTER (ALUMINIUM)
    FOCUS TO AXIS DISTANCE IS 606 MM
    FAN ANGLE COVERS FULL WIDTH OF TRUNK
    X-RAY SPECTRUM HAS MAXIMUM ENERGY OF 130 KEV
    INITIAL FILTRATION IS 1.4 MM OF ALUMINIUM AND 0.1 MM OF COPPER

    CONVERSION FACTORS AND STATISTICAL UNCERTAINTIES(%) FOR ORGANS IN EACH SLICE
  1  20
 3 3.042E-07 9.435E+01  5 1.101E-05 1.000E+02  6 6.508E-07 8.944E+01  7 3.382E-05 2.450E+01  8 2.177E-05 2.986E+01
 9 5.794E-04 7.925E+00 10 2.905E-06 1.000E+02 11 3.410E-07 6.970E+01 12 1.270E-06 5.385E+01 13 5.590E-09 1.000E+02
14 1.862E-04 5.054E+01 15 1.672E-07 1.000E+02 16 2.283E-03 9.561E-01 18 2.709E-03 7.433E+00 21 4.718E-04 1.271E+01
22 2.139E-04 2.431E+01 24 1.311E-04 2.360E+00 25 7.492E-03 3.347E-01 26 4.164E-03 7.094E-01 27 4.160E-04 9.969E-01
  2  18
 5 2.480E-05 1.000E+02  6 1.043E-05 7.105E+01  7 3.671E-05 1.986E+01  8 3.029E-05 2.997E+01  9 7.190E-04 6.357E+00
11 6.815E-06 7.381E+01 12 2.177E-06 7.202E+01 13 1.123E-06 1.000E+02 14 3.087E-05 6.404E+01 15 8.825E-08 1.000E+02
16 2.311E-03 1.085E+00 18 2.829E-03 8.289E+00 21 6.551E-04 1.499E+01 22 2.184E-04 2.337E+01 24 1.469E-04 2.118E+00
25 7.507E-03 3.110E-01 26 4.178E-03 7.728E-01 27 4.382E-04 1.243E+00
  3  22
 1 2.892E-05 1.000E+02  3 2.391E-06 8.408E+01  5 4.594E-06 1.000E+02  6 1.463E-06 1.000E+02  7 4.510E-05 1.304E+01
 8 3.780E-05 1.710E+01  9 6.831E-04 7.632E+00 10 3.482E-07 1.000E+02 11 6.029E-06 7.138E+01 12 4.344E-06 3.494E+01
13 7.645E-09 1.000E+02 14 1.808E-04 3.721E+01 15 9.494E-07 7.966E+01 16 2.279E-03 1.201E+00 17 2.812E-06 8.641E+01
18 3.494E-03 8.770E+00 21 7.217E-04 1.549E+01 22 1.696E-04 2.346E+01 24 1.566E-04 1.917E+00 25 7.485E-03 3.291E-01
26 4.161E-03 7.332E-01 27 4.601E-04 8.592E-01
  4  16
 3 1.636E-08 1.000E+02  7 5.373E-05 1.440E+01  8 4.198E-05 3.170E+01  9 8.706E-04 8.315E+00 11 1.134E-06 9.462E+01
12 2.967E-06 7.427E+01 14 6.439E-05 6.037E+01 15 2.563E-06 1.000E+02 16 2.292E-03 7.031E-01 18 3.474E-03 8.626E+00
21 5.692E-04 1.178E+01 22 1.383E-04 2.232E+01 24 1.801E-04 1.541E+00 25 7.514E-03 3.191E-01 26 4.205E-03 6.790E-01
27 4.825E-04 1.116E+00
  5  20
 3 1.342E-07 1.000E+02  5 9.234E-07 1.000E+02  6 5.433E-06 7.836E+01  7 5.479E-05 1.785E+01  8 3.286E-05 2.815E+01
 9 8.769E-04 6.121E+00 11 8.293E-07 9.693E+01 12 2.364E-06 3.777E+01 13 3.231E-06 7.618E+01 14 1.736E-04 5.317E+01
15 1.147E-05 1.000E+02 16 2.278E-03 1.352E+00 17 2.524E-06 9.227E+01 18 3.814E-03 7.445E+00 21 6.771E-04 1.349E+01
22 2.026E-04 1.903E+01 24 1.991E-04 1.078E+00 25 7.467E-03 3.324E-01 26 4.138E-03 5.584E-01 27 4.955E-04 9.718E-01
  6  17
 3 4.371E-06 8.819E+01  6 6.027E-06 6.276E+01  7 7.036E-05 1.358E+01  8 4.487E-05 1.866E+01  9 1.049E-03 4.313E+00
11 7.516E-07 7.031E+01 12 2.577E-06 4.866E+01 14 1.555E-04 6.129E+01 16 2.283E-03 1.093E+00 17 1.352E-06 1.000E+02
18 4.757E-03 6.768E+00 21 7.779E-04 1.095E+01 22 2.370E-04 2.154E+01 24 2.245E-04 1.019E+00 25 7.504E-03 3.184E-01
26 4.189E-03 5.817E-01 27 5.225E-04 9.748E-01
  7  20
 3 4.876E-06 7.075E+01  6 4.215E-06 9.563E+01  7 5.845E-05 1.386E+01  8 6.065E-05 1.841E+01  9 1.087E-03 6.771E+00
10 7.165E-08 1.000E+02 11 3.242E-06 9.607E+01 12 2.903E-06 5.026E+01 13 4.859E-08 1.000E+02 14 3.198E-04 4.611E+01
15 8.777E-06 1.000E+02 16 2.302E-03 1.094E+00 17 1.511E-06 1.000E+02 18 4.642E-03 6.112E+00 21 7.438E-04 1.154E+01
22 4.665E-04 2.275E+01 24 2.518E-04 1.311E+00 25 7.507E-03 3.304E-01 26 4.096E-03 5.966E-01 27 5.294E-04 1.074E+00
  8  20
 1 8.111E-07 1.000E+02  3 4.529E-06 1.000E+02  6 1.646E-06 9.455E+01  7 6.731E-05 9.621E+00  8 6.707E-05 2.214E+01
 9 1.125E-03 6.232E+00 10 9.518E-07 1.000E+02 11 3.942E-06 6.710E+01 12 7.356E-06 3.999E+01 14 1.256E-04 4.142E+01
15 6.578E-06 1.000E+02 16 2.359E-03 1.011E+00 17 1.966E-06 1.000E+02 18 5.256E-03 6.559E+00 21 1.031E-03 1.204E+01
22 3.452E-04 1.769E+01 24 2.792E-04 1.197E+00 25 7.491E-03 3.186E-01 26 4.137E-03 5.729E-01 27 5.487E-04 1.195E+00
  9  18
 3 3.546E-06 7.359E+01  5 1.746E-06 1.000E+02  6 1.084E-05 5.461E+01  7 9.201E-05 8.597E+00  8 4.679E-05 2.594E+01
 9 1.235E-03 4.271E+00 11 1.418E-06 7.825E+01 12 2.351E-06 4.002E+01 13 5.538E-08 7.959E+01 14 4.491E-04 3.468E+01
16 2.266E-03 1.208E+00 18 5.471E-03 6.280E+00 21 1.380E-03 8.596E+00 22 4.216E-04 1.890E+01 24 3.136E-04 1.136E+00
25 7.466E-03 3.127E-01 26 4.148E-03 6.151E-01 27 5.760E-04 1.139E+00
 10  20
 3 1.906E-06 6.080E+01  5 1.884E-05 1.000E+02  6 3.002E-06 7.968E+01  7 8.930E-05 1.071E+01  8 6.887E-05 2.249E+01
 9 1.539E-03 4.170E+00 11 1.301E-05 7.127E+01 12 1.846E-06 3.103E+01 13 5.295E-07 1.000E+02 14 1.452E-04 5.232E+01
15 6.144E-06 1.000E+02 16 2.369E-03 1.267E+00 17 4.174E-06 9.699E+01 18 6.393E-03 5.269E+00 21 1.183E-03 1.000E+01
22 3.910E-04 1.927E+01 24 3.573E-04 1.653E+00 25 7.456E-03 3.454E-01 26 4.089E-03 7.000E-01 27 5.886E-04 1.039E+00
 11  21
 3 2.296E-06 1.000E+02  5 4.289E-07 1.000E+02  6 8.734E-06 5.985E+01  7 1.053E-04 1.035E+01  8 6.250E-05 2.294E+01
 9 1.679E-03 5.242E+00 10 1.827E-06 7.478E+01 11 8.373E-06 4.771E+01 12 4.161E-06 3.834E+01 13 6.607E-07 6.959E+01
14 6.978E-04 3.215E+01 15 3.934E-06 9.314E+01 16 3.007E-03 9.375E-01 17 9.590E-07 7.025E+01 18 1.021E-02 5.239E+00
21 1.195E-03 1.000E+01 22 4.845E-04 1.742E+01 24 3.918E-04 1.082E+00 25 7.349E-03 2.750E-01 26 3.961E-03 8.547E-01
27 5.941E-04 1.332E+00
 12  21
 3 6.388E-06 7.141E+01  5 2.804E-05 7.012E+01  6 2.524E-06 9.715E+01  7 1.216E-04 8.784E+00  8 1.097E-04 1.961E+01
 9 1.776E-03 3.719E+00 10 2.912E-07 1.000E+02 11 1.195E-05 4.236E+01 12 2.050E-06 3.753E+01 13 2.538E-08 1.000E+02
14 2.651E-04 3.645E+01 15 8.903E-06 6.962E+01 16 2.452E-03 1.075E+00 17 4.003E-07 1.000E+02 18 2.509E-02 2.199E+00
21 1.589E-03 1.208E+01 22 6.566E-04 1.493E+01 24 4.434E-04 1.043E+00 25 7.223E-03 3.214E-01 26 3.810E-03 6.153E-01
27 6.055E-04 1.265E+00
 13  20
 3 1.076E-05 5.961E+01  5 4.383E-05 8.969E+01  6 5.974E-06 6.630E+01  7 1.440E-04 8.668E+00  8 1.089E-04 1.889E+01
 9 1.940E-03 5.464E+00 11 1.539E-05 5.216E+01 12 7.270E-06 3.113E+01 13 1.024E-06 5.748E+01 14 2.731E-04 3.101E+01
15 4.104E-06 5.807E+01 16 2.509E-03 8.486E-01 17 2.950E-06 9.925E+01 18 4.467E-02 2.918E+00 21 1.850E-03 9.902E+00
22 6.098E-04 9.146E+00 24 5.048E-04 9.107E-01 25 7.167E-03 3.569E-01 26 3.738E-03 8.538E-01 27 6.274E-04 1.262E+00
 14  21
 3 6.598E-06 4.626E+01  5 8.328E-05 8.791E+01  6 2.039E-05 4.394E+01  7 1.305E-04 8.257E+00  8 1.061E-04 1.541E+01
 9 2.191E-03 4.250E+00 10 2.617E-06 7.129E+01 11 9.563E-06 5.650E+01 12 4.525E-06 4.370E+01 13 1.610E-06 6.228E+01
14 2.218E-04 5.301E+01 15 1.127E-05 6.847E+01 16 2.507E-03 9.111E-01 17 7.310E-06 5.989E+01 18 5.553E-02 1.717E+00
21 1.927E-03 7.731E+00 22 6.504E-04 1.342E+01 24 5.701E-04 1.130E+00 25 7.140E-03 2.928E-01 26 3.791E-03 6.629E-01
27 6.621E-04 1.123E+00
 15  22
 3 8.526E-06 7.530E+01  5 1.917E-06 1.000E+02  6 5.060E-06 8.397E+01  7 1.587E-04 7.329E+00  8 1.452E-04 1.241E+01
 9 2.511E-03 3.944E+00 10 4.564E-07 1.000E+02 11 1.247E-05 3.256E+01 12 7.313E-06 3.124E+01 13 2.115E-06 7.795E+01
14 5.510E-04 4.380E+01 15 4.161E-06 9.466E+01 16 2.456E-03 7.228E-01 17 1.504E-06 7.213E+01 18 6.271E-02 2.038E+00
21 1.983E-03 6.107E+00 22 5.814E-04 1.181E+01 23 5.679E-08 1.000E+02 24 6.364E-04 7.476E-01 25 6.987E-03 3.342E-01
26 3.729E-03 6.263E-01 27 7.144E-04 1.346E+00
 16  22
 1 1.719E-06 1.000E+02  3 1.623E-05 3.633E+01  5 5.108E-06 9.316E+01  6 1.735E-05 5.269E+01  7 1.772E-04 8.624E+00
 8 1.626E-04 1.369E+01  9 2.937E-03 4.200E+00 10 1.290E-06 8.733E+01 11 8.641E-06 5.150E+01 12 7.831E-06 3.171E+01
13 1.172E-06 5.235E+01 14 3.717E-04 3.967E+01 15 2.236E-05 7.834E+01 16 2.477E-03 1.186E+00 17 3.525E-06 7.391E+01
18 6.798E-02 2.105E+00 21 2.464E-03 7.885E+00 22 9.354E-04 1.114E+01 24 7.239E-04 9.566E-01 25 6.857E-03 3.439E-01
26 3.641E-03 8.315E-01 27 7.438E-04 1.120E+00
 17  21
 1 1.171E-06 1.000E+02  3 1.619E-05 3.765E+01  5 1.667E-05 6.993E+01  6 2.598E-05 5.002E+01  7 1.904E-04 7.108E+00
 8 1.741E-04 1.063E+01  9 3.359E-03 4.739E+00 10 2.841E-06 9.610E+01 11 1.639E-05 3.662E+01 12 1.116E-05 2.439E+01
13 3.828E-07 8.151E+01 14 7.801E-04 3.349E+01 16 2.430E-03 1.076E+00 17 8.874E-06 5.832E+01 18 5.986E-02 3.173E+00
21 2.822E-03 7.014E+00 22 7.207E-04 1.088E+01 24 8.320E-04 5.964E-01 25 6.677E-03 3.550E-01 26 3.613E-03 8.679E-01
27 7.980E-04 1.738E+00
 18  20
 3 1.367E-05 5.027E+01  5 5.537E-05 9.273E+01  6 2.278E-05 4.667E+01  7 2.329E-04 7.423E+00  8 1.462E-04 1.460E+01
 9 3.140E-03 4.104E+00 10 1.741E-07 1.000E+02 11 2.077E-05 3.398E+01 12 1.423E-05 2.131E+01 13 1.797E-06 7.104E+01
14 7.769E-04 2.079E+01 16 2.445E-03 9.118E-01 17 9.447E-06 4.845E+01 18 5.350E-02 2.853E+00 21 3.238E-03 6.388E+00
22 1.014E-03 1.036E+01 24 9.410E-04 7.695E-01 25 6.428E-03 3.813E-01 26 3.518E-03 7.874E-01 27 8.555E-04 1.362E+00
 19  22
 1 1.172E-05 9.801E+01  3 1.447E-05 4.032E+01  5 2.213E-06 1.000E+02  6 1.283E-05 4.210E+01  7 2.644E-04 6.103E+00
 8 2.178E-04 1.257E+01  9 3.788E-03 4.199E+00 10 2.764E-06 4.484E+01 11 2.045E-05 3.703E+01 12 1.187E-05 1.893E+01
13 2.673E-06 5.827E+01 14 1.018E-03 2.142E+01 15 9.981E-06 7.491E+01 16 2.414E-03 7.227E-01 17 8.334E-06 6.639E+01
18 3.788E-02 2.520E+00 21 3.371E-03 6.958E+00 22 8.498E-04 1.143E+01 24 1.084E-03 8.161E-01 25 6.142E-03 3.169E-01
26 3.379E-03 8.532E-01 27 8.934E-04 1.374E+00
 20  20
 3 8.208E-06 4.185E+01  6 3.700E-05 4.207E+01  7 2.809E-04 6.671E+00  8 1.980E-04 1.142E+01  9 5.011E-03 3.513E+00
10 1.326E-06 9.915E+01 11 4.812E-05 2.934E+01 12 1.515E-05 1.947E+01 13 1.816E-06 5.160E+01 14 9.543E-04 3.057E+01
15 5.484E-06 7.934E+01 16 2.386E-03 1.052E+00 17 2.318E-05 6.621E+01 18 2.369E-02 2.881E+00 21 4.107E-03 7.088E+00
22 1.256E-03 8.481E+00 24 1.289E-03 5.858E-01 25 5.730E-03 3.138E-01 26 3.245E-03 6.954E-01 27 9.548E-04 1.631E+00
 21  21
 1 4.689E-05 1.000E+02  3 7.115E-06 6.454E+01  5 3.365E-05 6.958E+01  6 2.370E-05 3.618E+01  7 3.246E-04 5.664E+00
 8 2.028E-04 9.998E+00  9 6.755E-03 2.527E+00 11 1.529E-05 3.592E+01 12 9.296E-06 2.941E+01 13 1.901E-06 4.689E+01
14 1.524E-03 2.290E+01 15 2.406E-05 5.634E+01 16 1.983E-03 9.553E-01 17 2.086E-05 5.244E+01 18 1.298E-02 5.471E+00
21 4.335E-03 6.422E+00 22 1.174E-03 7.231E+00 24 2.846E-03 3.146E-01 25 2.635E-03 5.605E-01 26 2.957E-03 8.397E-01
27 1.485E-03 1.695E+00
 22  22
 1 4.162E-06 8.816E+01  3 1.628E-06 7.453E+01  5 4.289E-05 9.016E+01  6 4.042E-05 3.450E+01  7 3.285E-04 6.023E+00
 8 2.863E-04 1.189E+01  9 6.926E-03 2.911E+00 10 8.258E-07 6.693E+01 11 1.965E-05 2.801E+01 12 1.652E-05 2.348E+01
13 2.767E-07 1.000E+02 14 1.140E-03 2.357E+01 15 1.212E-05 5.036E+01 16 2.012E-03 1.331E+00 17 6.001E-06 6.631E+01
18 1.079E-02 3.663E+00 21 4.741E-03 3.466E+00 22 1.543E-03 9.525E+00 24 3.068E-03 3.519E-01 25 2.241E-03 5.307E-01
26 2.866E-03 8.304E-01 27 1.597E-03 1.290E+00
 23  21
 3 3.189E-06 7.201E+01  5 3.287E-05 5.158E+01  6 2.528E-05 3.762E+01  7 3.838E-04 5.665E+00  8 3.327E-04 1.016E+01
 9 7.439E-03 3.538E+00 10 7.131E-07 1.000E+02 11 2.524E-05 3.292E+01 12 1.803E-05 1.825E+01 13 2.835E-07 6.986E+01
14 9.065E-04 3.613E+01 15 2.271E-07 5.762E+01 16 1.979E-03 1.003E+00 17 5.854E-06 8.191E+01 18 8.745E-03 4.530E+00
21 5.847E-03 3.936E+00 22 1.716E-03 8.240E+00 24 3.217E-03 3.440E-01 25 1.943E-03 7.606E-01 26 2.778E-03 9.346E-01
27 1.672E-03 1.205E+00
 24  22
 1 1.138E-05 1.000E+02  3 4.157E-06 9.923E+01  5 3.968E-05 7.220E+01  6 3.734E-05 2.777E+01  7 4.094E-04 4.634E+00
 8 3.176E-04 9.710E+00  9 9.346E-03 2.643E+00 10 7.900E-06 7.770E+01 11 2.909E-05 1.974E+01 12 1.820E-05 2.008E+01
13 1.302E-06 5.505E+01 14 1.099E-03 2.105E+01 15 2.272E-05 6.772E+01 16 1.923E-03 1.019E+00 17 2.047E-05 3.414E+01
18 7.348E-03 5.815E+00 21 6.104E-03 3.467E+00 22 1.844E-03 8.185E+00 24 3.312E-03 3.642E-01 25 1.678E-03 7.513E-01
26 2.611E-03 7.617E-01 27 1.654E-03 1.119E+00
 25  21
 3 5.964E-06 4.163E+01  5 9.775E-05 6.425E+01  6 2.206E-05 4.200E+01  7 5.044E-04 6.445E+00  8 3.418E-04 5.989E+00
 9 1.056E-02 2.442E+00 10 2.229E-06 8.117E+01 11 4.268E-05 2.734E+01 12 2.057E-05 3.041E+01 13 8.539E-07 6.833E+01
14 1.466E-03 1.992E+01 15 5.170E-06 6.650E+01 16 1.916E-03 1.158E+00 17 1.130E-05 8.191E+01 18 6.462E-03 4.130E+00
21 6.297E-03 4.803E+00 22 1.867E-03 7.470E+00 24 3.444E-03 3.395E-01 25 1.472E-03 5.415E-01 26 2.566E-03 6.976E-01
27 1.710E-03 1.462E+00
 26  22
 3 1.364E-06 6.883E+01  5 1.361E-05 5.751E+01  6 4.386E-05 3.921E+01  7 5.157E-04 2.994E+00  8 4.305E-04 6.151E+00
 9 1.124E-02 2.534E+00 10 4.974E-06 7.318E+01 11 3.004E-05 3.013E+01 12 2.769E-05 2.034E+01 13 1.493E-06 5.920E+01
14 2.254E-03 2.250E+01 15 3.238E-05 5.076E+01 16 1.925E-03 9.397E-01 17 9.662E-06 4.637E+01 18 5.713E-03 6.312E+00
19 4.874E-06 1.000E+02 21 7.500E-03 3.566E+00 22 2.281E-03 5.966E+00 24 3.541E-03 2.927E-01 25 1.323E-03 6.282E-01
26 2.508E-03 7.653E-01 27 1.760E-03 1.321E+00
 27  21
 3 5.248E-06 6.357E+01  5 4.055E-05 6.961E+01  6 6.003E-05 2.987E+01  7 5.803E-04 4.516E+00  8 4.472E-04 8.480E+00
 9 1.097E-02 2.342E+00 10 2.273E-06 6.208E+01 11 3.306E-05 3.035E+01 12 3.120E-05 1.482E+01 13 2.978E-06 7.820E+01
14 2.533E-03 1.628E+01 15 1.750E-05 7.921E+01 16 1.926E-03 1.278E+00 17 2.419E-05 3.390E+01 18 4.891E-03 7.369E+00
21 8.453E-03 3.361E+00 22 2.434E-03 7.014E+00 24 3.622E-03 3.671E-01 25 1.171E-03 9.267E-01 26 2.520E-03 8.141E-01
27 1.842E-03 1.005E+00
 28  21
 3 3.134E-06 5.001E+01  5 9.929E-05 5.784E+01  6 3.968E-05 2.854E+01  7 6.313E-04 2.961E+00  8 5.158E-04 9.456E+00
 9 1.142E-02 2.274E+00 10 2.124E-06 4.739E+01 11 4.840E-05 1.181E+01 12 2.376E-05 1.575E+01 13 4.849E-06 3.891E+01
14 2.710E-03 1.688E+01 15 3.947E-05 5.484E+01 16 1.874E-03 1.462E+00 17 1.103E-05 4.251E+01 18 4.198E-03 7.075E+00
21 9.416E-03 3.980E+00 22 2.617E-03 6.179E+00 24 3.684E-03 3.536E-01 25 1.037E-03 1.240E+00 26 2.447E-03 8.960E-01
27 1.831E-03 1.103E+00
 29  22
 3 1.484E-06 8.442E+01  5 1.834E-04 5.037E+01  6 6.528E-05 1.896E+01  7 7.288E-04 3.678E+00  8 6.214E-04 4.681E+00
 9 1.084E-02 2.891E+00 10 2.517E-06 4.676E+01 11 4.671E-05 2.160E+01 12 3.170E-05 1.195E+01 13 4.279E-06 5.021E+01
14 2.724E-03 1.570E+01 15 1.408E-05 6.492E+01 16 1.897E-03 1.110E+00 17 1.721E-05 3.980E+01 18 3.407E-03 8.344E+00
19 1.301E-06 1.000E+02 21 1.165E-02 4.153E+00 22 3.350E-03 7.192E+00 24 3.740E-03 3.326E-01 25 9.175E-04 9.448E-01
26 2.432E-03 8.118E-01 27 1.885E-03 1.194E+00
 30  22
 1 4.362E-05 1.000E+02  3 3.367E-06 7.580E+01  5 4.106E-05 5.703E+01  6 6.476E-05 3.323E+01  7 7.664E-04 3.422E+00
 8 5.844E-04 7.642E+00  9 1.007E-02 2.131E+00 10 9.442E-06 4.772E+01 11 5.751E-05 2.127E+01 12 3.408E-05 1.286E+01
13 1.564E-06 3.520E+01 14 2.142E-03 1.867E+01 15 4.801E-05 3.137E+01 16 1.904E-03 1.168E+00 17 2.193E-05 4.946E+01
18 3.357E-03 5.804E+00 21 1.965E-02 3.721E+00 22 3.433E-03 5.900E+00 24 3.798E-03 3.965E-01 25 8.349E-04 1.065E+00
26 2.428E-03 7.234E-01 27 1.939E-03 1.099E+00
 31  22
 1 2.161E-05 5.603E+01  3 1.936E-06 6.410E+01  5 1.359E-04 5.708E+01  6 7.481E-05 2.031E+01  7 8.253E-04 4.162E+00
 8 7.639E-04 5.428E+00  9 9.457E-03 2.377E+00 10 3.271E-06 5.240E+01 11 7.455E-05 1.891E+01 12 2.568E-05 1.453E+01
13 1.175E-06 4.604E+01 14 2.347E-03 1.522E+01 15 8.438E-05 4.878E+01 16 1.867E-03 6.293E-01 17 2.301E-05 4.603E+01
18 3.027E-03 7.837E+00 21 2.492E-02 2.757E+00 22 3.549E-03 4.753E+00 24 3.839E-03 3.004E-01 25 7.629E-04 1.198E+00
26 2.413E-03 9.522E-01 27 1.954E-03 1.194E+00
 32  21
 3 7.034E-07 1.000E+02  5 1.343E-04 7.187E+01  6 6.016E-05 3.125E+01  7 9.197E-04 3.769E+00  8 7.561E-04 9.274E+00
 9 9.358E-03 3.183E+00 10 1.932E-06 8.975E+01 11 7.582E-05 1.842E+01 12 3.533E-05 1.248E+01 13 5.825E-06 3.764E+01
14 3.338E-03 1.032E+01 15 5.184E-05 3.735E+01 16 1.868E-03 8.548E-01 17 6.669E-05 2.628E+01 18 2.517E-03 7.639E+00
21 2.649E-02 2.008E+00 22 4.132E-03 5.972E+00 24 3.896E-03 2.768E-01 25 6.676E-04 8.900E-01 26 2.388E-03 7.635E-01
27 1.971E-03 1.064E+00
 33  23
 1 4.977E-06 1.000E+02  3 3.152E-06 6.579E+01  5 2.939E-04 7.271E+01  6 8.208E-05 2.180E+01  7 1.115E-03 2.652E+00
 8 8.445E-04 4.736E+00  9 9.096E-03 1.617E+00 10 2.682E-06 5.532E+01 11 8.876E-05 1.551E+01 12 4.646E-05 1.524E+01
13 2.105E-06 4.052E+01 14 4.154E-03 1.123E+01 15 3.127E-05 4.714E+01 16 1.823E-03 1.080E+00 17 4.683E-05 2.900E+01
18 2.774E-03 1.381E+01 21 2.810E-02 3.496E+00 22 4.910E-03 6.470E+00 23 2.495E-08 1.000E+02 24 3.929E-03 3.469E-01
25 5.913E-04 1.263E+00 26 2.352E-03 9.319E-01 27 1.973E-03 1.096E+00
 34  23
 1 6.695E-05 8.047E+01  3 2.236E-06 7.529E+01  5 2.597E-04 4.125E+01  6 6.386E-05 2.054E+01  7 1.149E-03 3.353E+00
 8 9.664E-04 6.437E+00  9 8.776E-03 2.518E+00 10 1.502E-05 4.838E+01 11 1.379E-04 1.725E+01 12 5.426E-05 9.902E+00
13 5.254E-06 3.675E+01 14 4.119E-03 1.183E+01 15 5.159E-05 4.050E+01 16 1.816E-03 1.057E+00 17 3.289E-05 4.565E+01
18 2.075E-03 6.831E+00 21 2.765E-02 2.321E+00 22 5.234E-03 5.073E+00 23 5.931E-07 1.000E+02 24 3.956E-03 3.562E-01
25 5.549E-04 1.243E+00 26 2.346E-03 8.454E-01 27 2.002E-03 1.032E+00
 35  22
 1 1.229E-06 1.000E+02  3 8.639E-06 5.569E+01  5 2.562E-04 3.809E+01  6 8.483E-05 2.482E+01  7 1.213E-03 2.817E+00
 8 9.823E-04 4.942E+00  9 8.653E-03 1.806E+00 10 2.274E-06 5.298E+01 11 9.395E-05 1.775E+01 12 5.388E-05 1.251E+01
13 6.435E-06 3.101E+01 14 4.318E-03 1.445E+01 15 4.229E-05 3.960E+01 16 1.804E-03 1.282E+00 17 4.365E-05 4.060E+01
18 2.216E-03 7.513E+00 21 2.895E-02 2.005E+00 22 5.219E-03 4.420E+00 24 4.001E-03 2.865E-01 25 4.976E-04 1.264E+00
26 2.333E-03 8.924E-01 27 2.007E-03 1.380E+00
 36  23
 1 2.723E-05 7.080E+01  3 8.100E-06 4.896E+01  5 7.612E-05 5.925E+01  6 1.500E-04 1.649E+01  7 1.399E-03 3.545E+00
 8 1.195E-03 5.826E+00  9 8.752E-03 2.191E+00 10 5.996E-06 4.748E+01 11 1.161E-04 1.599E+01 12 5.911E-05 9.887E+00
13 6.835E-06 4.222E+01 14 5.148E-03 1.222E+01 15 7.551E-05 2.559E+01 16 1.835E-03 1.225E+00 17 3.563E-05 2.627E+01
18 2.094E-03 1.100E+01 21 2.798E-02 3.621E+00 22 5.842E-03 4.445E+00 23 4.375E-08 1.000E+02 24 4.025E-03 3.174E-01
25 4.438E-04 1.793E+00 26 2.364E-03 8.666E-01 27 2.063E-03 1.116E+00
 37  23
 1 3.529E-05 6.690E+01  3 2.552E-06 6.190E+01  5 1.680E-04 4.160E+01  6 7.788E-05 1.902E+01  7 1.675E-03 2.759E+00
 8 1.340E-03 5.099E+00  9 8.792E-03 2.493E+00 10 6.717E-06 5.603E+01 11 1.064E-04 1.318E+01 12 6.334E-05 7.300E+00
13 6.445E-06 2.477E+01 14 4.601E-03 1.086E+01 15 8.245E-05 2.774E+01 16 1.820E-03 1.185E+00 17 4.425E-05 2.536E+01
18 1.622E-03 8.198E+00 21 2.769E-02 2.508E+00 22 7.072E-03 4.734E+00 23 2.227E-07 7.735E+01 24 4.044E-03 3.293E-01
25 3.902E-04 1.424E+00 26 2.358E-03 8.297E-01 27 2.082E-03 1.207E+00
 38  23
 1 1.337E-05 1.000E+02  3 1.094E-05 4.235E+01  5 2.068E-04 4.386E+01  6 1.431E-04 1.883E+01  7 1.749E-03 3.231E+00
 8 1.276E-03 4.172E+00  9 9.102E-03 1.904E+00 10 1.820E-05 7.276E+01 11 1.403E-04 1.671E+01 12 8.301E-05 1.018E+01
13 2.815E-06 3.554E+01 14 5.908E-03 1.088E+01 15 3.210E-05 4.308E+01 16 1.855E-03 8.653E-01 17 8.073E-05 3.179E+01
18 1.513E-03 8.386E+00 21 2.722E-02 2.232E+00 22 7.386E-03 3.644E+00 23 1.786E-08 1.000E+02 24 4.044E-03 3.269E-01
25 3.579E-04 1.902E+00 26 2.356E-03 7.588E-01 27 2.083E-03 1.308E+00
 39  22
 1 6.894E-06 7.447E+01  3 1.828E-05 4.245E+01  5 1.959E-04 4.356E+01  6 1.294E-04 2.109E+01  7 1.941E-03 2.115E+00
 8 1.683E-03 5.782E+00  9 8.761E-03 2.708E+00 10 4.597E-06 6.282E+01 11 1.720E-04 1.335E+01 12 7.034E-05 1.017E+01
13 8.227E-06 3.362E+01 14 6.607E-03 1.022E+01 15 7.620E-05 3.624E+01 16 1.854E-03 1.251E+00 17 6.999E-05 2.591E+01
18 1.605E-03 9.892E+00 21 2.675E-02 2.892E+00 22 8.547E-03 4.339E+00 24 4.092E-03 3.231E-01 25 3.274E-04 2.008E+00
26 2.392E-03 6.057E-01 27 2.159E-03 8.615E-01
 40  22
 1 1.117E-04 3.707E+01  3 1.204E-05 3.431E+01  5 2.636E-04 3.675E+01  6 1.489E-04 1.934E+01  7 2.169E-03 2.622E+00
 8 1.894E-03 3.701E+00  9 8.890E-03 2.624E+00 10 8.690E-06 4.127E+01 11 1.505E-04 1.283E+01 12 9.350E-05 7.420E+00
13 7.904E-06 2.740E+01 14 6.963E-03 1.140E+01 15 1.104E-04 2.064E+01 16 1.818E-03 1.095E+00 17 5.027E-05 2.615E+01
18 1.117E-03 1.467E+01 21 2.655E-02 2.602E+00 22 9.106E-03 5.524E+00 24 4.104E-03 3.205E-01 25 2.851E-04 1.802E+00
26 2.356E-03 8.229E-01 27 2.112E-03 8.012E-01
 41  23
 1 2.380E-05 1.000E+02  3 1.486E-06 7.415E+01  5 1.490E-04 4.337E+01  6 1.908E-04 1.515E+01  7 2.335E-03 2.644E+00
 8 1.956E-03 4.775E+00  9 9.005E-03 2.455E+00 10 7.771E-06 4.897E+01 11 2.136E-04 1.233E+01 12 9.531E-05 9.569E+00
13 1.020E-05 3.204E+01 14 7.645E-03 8.994E+00 15 6.654E-05 3.208E+01 16 1.824E-03 1.194E+00 17 6.154E-05 2.760E+01
18 1.148E-03 8.887E+00 21 2.543E-02 3.497E+00 22 1.025E-02 4.435E+00 23 8.990E-08 1.000E+02 24 4.116E-03 3.223E-01
25 2.618E-04 1.522E+00 26 2.386E-03 7.872E-01 27 2.181E-03 1.086E+00
 42  23
 1 4.605E-05 9.604E+01  3 1.212E-05 6.340E+01  5 6.499E-04 3.336E+01  6 2.045E-04 1.425E+01  7 2.549E-03 2.464E+00
 8 2.212E-03 4.764E+00  9 8.827E-03 2.905E+00 10 1.436E-05 4.720E+01 11 1.800E-04 1.216E+01 12 1.046E-04 7.613E+00
13 1.349E-05 2.644E+01 14 1.058E-02 8.065E+00 15 7.031E-05 2.907E+01 16 1.849E-03 1.212E+00 17 9.546E-05 2.484E+01
18 9.706E-04 1.416E+01 21 2.460E-02 2.973E+00 22 1.154E-02 3.541E+00 23 4.071E-09 1.000E+02 24 4.146E-03 2.854E-01
25 2.266E-04 2.086E+00 26 2.419E-03 6.082E-01 27 2.224E-03 9.876E-01
 43  22
 1 8.221E-07 1.000E+02  3 1.324E-05 3.924E+01  5 3.590E-04 3.185E+01  6 1.591E-04 1.932E+01  7 2.849E-03 2.008E+00
 8 2.487E-03 4.009E+00  9 8.763E-03 2.627E+00 10 6.529E-06 3.570E+01 11 1.804E-04 1.173E+01 12 1.181E-04 8.153E+00
13 1.310E-05 3.082E+01 14 9.306E-03 9.470E+00 15 8.740E-05 2.016E+01 16 1.811E-03 1.071E+00 17 8.941E-05 2.209E+01
18 7.866E-04 1.724E+01 21 1.905E-02 2.352E+00 22 1.314E-02 4.295E+00 24 4.145E-03 3.290E-01 25 2.066E-04 2.338E+00
26 2.459E-03 9.093E-01 27 2.263E-03 1.415E+00
 44  23
 1 6.704E-05 6.700E+01  3 7.196E-06 4.706E+01  5 3.788E-04 2.405E+01  6 2.031E-04 1.410E+01  7 3.127E-03 1.420E+00
 8 2.625E-03 3.025E+00  9 8.575E-03 2.200E+00 10 1.714E-05 4.902E+01 11 2.205E-04 1.227E+01 12 1.337E-04 7.399E+00
13 1.173E-05 2.157E+01 14 9.801E-03 8.567E+00 15 1.305E-04 1.940E+01 16 1.804E-03 1.301E+00 17 1.269E-04 2.290E+01
18 7.687E-04 1.721E+01 21 1.183E-02 3.308E+00 22 1.368E-02 2.554E+00 23 6.291E-08 7.871E+01 24 4.147E-03 3.320E-01
25 1.883E-04 1.889E+00 26 2.432E-03 6.624E-01 27 2.258E-03 1.283E+00
 45  23
 1 1.088E-05 9.855E+01  3 1.256E-05 3.993E+01  5 4.515E-04 5.135E+01  6 2.210E-04 1.251E+01  7 3.442E-03 2.312E+00
 8 3.054E-03 3.837E+00  9 8.851E-03 2.199E+00 10 1.032E-05 4.118E+01 11 2.409E-04 1.168E+01 12 1.382E-04 6.755E+00
13 1.120E-05 2.759E+01 14 9.983E-03 9.032E+00 15 1.544E-04 3.192E+01 16 1.808E-03 1.071E+00 17 9.210E-05 2.284E+01
18 7.301E-04 1.900E+01 21 9.662E-03 4.285E+00 22 1.616E-02 2.803E+00 23 1.466E-08 1.000E+02 24 4.177E-03 3.235E-01
25 1.766E-04 2.112E+00 26 2.570E-03 9.145E-01 27 2.437E-03 1.177E+00
 46  25
 1 2.072E-05 5.735E+01  2 2.146E-08 1.000E+02  3 2.010E-05 3.730E+01  5 2.370E-04 3.343E+01  6 2.121E-04 1.766E+01
 7 3.925E-03 1.528E+00  8 3.192E-03 2.324E+00  9 9.041E-03 1.955E+00 10 1.273E-05 5.080E+01 11 2.803E-04 1.037E+01
12 1.709E-04 6.237E+00 13 1.681E-05 2.095E+01 14 1.237E-02 6.970E+00 15 1.612E-04 2.003E+01 16 1.760E-03 8.801E-01
17 1.132E-04 1.839E+01 18 5.687E-04 1.546E+01 19 9.207E-06 8.984E+01 21 9.305E-03 2.919E+00 22 2.615E-02 2.274E+00
23 4.899E-07 9.787E+01 24 4.193E-03 3.222E-01 25 1.566E-04 1.530E+00 26 2.546E-03 5.182E-01 27 2.413E-03 1.040E+00
 47  23
 1 3.961E-05 4.895E+01  3 1.477E-05 3.788E+01  5 3.306E-04 4.162E+01  6 3.073E-04 1.309E+01  7 4.211E-03 1.740E+00
 8 3.627E-03 2.118E+00  9 7.824E-03 2.157E+00 10 1.243E-05 3.073E+01 11 3.509E-04 1.161E+01 12 1.757E-04 5.413E+00
13 1.442E-05 2.045E+01 14 1.858E-02 6.761E+00 15 2.146E-04 1.895E+01 16 1.817E-03 1.041E+00 17 9.813E-05 1.858E+01
18 6.490E-04 1.592E+01 21 7.353E-03 3.599E+00 22 3.665E-02 2.963E+00 23 7.247E-08 6.002E+01 24 4.197E-03 3.189E-01
25 1.471E-04 1.756E+00 26 2.642E-03 7.645E-01 27 2.502E-03 1.023E+00
 48  23
 1 6.593E-05 5.290E+01  3 1.672E-05 4.103E+01  5 8.586E-04 2.305E+01  6 2.693E-04 1.219E+01  7 4.557E-03 1.534E+00
 8 4.155E-03 2.348E+00  9 8.557E-03 2.829E+00 10 3.156E-05 2.310E+01 11 3.317E-04 6.112E+00 12 2.007E-04 5.188E+00
13 1.476E-05 2.052E+01 14 2.932E-02 6.222E+00 15 2.248E-04 1.786E+01 16 1.792E-03 1.394E+00 17 1.600E-04 1.381E+01
18 6.557E-04 1.953E+01 21 7.332E-03 5.292E+00 22 4.051E-02 1.844E+00 23 1.152E-09 1.000E+02 24 4.228E-03 3.824E-01
25 1.357E-04 2.572E+00 26 2.761E-03 9.172E-01 27 2.673E-03 1.100E+00
 49  23
 1 1.047E-04 3.860E+01  3 7.133E-06 3.737E+01  5 4.786E-04 2.526E+01  6 2.807E-04 8.342E+00  7 4.908E-03 1.467E+00
 8 4.961E-03 2.207E+00  9 8.010E-03 2.785E+00 10 3.571E-05 3.254E+01 11 3.797E-04 7.977E+00 12 2.018E-04 5.522E+00
13 1.777E-05 1.737E+01 14 2.763E-02 7.570E+00 15 1.789E-04 2.028E+01 16 1.788E-03 9.280E-01 17 1.150E-04 1.699E+01
18 3.678E-04 1.900E+01 21 5.683E-03 4.625E+00 22 3.751E-02 1.536E+00 23 2.558E-07 7.191E+01 24 4.279E-03 3.158E-01
25 1.147E-04 3.056E+00 26 3.621E-03 6.124E-01 27 4.041E-03 7.920E-01
 50  24
 1 6.204E-05 6.842E+01  3 8.881E-06 3.244E+01  5 8.419E-04 2.248E+01  6 3.766E-04 1.100E+01  7 5.604E-03 1.518E+00
 8 7.703E-03 1.951E+00  9 7.863E-03 2.330E+00 10 1.716E-05 2.387E+01 11 3.967E-04 1.023E+01 12 2.337E-04 6.535E+00
13 2.841E-05 1.913E+01 14 3.147E-02 6.325E+00 15 2.672E-04 1.394E+01 16 1.793E-03 1.079E+00 17 1.567E-04 1.389E+01
18 5.638E-04 2.640E+01 19 3.472E-06 1.000E+02 21 5.308E-03 5.347E+00 22 3.261E-02 2.377E+00 23 1.390E-07 8.004E+01
24 4.283E-03 3.351E-01 25 1.017E-04 3.165E+00 26 3.730E-03 6.485E-01 27 4.188E-03 9.002E-01
 51  23
 1 4.918E-05 6.411E+01  3 1.738E-05 4.297E+01  5 1.185E-03 2.233E+01  6 3.766E-04 8.665E+00  7 6.236E-03 1.370E+00
 8 7.740E-03 2.458E+00  9 7.817E-03 2.629E+00 10 4.252E-05 3.114E+01 11 4.328E-04 8.728E+00 12 2.683E-04 4.615E+00
13 1.849E-05 1.563E+01 14 3.038E-02 6.664E+00 15 2.321E-04 1.555E+01 16 1.754E-03 8.978E-01 17 2.335E-04 1.756E+01
18 5.058E-04 1.914E+01 21 4.726E-03 5.941E+00 22 2.411E-02 2.437E+00 23 9.730E-07 6.113E+01 24 4.298E-03 2.939E-01
25 9.210E-05 2.878E+00 26 3.780E-03 7.640E-01 27 4.255E-03 9.793E-01
 52  23
 1 4.163E-05 6.927E+01  3 1.277E-05 3.372E+01  5 1.004E-03 1.640E+01  6 4.951E-04 8.931E+00  7 6.980E-03 1.160E+00
 8 8.687E-03 2.072E+00  9 7.690E-03 2.543E+00 10 3.317E-05 2.460E+01 11 4.984E-04 7.044E+00 12 3.186E-04 3.594E+00
13 2.271E-05 1.912E+01 14 3.207E-02 5.575E+00 15 1.944E-04 2.028E+01 16 1.748E-03 1.132E+00 17 1.682E-04 1.447E+01
18 2.437E-04 1.732E+01 21 3.830E-03 4.962E+00 22 1.481E-02 4.063E+00 23 2.814E-07 6.651E+01 24 4.293E-03 3.080E-01
25 7.918E-05 2.511E+00 26 3.763E-03 5.430E-01 27 4.282E-03 7.812E-01
 53  24
 1 4.501E-05 5.172E+01  3 1.312E-05 3.464E+01  5 9.302E-04 1.977E+01  6 5.129E-04 7.334E+00  7 7.910E-03 1.047E+00
 8 8.964E-03 2.377E+00  9 7.835E-03 2.494E+00 10 4.382E-05 2.020E+01 11 5.719E-04 7.520E+00 12 3.337E-04 4.936E+00
13 3.891E-05 1.716E+01 14 2.173E-02 5.422E+00 15 1.969E-04 1.261E+01 16 1.762E-03 1.437E+00 17 2.482E-04 1.680E+01
18 3.895E-04 2.133E+01 19 7.786E-06 1.000E+02 21 3.734E-03 5.245E+00 22 1.349E-02 3.148E+00 23 3.731E-07 7.555E+01
24 4.333E-03 3.219E-01 25 7.312E-05 3.277E+00 26 3.856E-03 6.925E-01 27 4.349E-03 7.605E-01
 54  24
 1 2.229E-04 2.954E+01  3 1.195E-05 5.210E+01  5 8.262E-04 2.642E+01  6 5.561E-04 8.274E+00  7 8.770E-03 9.786E-01
 8 8.799E-03 2.301E+00  9 7.689E-03 2.419E+00 10 3.571E-05 3.130E+01 11 6.139E-04 6.055E+00 12 3.379E-04 3.150E+00
13 2.321E-05 1.629E+01 14 1.754E-02 6.990E+00 15 3.127E-04 1.422E+01 16 1.741E-03 1.022E+00 17 3.049E-04 1.250E+01
18 3.429E-04 2.394E+01 19 2.995E-05 6.954E+01 21 3.242E-03 6.400E+00 22 1.110E-02 3.476E+00 23 4.280E-07 7.232E+01
24 4.315E-03 2.984E-01 25 6.954E-05 3.029E+00 26 3.877E-03 6.797E-01 27 4.402E-03 7.815E-01
 55  23
 1 1.750E-04 3.540E+01  3 1.525E-05 3.969E+01  5 1.364E-03 2.305E+01  6 6.857E-04 7.794E+00  7 1.500E-02 8.924E-01
 8 9.876E-03 2.095E+00  9 7.707E-03 2.584E+00 10 7.092E-05 2.064E+01 11 7.789E-04 5.388E+00 12 4.069E-04 3.793E+00
13 2.984E-05 1.190E+01 14 1.299E-02 9.647E+00 15 3.666E-04 1.202E+01 16 1.747E-03 1.213E+00 17 2.972E-04 1.192E+01
18 3.616E-04 2.397E+01 21 3.122E-03 5.764E+00 22 1.084E-02 3.559E+00 23 9.321E-07 5.416E+01 24 4.327E-03 3.368E-01
25 5.861E-05 4.496E+00 26 3.843E-03 5.138E-01 27 4.300E-03 7.411E-01
 56  25
 1 1.037E-04 3.801E+01  2 1.048E-08 1.000E+02  3 2.734E-05 3.784E+01  5 1.170E-03 1.586E+01  6 7.046E-04 5.893E+00
 7 1.619E-02 9.133E-01  8 1.049E-02 1.876E+00  9 7.485E-03 2.885E+00 10 5.981E-05 2.392E+01 11 7.735E-04 6.587E+00
12 4.422E-04 4.241E+00 13 3.153E-05 1.366E+01 14 1.029E-02 1.043E+01 15 3.044E-04 1.553E+01 16 1.741E-03 1.103E+00
17 3.321E-04 1.253E+01 18 2.846E-04 3.373E+01 19 3.569E-05 1.000E+02 21 3.006E-03 8.669E+00 22 9.203E-03 3.952E+00
23 1.086E-06 6.033E+01 24 4.323E-03 2.961E-01 25 5.604E-05 4.653E+00 26 3.849E-03 7.373E-01 27 4.296E-03 9.398E-01
 57  24
 1 1.747E-04 3.052E+01  3 2.257E-05 4.479E+01  5 1.196E-03 1.540E+01  6 7.265E-04 9.479E+00  7 1.711E-02 9.609E-01
 8 1.078E-02 2.308E+00  9 7.869E-03 2.624E+00 10 6.422E-05 2.156E+01 11 8.707E-04 5.182E+00 12 4.759E-04 3.143E+00
13 4.330E-05 1.243E+01 14 1.143E-02 9.121E+00 15 3.920E-04 1.024E+01 16 1.754E-03 1.267E+00 17 4.403E-04 7.803E+00
18 1.737E-04 2.765E+01 20 1.855E-05 1.000E+02 21 2.687E-03 6.932E+00 22 8.685E-03 3.826E+00 23 8.166E-07 6.635E+01
24 4.371E-03 3.001E-01 25 4.987E-05 4.200E+00 26 3.916E-03 7.050E-01 27 4.372E-03 8.239E-01
 58  23
 1 2.158E-04 3.488E+01  3 2.344E-05 2.447E+01  5 1.510E-03 1.716E+01  6 8.541E-04 7.290E+00  7 1.744E-02 1.140E+00
 8 1.071E-02 2.240E+00  9 7.930E-03 3.374E+00 10 5.403E-05 1.608E+01 11 8.204E-04 6.737E+00 12 5.545E-04 3.242E+00
13 4.570E-05 1.060E+01 14 8.410E-03 9.259E+00 15 4.865E-04 1.255E+01 16 1.733E-03 1.267E+00 17 5.314E-04 1.083E+01
18 1.925E-04 2.148E+01 21 2.180E-03 6.107E+00 22 8.059E-03 3.449E+00 23 3.759E-07 7.999E+01 24 4.349E-03 3.335E-01
25 4.387E-05 4.779E+00 26 3.891E-03 5.601E-01 27 4.335E-03 6.811E-01
 59  24
 1 1.146E-04 3.474E+01  3 2.895E-05 2.643E+01  5 2.252E-03 1.898E+01  6 1.043E-03 6.203E+00  7 1.790E-02 9.140E-01
 8 1.144E-02 2.167E+00  9 7.485E-03 2.817E+00 10 9.355E-05 1.714E+01 11 1.048E-03 5.158E+00 12 6.524E-04 3.167E+00
13 4.484E-05 1.418E+01 14 8.669E-03 7.395E+00 15 5.230E-04 1.209E+01 16 1.739E-03 1.130E+00 17 4.117E-04 1.178E+01
18 2.577E-04 2.741E+01 19 3.586E-05 9.774E+01 21 2.019E-03 6.629E+00 22 6.810E-03 5.742E+00 23 9.804E-08 9.553E+01
24 4.356E-03 3.144E-01 25 4.321E-05 4.376E+00 26 3.864E-03 6.575E-01 27 4.266E-03 7.296E-01
 60  24
 1 2.140E-04 3.279E+01  3 2.580E-05 3.657E+01  5 1.937E-03 1.485E+01  6 1.114E-03 6.584E+00  7 1.834E-02 8.712E-01
 8 1.175E-02 2.088E+00  9 7.298E-03 2.484E+00 10 8.114E-05 1.420E+01 11 1.196E-03 3.782E+00 12 6.640E-04 2.895E+00
13 5.092E-05 1.355E+01 14 7.783E-03 9.990E+00 15 6.474E-04 1.060E+01 16 1.747E-03 1.099E+00 17 4.566E-04 1.088E+01
18 1.164E-04 2.456E+01 19 1.033E-06 1.000E+02 21 1.862E-03 8.964E+00 22 6.263E-03 5.700E+00 23 1.943E-07 8.164E+01
24 4.335E-03 3.712E-01 25 3.719E-05 3.971E+00 26 3.843E-03 8.481E-01 27 4.269E-03 1.108E+00
 61  25
 1 1.593E-04 2.828E+01  2 1.892E-07 1.000E+02  3 3.978E-05 2.438E+01  5 1.817E-03 1.595E+01  6 1.252E-03 4.388E+00
 7 1.878E-02 9.588E-01  8 1.174E-02 1.891E+00  9 7.470E-03 2.705E+00 10 7.599E-05 1.564E+01 11 1.391E-03 5.365E+00
12 7.484E-04 3.563E+00 13 5.750E-05 8.542E+00 14 7.311E-03 1.202E+01 15 6.984E-04 1.236E+01 16 1.765E-03 1.165E+00
17 5.434E-04 1.014E+01 18 1.433E-04 4.105E+01 19 2.321E-05 5.808E+01 21 1.798E-03 1.074E+01 22 5.541E-03 5.028E+00
23 4.888E-07 7.280E+01 24 4.368E-03 2.623E-01 25 3.187E-05 3.720E+00 26 3.798E-03 6.191E-01 27 4.206E-03 9.417E-01
 62  23
 1 1.880E-04 3.626E+01  3 4.773E-05 2.099E+01  5 2.389E-03 1.683E+01  6 1.398E-03 5.265E+00  7 1.854E-02 9.787E-01
 8 1.216E-02 1.718E+00  9 6.946E-03 2.417E+00 10 6.701E-05 1.686E+01 11 1.583E-03 5.180E+00 12 9.030E-04 2.000E+00
13 6.742E-05 9.935E+00 14 5.075E-03 1.052E+01 15 7.345E-04 1.167E+01 16 1.757E-03 1.019E+00 17 6.497E-04 9.375E+00
18 2.204E-04 3.010E+01 21 1.425E-03 8.706E+00 22 5.652E-03 4.665E+00 23 6.608E-07 6.095E+01 24 4.348E-03 3.481E-01
25 2.762E-05 6.377E+00 26 3.714E-03 6.919E-01 27 4.089E-03 8.444E-01
 63  23
 1 5.317E-04 3.229E+01  3 3.572E-05 3.042E+01  5 2.411E-03 1.353E+01  6 1.561E-03 5.169E+00  7 1.887E-02 8.393E-01
 8 1.247E-02 1.280E+00  9 7.031E-03 2.643E+00 10 8.308E-05 2.132E+01 11 1.706E-03 4.032E+00 12 9.129E-04 2.207E+00
13 7.311E-05 9.411E+00 14 4.964E-03 1.296E+01 15 7.115E-04 5.533E+00 16 1.736E-03 1.047E+00 17 7.283E-04 1.144E+01
18 1.181E-04 3.863E+01 21 1.399E-03 8.649E+00 22 4.581E-03 5.065E+00 23 4.976E-07 4.095E+01 24 4.343E-03 3.267E-01
25 2.778E-05 4.817E+00 26 3.698E-03 5.397E-01 27 4.034E-03 8.097E-01
 64  25
 1 6.946E-04 2.726E+01  2 1.382E-06 8.177E+01  3 3.346E-05 2.494E+01  5 3.055E-03 1.179E+01  6 1.687E-03 4.585E+00
 7 1.925E-02 9.271E-01  8 1.373E-02 1.839E+00  9 6.669E-03 2.684E+00 10 1.016E-04 1.242E+01 11 1.945E-03 3.654E+00
12 1.060E-03 2.585E+00 13 7.198E-05 1.165E+01 14 5.700E-03 9.013E+00 15 8.394E-04 8.078E+00 16 1.752E-03 1.212E+00
17 8.611E-04 8.209E+00 18 1.182E-04 4.708E+01 19 7.349E-06 1.000E+02 21 1.077E-03 1.012E+01 22 4.208E-03 4.932E+00
23 1.174E-06 5.410E+01 24 4.340E-03 2.792E-01 25 2.328E-05 7.144E+00 26 3.564E-03 7.027E-01 27 3.838E-03 9.315E-01
 65  25
 1 5.291E-04 2.681E+01  2 1.243E-07 1.000E+02  3 3.115E-05 2.549E+01  5 3.581E-03 1.328E+01  6 1.995E-03 5.442E+00
 7 1.950E-02 9.229E-01  8 1.405E-02 1.443E+00  9 7.345E-03 2.601E+00 10 1.192E-04 1.022E+01 11 2.161E-03 4.657E+00
12 1.163E-03 2.265E+00 13 7.758E-05 1.034E+01 14 4.823E-03 1.073E+01 15 9.949E-04 6.759E+00 16 1.783E-03 1.174E+00
17 9.567E-04 7.151E+00 18 1.165E-04 3.267E+01 19 2.293E-05 1.000E+02 21 1.003E-03 7.835E+00 22 3.721E-03 5.495E+00
23 5.231E-07 6.347E+01 24 4.290E-03 3.029E-01 25 2.430E-05 4.695E+00 26 2.717E-03 8.336E-01 27 2.395E-03 1.387E+00
 66  24
 1 5.008E-04 2.540E+01  2 2.158E-06 1.000E+02  3 3.964E-05 2.224E+01  5 3.774E-03 1.353E+01  6 1.926E-03 5.555E+00
 7 1.934E-02 9.017E-01  8 1.447E-02 1.889E+00  9 6.674E-03 2.956E+00 10 9.798E-05 1.659E+01 11 2.276E-03 3.742E+00
12 1.323E-03 2.290E+00 13 1.027E-04 9.094E+00 14 4.499E-03 1.248E+01 15 1.113E-03 7.865E+00 16 1.786E-03 7.996E-01
17 1.133E-03 8.758E+00 18 6.706E-05 5.139E+01 21 1.004E-03 1.035E+01 22 3.234E-03 6.054E+00 23 1.241E-06 5.419E+01
24 4.277E-03 3.246E-01 25 2.089E-05 5.666E+00 26 2.610E-03 7.808E-01 27 2.224E-03 1.142E+00
 67  24
 1 4.553E-04 2.453E+01  3 4.004E-05 2.018E+01  5 4.527E-03 1.017E+01  6 2.357E-03 3.992E+00  7 1.883E-02 8.966E-01
 8 1.538E-02 1.601E+00  9 6.254E-03 3.121E+00 10 1.796E-04 1.353E+01 11 2.718E-03 3.129E+00 12 1.421E-03 2.399E+00
13 1.118E-04 7.190E+00 14 3.285E-03 1.629E+01 15 1.210E-03 7.968E+00 16 1.771E-03 1.010E+00 17 9.463E-04 7.719E+00
18 6.081E-05 3.359E+01 19 2.524E-05 6.407E+01 21 1.032E-03 1.189E+01 22 3.265E-03 7.172E+00 23 7.014E-07 4.700E+01
24 4.282E-03 3.283E-01 25 2.069E-05 8.891E+00 26 2.570E-03 8.335E-01 27 2.100E-03 1.292E+00
 68  25
 1 6.275E-04 2.659E+01  2 1.827E-07 1.000E+02  3 6.187E-05 2.205E+01  5 4.724E-03 8.680E+00  6 2.590E-03 4.626E+00
 7 1.837E-02 9.215E-01  8 1.622E-02 2.116E+00  9 6.088E-03 2.773E+00 10 1.442E-04 9.912E+00 11 3.129E-03 3.009E+00
12 1.600E-03 2.122E+00 13 1.065E-04 6.413E+00 14 3.314E-03 1.200E+01 15 1.415E-03 6.505E+00 16 1.760E-03 1.144E+00
17 1.217E-03 6.828E+00 18 6.566E-05 3.401E+01 19 5.059E-05 7.993E+01 21 8.287E-04 1.256E+01 22 3.078E-03 5.170E+00
23 1.023E-06 6.212E+01 24 4.274E-03 3.871E-01 25 1.780E-05 5.056E+00 26 2.500E-03 7.875E-01 27 2.043E-03 1.282E+00
 69  24
 1 6.566E-04 2.274E+01  2 1.223E-07 1.000E+02  3 4.914E-05 2.161E+01  5 4.791E-03 9.631E+00  6 2.923E-03 3.393E+00
 7 1.672E-02 1.144E+00  8 2.650E-02 1.092E+00  9 3.612E-03 4.078E+00 10 1.362E-04 1.551E+01 11 3.318E-03 2.565E+00
12 1.817E-03 1.750E+00 13 1.212E-04 8.223E+00 14 3.055E-03 1.567E+01 15 1.385E-03 5.898E+00 16 1.777E-03 1.395E+00
17 1.455E-03 6.521E+00 18 4.456E-05 5.673E+01 21 8.788E-04 1.257E+01 22 2.557E-03 7.492E+00 23 1.127E-06 3.599E+01
24 4.274E-03 3.160E-01 25 1.678E-05 5.843E+00 26 2.430E-03 1.080E+00 27 1.923E-03 1.534E+00
 70  25
 1 7.650E-04 3.115E+01  3 5.179E-05 1.778E+01  5 6.798E-03 8.844E+00  6 3.222E-03 4.120E+00  7 1.428E-02 9.037E-01
 8 2.486E-02 1.773E+00  9 2.909E-03 3.923E+00 10 2.126E-04 1.402E+01 11 3.729E-03 3.253E+00 12 2.100E-03 1.725E+00
13 1.407E-04 9.637E+00 14 2.568E-03 1.796E+01 15 1.480E-03 8.950E+00 16 1.734E-03 1.620E+00 17 1.530E-03 5.814E+00
18 9.645E-05 4.141E+01 19 5.438E-05 7.043E+01 20 5.321E-07 1.000E+02 21 6.860E-04 1.065E+01 22 2.545E-03 5.695E+00
23 6.303E-07 5.285E+01 24 4.273E-03 3.338E-01 25 1.279E-05 7.729E+00 26 2.441E-03 7.406E-01 27 1.897E-03 1.059E+00
 71  26
 1 9.347E-04 2.376E+01  2 1.765E-07 1.000E+02  3 5.986E-05 2.651E+01  5 6.119E-03 1.056E+01  6 3.686E-03 3.434E+00
 7 1.275E-02 9.184E-01  8 2.071E-02 1.233E+00  9 2.933E-03 2.849E+00 10 2.110E-04 9.997E+00 11 4.317E-03 3.488E+00
12 2.340E-03 2.275E+00 13 1.470E-04 7.572E+00 14 2.511E-03 1.379E+01 15 1.838E-03 5.236E+00 16 1.776E-03 1.271E+00
17 1.817E-03 3.883E+00 18 5.754E-05 5.571E+01 19 2.678E-05 7.152E+01 20 1.657E-05 1.000E+02 21 6.003E-04 1.057E+01
22 2.292E-03 8.792E+00 23 2.745E-06 4.590E+01 24 4.282E-03 3.626E-01 25 1.263E-05 6.028E+00 26 2.394E-03 8.352E-01
27 1.843E-03 1.235E+00
 72  26
 1 1.232E-03 1.837E+01  2 3.253E-07 1.000E+02  3 6.630E-05 2.116E+01  5 7.203E-03 1.006E+01  6 3.668E-03 3.610E+00
 7 1.205E-02 8.796E-01  8 1.984E-02 1.863E+00  9 2.492E-03 3.980E+00 10 2.159E-04 8.206E+00 11 4.979E-03 2.781E+00
12 2.520E-03 1.736E+00 13 1.829E-04 5.910E+00 14 2.508E-03 2.067E+01 15 1.827E-03 6.751E+00 16 1.764E-03 8.244E-01
17 1.845E-03 4.904E+00 18 4.424E-05 4.298E+01 19 9.442E-05 4.650E+01 20 5.567E-06 9.741E+01 21 6.478E-04 1.480E+01
22 2.152E-03 1.076E+01 23 2.241E-06 4.408E+01 24 4.246E-03 3.884E-01 25 1.214E-05 9.730E+00 26 2.365E-03 9.731E-01
27 1.754E-03 1.594E+00
 73  24
 1 7.347E-04 2.031E+01  3 6.589E-05 1.959E+01  5 7.151E-03 7.448E+00  6 4.638E-03 3.702E+00  7 1.223E-02 9.030E-01
 8 2.366E-02 1.263E+00  9 2.133E-03 3.688E+00 10 2.519E-04 1.036E+01 11 5.675E-03 2.157E+00 12 2.914E-03 2.111E+00
13 1.963E-04 5.850E+00 14 1.826E-03 1.474E+01 15 2.179E-03 6.494E+00 16 1.750E-03 7.639E-01 17 2.532E-03 5.507E+00
18 1.063E-05 5.114E+01 19 9.403E-05 5.500E+01 21 5.399E-04 1.683E+01 22 1.858E-03 8.944E+00 23 1.419E-06 3.216E+01
24 4.260E-03 2.919E-01 25 1.129E-05 6.716E+00 26 2.348E-03 9.207E-01 27 1.744E-03 1.682E+00
 74  24
 1 1.718E-03 1.775E+01  3 8.562E-05 1.994E+01  5 8.616E-03 8.523E+00  6 5.098E-03 3.023E+00  7 1.313E-02 1.153E+00
 8 2.432E-02 1.438E+00  9 1.857E-03 5.095E+00 10 2.779E-04 8.952E+00 11 6.264E-03 2.628E+00 12 3.366E-03 1.416E+00
13 2.211E-04 4.421E+00 14 2.110E-03 2.205E+01 15 2.350E-03 5.025E+00 16 1.779E-03 1.015E+00 17 2.453E-03 4.555E+00
18 4.098E-05 5.927E+01 19 5.150E-05 4.363E+01 21 5.323E-04 1.148E+01 22 1.680E-03 6.573E+00 23 1.876E-06 3.662E+01
24 4.261E-03 3.428E-01 25 1.088E-05 1.014E+01 26 2.343E-03 8.145E-01 27 1.731E-03 1.481E+00
 75  25
 1 1.199E-03 1.651E+01  3 1.141E-04 1.420E+01  5 1.137E-02 5.853E+00  6 6.597E-03 1.567E+00  7 7.809E-03 1.185E+00
 8 1.146E-02 1.993E+00  9 1.664E-03 6.085E+00 10 2.814E-04 8.738E+00 11 9.330E-03 1.353E+00 12 5.344E-03 1.187E+00
13 2.137E-04 6.483E+00 14 2.342E-03 1.675E+01 15 2.737E-03 3.905E+00 16 1.746E-03 1.124E+00 17 2.659E-03 5.088E+00
18 9.035E-05 5.155E+01 19 7.030E-05 7.956E+01 20 2.237E-05 1.000E+02 21 3.339E-04 1.835E+01 22 1.600E-03 8.928E+00
23 2.663E-06 3.119E+01 24 4.274E-03 3.481E-01 25 6.703E-06 8.147E+00 26 2.347E-03 1.024E+00 27 1.708E-03 1.716E+00
 76  26
 1 1.480E-03 2.097E+01  2 7.303E-07 9.962E+01  3 9.500E-05 1.498E+01  5 1.159E-02 6.249E+00  6 8.589E-03 2.528E+00
 7 6.971E-03 8.653E-01  8 9.828E-03 2.224E+00  9 1.775E-03 4.244E+00 10 3.592E-04 8.825E+00 11 1.172E-02 1.642E+00
12 6.015E-03 1.365E+00 13 2.635E-04 4.133E+00 14 2.362E-03 1.851E+01 15 3.088E-03 5.999E+00 16 1.772E-03 1.228E+00
17 2.981E-03 3.464E+00 18 4.102E-05 6.787E+01 19 2.326E-05 7.306E+01 20 7.828E-06 9.826E+01 21 3.547E-04 1.529E+01
22 1.398E-03 7.455E+00 23 2.175E-06 4.360E+01 24 4.279E-03 3.463E-01 25 9.020E-06 8.616E+00 26 2.322E-03 9.557E-01
27 1.655E-03 1.535E+00
 77  25
 1 1.193E-03 1.468E+01  2 5.563E-07 9.163E+01  3 1.064E-04 1.584E+01  5 2.152E-02 5.173E+00  6 9.892E-03 2.278E+00
 7 5.943E-03 1.396E+00  8 8.425E-03 1.510E+00  9 1.491E-03 5.566E+00 10 3.475E-04 9.509E+00 11 1.480E-02 1.131E+00
12 6.468E-03 1.190E+00 13 2.896E-04 4.661E+00 14 1.266E-03 2.683E+01 15 3.226E-03 4.031E+00 16 1.760E-03 9.490E-01
17 3.358E-03 3.661E+00 18 3.959E-05 8.196E+01 19 2.340E-05 9.712E+01 21 4.158E-04 1.791E+01 22 1.244E-03 8.929E+00
23 4.031E-06 3.045E+01 24 4.265E-03 3.144E-01 25 8.559E-06 9.983E+00 26 2.395E-03 1.058E+00 27 1.694E-03 1.487E+00
 78  25
 1 1.546E-03 1.083E+01  2 8.812E-07 8.823E+01  3 9.348E-05 1.078E+01  5 2.276E-02 5.751E+00  6 1.094E-02 2.074E+00
 7 5.293E-03 1.539E+00  8 7.515E-03 1.992E+00  9 1.171E-03 6.149E+00 10 4.415E-04 8.164E+00 11 1.733E-02 1.195E+00
12 6.992E-03 1.205E+00 13 3.093E-04 4.729E+00 14 1.442E-03 2.231E+01 15 3.252E-03 4.695E+00 16 1.803E-03 1.261E+00
17 3.952E-03 3.864E+00 18 5.415E-05 5.910E+01 19 5.959E-05 7.183E+01 21 3.253E-04 2.258E+01 22 1.175E-03 1.244E+01
23 4.537E-06 3.062E+01 24 4.261E-03 2.988E-01 25 6.150E-06 1.187E+01 26 2.330E-03 8.410E-01 27 1.628E-03 1.009E+00
 79  25
 1 2.043E-03 1.288E+01  2 1.619E-07 1.000E+02  3 1.126E-04 1.590E+01  5 2.445E-02 4.324E+00  6 1.207E-02 1.844E+00
 7 4.895E-03 1.336E+00  8 6.982E-03 2.584E+00  9 1.053E-03 6.113E+00 10 3.997E-04 8.800E+00 11 1.979E-02 1.557E+00
12 7.703E-03 1.311E+00 13 3.367E-04 5.145E+00 14 1.213E-03 1.855E+01 15 4.010E-03 5.619E+00 16 1.771E-03 8.400E-01
17 4.068E-03 4.275E+00 18 3.550E-05 7.888E+01 19 3.308E-05 6.313E+01 21 2.100E-04 2.011E+01 22 9.318E-04 1.035E+01
23 2.404E-06 2.419E+01 24 4.264E-03 2.969E-01 25 5.268E-06 1.421E+01 26 2.368E-03 8.836E-01 27 1.652E-03 1.307E+00
 80  27
 1 1.838E-03 1.541E+01  2 9.578E-09 1.000E+02  3 1.561E-04 1.292E+01  4 9.449E-05 1.000E+02  5 2.614E-02 6.970E+00
 6 1.318E-02 2.276E+00  7 4.423E-03 1.554E+00  8 6.220E-03 2.547E+00  9 9.790E-04 7.313E+00 10 5.083E-04 6.238E+00
11 2.192E-02 1.415E+00 12 8.444E-03 1.026E+00 13 3.866E-04 3.888E+00 14 1.377E-03 3.556E+01 15 4.393E-03 4.949E+00
16 1.762E-03 1.339E+00 17 4.725E-03 3.460E+00 18 6.343E-05 7.991E+01 19 9.159E-05 3.720E+01 20 2.277E-05 1.000E+02
21 3.350E-04 1.693E+01 22 1.048E-03 8.480E+00 23 4.109E-06 2.161E+01 24 4.288E-03 3.282E-01 25 5.977E-06 1.054E+01
26 2.370E-03 7.876E-01 27 1.633E-03 1.268E+00
 81  26
 1 2.319E-03 1.096E+01  2 7.348E-07 1.000E+02  3 1.667E-04 1.576E+01  5 2.482E-02 4.192E+00  6 1.326E-02 1.843E+00
 7 3.979E-03 1.552E+00  8 5.510E-03 2.903E+00  9 8.922E-04 8.197E+00 10 6.187E-04 8.401E+00 11 2.393E-02 1.078E+00
12 8.886E-03 7.725E-01 13 4.177E-04 3.201E+00 14 8.388E-04 2.348E+01 15 4.951E-03 4.748E+00 16 1.752E-03 1.059E+00
17 5.363E-03 3.035E+00 18 2.287E-05 5.627E+01 19 1.819E-04 3.599E+01 20 2.773E-06 1.000E+02 21 1.533E-04 2.924E+01
22 8.120E-04 1.191E+01 23 3.716E-06 2.359E+01 24 4.276E-03 3.103E-01 25 4.933E-06 1.041E+01 26 2.403E-03 8.271E-01
27 1.633E-03 1.590E+00
 82  26
 1 2.519E-03 1.092E+01  2 2.742E-06 6.558E+01  3 1.849E-04 1.358E+01  5 2.210E-02 4.134E+00  6 1.456E-02 2.002E+00
 7 3.510E-03 1.381E+00  8 4.829E-03 2.953E+00  9 7.866E-04 5.914E+00 10 6.303E-04 5.710E+00 11 2.527E-02 1.004E+00
12 9.562E-03 1.055E+00 13 4.732E-04 3.736E+00 14 6.739E-04 2.847E+01 15 5.312E-03 5.055E+00 16 1.760E-03 1.176E+00
17 6.386E-03 3.444E+00 18 6.337E-05 4.328E+01 19 1.153E-04 5.770E+01 20 2.523E-06 1.000E+02 21 2.057E-04 2.250E+01
22 5.550E-04 1.134E+01 23 7.506E-06 2.425E+01 24 4.283E-03 3.303E-01 25 4.610E-06 1.204E+01 26 2.399E-03 9.255E-01
27 1.629E-03 1.850E+00
 83  24
 1 2.853E-03 1.154E+01  2 1.815E-06 1.000E+02  3 1.720E-04 1.570E+01  5 2.256E-02 5.449E+00  6 1.533E-02 1.740E+00
 7 3.246E-03 1.189E+00  8 4.419E-03 2.828E+00  9 8.128E-04 6.519E+00 10 6.881E-04 5.655E+00 11 2.655E-02 1.193E+00
12 1.020E-02 8.977E-01 13 4.786E-04 3.488E+00 14 5.983E-04 2.254E+01 15 6.284E-03 4.542E+00 16 1.789E-03 1.363E+00
17 7.216E-03 3.359E+00 19 2.379E-05 8.007E+01 21 1.337E-04 2.608E+01 22 6.421E-04 1.170E+01 23 3.962E-06 2.503E+01
24 4.287E-03 3.797E-01 25 3.974E-06 1.342E+01 26 2.410E-03 6.863E-01 27 1.618E-03 1.262E+00
 84  26
 1 3.062E-03 1.102E+01  2 2.889E-07 1.000E+02  3 2.225E-04 1.577E+01  5 2.060E-02 5.868E+00  6 1.562E-02 2.290E+00
 7 2.906E-03 1.732E+00  8 3.830E-03 3.206E+00  9 6.997E-04 9.175E+00 10 7.678E-04 6.708E+00 11 2.671E-02 1.268E+00
12 1.073E-02 9.603E-01 13 5.456E-04 2.881E+00 14 6.205E-04 4.309E+01 15 6.327E-03 4.783E+00 16 1.775E-03 1.290E+00
17 9.920E-03 1.975E+00 18 1.706E-05 8.712E+01 19 1.230E-04 5.363E+01 20 5.965E-07 1.000E+02 21 1.755E-04 1.860E+01
22 4.956E-04 1.599E+01 23 2.975E-06 3.704E+01 24 4.273E-03 2.958E-01 25 3.011E-06 1.522E+01 26 2.472E-03 7.608E-01
27 1.638E-03 1.446E+00
 85  26
 1 3.550E-03 1.152E+01  2 8.066E-07 6.730E+01  3 1.834E-04 9.658E+00  5 1.968E-02 6.529E+00  6 1.666E-02 2.185E+00
 7 2.677E-03 2.244E+00  8 3.614E-03 2.683E+00  9 5.765E-04 8.079E+00 10 8.670E-04 6.708E+00 11 2.789E-02 1.867E+00
12 1.134E-02 1.048E+00 13 6.058E-04 2.466E+00 14 8.779E-04 2.601E+01 15 7.293E-03 3.570E+00 16 1.768E-03 9.929E-01
17 1.146E-02 2.547E+00 18 4.011E-05 5.912E+01 19 6.079E-05 5.584E+01 20 2.714E-05 5.821E+01 21 1.680E-04 3.353E+01
22 5.119E-04 1.031E+01 23 7.887E-06 2.149E+01 24 4.296E-03 3.477E-01 25 3.946E-06 1.516E+01 26 2.490E-03 9.855E-01
27 1.612E-03 1.217E+00
 86  25
 1 3.889E-03 1.039E+01  2 1.950E-06 8.939E+01  3 2.145E-04 1.092E+01  5 1.676E-02 7.346E+00  6 1.671E-02 1.426E+00
 7 2.352E-03 2.166E+00  8 3.272E-03 4.317E+00  9 5.346E-04 8.246E+00 10 8.741E-04 5.380E+00 11 2.732E-02 1.209E+00
12 1.188E-02 1.052E+00 13 6.889E-04 4.315E+00 14 7.404E-04 3.355E+01 15 7.886E-03 2.854E+00 16 1.817E-03 1.189E+00
17 1.374E-02 2.364E+00 18 3.333E-05 1.000E+02 19 1.646E-04 3.782E+01 21 1.470E-04 3.519E+01 22 6.344E-04 1.246E+01
23 5.613E-06 2.370E+01 24 4.286E-03 3.085E-01 25 3.250E-06 1.532E+01 26 2.545E-03 7.484E-01 27 1.627E-03 1.384E+00
 87  25
 1 4.047E-03 8.091E+00  2 2.054E-07 6.070E+01  3 2.867E-04 9.682E+00  5 2.186E-02 5.558E+00  6 1.736E-02 1.428E+00
 7 2.155E-03 2.203E+00  8 2.980E-03 3.784E+00  9 4.693E-04 8.580E+00 10 1.021E-03 3.986E+00 11 2.740E-02 1.138E+00
12 1.270E-02 8.136E-01 13 8.075E-04 2.972E+00 14 3.667E-04 3.939E+01 15 8.671E-03 2.717E+00 16 1.802E-03 1.228E+00
17 1.573E-02 1.785E+00 18 6.585E-06 8.902E+01 19 2.130E-04 3.218E+01 21 1.814E-04 2.901E+01 22 4.337E-04 2.259E+01
23 6.241E-06 2.195E+01 24 4.317E-03 3.447E-01 25 3.118E-06 1.535E+01 26 2.593E-03 7.867E-01 27 1.634E-03 1.070E+00
 88  26
 1 4.685E-03 9.738E+00  2 2.626E-06 6.182E+01  3 2.649E-04 9.872E+00  5 1.732E-02 5.976E+00  6 1.779E-02 2.171E+00
 7 1.978E-03 2.545E+00  8 2.763E-03 3.954E+00  9 4.646E-04 1.026E+01 10 1.001E-03 4.024E+00 11 2.691E-02 1.065E+00
12 1.305E-02 7.694E-01 13 8.302E-04 3.261E+00 14 4.476E-04 3.282E+01 15 1.041E-02 3.255E+00 16 1.762E-03 1.290E+00
17 1.783E-02 1.300E+00 18 1.177E-07 1.000E+02 19 2.767E-04 2.999E+01 20 6.236E-06 9.476E+01 21 1.505E-04 2.193E+01
22 4.965E-04 1.580E+01 23 5.752E-06 1.991E+01 24 4.311E-03 2.787E-01 25 3.285E-06 1.807E+01 26 2.663E-03 6.720E-01
27 1.652E-03 1.183E+00
 89  25
 1 5.254E-03 8.911E+00  2 1.743E-06 6.961E+01  3 2.685E-04 9.861E+00  5 1.647E-02 7.312E+00  6 1.778E-02 1.766E+00
 7 1.860E-03 2.252E+00  8 2.514E-03 4.309E+00  9 3.890E-04 1.006E+01 10 1.095E-03 5.894E+00 11 2.532E-02 1.101E+00
12 1.344E-02 8.723E-01 13 9.488E-04 2.872E+00 14 3.640E-04 3.407E+01 15 1.222E-02 2.496E+00 16 1.733E-03 1.372E+00
17 1.915E-02 1.795E+00 18 7.460E-06 1.000E+02 19 1.601E-04 3.105E+01 21 8.629E-05 2.541E+01 22 4.427E-04 1.935E+01
23 1.209E-05 1.741E+01 24 4.309E-03 3.211E-01 25 2.463E-06 1.428E+01 26 2.746E-03 6.400E-01 27 1.674E-03 9.306E-01
 90  25
 1 6.330E-03 7.751E+00  2 2.017E-06 5.721E+01  3 2.643E-04 9.695E+00  5 1.534E-02 5.404E+00  6 1.801E-02 1.982E+00
 7 1.587E-03 3.467E+00  8 1.972E-03 3.635E+00  9 3.447E-04 1.057E+01 10 1.345E-03 6.323E+00 11 2.402E-02 9.386E-01
12 1.420E-02 8.070E-01 13 1.009E-03 3.147E+00 14 1.007E-03 3.124E+01 15 1.543E-02 2.814E+00 16 1.762E-03 9.293E-01
17 2.013E-02 1.926E+00 19 3.223E-04 2.837E+01 20 4.264E-05 5.150E+01 21 8.415E-05 2.283E+01 22 3.768E-04 1.352E+01
23 1.137E-05 2.173E+01 24 4.350E-03 3.044E-01 25 2.227E-06 1.538E+01 26 2.890E-03 6.141E-01 27 1.752E-03 1.053E+00
 91  26
 1 7.671E-03 8.505E+00  2 1.638E-06 7.000E+01  3 3.497E-04 1.004E+01  5 1.391E-02 7.162E+00  6 1.645E-02 1.401E+00
 7 1.357E-03 2.737E+00  8 1.878E-03 4.074E+00  9 3.151E-04 1.034E+01 10 1.463E-03 3.524E+00 11 2.102E-02 1.483E+00
12 1.380E-02 7.062E-01 13 1.094E-03 2.652E+00 14 2.938E-04 3.672E+01 15 1.514E-02 3.012E+00 16 1.733E-03 1.369E+00
17 2.014E-02 1.523E+00 18 1.550E-06 1.000E+02 19 1.327E-04 4.742E+01 20 5.085E-05 7.560E+01 21 1.273E-04 2.609E+01
22 3.039E-04 1.980E+01 23 1.045E-05 2.262E+01 24 4.415E-03 3.491E-01 25 2.171E-06 2.401E+01 26 4.348E-03 5.469E-01
27 2.726E-03 8.787E-01
 92  25
 1 7.463E-03 9.222E+00  2 8.333E-07 5.683E+01  3 3.960E-04 8.751E+00  5 1.104E-02 8.149E+00  6 1.625E-02 1.491E+00
 7 1.345E-03 2.936E+00  8 1.717E-03 4.913E+00  9 3.525E-04 8.186E+00 10 1.584E-03 4.399E+00 11 1.893E-02 1.530E+00
12 1.391E-02 7.377E-01 13 1.182E-03 2.444E+00 14 4.232E-04 4.696E+01 15 1.626E-02 2.469E+00 16 1.768E-03 1.329E+00
17 2.090E-02 1.697E+00 18 3.098E-05 7.742E+01 19 3.078E-04 3.251E+01 21 8.144E-05 4.132E+01 22 2.231E-04 1.852E+01
23 1.003E-05 1.529E+01 24 4.425E-03 3.211E-01 25 1.475E-06 1.961E+01 26 4.780E-03 4.285E-01 27 2.999E-03 6.773E-01
 93  26
 1 8.181E-03 8.641E+00  2 3.130E-06 4.441E+01  3 3.774E-04 9.065E+00  5 1.024E-02 8.994E+00  6 1.642E-02 1.869E+00
 7 1.139E-03 3.150E+00  8 1.530E-03 3.152E+00  9 2.750E-04 1.215E+01 10 1.793E-03 4.081E+00 11 1.651E-02 1.511E+00
12 1.456E-02 8.508E-01 13 1.372E-03 2.603E+00 14 3.230E-04 3.654E+01 15 1.753E-02 2.789E+00 16 1.720E-03 1.014E+00
17 2.041E-02 1.473E+00 18 2.132E-07 1.000E+02 19 1.689E-04 3.453E+01 20 5.818E-05 6.130E+01 21 6.248E-05 3.035E+01
22 1.994E-04 2.531E+01 23 1.305E-05 1.293E+01 24 4.432E-03 2.989E-01 25 1.960E-06 2.528E+01 26 4.779E-03 4.717E-01
27 2.967E-03 5.864E-01
 94  25
 1 9.915E-03 5.822E+00  2 3.548E-07 5.433E+01  3 4.192E-04 8.830E+00  5 1.021E-02 7.304E+00  6 1.718E-02 1.945E+00
 7 1.044E-03 3.226E+00  8 1.261E-03 4.540E+00  9 2.413E-04 1.168E+01 10 1.949E-03 2.749E+00 11 1.482E-02 1.555E+00
12 1.614E-02 7.987E-01 13 1.547E-03 2.271E+00 14 2.059E-04 3.903E+01 15 2.010E-02 1.739E+00 16 1.786E-03 1.306E+00
17 2.259E-02 1.926E+00 19 3.387E-04 3.185E+01 20 3.880E-05 6.130E+01 21 8.152E-05 2.826E+01 22 1.457E-04 2.053E+01
23 1.821E-05 1.162E+01 24 4.341E-03 3.275E-01 25 1.734E-06 1.781E+01 26 3.142E-03 7.398E-01 27 1.640E-03 1.188E+00
 95  26
 1 1.258E-02 5.452E+00  2 2.862E-06 4.748E+01  3 5.482E-04 6.048E+00  5 8.853E-03 1.104E+01  6 1.698E-02 1.570E+00
 7 9.381E-04 2.746E+00  8 1.326E-03 5.509E+00  9 1.947E-04 8.078E+00 10 2.139E-03 2.979E+00 11 1.161E-02 1.876E+00
12 1.675E-02 6.889E-01 13 1.730E-03 2.063E+00 14 3.040E-04 4.441E+01 15 3.151E-02 2.413E+00 16 1.745E-03 1.656E+00
17 2.282E-02 1.505E+00 18 1.493E-05 1.000E+02 19 2.379E-04 3.413E+01 20 3.306E-05 5.388E+01 21 9.514E-05 4.103E+01
22 1.883E-04 1.681E+01 23 1.535E-05 1.471E+01 24 4.349E-03 2.978E-01 25 1.522E-06 2.283E+01 26 3.131E-03 9.866E-01
27 1.611E-03 1.217E+00
 96  25
 1 1.381E-02 6.127E+00  2 3.391E-06 6.672E+01  3 5.217E-04 5.832E+00  5 6.585E-03 7.279E+00  6 1.690E-02 1.867E+00
 7 8.506E-04 3.308E+00  8 1.194E-03 5.298E+00  9 2.048E-04 1.053E+01 10 2.487E-03 3.210E+00 11 8.258E-03 1.930E+00
12 1.671E-02 7.052E-01 13 1.879E-03 1.990E+00 14 3.532E-04 4.088E+01 15 3.074E-02 1.851E+00 16 1.779E-03 1.068E+00
17 2.159E-02 2.271E+00 19 4.739E-04 2.783E+01 20 6.136E-05 5.037E+01 21 4.510E-05 4.032E+01 22 2.332E-04 2.542E+01
23 1.784E-05 1.282E+01 24 4.368E-03 3.296E-01 25 1.689E-06 2.363E+01 26 3.560E-03 5.592E-01 27 1.921E-03 1.059E+00
 97  25
 1 3.128E-02 5.402E+00  2 1.164E-06 5.481E+01  3 5.720E-04 9.007E+00  5 6.002E-03 9.169E+00  6 1.513E-02 2.709E+00
 7 7.671E-04 3.125E+00  8 1.045E-03 5.676E+00  9 1.440E-04 1.056E+01 10 2.661E-03 3.565E+00 11 6.161E-03 1.395E+00
12 1.604E-02 8.467E-01 13 1.983E-03 1.336E+00 14 8.320E-05 7.204E+01 15 2.719E-02 2.255E+00 16 1.774E-03 1.323E+00
17 2.067E-02 1.662E+00 19 6.177E-04 2.219E+01 20 2.054E-05 7.617E+01 21 4.985E-05 5.293E+01 22 1.945E-04 1.706E+01
23 1.588E-05 1.649E+01 24 4.445E-03 2.923E-01 25 1.152E-06 2.814E+01 26 4.997E-03 4.676E-01 27 3.034E-03 5.429E-01
 98  25
 1 3.232E-02 3.743E+00  2 2.359E-06 4.750E+01  3 6.237E-04 5.799E+00  5 4.898E-03 9.865E+00  6 1.432E-02 1.991E+00
 7 7.031E-04 3.876E+00  8 9.546E-04 5.705E+00  9 1.519E-04 1.586E+01 10 2.810E-03 2.540E+00 11 5.083E-03 2.210E+00
12 1.627E-02 7.533E-01 13 2.192E-03 1.885E+00 14 1.694E-04 5.514E+01 15 2.432E-02 2.622E+00 16 1.708E-03 1.069E+00
17 2.027E-02 2.053E+00 19 4.109E-04 2.041E+01 20 3.078E-05 4.856E+01 21 6.279E-05 3.738E+01 22 1.743E-04 2.025E+01
23 2.026E-05 1.028E+01 24 4.433E-03 3.377E-01 25 9.622E-07 3.076E+01 26 5.019E-03 5.015E-01 27 3.044E-03 6.355E-01
 99  26
 1 3.611E-02 4.307E+00  2 5.734E-06 5.761E+01  3 7.213E-04 5.950E+00  5 4.286E-03 1.157E+01  6 1.405E-02 2.306E+00
 7 6.768E-04 4.833E+00  8 8.897E-04 4.855E+00  9 1.455E-04 2.388E+01 10 3.182E-03 2.315E+00 11 4.766E-03 1.958E+00
12 1.704E-02 7.850E-01 13 2.524E-03 1.879E+00 14 1.656E-04 5.799E+01 15 2.137E-02 2.412E+00 16 1.733E-03 1.159E+00
17 1.890E-02 1.012E+00 18 1.372E-05 8.453E+01 19 6.643E-04 2.182E+01 20 5.063E-05 7.037E+01 21 7.288E-05 5.876E+01
22 8.040E-05 2.633E+01 23 2.333E-05 1.215E+01 24 4.404E-03 3.182E-01 25 1.419E-06 2.081E+01 26 4.329E-03 5.309E-01
27 2.479E-03 6.967E-01
100  26
 1 3.636E-02 3.297E+00  2 6.975E-06 4.098E+01  3 8.177E-04 5.351E+00  5 3.942E-03 9.577E+00  6 1.362E-02 2.495E+00
 7 5.913E-04 3.538E+00  8 7.711E-04 4.907E+00  9 1.282E-04 1.850E+01 10 3.730E-03 2.422E+00 11 4.381E-03 2.971E+00
12 1.798E-02 6.578E-01 13 2.930E-03 1.808E+00 14 2.029E-04 5.434E+01 15 1.713E-02 3.390E+00 16 1.742E-03 9.714E-01
17 1.874E-02 1.161E+00 18 1.384E-05 9.630E+01 19 4.537E-04 2.437E+01 20 5.570E-05 5.864E+01 21 3.608E-05 4.843E+01
22 1.183E-04 2.340E+01 23 2.369E-05 1.235E+01 24 4.345E-03 3.188E-01 25 4.597E-07 3.194E+01 26 3.298E-03 6.456E-01
27 1.642E-03 9.358E-01
101  25
 1 3.478E-02 2.860E+00  2 1.841E-06 6.878E+01  3 8.391E-04 6.022E+00  5 3.068E-03 1.124E+01  6 1.326E-02 1.552E+00
 7 5.048E-04 4.709E+00  8 7.608E-04 6.310E+00  9 1.098E-04 1.555E+01 10 4.139E-03 1.744E+00 11 3.842E-03 2.380E+00
12 1.820E-02 7.395E-01 13 3.143E-03 1.257E+00 14 2.242E-04 4.848E+01 15 1.384E-02 2.710E+00 16 1.732E-03 1.231E+00
17 1.701E-02 2.522E+00 19 5.622E-04 2.294E+01 20 6.475E-05 5.545E+01 21 3.109E-05 5.354E+01 22 8.713E-05 3.020E+01
23 2.802E-05 1.087E+01 24 4.345E-03 3.178E-01 25 8.797E-07 2.621E+01 26 3.312E-03 5.370E-01 27 1.649E-03 1.015E+00
102  26
 1 2.960E-02 4.940E+00  2 6.503E-06 3.525E+01  3 9.356E-04 4.480E+00  5 3.036E-03 1.227E+01  6 1.156E-02 2.566E+00
 7 4.750E-04 4.256E+00  8 6.441E-04 5.138E+00  9 1.004E-04 2.020E+01 10 4.572E-03 2.719E+00 11 3.185E-03 4.128E+00
12 1.736E-02 9.371E-01 13 3.529E-03 1.270E+00 14 7.963E-05 6.899E+01 15 1.080E-02 2.989E+00 16 1.750E-03 1.073E+00
17 1.493E-02 1.817E+00 18 2.534E-06 1.000E+02 19 1.069E-03 1.379E+01 20 1.194E-04 6.182E+01 21 2.309E-05 5.338E+01
22 1.365E-04 2.507E+01 23 3.040E-05 1.188E+01 24 4.391E-03 3.214E-01 25 4.187E-07 4.526E+01 26 4.417E-03 5.863E-01
27 2.496E-03 8.065E-01
103  25
 1 2.510E-02 5.250E+00  2 2.926E-06 4.620E+01  3 9.295E-04 4.905E+00  5 3.681E-03 2.029E+01  6 1.002E-02 2.926E+00
 7 4.154E-04 5.319E+00  8 5.704E-04 6.214E+00  9 8.962E-05 2.009E+01 10 4.934E-03 1.707E+00 11 2.975E-03 4.099E+00
12 1.629E-02 8.194E-01 13 3.692E-03 1.366E+00 14 9.992E-06 6.419E+01 15 9.518E-03 3.671E+00 16 1.713E-03 1.113E+00
17 1.274E-02 2.261E+00 19 1.105E-03 1.444E+01 20 3.256E-05 5.331E+01 21 2.760E-05 5.795E+01 22 5.554E-05 2.653E+01
23 2.712E-05 7.763E+00 24 4.413E-03 3.236E-01 25 4.600E-07 4.364E+01 26 5.167E-03 4.861E-01 27 3.077E-03 6.794E-01
104  26
 1 2.157E-02 6.796E+00  2 1.022E-05 3.645E+01  3 1.076E-03 5.510E+00  5 2.752E-03 1.349E+01  6 9.123E-03 2.614E+00
 7 3.899E-04 4.460E+00  8 5.308E-04 6.256E+00  9 7.378E-05 2.927E+01 10 5.617E-03 3.320E+00 11 2.564E-03 3.260E+00
12 1.608E-02 8.655E-01 13 4.319E-03 1.317E+00 14 1.293E-05 1.000E+02 15 8.365E-03 3.923E+00 16 1.751E-03 1.093E+00
17 1.117E-02 1.812E+00 18 1.406E-06 1.000E+02 19 1.073E-03 1.885E+01 20 4.918E-05 6.207E+01 21 2.740E-05 4.312E+01
22 8.931E-05 4.314E+01 23 3.280E-05 7.733E+00 24 4.440E-03 3.713E-01 25 3.930E-07 5.348E+01 26 5.200E-03 5.876E-01
27 3.089E-03 5.780E-01
105  25
 1 1.790E-02 5.332E+00  2 7.696E-06 3.924E+01  3 1.209E-03 3.201E+00  5 2.420E-03 1.233E+01  6 8.484E-03 2.665E+00
 7 3.484E-04 5.955E+00  8 4.950E-04 7.658E+00  9 1.051E-04 2.369E+01 10 6.457E-03 2.160E+00 11 2.376E-03 3.851E+00
12 1.657E-02 7.438E-01 13 5.086E-03 1.364E+00 14 2.118E-04 6.916E+01 15 7.752E-03 3.817E+00 16 1.760E-03 1.308E+00
17 9.320E-03 2.365E+00 19 1.299E-03 1.598E+01 20 3.781E-05 9.006E+01 21 1.042E-05 4.200E+01 22 5.340E-05 2.529E+01
23 4.236E-05 8.685E+00 24 4.317E-03 3.442E-01 25 7.124E-07 3.721E+01 26 3.843E-03 6.495E-01 27 1.984E-03 9.305E-01
106  25
 1 1.329E-02 4.592E+00  2 3.816E-06 3.698E+01  3 1.243E-03 4.819E+00  5 2.672E-03 9.657E+00  6 6.801E-03 2.361E+00
 7 3.052E-04 5.723E+00  8 4.127E-04 7.198E+00  9 7.336E-05 2.091E+01 10 7.580E-03 2.536E+00 11 1.999E-03 3.413E+00
12 1.578E-02 6.937E-01 13 5.795E-03 8.020E-01 14 5.621E-05 6.648E+01 15 7.242E-03 2.822E+00 16 1.771E-03 1.369E+00
17 7.593E-03 2.641E+00 19 1.199E-03 1.619E+01 20 1.903E-04 4.434E+01 21 4.436E-05 4.572E+01 22 3.058E-05 5.883E+01
23 4.053E-05 7.327E+00 24 4.293E-03 3.772E-01 25 4.356E-07 3.236E+01 26 3.507E-03 7.443E-01 27 1.713E-03 1.164E+00
107  26
 1 1.043E-02 6.620E+00  2 4.102E-06 4.065E+01  3 1.495E-03 4.796E+00  5 2.059E-03 1.284E+01  6 5.054E-03 2.404E+00
 7 2.900E-04 5.506E+00  8 4.058E-04 1.017E+01  9 6.034E-05 2.195E+01 10 8.491E-03 2.328E+00 11 1.853E-03 3.548E+00
12 7.635E-03 1.172E+00 13 6.728E-03 9.375E-01 14 5.217E-05 8.603E+01 15 6.846E-03 4.113E+00 16 1.724E-03 1.166E+00
17 5.701E-03 3.264E+00 18 7.604E-06 1.000E+02 19 1.543E-03 2.058E+01 20 5.993E-05 5.532E+01 21 4.833E-06 9.821E+01
22 4.877E-05 4.720E+01 23 4.117E-05 7.362E+00 24 4.280E-03 3.371E-01 25 7.295E-07 2.481E+01 26 3.600E-03 5.616E-01
27 1.757E-03 8.381E-01
108  25
 1 7.988E-03 7.103E+00  2 4.744E-06 3.177E+01  3 1.547E-03 6.315E+00  5 2.022E-03 1.422E+01  6 3.779E-03 2.825E+00
 7 2.307E-04 6.100E+00  8 2.750E-04 8.332E+00  9 6.639E-05 1.937E+01 10 1.045E-02 1.717E+00 11 1.421E-03 3.389E+00
12 5.669E-03 1.435E+00 13 1.190E-02 7.505E-01 14 9.081E-05 5.092E+01 15 5.379E-03 3.782E+00 16 1.760E-03 1.177E+00
17 4.444E-03 3.396E+00 19 1.301E-03 1.491E+01 20 1.411E-04 5.306E+01 21 4.707E-05 5.949E+01 22 7.933E-05 3.183E+01
23 4.056E-05 6.941E+00 24 4.214E-03 2.862E-01 25 2.516E-07 4.661E+01 26 5.337E-03 4.465E-01 27 3.174E-03 6.324E-01
109  25
 1 7.953E-03 6.891E+00  2 2.737E-06 3.384E+01  3 1.628E-03 7.059E+00  5 1.696E-03 1.560E+01  6 3.400E-03 3.243E+00
 7 2.234E-04 8.306E+00  8 2.976E-04 8.184E+00  9 3.582E-05 2.636E+01 10 1.471E-02 1.509E+00 11 1.321E-03 4.896E+00
12 5.202E-03 1.218E+00 13 1.249E-02 8.817E-01 14 2.538E-05 9.784E+01 15 4.824E-03 4.540E+00 16 1.757E-03 1.045E+00
17 3.869E-03 3.744E+00 19 1.594E-03 1.571E+01 20 1.446E-04 3.917E+01 21 1.307E-05 6.587E+01 22 7.458E-05 3.282E+01
23 4.789E-05 5.700E+00 24 4.213E-03 3.124E-01 25 3.738E-07 3.420E+01 26 5.394E-03 4.690E-01 27 3.225E-03 5.524E-01
110  26
 1 6.761E-03 9.271E+00  2 3.190E-06 4.734E+01  3 1.687E-03 3.070E+00  5 1.625E-03 1.925E+01  6 2.989E-03 3.801E+00
 7 1.789E-04 6.441E+00  8 2.621E-04 1.036E+01  9 4.139E-05 3.915E+01 10 1.948E-02 1.439E+00 11 1.255E-03 4.675E+00
12 4.749E-03 1.509E+00 13 1.298E-02 1.002E+00 14 1.129E-05 8.782E+01 15 4.544E-03 4.638E+00 16 1.793E-03 1.633E+00
17 3.402E-03 2.689E+00 18 8.850E-06 1.000E+02 19 1.623E-03 1.467E+01 20 8.080E-05 3.080E+01 21 2.967E-06 9.387E+01
22 4.458E-05 4.107E+01 23 4.574E-05 7.731E+00 24 4.206E-03 2.914E-01 25 4.420E-07 3.864E+01 26 5.080E-03 5.579E-01
27 2.932E-03 6.243E-01
111  25
 1 6.430E-03 9.774E+00  2 7.882E-06 3.141E+01  3 1.935E-03 3.401E+00  5 1.161E-03 1.886E+01  6 3.120E-03 3.281E+00
 7 1.771E-04 6.830E+00  8 2.627E-04 1.101E+01  9 4.819E-05 3.456E+01 10 2.314E-02 1.111E+00 11 1.245E-03 4.722E+00
12 4.406E-03 1.115E+00 13 1.429E-02 8.686E-01 14 9.746E-06 9.452E+01 15 4.096E-03 3.715E+00 16 1.791E-03 1.066E+00
17 3.354E-03 5.033E+00 19 1.874E-03 1.394E+01 20 1.223E-04 3.074E+01 21 1.192E-05 8.686E+01 22 3.314E-05 5.432E+01
23 5.276E-05 8.216E+00 24 4.078E-03 3.060E-01 25 1.518E-07 6.415E+01 26 3.600E-03 5.661E-01 27 1.757E-03 8.297E-01
112  25
 1 5.808E-03 7.289E+00  2 4.348E-06 6.934E+01  3 2.044E-03 4.164E+00  5 1.720E-03 1.529E+01  6 2.711E-03 4.840E+00
 7 1.611E-04 8.179E+00  8 2.264E-04 9.755E+00  9 5.772E-05 3.176E+01 10 2.467E-02 1.054E+00 11 1.115E-03 5.332E+00
12 3.996E-03 1.288E+00 13 1.454E-02 7.020E-01 14 4.272E-06 1.000E+02 15 3.984E-03 4.006E+00 16 1.786E-03 1.318E+00
17 3.221E-03 3.091E+00 19 2.265E-03 1.167E+01 20 1.648E-04 3.341E+01 21 1.954E-05 6.825E+01 22 5.540E-05 4.981E+01
23 5.721E-05 7.488E+00 24 4.078E-03 2.982E-01 25 4.592E-07 4.791E+01 26 3.649E-03 5.683E-01 27 1.775E-03 8.007E-01
113  24
 1 5.620E-03 5.969E+00  2 6.139E-06 4.250E+01  3 2.426E-03 2.208E+00  5 1.476E-03 1.955E+01  6 2.452E-03 4.678E+00
 7 1.535E-04 7.877E+00  8 1.725E-04 1.032E+01  9 2.604E-05 2.677E+01 10 2.430E-02 1.070E+00 11 8.468E-04 3.601E+00
12 3.781E-03 1.613E+00 13 1.389E-02 8.161E-01 15 3.681E-03 4.433E+00 16 1.792E-03 1.317E+00 17 2.662E-03 3.541E+00
19 2.685E-03 1.068E+01 20 5.279E-05 5.577E+01 21 2.248E-05 6.885E+01 22 3.520E-05 4.898E+01 23 5.325E-05 7.514E+00
24 4.145E-03 3.311E-01 25 1.905E-07 4.686E+01 26 4.413E-03 4.922E-01 27 2.362E-03 6.736E-01
114  25
 1 4.298E-03 9.882E+00  2 9.023E-06 3.206E+01  3 2.596E-03 3.856E+00  5 1.817E-03 1.786E+01  6 2.112E-03 4.540E+00
 7 1.336E-04 7.123E+00  8 1.674E-04 9.707E+00  9 3.216E-05 3.009E+01 10 2.322E-02 1.091E+00 11 9.064E-04 4.536E+00
12 3.193E-03 1.783E+00 13 1.338E-02 6.480E-01 14 4.312E-05 7.726E+01 15 3.043E-03 4.933E+00 16 1.794E-03 1.159E+00
17 2.662E-03 3.912E+00 19 2.130E-03 1.455E+01 20 1.882E-04 3.273E+01 21 2.758E-06 6.605E+01 22 5.671E-06 7.711E+01
23 6.032E-05 8.523E+00 24 4.207E-03 3.221E-01 25 3.402E-07 4.266E+01 26 5.542E-03 5.967E-01 27 3.249E-03 8.233E-01
115  26
 1 4.193E-03 1.064E+01  2 1.256E-05 2.588E+01  3 2.829E-03 3.861E+00  4 3.101E-05 1.000E+02  5 9.248E-04 2.358E+01
 6 1.982E-03 4.082E+00  7 1.393E-04 8.081E+00  8 1.990E-04 1.310E+01  9 6.435E-05 3.283E+01 10 2.309E-02 1.127E+00
11 8.366E-04 6.343E+00 12 2.944E-03 1.498E+00 13 1.350E-02 6.554E-01 14 1.023E-04 1.000E+02 15 3.047E-03 5.430E+00
16 1.744E-03 8.910E-01 17 2.284E-03 5.795E+00 19 2.516E-03 9.975E+00 20 2.066E-04 3.472E+01 21 6.256E-06 7.032E+01
22 2.284E-05 4.321E+01 23 6.936E-05 5.805E+00 24 4.191E-03 2.887E-01 25 9.208E-08 4.894E+01 26 5.489E-03 5.179E-01
27 3.217E-03 6.651E-01
116  24
 1 3.573E-03 1.070E+01  2 1.111E-05 2.700E+01  3 3.169E-03 2.538E+00  5 8.156E-04 2.573E+01  6 1.874E-03 5.707E+00
 7 1.274E-04 7.234E+00  8 1.547E-04 1.161E+01  9 3.067E-05 3.217E+01 10 2.482E-02 1.240E+00 11 7.143E-04 5.561E+00
12 2.689E-03 1.889E+00 13 1.415E-02 8.856E-01 15 2.690E-03 6.997E+00 16 1.771E-03 1.275E+00 17 1.979E-03 4.541E+00
19 2.521E-03 1.266E+01 20 3.488E-04 2.862E+01 21 7.185E-06 7.667E+01 22 1.143E-05 5.847E+01 23 7.944E-05 4.783E+00
24 4.133E-03 3.058E-01 25 2.395E-07 4.394E+01 26 4.523E-03 6.834E-01 27 2.395E-03 7.253E-01
117  24
 1 3.729E-03 1.043E+01  2 1.331E-05 2.834E+01  3 6.150E-03 2.022E+00  5 8.924E-04 2.043E+01  6 1.725E-03 5.328E+00
 7 1.276E-04 1.108E+01  8 1.626E-04 1.533E+01  9 3.388E-05 3.072E+01 10 2.519E-02 1.520E+00 11 6.242E-04 6.901E+00
12 2.589E-03 1.669E+00 13 1.489E-02 8.004E-01 14 4.975E-05 1.000E+02 15 2.628E-03 5.280E+00 16 2.126E-03 1.056E+00
17 1.982E-03 5.004E+00 19 2.593E-03 1.088E+01 20 1.668E-04 2.642E+01 22 6.414E-06 6.607E+01 23 7.939E-05 7.085E+00
24 4.104E-03 3.703E-01 25 1.542E-07 3.915E+01 26 3.733E-03 6.641E-01 27 1.779E-03 1.040E+00
118  24
 1 2.552E-03 1.127E+01  2 1.017E-05 3.470E+01  3 1.342E-02 1.334E+00  5 6.468E-04 1.918E+01  6 1.670E-03 5.148E+00
 7 1.077E-04 8.562E+00  8 1.680E-04 1.345E+01  9 1.877E-05 6.110E+01 10 2.383E-02 1.347E+00 11 6.260E-04 7.771E+00
12 2.360E-03 1.598E+00 13 1.444E-02 8.854E-01 15 2.239E-03 5.613E+00 16 2.066E-03 1.187E+00 17 1.985E-03 4.594E+00
19 3.328E-03 7.307E+00 20 4.002E-04 3.503E+01 21 5.810E-07 1.000E+02 22 2.872E-05 4.375E+01 23 9.607E-05 8.185E+00
24 4.117E-03 3.652E-01 25 4.454E-07 3.774E+01 26 3.777E-03 6.123E-01 27 1.792E-03 9.969E-01
119  26
 1 2.453E-03 1.220E+01  2 6.259E-06 3.001E+01  3 2.027E-02 1.240E+00  5 5.829E-04 2.186E+01  6 1.369E-03 4.650E+00
 7 1.100E-04 7.793E+00  8 1.564E-04 1.293E+01  9 2.610E-05 3.977E+01 10 2.188E-02 1.259E+00 11 5.465E-04 6.423E+00
12 2.119E-03 1.757E+00 13 1.344E-02 1.010E+00 14 2.336E-05 8.671E+01 15 2.287E-03 4.538E+00 16 1.995E-03 1.179E+00
17 1.588E-03 5.815E+00 18 1.015E-05 1.000E+02 19 3.931E-03 8.924E+00 20 2.105E-04 2.788E+01 21 1.194E-05 7.149E+01
22 1.815E-05 5.506E+01 23 7.098E-05 6.635E+00 24 4.206E-03 2.941E-01 25 2.625E-07 4.623E+01 26 5.071E-03 4.033E-01
27 2.833E-03 5.524E-01
120  27
 1 2.600E-03 1.483E+01  2 1.294E-05 2.494E+01  3 2.514E-02 8.816E-01  4 2.378E-05 7.816E+01  5 7.715E-04 2.571E+01
 6 1.450E-03 5.903E+00  7 8.713E-05 8.842E+00  8 9.117E-05 1.772E+01  9 3.340E-05 2.961E+01 10 2.015E-02 1.444E+00
11 5.082E-04 7.182E+00 12 1.879E-03 1.652E+00 13 1.287E-02 1.048E+00 14 1.606E-05 1.000E+02 15 2.056E-03 3.659E+00
16 1.993E-03 1.005E+00 17 1.575E-03 4.099E+00 18 8.733E-06 1.000E+02 19 3.707E-03 1.014E+01 20 3.872E-04 3.011E+01
21 1.729E-06 1.000E+02 22 2.008E-05 6.975E+01 23 1.062E-04 4.944E+00 24 4.237E-03 3.666E-01 25 4.733E-07 4.523E+01
26 5.413E-03 6.632E-01 27 3.100E-03 8.804E-01
121  25
 1 2.503E-03 1.371E+01  2 1.787E-05 3.139E+01  3 2.953E-02 1.249E+00  5 9.370E-04 2.836E+01  6 1.070E-03 6.539E+00
 7 9.391E-05 1.107E+01  8 1.241E-04 1.299E+01  9 2.335E-05 4.349E+01 10 1.946E-02 1.328E+00 11 5.148E-04 9.286E+00
12 1.803E-03 1.679E+00 13 1.273E-02 7.596E-01 14 5.742E-05 7.533E+01 15 1.636E-03 5.540E+00 16 1.965E-03 9.281E-01
17 1.400E-03 5.258E+00 19 4.465E-03 9.425E+00 20 1.639E-04 3.577E+01 21 6.541E-07 1.000E+02 22 3.557E-05 4.474E+01
23 9.464E-05 5.146E+00 24 4.274E-03 3.123E-01 25 2.448E-07 4.135E+01 26 5.413E-03 5.910E-01 27 3.073E-03 6.416E-01
122  24
 1 1.986E-03 1.185E+01  2 1.626E-05 1.695E+01  3 3.253E-02 1.341E+00  5 5.625E-04 2.322E+01  6 1.094E-03 6.608E+00
 7 7.957E-05 1.157E+01  8 1.262E-04 1.465E+01  9 1.896E-05 3.396E+01 10 1.931E-02 1.311E+00 11 4.318E-04 8.371E+00
12 1.741E-03 2.197E+00 13 1.368E-02 1.031E+00 15 1.564E-03 7.217E+00 16 1.968E-03 8.482E-01 17 1.295E-03 5.843E+00
19 5.924E-03 4.705E+00 20 3.314E-04 3.216E+01 21 4.859E-06 8.743E+01 22 8.951E-06 5.946E+01 23 1.161E-04 3.556E+00
24 4.176E-03 2.996E-01 25 6.245E-07 4.130E+01 26 4.020E-03 6.252E-01 27 1.874E-03 9.560E-01
123  26
 1 1.566E-03 1.020E+01  2 1.269E-05 2.774E+01  3 3.433E-02 1.210E+00  4 7.015E-05 1.000E+02  5 3.624E-04 2.744E+01
 6 1.097E-03 5.029E+00  7 6.447E-05 1.655E+01  8 8.963E-05 2.630E+01  9 1.568E-05 4.305E+01 10 1.794E-02 1.754E+00
11 3.714E-04 8.299E+00 12 1.587E-03 1.733E+00 13 1.305E-02 8.764E-01 14 2.892E-07 1.000E+02 15 1.617E-03 8.849E+00
16 1.969E-03 1.238E+00 17 1.167E-03 7.420E+00 19 5.617E-03 9.349E+00 20 3.353E-04 2.525E+01 21 5.501E-06 1.000E+02
22 1.344E-05 6.679E+01 23 1.109E-04 5.229E+00 24 4.184E-03 3.573E-01 25 2.643E-07 3.258E+01 26 4.393E-03 6.281E-01
27 2.032E-03 8.295E-01
124  25
 1 2.019E-03 1.726E+01  2 1.406E-05 2.008E+01  3 3.537E-02 1.099E+00  5 5.745E-04 2.419E+01  6 9.853E-04 5.390E+00
 7 7.156E-05 1.691E+01  8 1.064E-04 1.369E+01  9 1.804E-05 5.401E+01 10 1.648E-02 1.485E+00 11 3.973E-04 1.017E+01
12 1.425E-03 1.700E+00 13 1.263E-02 9.583E-01 14 7.119E-05 1.000E+02 15 1.400E-03 6.475E+00 16 1.905E-03 1.119E+00
17 1.007E-03 6.867E+00 19 7.425E-03 6.545E+00 20 3.063E-04 2.496E+01 21 1.451E-06 6.403E+01 22 1.199E-06 7.773E+01
23 1.317E-04 5.522E+00 24 4.204E-03 3.274E-01 25 2.569E-07 5.319E+01 26 4.734E-03 6.619E-01 27 2.339E-03 8.012E-01
125  26
 1 1.657E-03 1.434E+01  2 2.690E-05 2.264E+01  3 3.535E-02 9.630E-01  5 2.555E-04 5.222E+01  6 8.615E-04 6.664E+00
 7 6.044E-05 1.185E+01  8 1.042E-04 2.360E+01  9 9.980E-06 4.221E+01 10 1.410E-02 1.586E+00 11 3.788E-04 8.321E+00
12 1.294E-03 2.758E+00 13 1.214E-02 9.788E-01 14 1.636E-05 1.000E+02 15 1.183E-03 8.253E+00 16 1.911E-03 1.228E+00
17 1.064E-03 5.971E+00 18 8.592E-06 1.000E+02 19 8.039E-03 8.606E+00 20 2.784E-04 3.036E+01 21 5.607E-06 8.983E+01
22 4.749E-05 8.631E+01 23 1.417E-04 4.076E+00 24 4.319E-03 3.343E-01 25 4.559E-07 3.480E+01 26 5.985E-03 4.678E-01
27 3.390E-03 5.255E-01
126  26
 1 1.325E-03 1.527E+01  2 1.410E-05 3.088E+01  3 3.390E-02 9.131E-01  4 1.084E-04 1.000E+02  5 4.314E-04 2.826E+01
 6 7.245E-04 7.926E+00  7 6.535E-05 1.311E+01  8 6.324E-05 1.837E+01  9 1.135E-05 4.960E+01 10 1.293E-02 1.274E+00
11 3.023E-04 9.622E+00 12 1.168E-03 2.569E+00 13 1.197E-02 8.345E-01 14 1.811E-06 1.000E+02 15 1.154E-03 9.873E+00
16 1.908E-03 1.022E+00 17 9.591E-04 6.759E+00 18 2.139E-05 1.000E+02 19 8.464E-03 6.230E+00 20 3.696E-04 2.358E+01
22 9.377E-07 1.000E+02 23 1.457E-04 5.053E+00 24 4.324E-03 3.234E-01 25 2.659E-07 3.157E+01 26 6.072E-03 5.172E-01
27 3.462E-03 6.494E-01
127  24
 1 1.056E-03 1.750E+01  2 2.087E-05 1.580E+01  3 3.240E-02 1.041E+00  4 3.482E-06 1.000E+02  5 5.862E-04 2.658E+01
 6 8.628E-04 6.972E+00  7 5.066E-05 1.456E+01  8 7.851E-05 2.002E+01  9 7.115E-06 6.793E+01 10 1.179E-02 1.911E+00
11 2.848E-04 1.083E+01 12 1.080E-03 3.512E+00 13 1.235E-02 1.128E+00 15 1.261E-03 1.295E+01 16 1.922E-03 6.924E-01
17 7.122E-04 8.879E+00 19 1.260E-02 3.931E+00 20 5.235E-04 3.289E+01 22 2.179E-05 6.878E+01 23 1.743E-04 4.271E+00
24 4.300E-03 3.386E-01 25 4.213E-07 5.763E+01 26 5.529E-03 6.117E-01 27 3.016E-03 6.834E-01
128  26
 1 1.090E-03 1.167E+01  2 3.230E-05 2.372E+01  3 2.876E-02 1.065E+00  4 7.122E-05 1.000E+02  5 5.051E-04 4.057E+01
 6 7.417E-04 6.234E+00  7 5.482E-05 1.952E+01  8 7.802E-05 2.073E+01  9 5.306E-07 4.609E+01 10 1.077E-02 1.722E+00
11 3.123E-04 1.007E+01 12 1.049E-03 2.207E+00 13 1.256E-02 1.195E+00 15 9.571E-04 1.006E+01 16 1.975E-03 1.131E+00
17 8.332E-04 6.693E+00 18 2.248E-06 1.000E+02 19 1.928E-02 5.032E+00 20 4.683E-04 2.251E+01 21 1.733E-05 9.908E+01
22 4.158E-05 9.220E+01 23 1.790E-04 4.538E+00 24 4.200E-03 3.022E-01 25 2.542E-07 3.888E+01 26 4.538E-03 5.566E-01
27 2.197E-03 7.356E-01
129  26
 1 9.483E-04 1.706E+01  2 1.882E-05 2.038E+01  3 2.551E-02 1.243E+00  4 3.408E-05 1.000E+02  5 2.695E-04 4.066E+01
 6 5.841E-04 8.812E+00  7 5.025E-05 1.254E+01  8 5.337E-05 2.078E+01  9 4.410E-06 4.545E+01 10 9.361E-03 2.209E+00
11 2.802E-04 8.953E+00 12 9.968E-04 2.756E+00 13 1.253E-02 9.742E-01 14 2.896E-05 1.000E+02 15 9.686E-04 9.658E+00
16 1.990E-03 1.550E+00 17 7.053E-04 8.221E+00 19 2.373E-02 4.467E+00 20 6.891E-04 2.268E+01 21 9.503E-08 1.000E+02
22 9.833E-06 7.815E+01 23 2.090E-04 3.559E+00 24 4.188E-03 4.160E-01 25 2.571E-07 6.063E+01 26 4.599E-03 6.874E-01
27 2.248E-03 8.736E-01
130  25
 1 1.178E-03 1.601E+01  2 2.382E-05 2.025E+01  3 1.987E-02 1.439E+00  5 3.974E-04 3.622E+01  6 5.366E-04 9.063E+00
 7 4.299E-05 1.407E+01  8 6.758E-05 2.325E+01  9 1.683E-05 4.953E+01 10 8.543E-03 1.736E+00 11 2.691E-04 1.235E+01
12 8.943E-04 3.046E+00 13 1.215E-02 8.323E-01 14 2.179E-06 1.000E+02 15 7.736E-04 1.086E+01 16 2.013E-03 8.388E-01
17 6.258E-04 8.940E+00 19 2.827E-02 4.752E+00 20 5.692E-04 3.235E+01 21 1.241E-05 1.000E+02 22 1.745E-05 6.915E+01
23 1.954E-04 3.456E+00 24 4.259E-03 3.317E-01 25 1.222E-07 6.826E+01 26 5.556E-03 4.481E-01 27 3.016E-03 5.500E-01
131  24
 1 1.084E-03 2.621E+01  2 3.522E-05 1.631E+01  3 1.348E-02 1.704E+00  5 2.317E-04 3.440E+01  6 5.728E-04 8.624E+00
 7 4.027E-05 1.884E+01  8 4.766E-05 2.460E+01  9 1.591E-05 4.236E+01 10 6.077E-03 1.912E+00 11 2.180E-04 1.066E+01
12 8.131E-04 2.823E+00 13 1.210E-02 9.690E-01 15 7.635E-04 1.039E+01 16 2.021E-03 1.124E+00 17 7.106E-04 8.453E+00
19 3.224E-02 3.696E+00 20 6.781E-04 3.635E+01 21 7.887E-07 1.000E+02 22 1.817E-05 8.454E+01 23 2.220E-04 4.155E+00
24 4.270E-03 3.173E-01 25 1.064E-07 4.721E+01 26 6.272E-03 5.733E-01 27 3.569E-03 6.262E-01
132  25
 1 1.080E-03 2.013E+01  2 3.592E-05 1.914E+01  3 5.938E-03 2.437E+00  5 2.972E-04 6.583E+01  6 4.973E-04 9.162E+00
 7 3.144E-05 1.477E+01  8 1.771E-05 2.833E+01  9 1.088E-05 5.857E+01 10 5.369E-03 2.168E+00 11 2.145E-04 9.098E+00
12 7.824E-04 3.226E+00 13 1.207E-02 1.020E+00 14 1.447E-05 1.000E+02 15 6.707E-04 1.148E+01 16 2.059E-03 1.093E+00
17 5.875E-04 6.842E+00 19 3.620E-02 4.373E+00 20 6.154E-04 2.445E+01 21 2.493E-07 1.000E+02 22 3.080E-05 5.651E+01
23 2.246E-04 4.465E+00 24 4.275E-03 3.472E-01 25 1.267E-07 6.405E+01 26 6.338E-03 5.549E-01 27 3.620E-03 6.413E-01
133  25
 1 9.281E-04 2.139E+01  2 4.237E-05 1.521E+01  3 3.249E-03 2.625E+00  4 3.562E-05 6.883E+01  5 2.184E-04 3.316E+01
 6 4.209E-04 9.898E+00  7 2.694E-05 1.696E+01  8 4.469E-05 1.867E+01  9 7.211E-06 7.121E+01 10 5.031E-03 2.667E+00
11 1.772E-04 1.177E+01 12 7.272E-04 3.135E+00 13 1.236E-02 6.487E-01 15 6.625E-04 8.063E+00 16 1.763E-03 1.046E+00
17 4.976E-04 7.820E+00 19 4.384E-02 3.551E+00 20 7.899E-04 1.763E+01 21 1.472E-06 1.000E+02 22 7.316E-06 7.201E+01
23 2.610E-04 3.182E+00 24 4.176E-03 3.209E-01 25 2.333E-08 1.000E+02 26 5.062E-03 4.824E-01 27 2.561E-03 6.671E-01
134  23
 1 8.274E-04 2.606E+01  2 4.119E-05 1.383E+01  3 2.808E-03 3.391E+00  5 2.406E-04 4.876E+01  6 3.860E-04 9.623E+00
 7 4.296E-05 1.139E+01  8 3.189E-05 2.048E+01  9 4.154E-06 6.665E+01 10 4.790E-03 2.192E+00 11 1.954E-04 1.058E+01
12 6.888E-04 3.781E+00 13 1.259E-02 8.886E-01 15 8.242E-04 1.026E+01 16 1.795E-03 1.372E+00 17 5.004E-04 1.397E+01
19 4.536E-02 3.633E+00 20 8.045E-04 1.900E+01 22 1.216E-05 6.931E+01 23 2.926E-04 3.541E+00 24 4.177E-03 3.149E-01
25 1.245E-07 6.829E+01 26 4.726E-03 5.965E-01 27 2.275E-03 7.589E-01
135  24
 1 7.181E-04 2.058E+01  2 3.255E-05 1.657E+01  3 2.586E-03 3.302E+00  5 2.510E-04 3.152E+01  6 3.265E-04 1.082E+01
 7 2.744E-05 1.438E+01  8 4.305E-05 2.065E+01  9 2.733E-06 5.156E+01 10 4.207E-03 2.122E+00 11 1.308E-04 1.424E+01
12 6.196E-04 3.140E+00 13 1.203E-02 9.032E-01 15 6.718E-04 1.356E+01 16 1.805E-03 1.325E+00 17 4.915E-04 1.126E+01
19 4.114E-02 3.651E+00 20 9.041E-04 1.972E+01 21 2.078E-06 1.000E+02 22 3.559E-07 1.000E+02 23 2.923E-04 3.500E+00
24 4.150E-03 3.085E-01 25 5.945E-08 7.207E+01 26 4.762E-03 5.376E-01 27 2.306E-03 8.276E-01
136  25
 1 7.189E-04 1.904E+01  2 4.205E-05 1.747E+01  3 2.240E-03 3.864E+00  4 1.140E-06 1.000E+02  5 1.201E-04 4.870E+01
 6 3.219E-04 1.064E+01  7 3.985E-05 1.618E+01  8 4.278E-05 3.334E+01  9 6.088E-06 4.276E+01 10 3.620E-03 2.112E+00
11 1.510E-04 1.635E+01 12 5.816E-04 2.205E+00 13 1.094E-02 8.947E-01 15 5.289E-04 1.401E+01 16 1.770E-03 1.203E+00
17 5.030E-04 7.699E+00 19 3.752E-02 4.324E+00 20 7.263E-04 1.764E+01 21 2.543E-06 1.000E+02 22 1.404E-05 4.738E+01
23 3.067E-04 3.331E+00 24 4.266E-03 2.880E-01 25 2.062E-07 8.424E+01 26 6.367E-03 4.909E-01 27 3.601E-03 6.401E-01
137  25
 1 6.922E-04 1.934E+01  2 5.911E-05 1.363E+01  3 2.220E-03 3.580E+00  4 4.436E-06 8.839E+01  5 1.749E-04 5.564E+01
 6 3.258E-04 1.330E+01  7 2.513E-05 1.864E+01  8 4.901E-05 3.323E+01  9 8.468E-06 5.944E+01 10 3.238E-03 2.499E+00
11 1.308E-04 1.184E+01 12 5.172E-04 3.519E+00 13 1.066E-02 1.159E+00 15 5.926E-04 1.357E+01 16 1.747E-03 9.913E-01
17 3.637E-04 1.094E+01 19 3.463E-02 3.168E+00 20 7.637E-04 1.435E+01 21 5.570E-06 1.000E+02 22 1.636E-07 1.000E+02
23 3.623E-04 2.219E+00 24 4.282E-03 3.210E-01 25 5.131E-08 6.356E+01 26 6.458E-03 3.769E-01 27 3.641E-03 4.795E-01
138  22
 1 6.330E-04 2.792E+01  2 5.167E-05 9.786E+00  3 1.859E-03 3.675E+00  5 3.577E-05 8.768E+01  6 2.597E-04 1.476E+01
 7 1.905E-05 2.485E+01  8 2.217E-05 2.817E+01  9 2.860E-06 8.050E+01 10 3.089E-03 3.569E+00 11 1.159E-04 1.424E+01
12 4.788E-04 4.409E+00 13 1.054E-02 8.749E-01 15 4.462E-04 1.124E+01 16 1.778E-03 9.681E-01 17 4.099E-04 1.061E+01
19 3.233E-02 3.151E+00 20 1.287E-03 1.787E+01 23 3.820E-04 3.182E+00 24 4.269E-03 3.017E-01 25 1.884E-07 1.000E+02
26 6.076E-03 5.831E-01 27 3.341E-03 6.259E-01
139  24
 1 3.937E-04 3.141E+01  2 5.910E-05 1.287E+01  3 1.910E-03 3.560E+00  5 2.822E-04 4.172E+01  6 2.661E-04 1.300E+01
 7 2.851E-05 1.843E+01  8 4.738E-05 2.515E+01  9 1.182E-05 7.467E+01 10 2.830E-03 4.095E+00 11 1.487E-04 1.853E+01
12 4.627E-04 3.906E+00 13 1.039E-02 7.607E-01 14 3.173E-06 1.000E+02 15 4.014E-04 1.299E+01 16 1.804E-03 1.273E+00
17 3.589E-04 1.211E+01 19 3.110E-02 4.192E+00 20 1.108E-03 1.885E+01 22 1.964E-06 1.000E+02 23 4.382E-04 3.035E+00
24 4.151E-03 3.863E-01 25 1.235E-10 1.000E+02 26 4.750E-03 5.883E-01 27 2.271E-03 8.293E-01
140  24
 1 6.850E-04 2.739E+01  2 6.486E-05 1.133E+01  3 1.704E-03 4.113E+00  4 9.744E-07 1.000E+02  5 1.722E-04 6.517E+01
 6 2.946E-04 1.284E+01  7 1.899E-05 3.321E+01  8 3.344E-05 4.116E+01  9 3.021E-06 8.260E+01 10 2.829E-03 2.281E+00
11 8.462E-05 1.639E+01 12 4.218E-04 4.725E+00 13 9.785E-03 7.402E-01 15 4.260E-04 1.042E+01 16 1.754E-03 1.374E+00
17 3.171E-04 1.073E+01 19 2.320E-02 3.923E+00 20 1.198E-03 1.075E+01 22 6.096E-08 1.000E+02 23 4.774E-04 2.507E+00
24 4.147E-03 3.497E-01 25 1.182E-08 1.000E+02 26 4.733E-03 6.247E-01 27 2.245E-03 9.613E-01
141  23
 1 4.156E-04 2.539E+01  2 6.549E-05 1.371E+01  3 1.394E-03 4.676E+00  5 1.178E-05 8.046E+01  6 2.520E-04 1.021E+01
 7 1.867E-05 1.685E+01  8 3.336E-05 4.100E+01  9 7.578E-06 8.111E+01 10 2.408E-03 3.726E+00 11 1.033E-04 1.312E+01
12 4.129E-04 3.608E+00 13 9.191E-03 8.630E-01 15 4.194E-04 1.503E+01 16 1.751E-03 1.401E+00 17 2.930E-04 1.010E+01
19 1.947E-02 4.823E+00 20 1.618E-03 1.525E+01 22 2.194E-07 1.000E+02 23 5.259E-04 2.583E+00 24 4.185E-03 3.535E-01
25 4.351E-08 7.868E+01 26 5.432E-03 4.575E-01 27 2.794E-03 6.761E-01
142  23
 1 4.343E-04 3.873E+01  2 7.454E-05 1.033E+01  3 1.327E-03 5.124E+00  4 5.544E-05 1.000E+02  5 3.549E-04 3.703E+01
 6 2.370E-04 1.370E+01  7 2.579E-05 1.568E+01  8 3.138E-05 2.103E+01  9 5.461E-06 6.571E+01 10 2.185E-03 3.377E+00
11 1.192E-04 1.321E+01 12 3.830E-04 3.138E+00 13 8.357E-03 1.158E+00 15 3.171E-04 1.671E+01 16 1.759E-03 1.150E+00
17 2.638E-04 1.664E+01 19 1.181E-02 6.225E+00 20 1.763E-03 1.354E+01 23 5.382E-04 1.741E+00 24 4.250E-03 3.167E-01
25 5.215E-09 1.000E+02 26 6.463E-03 5.044E-01 27 3.635E-03 5.713E-01
143  23
 1 5.859E-04 2.599E+01  2 8.161E-05 1.071E+01  3 1.232E-03 4.715E+00  4 5.945E-05 9.786E+01  5 9.125E-05 7.316E+01
 6 2.157E-04 1.172E+01  7 1.306E-05 1.961E+01  8 2.171E-05 2.903E+01  9 4.899E-08 1.000E+02 10 2.007E-03 3.614E+00
11 1.058E-04 1.499E+01 12 3.667E-04 3.984E+00 13 7.888E-03 1.294E+00 15 2.905E-04 1.502E+01 16 1.760E-03 1.115E+00
17 3.459E-04 7.077E+00 19 8.458E-03 7.978E+00 20 1.829E-03 1.264E+01 22 4.446E-08 1.000E+02 23 6.039E-04 2.264E+00
24 4.244E-03 3.040E-01 26 6.437E-03 5.297E-01 27 3.592E-03 6.081E-01
144  22
 1 3.304E-04 4.851E+01  2 8.816E-05 1.077E+01  3 1.048E-03 4.387E+00  4 5.999E-07 1.000E+02  5 1.392E-04 6.371E+01
 6 1.326E-04 1.609E+01  7 1.351E-05 2.126E+01  8 7.369E-06 3.714E+01  9 4.515E-07 1.000E+02 10 1.840E-03 3.371E+00
11 9.860E-05 1.294E+01 12 3.049E-04 5.001E+00 13 7.854E-03 1.329E+00 15 3.102E-04 1.093E+01 16 1.787E-03 1.035E+00
17 2.479E-04 1.694E+01 19 7.615E-03 6.606E+00 20 2.027E-03 1.483E+01 23 7.082E-04 1.799E+00 24 4.150E-03 3.438E-01
26 5.382E-03 4.952E-01 27 2.726E-03 7.070E-01
145  22
 1 4.193E-04 2.522E+01  2 9.871E-05 8.584E+00  3 1.068E-03 5.010E+00  4 1.033E-04 6.862E+01  5 2.398E-05 5.300E+01
 6 1.903E-04 1.534E+01  7 2.088E-05 2.340E+01  8 1.776E-05 2.630E+01  9 2.278E-06 7.005E+01 10 1.614E-03 5.076E+00
11 6.251E-05 3.078E+01 12 3.194E-04 5.006E+00 13 7.442E-03 1.462E+00 15 3.348E-04 1.630E+01 16 1.761E-03 1.076E+00
17 1.905E-04 1.101E+01 19 6.937E-03 6.933E+00 20 2.132E-03 1.569E+01 23 7.694E-04 2.082E+00 24 4.130E-03 3.464E-01
26 4.729E-03 5.101E-01 27 2.184E-03 6.342E-01
146  23
 1 3.050E-04 2.817E+01  2 1.275E-04 1.006E+01  3 1.013E-03 4.660E+00  4 1.628E-04 4.777E+01  5 9.543E-05 4.143E+01
 6 1.252E-04 1.966E+01  7 1.304E-05 2.057E+01  8 1.897E-05 2.810E+01  9 1.217E-06 8.200E+01 10 1.565E-03 3.325E+00
11 4.871E-05 2.051E+01 12 2.834E-04 3.788E+00 13 7.027E-03 9.648E-01 15 2.221E-04 1.424E+01 16 1.791E-03 1.204E+00
17 2.410E-04 1.466E+01 19 6.441E-03 8.778E+00 20 2.423E-03 1.499E+01 23 8.669E-04 1.989E+00 24 4.098E-03 2.766E-01
25 6.347E-08 6.872E+01 26 4.738E-03 5.347E-01 27 2.191E-03 7.348E-01
147  25
 1 1.679E-04 3.433E+01  2 1.201E-04 1.144E+01  3 8.263E-04 5.762E+00  4 5.110E-05 1.000E+02  5 1.784E-04 7.012E+01
 6 1.680E-04 1.685E+01  7 1.998E-05 2.438E+01  8 3.177E-05 3.475E+01  9 4.089E-06 7.492E+01 10 1.442E-03 3.783E+00
11 7.088E-05 1.555E+01 12 2.565E-04 5.194E+00 13 6.186E-03 1.125E+00 15 2.132E-04 1.643E+01 16 1.769E-03 1.203E+00
17 2.415E-04 1.399E+01 19 5.006E-03 7.555E+00 20 2.988E-03 6.546E+00 21 2.713E-05 7.117E+01 22 1.371E-05 1.000E+02
23 9.036E-04 1.806E+00 24 4.166E-03 3.196E-01 25 5.275E-08 1.000E+02 26 6.014E-03 4.661E-01 27 3.244E-03 5.359E-01
148  25
 1 2.387E-04 3.322E+01  2 1.327E-04 1.082E+01  3 8.265E-04 5.178E+00  4 2.367E-04 8.509E+01  5 2.054E-04 5.730E+01
 6 1.697E-04 1.387E+01  7 9.920E-06 2.999E+01  8 1.717E-05 3.944E+01  9 4.233E-06 7.384E+01 10 1.174E-03 3.869E+00
11 8.121E-05 2.589E+01 12 2.171E-04 5.857E+00 13 5.614E-03 1.540E+00 15 1.935E-04 2.301E+01 16 1.809E-03 7.559E-01
17 1.539E-04 2.155E+01 19 3.946E-03 9.054E+00 20 3.230E-03 9.497E+00 21 8.974E-07 1.000E+02 22 1.591E-05 9.241E+01
23 9.942E-04 1.594E+00 24 4.166E-03 3.059E-01 25 3.393E-08 8.201E+01 26 6.386E-03 6.084E-01 27 3.522E-03 8.111E-01
149  23
 1 3.231E-04 4.417E+01  2 1.414E-04 5.772E+00  3 6.560E-04 6.481E+00  4 6.686E-04 5.081E+01  5 4.794E-05 7.198E+01
 6 1.048E-04 1.715E+01  7 7.606E-06 2.493E+01  8 2.007E-05 3.239E+01  9 1.263E-08 1.000E+02 10 1.154E-03 5.031E+00
11 6.208E-05 1.510E+01 12 1.996E-04 6.707E+00 13 5.213E-03 1.237E+00 15 1.744E-04 1.697E+01 16 1.842E-03 1.037E+00
17 1.928E-04 2.279E+01 19 3.893E-03 9.670E+00 20 3.537E-03 1.110E+01 22 5.675E-07 1.000E+02 23 1.090E-03 2.339E+00
24 4.155E-03 3.404E-01 26 6.353E-03 4.767E-01 27 3.491E-03 5.809E-01
150  23
 1 2.364E-04 4.222E+01  2 1.868E-04 7.258E+00  3 6.275E-04 7.518E+00  4 1.138E-04 5.353E+01  5 8.544E-05 4.831E+01
 6 1.330E-04 1.654E+01  7 7.393E-06 4.363E+01  8 1.425E-05 4.182E+01  9 7.984E-07 1.000E+02 10 1.122E-03 4.283E+00
11 5.909E-05 2.327E+01 12 2.120E-04 6.213E+00 13 5.034E-03 1.277E+00 15 1.961E-04 1.429E+01 16 1.839E-03 1.198E+00
17 1.822E-04 1.011E+01 19 3.746E-03 6.978E+00 20 4.271E-03 7.844E+00 23 1.312E-03 1.438E+00 24 4.004E-03 2.900E-01
25 1.329E-08 1.000E+02 26 4.692E-03 5.715E-01 27 2.137E-03 7.291E-01
151  23
 1 2.107E-04 3.095E+01  2 1.795E-04 7.865E+00  3 5.793E-04 5.316E+00  4 1.544E-04 5.315E+01  5 5.014E-05 5.574E+01
 6 1.031E-04 1.772E+01  7 4.228E-06 3.856E+01  8 1.098E-05 4.173E+01  9 2.170E-06 7.300E+01 10 1.041E-03 5.646E+00
11 4.697E-05 2.398E+01 12 1.916E-04 7.883E+00 13 4.493E-03 1.106E+00 15 1.070E-04 2.500E+01 16 1.854E-03 1.242E+00
17 1.826E-04 1.607E+01 19 3.422E-03 1.205E+01 20 3.914E-03 8.675E+00 22 1.207E-06 8.728E+01 23 1.436E-03 1.596E+00
24 3.968E-03 3.125E-01 26 4.648E-03 6.118E-01 27 2.089E-03 8.514E-01
152  24
 1 4.168E-05 7.404E+01  2 2.427E-04 6.674E+00  3 5.921E-04 7.009E+00  4 1.288E-04 6.507E+01  5 3.159E-05 6.254E+01
 6 9.749E-05 2.347E+01  7 9.546E-06 2.342E+01  8 4.163E-05 3.542E+01  9 2.478E-06 8.416E+01 10 8.718E-04 3.693E+00
11 5.907E-05 2.468E+01 12 1.667E-04 4.382E+00 13 3.849E-03 1.600E+00 15 1.120E-04 2.370E+01 16 1.847E-03 9.612E-01
17 1.340E-04 1.764E+01 19 3.355E-03 1.210E+01 20 4.733E-03 8.448E+00 22 9.966E-08 1.000E+02 23 1.618E-03 1.322E+00
24 3.932E-03 3.167E-01 25 1.076E-07 6.917E+01 26 4.960E-03 4.951E-01 27 2.340E-03 6.454E-01
153  25
 1 1.824E-04 4.372E+01  2 2.696E-04 5.796E+00  3 5.279E-04 5.892E+00  4 5.744E-04 7.318E+01  5 2.763E-05 7.230E+01
 6 8.569E-05 2.269E+01  7 8.891E-06 3.955E+01  8 1.134E-05 3.646E+01  9 2.300E-06 5.885E+01 10 8.987E-04 6.099E+00
11 4.274E-05 1.795E+01 12 1.624E-04 7.787E+00 13 3.366E-03 1.165E+00 15 1.445E-04 2.289E+01 16 1.834E-03 1.140E+00
17 1.401E-04 1.738E+01 18 8.387E-07 1.000E+02 19 2.711E-03 1.110E+01 20 5.186E-03 9.473E+00 22 3.714E-06 1.000E+02
23 1.764E-03 1.875E+00 24 3.984E-03 3.230E-01 25 8.987E-08 9.315E+01 26 6.270E-03 4.186E-01 27 3.398E-03 5.013E-01
154  21
 1 2.353E-04 3.930E+01  2 2.854E-04 5.282E+00  3 4.855E-04 5.356E+00  4 3.478E-04 4.423E+01  6 1.315E-04 1.586E+01
 7 3.068E-06 3.969E+01  8 1.050E-05 4.255E+01  9 1.101E-07 1.000E+02 10 7.463E-04 6.906E+00 11 4.074E-05 2.284E+01
12 1.383E-04 7.594E+00 13 2.892E-03 1.432E+00 15 1.540E-04 3.036E+01 16 1.875E-03 1.152E+00 17 1.546E-04 2.637E+01
19 2.744E-03 1.132E+01 20 6.325E-03 7.250E+00 23 1.997E-03 1.403E+00 24 3.923E-03 3.887E-01 26 6.289E-03 4.746E-01
27 3.394E-03 6.908E-01
155  22
 1 1.812E-04 3.543E+01  2 3.482E-04 5.472E+00  3 3.357E-04 9.925E+00  4 5.154E-04 4.773E+01  5 2.254E-05 1.000E+02
 6 8.734E-05 1.848E+01  7 9.978E-06 3.253E+01  8 7.304E-06 4.624E+01 10 7.131E-04 4.434E+00 11 4.110E-05 2.086E+01
12 1.289E-04 6.706E+00 13 2.582E-03 2.082E+00 15 1.218E-04 2.168E+01 16 1.936E-03 1.081E+00 17 1.723E-04 2.275E+01
19 2.108E-03 1.492E+01 20 5.870E-03 9.321E+00 23 2.264E-03 1.473E+00 24 3.749E-03 3.498E-01 25 1.051E-08 1.000E+02
26 5.296E-03 5.189E-01 27 2.673E-03 6.714E-01
156  23
 1 6.095E-05 5.237E+01  2 3.644E-04 5.054E+00  3 4.405E-04 7.510E+00  4 2.069E-04 4.937E+01  5 5.332E-05 1.000E+02
 6 1.036E-04 2.440E+01  7 1.090E-05 3.432E+01  8 2.266E-06 6.946E+01 10 6.008E-04 5.271E+00 11 4.084E-05 2.446E+01
12 1.237E-04 7.264E+00 13 2.330E-03 2.307E+00 15 7.093E-05 2.273E+01 16 1.988E-03 7.973E-01 17 7.087E-05 2.709E+01
19 1.680E-03 1.194E+01 20 6.383E-03 7.266E+00 21 5.551E-06 1.000E+02 22 1.887E-06 1.000E+02 23 2.523E-03 1.012E+00
24 3.658E-03 3.410E-01 26 4.981E-03 5.897E-01 27 2.130E-03 8.657E-01
157  21
 1 7.421E-05 4.737E+01  2 4.419E-04 3.838E+00  3 3.524E-04 8.138E+00  4 1.453E-04 4.968E+01  5 2.979E-06 1.000E+02
 6 6.860E-05 2.100E+01  7 6.748E-06 2.930E+01  8 6.068E-06 5.115E+01 10 5.323E-04 6.980E+00 11 2.174E-05 2.299E+01
12 1.024E-04 7.423E+00 13 1.945E-03 2.519E+00 15 6.273E-05 2.105E+01 16 2.038E-03 1.225E+00 17 8.483E-05 2.368E+01
19 1.696E-03 1.572E+01 20 8.494E-03 7.622E+00 23 2.924E-03 8.467E-01 24 3.556E-03 3.394E-01 26 5.227E-03 5.612E-01
27 2.224E-03 8.379E-01
158  24
 1 9.916E-05 4.153E+01  2 4.468E-04 6.365E+00  3 2.885E-04 8.492E+00  4 2.478E-04 3.148E+01  5 1.165E-04 5.264E+01
 6 5.443E-05 2.372E+01  7 8.226E-06 2.230E+01  8 4.788E-06 4.631E+01  9 1.501E-06 1.000E+02 10 4.569E-04 6.815E+00
11 3.261E-05 2.681E+01 12 1.061E-04 8.614E+00 13 1.723E-03 2.019E+00 15 7.467E-05 3.838E+01 16 2.115E-03 1.008E+00
17 7.675E-05 2.669E+01 19 1.484E-03 1.457E+01 20 9.302E-03 5.110E+00 22 1.301E-05 1.000E+02 23 3.391E-03 1.152E+00
24 3.328E-03 3.578E-01 25 3.448E-10 1.000E+02 26 4.661E-03 6.493E-01 27 1.946E-03 9.216E-01
159  22
 1 1.125E-04 3.728E+01  2 5.047E-04 3.218E+00  3 3.292E-04 8.387E+00  4 8.988E-04 3.165E+01  5 3.255E-05 8.035E+01
 6 5.159E-05 2.554E+01  7 3.681E-06 5.552E+01  8 1.667E-06 8.040E+01 10 4.220E-04 9.559E+00 11 4.820E-05 3.272E+01
12 8.345E-05 9.115E+00 13 1.614E-03 1.619E+00 14 5.830E-06 1.000E+02 15 6.895E-05 3.890E+01 16 2.304E-03 8.616E-01
17 7.362E-05 2.178E+01 19 1.075E-03 1.326E+01 20 1.150E-02 4.787E+00 23 4.021E-03 1.074E+00 24 3.001E-03 3.100E-01
26 2.779E-03 6.869E-01 27 1.328E-03 9.141E-01
160  22
 1 4.053E-05 8.925E+01  2 5.970E-04 4.977E+00  3 2.845E-04 8.745E+00  4 3.402E-04 7.087E+01  5 6.639E-06 1.000E+02
 6 3.809E-05 3.238E+01  7 7.488E-06 4.463E+01  8 1.082E-05 5.271E+01 10 3.385E-04 7.812E+00 11 1.867E-05 2.833E+01
12 8.051E-05 1.039E+01 13 1.489E-03 1.937E+00 15 5.856E-05 2.987E+01 16 7.710E-03 6.970E-01 17 6.719E-05 2.458E+01
19 1.357E-03 1.438E+01 20 1.606E-02 5.265E+00 21 5.097E-06 1.000E+02 23 4.781E-03 9.310E-01 24 2.728E-03 3.483E-01
26 2.517E-03 6.473E-01 27 1.189E-03 9.302E-01
161  21
 1 5.400E-05 4.231E+01  2 3.972E-04 4.118E+00  3 1.272E-04 1.044E+01  4 1.780E-04 5.439E+01  5 1.980E-05 8.459E+01
 6 3.685E-05 2.166E+01  7 2.197E-06 7.513E+01  8 2.548E-06 8.048E+01 10 2.769E-04 8.206E+00 11 1.658E-05 3.683E+01
12 6.453E-05 8.983E+00 13 1.097E-03 2.494E+00 15 5.262E-05 2.281E+01 16 1.495E-03 5.375E-01 17 4.832E-05 2.401E+01
19 1.091E-03 1.124E+01 20 4.338E-02 2.497E+00 23 1.236E-02 4.172E-01 24 1.016E-03 4.995E-01 26 2.340E-03 7.176E-01
27 1.081E-03 8.640E-01
162  22
 1 1.915E-05 6.158E+01  2 4.458E-04 2.333E+00  3 1.385E-04 9.303E+00  4 2.028E-04 5.208E+01  5 1.388E-06 1.000E+02
 6 4.609E-05 2.108E+01  7 3.192E-06 3.580E+01  8 2.756E-06 6.820E+01 10 2.211E-04 8.331E+00 11 2.343E-05 3.990E+01
12 5.662E-05 5.028E+00 13 9.717E-04 2.244E+00 15 4.430E-05 2.503E+01 16 1.509E-03 8.245E-01 17 5.738E-05 3.000E+01
19 7.387E-04 1.114E+01 20 6.684E-02 2.194E+00 23 1.324E-02 3.358E-01 24 8.643E-04 4.209E-01 25 7.219E-09 1.000E+02
26 2.331E-03 7.000E-01 27 1.025E-03 8.131E-01
163  21
 1 7.370E-05 4.108E+01  2 4.973E-04 3.461E+00  3 1.263E-04 1.182E+01  4 2.248E-04 3.750E+01  5 3.753E-06 1.000E+02
 6 7.768E-06 2.940E+01  7 3.482E-06 3.222E+01  8 4.296E-06 4.333E+01 10 1.972E-04 8.762E+00 11 1.001E-05 2.782E+01
12 5.752E-05 9.245E+00 13 8.518E-04 2.454E+00 15 3.841E-05 2.090E+01 16 1.482E-03 8.826E-01 17 2.467E-05 2.929E+01
19 6.798E-04 1.544E+01 20 8.004E-02 1.382E+00 23 1.382E-02 3.204E-01 24 7.426E-04 5.427E-01 26 2.336E-03 4.959E-01
27 9.857E-04 6.356E-01
164  22
 1 2.816E-05 8.642E+01  2 5.794E-04 3.326E+00  3 1.297E-04 1.046E+01  4 1.997E-04 4.572E+01  5 9.623E-06 1.000E+02
 6 2.933E-05 2.546E+01  7 2.826E-06 5.936E+01  8 3.272E-06 5.296E+01  9 2.262E-06 1.000E+02 10 1.675E-04 6.835E+00
11 1.238E-05 3.245E+01 12 4.827E-05 6.797E+00 13 8.001E-04 1.612E+00 15 4.121E-05 3.572E+01 16 1.491E-03 7.791E-01
17 3.990E-05 2.308E+01 19 7.133E-04 1.705E+01 20 8.180E-02 1.622E+00 23 1.448E-02 3.417E-01 24 6.536E-04 5.491E-01
26 2.403E-03 6.153E-01 27 9.732E-04 8.362E-01
165  20
 1 8.269E-05 6.388E+01  2 6.148E-04 3.484E+00  3 9.624E-05 1.116E+01  4 5.086E-04 3.690E+01  6 1.577E-05 3.999E+01
 7 2.159E-06 3.397E+01  8 2.225E-06 5.683E+01 10 1.964E-04 9.394E+00 11 8.348E-06 3.516E+01 12 3.672E-05 9.683E+00
13 7.345E-04 2.523E+00 15 3.893E-05 3.697E+01 16 1.468E-03 9.090E-01 17 4.123E-05 2.436E+01 19 6.833E-04 1.419E+01
20 7.835E-02 2.113E+00 23 1.488E-02 3.237E-01 24 5.732E-04 6.938E-01 26 2.445E-03 6.570E-01 27 9.631E-04 8.015E-01
166  21
 1 2.529E-05 6.545E+01  2 6.729E-04 2.584E+00  3 9.028E-05 1.552E+01  4 4.151E-04 4.660E+01  5 4.319E-06 8.791E+01
 6 1.966E-05 3.068E+01  7 8.287E-07 5.909E+01  9 3.093E-07 1.000E+02 10 1.738E-04 8.862E+00 11 1.006E-05 3.536E+01
12 3.477E-05 8.686E+00 13 6.711E-04 2.875E+00 15 4.977E-05 2.127E+01 16 1.472E-03 1.060E+00 17 2.496E-05 2.880E+01
19 4.254E-04 1.773E+01 20 6.937E-02 2.093E+00 23 1.532E-02 3.248E-01 24 5.140E-04 6.359E-01 26 2.496E-03 6.517E-01
27 9.466E-04 8.298E-01
167  20
 1 1.063E-05 9.848E+01  2 8.414E-04 3.108E+00  3 7.161E-05 1.602E+01  4 3.306E-04 4.658E+01  6 3.053E-05 2.982E+01
 7 8.783E-08 6.718E+01  8 8.681E-07 1.000E+02 10 1.744E-04 1.065E+01 11 1.046E-05 4.056E+01 12 3.039E-05 1.407E+01
13 5.745E-04 2.732E+00 15 6.079E-05 2.800E+01 16 1.490E-03 1.098E+00 17 1.691E-05 2.889E+01 19 4.668E-04 1.882E+01
20 6.526E-02 2.277E+00 23 1.578E-02 3.245E-01 24 4.589E-04 7.961E-01 26 2.627E-03 5.057E-01 27 9.686E-04 5.552E-01
168  22
 1 6.000E-06 7.475E+01  2 9.014E-04 2.633E+00  3 7.758E-05 1.371E+01  4 3.342E-04 3.339E+01  6 2.436E-05 2.397E+01
 7 2.279E-07 4.864E+01  8 2.661E-06 5.739E+01 10 1.323E-04 1.296E+01 11 9.549E-06 3.640E+01 12 3.123E-05 1.283E+01
13 5.265E-04 3.390E+00 15 3.638E-05 4.332E+01 16 2.400E-03 1.029E+00 17 3.542E-05 3.844E+01 19 5.792E-04 1.570E+01
20 5.291E-02 2.309E+00 21 4.300E-08 1.000E+02 22 4.906E-07 1.000E+02 23 1.648E-02 3.587E-01 24 4.262E-04 7.929E-01
26 2.831E-03 6.882E-01 27 9.985E-04 7.773E-01
169  21
 1 5.488E-06 1.000E+02  2 9.525E-04 1.818E+00  3 1.045E-04 1.326E+01  4 8.716E-04 3.033E+01  6 1.397E-05 3.178E+01
 7 6.280E-07 8.865E+01  8 5.181E-07 1.000E+02  9 7.535E-07 1.000E+02 10 1.424E-04 1.043E+01 11 1.448E-05 4.001E+01
12 3.517E-05 1.131E+01 13 4.957E-04 3.429E+00 15 2.810E-05 3.941E+01 16 1.626E-03 8.849E-01 17 2.730E-05 4.253E+01
19 4.763E-04 1.595E+01 20 3.186E-02 3.401E+00 23 1.832E-02 3.344E-01 24 3.907E-04 7.362E-01 26 4.486E-03 4.231E-01
27 1.402E-03 5.625E-01
170  21
 1 6.946E-06 1.000E+02  2 1.036E-03 2.491E+00  3 8.198E-05 1.508E+01  4 6.677E-04 3.024E+01  5 1.849E-06 1.000E+02
 6 2.259E-05 3.798E+01  7 1.807E-06 6.777E+01  8 1.044E-06 6.039E+01 10 1.133E-04 8.620E+00 11 1.023E-05 3.245E+01
12 2.947E-05 1.250E+01 13 4.083E-04 3.592E+00 15 2.711E-05 4.109E+01 16 1.544E-03 9.259E-01 17 2.408E-05 3.505E+01
19 3.390E-04 2.312E+01 20 2.160E-02 2.860E+00 23 1.865E-02 3.019E-01 24 3.414E-04 9.318E-01 26 4.645E-03 4.453E-01
27 1.416E-03 5.881E-01
171  22
 1 1.188E-05 8.909E+01  2 1.236E-03 2.121E+00  3 8.002E-05 1.580E+01  4 9.356E-04 2.835E+01  5 2.697E-05 8.812E+01
 6 5.307E-06 3.998E+01  7 3.196E-07 9.197E+01  8 9.599E-08 1.000E+02  9 1.566E-08 1.000E+02 10 1.118E-04 9.454E+00
11 9.095E-06 4.476E+01 12 2.660E-05 1.708E+01 13 3.895E-04 4.474E+00 15 1.212E-05 4.548E+01 16 1.486E-03 9.412E-01
17 3.140E-05 2.775E+01 19 4.139E-04 3.369E+01 20 1.346E-02 3.935E+00 23 1.916E-02 2.954E-01 24 3.067E-04 1.137E+00
26 4.842E-03 3.927E-01 27 1.448E-03 4.970E-01
172  21
 1 3.441E-05 9.942E+01  2 1.425E-03 1.853E+00  3 8.953E-05 1.775E+01  4 1.080E-03 2.339E+01  5 4.114E-05 1.000E+02
 6 9.503E-06 5.000E+01  7 8.028E-07 5.921E+01  8 1.019E-06 9.120E+01 10 9.452E-05 1.102E+01 11 3.206E-06 6.878E+01
12 2.031E-05 1.341E+01 13 3.485E-04 2.974E+00 15 1.367E-05 3.935E+01 16 1.446E-03 1.077E+00 17 2.832E-05 3.318E+01
19 3.123E-04 2.026E+01 20 1.053E-02 4.746E+00 23 1.929E-02 3.714E-01 24 2.715E-04 9.555E-01 26 4.888E-03 4.896E-01
27 1.454E-03 6.096E-01
173  20
 1 2.696E-05 6.489E+01  2 1.609E-03 2.206E+00  3 6.144E-05 1.663E+01  4 9.739E-04 2.439E+01  6 1.204E-05 4.580E+01
 7 1.968E-06 5.830E+01  8 1.639E-06 7.978E+01 10 1.025E-04 1.215E+01 11 1.427E-05 4.058E+01 12 1.943E-05 1.293E+01
13 3.196E-04 3.798E+00 15 1.417E-05 3.701E+01 16 1.439E-03 1.133E+00 17 2.311E-05 4.038E+01 19 3.004E-04 2.587E+01
20 1.005E-02 4.661E+00 23 1.959E-02 3.036E-01 24 2.419E-04 9.002E-01 26 4.984E-03 4.142E-01 27 1.462E-03 4.365E-01
174  22
 1 2.095E-05 6.331E+01  2 1.809E-03 2.035E+00  3 6.588E-05 1.405E+01  4 1.081E-03 2.253E+01  5 9.044E-06 1.000E+02
 6 6.807E-06 4.083E+01  7 1.011E-07 9.757E+01  8 5.708E-07 1.000E+02 10 6.992E-05 1.140E+01 11 3.281E-06 4.736E+01
12 1.273E-05 1.545E+01 13 2.788E-04 4.541E+00 15 1.795E-05 5.437E+01 16 1.444E-03 8.804E-01 17 1.803E-05 3.180E+01
19 2.434E-04 2.950E+01 20 8.244E-03 6.303E+00 22 2.353E-07 1.000E+02 23 1.965E-02 3.355E-01 24 2.117E-04 1.018E+00
26 5.009E-03 4.599E-01 27 1.444E-03 6.051E-01
175  20
 1 1.675E-06 1.000E+02  2 2.097E-03 1.633E+00  3 5.377E-05 1.725E+01  4 1.668E-03 1.624E+01  6 1.459E-06 7.341E+01
 7 7.704E-07 8.382E+01  8 1.299E-06 6.880E+01 10 8.265E-05 1.386E+01 11 1.481E-06 6.045E+01 12 1.794E-05 1.570E+01
13 2.542E-04 3.516E+00 15 9.562E-06 5.538E+01 16 1.437E-03 1.130E+00 17 2.273E-05 4.226E+01 19 1.749E-04 2.531E+01
20 7.487E-03 6.640E+00 23 1.994E-02 3.094E-01 24 1.941E-04 1.280E+00 26 5.131E-03 4.626E-01 27 1.465E-03 4.660E-01
176  19
 2 2.403E-03 1.430E+00  3 3.333E-05 2.274E+01  4 1.433E-03 1.630E+01  6 1.241E-05 4.172E+01  7 6.374E-07 1.000E+02
 8 7.100E-09 1.000E+02 10 6.382E-05 1.452E+01 11 3.420E-06 5.392E+01 12 1.680E-05 1.535E+01 13 2.458E-04 3.819E+00
15 2.616E-05 4.277E+01 16 1.418E-03 1.125E+00 17 1.738E-05 3.434E+01 19 2.242E-04 3.526E+01 20 5.550E-03 4.540E+00
23 2.003E-02 3.515E-01 24 1.780E-04 1.212E+00 26 5.156E-03 4.688E-01 27 1.469E-03 5.659E-01
177  21
 1 2.844E-05 6.747E+01  2 2.740E-03 1.483E+00  3 4.313E-05 2.210E+01  4 1.990E-03 1.458E+01  5 2.053E-05 1.000E+02
 6 8.133E-06 7.361E+01  7 1.191E-06 4.851E+01  8 1.947E-06 1.000E+02 10 6.980E-05 1.621E+01 11 4.550E-06 4.625E+01
12 1.384E-05 2.261E+01 13 1.858E-04 4.285E+00 15 1.631E-05 6.223E+01 16 1.415E-03 1.154E+00 17 5.812E-06 4.934E+01
19 1.399E-04 2.827E+01 20 5.683E-03 5.568E+00 23 2.007E-02 3.513E-01 24 1.533E-04 1.577E+00 26 5.192E-03 4.852E-01
27 1.464E-03 5.585E-01
178  21
 1 6.341E-07 1.000E+02  2 3.144E-03 1.455E+00  3 3.042E-05 2.102E+01  4 3.307E-03 1.141E+01  5 2.810E-05 6.888E+01
 6 6.240E-06 7.433E+01  7 1.036E-06 9.741E+01  8 8.347E-07 9.788E+01 10 6.019E-05 1.518E+01 11 1.345E-06 5.739E+01
12 1.703E-05 1.747E+01 13 1.724E-04 3.473E+00 15 5.158E-06 7.170E+01 16 1.373E-03 1.286E+00 17 1.194E-05 5.138E+01
19 1.182E-04 3.165E+01 20 4.948E-03 7.311E+00 23 2.030E-02 2.891E-01 24 1.411E-04 1.219E+00 26 5.289E-03 4.021E-01
27 1.467E-03 4.455E-01
179  21
 2 3.601E-03 1.140E+00  3 3.563E-05 1.934E+01  4 3.492E-03 1.583E+01  5 4.452E-07 1.000E+02  6 3.716E-06 6.457E+01
 7 3.821E-06 6.706E+01  8 1.828E-08 1.000E+02  9 6.085E-07 1.000E+02 10 2.670E-05 1.440E+01 11 1.731E-06 9.823E+01
12 1.337E-05 1.516E+01 13 1.605E-04 5.589E+00 15 8.548E-06 6.538E+01 16 1.395E-03 1.218E+00 17 1.073E-05 5.820E+01
19 1.096E-04 3.419E+01 20 3.971E-03 6.842E+00 23 2.027E-02 2.903E-01 24 1.316E-04 1.254E+00 26 5.330E-03 4.218E-01
27 1.468E-03 4.601E-01
180  19
 2 4.141E-03 1.242E+00  3 3.158E-05 2.115E+01  4 3.023E-03 1.288E+01  6 3.644E-06 4.874E+01  7 2.422E-07 8.430E+01
 8 1.340E-06 1.000E+02 10 4.948E-05 1.757E+01 11 4.881E-07 5.620E+01 12 6.829E-06 1.991E+01 13 1.480E-04 4.174E+00
15 2.523E-05 4.155E+01 16 1.385E-03 1.065E+00 17 6.670E-06 5.058E+01 19 1.973E-04 4.190E+01 20 3.321E-03 8.633E+00
23 2.045E-02 3.736E-01 24 1.175E-04 1.344E+00 26 5.423E-03 4.967E-01 27 1.475E-03 5.841E-01
181  21
 1 1.591E-05 6.984E+01  2 4.869E-03 8.734E-01  3 3.721E-05 2.011E+01  4 4.091E-03 1.479E+01  6 2.742E-06 9.786E+01
 7 3.791E-08 1.000E+02  8 1.707E-06 9.790E+01 10 5.841E-05 1.499E+01 11 1.686E-06 5.700E+01 12 1.314E-05 1.890E+01
13 1.401E-04 4.783E+00 15 7.219E-06 6.168E+01 16 1.390E-03 1.036E+00 17 1.302E-05 4.786E+01 19 1.468E-04 3.237E+01
20 3.166E-03 8.599E+00 23 2.040E-02 2.947E-01 24 1.074E-04 1.635E+00 25 1.702E-08 1.000E+02 26 5.510E-03 3.875E-01
27 1.478E-03 4.775E-01
182  19
 1 7.442E-06 1.000E+02  2 5.781E-03 9.550E-01  3 2.821E-05 2.254E+01  4 6.288E-03 1.069E+01  6 3.859E-06 7.779E+01
 8 1.134E-06 1.000E+02 10 2.945E-05 1.800E+01 11 6.477E-07 1.000E+02 12 4.592E-06 2.043E+01 13 1.260E-04 5.423E+00
15 9.283E-06 7.319E+01 16 1.356E-03 1.246E+00 17 1.656E-05 4.914E+01 19 1.282E-04 4.839E+01 20 2.852E-03 1.155E+01
23 2.077E-02 3.376E-01 24 9.455E-05 1.314E+00 26 5.793E-03 5.100E-01 27 1.455E-03 5.729E-01
183  22
 1 2.276E-05 1.000E+02  2 7.088E-03 9.880E-01  3 3.130E-05 2.579E+01  4 6.354E-03 6.976E+00  5 1.335E-06 7.033E+01
 6 3.764E-06 5.942E+01  7 1.559E-08 1.000E+02  8 6.480E-08 1.000E+02 10 1.690E-05 2.367E+01 11 4.501E-06 6.184E+01
12 8.139E-06 3.138E+01 13 1.041E-04 6.895E+00 15 3.346E-06 8.588E+01 16 1.385E-03 9.958E-01 17 4.883E-06 5.491E+01
19 6.803E-05 6.147E+01 20 2.469E-03 1.208E+01 22 5.382E-06 1.000E+02 23 2.120E-02 3.360E-01 24 8.712E-05 1.615E+00
26 6.272E-03 4.387E-01 27 1.563E-03 5.271E-01
184  20
 1 1.547E-07 1.000E+02  2 9.486E-03 9.339E-01  3 2.558E-05 2.937E+01  4 7.704E-03 7.369E+00  6 5.148E-06 6.739E+01
 7 1.122E-07 6.031E+01  8 1.226E-06 5.625E+01 10 2.781E-05 2.266E+01 11 5.561E-06 6.146E+01 12 1.023E-05 2.519E+01
13 8.969E-05 6.010E+00 15 1.820E-06 6.153E+01 16 1.372E-03 1.037E+00 17 9.819E-06 4.503E+01 19 1.521E-04 3.749E+01
20 1.716E-03 1.282E+01 23 2.125E-02 3.165E-01 24 7.530E-05 2.095E+00 26 6.463E-03 4.103E-01 27 1.589E-03 4.666E-01
185  21
 1 1.481E-06 1.000E+02  2 1.212E-02 6.732E-01  3 2.613E-05 1.751E+01  4 1.514E-02 6.116E+00  5 1.434E-05 1.000E+02
 6 4.985E-06 6.316E+01  7 2.512E-08 9.257E+01  8 7.963E-07 1.000E+02 10 1.992E-05 1.636E+01 11 5.385E-07 1.000E+02
12 6.573E-06 3.494E+01 13 8.474E-05 5.264E+00 15 4.244E-06 5.548E+01 16 1.312E-03 1.278E+00 17 7.637E-06 5.573E+01
19 7.879E-05 5.938E+01 20 1.729E-03 1.413E+01 23 2.128E-02 3.454E-01 24 6.836E-05 2.035E+00 26 6.629E-03 4.570E-01
27 1.625E-03 4.415E-01
186  19
 2 1.525E-02 7.306E-01  3 2.143E-05 3.666E+01  4 1.193E-01 2.840E+00  6 7.212E-06 5.337E+01  7 4.043E-07 7.941E+01
 8 4.380E-08 1.000E+02 10 2.372E-05 2.249E+01 11 5.591E-07 9.215E+01 12 5.041E-06 3.062E+01 13 8.144E-05 6.224E+00
15 4.784E-06 9.298E+01 16 1.232E-03 1.034E+00 17 1.315E-05 5.394E+01 19 8.995E-05 4.701E+01 20 1.500E-03 8.677E+00
23 2.120E-02 2.902E-01 24 6.384E-05 2.167E+00 26 6.624E-03 4.481E-01 27 1.611E-03 5.026E-01
187  18
 2 1.862E-02 6.757E-01  3 2.597E-05 2.405E+01  4 1.325E-01 2.867E+00  6 2.870E-06 5.634E+01  7 7.655E-08 1.000E+02
10 1.323E-05 2.002E+01 11 2.955E-07 1.000E+02 12 4.072E-06 4.085E+01 13 6.894E-05 9.193E+00 15 2.688E-06 7.277E+01
16 1.277E-03 1.286E+00 17 2.756E-06 8.600E+01 19 6.906E-05 4.481E+01 20 1.517E-03 9.579E+00 23 2.126E-02 3.487E-01
24 5.936E-05 1.960E+00 26 6.510E-03 4.352E-01 27 1.565E-03 4.953E-01
188  18
 1 1.995E-06 1.000E+02  2 2.191E-02 6.713E-01  3 1.071E-05 4.131E+01  4 1.319E-01 2.969E+00  6 4.812E-07 1.000E+02
 7 1.243E-09 1.000E+02 10 7.463E-06 3.471E+01 11 2.544E-06 5.538E+01 12 3.184E-06 4.546E+01 13 6.266E-05 9.649E+00
16 1.250E-03 1.136E+00 17 1.008E-05 8.090E+01 19 3.422E-05 5.974E+01 20 1.380E-03 1.148E+01 23 2.102E-02 3.056E-01
24 5.327E-05 2.311E+00 26 6.232E-03 3.581E-01 27 1.478E-03 4.008E-01
189  15
 2 2.534E-02 4.246E-01  3 1.594E-05 3.134E+01  4 1.231E-01 2.765E+00  6 1.692E-06 8.501E+01 10 1.411E-05 2.774E+01
12 3.879E-06 2.444E+01 13 5.663E-05 8.266E+00 16 1.248E-03 1.012E+00 17 1.273E-06 1.000E+02 19 6.778E-05 7.892E+01
20 9.975E-04 1.005E+01 23 2.084E-02 3.186E-01 24 4.620E-05 2.355E+00 26 5.940E-03 3.626E-01 27 1.393E-03 4.154E-01
190  15
 2 2.766E-02 4.762E-01  3 1.904E-05 2.642E+01  4 1.489E-02 5.615E+00  6 1.665E-06 8.469E+01 10 1.136E-05 3.563E+01
12 2.882E-06 4.402E+01 13 5.376E-05 9.359E+00 16 1.302E-03 1.348E+00 17 4.222E-07 1.000E+02 19 1.224E-06 6.569E+01
20 8.978E-04 1.303E+01 23 2.074E-02 3.048E-01 24 4.432E-05 2.313E+00 26 5.832E-03 4.604E-01 27 1.363E-03 5.434E-01
191  19
 1 3.735E-06 1.000E+02  2 2.951E-02 4.553E-01  3 1.344E-05 2.418E+01  4 1.008E-02 7.282E+00  6 2.988E-06 6.237E+01
 7 9.516E-08 1.000E+02  8 2.115E-07 1.000E+02 10 9.675E-06 3.422E+01 12 3.371E-06 3.832E+01 13 5.373E-05 7.198E+00
15 6.250E-06 1.000E+02 16 1.312E-03 1.031E+00 17 6.662E-07 1.000E+02 19 1.580E-05 8.847E+01 20 8.168E-04 1.972E+01
23 2.057E-02 3.051E-01 24 3.842E-05 2.169E+00 26 5.786E-03 4.387E-01 27 1.347E-03 4.708E-01
192  17
 2 3.141E-02 4.409E-01  3 2.183E-05 3.620E+01  4 7.123E-03 9.569E+00  6 3.980E-07 1.000E+02  7 3.580E-07 1.000E+02
10 5.734E-06 4.835E+01 11 8.265E-06 6.340E+01 12 2.092E-06 5.472E+01 13 4.215E-05 9.706E+00 16 1.299E-03 1.517E+00
17 4.519E-06 8.002E+01 19 3.454E-05 5.503E+01 20 4.447E-04 1.789E+01 23 2.075E-02 2.869E-01 24 3.585E-05 2.232E+00
26 5.840E-03 3.675E-01 27 1.357E-03 4.088E-01
193  18
 1 1.150E-06 1.000E+02  2 3.238E-02 4.699E-01  3 2.067E-05 3.476E+01  4 5.723E-03 1.033E+01  6 2.762E-06 7.932E+01
10 8.688E-06 4.402E+01 11 3.042E-08 1.000E+02 12 3.834E-06 3.835E+01 13 3.804E-05 8.929E+00 15 2.819E-06 9.845E+01
16 1.309E-03 1.078E+00 17 2.778E-06 6.068E+01 19 1.233E-05 5.451E+01 20 4.004E-04 1.439E+01 23 2.054E-02 3.098E-01
24 3.324E-05 2.737E+00 26 5.755E-03 3.875E-01 27 1.333E-03 4.183E-01
194  16
 2 3.272E-02 4.796E-01  3 1.243E-05 2.646E+01  4 5.152E-03 1.545E+01 10 1.468E-05 2.034E+01 11 9.914E-07 1.000E+02
12 1.405E-06 5.034E+01 13 3.745E-05 1.049E+01 15 3.814E-06 6.909E+01 16 1.296E-03 1.187E+00 17 9.989E-07 1.000E+02
19 5.833E-05 4.240E+01 20 5.325E-04 1.426E+01 23 2.040E-02 3.062E-01 24 2.973E-05 1.848E+00 26 5.729E-03 3.614E-01
27 1.327E-03 4.670E-01
195  16
 1 1.914E-05 1.000E+02  2 3.253E-02 4.710E-01  3 1.185E-05 3.048E+01  4 3.452E-03 1.789E+01 10 1.046E-05 3.523E+01
12 2.450E-06 3.149E+01 13 2.740E-05 1.059E+01 15 4.370E-06 1.000E+02 16 1.309E-03 1.016E+00 17 4.809E-06 1.000E+02
19 5.353E-06 8.802E+01 20 2.668E-04 2.604E+01 23 2.019E-02 3.126E-01 24 2.840E-05 2.861E+00 26 5.685E-03 4.167E-01
27 1.317E-03 4.862E-01
196  16
 2 3.191E-02 4.061E-01  3 7.883E-06 3.905E+01  4 2.897E-03 1.641E+01  6 1.158E-07 1.000E+02 10 5.170E-06 3.924E+01
11 1.947E-07 1.000E+02 12 2.639E-06 5.084E+01 13 3.185E-05 1.077E+01 15 9.256E-07 8.718E+01 16 1.301E-03 1.132E+00
19 7.214E-05 4.860E+01 20 5.241E-04 1.335E+01 23 1.986E-02 2.999E-01 24 2.606E-05 2.299E+00 26 5.630E-03 3.912E-01
27 1.304E-03 4.752E-01
197  16
 2 3.120E-02 5.214E-01  3 5.937E-06 5.296E+01  4 2.988E-03 1.884E+01  7 2.300E-07 1.000E+02 10 6.033E-06 3.068E+01
11 1.858E-07 1.000E+02 12 4.203E-06 3.688E+01 13 2.598E-05 1.417E+01 16 1.311E-03 1.303E+00 17 3.228E-06 9.412E+01
19 1.766E-05 7.343E+01 20 3.467E-04 2.609E+01 23 1.957E-02 3.329E-01 24 2.290E-05 3.136E+00 26 5.584E-03 4.233E-01
27 1.295E-03 4.811E-01
198  17
 2 2.952E-02 4.425E-01  3 1.012E-05 3.734E+01  4 2.150E-03 1.836E+01  6 1.520E-06 7.087E+01  7 4.063E-08 1.000E+02
 8 1.166E-07 1.000E+02 10 4.100E-06 3.154E+01 12 1.647E-06 6.217E+01 13 1.626E-05 1.666E+01 15 2.879E-06 1.000E+02
16 1.343E-03 1.235E+00 19 7.545E-06 1.000E+02 20 4.454E-04 1.661E+01 23 1.896E-02 3.290E-01 24 1.809E-05 3.551E+00
26 5.496E-03 3.964E-01 27 1.277E-03 4.530E-01
199  16
 2 2.805E-02 5.977E-01  3 9.959E-07 5.658E+01  4 1.882E-03 1.715E+01  6 9.431E-07 1.000E+02 10 2.657E-06 6.815E+01
12 1.495E-06 3.762E+01 13 2.032E-05 1.566E+01 15 1.592E-05 8.208E+01 16 1.316E-03 8.863E-01 17 6.761E-07 1.000E+02
19 8.730E-06 1.000E+02 20 3.549E-04 2.092E+01 23 1.856E-02 3.318E-01 24 1.576E-05 4.350E+00 26 5.475E-03 3.912E-01
27 1.278E-03 4.288E-01
200  17
 1 8.617E-08 1.000E+02  2 2.576E-02 4.270E-01  3 6.942E-06 3.943E+01  4 1.150E-03 1.571E+01  7 4.200E-09 1.000E+02
 8 2.707E-08 1.000E+02 10 1.668E-06 5.360E+01 12 2.460E-06 3.556E+01 13 1.834E-05 1.279E+01 15 2.493E-08 1.000E+02
16 1.352E-03 9.873E-01 19 1.609E-06 1.000E+02 20 2.502E-04 2.623E+01 23 1.788E-02 3.162E-01 24 1.532E-05 4.545E+00
26 5.417E-03 4.409E-01 27 1.269E-03 5.156E-01
201  13
 2 2.294E-02 4.819E-01  3 2.085E-06 9.600E+01  4 1.553E-03 2.214E+01  6 4.055E-08 1.000E+02 10 3.591E-06 5.228E+01
12 9.216E-07 6.034E+01 13 9.110E-06 2.282E+01 16 1.374E-03 8.162E-01 20 1.943E-04 2.725E+01 23 1.706E-02 3.084E-01
24 1.213E-05 4.226E+00 26 5.330E-03 3.631E-01 27 1.253E-03 4.096E-01
202  14
 2 2.001E-02 5.249E-01  3 1.514E-06 4.277E+01  4 1.349E-03 2.193E+01  6 1.215E-07 1.000E+02 10 6.587E-06 6.643E+01
12 1.968E-06 6.286E+01 13 1.348E-05 1.369E+01 16 1.391E-03 7.419E-01 19 3.606E-05 1.000E+02 20 1.747E-04 2.782E+01
23 1.614E-02 2.735E-01 24 1.027E-05 4.474E+00 26 5.215E-03 4.056E-01 27 1.235E-03 4.687E-01
203  17
 2 1.648E-02 5.983E-01  3 1.455E-06 6.525E+01  4 4.494E-04 2.822E+01  6 4.869E-08 1.000E+02 10 2.342E-06 5.539E+01
11 3.433E-09 1.000E+02 12 6.343E-07 6.562E+01 13 6.801E-06 2.687E+01 15 6.419E-07 9.844E+01 16 1.411E-03 8.237E-01
17 5.730E-07 1.000E+02 19 3.821E-06 1.000E+02 20 2.235E-04 3.858E+01 23 1.500E-02 3.557E-01 24 8.258E-06 6.321E+00
26 5.046E-03 3.432E-01 27 1.201E-03 3.940E-01
204  14
 2 1.256E-02 5.898E-01  4 4.943E-04 3.334E+01  6 4.856E-07 1.000E+02 10 2.710E-06 6.110E+01 12 1.419E-06 5.013E+01
13 9.780E-06 1.531E+01 16 1.449E-03 7.503E-01 17 9.486E-08 1.000E+02 19 1.698E-05 8.740E+01 20 1.173E-04 4.215E+01
23 1.374E-02 3.249E-01 24 6.686E-06 4.879E+00 26 4.861E-03 4.085E-01 27 1.170E-03 4.126E-01
205  15
 2 8.311E-03 7.280E-01  3 1.037E-06 7.036E+01  4 5.646E-04 2.778E+01 10 1.350E-06 5.861E+01 11 4.456E-07 8.223E+01
12 3.442E-07 6.310E+01 13 9.278E-06 2.904E+01 16 1.531E-03 7.592E-01 17 8.596E-07 8.765E+01 19 1.258E-07 1.000E+02
20 8.182E-05 3.577E+01 23 1.208E-02 3.556E-01 24 5.087E-06 6.693E+00 26 4.485E-03 3.676E-01 27 1.093E-03 3.800E-01
206  13
 2 4.970E-03 9.718E-01  3 8.864E-07 6.882E+01  4 3.141E-04 2.893E+01 10 8.856E-07 8.060E+01 12 1.359E-07 6.901E+01
13 3.550E-06 2.812E+01 15 9.161E-07 1.000E+02 16 1.523E-03 9.640E-01 20 5.301E-05 3.415E+01 23 9.810E-03 3.378E-01
24 3.329E-06 7.230E+00 26 3.690E-03 3.939E-01 27 9.103E-04 4.431E-01
207  13
 2 2.986E-03 1.168E+00  3 1.994E-07 1.000E+02  4 3.309E-04 2.641E+01 10 2.445E-09 1.000E+02 12 8.674E-08 9.885E+01
13 2.391E-06 3.484E+01 16 1.638E-03 6.000E-01 19 7.313E-06 7.126E+01 20 5.330E-05 5.816E+01 23 6.132E-03 3.328E-01
24 2.320E-06 7.730E+00 26 1.914E-03 4.813E-01 27 4.541E-04 5.032E-01
208  11
 2 1.080E-03 1.393E+00  4 9.001E-05 3.499E+01 10 7.800E-08 9.843E+01 12 1.439E-07 7.594E+01 13 1.587E-06 2.948E+01
16 1.404E-03 6.149E-01 20 1.974E-05 5.028E+01 23 1.988E-03 4.850E-01 24 8.367E-07 1.004E+01 26 3.485E-04 8.162E-01
27 7.230E-05 9.246E-01